date,event_name,event_date,N,mean_tone,F1_raw,F2_raw,F3_raw,F4_raw,F5_raw,F1_z,F2_z,F3_z,F4_z,F5_z,GPR,GPR_zscore
2024-01-04,israel_iran,2024-04-01,7718,-5.060434446839868,5.060434446839868,5.829441979702316,4.827883020049008,0.7818154135383959,5.829441979702316,1.737272010774216,1.984952067624498,2.638214986139577,1.539077134609216,4.171907182043594,160.37,1.1609586392135163
2024-01-05,israel_iran,2024-04-01,5502,-4.717690494012383,4.717690494012383,5.381649043093838,3.5845939878102864,0.7791172877586501,5.593761486750486,1.1986331221482895,1.318366805561024,1.106176735089346,1.4560634790938614,3.426048913969508,160.37,1.1609586392135163
2024-01-06,israel_iran,2024-04-01,4172,-4.598590060026786,4.598590060026786,5.089950571656732,2.8607634328294296,0.7782914537140472,5.407853400000023,1.011460963842822,0.8841440071866354,0.2142392460946987,1.430654914598408,2.8377054245785214,160.37,1.1609586392135163
2024-01-07,israel_iran,2024-04-01,4291,-4.35344961492032,4.35344961492032,4.817502685751673,2.765401840562535,0.7617017788442684,5.236189918101696,0.6262107622852952,0.4785776603832443,0.0967302813683963,0.9202378076237696,2.294441848978217,160.37,1.1609586392135163
2024-01-08,israel_iran,2024-04-01,6023,-4.391723185710768,4.391723185710768,4.993179467767534,3.5528640280492496,0.7503609041264957,5.176848155914163,0.6863595510946756,0.7400903913910987,1.0670776110741835,0.5713113512920469,2.106642920796649,160.37,1.1609586392135163
2024-01-09,israel_iran,2024-04-01,5682,-4.418880000570105,4.418880000570105,4.936154110752291,3.43383444788356,0.755503191910334,5.125479161793494,0.7290378141355891,0.6552023562242908,0.9204038569496704,0.7295249193372635,1.9440754188889653,160.37,1.1609586392135163
2024-01-10,israel_iran,2024-04-01,6214,-4.293106523791107,4.293106523791107,4.728851127276115,3.5479445456983405,0.7498122748034101,5.049453538308147,0.5313786426404247,0.3466108125219667,1.06101559738185,0.5544315875782353,1.703477059848607,160.37,1.1609586392135163
2024-01-11,israel_iran,2024-04-01,6927,-4.630603749174119,4.630603749174119,5.1292710900455445,4.11642561813231,0.7651359134101245,5.06346810483335,1.06177204242169,0.942676592030856,1.7615242686428318,1.025896359935668,1.747828971139091,160.37,1.1609586392135163
2024-01-12,israel_iran,2024-04-01,9441,-4.778284284442759,4.778284284442759,5.223851861549809,5.173270480611238,0.7815462477391507,5.089649809222164,1.2938592280089465,1.0834696756306972,3.0638173901611387,1.530795668599444,1.8306862345726804,160.37,1.1609586392135163
2024-01-13,israel_iran,2024-04-01,6408,-4.857756828106677,4.857756828106677,5.325714099635134,4.099138600133126,0.7789367323000972,5.125893702399784,1.4187542181094843,1.235101961710828,1.74022240549227,1.4505083012180775,1.945387315918634,160.37,1.1609586392135163
2024-01-14,israel_iran,2024-04-01,5586,-4.701478997273325,4.701478997273325,5.333137443286609,3.61032573559425,0.7727131920785236,5.156095821480307,1.173155961969524,1.2461523626188529,1.1378845848726131,1.2590276712496955,2.040967989344035,160.37,1.1609586392135163
2024-01-15,israel_iran,2024-04-01,6196,-4.506429498213956,4.506429498213956,5.071659730311555,3.716893413542084,0.765784723895676,5.14432888074606,0.8666261325336615,0.856916232305281,1.269202206687148,1.0458584130566275,2.00372914141626,160.37,1.1609586392135163
2024-01-16,israel_iran,2024-04-01,7213,-4.0150502359560365,4.0150502359560365,4.452721816849072,3.665680770350781,0.7377052538903346,5.05159696576872,0.0943995840184371,-0.0644357085520141,1.2060956190216996,0.1819329920939572,1.710260366661412,160.37,1.1609586392135163
2024-01-17,israel_iran,2024-04-01,6889,-4.212229656388566,4.212229656388566,4.71048558606016,3.730877055860091,0.74220788504566,5.007367557972196,0.4042766890862563,0.3192718392967623,1.2864334975331844,0.3204661451614552,1.570287520016864,160.37,1.1609586392135163
2024-01-18,israel_iran,2024-04-01,8176,-4.1560887894544525,4.1560887894544525,4.6439663492634375,4.114028763946758,0.7516907164680207,4.96160541837195,0.3160485703333988,0.2202511999176866,1.758570754054318,0.6122258944345907,1.425464035654159,160.37,1.1609586392135163
2024-01-19,israel_iran,2024-04-01,6026,-4.182547759278444,4.182547759278444,4.758184857023244,3.3847984398375006,0.7467941101573613,4.936636587459867,0.3576301357632497,0.3902770482578047,0.8599794197855327,0.4615712464864582,1.3464451540035385,160.37,1.1609586392135163
2024-01-20,israel_iran,2024-04-01,5422,-4.4777993384598815,4.4777993384598815,5.05919968198806,3.3675315268394272,0.76384694304839,4.951346014844624,0.8216324359158264,0.838368184986924,0.8387023309472508,0.9862384083376454,1.3929960920813815,160.37,1.1609586392135163
2024-01-21,israel_iran,2024-04-01,4391,-5.273162745170716,5.273162745170716,5.907516292818373,3.4070885951205776,0.7942460979623235,5.063849161392932,2.0715849380977995,2.101173611588681,0.8874463801061209,1.921533935672516,1.7490349011760165,160.37,1.1609586392135163
2024-01-22,israel_iran,2024-04-01,5706,-3.950945447766237,3.950945447766237,4.325320404804429,3.0792163204612764,0.7378247809730891,4.978461706757941,-0.0063442265763297,-0.2540856487190865,0.4834269982795072,0.1856105004395743,1.478809146674028,160.37,1.1609586392135163
2024-01-23,israel_iran,2024-04-01,7012,-4.333837679375819,4.333837679375819,4.942110767457346,3.883818051628965,0.7538510436527807,4.974323503977863,0.5953896461770546,0.6640694446621617,1.4748944664598669,0.6786930169321258,1.4657129726129894,160.37,1.1609586392135163
2024-01-24,israel_iran,2024-04-01,7412,-3.624476773401037,3.624476773401037,4.165783050244105,3.368469165018691,0.7240727216994662,4.883535530299277,-0.51940571892529,-0.4915732029086435,0.8398577320800754,-0.2375012461428306,1.1783961906351692,160.37,1.1609586392135163
2024-01-25,israel_iran,2024-04-01,5286,-3.670595329955431,3.670595329955431,4.312358601083552,2.7114797226432654,0.7252057881118653,4.820178634648774,-0.4469281512174968,-0.2733806099025632,0.0302849536225146,-0.2026400156023565,0.977890565971133,160.37,1.1609586392135163
2024-01-26,israel_iran,2024-04-01,6735,-4.47183583725411,4.47183583725411,4.961391890460479,3.901689302595696,0.7589730357148553,4.83567323727236,0.8122605020412907,0.6927713543601223,1.496916248495415,0.8362821433491682,1.0269263488336804,160.37,1.1609586392135163
2024-01-27,israel_iran,2024-04-01,5992,-4.464270483040448,4.464270483040448,4.861986107851143,3.59879054924298,0.7593660483804678,4.838532606003355,0.8003711778034983,0.5447957517230391,1.12367039471659,0.8483740251588455,1.035975395629085,160.37,1.1609586392135163
2024-01-28,israel_iran,2024-04-01,5852,-5.011343076668868,5.011343076668868,5.368608477775352,3.9745823204258297,0.7879782621847131,4.895639915432739,1.6601225210402837,1.298954599740816,1.586738396567586,1.728690457442091,1.2167029491567192,160.37,1.1609586392135163
2024-01-29,israel_iran,2024-04-01,7519,-5.060702011728235,5.060702011728235,5.51207380617617,4.747271071211918,0.7892028154481342,4.961541243264372,1.7376925020853435,1.512517310786204,2.5388812142589186,1.766366478157262,1.425260940633471,160.37,1.1609586392135163
2024-01-30,israel_iran,2024-04-01,7321,-4.904038272922479,4.904038272922479,5.368195506584878,4.521077230689908,0.7819701248841362,5.004717348776785,1.4914877726884432,1.298339850184221,2.260154701882562,1.5438371626464604,1.5619004005918913,160.37,1.1609586392135163
2024-01-31,israel_iran,2024-04-01,6040,-4.439642866641474,4.439642866641474,4.966594528428551,3.598576006842049,0.7622753032063087,5.000694533665293,0.761667673869395,0.7005160093331,1.12340602564699,0.93788352087312,1.5491693939894355,160.37,1.1609586392135163
2024-02-01,israel_iran,2024-04-01,6705,-4.391283538249692,4.391283538249692,4.96327693662025,3.8200064528015183,0.7635159585426997,4.992169382024961,0.6856686236023958,0.6955774370061105,1.396262862923329,0.9760549565717762,1.5221898389236437,146.6,0.8786255775880982
2024-02-02,israel_iran,2024-04-01,6311,-4.122192797434168,4.122192797434168,4.629628784348455,3.442726870458396,0.7574475026513461,4.951762294298043,0.26277936070895,0.1989082784804018,0.931361511345302,0.7893458303121353,1.3943134920421216,146.6,0.8786255775880982
2024-02-03,israel_iran,2024-04-01,5216,-4.590942208859346,4.590942208859346,4.952740562086544,3.359480832476663,0.793340407591048,4.951102379514204,0.9994419916064838,0.6798929734838768,0.8287818929867712,1.8936684191539632,1.392225059132014,146.6,0.8786255775880982
2024-02-04,israel_iran,2024-04-01,4937,-4.135713960556541,4.135713960556541,4.406090641232075,2.9099404132719675,0.7586934520496708,4.894329184814477,0.2840285300001463,-0.1338509491192442,0.2748373959661368,0.8276801492377088,1.212554878789912,146.6,0.8786255775880982
2024-02-05,israel_iran,2024-04-01,6654,-3.3235298349957607,3.3235298349957607,3.629192843654734,2.8764402185201727,0.7070391888767723,4.760282941676162,-0.9923585547105058,-1.290342219206919,0.2335569065171417,-0.7615745997897492,0.7883386125356819,146.6,0.8786255775880982
2024-02-06,israel_iran,2024-04-01,6148,-3.642937436094973,3.642937436094973,4.045968778505612,2.9888010161940906,0.72497948113399,4.683935481501568,-0.4903938844210509,-0.6699289142127229,0.3720130784058241,-0.2096028375890432,0.5467217366353231,146.6,0.8786255775880982
2024-02-07,israel_iran,2024-04-01,7612,-3.858918994971354,3.858918994971354,4.35773313186928,3.6488598699180095,0.7307591650012242,4.649265749343034,-0.1509682990032821,-0.2058360127861144,1.185368127495688,-0.0317784051093136,0.437002404082661,146.6,0.8786255775880982
2024-02-08,israel_iran,2024-04-01,6430,-3.459178749051079,3.459178749051079,3.9452804202473257,2.925733432721708,0.7145590637833635,4.572328634130656,-0.7791796504371835,-0.8198137609561277,0.2942982850025462,-0.5302094389434925,0.193519446353746,146.6,0.8786255775880982
2024-02-09,israel_iran,2024-04-01,6572,-3.976856155450184,3.976856155450184,4.42472833389051,3.4133944484113825,0.7416070536195913,4.5531554485903065,0.0343757180798997,-0.1061068508333805,0.8952167441940501,0.301980271225969,0.132842048825088,146.6,0.8786255775880982
2024-02-10,israel_iran,2024-04-01,4357,-4.102580582342655,4.102580582342655,4.519859936663456,2.635607193940435,0.7491593073123959,4.545375571982854,0.2319578052789045,0.0355062010499433,-0.063208685557537,0.5343416352236483,0.108221066326334,146.6,0.8786255775880982
2024-02-11,israel_iran,2024-04-01,5031,-4.44704712142484,4.44704712142484,4.859237000828711,3.171570342676252,0.7548428237609324,4.574144602144013,0.7733038224716228,0.5407034267326812,0.5972298960794759,0.709207269775017,0.199266441959349,146.6,0.8786255775880982
2024-02-12,israel_iran,2024-04-01,7283,-3.701848794454445,3.701848794454445,4.235754844041014,3.401177920693074,0.7136001231234638,4.535689345956158,-0.3978118028630394,-0.387413081807973,0.880162973691657,-0.5597133153743701,0.0775670581054565,146.6,0.8786255775880982
2024-02-13,israel_iran,2024-04-01,7622,-3.5868846205945526,3.5868846205945526,4.066166067386321,3.3945141155197223,0.7089860998416725,4.48660226598756,-0.5784836260384539,-0.6398631985641293,0.8719515247377979,-0.7016736873220895,-0.0777788680322476,146.6,0.8786255775880982
2024-02-14,israel_iran,2024-04-01,6492,-3.773249133187099,3.773249133187099,4.243918022196012,3.2120802206325187,0.719902360088317,4.459757224668792,-0.2856026776977305,-0.3752613621070483,0.6471480413900838,-0.365811410465495,-0.1627353944448335,146.6,0.8786255775880982
2024-02-15,israel_iran,2024-04-01,6846,-4.111276660647372,4.111276660647372,4.699297655295753,3.626354194688973,0.7384327396021172,4.484016834580655,0.2456241177398991,0.3026174681558872,1.1576355935292992,0.2043156581370327,-0.0859609851316566,146.6,0.8786255775880982
2024-02-16,israel_iran,2024-04-01,5494,-4.0947825691154165,4.0947825691154165,4.666448248115597,3.108126123897084,0.741179096584469,4.5017533609896025,0.2197028460197867,0.2537177895239321,0.5190509952307615,0.2888132505645511,-0.0298301840486332,146.6,0.8786255775880982
2024-02-17,israel_iran,2024-04-01,4589,-4.084311026830835,4.084311026830835,4.5779532715816345,2.725673361640077,0.7374029996604546,4.506715671255671,0.2032463050601701,0.1219840297845074,0.0477750120890946,0.1726334891924739,-0.0141259562852741,146.6,0.8786255775880982
2024-02-18,israel_iran,2024-04-01,4415,-4.123417226075659,4.123417226075659,4.668896970301935,2.6749288107767826,0.730415062523077,4.51609353240759,0.2647036102171151,0.257362961179973,-0.0147547705592278,-0.0423654595740549,0.0155521693389738,146.6,0.8786255775880982
2024-02-19,israel_iran,2024-04-01,6464,-3.740430880059034,3.740430880059034,4.103053862393474,3.174885332647774,0.7254821546486104,4.473562099584203,-0.3371781679309398,-0.5849519695304173,0.6013147800497582,-0.1941370033819654,-0.1190470943805055,146.6,0.8786255775880982
2024-02-20,israel_iran,2024-04-01,6655,-4.611396509597704,4.611396509597704,5.1966548797465,3.9914611679034655,0.7503465814197622,4.547277096133824,1.031586925824696,1.042984206208152,1.6075372931224905,0.570870682346311,0.1142388215176104,146.6,0.8786255775880982
2024-02-21,israel_iran,2024-04-01,5901,-4.2722071284903445,4.2722071284903445,4.888305214572703,3.4079037605100075,0.7460088166545302,4.585370032864311,0.4985342205437263,0.5839744149331886,0.8884508646026101,0.4374099991451255,0.2347915726588102,146.6,0.8786255775880982
2024-02-22,israel_iran,2024-04-01,6359,-4.001956205516954,4.001956205516954,4.62295039848873,3.35950594589604,0.7389628463598967,4.590843311009069,0.073821674634019,0.1889668229001013,0.828812838903692,0.2206255352031855,0.2521128609275461,146.6,0.8786255775880982
2024-02-23,israel_iran,2024-04-01,5394,-4.195813972292414,4.195813972292414,4.732379152664766,3.143994990857811,0.7416977468318643,4.603732173523814,0.3784786384871363,0.3518626366040356,0.5632502721331858,0.3047706433938362,0.2929022557233965,146.6,0.8786255775880982
2024-02-24,israel_iran,2024-04-01,3876,-4.391639546891406,4.391639546891406,4.782646552046114,2.5852760968671737,0.743490529043628,4.621185459092641,0.6862281085985048,0.4266907655237248,-0.1252289913224102,0.3599294525415062,0.3481366842648727,146.6,0.8786255775880982
2024-02-25,israel_iran,2024-04-01,4536,-3.8816630609067095,3.8816630609067095,4.254674199029557,2.568544583642731,0.724096740940235,4.578382636837968,-0.1152248867645231,-0.3592497005393302,-0.1458463357959171,-0.2367622424262923,0.2126785541680447,146.6,0.8786255775880982
2024-02-26,israel_iran,2024-04-01,6762,-3.881679032149531,3.881679032149531,4.325438355627217,3.395823447254442,0.7357728322765588,4.546535020626175,-0.1151997871751286,-0.2539100669407891,0.8735649438615012,0.1224778757459253,0.1118903744909476,146.6,0.8786255775880982
2024-02-27,israel_iran,2024-04-01,7140,-3.4514801316622403,3.4514801316622403,3.907962196861544,3.1301736925379515,0.7186185436071117,4.474613607407742,-0.7912784042738925,-0.8753657263438805,0.5462190290705224,-0.4053107918196682,-0.1157193866253673,146.6,0.8786255775880982
2024-02-28,israel_iran,2024-04-01,7506,-2.8804596490397643,2.8804596490397643,3.33327221142239,2.69902783920484,0.6813413671613536,4.351459453826684,-1.6886650265762368,-1.7308501327094818,0.0149411669159462,-1.552223477389418,-0.5054654472586999,146.6,0.8786255775880982
2024-02-29,israel_iran,2024-04-01,6774,-3.7488428303460526,3.7488428303460526,4.4077761834029925,3.283490890773976,0.7202094459168377,4.3540233767700345,-0.3239583765490716,-0.1313418484214316,0.7351435720776227,-0.3563632530171552,-0.497351398013251,146.6,0.8786255775880982
2024-03-01,israel_iran,2024-04-01,6977,-3.482148928265229,3.482148928265229,4.07676912932164,3.1102650361393045,0.6949107615042348,4.323244787461904,-0.7430808901195194,-0.6240794640721102,0.5216866618261802,-1.1347318111417246,-0.5947564272865822,133.21,0.6040838422820458
2024-03-02,israel_iran,2024-04-01,4976,-4.167196262731239,4.167196262731239,4.676337281993482,2.948689470909786,0.728101382890127,4.357027601241407,0.3335045079564965,0.2684386207388468,0.3225857770375864,-0.1135508006965474,-0.4878439261259535,133.21,0.6040838422820458
2024-03-03,israel_iran,2024-04-01,4278,-4.012655499892674,4.012655499892674,4.49676249201805,2.5432023789532825,0.7304614862831388,4.371501825142441,0.0906361391463082,0.0011233090182718,-0.1770741725606873,-0.0409371325277667,-0.4420373367246493,133.21,0.6040838422820458
2024-03-04,israel_iran,2024-04-01,5974,-3.675193350863384,3.675193350863384,4.200948230932304,2.9565753706296047,0.7212189399110231,4.357603981867585,-0.4397021364291766,-0.4392262602299844,0.3323031474168247,-0.3253039942875538,-0.4860198538397505,133.21,0.6040838422820458
2024-03-05,israel_iran,2024-04-01,6400,-3.6390121318747015,3.6390121318747015,4.203429614196141,3.0681306192229365,0.7132238012871838,4.34305612174483,-0.4965626920259216,-0.4355324692431673,0.4697666844695559,-0.5712916678419844,-0.532059479858182,133.21,0.6040838422820458
2024-03-06,israel_iran,2024-04-01,7064,-3.313133108250541,3.313133108250541,3.840161006811196,2.983612193638152,0.7002375046319286,4.289908320888503,-1.008697519390099,-0.9762946833306294,0.3656191712551306,-0.9708430768430554,-0.7002563730425009,133.21,0.6040838422820458
2024-03-07,israel_iran,2024-04-01,7226,-3.534670395949945,3.534670395949945,4.235953981649445,3.23091299765297,0.7114901522955206,4.286118130192403,-0.6605408343451807,-0.3871166452542662,0.6703546603022429,-0.6246311160096033,-0.7122511929482858,133.21,0.6040838422820458
2024-03-08,israel_iran,2024-04-01,7941,-3.2272924668093914,3.2272924668093914,3.719840561313257,3.135810119804014,0.6908313791970558,4.225597634254421,-1.143600286669761,-1.155403885680471,0.5531644954479755,-1.2602428010687732,-0.9037804608903456,133.21,0.6040838422820458
2024-03-09,israel_iran,2024-04-01,5312,-3.60524846871698,3.60524846871698,4.084583407167748,2.6724572667345683,0.7123571164794654,4.209092399180347,-0.5496239403694305,-0.6124471179137813,-0.0178003214437309,-0.5979570941198875,-0.9560145931781668,133.21,0.6040838422820458
2024-03-10,israel_iran,2024-04-01,5144,-3.1638316752072924,3.1638316752072924,3.665076272352616,2.2924294276468884,0.6921533936219623,4.148096040098725,-1.243332025123164,-1.2369260914236722,-0.4860882020968094,-1.2195681776396718,-1.149049825639013,133.21,0.6040838422820458
2024-03-11,israel_iran,2024-04-01,6895,-2.314443963805898,2.314443963805898,2.618597070511904,2.0511449839468074,0.6362847444885067,3.9862153977646217,-2.5781863649517325,-2.794716659283558,-0.783410053690947,-2.938487594995303,-1.6613536400693083,133.21,0.6040838422820458
2024-03-12,israel_iran,2024-04-01,6849,-3.075364696455394,3.075364696455394,3.574974474893562,2.7134171060181846,0.6918427665479424,3.9423787024681456,-1.3823622099649688,-1.371051767291907,0.0326722870263816,-1.2291252891390685,-1.8000836691116515,133.21,0.6040838422820458
2024-03-13,israel_iran,2024-04-01,6456,-2.893888865853677,2.893888865853677,3.429257959365621,2.4542891203116435,0.678932632415128,3.886567672207056,-1.667560355406725,-1.587965598996884,-0.2866372023408443,-1.626333393966352,-1.9767088867891915,133.21,0.6040838422820458
2024-03-14,israel_iran,2024-04-01,5793,-3.141623590034597,3.141623590034597,3.748881317037704,2.4742839943291526,0.6939580587115405,3.867550367415816,-1.278233117373656,-1.1121737715305742,-0.2619985937587389,-1.164043766142093,-2.0368929683709034,133.21,0.6040838422820458
2024-03-15,israel_iran,2024-04-01,5396,-3.3419927588928657,3.3419927588928657,3.855978324541049,2.504865543550009,0.6983671585728746,3.861917347199701,-0.9633431666148702,-0.952748999551088,-0.224314594328322,-1.0283883049441105,-2.0547197925165768,133.21,0.6040838422820458
2024-03-16,israel_iran,2024-04-01,3377,-3.5620092733053355,3.5620092733053355,4.197756139014292,1.886771521030313,0.7131387905912595,3.893401589698207,-0.6175764511853704,-0.4439780132250507,-0.9859586374198688,-0.5739072051455277,-1.955081581956826,133.21,0.6040838422820458
2024-03-17,israel_iran,2024-04-01,3400,-3.546703542727604,3.546703542727604,4.052466489811851,1.8885835145020096,0.7098302137688176,3.9059038455940014,-0.6416301555322614,-0.6602564110538147,-0.9837258152543804,-0.675702702837319,-1.9155156814757763,133.21,0.6040838422820458
2024-03-18,israel_iran,2024-04-01,5279,-4.164694404602208,4.164694404602208,4.705818822134989,3.073590828758217,0.7343093755172927,3.989224109596564,0.3295727155178432,0.312324887257704,0.4764950072085863,0.0774514740165087,-1.65183196702798,133.21,0.6040838422820458
2024-03-19,israel_iran,2024-04-01,5278,-3.729316162450063,3.729316162450063,4.375250989966532,2.7519081029828443,0.7208839755893997,4.023290598933542,-0.3546454903764529,-0.1797589019701445,0.0801026738003512,-0.3356098936692375,-1.544021717575404,133.21,0.6040838422820458
2024-03-20,israel_iran,2024-04-01,4721,-3.104856369125279,3.104856369125279,3.7954386643162783,2.1152184051580947,0.6907594326659791,3.9944700556442254,-1.3360146036554208,-1.0428684319427746,-0.7044558205030383,-1.2624563911805342,-1.635230116851442,133.21,0.6040838422820458
2024-03-21,israel_iran,2024-04-01,4934,-3.004890954403273,3.004890954403273,3.5612280323594514,2.113356491405324,0.6830655147047391,3.9452824970826703,-1.4931151431184566,-1.3915147430334207,-0.7067501567478176,-1.4991763617587566,-1.7908940276826728,133.21,0.6040838422820458
2024-03-22,israel_iran,2024-04-01,5747,-3.678416398031117,3.678416398031117,4.19976658733264,2.881096929474934,0.7126224007281681,3.967789555991685,-0.4346369601362195,-0.4409852567307185,0.2392951211412443,-0.5897950523793701,-1.7196659181048874,133.21,0.6040838422820458
2024-03-23,israel_iran,2024-04-01,3479,-4.36549034655095,4.36549034655095,4.959566718350034,2.366257245517488,0.7504229480491106,4.067944312923796,0.6451333610657041,0.6900544003171084,-0.3951141501777134,0.5732202663090699,-1.4027060687378334,133.21,0.6040838422820458
2024-03-24,israel_iran,2024-04-01,3431,-4.349527950303185,4.349527950303185,4.887280020470179,2.33242152451753,0.7410519223232636,4.153371446030094,0.6200476744948001,0.5824483093972851,-0.4368080905887036,0.2849004602901392,-1.1323547437420034,133.21,0.6040838422820458
2024-03-25,israel_iran,2024-04-01,4944,-4.353845989842664,4.353845989842664,4.890956122659816,3.066538456066472,0.7371749169018679,4.230252982613933,0.6268336848661002,0.5879205608356628,0.4678047473862503,0.1656160314844432,-0.8890476757488256,133.21,0.6040838422820458
2024-03-26,israel_iran,2024-04-01,5384,-4.361115405502124,4.361115405502124,4.927237323129294,3.2635927173248254,0.7387076494667358,4.305580358237653,0.6382579271888892,0.6419288122969179,0.7106241224085151,0.2127738526995467,-0.6506590623443327,133.21,0.6040838422820458
2024-03-27,israel_iran,2024-04-01,4458,-4.107927262141067,4.107927262141067,4.729874062415282,2.683931737572421,0.7342761986486526,4.355722455098205,0.2403603741373701,0.3481335553615043,-0.0036609477516,0.0764307161389315,-0.4919743232995163,133.21,0.6040838422820458
2024-03-28,israel_iran,2024-04-01,5126,-3.66776437719647,3.66776437719647,4.400911108103949,2.650944173839098,0.7241410159587278,4.360203408056223,-0.4513771319661279,-0.141561210191534,-0.0443097495490438,-0.2354000260460598,-0.4777934474419992,133.21,0.6040838422820458
2024-03-29,israel_iran,2024-04-01,4467,-3.3041605942212544,3.3041605942212544,3.9267260129030417,2.1619857131485265,0.7071379013451063,4.316027056212533,-1.0227982641152678,-0.8474338805937804,-0.6468269804810414,-0.7585374979233847,-0.6175983878648799,133.21,0.6040838422820458
2024-03-30,israel_iran,2024-04-01,3952,-3.816042837480487,3.816042837480487,4.1831349425043465,2.279581135063557,0.7208427581970865,4.300014137492538,-0.2183502779671984,-0.4657431490958402,-0.5019204624867403,-0.336878035589235,-0.668274486144035,133.21,0.6040838422820458
2024-03-31,israel_iran,2024-04-01,4345,-3.849641878537527,3.849641878537527,4.439068273606095,2.4680838422917937,0.7204099613254136,4.313600935083424,-0.16554774130809,-0.0847603942642246,-0.2696387078731994,-0.350193964254565,-0.6252763355848262,133.21,0.6040838422820458
2024-04-01,israel_iran,2024-04-01,5742,-4.810460734239735,4.810460734239735,5.492668804732093,3.7654902397155214,0.7677155632502585,4.43864124218444,1.344426092910847,1.4836309954483355,1.3290854636344775,1.1052648477899634,-0.2295611632100077,163.95,1.2343611345380618
2024-04-02,israel_iran,2024-04-01,8862,-3.70366149651816,3.70366149651816,4.198958576890435,3.856476675978211,0.7080829508379913,4.414648284374823,-0.3949630528939882,-0.442188062332,1.441203158769439,-0.7294610131885976,-0.3054916983753141,163.95,1.2343611345380618
2024-04-03,israel_iran,2024-04-01,7524,-3.123574481221296,3.123574481221296,3.628529190663834,2.93138205451962,0.6845891119090305,4.33486763940211,-1.3065981748215951,-1.2913301340816126,0.3012587780461744,-1.45229960960337,-0.5579735772949381,163.95,1.2343611345380618
2024-04-04,israel_iran,2024-04-01,7218,-3.6451062765450817,3.6451062765450817,4.117502836973067,3.3294398690715563,0.7042631366229757,4.312477013330119,-0.4869854455557806,-0.5634432034930746,0.7917640284020967,-0.8469858312524301,-0.6288332117686457,163.95,1.2343611345380618
2024-04-05,israel_iran,2024-04-01,7991,-3.610664825758889,3.610664825758889,4.145463008717794,3.522418012275671,0.7092504103555867,4.298126110616263,-0.5411118703142561,-0.5218216483364456,1.029560622226296,-0.6935416046312577,-0.6742495264979433,163.95,1.2343611345380618
2024-04-06,israel_iran,2024-04-01,4519,-4.711280278449658,4.711280278449658,5.174534093777992,3.1089582944512943,0.7464050776325208,4.391786155918238,1.188559154808896,1.010055169802291,0.5200764342778291,0.4496018222869619,-0.3778434968697311,163.95,1.2343611345380618
2024-04-07,israel_iran,2024-04-01,5516,-4.434556857362271,4.434556857362271,5.008987985306972,3.3754652465792083,0.7441534631268554,4.460928084287213,0.7536747614836579,0.7636229751934986,0.8484786273668938,0.3803260485888591,-0.1590299739570553,163.95,1.2343611345380618
2024-04-08,israel_iran,2024-04-01,5605,-3.459932655596292,3.459932655596292,3.933647204753942,2.663228842169818,0.7081788214208856,4.415462353845981,-0.7779948494208828,-0.8371309836372844,-0.029172013032348,-0.7265113480535673,-0.3029154119875653,163.95,1.2343611345380618
2024-04-09,israel_iran,2024-04-01,6109,-3.156775515935909,3.156775515935909,3.6829181668225024,2.578706533106188,0.6895300807825441,4.34280405361969,-1.2544211245997587,-1.2103666195592986,-0.1333243116490283,-1.300280051784021,-0.5328572000805848,163.95,1.2343611345380618
2024-04-10,israel_iran,2024-04-01,6039,-3.4960608289646125,3.4960608289646125,4.065478468490922,2.833429111717264,0.7032883730854252,4.318585019552373,-0.7212176576114849,-0.6408867593495129,0.1805566313330118,-0.8769765326209791,-0.6095031989820241,163.95,1.2343611345380618
2024-04-11,israel_iran,2024-04-01,5251,-3.459754439779701,3.459754439779701,3.982348702266552,2.543746132611699,0.7094374703681979,4.286250710241847,-0.7782749242948286,-0.7646338586754613,-0.1764041341526893,-0.6877863001290814,-0.7118316167465355,163.95,1.2343611345380618
2024-04-12,israel_iran,2024-04-01,5937,-3.3621274394838694,3.3621274394838694,3.9027856987095046,2.6931955981401123,0.7068981968712463,4.248162702568489,-0.9317005310937848,-0.883071469546046,0.0077544097188531,-0.7659125227527975,-0.8323687688962002,163.95,1.2343611345380618
2024-04-13,israel_iran,2024-04-01,5231,-4.929980118369808,4.929980118369808,5.477608130696885,3.6149279410178674,0.7943450557448307,4.378175221334597,1.532256651863061,1.461211652649749,1.1435556352602103,1.9245785851582016,-0.4209180337916283,163.95,1.2343611345380618
2024-04-14,israel_iran,2024-04-01,9870,-5.150374768770795,5.150374768770795,5.575684054680544,5.728607323148034,0.7828563049628318,4.506338065731918,1.878617626496623,1.6072076256677978,3.74812913338616,1.5711024029586944,-0.0153209648260079,163.95,1.2343611345380618
2024-04-15,israel_iran,2024-04-01,9052,-4.649352026435975,4.649352026435975,5.136771401190521,4.905236676730393,0.7635027759003827,4.571761332649418,1.0912358772892876,0.953841566869446,2.733533739721033,0.9756493641652624,0.1917241068456993,163.95,1.2343611345380618
2024-04-16,israel_iran,2024-04-01,8376,-3.927016701431121,3.927016701431121,4.429749802300436,3.9471790221365617,0.7313139178502476,4.557861149021576,-0.0439494220169225,-0.0986318851465039,1.5529707849378895,-0.0147102379205592,0.1477341832134005,163.95,1.2343611345380618
2024-04-17,israel_iran,2024-04-01,7543,-3.638535306917788,3.638535306917788,4.138203849294485,3.42024678012526,0.7141417624300849,4.517788337996361,-0.497312045771603,-0.5326276443470025,0.9036605042710144,-0.5430486145843071,0.0209157221104865,163.95,1.2343611345380618
2024-04-18,israel_iran,2024-04-01,6862,-3.531009357899145,3.531009357899145,4.033208764720001,3.1193622180962226,0.714435167395584,4.4719368918031455,-0.6662943347370388,-0.6889234905846406,0.5328966302030962,-0.5340213783763891,-0.124190390907334,163.95,1.2343611345380618
2024-04-19,israel_iran,2024-04-01,10386,-4.31165176604424,4.31165176604424,4.784207654104077,4.944420603815708,0.7677706022185694,4.5063915407782815,0.5605233980595054,0.4290146244758027,2.781817987039591,1.1069582402884093,-0.0151517322986728,163.95,1.2343611345380618
2024-04-20,israel_iran,2024-04-01,6504,-3.0914371553388422,3.0914371553388422,3.4713408656476634,2.6349426694098548,0.68460839395033,4.394667753750547,-1.3571035545779135,-1.5253209192373756,-0.0640275434201991,-1.4517063560396972,-0.3687241016173986,163.95,1.2343611345380618
2024-04-21,israel_iran,2024-04-01,5237,-4.029335647290879,4.029335647290879,4.512725544926957,2.9569276970584246,0.7238889745676188,4.4044050577292415,0.1168498067619348,0.0248859344120728,0.3327373003384796,-0.2431546227272811,-0.3379084469558817,163.95,1.2343611345380618
2024-04-22,israel_iran,2024-04-01,7115,-3.699722032874644,3.699722032874644,4.2880258503931215,3.347574419138628,0.7175034996391584,4.389437457709609,-0.401154112725156,-0.3096023804346155,0.8141102597673906,-0.4396175230087809,-0.3852764242035809,163.95,1.2343611345380618
2024-04-23,israel_iran,2024-04-01,6329,-3.707904093442207,3.707904093442207,4.167102669723828,3.102708896396952,0.7215766576743632,4.363006139249546,-0.3882956042834316,-0.4896088152982055,0.5123756369434784,-0.3142980362256466,-0.4689236415130199,163.95,1.2343611345380618
2024-04-24,israel_iran,2024-04-01,9345,-3.2490576256799097,3.2490576256799097,3.68598546538104,3.49571180454482,0.6986480679834587,4.289539202526493,-1.1093952747707367,-1.2058006341532856,0.9966519978250304,-1.0197455214177442,-0.7014245222548305,163.95,1.2343611345380618
2024-04-25,israel_iran,2024-04-01,7040,-4.330720874008424,4.330720874008424,4.823107349315903,3.89124810625484,0.7443901210434756,4.345227593746969,0.5904914340705913,0.4869207712840889,1.484050123430262,0.3876073395178318,-0.5251874204594519,163.95,1.2343611345380618
2024-04-26,israel_iran,2024-04-01,6761,-4.292932809555169,4.292932809555169,4.856471727731121,3.755231907900157,0.7493474425456984,4.401486523009536,0.5311056422206877,0.5365870368976943,1.3164446726956185,0.5401300212080659,-0.3471447364089886,163.95,1.2343611345380618
2024-04-27,israel_iran,2024-04-01,4921,-4.281042989861391,4.281042989861391,4.782126544596439,3.005180706951534,0.7563651231891491,4.4428584531687365,0.5124202089315331,0.4259166816251663,0.3921968909627412,0.7560440930520647,-0.2162149518140004,163.95,1.2343611345380618
2024-04-28,israel_iran,2024-04-01,5051,-4.601209609534426,4.601209609534426,5.12706352276899,3.2908345396086425,0.7576350331513504,4.51507841030632,1.0155777140403266,0.9393904039486808,0.7441927558355869,0.7951156103731102,0.0123396115118345,163.95,1.2343611345380618
2024-04-29,israel_iran,2024-04-01,6720,-4.199862219491362,4.199862219491362,4.776385353981642,3.6589432118021055,0.7448982719422146,4.537253433050471,0.3848406569972694,0.4173703363444521,1.1977932877474713,0.4032416972540053,0.082516925939957,163.95,1.2343611345380618
2024-04-30,israel_iran,2024-04-01,7965,-4.225649531036854,4.225649531036854,4.769313679931458,4.113797653352068,0.7430529533456234,4.563609240822328,0.425366678585477,0.406843431351999,1.7582859688900434,0.346466492983161,0.1659251745064968,163.95,1.2343611345380618
2024-05-01,israel_iran,2024-04-01,8630,-4.985791141933476,4.985791141933476,5.467641140678425,5.106336575283264,0.775325856270409,4.66416891696614,1.619966405623591,1.4463747758026977,2.981338336139417,1.3394119167991758,0.4841664720671059,130.52,0.5489294533370659
2024-05-02,israel_iran,2024-04-01,9229,-4.783290996743499,4.783290996743499,5.29058548695494,5.107127348332839,0.766670842321058,4.733288916785243,1.301727521313884,1.182809454225772,2.9823127632665245,1.073121756471774,0.7029105976782769,130.52,0.5489294533370659
2024-05-03,israel_iran,2024-04-01,7756,-4.077831216871992,4.077831216871992,4.6267084687920095,3.90276052211034,0.7379796669552828,4.725288547530852,0.1930629667227755,0.1945610921999643,1.498236254728199,0.1903759015437427,0.6775918219013897,130.52,0.5489294533370659
2024-05-04,israel_iran,2024-04-01,5610,-3.707830377644165,3.707830377644165,4.210499766680209,2.855819532923244,0.7212099585929268,4.668485794899094,-0.3884114522661714,-0.4250078292564012,0.2081471439613747,-0.3255803238983231,0.4978280995451953,130.52,0.5489294533370659
2024-05-05,israel_iran,2024-04-01,5747,-4.576026586326841,4.576026586326841,4.969421791222939,3.5841445666995964,0.7647998038710822,4.698360890430875,0.9760013611364368,0.7047246771271773,1.1056229376097957,1.015555225471537,0.5923738412516865,130.52,0.5489294533370659
2024-05-06,israel_iran,2024-04-01,8375,-4.322248828593256,4.322248828593256,4.725724166907826,4.344113197059308,0.7435145419508358,4.705471458973631,0.5771772002550313,0.3419560144531433,2.04209143457131,0.3606682613923879,0.6148766639159533,130.52,0.5489294533370659
2024-05-07,israel_iran,2024-04-01,9268,-4.036566994646754,4.036566994646754,4.504974020578506,4.321026804477889,0.7350207485026491,4.689961514301795,0.1282142228833679,0.0133470032079797,2.013643313823547,0.0993383972995546,0.565792328059508,130.52,0.5489294533370659
2024-05-08,israel_iran,2024-04-01,8384,-3.9945902088327503,3.9945902088327503,4.379631068596777,4.017517637244236,0.7431998502841279,4.660663375827962,0.0622456505061798,-0.1732387101071068,1.6396452798273171,0.3509860939375786,0.4730724828733634,130.52,0.5489294533370659
2024-05-09,israel_iran,2024-04-01,7350,-3.77548756760624,3.77548756760624,4.169070997304194,3.489652213144572,0.7351577343887479,4.612535310876704,-0.2820848685056456,-0.4866787597999601,0.9891850890289324,0.1035530633630994,0.3207615524238113,130.52,0.5489294533370659
2024-05-10,israel_iran,2024-04-01,7127,-3.5316175222686765,3.5316175222686765,4.065779382143787,3.1990149994590737,0.7132832545549933,4.558759849770628,-0.6653385746794106,-0.6404388188177295,0.6310484715578729,-0.5694624599042921,0.1505783022824393,130.52,0.5489294533370659
2024-05-11,israel_iran,2024-04-01,6277,-3.4519474072588645,3.4519474072588645,3.893754965217058,2.872413083291568,0.7180209330540595,4.483512540464211,-0.7905440578150525,-0.8965146334719457,0.2285944842224112,-0.4236975686541038,-0.0875569251756523,130.52,0.5489294533370659
2024-05-12,israel_iran,2024-04-01,5252,-3.2225886077053243,3.2225886077053243,3.676200434216969,2.369692068269857,0.6960225562239084,4.392291441445899,-1.1509926313607932,-1.2203666467666212,-0.3908816027122772,-1.1005250500798038,-0.3762444193057646,130.52,0.5489294533370659
2024-05-13,israel_iran,2024-04-01,5776,-3.293752006125781,3.293752006125781,3.7060210408695378,2.588824886804957,0.6977670632691609,4.315763089980695,-1.039155869487033,-1.1759756453119148,-0.1208560082198118,-1.046851530488606,-0.6184337620362542,130.52,0.5489294533370659
2024-05-14,israel_iran,2024-04-01,5935,-3.251090405205302,3.251090405205302,3.703541633295553,2.603646930111685,0.6970927038662559,4.250530463483969,-1.1062006623046494,-1.1796664952837437,-0.1025916008971303,-1.0675996511235064,-0.8248755137968312,130.52,0.5489294533370659
2024-05-15,israel_iran,2024-04-01,6097,-3.268657031528925,3.268657031528925,3.7547333860223167,2.6665143626261973,0.707880156099634,4.198833042103094,-1.0785938496918943,-1.1034623725360602,-0.0251234427616704,-0.7357004304450874,-0.988482389750356,130.52,0.5489294533370659
2024-05-16,israel_iran,2024-04-01,5541,-3.4592099465675914,3.4592099465675914,3.93242688141183,2.641401934348992,0.7102451257083876,4.17163585860869,-0.7791306220138271,-0.8389475588627998,-0.056068138403486,-0.6629370426597139,-1.0745533408229813,130.52,0.5489294533370659
2024-05-17,israel_iran,2024-04-01,5745,-3.606675236836889,3.606675236836889,4.1223389731868085,2.8242243981616912,0.7157758665557805,4.163051003725904,-0.5473817044726494,-0.5562441236017581,0.1692141575466022,-0.4927718787905083,-1.101721838793879,130.52,0.5489294533370659
2024-05-18,israel_iran,2024-04-01,3574,-4.316883730180332,4.316883730180332,4.7791876428906015,2.388956345705809,0.7463114933038589,4.231887244652986,0.5687456856428367,0.4215418279738295,-0.3671432690300603,0.4467224986914891,-0.8838757252035722,130.52,0.5489294533370659
2024-05-19,israel_iran,2024-04-01,5673,-2.946983392587256,2.946983392587256,3.4606459865211225,2.2875263894045643,0.6934650792072704,4.148953014962116,-1.5841197093035126,-1.5412413329430872,-0.4921299525979594,-1.1792113432249751,-1.1463377565178652,130.52,0.5489294533370659
2024-05-20,israel_iran,2024-04-01,9849,-4.531824932116446,4.531824932116446,5.322424652021547,5.034136554677131,0.7502597550507503,4.272012640658596,0.906536299235553,1.2302052848758729,2.892370131299682,0.5681992819464811,-0.7568908483658973,130.52,0.5489294533370659
2024-05-21,israel_iran,2024-04-01,7896,-4.791620761481373,4.791620761481373,5.50588510985223,4.638888599368976,0.7650282838144387,4.402793306625613,1.3148181540848205,1.5033048078106777,2.40532731946764,1.022584903425154,-0.3430091571235436,130.52,0.5489294533370659
2024-05-22,israel_iran,2024-04-01,7422,-3.12528008848138,3.12528008848138,3.605570848358371,2.9070830094111995,0.6956268470142999,4.322626971495517,-1.3039177295754416,-1.3255059581536448,0.2713163707661375,-1.1126998968780095,-0.5967116300312238,130.52,0.5489294533370659
2024-05-23,israel_iran,2024-04-01,5383,-3.4047996524104147,3.4047996524104147,3.9523232147255625,2.547611157265409,0.7027001443278506,4.280787694973916,-0.8646390609895043,-0.8093298461394022,-0.1716414720064028,-0.8950746582947684,-0.7291204260797453,130.52,0.5489294533370659
2024-05-24,israel_iran,2024-04-01,5146,-3.74793000569172,3.74793000569172,4.216118609285259,2.716402822316676,0.7148274356373133,4.270784439646058,-0.325392925148001,-0.4166436114133316,0.0363514247469451,-0.5219524003721092,-0.760777737215223,130.52,0.5489294533370659
2024-05-25,israel_iran,2024-04-01,3465,-2.4924066359997337,2.4924066359997337,2.8181020992258423,1.3467762047897818,0.6490963985044825,4.114669890841296,-2.2985093198088347,-2.4977331631715205,-1.6513658423549915,-2.544309443239784,-1.2548335902657592,130.52,0.5489294533370659
2024-05-26,israel_iran,2024-04-01,3820,-3.4556406465650564,3.4556406465650564,3.806032715210569,2.01198488697129,0.7008201439037982,4.076510787528911,-0.784739951575086,-1.0270981113004485,-0.8316649364460043,-0.952916923745308,-1.3755957388482152,130.52,0.5489294533370659
2024-05-27,israel_iran,2024-04-01,4984,-4.5415708769866905,4.5415708769866905,5.229213759018048,3.2172969166024568,0.7557592917659979,4.1942818271844216,0.9218525283628995,1.0914514045433812,0.6535762954507293,0.7374043834286731,-1.0028856236979689,130.52,0.5489294533370659
2024-05-28,israel_iran,2024-04-01,6521,-3.82360486992316,3.82360486992316,4.565397839819778,3.264723565373685,0.7311721796263513,4.230267304283784,-0.2064661740550134,0.1032939945314175,0.7120176056791417,-0.0190711199002694,-0.8890023519473611,130.52,0.5489294533370659
2024-05-29,israel_iran,2024-04-01,6186,-4.315496937159035,4.315496937159035,4.993310158301654,3.555498810474384,0.7521276054739001,4.303952099307687,0.5665662725690737,0.7402849375235041,1.070324311844343,0.6256677264295172,-0.6558120148448545,130.52,0.5489294533370659
2024-05-30,israel_iran,2024-04-01,5450,-3.436655688393052,3.436655688393052,3.985612900955823,2.5939073648463733,0.7066232522233762,4.264911475168052,-0.8145757420712216,-0.7597747674285227,-0.1145931436986376,-0.7743717874970205,-0.779363913182368,130.52,0.5489294533370659
2024-05-31,israel_iran,2024-04-01,5549,-4.325672301826137,4.325672301826137,4.765105154979484,3.306353636569225,0.7611937776497404,4.315695138127319,0.5825573559140512,0.4005786145613192,0.76331610491119,0.9046080558603408,-0.6186488093277664,130.52,0.5489294533370659
2024-06-01,israel_iran,2024-04-01,3880,-4.074718884441791,4.074718884441791,4.454488015429579,2.4005814103360708,0.7402469952293197,4.330921849689556,0.1881717840559236,-0.0618065425974102,-0.3528183267015478,0.2601351431973512,-0.5704608215480783,113.09,0.19155361716197256
2024-06-02,israel_iran,2024-04-01,3386,-3.904191831067152,3.904191831067152,4.218947487778674,2.072299587591877,0.7310231456069597,4.3155799230692935,-0.0798198223681359,-0.4124325384871692,-0.7573423726210874,-0.0236564727547267,-0.6190134305255534,113.09,0.19155361716197256
2024-06-03,israel_iran,2024-04-01,4774,-3.8538936212810144,3.8538936212810144,4.322103370547745,2.6468235088948,0.7303008894335152,4.314003274072978,-0.1588659195948759,-0.2588745309183022,-0.0493874234854573,-0.0458782407783822,-0.6240030530226214,113.09,0.19155361716197256
2024-06-04,israel_iran,2024-04-01,4629,-3.8606011542322776,3.8606011542322776,4.431451881245453,2.592731238886424,0.7332498705414655,4.325342109158969,-0.1483247034348678,-0.0960981677810408,-0.1160424205055365,0.044853519636336,-0.5881190314250283,113.09,0.19155361716197256
2024-06-05,israel_iran,2024-04-01,5101,-4.025487982340472,4.025487982340472,4.593563461842297,2.8993799351804155,0.7448133136054078,4.353345684953948,0.1108030130677062,0.1452213832911855,0.2618242864106677,0.4006277708915733,-0.4994960899133044,113.09,0.19155361716197256
2024-06-06,israel_iran,2024-04-01,4993,-4.53793653698185,4.53793653698185,5.205232076747118,3.2188797239866345,0.7693036229680871,4.444256518293847,0.9161409852563136,1.055752235006752,0.6555267039186932,1.1541249281254524,-0.2117904938547966,113.09,0.19155361716197256
2024-06-07,israel_iran,2024-04-01,4884,-4.065862351860538,4.065862351860538,4.578230517614714,2.838680666953225,0.7362759107432378,4.460483926950592,0.1742533098500596,0.1223967386606595,0.1870278405935876,0.1379561691759757,-0.1604355990798448,113.09,0.19155361716197256
2024-06-08,israel_iran,2024-04-01,4363,-3.622612565746976,3.622612565746976,4.140232283065669,2.329626728631551,0.6893903842340469,4.429819932265239,-0.5223354124491812,-0.5296081146795996,-0.4402519673463775,-1.304578117219178,-0.257477970647374,113.09,0.19155361716197256
2024-06-09,israel_iran,2024-04-01,4761,-3.455982081202145,3.455982081202145,3.899112707344156,2.3688623956158787,0.6801259986313937,4.377980241639619,-0.7842033703401943,-0.8885390902065492,-0.3919039637311431,-1.589616909981654,-0.4215350862077355,113.09,0.19155361716197256
2024-06-10,israel_iran,2024-04-01,5211,-3.520494966245718,3.520494966245718,3.986767775548495,2.5744156302470347,0.6968461994258599,4.340409417409475,-0.6828182155759535,-0.7580556193132412,-0.138611760618096,-1.0751838915809564,-0.5404355074493812,113.09,0.19155361716197256
2024-06-11,israel_iran,2024-04-01,5061,-3.697064519058102,3.697064519058102,4.269400201682672,2.647917966152435,0.7068802772847749,4.3364334468313634,-0.4053305256912825,-0.3373285500807725,-0.0480387826309512,-0.7664638574568674,-0.5530182651149045,113.09,0.19155361716197256
2024-06-12,israel_iran,2024-04-01,4649,-4.2382386714964015,4.2382386714964015,4.994816625945988,2.85529470154389,0.7488853803991407,4.409120117971787,0.4451511286682458,0.7425274676024599,0.2075004224608446,0.5259136832786148,-0.3229866915644054,113.09,0.19155361716197256
2024-06-13,israel_iran,2024-04-01,4624,-3.43484899616417,3.43484899616417,4.251214874753749,2.304986316608049,0.7100248689204811,4.395090098681639,-0.8174150472908353,-0.3643992560379431,-0.4706150227283334,-0.669713717510621,-0.3673875062340128,113.09,0.19155361716197256
2024-06-14,israel_iran,2024-04-01,4147,-3.606218975901041,3.606218975901041,4.171399763007323,2.2333904630715105,0.7160634018825373,4.372992003070279,-0.548098740853251,-0.4832121555514393,-0.5588387449605314,-0.4839252346707047,-0.4373213692957844,113.09,0.19155361716197256
2024-06-15,israel_iran,2024-04-01,4301,-4.00418537141844,4.00418537141844,4.585389303422862,2.5479270601359327,0.7336599927716739,4.393161482785934,0.0773249178971998,0.1330533183515375,-0.1712522018779703,0.0574718140810517,-0.3734909986942241,113.09,0.19155361716197256
2024-06-16,israel_iran,2024-04-01,4371,-3.424880756009398,3.424880756009398,3.944057955766593,2.205446943126496,0.7078778632875445,4.350920770164535,-0.8330806243323219,-0.821633523483926,-0.5932720427011715,-0.7357709737512522,-0.5071702199289279,113.09,0.19155361716197256
2024-06-17,israel_iran,2024-04-01,4895,-3.5788039176978894,3.5788039176978894,3.935432914184933,2.5026770814709685,0.7125292388597351,4.301712329923602,-0.5911828459420236,-0.8344727738002963,-0.2270113185244858,-0.5926613780752732,-0.6629002150296711,113.09,0.19155361716197256
2024-06-18,israel_iran,2024-04-01,3778,-3.764297061533128,3.764297061533128,4.322231093478127,2.173383695746699,0.7261366039877419,4.297227483143028,-0.2996712962300673,-0.2586844023654376,-0.6327818591356351,-0.1740014587758751,-0.6770934136709369,113.09,0.19155361716197256
2024-06-19,israel_iran,2024-04-01,3814,-4.166574679752508,4.166574679752508,4.756728785411998,2.4230241432761583,0.746386064145828,4.34953487707728,0.3325276598980834,0.3881095377921057,-0.3251633531348563,0.4490168313846415,-0.5115561570289787,113.09,0.19155361716197256
2024-06-20,israel_iran,2024-04-01,3797,-3.931443332466,3.931443332466,4.427123879231103,2.2785513824061416,0.7341933801984635,4.359915861487653,-0.0369927547983927,-0.1025408383126418,-0.5031893713400906,0.0738826280008905,-0.4787034463262437,113.09,0.19155361716197256
2024-06-21,israel_iran,2024-04-01,3727,-3.836416930393626,3.836416930393626,4.539104598365079,2.1922400504188064,0.7284527845657852,4.379618423616634,-0.1863313942700192,0.0641538343977555,-0.6095461867505745,-0.1027391706867138,-0.4163507302312907,113.09,0.19155361716197256
2024-06-22,israel_iran,2024-04-01,2291,-4.3067409287158975,4.3067409287158975,4.96528414870962,1.670375845721186,0.7579802282868472,4.450042797802741,0.5528057769638168,0.6985653760449513,-1.252611397428914,0.8057362827964719,-0.1934786498873867,113.09,0.19155361716197256
2024-06-23,israel_iran,2024-04-01,2826,-4.5824555114071135,4.5824555114071135,5.132406452647543,2.1090355750146563,0.7738216447451247,4.525604055338938,0.986104731397911,0.947343897677851,-0.7120745897786247,1.293131606844932,0.0456501298159334,113.09,0.19155361716197256
2024-06-24,israel_iran,2024-04-01,4470,-4.483162855842976,4.483162855842976,5.13757178105197,2.934878693470573,0.759471953812912,4.586294735564578,0.8300614658623009,0.9550330135763436,0.305567498290675,0.8516324340707354,0.2377179801262498,113.09,0.19155361716197256
2024-06-25,israel_iran,2024-04-01,4821,-3.6727855132641496,3.6727855132641496,4.250432270241683,2.5403601236079365,0.7213987720171655,4.5509690933159455,-0.4434861710058458,-0.3655642423320955,-0.1805765310593232,-0.3197710719078902,0.1259228883213679,113.09,0.19155361716197256
2024-06-26,israel_iran,2024-04-01,4349,-3.4875565870999843,3.4875565870999843,3.965270100361576,2.23746284277628,0.7079871766078532,4.486721848158849,-0.7345824897223961,-0.7900570920402604,-0.5538205703295908,-0.7324077138233945,-0.0774004262271856,113.09,0.19155361716197256
2024-06-27,israel_iran,2024-04-01,4327,-3.8895828122090776,3.8895828122090776,4.3195114026007575,2.486056887346197,0.7345692209618353,4.471844756338039,-0.1027786101650101,-0.2627329384364923,-0.2474914904545645,0.0854461792235158,-0.1244819720966451,113.09,0.19155361716197256
2024-06-28,israel_iran,2024-04-01,4890,-3.6202547815272905,3.6202547815272905,4.078038174946567,2.529803111458632,0.7245140894135682,4.428669774382767,-0.5260407856913174,-0.6221903607805996,-0.1935853697204457,-0.2239216170354314,-0.2611178763327714,113.09,0.19155361716197256
2024-06-29,israel_iran,2024-04-01,3648,-2.9528441097071565,2.9528441097071565,3.4607259713029737,1.659969901152224,0.6863631345819087,4.326387348365749,-1.5749093056480377,-1.541122267472392,-1.265434083630249,-1.3977179781063345,-0.5848111619669841,113.09,0.19155361716197256
2024-06-30,israel_iran,2024-04-01,2345,-3.7369482270254952,3.7369482270254952,4.166456244671641,1.4775912698250704,0.7108261256497621,4.310104355379873,-0.3426513275417215,-0.4905710846365295,-1.4901694686631783,-0.6450613270982813,-0.6363419645183446,113.09,0.19155361716197256
2024-07-01,israel_iran,2024-04-01,3463,-3.9815619080254327,3.9815619080254327,4.673740853647013,2.1504843148860653,0.7196577309097567,4.348409921374211,0.0417710384535203,0.264573573463049,-0.6609995353912418,-0.3733379544503791,-0.5151163053545466,92.39,-0.23286863234028968
2024-07-02,israel_iran,2024-04-01,3143,-4.240300188105492,4.240300188105492,4.930241712137833,2.123479714381725,0.7445627337271412,4.409347664691901,0.4483909028671594,0.6464011504489343,-0.6942758531694846,0.3929181408032894,-0.3222665742545479,92.39,-0.23286863234028968
2024-07-03,israel_iran,2024-04-01,3946,-3.6565361779576295,3.6565361779576295,4.176647591080665,2.181799432475373,0.7193642366747556,4.38377524160753,-0.46902279634441,-0.4754002305174557,-0.6224115990876714,-0.3823679372269501,-0.4031956445958288,92.39,-0.23286863234028968
2024-07-04,israel_iran,2024-04-01,3685,-4.013205653257732,4.013205653257732,4.49076698506093,2.273528061681896,0.7366416255019619,4.390528786207943,0.0915007320725541,-0.0078016119652609,-0.5093793394788596,0.1492081720386662,-0.3818226959230919,92.39,-0.23286863234028968
2024-07-05,israel_iran,2024-04-01,4375,-2.7165248411115326,2.7165248411115326,3.1917772539898768,1.7504822279146297,0.6650413426683742,4.26299695206419,-1.9462965967939403,-1.941479746466159,-1.1539006081503995,-2.053728866170629,-0.7854228061715557,92.39,-0.23286863234028968
2024-07-06,israel_iran,2024-04-01,3654,-3.0317724108320703,3.0317724108320703,3.4373891875469056,1.7064837487466975,0.6825495261071801,4.176554728280793,-1.45086961932145,-1.5758614400765334,-1.2081175692313897,-1.5150518631935512,-1.058986589546426,92.39,-0.23286863234028968
2024-07-07,israel_iran,2024-04-01,2520,-4.565711481601772,4.565711481601772,5.208182192902516,1.915227484522181,0.7560983453888808,4.286946804153876,0.9597906694543936,1.0601437825051514,-0.9508938830388788,0.7478360989782293,-0.7096286877168957,92.39,-0.23286863234028968
2024-07-08,israel_iran,2024-04-01,3989,-3.626641110214204,3.626641110214204,4.210407616013468,2.181677062073533,0.7179776965386637,4.280527935193156,-0.5160043577457878,-0.4251450048822697,-0.6225623895567847,-0.4250278332480263,-0.7299424880916083,92.39,-0.23286863234028968
2024-07-09,israel_iran,2024-04-01,3665,-3.90975617825276,3.90975617825276,4.524189578566167,2.205734384127773,0.7292122829234193,4.306301172536292,-0.0710751785625798,0.0419513127219111,-0.5929178446044627,-0.0793715665896744,-0.6483779006849494,92.39,-0.23286863234028968
2024-07-10,israel_iran,2024-04-01,3582,-3.8338751920428105,3.8338751920428105,4.442143267976891,2.125305770394879,0.7272299785301712,4.316833246341592,-0.1903258604281144,-0.0801829528601118,-0.6920257024899803,-0.1403614341721907,-0.6150470372381623,92.39,-0.23286863234028968
2024-07-11,israel_iran,2024-04-01,3028,-3.606701791744034,3.606701791744034,4.240311895440849,1.7538170776250894,0.717766771113844,4.30912089960509,-0.5473399721370262,-0.3806294480048085,-1.1497912520912308,-0.4315174085994995,-0.6394543078935641,92.39,-0.23286863234028968
2024-07-12,israel_iran,2024-04-01,3433,-3.3487410163809868,3.3487410163809868,3.8689913288679207,1.7965626061864266,0.7054580878338432,4.26343789353004,-0.9527379498529784,-0.933377821065874,-1.0971182347000867,-0.810220581492295,-0.7840273583178898,92.39,-0.23286863234028968
2024-07-13,israel_iran,2024-04-01,3200,-4.893814653241573,4.893814653241573,5.516426662911538,2.48558923403238,0.767677646879091,4.393878419433248,1.4754208542286755,1.518996980094179,-0.2480677544980978,1.1040982689009746,-0.3712221086414787,92.39,-0.23286863234028968
2024-07-14,israel_iran,2024-04-01,2544,-4.973315274983918,4.973315274983918,5.415407368264185,2.102410736515346,0.7658886707052991,4.5041568337779445,1.6003599704030194,1.3686195009271735,-0.7202380221944147,1.0490565607155504,-0.0222239115530885,92.39,-0.23286863234028968
2024-07-15,israel_iran,2024-04-01,3497,-3.939032015471143,3.939032015471143,4.5424676815753,2.143619662702359,0.7272387913586769,4.511340264896627,-0.0250667682235632,0.0691601252964125,-0.6694584773209847,-0.140090288506865,0.0005094993707636,92.39,-0.23286863234028968
2024-07-16,israel_iran,2024-04-01,3821,-4.072911947829716,4.072911947829716,4.703286127720514,2.371850592175443,0.7376709282918785,4.532639225619498,0.1853320947761682,0.3085547144122219,-0.3882217697181661,0.1808768910674666,0.0679143395319955,92.39,-0.23286863234028968
2024-07-17,israel_iran,2024-04-01,4072,-3.682229889553874,3.682229889553874,4.355635204992506,2.249590343058669,0.7302187578794173,4.512723786349498,-0.4286438716552785,-0.2089589899986086,-0.5388765035515003,-0.0484051950775522,0.0048879309573458,92.39,-0.23286863234028968
2024-07-18,israel_iran,2024-04-01,3245,-4.029176338376513,4.029176338376513,4.6512174907054895,2.068937470277817,0.7384380507416778,4.527810712586453,0.1165994450097449,0.2310452603488712,-0.7614853290826136,0.2044790667939556,0.0526335399923563,92.39,-0.23286863234028968
2024-07-19,israel_iran,2024-04-01,3798,-4.036841666825744,4.036841666825744,4.560175011050407,2.340104841689969,0.7413222584993954,4.531163503677081,0.1286458836493919,0.0955192835002162,-0.4273403517943439,0.2932179354676155,0.0632441209731982,92.39,-0.23286863234028968
2024-07-20,israel_iran,2024-04-01,2811,-4.386106620045981,4.386106620045981,4.891824190851551,2.0100717094516543,0.7640229419842813,4.566823890160141,0.6775328433946041,0.5892127684963273,-0.8340224422754047,0.9916533949720092,0.1760985781579247,92.39,-0.23286863234028968
2024-07-21,israel_iran,2024-04-01,3318,-3.70143679110503,3.70143679110503,4.343380948542791,1.933936799690397,0.728043674214277,4.540122206764519,-0.3984592862815154,-0.227200695213509,-0.9278393995314936,-0.1153263325020801,0.09159573669369,92.39,-0.23286863234028968
2024-07-22,israel_iran,2024-04-01,4706,-2.5822073900710154,2.5822073900710154,2.909780945375795,1.7551015463480777,0.6622333536036614,4.364785117347236,-2.157383041805407,-2.361259890168612,-1.1482084703205655,-2.140122702462023,-0.4632937079268046,92.39,-0.23286863234028968
2024-07-23,israel_iran,2024-04-01,4623,-3.195173513919525,3.195173513919525,3.588250942939452,2.143812127905841,0.6985568603445773,4.2834748069778295,-1.194076792369437,-1.3512883963046949,-0.6692213127952108,-1.0225517210290835,-0.7206165203035056,92.39,-0.23286863234028968
2024-07-24,israel_iran,2024-04-01,5306,-3.926803016559373,3.926803016559373,4.453166871760881,2.908492960958777,0.7286137805214715,4.30313842083319,-0.0442852382461656,-0.0637731991179275,0.2730537782771862,-0.0977857830777909,-0.6583870638451191,92.39,-0.23286863234028968
2024-07-25,israel_iran,2024-04-01,6015,-2.8812303502164225,2.8812303502164225,3.4747977196981026,2.3287655165085828,0.6735565577495299,4.215639423808637,-1.687453831975039,-1.52017504092009,-0.4413131927577201,-1.791739919364448,-0.9352952184469988,92.39,-0.23286863234028968
2024-07-26,israel_iran,2024-04-01,4493,-3.318349641731813,3.318349641731813,3.836821191389222,2.1805318347897864,0.6976955096968409,4.176425481032263,-1.0004994818356725,-0.9812663377635056,-0.6239735915857189,-1.0490530303771797,-1.0593956184301272,92.39,-0.23286863234028968
2024-07-27,israel_iran,2024-04-01,3727,-4.016768340037089,4.016768340037089,4.641833308372212,2.295298083615767,0.7349916784846692,4.229488922879098,0.0970996686300761,0.2170759519286531,-0.4825533115287554,0.0984439955349945,-0.89146569627904,92.39,-0.23286863234028968
2024-07-28,israel_iran,2024-04-01,1809,-4.028591308103971,4.028591308103971,5.08968050167018,1.2803599524413842,0.7318347537097432,4.320606581905484,0.1156800413172366,0.8837419805845081,-1.7332070204324097,0.0013143999761525,-0.6031055587844404,92.39,-0.23286863234028968
2024-07-29,israel_iran,2024-04-01,3421,-3.605330990446808,3.605330990446808,4.314258837448741,1.928983960537328,0.7167703027305588,4.317986569899034,-0.5494942534341106,-0.2705519150931599,-0.9339425170182916,-0.4621759063326104,-0.6113971131383389,92.39,-0.23286863234028968
2024-07-30,israel_iran,2024-04-01,3836,-4.424841838789973,4.424841838789973,5.201013738342374,2.584457076819337,0.7583628006126484,4.407784623846773,0.7384071345464251,1.0494728098950126,-0.1262382257072767,0.8175069450473472,-0.3272131310233112,92.39,-0.23286863234028968
2024-07-31,israel_iran,2024-04-01,6526,-5.145419946250795,5.145419946250795,5.798915022941193,4.395599080383214,0.7800183372168358,4.55585662719314,1.870830880520524,1.9395095922993344,2.1055347213662574,1.4837862079175603,0.1413904711795829,92.39,-0.23286863234028968
2024-08-01,israel_iran,2024-04-01,5311,-4.667605569770627,4.667605569770627,5.295687306118655,3.459489154056778,0.7670029325036297,4.634284863363356,1.119922213588301,1.1904040301697405,0.9520167724967912,1.0833392267702264,0.3895923807452546,140.98,0.7633959620227497
2024-08-02,israel_iran,2024-04-01,4141,-4.4878984743204615,4.4878984743204615,5.1106943072512925,2.7764301715716355,0.7467579849778008,4.692523017177074,0.8375037219623028,0.9150231642635716,0.1103199009283486,0.4604597774682308,0.5738987185133545,140.98,0.7633959620227497
2024-08-03,israel_iran,2024-04-01,3136,-5.241172606970581,5.241172606970581,5.93213692384125,2.620101301528027,0.7934352463971349,4.830261639214142,2.0213108709845464,2.137823921231465,-0.082315763378133,1.8965863394514864,1.0098002595903068,140.98,0.7633959620227497
2024-08-04,israel_iran,2024-04-01,3344,-6.396400180770854,6.396400180770854,7.180656118549072,3.362373703361621,0.8277973031215717,5.07619406412116,3.836807516012169,3.996371536785424,0.8323466222944239,2.9538090831555235,1.7881028259461034,140.98,0.7633959620227497
2024-08-05,israel_iran,2024-04-01,5074,-4.840682674060356,4.840682674060356,5.286394974826019,3.4733568255552325,0.7755712907467351,5.103156289772465,1.3919213497718566,1.1765714513515124,0.9691051587350058,1.3469632375056748,1.8734302057212944,140.98,0.7633959620227497
2024-08-06,israel_iran,2024-04-01,5765,-4.715324625887767,4.715324625887767,5.196177903438936,3.701262658611215,0.7764485689537605,5.116169503160709,1.1949150446540964,1.0422741785346832,1.2499412674960717,1.373954592547688,1.914613133838378,140.98,0.7633959620227497
2024-08-07,israel_iran,2024-04-01,4465,-4.150244568337964,4.150244568337964,4.699421061942092,2.714704857417612,0.7491965649465598,5.075915474315045,0.3068640909542573,0.3028011714816092,0.0342591138627878,0.5354879466487944,1.7872211725360592,140.98,0.7633959620227497
2024-08-08,israel_iran,2024-04-01,3967,-3.559396937003865,3.559396937003865,4.1860353321042565,2.132339905179224,0.7136211243302095,4.986627718055839,-0.6216818654765144,-0.4614256246252999,-0.6833579162606956,-0.5590671679800249,1.504652129975019,140.98,0.7633959620227497
2024-08-09,israel_iran,2024-04-01,3912,-4.526848801917655,4.526848801917655,5.027972531703773,2.683540278693688,0.7626913001081411,4.997162667072492,0.8987160671998807,0.7918834004938913,-0.0041433214880212,0.9506825622534032,1.537992092605763,140.98,0.7633959620227497
2024-08-10,israel_iran,2024-04-01,3369,-5.677529066515215,5.677529066515215,6.332370257923551,3.001814154305145,0.8004357950024185,5.13518947040822,2.7070663933647445,2.733611884986358,0.388048469079573,2.111973307212585,1.974805641297849,140.98,0.7633959620227497
2024-08-11,israel_iran,2024-04-01,3261,-4.650074221330836,4.650074221330836,5.329047388350001,2.396960327728839,0.7807922199866468,5.154098339663445,1.092370841895754,1.2400639004773508,-0.3572803921751747,1.5075963794613108,2.034646556841181,140.98,0.7633959620227497
2024-08-12,israel_iran,2024-04-01,4604,-4.285941659205832,4.285941659205832,4.97971734008158,2.8670482167443625,0.7460780313318026,5.139074948665342,0.5201187074452727,0.7200506471748572,0.2219836475231622,0.439539537885991,1.9871020178337229,140.98,0.7633959620227497
2024-08-13,israel_iran,2024-04-01,4816,-4.439576106389391,4.439576106389391,5.1246597769535205,3.068427724761622,0.7649448107505357,5.139960465275781,0.7615627568673891,0.935812184188284,0.4701327916562698,1.0200166746851629,1.9899044130474328,140.98,0.7633959620227497
2024-08-14,israel_iran,2024-04-01,4896,-4.035398527952264,4.035398527952264,4.769360407358447,2.8223908857953983,0.7439963876377541,5.10518525475771,0.1263779203125293,0.4069129898725084,0.1669548188038834,0.3754932825851235,1.879851273035452,140.98,0.7633959620227497
2024-08-15,israel_iran,2024-04-01,4502,-4.705204818125728,4.705204818125728,5.367988740625406,3.096390319171971,0.7635253502070316,5.135423968836233,1.1790112717032244,1.2980320580552862,0.5045895938353406,0.9763439113689972,1.975547758683946,140.98,0.7633959620227497
2024-08-16,israel_iran,2024-04-01,4319,-4.079796580274379,4.079796580274379,4.653586809233027,2.60406966859722,0.7338681764869126,5.087756119044498,0.1961516314536174,0.2345722315948945,-0.1020706829824399,0.0638770348274166,1.8246932715637687,140.98,0.7633959620227497
2024-08-17,israel_iran,2024-04-01,3220,-4.361264692353969,4.361264692353969,4.890594433986015,2.225946674753548,0.7574099534977529,5.068033159212769,0.6384925387795558,0.5873821505131671,-0.5680113252215382,0.788190549663368,1.7622760028405784,140.98,0.7633959620227497
2024-08-18,israel_iran,2024-04-01,3410,-4.196287789826893,4.196287789826893,4.886620108576591,2.2395729309127725,0.7550654861433205,5.052891889578987,0.379223265921341,0.5814659635258701,-0.5512204221304441,0.7160579579254914,1.7143584132087395,140.98,0.7633959620227497
2024-08-19,israel_iran,2024-04-01,5598,-3.389571652610844,3.389571652610844,3.955076070817139,2.606796158391758,0.7020252407012844,4.948882944584802,-0.8885706076159902,-0.8052319402788841,-0.098710976149984,-0.915839523143696,1.3852012114142256,140.98,0.7633959620227497
2024-08-20,israel_iran,2024-04-01,6693,-3.087870948819144,3.087870948819144,3.6936537855874025,2.6829467071946014,0.6871761910818761,4.8239421153342095,-1.3627080225795642,-1.194385560764547,-0.0048747477435046,-1.3727025423140211,0.989800856682138,140.98,0.7633959620227497
2024-08-21,israel_iran,2024-04-01,4882,-4.087714297279461,4.087714297279461,4.636935413264656,2.853095890150499,0.7447158263870629,4.806256305939876,0.2085947110554289,0.2097849376519257,0.2047909453608541,0.3976283664821924,0.9338305597808934,140.98,0.7633959620227497
2024-08-22,israel_iran,2024-04-01,4171,-3.680348043370967,3.680348043370967,4.32232408310584,2.289120336204486,0.7262796171791459,4.762543543580943,-0.4316012849901131,-0.2585459778609613,-0.4901658176266872,-0.1696013496725555,0.7954927414174874,140.98,0.7633959620227497
2024-08-23,israel_iran,2024-04-01,5039,-3.171392789162293,3.171392789162293,3.6057666542998392,2.264362398186588,0.6927610578577927,4.645589857176052,-1.2314493646592888,-1.3252144811245612,-0.5206736939748378,-1.200872077583512,0.4253693048348064,140.98,0.7633959620227497
2024-08-24,israel_iran,2024-04-01,2822,-4.461465358631738,4.461465358631738,4.825029808600056,2.0510209307840683,0.7662400257331494,4.664545554036111,0.7959627875707894,0.489782547165235,-0.7835629177358729,1.059866755505025,0.4853584157412843,140.98,0.7633959620227497
2024-08-25,israel_iran,2024-04-01,5229,-5.151146293088411,5.151146293088411,5.624587927261597,3.776075387404712,0.8104205686843315,4.763503814828463,1.879830114704104,1.6800060064713402,1.342128972209191,2.4191763920543887,0.7985317126984186,140.98,0.7633959620227497
2024-08-26,israel_iran,2024-04-01,4477,-4.234814138770115,4.234814138770115,4.860289139346176,2.775483022343806,0.756163691668515,4.776197796776463,0.4397693079635089,0.5422696417665844,0.1091527798415689,0.7498466181272964,0.8387043687893692,140.98,0.7633959620227497
2024-08-27,israel_iran,2024-04-01,3577,-3.982870301668816,3.982870301668816,4.513585361689043,2.205534498037301,0.7266243283557994,4.746140233640642,0.0438272430696557,0.026165858981724,-0.5931641534904224,-0.1589955672861987,0.7435811716922173,140.98,0.7633959620227497
2024-08-28,israel_iran,2024-04-01,4262,-4.514082921765943,4.514082921765943,5.027843586376828,2.853072481162195,0.7531819293418545,4.770052330924787,0.8786538620449116,0.7916914522796019,0.2047620997227363,0.6581062728579284,0.8192558074798141,140.98,0.7633959620227497
2024-08-29,israel_iran,2024-04-01,3782,-4.139450422226888,4.139450422226888,4.7905609972699965,2.391907059584253,0.7473403000288205,4.769313640151491,0.289900562299786,0.4384722209964385,-0.363507262910437,0.4783759552126607,0.8169180721250041,140.98,0.7633959620227497
2024-08-30,israel_iran,2024-04-01,3743,-2.9901246409623323,2.9901246409623323,3.643418027777368,1.7142263854094046,0.6931151707984695,4.64862105330837,-1.51632112704703,-1.269166587991954,-1.1985767342174332,-1.1899770296611574,0.4349621339617605,140.98,0.7633959620227497
2024-08-31,israel_iran,2024-04-01,3017,-4.391784512875192,4.391784512875192,4.903743597550969,2.129428233539133,0.7525145889052579,4.668454010948346,0.6864559297336434,0.606956015852012,-0.6869458127284098,0.6375741058511288,0.4977275128476695,140.98,0.7633959620227497
2024-09-01,israel_iran,2024-04-01,4517,-5.086940167396819,5.086940167396819,5.702418671816975,3.3557672783706973,0.7564003660994586,4.763686918440448,1.778927047267921,1.795864973897178,0.8242058798553435,0.7571284171550242,0.7991111808639978,130.36,0.545648894886807
2024-09-02,israel_iran,2024-04-01,4872,-4.847143408628144,4.847143408628144,5.523255985842895,3.378162755243224,0.7596729421088232,4.8409518888794745,1.4020747101990552,1.5291631208341232,0.8518026223098638,0.8578162722315206,1.0436317023236432,130.36,0.545648894886807
2024-09-03,israel_iran,2024-04-01,4773,-4.919244530505501,4.919244530505501,5.542397026791924,3.3779860920806235,0.7733507666033512,4.913008395974886,1.5153851503580091,1.5576565041684198,0.8515849297897519,1.2786440258194929,1.2716689951539686,130.36,0.545648894886807
2024-09-04,israel_iran,2024-04-01,4566,-4.369763734433307,4.369763734433307,5.0360529034255705,2.905493329592784,0.7511697007736292,4.927171894309966,0.6518491991735139,0.8039118544095329,0.269357493766837,0.5961957235296675,1.3164922310771552,130.36,0.545648894886807
2024-09-05,israel_iran,2024-04-01,3453,-4.061443024012865,4.061443024012865,4.535697474849671,2.188731682119365,0.7447708326266574,4.889955459724753,0.1673081199474901,0.0590819850322817,-0.6138693604407965,0.3993207520111301,1.198713347063649,130.36,0.545648894886807
2024-09-06,israel_iran,2024-04-01,3649,-4.072932029754655,4.072932029754655,4.625707609258156,2.290118253945911,0.737808383725995,4.861309168740557,0.1853636545036013,0.1930712111408406,-0.4889361372292724,0.1851060037879023,1.1080564042143923,130.36,0.545648894886807
2024-09-07,israel_iran,2024-04-01,3375,-4.919832264626679,4.919832264626679,5.499797923233367,2.604802596060442,0.7750830302216011,4.920560167811015,1.51630880328092,1.4942434123400488,-0.1011675358623537,1.3319408499878314,1.2955680942776997,130.36,0.545648894886807
2024-09-08,israel_iran,2024-04-01,2922,-4.471931902311558,4.471931902311558,5.153771300083987,2.1138557267120706,0.7660113179087116,4.942913319754432,0.8124114729784947,0.9791476428088732,-0.7061349759118425,1.052830066298735,1.366309134342994,130.36,0.545648894886807
2024-09-09,israel_iran,2024-04-01,3489,-4.147494340211721,4.147494340211721,4.586807363969628,2.253080758140213,0.755574979757738,4.905132880880784,0.3025419729149262,0.1351642454875194,-0.5345754526467568,0.7317336272037841,1.2467453454504749,130.36,0.545648894886807
2024-09-10,israel_iran,2024-04-01,4997,-4.741346505780215,4.741346505780215,5.468199914798475,3.3650931395965373,0.7768537116961428,4.963336782893214,1.2358097018744396,1.4472065678270842,0.8356976374044681,1.38641968231598,1.430943286512222,130.36,0.545648894886807
2024-09-11,israel_iran,2024-04-01,5370,-4.205402207568593,4.205402207568593,4.854288152830827,3.141301268754671,0.7529450688346884,4.9529009329186895,0.3935470192723823,0.5333365639041455,0.5599309431656654,0.6508187487941205,1.3979169427092546,130.36,0.545648894886807
2024-09-12,israel_iran,2024-04-01,3748,-3.945959048218247,3.945959048218247,4.735587148792693,2.2645016979935666,0.7358929683175846,4.927677120011376,-0.0141805973966378,0.3566380646307225,-0.5205020423096808,0.1261741200053877,1.3180911193089326,130.36,0.545648894886807
2024-09-13,israel_iran,2024-04-01,3428,-3.6078445313404,3.6078445313404,4.116466374178317,1.933386380301271,0.7216028417849532,4.843589800625039,-0.5455441009594388,-0.5649860836217571,-0.9285176517611796,-0.3134924256226093,1.0519799039980222,130.36,0.545648894886807
2024-09-14,israel_iran,2024-04-01,2684,-4.038302307103835,4.038302307103835,4.664747403006734,1.7830422710006688,0.7529912305287519,4.824458321811777,0.130941351299755,0.2511859088488862,-1.11377861706854,0.6522390128150809,0.9914344957861004,130.36,0.545648894886807
2024-09-15,israel_iran,2024-04-01,2982,-3.9312285906225393,3.9312285906225393,4.5094272682172925,1.8885583064048053,0.748930153274338,4.790872170957435,-0.0373302321103887,0.0199761145709613,-0.9837568778376992,0.527291217293509,0.8851443739616587,130.36,0.545648894886807
2024-09-16,israel_iran,2024-04-01,3812,-3.800879774857927,3.800879774857927,4.284302378189205,2.209479435521529,0.735555108291231,4.742033342247093,-0.2421797726433362,-0.3151451469499436,-0.5883030190581839,0.1157791280258959,0.7305840888042959,130.36,0.545648894886807
2024-09-17,israel_iran,2024-04-01,4607,-4.49378383214066,4.49378383214066,5.007754106478209,3.0075106583294726,0.7566745576940301,4.7758625308430185,0.8467528496836991,0.7617862212494652,0.395067964817275,0.7655645125912836,0.8376433523881751,130.36,0.545648894886807
2024-09-18,israel_iran,2024-04-01,6550,-4.508641290912538,4.508641290912538,5.108907894597242,3.861129751386061,0.7625168940290773,4.811773532786601,0.8701020729585972,0.9123639076076432,1.4469368935044842,0.945316583292796,0.951290932546284,130.36,0.545648894886807
2024-09-19,israel_iran,2024-04-01,6158,-4.350364947404523,4.350364947404523,4.825231953594161,3.573159892235185,0.7518256163851713,4.81589668096089,0.6213630563847754,0.4900834605179344,1.0920871136634438,0.6163763811670697,0.9643394632828364,130.36,0.545648894886807
2024-09-20,israel_iran,2024-04-01,5279,-4.886312928419362,4.886312928419362,5.358357381240025,3.60615333183539,0.7892893406612258,4.87982142414354,1.4636315266922482,1.2836948014907754,1.1327431559758356,1.769028612846052,1.1666421555427209,130.36,0.545648894886807
2024-09-21,israel_iran,2024-04-01,3760,-5.168577563454894,5.168577563454894,5.796365372773139,2.973357360928344,0.7940223461174801,4.976840014596886,1.9072242088087088,1.935714179092698,0.3529826920759827,1.9146497278612324,1.4736769760329833,130.36,0.545648894886807
2024-09-22,israel_iran,2024-04-01,4901,-4.841162604907937,4.841162604907937,5.267930700953121,3.388435690467795,0.7842043600441256,5.003979445559176,1.3926755845766592,1.1490855045395856,0.8644614082449928,1.612578223313072,1.5595651576152734,130.36,0.545648894886807
2024-09-23,israel_iran,2024-04-01,7170,-4.460694655539564,4.460694655539564,4.825899883733239,4.056598851177659,0.7759294630241838,4.985981574891701,0.7947515899592648,0.4910777423620607,1.68780295924935,1.3579831796738528,1.5026072801221702,130.36,0.545648894886807
2024-09-24,israel_iran,2024-04-01,7366,-4.279082294625085,4.279082294625085,4.815664699752301,3.960735704538179,0.7604971984991202,4.97061811894773,0.5093388804520493,0.4758416315652382,1.5696759560268834,0.8831762967915668,1.4539865372745857,130.36,0.545648894886807
2024-09-25,israel_iran,2024-04-01,6672,-4.246977109490804,4.246977109490804,4.673740741211169,3.682311484652829,0.7530819000550723,4.9389748500572885,0.4588840114537832,0.2645734060908771,1.2265887544008058,0.6550286562335591,1.3538450557492097,130.36,0.545648894886807
2024-09-26,israel_iran,2024-04-01,5655,-3.599356398530688,3.599356398530688,3.9336647634187023,2.787744796757264,0.7186519027901249,4.83371163640827,-0.5588836169025064,-0.8371048457816063,0.1242623054145087,-0.4042844246474195,1.0207184688143458,130.36,0.545648894886807
2024-09-27,israel_iran,2024-04-01,5388,-4.271609377698139,4.271609377698139,4.771130171003572,3.1982835227575204,0.7548081759589078,4.833681274300946,0.4975948259322895,0.4095474627878486,0.6301471121334163,0.7081412554612211,1.0206223818259814,130.36,0.545648894886807
2024-09-28,israel_iran,2024-04-01,6487,-4.239819174560851,4.239819174560851,4.580947163979597,3.607388643880511,0.7615683428527292,4.806625221646882,0.4476349665509622,0.1264407426656904,1.1342653646144016,0.91613236171827,0.9349980676507472,130.36,0.545648894886807
2024-09-29,israel_iran,2024-04-01,5564,-4.890726661143832,4.890726661143832,5.3973604629711085,3.745315859588903,0.7780078742118562,4.864014063410967,1.470567923584995,1.341754849632466,1.3042256593220762,1.4219299799482852,1.116616586811292,130.36,0.545648894886807
2024-09-30,israel_iran,2024-04-01,6341,-4.107370870767658,4.107370870767658,4.578992190886451,3.4413881367430603,0.7556338510172037,4.830297184272527,0.2394859778758413,0.1235305666778963,0.9297118617411614,0.7335449284002391,1.0099127490685549,130.36,0.545648894886807
2024-10-01,israel_iran,2024-04-01,8584,-4.691960161325987,4.691960161325987,5.268066312000564,4.789345304701835,0.7841892224110862,4.872559107102751,1.1581966456245107,1.1492873753557784,2.590727030813822,1.6121124814029344,1.143659094270211,130.69,0.5524150466904659
2024-10-02,israel_iran,2024-04-01,10221,-4.748852738910524,4.748852738910524,5.275528066852056,5.394025178663472,0.7757045666144488,4.914178503419521,1.2476061144375865,1.1603949552359047,3.3358415396109886,1.3510637568565296,1.2753720352366884,130.69,0.5524150466904659
2024-10-03,israel_iran,2024-04-01,7146,-4.109066979858783,4.109066979858783,4.592565941439927,3.728602489552351,0.743426761262871,4.8823313030319,0.2421514962848312,0.1437364728683825,1.28363067172386,0.3579674993129064,1.174585171518721,130.69,0.5524150466904659
2024-10-04,israel_iran,2024-04-01,7598,-3.729684469343901,3.729684469343901,4.108878782219725,3.522462881882406,0.737488317987224,4.80213186644716,-0.35406667807551,-0.5762809848152759,1.0296159126310571,0.1752584914220764,0.9207779424077494,130.69,0.5524150466904659
2024-10-05,israel_iran,2024-04-01,6117,-4.696656648382782,4.696656648382782,5.185761677877129,3.8400364024734457,0.7819879124179105,4.838760584061984,1.1655774047826202,1.026768568958934,1.4209446933491536,1.5443844344646596,1.0366968779963297,130.69,0.5524150466904659
2024-10-06,israel_iran,2024-04-01,7328,-4.7838224614322735,4.7838224614322735,5.237752627654904,4.413003085990884,0.7883482608907858,4.879123574865062,1.3025627440711165,1.1041623776800578,2.126980742058994,1.740074265179156,1.1644336713033043,130.69,0.5524150466904659
2024-10-07,israel_iran,2024-04-01,10243,-4.812878091369679,4.812878091369679,5.370019433809903,5.473776302430315,0.7659264203266256,4.932538445333009,1.3482250878957145,1.3010549510888625,3.434114563024571,1.050218009186248,1.3334757599277842,130.69,0.5524150466904659
2024-10-08,israel_iran,2024-04-01,7193,-4.1855685862187135,4.1855685862187135,4.7383070361390605,3.814407695107069,0.746792574787631,4.90908447479554,0.3623775130762988,0.3606868931658339,1.389363814734339,0.4615240075271624,1.259250958267544,130.69,0.5524150466904659
2024-10-09,israel_iran,2024-04-01,5886,-3.72777970284311,3.72777970284311,4.267712295246126,2.968406723301756,0.7268289219333033,4.841707894724417,-0.3570601118111429,-0.3398411702280779,0.3468822874119412,-0.1527008048659073,1.046024234701271,130.69,0.5524150466904659
2024-10-10,israel_iran,2024-04-01,5215,-4.072361799896116,4.072361799896116,4.593449486249972,2.979597788906561,0.7384032437755617,4.816097099376425,0.1844675103857214,0.1450517190471382,0.3606724360676415,0.2034081554537988,0.9649737276227878,130.69,0.5524150466904659
2024-10-11,israel_iran,2024-04-01,6093,-3.316759619514257,3.316759619514257,3.514510711060469,2.7045418395837006,0.6941004426569644,4.682614163532753,-1.0029982795331658,-1.46105822019687,0.0217357732204101,-1.1596630171477122,0.5425401604706915,130.69,0.5524150466904659
2024-10-12,israel_iran,2024-04-01,3742,-4.545778714828979,4.545778714828979,4.958161963184736,2.6055466364819098,0.7600485554064615,4.711789323877208,0.9284653513760877,0.6879632795926783,-0.1002506948411124,0.8693728249805456,0.6348708166601575,130.69,0.5524150466904659
2024-10-13,israel_iran,2024-04-01,4775,-4.551047643256796,4.551047643256796,5.11337800092395,3.126096936164445,0.7648127434167311,4.755283506355366,0.9367457301521273,0.9190181148396912,0.5411954613059308,1.015953338485056,0.7725168950782278,130.69,0.5524150466904659
2024-10-14,israel_iran,2024-04-01,5425,-4.5382040407411095,4.5382040407411095,5.105033738810386,3.414286037695197,0.7621139431394799,4.794791014262111,0.9165613805000574,0.9065968332763344,0.8963154017480145,0.9329189306000456,0.8975463408935439,130.69,0.5524150466904659
2024-10-15,israel_iran,2024-04-01,5573,-3.5898271142406166,3.5898271142406166,4.059281976365261,2.7521931406556512,0.7136969303730873,4.71600217807747,-0.5738593533292501,-0.6501108671676082,0.0804539104045576,-0.5567348316683964,0.64820324013781,130.69,0.5524150466904659
2024-10-16,israel_iran,2024-04-01,5662,-3.4144621243735744,3.4144621243735744,3.835614538126993,2.646819620093482,0.705674218800675,4.62093165815793,-0.8494540136190692,-0.9830625636868404,-0.0493922154463088,-0.8035708464200971,0.3473334802184605,130.69,0.5524150466904659
2024-10-17,israel_iran,2024-04-01,6052,-4.5267291632433055,4.5267291632433055,4.916817065538514,3.6741564023404414,0.7598806775736626,4.651025977199343,0.898528049170513,0.6264172006365671,1.2165396847805714,0.8642077015881339,0.4425729987631097,130.69,0.5524150466904659
2024-10-18,israel_iran,2024-04-01,5624,-4.143387918857799,4.143387918857799,4.680006385737697,3.1968414069398947,0.7345849470505573,4.650177828216195,0.29608853087442,0.2739004542804815,0.6283700703211286,0.0859300262411656,0.4398888609131058,130.69,0.5524150466904659
2024-10-19,israel_iran,2024-04-01,4219,-4.4528672952502815,4.4528672952502815,4.92048283089632,2.7932846194618746,0.7592089125336695,4.6723712717119374,0.7824505103565094,0.6318740646509997,0.1310887311831153,0.8435394021204567,0.5101244715103627,130.69,0.5524150466904659
2024-10-20,israel_iran,2024-04-01,4145,-3.9539415697128457,3.9539415697128457,4.359921844200409,2.447860272519775,0.7397240358709544,4.636111854782058,-0.0016356743693673,-0.2025778922050318,-0.2945591259418167,0.244045171280638,0.39537426213167,130.69,0.5524150466904659
2024-10-21,israel_iran,2024-04-01,4121,-3.5710823047638134,3.5710823047638134,4.070467236587488,2.2012779257826,0.7290570137523283,4.575375520106178,-0.6033177384029965,-0.633460471399976,-0.5984092987007995,-0.0841487573262442,0.2031619291416038,130.69,0.5524150466904659
2024-10-22,israel_iran,2024-04-01,5402,-3.813952921028425,3.813952921028425,4.3619029611352005,2.860841603153889,0.7333820591169331,4.551522367372648,-0.2216346839086392,-0.1996287984538926,0.2143355711840892,0.0489205860975468,0.1276738352263666,130.69,0.5524150466904659
2024-10-23,israel_iran,2024-04-01,4867,-3.520482252891735,3.520482252891735,4.0140067480242845,2.451747208600088,0.7134400396912696,4.49412742789908,-0.6828381952336646,-0.7175076425103171,-0.2897694635222071,-0.5646386272310832,-0.0539639813608653,130.69,0.5524150466904659
2024-10-24,israel_iran,2024-04-01,4766,-3.4138370032811856,3.4138370032811856,3.828812037793994,2.3417528154782965,0.7053461667727168,4.427016840257819,-0.8504364219961776,-0.9931887762651412,-0.4253096422690624,-0.8136640741874871,-0.266348918445053,130.69,0.5524150466904659
2024-10-25,israel_iran,2024-04-01,4275,-4.010394349054484,4.010394349054484,4.4830739461611175,2.540448870773236,0.7443983498266155,4.431031761847851,0.0870826299904176,-0.019253481639525,-0.1804671726974418,0.3878605157685511,-0.2536428924770619,130.69,0.5524150466904659
2024-10-26,israel_iran,2024-04-01,4951,-5.359344855418257,5.359344855418257,5.885897515657171,3.778574960635121,0.8201372702879575,4.583724918744308,2.2070243403110834,2.0689918662743474,1.3452090619558152,2.7181316615692457,0.2295852785232131,130.69,0.5524150466904659
2024-10-27,israel_iran,2024-04-01,4162,-5.428924952988731,5.428924952988731,6.325495352726818,3.371280635576372,0.7928426426339309,4.763027582233643,2.316372867445296,2.7233778904152626,0.8433221561394693,1.8783536072990377,0.7970245789771508,130.69,0.5524150466904659
2024-10-28,israel_iran,2024-04-01,5261,-4.068339588767477,4.068339588767477,4.606459891068652,2.9952331698853687,0.7362962538814708,4.747522503348234,0.1781464088337446,0.1644190279004144,0.3799390756889562,0.138582069674036,0.7479556418793889,130.69,0.5524150466904659
2024-10-29,israel_iran,2024-04-01,6078,-4.1262172395375405,4.1262172395375405,4.652143599301092,3.3589197750299937,0.7425396036918951,4.734583182972928,0.2691039683468598,0.2324238670450252,0.8280905320505403,0.3306721843436501,0.707006563046827,130.69,0.5524150466904659
2024-10-30,israel_iran,2024-04-01,3800,-3.614349377920328,3.614349377920328,4.057087676234529,2.096028743519636,0.7167933927058708,4.660104801592613,-0.5353214163472367,-0.6533773057558722,-0.7281022091483978,-0.4614654934709105,0.4713047624882347,130.69,0.5524150466904659
2024-10-31,israel_iran,2024-04-01,3965,-3.862618168853924,3.862618168853924,4.422174281439634,2.313113927450679,0.7312169171236503,4.635370762523074,-0.1451548662862237,-0.109908817285074,-0.4605998047237652,-0.0176946743626739,0.393028926792941,130.69,0.5524150466904659
2024-11-01,israel_iran,2024-04-01,4280,-3.8737058767382657,3.8737058767382657,4.372653036905012,2.455986786203997,0.7379481367683367,4.610555681907932,-0.1277299909442596,-0.1836262189391393,-0.284545259906585,0.1894058073779596,0.314496618845368,128.9,0.5157137990281931
2024-11-02,israel_iran,2024-04-01,3212,-4.672202524693094,4.672202524693094,5.181942085487125,2.3800038363165283,0.779260216794215,4.667673228586786,1.1271465531282818,1.0210827177850634,-0.3781749651776308,1.4604609989613913,0.4952565702056108,128.9,0.5157137990281931
2024-11-03,israel_iran,2024-04-01,2859,-4.150239817898969,4.150239817898969,4.634032357334304,1.9279503207601736,0.7591399778042457,4.660975099415382,0.3068566254069889,0.2054634440777418,-0.935216215760374,0.8414184765785896,0.4740589947909134,128.9,0.5157137990281931
2024-11-04,israel_iran,2024-04-01,3499,-3.9678543787950336,3.9678543787950336,4.503017505893552,2.160257074551111,0.7375612484344516,4.640391326435237,0.0202289857066831,0.010434532404222,-0.64895708891505,0.1775023538350806,0.408917509922503,128.9,0.5157137990281931
2024-11-05,israel_iran,2024-04-01,5461,-3.636463049346375,3.636463049346375,4.23989537556438,2.7486043771897943,0.7134894131372339,4.597589255550432,-0.5005686999182466,-0.3812494801408964,0.0760316700717814,-0.5631195467398556,0.2734617576865712,128.9,0.5157137990281931
2024-11-06,israel_iran,2024-04-01,5593,-1.8026021555577216,1.8026021555577216,2.0535156650658006,1.3854516131242345,0.6072423329981048,4.330954007152555,-3.38257080550188,-3.635897718523508,-1.6037082153616318,-3.8320399863988346,-0.5703590527959946,128.9,0.5157137990281931
2024-11-07,israel_iran,2024-04-01,4586,-2.44771394232429,2.44771394232429,2.8433732205199806,1.63270763403537,0.6512640102998638,4.17253114143349,-2.3687460742502964,-2.4601145326989737,-1.2990279101262183,-2.4776181939942603,-1.071720038461898,128.9,0.5157137990281931
2024-11-08,israel_iran,2024-04-01,3584,-4.004240513057448,4.004240513057448,4.688958898969831,2.2206989776719044,0.7228533982488894,4.230659801183436,0.0774115756803864,0.2872271794051947,-0.574477780285914,-0.2750163603928103,-0.8877602166559241,128.9,0.5157137990281931
2024-11-09,israel_iran,2024-04-01,3261,-4.524565496911623,4.524565496911623,4.928523597347542,2.332264708068255,0.7571533306088055,4.30028250307899,0.8951277416854632,0.6438435620992496,-0.4370013270706908,0.7802949933255768,-0.667425189331156,128.9,0.5157137990281931
2024-11-10,israel_iran,2024-04-01,2888,-3.667556269373861,3.667556269373861,4.141577705283568,1.717521936958523,0.7099911020179738,4.279045261231958,-0.4517041835898251,-0.5276053170729712,-1.1945158031703171,-0.670752629051961,-0.7346347077104965,128.9,0.5157137990281931
2024-11-11,israel_iran,2024-04-01,4323,-1.9731335894007989,1.9731335894007989,2.4348781292428665,1.2602819632619988,0.625798710917258,4.079882627596501,-3.1145723149573805,-3.068200961066818,-1.7579480473612827,-3.261113020815179,-1.3649248735528443,128.9,0.5157137990281931
2024-11-12,israel_iran,2024-04-01,5237,-2.414495686764567,2.414495686764567,2.879355798024488,1.7718774993149258,0.6552987512363136,3.953313808469383,-2.420950187872651,-2.40655081184794,-1.1275363651410064,-2.3534806920636795,-1.765477329311793,128.9,0.5157137990281931
2024-11-13,israel_iran,2024-04-01,5231,-2.540725865412941,2.540725865412941,3.0649722293911688,1.862997557966844,0.662426730149823,3.860223782428282,-2.222573287048276,-2.1302419033534163,-1.0152540143176347,-2.134173056189669,-2.0600794184722977,128.9,0.5157137990281931
2024-11-14,israel_iran,2024-04-01,4562,-2.914580890111026,2.914580890111026,3.5364961073056977,1.936689449733776,0.6870089341644542,3.820228199618643,-1.6350418270491758,-1.4283307251437076,-0.9244474568304324,-1.377848561906455,-2.1866534753719,128.9,0.5157137990281931
2024-11-15,israel_iran,2024-04-01,4193,-3.340322163237922,3.340322163237922,3.954207887788568,2.085779030698373,0.7040510667037382,3.829617950013692,-0.9659685894108055,-0.8065243188858415,-0.7407323793640711,-0.8535106194416632,-2.15693772384922,128.9,0.5157137990281931
2024-11-16,israel_iran,2024-04-01,3109,-3.588827315682166,3.588827315682166,4.317601041802669,1.781904966498311,0.721403673874404,3.875086847654639,-0.5754305856731938,-0.2655767044924613,-1.115180056279796,-0.31962025570383,-2.013042262578923,128.9,0.5157137990281931
2024-11-17,israel_iran,2024-04-01,2897,-5.119999322582748,5.119999322582748,5.842826948069765,2.403666047983561,0.776939961149844,4.0800501934031255,1.8308811268697969,2.004876952359178,-0.3490172935193633,1.3890733326727145,-1.364394577893871,128.9,0.5157137990281931
2024-11-18,israel_iran,2024-04-01,3576,-3.755949350682044,3.755949350682044,4.284190579328494,2.079429366465946,0.7252622054838614,4.101644518041988,-0.3127901321958221,-0.3153115709079218,-0.7485567293206438,-0.2009042135433399,-1.296054999281976,128.9,0.5157137990281931
2024-11-19,israel_iran,2024-04-01,3807,-3.376452306532636,3.376452306532636,3.835409465428892,1.960803730012224,0.7003127116223754,4.072113455194811,-0.9091883017657136,-0.9833678352242636,-0.894732725319767,-0.9685291716707444,-1.389511980441994,128.9,0.5157137990281931
2024-11-20,israel_iran,2024-04-01,3371,-3.515219790292073,3.515219790292073,4.073494072584737,1.8594182474982552,0.711230557321028,4.072580035373631,-0.691108412644456,-0.6289547186256459,-1.0196646062299497,-0.6326181149656244,-1.3880353937303245,128.9,0.5157137990281931
2024-11-21,israel_iran,2024-04-01,4944,-4.913404695435251,4.913404695435251,5.923837897017723,3.460651682195643,0.7556610079170709,4.269275590925984,1.506207563865093,2.12546997699123,0.9534492934396136,0.7343804689622709,-0.7655527921170737,128.9,0.5157137990281931
2024-11-22,israel_iran,2024-04-01,4023,-4.501146273948218,4.501146273948218,5.26887274396406,2.725062438625038,0.744132275484611,4.3735748759949455,0.8583232871489875,1.1504878312311986,0.0470222044930999,0.3796741651045315,-0.4354767508267123,128.9,0.5157137990281931
2024-11-23,israel_iran,2024-04-01,2797,-5.158974299450229,5.158974299450229,5.62259771033974,2.354808169017313,0.7873402597182397,4.497023087626921,1.8921322096414528,1.6770433664652975,-0.4092222317923997,1.7090609363251186,-0.0448000844150906,128.9,0.5157137990281931
2024-11-24,israel_iran,2024-04-01,2907,-5.038176064241421,5.038176064241421,5.587937092251774,2.3717643783423834,0.775701159094462,4.60204132644021,1.7022918736586452,1.6254475164582902,-0.3883280063908884,1.3509589171591132,0.2875512304367478,128.9,0.5157137990281931
2024-11-25,israel_iran,2024-04-01,3812,-3.739998343431425,3.739998343431425,4.428123165107821,2.174088610578376,0.7218426462436544,4.583664646667373,-0.3378579204005701,-0.1010532998019778,-0.6319132304757997,-0.3061143245440367,0.2293945354271113,128.9,0.5157137990281931
2024-11-26,israel_iran,2024-04-01,4875,-4.061237608257534,4.061237608257534,4.473593658721662,2.831689356971594,0.7307551920916429,4.571671506756582,0.1669852990392148,-0.0333658522703098,0.1784128250669713,-0.0319006402363239,0.1914398347618299,128.9,0.5157137990281931
2024-11-27,israel_iran,2024-04-01,5450,-3.9338934708199886,3.9338934708199886,4.278670503309944,2.969210817640099,0.7173964285313018,4.543595096419516,-0.0331422425163086,-0.3235287646566764,0.3478731296472147,-0.4429117964373866,0.1025863937092369,128.9,0.5157137990281931
2024-11-28,israel_iran,2024-04-01,4137,-3.845922929172279,3.845922929172279,4.334643212663869,2.377558975104729,0.7237538094825652,4.522216518172864,-0.1713922521635783,-0.2402077024361011,-0.3811876362443425,-0.2473132679218732,0.0349295878988678,128.9,0.5157137990281931
2024-11-29,israel_iran,2024-04-01,3520,-4.402887845962684,4.402887845962684,5.01519401396637,2.4081866108135457,0.7374356708874057,4.575062696949007,0.7039053608467302,0.7728612791105507,-0.3434468469118347,0.173638689913559,0.2021719374146742,128.9,0.5157137990281931
2024-11-30,israel_iran,2024-04-01,3471,-5.7124327368594665,5.7124327368594665,6.310368478864524,3.090850683669673,0.7919293043494869,4.754825004016441,2.761919218770117,2.7008600024510883,0.4977633987460824,1.8502527862465223,0.7710658723137407,128.9,0.5157137990281931
2024-12-01,israel_iran,2024-04-01,3705,-4.517216701980347,4.517216701980347,5.055672097828148,2.5696472736014697,0.750031672073785,4.787238216666833,0.8835787509538465,0.8331170177186421,-0.1444875502263264,0.561181817519564,0.873643995548912,142.37,0.7918958135593753
2024-12-02,israel_iran,2024-04-01,4172,-4.42890430853082,4.42890430853082,5.009286635823852,2.755202644280034,0.7451685623462636,4.8122389272138175,0.7447915044769061,0.7640675468175336,0.0841623599683139,0.4115577641546912,0.9527637667087868,142.37,0.7918958135593753
2024-12-03,israel_iran,2024-04-01,4044,-3.4652047443988776,3.4652047443988776,4.077422386199227,2.106092803101296,0.7028450098709236,4.737860016875426,-0.7697095039612895,-0.6231070248678681,-0.7157008094415347,-0.8906175575995438,0.717376762246058,142.37,0.7918958135593753
2024-12-04,israel_iran,2024-04-01,3398,-3.7467670554690895,3.7467670554690895,4.341732822108398,1.994205254316899,0.7147213739864658,4.710883964721925,-0.3272205583134492,-0.2296540987877244,-0.853573822159491,-0.5252156156799115,0.6320056257269298,142.37,0.7918958135593753
2024-12-05,israel_iran,2024-04-01,3460,-4.856939788580035,4.856939788580035,5.588977785793945,2.621529096903402,0.7562345329694089,4.813855933730312,1.4174702005244522,1.626996694484165,-0.0805563678771462,0.7520262034501184,0.9578811086862729,142.37,0.7918958135593753
2024-12-06,israel_iran,2024-04-01,3003,-4.075017052887165,4.075017052887165,4.670714550663684,1.968566435714902,0.7356739116836937,4.799441041105221,0.1886403703539885,0.2600686141340683,-0.8851671603065099,0.1194343704797434,0.9122622850273224,142.37,0.7918958135593753
2024-12-07,israel_iran,2024-04-01,3137,-4.155794488820479,4.155794488820479,4.658551516189515,2.0780339943833104,0.7380184868160277,4.783861169202593,0.3155860624901592,0.24196270209388,-0.7502761713406507,0.1915702782370817,0.8629566504006784,142.37,0.7918958135593753
2024-12-08,israel_iran,2024-04-01,5325,-3.904904061672064,3.904904061672064,4.175662140786338,2.899582032807385,0.7245638888514,4.723229497478378,-0.0787005171307695,-0.4768671733586487,0.2620733204541886,-0.2223894299861621,0.6710755443479076,142.37,0.7918958135593753
2024-12-09,israel_iran,2024-04-01,4600,-3.942423195794488,3.942423195794488,4.306073972040923,2.6355831391187485,0.730785997261869,4.691847614223505,-0.0197373624516218,-0.2827359184723715,-0.0632383270214206,-0.0309528527727295,0.5717612701785687,142.37,0.7918958135593753
2024-12-10,israel_iran,2024-04-01,4456,-4.163178159315555,4.163178159315555,4.793852956547455,2.7191340934516104,0.7343579512949221,4.71262094903517,0.3271898618763726,0.4433726366981392,0.0397170233681883,0.0789460125220106,0.6375026615457285,142.37,0.7918958135593753
2024-12-11,israel_iran,2024-04-01,4404,-4.053977562372404,4.053977562372404,4.639194448728737,2.625058476769812,0.7405991827884583,4.713971933005712,0.1555757817751481,0.2131477413581211,-0.0762073027622635,0.2709709526064578,0.6417781217327121,142.37,0.7918958135593753
2024-12-12,israel_iran,2024-04-01,4472,-3.34824449141725,3.34824449141725,3.917640111004264,2.192629996976477,0.7013430700590672,4.636443616579408,-0.9535182631230916,-0.8609591682951699,-0.6090656765661155,-0.9368279733934254,0.3964241889902114,142.37,0.7918958135593753
2024-12-13,israel_iran,2024-04-01,3846,-3.420589311435624,3.420589311435624,3.9135944422408215,2.001836761109693,0.7064814878824321,4.563934411604195,-0.8398248394140133,-0.8669815571102468,-0.8441699265113027,-0.7787334730240008,0.1669542427724105,142.37,0.7918958135593753
2024-12-14,israel_iran,2024-04-01,2141,-3.701589571432825,3.701589571432825,4.480930258308447,1.3569209030135194,0.7222332568697227,4.556535981021475,-0.3982191845224949,-0.0224445787119301,-1.638865075983602,-0.2940963466586128,0.1435404228512951,142.37,0.7918958135593753
2024-12-15,israel_iran,2024-04-01,2419,-3.450311656332907,3.450311656332907,3.939154187219666,1.3996320488804763,0.7185841727550576,4.484284778741755,-0.7931147204148101,-0.8289332809716354,-1.5862344265387671,-0.4063682851706497,-0.0851130220039667,142.37,0.7918958135593753
2024-12-16,israel_iran,2024-04-01,3692,-4.184111670124327,4.184111670124327,4.756658428691083,2.3737844574714764,0.7521885438250732,4.514131344972214,0.3600878981628114,0.3880048046678981,-0.3858387714538231,0.6275426261580352,0.0093424329969636,142.37,0.7918958135593753
2024-12-17,israel_iran,2024-04-01,3500,-3.742459659494761,3.742459659494761,4.234640193606692,2.037992280536769,0.724805052774987,4.488386979451167,-0.333989841801442,-0.3890723521785577,-0.7996174231813815,-0.2149695020400059,-0.0721307837283568,142.37,0.7918958135593753
2024-12-18,israel_iran,2024-04-01,2850,-3.2068453024970496,3.2068453024970496,3.660231348722165,1.4859530550858455,0.6938021574369213,4.4032891751397285,-1.1757340056453809,-1.244138252277172,-1.4798656901093623,-1.168840404906228,-0.3414398815908147,142.37,0.7918958135593753
2024-12-19,israel_iran,2024-04-01,3049,-3.7519485402463273,3.7519485402463273,4.373355942297263,1.834452432626906,0.7332465322256433,4.391733323341906,-0.3190776015119683,-0.1825798728787293,-1.0504286380517966,0.0447508091542126,-0.3780106961715812,142.37,0.7918958135593753
2024-12-20,israel_iran,2024-04-01,2782,-3.985866984079561,3.985866984079561,4.654710769512684,1.8115033231592297,0.7244990863251161,4.414639361656189,0.0485366760734288,0.2362453606157276,-1.0787075921970857,-0.2243832193913269,-0.305519936111003,142.37,0.7918958135593753
2024-12-21,israel_iran,2024-04-01,2173,-4.3721581787507935,4.3721581787507935,4.931171492976053,1.6227456904901565,0.74939606550219,4.462474177106612,0.6556121855527275,0.6477852236511616,-1.3113034777298256,0.5416260112729575,-0.1541370526205626,142.37,0.7918958135593753
2024-12-22,israel_iran,2024-04-01,3085,-4.883410821408282,4.883410821408282,5.20595869690592,2.4099091593417525,0.7813626813039547,4.53471315538918,1.4590707235556035,1.056833882905542,-0.3413242429427872,1.525147851536972,0.0744777069399141,142.37,0.7918958135593753
2024-12-23,israel_iran,2024-04-01,2821,-3.974574898253046,3.974574898253046,4.504589278209706,1.826668983162551,0.7333522751925637,4.532123051382283,0.0307906107973362,0.0127742751192437,-1.0600197644876477,0.0480042194640659,0.066280802459106,142.37,0.7918958135593753
2024-12-24,israel_iran,2024-04-01,2374,-3.6772392354293832,3.6772392354293832,4.191826675293465,1.4688042078541097,0.7084027786488769,4.496537357076035,-0.4364869287506875,-0.4528046221442946,-1.500997292849498,-0.7196208211870274,-0.0463372763264654,142.37,0.7918958135593753
2024-12-25,israel_iran,2024-04-01,2642,-3.358354227322631,3.358354227322631,3.8629841945839214,1.4640118109536353,0.6908018478457055,4.43088641535351,-0.9376303185876648,-0.9423200505062876,-1.5069027059717557,-1.2611513967488932,-0.2541028706584651,142.37,0.7918958135593753
2024-12-26,israel_iran,2024-04-01,2834,-4.484012186219572,4.484012186219572,5.095874414949079,2.0684077115022848,0.75072716344349,4.501589110660025,0.8313962300976779,0.8929622495273017,-0.7621381223486201,0.5825801086637356,-0.0303499872144141,142.37,0.7918958135593753
2024-12-27,israel_iran,2024-04-01,3102,-4.324850746249364,4.324850746249364,4.78951639806017,2.1435388314083843,0.7593642846651674,4.529135535942466,0.5812662411353164,0.4369172289876151,-0.6695580813800892,0.8483197606558784,0.0568262096590051,142.37,0.7918958135593753
2024-12-28,israel_iran,2024-04-01,2314,-4.382886727579462,4.382886727579462,4.92482173273628,1.714032087128441,0.7665269278017551,4.561052480938051,0.6724726248689288,0.638332960679962,-1.1988161575460652,1.0686939160728028,0.1578337942005433,142.37,0.7918958135593753
2024-12-29,israel_iran,2024-04-01,3021,-3.135856250461476,3.135856250461476,3.5645789061323088,1.5220679863150353,0.6816486099381232,4.45317056907816,-1.2872967736464132,-1.386526627122216,-1.4353632014341922,-1.5427704910898954,-0.1835801893181765,142.37,0.7918958135593753
2024-12-30,israel_iran,2024-04-01,5856,-1.0716452122122209,1.0716452122122209,1.361978974376144,0.8503412528527597,0.5644339626692367,4.1239091720579815,-4.531305399793027,-4.665320312102545,-2.263095951609078,-5.149131774458159,-1.225594028687216,142.37,0.7918958135593753
2024-12-31,israel_iran,2024-04-01,3087,-2.8759000039956097,2.8759000039956097,3.5128886017652308,1.419950924624564,0.6729990896393288,4.059689480146612,-1.6958307318172812,-1.463472894617265,-1.5611965680432036,-1.8088916274161744,-1.4288301454542298,142.37,0.7918958135593753
2025-01-01,israel_iran,2024-04-01,2695,-3.640243868303172,3.640243868303172,4.274885109961929,1.612607933986883,0.7174084902412076,4.080839876986236,-0.4946269579730284,-0.3291637070834398,-1.3237956901921857,-0.442540691932712,-1.361895465547965,113.23,0.1944241058059492
2025-01-02,israel_iran,2024-04-01,2849,-4.313218749122709,4.313218749122709,4.848313652605179,1.99805106587694,0.7385046100378637,4.153496940733059,0.5629859886228665,0.5244429135737614,-0.8488348352758827,0.2065269070119323,-1.1319575905426278,113.23,0.1944241058059492
2025-01-03,israel_iran,2024-04-01,2506,-4.260765429929497,4.260765429929497,4.794880005763281,1.7791908605616202,0.7492964567441912,4.218320950314698,0.4805530315366952,0.4449015037585914,-1.1185245031498254,0.5385613331230755,-0.9268089891008384,113.23,0.1944241058059492
2025-01-04,israel_iran,2024-04-01,1973,-4.715398140303736,4.715398140303736,5.296036421464352,1.6136164375699795,0.7656474587168124,4.329613004496368,1.1950305761550577,1.1909237238164616,-1.322552965431039,1.0416351539491486,-0.5746029251084607,113.23,0.1944241058059492
2025-01-05,israel_iran,2024-04-01,1998,-4.159612089752731,4.159612089752731,4.915901929948811,1.4386717604194392,0.7483436708137067,4.3923298674190105,0.3215856091091498,0.6250549283740656,-1.538127888286788,0.5092468202093852,-0.3761228125940876,113.23,0.1944241058059492
2025-01-06,israel_iran,2024-04-01,2618,-3.7731239073718994,3.7731239073718994,4.391488029633369,1.6326927176889852,0.715118928310886,4.392717382328309,-0.2857994761922632,-0.1555884194622505,-1.2990462907381557,-0.5129839999473192,-0.3748964438120046,113.23,0.1944241058059492
2025-01-07,israel_iran,2024-04-01,2762,-3.4178881091632074,3.4178881091632074,4.154432308165261,1.5443814976971657,0.704843540682628,4.365357677714079,-0.8440699109257503,-0.5084699352254743,-1.4078674606480668,-0.829128449276624,-0.4614817256187547,113.23,0.1944241058059492
2025-01-08,israel_iran,2024-04-01,3398,-3.4707105990942555,3.4707105990942555,4.118289398547366,1.8472750535222635,0.7091735262677049,4.337774154372823,-0.7610567839655353,-0.5622723267099256,-1.0346280115031734,-0.6959071093211946,-0.5487753267522815,113.23,0.1944241058059492
2025-01-09,israel_iran,2024-04-01,4033,-3.2710774027392526,3.2710774027392526,3.993977302031125,1.984050630987277,0.7011773206102832,4.303816040878218,-1.0747901179322583,-0.7473235069753922,-0.8660868187054148,-0.9419276124638142,-0.6562425990790017,113.23,0.1944241058059492
2025-01-10,israel_iran,2024-04-01,3079,-3.669869203814579,3.669869203814579,4.300951599636866,1.808258645000644,0.7167534239827653,4.305668774636832,-0.4480692939693507,-0.2903610900018869,-1.082705834699354,-0.4626952173911878,-0.6503792508863073,113.23,0.1944241058059492
2025-01-11,israel_iran,2024-04-01,1633,-3.671604496512325,3.671604496512325,4.233926610176665,1.0683344827317576,0.7229559683298395,4.297130481831433,-0.4453421966057239,-0.3901345935826125,-1.994474610967761,-0.2718605707590962,-0.6774003938090102,113.23,0.1944241058059492
2025-01-12,israel_iran,2024-04-01,1851,-3.866198220318364,3.866198220318364,4.3849479559515165,1.2531107213927597,0.7305298923254057,4.308374123007711,-0.1395286402766279,-0.1653239833193999,-1.7667847832821526,-0.0388324731858859,-0.6418176324631245,113.23,0.1944241058059492
2025-01-13,israel_iran,2024-04-01,3687,-3.3556201933232868,3.3556201933232868,3.83026860765062,1.901785775302772,0.7107567593517268,4.255447588513804,-0.9419269867643704,-0.9910205241105928,-0.9674573788549308,-0.6471955307787426,-0.8093142837912312,113.23,0.1944241058059492
2025-01-14,israel_iran,2024-04-01,4487,-3.781768848211255,3.781768848211255,4.220515303533449,2.482617538664912,0.7270813905711025,4.251876355383959,-0.2722135287596875,-0.4100986855155727,-0.2517296149789483,-0.1449330630193158,-0.8206161684901042,113.23,0.1944241058059492
2025-01-15,israel_iran,2024-04-01,5271,-3.4211987862714377,3.4211987862714377,3.8360614612540735,2.522175676525085,0.6885994863547537,4.211265886850973,-0.8388670198945144,-0.9823972732245936,-0.202984247835335,-1.3289117952827914,-0.9491361547915615,113.23,0.1944241058059492
2025-01-16,israel_iran,2024-04-01,6852,-3.2039887785339047,3.2039887785339047,3.623448059812297,2.827725625172775,0.6712871240465397,4.148342741774725,-1.1802231727923098,-1.298893913371887,0.1735285314110059,-1.8615639390781311,-1.148269088623032,113.23,0.1944241058059492
2025-01-17,israel_iran,2024-04-01,4994,-3.4642875341212376,3.4642875341212376,3.909605040761017,2.45766424259225,0.695829572799561,4.120354129169937,-0.7711509447817873,-0.872920186359366,-0.2824782205580238,-1.106462601112156,-1.2368446761132972,113.23,0.1944241058059492
2025-01-18,israel_iran,2024-04-01,3660,-3.8375933353438767,3.8375933353438767,4.311983184716501,2.1627648753997257,0.7110204343872529,4.136097570519542,-0.1844826163419195,-0.2739394552905879,-0.6458668607167238,-0.6390829999503135,-1.1870213931106492,113.23,0.1944241058059492
2025-01-19,israel_iran,2024-04-01,4965,-4.025328574632669,4.025328574632669,4.449404354899394,2.843788956987982,0.7231900846790973,4.163250181547081,0.1105524960567965,-0.0693740875712561,0.1933225118468314,-0.264657476628464,-1.1010915005640112,113.23,0.1944241058059492
2025-01-20,israel_iran,2024-04-01,4688,-2.63381993195166,2.63381993195166,3.114438448556524,1.7852085882118327,0.6524495903946185,4.050691907536961,-2.076271407396083,-2.0566064125496446,-1.1111091808028348,-2.441141266821096,-1.457304771586639,113.23,0.1944241058059492
2025-01-21,israel_iran,2024-04-01,4732,-3.0894891167274827,3.0894891167274827,3.880881934565637,2.1083034878204177,0.6847801595223363,4.031993719529854,-1.3601649925521415,-0.9156774469261288,-0.712976701480405,-1.446421617970418,-1.5164789439945117,113.23,0.1944241058059492
2025-01-22,israel_iran,2024-04-01,3878,-3.515707405117098,3.515707405117098,4.027708410718163,2.070438292136267,0.7080483751781493,4.0324748772737165,-0.6903421020932059,-0.6971113261086361,-0.7596359469715069,-0.7305248078926421,-1.5149562236496388,113.23,0.1944241058059492
2025-01-23,israel_iran,2024-04-01,3396,-3.292804227196453,3.292804227196453,3.856251989256441,1.7517849581342229,0.6949530117432176,4.008006780087216,-1.0406453504390518,-0.9523416218300172,-1.1522953237189733,-1.1334318914675998,-1.5923904328284253,113.23,0.1944241058059492
2025-01-24,israel_iran,2024-04-01,3674,-3.88383299062272,3.88383299062272,4.391915035382087,2.1952195078740115,0.7240278616230467,4.044201854163678,-0.1118147360646019,-0.1549527780404204,-0.6058747614661966,-0.2388814630912924,-1.4778438493358297,113.23,0.1944241058059492
2025-01-25,israel_iran,2024-04-01,4081,-4.321837444440119,4.321837444440119,4.850480871400573,2.6447113949925734,0.7380059874723518,4.124419208868117,0.5765306899337951,0.5276690388441112,-0.0519900679268384,0.1911857089861352,-1.2239799147353263,113.23,0.1944241058059492
2025-01-26,israel_iran,2024-04-01,4478,-3.929515870351158,3.929515870351158,4.456521316321623,2.5758135078945,0.7319833951126239,4.162555166924788,-0.0400218558017574,-0.0587797677263231,-0.1368892311252164,0.005887673137355,-1.1032910139644505,113.23,0.1944241058059492
2025-01-27,israel_iran,2024-04-01,4872,-3.941525363009112,3.941525363009112,4.551308776165119,2.747002318203001,0.731462088588002,4.219043585055889,-0.0211483505950959,0.0823209924568412,0.0740575388886357,-0.0101514457865024,-0.9245220662852752,113.23,0.1944241058059492
2025-01-28,israel_iran,2024-04-01,3849,-3.282128229098225,3.282128229098225,3.720164284546855,1.9219389834391525,0.703000351311477,4.1703003338827935,-1.0574232037116271,-1.1549219907713235,-0.9426236636481654,-0.8858381433371835,-1.078779877124528,113.23,0.1944241058059492
2025-01-29,israel_iran,2024-04-01,3240,-3.449968752339231,3.449968752339231,4.024005810493216,1.7693853102385786,0.7061725243777734,4.154285401920144,-0.7936536108154582,-0.7026230225636003,-1.1306073557914575,-0.7882394012261211,-1.1294623467145226,113.23,0.1944241058059492
2025-01-30,israel_iran,2024-04-01,3850,-4.810669408694668,4.810669408694668,5.500963365656399,2.817571546918683,0.7621935895105041,4.292557452932376,1.3447540350249607,1.4959782917440438,0.1610162065323614,0.9353694228850546,-0.6918726624799686,113.23,0.1944241058059492
2025-01-31,israel_iran,2024-04-01,2906,-3.501286611185677,3.501286611185677,3.9834750101704737,1.647808292785311,0.7073691057368772,4.257168228797202,-0.7130050852100336,-0.7629572349774942,-1.2804201799676818,-0.7514239964416605,-0.8038689719383927,113.23,0.1944241058059492
2025-02-01,israel_iran,2024-04-01,3075,-3.893606990318317,3.893606990318317,4.278660231979983,1.9165328166956312,0.7229584942037373,4.253698974411783,-0.096454417406795,-0.3235440545744351,-0.9492853923595626,-0.2717828568040265,-0.8148481244130334,136.98,0.6813820007662739
2025-02-02,israel_iran,2024-04-01,2305,-3.498317368645098,3.498317368645098,3.920119731434601,1.3636934978485509,0.7002463133703081,4.214841848112953,-0.7176713951155019,-0.8572680014650442,-1.630519571376801,-0.9705720570192764,-0.9378193069686684,136.98,0.6813820007662739
2025-02-03,israel_iran,2024-04-01,2704,-2.86790916053339,2.86790916053339,3.341454583686345,1.2738935365611783,0.6824672415340117,4.121704317437995,-1.708388733223771,-1.7186698406281031,-1.7411752371694582,-1.5175835254542602,-1.2325717340866789,136.98,0.6813820007662739
2025-02-04,israel_iran,2024-04-01,3878,-3.6368780241933023,3.6368780241933023,4.149170160258187,2.141796986335927,0.7226036891334028,4.124421841535625,-0.4999165466460658,-0.5163031767862288,-0.6717044634434802,-0.2826991995872091,-1.2239715831300952,136.98,0.6813820007662739
2025-02-05,israel_iran,2024-04-01,6664,-2.7772823000882885,2.7772823000882885,3.213147101807241,2.4060915135483003,0.6865654950967267,4.028295723946791,-1.8508132778061144,-1.9096685577603187,-0.3460285226660614,-1.391491920673016,-1.5281819939431245,136.98,0.6813820007662739
2025-02-06,israel_iran,2024-04-01,5446,-2.622268766033472,2.622268766033472,3.100776992282996,1.978207141821814,0.674670147962598,3.9306111567253335,-2.09442462971023,-2.0769428776114425,-0.8732874363324895,-1.757477916077998,-1.8373244317105752,136.98,0.6813820007662739
2025-02-07,israel_iran,2024-04-01,4715,-3.554140680998426,3.554140680998426,4.222991314624946,2.4190662023321856,0.710775280502744,3.9594186372476585,-0.6299423289208634,-0.4064128915528582,-0.3300405110316372,-0.6466256876447305,-1.7461573721849877,136.98,0.6813820007662739
2025-02-08,israel_iran,2024-04-01,4040,-4.660930591469944,4.660930591469944,5.304060918284035,2.8307345723281987,0.7548239245050963,4.099792676490103,1.109432158654226,1.202869002265891,0.1772362952679727,0.7086257934312338,-1.3019155239072326,136.98,0.6813820007662739
2025-02-09,israel_iran,2024-04-01,3000,-3.7612486397934455,3.7612486397934455,4.229843217830888,1.8155507886072848,0.7243301556562538,4.111941165516341,-0.3044620401203086,-0.3962131377810385,-1.0737201180656208,-0.2295807355546507,-1.2634691897565362,136.98,0.6813820007662739
2025-02-10,israel_iran,2024-04-01,4044,-4.38184470992875,4.38184470992875,5.190283726379125,2.663211062147308,0.7466084946850808,4.227286098007175,0.6708350431561725,1.033500097393922,-0.0291939223984594,0.4558603863813145,-0.898436978132982,136.98,0.6813820007662739
2025-02-11,israel_iran,2024-04-01,4687,-4.167422247707169,4.167422247707169,4.91212996611955,2.824249776981265,0.740122391740467,4.299589923187736,0.3338596544011726,0.6194399771498117,0.1692454305019211,0.2563014482757593,-0.6696169975360856,136.98,0.6813820007662739
2025-02-12,israel_iran,2024-04-01,4345,-3.2387115114088143,3.2387115114088143,3.8284047564618815,2.076403936614804,0.7028354553852859,4.252429122402843,-1.1256546994713228,-0.9937950558897286,-0.7522848039176443,-0.8909115219452037,-0.8188668262081469,136.98,0.6813820007662739
2025-02-13,israel_iran,2024-04-01,3291,-3.87952982728778,3.87952982728778,4.609977644606556,2.014118728932816,0.7194175834873152,4.293632079113286,-0.1185773677527379,0.1696555612894817,-0.8290355176849739,-0.380726607547692,-0.6884717920384583,136.98,0.6813820007662739
2025-02-14,israel_iran,2024-04-01,3023,-3.2761322446354963,3.2761322446354963,3.874160797133184,1.5909884375327483,0.6914650856399862,4.251489210264584,-1.066846186613526,-0.9256825425641,-1.350436233683942,-1.2407454563763258,-0.8218413669976848,136.98,0.6813820007662739
2025-02-15,israel_iran,2024-04-01,2962,-5.090261884240691,5.090261884240691,5.598368647784089,2.4323169289682167,0.7728365333775409,4.393281211031472,1.7841472877837727,1.6409759462519864,-0.3137123527882916,1.2628225321803077,-0.3731120946078557,136.98,0.6813820007662739
2025-02-16,israel_iran,2024-04-01,2276,-3.6119169719965214,3.6119169719965214,4.16841453001412,1.3932766441734372,0.7224211876014924,4.369242778086373,-0.5391440612478337,-0.4876559780292261,-1.594065850173669,-0.2883142526046624,-0.4491865449753341,136.98,0.6813820007662739
2025-02-17,israel_iran,2024-04-01,3062,-3.5844557839346494,3.5844557839346494,4.1589516268375935,1.7584650312060597,0.7213351815901861,4.353981981544377,-0.5823006616662209,-0.5017424704191706,-1.144063828708166,-0.3217275684652316,-0.497482401521129,136.98,0.6813820007662739
2025-02-18,israel_iran,2024-04-01,3944,-3.553054943303192,3.553054943303192,4.238865606829966,2.1192444285006147,0.7259353201669957,4.3444473070371465,-0.6316486188223354,-0.3827823954809483,-0.69949476832577,-0.1801943893952243,-0.5276567945120112,136.98,0.6813820007662739
2025-02-19,israel_iran,2024-04-01,2936,-3.835058617551366,3.835058617551366,4.626010851722142,1.8197246202667323,0.7369674192341479,4.375907783617641,-0.1884660493491985,0.1935226183444814,-1.068576929643694,0.1592319184687892,-0.4280937959743736,136.98,0.6813820007662739
2025-02-20,israel_iran,2024-04-01,3882,-4.02917076878849,4.02917076878849,4.632625346044245,2.3746716944074926,0.736049456744244,4.405867057676575,0.1165906921297074,0.2033689648824831,-0.3847454770641237,0.1309888237676693,-0.3332816544072695,136.98,0.6813820007662739
2025-02-21,israel_iran,2024-04-01,4577,-4.883555212725951,4.883555212725951,5.534440560884659,3.252828374523006,0.7820645568849615,4.52503399925694,1.4592976415748269,1.5458124966410516,0.697359801327753,1.5467425667032249,0.0438460728203836,136.98,0.6813820007662739
2025-02-22,israel_iran,2024-04-01,3024,-5.197699831039176,5.197699831039176,5.695370262942221,2.5248208904346856,0.7885010930322905,4.646733522886556,1.952991276955233,1.785372701481063,-0.1997246929075313,1.744776475447405,0.4289886647377332,136.98,0.6813820007662739
2025-02-23,israel_iran,2024-04-01,2795,-4.7797309148805,4.7797309148805,5.423122332169455,2.1804502703906143,0.7464194893401477,4.729710452886782,1.2961326785098497,1.3801040081986702,-0.6240740990109557,0.4500452295370253,0.69158582975946,136.98,0.6813820007662739
2025-02-24,israel_iran,2024-04-01,3057,-3.262940481468541,3.262940481468541,3.7572444655967097,1.59866928848927,0.701166939726444,4.628078638141455,-1.087577687760802,-1.0997243755751511,-1.3409715338749055,-0.9422470027314738,0.3699515342020869,136.98,0.6813820007662739
2025-02-25,israel_iran,2024-04-01,3852,-3.0526750942695333,3.0526750942695333,3.612989037998189,1.7886308644835274,0.6915578933917758,4.525977803386677,-1.4180200297570742,-1.3144632295153909,-1.1068920936911943,-1.237890025842269,0.0468329305988548,136.98,0.6813820007662739
2025-02-26,israel_iran,2024-04-01,3684,-4.054430286468668,4.054430286468668,4.818808124783836,2.2964064144363374,0.7331811659001398,4.559650127164423,0.1562872598393243,0.4805209389573824,-0.4811875750283101,0.0427396732507705,0.1533957639515188,136.98,0.6813820007662739
2025-02-27,israel_iran,2024-04-01,3282,-4.363004510830152,4.363004510830152,5.09193689171068,2.260287396815067,0.7474543284870422,4.610619957048597,0.6412267486253923,0.887100846309046,-0.5256950991448092,0.4818842865220547,0.3147000304408555,136.98,0.6813820007662739
2025-02-28,israel_iran,2024-04-01,2953,-3.4929158569087897,3.4929158569087897,4.05815586531553,1.6650114057806038,0.7047357247258181,4.555785972508579,-0.7261601350467051,-0.6517871978281208,-1.259221708443751,-0.8324456395888249,0.141166870235789,136.98,0.6813820007662739
2025-03-01,israel_iran,2024-04-01,2438,-3.296007561833145,3.296007561833145,3.724788282398719,1.3456594578351475,0.7025048950173582,4.469627448542902,-1.0356111533529453,-1.1480387003755197,-1.6527419496050992,-0.901081924198564,-0.1314990880707107,174.11,1.442676596129511
2025-03-02,israel_iran,2024-04-01,2823,-4.1865152958720016,4.1865152958720016,4.695743808427842,1.9251678319086525,0.7126339510062603,4.496522464453912,0.363865313608713,0.2973272061796221,-0.9386449272209548,-0.5894396831768485,-0.0463844070210964,174.11,1.442676596129511
2025-03-03,israel_iran,2024-04-01,4217,-2.33210363709113,2.33210363709113,3.0865255458625938,1.4624139207354885,0.6306780469500878,4.35411492831213,-2.5504333244870265,-2.098157602923721,-1.5088717002053589,-3.1109897301911427,-0.4970616647656162,174.11,1.442676596129511
2025-03-04,israel_iran,2024-04-01,3681,-2.9269936251958137,2.9269936251958137,3.488287599572237,1.656801755069358,0.6829045069129208,4.263882474941382,-1.6155346066424503,-1.5000939847533494,-1.2693380197689967,-1.5041301135317924,-0.7826203911254489,174.11,1.442676596129511
2025-03-05,israel_iran,2024-04-01,3759,-3.1163442013265303,3.1163442013265303,3.620972729091449,1.792394677339756,0.6886286006687045,4.201843715257412,-1.3179609133756751,-1.302578694533795,-1.1022541494030882,-1.3280160306572053,-0.9789545097103411,174.11,1.442676596129511
2025-03-06,israel_iran,2024-04-01,3219,-3.522187582058088,3.522187582058088,4.136797106900718,1.7972526766164196,0.7120355424148234,4.20106047010481,-0.6801581870254142,-0.5347217232628227,-1.0962678979986005,-0.607851013382385,-0.981433246349424,174.11,1.442676596129511
2025-03-07,israel_iran,2024-04-01,2957,-3.1550860930472653,3.1550860930472653,3.7282432877142586,1.5055939289013889,0.6918548180356616,4.151046508465849,-1.2570761353144668,-1.1428955740878817,-1.4556632969495995,-1.2287544991419967,-1.1397124757431931,174.11,1.442676596129511
2025-03-08,israel_iran,2024-04-01,2602,-3.6139502568431374,3.6139502568431374,4.272015677329296,1.5560492178728034,0.7153079654896403,4.157443960888211,-0.5359486546447216,-0.3334351489643311,-1.393489956183606,-0.5071678636669039,-1.1194664523066893,174.11,1.442676596129511
2025-03-09,israel_iran,2024-04-01,3059,-3.799764214239018,3.799764214239018,4.318206172285064,1.8626474810459488,0.7416478350600867,4.174008165983308,-0.2439329307282768,-0.26467590631497,-1.0156853952915783,0.3032350001485843,-1.067045697540288,174.11,1.442676596129511
2025-03-10,israel_iran,2024-04-01,3542,-4.067477348738015,4.067477348738015,4.690698817495279,2.2354276561630595,0.7411693113063401,4.222918276079113,0.1767913564473577,0.2898172248289539,-0.5563284214073602,0.2885121853904174,-0.9122598281182206,174.11,1.442676596129511
2025-03-11,israel_iran,2024-04-01,3443,-4.131497986383826,4.131497986383826,4.673960972558656,2.221496879795443,0.7430486712922526,4.266707258701503,0.2774029203456705,0.2649012428173579,-0.5734945683841295,0.3463347463810982,-0.7736807954184829,174.11,1.442676596129511
2025-03-12,israel_iran,2024-04-01,3713,-3.613314890943764,3.613314890943764,4.187004556897758,2.0588401648855807,0.7185036739011976,4.260717354049953,-0.536947163237176,-0.4599828350898778,-0.7739276958149791,-0.4088450059276567,-0.7926370520580466,174.11,1.442676596129511
2025-03-13,israel_iran,2024-04-01,3579,-4.316670489483776,4.316670489483776,5.147916462665074,2.39140419247473,0.7423043258453954,4.352408029230369,0.5684105674566354,0.9704321227187528,-0.3641269190217732,0.3234333542467229,-0.5024634898252747,174.11,1.442676596129511
2025-03-14,israel_iran,2024-04-01,4100,-3.81895380874486,3.81895380874486,4.347115775287652,2.345105356990396,0.7259798394876648,4.354490695237836,-0.213775544222871,-0.2216410263108676,-0.4211784855536188,-0.1788246565319373,-0.4958724748377791,174.11,1.442676596129511
2025-03-15,israel_iran,2024-04-01,3602,-4.03354009424474,4.03354009424474,4.345789906797477,2.245562458805672,0.7247051247932592,4.346703256825348,0.1234573008280776,-0.2236147162079849,-0.5438398488287304,-0.2180440017960084,-0.520517388187729,174.11,1.442676596129511
2025-03-16,israel_iran,2024-04-01,3358,-4.116023909807382,4.116023909807382,4.615960389858431,2.170695297244073,0.7374941314466187,4.376100539806965,0.2530846520264521,0.1785614851787342,-0.6360946281163707,0.1754373550314615,-0.4274837802886079,174.11,1.442676596129511
