date,event_name,event_date,N,mean_tone,F1_raw,F2_raw,F3_raw,F4_raw,F5_raw,F1_z,F2_z,F3_z,F4_z,F5_z,GPR,GPR_zscore
2025-03-17,us_israel_iran,2026-02-28,893,-5.339966275166676,5.339966275166676,5.712715676317063,3.581230573444812,0.7863751358726193,5.712715676317063,2.5876104630660484,2.451216990433642,0.9388219961637296,1.7576826492519633,4.956098543780318,174.11,1.442676596129511
2025-03-18,us_israel_iran,2026-02-28,847,-3.3755664269482084,3.3755664269482084,3.956452635369407,2.177762540997431,0.7078026164925877,4.788366707397245,0.2410175856788247,0.471152237350773,0.1615338668517708,0.1294584474643016,2.8355458063059604,174.11,1.442676596129511
2025-03-19,us_israel_iran,2026-02-28,774,-3.5479487789193005,3.5479487789193005,4.099189991547436,2.140537425075244,0.7472527941952117,4.534057956161153,0.4469385949323518,0.6320787052697517,0.140917336906218,0.9469673501578402,2.252135063469767,174.11,1.442676596129511
2025-03-20,us_israel_iran,2026-02-28,405,-4.426446586828344,4.426446586828344,4.858705342647408,1.5935723909689872,0.7652212188420369,4.62845963876838,1.4963566656521303,1.4883795788148302,-0.1620104237055605,1.3193192119640411,2.468702348343653,174.11,1.442676596129511
2025-03-21,us_israel_iran,2026-02-28,429,-3.7334897521647,3.7334897521647,4.073174072133607,1.410396770364552,0.7509362548083751,4.492862079091016,0.6685783627606817,0.6027475607604573,-0.2634592862257097,1.023298105032533,2.1576274339585657,174.11,1.442676596129511
2025-03-22,us_israel_iran,2026-02-28,289,-3.753487623633114,3.753487623633114,4.031631202488903,1.0113287025356203,0.7156646475363797,4.394426049348314,0.6924670139399433,0.5559108569139717,-0.4844766979083785,0.2923799029771733,1.9318049368761885,174.11,1.442676596129511
2025-03-23,us_israel_iran,2026-02-28,467,-3.533089397649699,3.533089397649699,5.042836247349749,1.4318037133725097,0.7477854608294484,4.518713253699108,0.429188177021634,1.6959744013749165,-0.251603396173175,0.9580055695275674,2.216932719002781,174.11,1.442676596129511
2025-03-24,us_israel_iran,2026-02-28,613,-3.0061248531858045,3.0061248531858045,3.6984158941075247,1.5161305592943417,0.7132623636066875,4.374683379740213,-0.2003024268368603,0.1802337106491428,-0.204900332902786,0.2425984162086009,1.8865131980522305,174.11,1.442676596129511
2025-03-25,us_israel_iran,2026-02-28,480,-2.3964308944829624,2.3964308944829624,2.6775993487044976,0.993291581963266,0.6778224834434043,4.097644399401918,-0.928618254276792,-0.9706661339582427,-0.49446626616624,-0.4918068319063902,1.250956943978628,174.11,1.442676596129511
2025-03-26,us_israel_iran,2026-02-28,473,-2.608509661781502,2.608509661781502,3.592800395975148,1.0682555709607162,0.686015713611841,4.020133683572968,-0.6752775073615702,0.0611595626682305,-0.4529486701637282,-0.3220220807449596,1.0731392948425549,174.11,1.442676596129511
2025-03-27,us_israel_iran,2026-02-28,331,-2.97311323958734,2.97311323958734,3.3110269883715944,0.9014074542572544,0.6997420882643213,3.9167938926696415,-0.2397367698050039,-0.2565204088073395,-0.5453548080402741,-0.0375763790120836,0.8360670592926447,174.11,1.442676596129511
2025-03-28,us_israel_iran,2026-02-28,422,-2.9098279921462504,2.9098279921462504,3.180553977543072,1.084266751042603,0.6870106175752702,3.814192134019208,-0.3153347754878229,-0.4036196780778225,-0.444081136364455,-0.3014051179125127,0.6006879465424945,174.11,1.442676596129511
2025-03-29,us_israel_iran,2026-02-28,287,-3.0886923430031508,3.0886923430031508,3.2497054792049536,0.827155497163249,0.7239952970699173,3.73850475138155,-0.1016706316425964,-0.3256561567424533,-0.5864780566594158,0.4650123359721137,0.4270532135129216,174.11,1.442676596129511
2025-03-30,us_israel_iran,2026-02-28,675,-3.033928947603811,3.033928947603811,3.164196388773618,1.6493282103149332,0.7013017717325954,3.664038403198023,-0.1670887763763051,-0.4220617247488855,-0.1311309626022733,-0.005255735736166,0.256219660601807,174.11,1.442676596129511
2025-03-31,us_israel_iran,2026-02-28,494,-4.4444229892901,4.4444229892901,5.114176414664105,1.885929169006992,0.7554136990043239,3.84665039382988,1.5178305514376849,1.7764054914136675,-9.333842891254037e-05,1.1160822369341274,0.675150572682067,174.11,1.442676596129511
2025-04-01,us_israel_iran,2026-02-28,339,-2.7372543353739984,2.7372543353739984,2.9163200352473657,0.8471464482319873,0.6654862334760054,3.732457112374897,-0.5214843097456758,-0.7015251190677718,-0.5754063908999258,-0.747445583402576,0.4131793002160839,140.97,0.7631909271196087
2025-04-02,us_israel_iran,2026-02-28,249,-2.766043400882752,2.766043400882752,3.0019504681151115,0.6533395607167652,0.6896994885999639,3.6447852525937376,-0.4870940525224618,-0.6049827458813707,-0.6827432090971924,-0.2456848112144871,0.212050929319905,140.97,0.7631909271196087
2025-04-03,us_israel_iran,2026-02-28,266,-2.606632660006335,2.606632660006335,2.860771871537869,0.6528597600186801,0.6842382307629383,3.552538113839667,-0.677519698023743,-0.7641518204759518,-0.6830089389737803,-0.3588560860139993,0.0004263922820004,140.97,0.7631909271196087
2025-04-04,us_israel_iran,2026-02-28,166,-1.9606905116031847,1.9606905116031847,2.205682973651748,0.3205613412600737,0.6266164058383886,3.396816984287526,-1.449136151782734,-1.502719111706031,-0.8670470576331614,-1.5529281436953648,-0.3568140857814704,140.97,0.7631909271196087
2025-04-05,us_israel_iran,2026-02-28,142,-2.1869337974567413,2.1869337974567413,2.581135185548361,0.3093336930384462,0.6586752957462451,3.303959502413684,-1.1788750419470169,-1.0794227865483,-0.8732653094785868,-0.8885856885686948,-0.569838813458353,140.97,0.7631909271196087
2025-04-06,us_israel_iran,2026-02-28,265,-4.418373149226103,4.418373149226103,4.6815849697335485,1.1029483426505688,0.7765086097386655,3.4586478969008305,1.4867124625177073,1.2886886445511403,-0.433734638219995,1.5532229123664394,-0.2149675371171701,140.97,0.7631909271196087
2025-04-07,us_israel_iran,2026-02-28,252,-3.30713540980578,3.30713540980578,3.705196645912765,0.7895173936110593,0.7287095236240126,3.4859959261452174,0.1592726509271663,0.1878785379534364,-0.6073233131416137,0.562703205867255,-0.1522283117502796,140.97,0.7631909271196087
2025-04-08,us_israel_iran,2026-02-28,202,-2.9954925431050925,2.9954925431050925,3.5592543829499244,0.5861589429350996,0.6929685299671811,3.4940341989722348,-0.2130033558906872,0.0233387599473217,-0.7199501105115933,-0.1779418864267051,-0.1337876772918275,140.97,0.7631909271196087
2025-04-09,us_israel_iran,2026-02-28,263,-4.079326387599717,4.079326387599717,4.570198430132024,1.0115059886084263,0.7447732523978383,3.6109788836192536,1.0817008674215145,1.1631080476299405,-0.4843785108768976,0.8955848821437942,0.1344956004524057,140.97,0.7631909271196087
2025-04-10,us_israel_iran,2026-02-28,247,-3.076741339400451,3.076741339400451,3.7444246880134138,0.721523020286731,0.67897117351021,3.62535556297671,-0.1159468188237132,0.2321054343151765,-0.6449808999359804,-0.468003026429824,0.1674771991692534,140.97,0.7631909271196087
2025-04-11,us_israel_iran,2026-02-28,301,-2.486287910271684,2.486287910271684,2.8897171802409,0.6941629182517152,0.6680515922896083,3.546710396067186,-0.8212786851843211,-0.7315179927441743,-0.6601338510805083,-0.6942847666241974,-0.0129429988150696,140.97,0.7631909271196087
2025-04-12,us_israel_iran,2026-02-28,188,-3.061288351771473,3.061288351771473,3.3687725252843648,0.5610920952702378,0.7047608788422322,3.5278180224305724,-0.134406334964176,-0.191416321536263,-0.7338329797175214,0.0664258389024806,-0.0562840701848208,140.97,0.7631909271196087
2025-04-13,us_israel_iran,2026-02-28,179,-3.0672835130580296,3.0672835130580296,3.542136039959177,0.5375008246926503,0.695154731121792,3.5293288953606066,-0.1272447569450275,0.0040390156625064,-0.7468986243573702,-0.1326381891798738,-0.0528179704373371,140.97,0.7631909271196087
2025-04-14,us_israel_iran,2026-02-28,209,-3.521561368036911,3.521561368036911,3.950627625108107,0.7107222849137667,0.7470565429142334,3.561727646256848,0.415417257519573,0.4645849423409534,-0.6509627129870443,0.9429005200772718,0.0215081360590655,140.97,0.7631909271196087
2025-04-15,us_israel_iran,2026-02-28,190,-2.34111697331756,2.34111697331756,2.621964561315916,0.4332617941105559,0.6611117830873637,3.460381634329365,-0.9946940348999724,-1.033390497555822,-0.8046297298825585,-0.838095419356748,-0.210990163015226,140.97,0.7631909271196087
2025-04-16,us_israel_iran,2026-02-28,230,-2.2499500505412,2.2499500505412,2.640235065019699,0.4950270579625829,0.648585435625488,3.3703099064209625,-1.1035983660799678,-1.0127917719882604,-0.7704220348827071,-1.097673478687895,-0.4176240811645701,140.97,0.7631909271196087
2025-04-17,us_israel_iran,2026-02-28,340,-2.96052205067482,2.96052205067482,3.3158448693772526,0.9185686924146996,0.7002254176906233,3.3563429637945994,-0.2547776965525559,-0.251088582172359,-0.5358503331283543,-0.0275605531794567,-0.4496657011764281,140.97,0.7631909271196087
2025-04-18,us_israel_iran,2026-02-28,594,-4.839918537261869,4.839918537261869,5.187637414950106,2.3812109333955536,0.7876118562008891,3.545627026912088,1.9902735913567635,1.8592276735134703,0.2742104769936488,1.783310667612839,-0.015428360409861,140.97,0.7631909271196087
2025-04-19,us_israel_iran,2026-02-28,346,-2.832562011927355,2.832562011927355,3.226984208596397,0.8921689347309102,0.6746606293022389,3.5093190862507,-0.4076336010097429,-0.3512728132616186,-0.5504714130460339,-0.5573285623509464,-0.0987225550813131,140.97,0.7631909271196087
2025-04-20,us_israel_iran,2026-02-28,169,-2.941403705021253,2.941403705021253,3.399094868020962,0.4889089857387256,0.6793251668218618,3.489219111227833,-0.2776157016454465,-0.1572299834514863,-0.7738104304884016,-0.46066737674148,-0.1448339897137491,140.97,0.7631909271196087
2025-04-21,us_israel_iran,2026-02-28,512,-3.77175199235684,3.77175199235684,3.8021787467110775,1.6477172013528112,0.7236198168568285,3.521088104588832,0.7142848926146635,0.297219129307595,-0.1320231939274777,0.4572314225552166,-0.0717232021383699,140.97,0.7631909271196087
2025-04-22,us_israel_iran,2026-02-28,681,-3.262421278489173,3.262421278489173,4.132623100467677,1.785681595470037,0.7117226691244306,3.5902769652620057,0.1058589519995956,0.6697722164440402,-0.0556138398590182,0.2106919960104127,0.0870032451628952,140.97,0.7631909271196087
2025-04-23,us_israel_iran,2026-02-28,332,-2.513382336710833,2.513382336710833,2.7282720523183106,0.7640084604579531,0.660203578470558,3.4993021206958552,-0.788912775485917,-0.9135361756149946,-0.6214510242635735,-0.8569157492752285,-0.1217025165923157,140.97,0.7631909271196087
2025-04-24,us_israel_iran,2026-02-28,182,-2.304975616350549,2.304975616350549,2.607312562553686,0.4101177024049953,0.6489320301015293,3.406216905632934,-1.037867043142062,-1.0499096098043208,-0.8174477117179332,-1.0904911518572264,-0.3352496879065614,140.97,0.7631909271196087
2025-04-25,us_israel_iran,2026-02-28,457,-3.955455355673913,3.955455355673913,4.102131117283238,1.574647414001558,0.7640412586362068,3.480897731748768,0.9337295256932444,0.6353946205216631,-0.1724917169051164,1.2948674089744174,-0.1639241002966777,140.97,0.7631909271196087
2025-04-26,us_israel_iran,2026-02-28,694,-4.667822590252937,4.667822590252937,4.7139222194822565,2.5923358064439563,0.8278285544627071,3.61228630983856,1.7846947099265835,1.3251466505252938,0.3911385821082699,2.616703843020236,0.1374949722715093,140.97,0.7631909271196087
2025-04-27,us_israel_iran,2026-02-28,1067,-5.090515810309028,5.090515810309028,5.2222413247762525,3.876888358749494,0.8635789626429319,3.784647353764535,2.289626992630151,1.8982411814949625,1.1025672910638535,3.357544028394551,0.5329091457284064,140.97,0.7631909271196087
2025-04-28,us_israel_iran,2026-02-28,644,-4.772984806278778,4.772984806278778,5.124562222702967,2.5019048864269005,0.7865299413446973,3.918696196229141,1.9103172542982376,1.7881147695517183,0.3410548758699149,1.7608906158310604,0.8404311416427513,140.97,0.7631909271196087
2025-04-29,us_israel_iran,2026-02-28,466,-1.7569864467863985,1.7569864467863985,2.165990950879993,0.7107743069960126,0.6291287930645688,3.739281983236645,-1.6924728166818932,-1.5474691140897892,-0.650933901396002,-1.5008650341221166,0.4288362642798844,140.97,0.7631909271196087
2025-04-30,us_israel_iran,2026-02-28,414,-2.3455498916750392,2.3455498916750392,2.560371140494445,0.860131154142219,0.6545371054831531,3.6189522794272246,-0.9893986493127996,-1.102832807020233,-0.5682150209981619,-0.9743396085286634,0.1527874002770088,140.97,0.7631909271196087
2025-05-01,us_israel_iran,2026-02-28,288,-2.7692998210633744,2.7692998210633744,3.017481412555007,0.7438878385907268,0.6943604559883281,3.5596706203634745,-0.4832040642349153,-0.5874726833505711,-0.6325945061029833,-0.1490976078848928,0.0167891045721303,166.05,1.2774184641977122
2025-05-02,us_israel_iran,2026-02-28,879,-3.3271756360014666,3.3271756360014666,3.8657399547779216,2.2057737222512217,0.6983544009140722,3.599445209830698,0.1832118973563881,0.3688799823929135,0.1770474077185405,-0.0663328214173702,0.1080361523999684,166.05,1.2774184641977122
2025-05-03,us_israel_iran,2026-02-28,261,-3.838611309214489,3.838611309214489,4.301163580079432,0.9454025701921076,0.7399057606719983,3.6791158946992986,0.7941523375584316,0.8597899161656288,-0.5209888227999606,0.794717964644544,0.2908089953144749,166.05,1.2774184641977122
2025-05-04,us_israel_iran,2026-02-28,373,-3.709869589569604,3.709869589569604,4.0659750826375705,1.2458994996063768,0.7250739816916087,3.714402111100299,0.6403626686092857,0.59463119947142,-0.354563445998824,0.4873654490069565,0.37175924819537,166.05,1.2774184641977122
2025-05-05,us_israel_iran,2026-02-28,536,-4.874400852126317,4.874400852126317,5.260823309422846,2.2096238759799074,0.7743079627106468,3.8776351710736057,2.0314647747760257,1.9417396928919124,0.1791797532512812,1.5076198595575874,0.7462328764585261,166.05,1.2774184641977122
2025-05-06,us_israel_iran,2026-02-28,548,-3.512064450760924,3.512064450760924,3.938776060847218,1.6206027437551644,0.7153470362029883,3.8858451665390255,0.4040726229447033,0.4512231257367509,-0.1470400988630545,0.2857981812267403,0.7650674605217211,166.05,1.2774184641977122
2025-05-07,us_israel_iran,2026-02-28,589,-3.6019050920762488,3.6019050920762488,3.9297412723539846,1.7603146153070752,0.742020374809753,3.88669785580486,0.5113926317512796,0.4410370284210786,-0.0696629326073429,0.8385381952251812,0.7670236184422453,166.05,1.2774184641977122
2025-05-08,us_israel_iran,2026-02-28,358,-2.624001852876327,2.624001852876327,3.2260752668727286,0.8509532052905489,0.6606777371186734,3.81777301493512,-0.6567711603410242,-0.3522975820050699,-0.5732980799128672,-0.8470899654968785,0.6089028600482462,166.05,1.2774184641977122
2025-05-09,us_israel_iran,2026-02-28,494,-1.2699871540712038,1.2699871540712038,1.571119174450672,0.5389014105765,0.5926298636861104,3.5858256802724484,-2.2742225417261595,-2.2181457779202365,-0.7461229324595647,-2.2572164992686936,0.0767915341238115,166.05,1.2774184641977122
2025-05-10,us_israel_iran,2026-02-28,142,-2.25362840268571,2.25362840268571,2.71383019994176,0.3187673981488663,0.6533677891724244,3.4950092166613427,-1.0992043548756516,-0.9298183623907326,-0.8680406040857805,-0.998570842701834,-0.1315508852368314,166.05,1.2774184641977122
2025-05-11,us_israel_iran,2026-02-28,385,-3.723549616113036,3.723549616113036,3.914273529461562,1.284509641447754,0.7311440316604395,3.5389907752874987,0.6567042769017112,0.4235982212509935,-0.3331798417908823,0.613152458807516,-0.0306526123128375,166.05,1.2774184641977122
2025-05-12,us_israel_iran,2026-02-28,474,-2.8358476023433004,2.8358476023433004,3.181524639512046,1.1633706044560426,0.6931311941585939,3.4989967944806906,-0.4037087671348769,-0.4025253240390982,-0.400270743238593,-0.1745710670192017,-0.1224029667071103,166.05,1.2774184641977122
2025-05-13,us_israel_iran,2026-02-28,340,-1.590089729398618,1.590089729398618,2.130165372496978,0.4933611770338958,0.6141562451501129,3.359397693825405,-1.891840907977896,-1.5878599686264414,-0.7713446561614101,-1.8111346432564528,-0.4426578325609193,166.05,1.2774184641977122
2025-05-14,us_israel_iran,2026-02-28,258,-1.5871401301309882,1.5871401301309882,1.8275892076990008,0.3869055194624098,0.6083178644892375,3.201729012701356,-1.895364380370161,-1.9289936058270456,-0.8303034047865002,-1.9321208705824184,-0.8043661966242093,166.05,1.2774184641977122
2025-05-15,us_israel_iran,2026-02-28,318,-2.310027918658534,2.310027918658534,2.7392444667079734,0.6765179122754041,0.6614946802752448,3.152296285383612,-1.031831766453828,-0.9011655395071668,-0.6699062529948634,-0.8301608071917871,-0.9177700178638876,166.05,1.2774184641977122
2025-05-16,us_israel_iran,2026-02-28,299,-2.2847362426735565,2.2847362426735565,2.635404640927088,0.6341891812865857,0.6584044568952909,3.086512428746074,-1.0620441831251886,-1.0182377400837117,-0.6933493378145963,-0.8941981644748697,-1.0686850315273608,166.05,1.2774184641977122
2025-05-17,us_israel_iran,2026-02-28,189,-3.261690837559347,3.261690837559347,3.633277170564366,0.6007273349147503,0.7096396370990272,3.143432653692705,0.1049863967075374,0.106794318290796,-0.7118816416279812,0.1675262278306219,-0.938104111456355,166.05,1.2774184641977122
2025-05-18,us_israel_iran,2026-02-28,471,-4.401320880074241,4.401320880074241,4.824689272994047,1.7962023153346451,0.7466128714416839,3.319431153293871,1.4663425091340632,1.4500288198518174,-0.0497871088801043,0.9337065088002005,-0.5343452361078332,166.05,1.2774184641977122
2025-05-19,us_israel_iran,2026-02-28,514,-3.357452445744346,3.357452445744346,3.746442197154833,1.471366127457497,0.6817515311663327,3.361824452875551,0.2193793538734937,0.2343800359248483,-0.2296923913449708,-0.4103868819935145,-0.4370905947319091,166.05,1.2774184641977122
2025-05-20,us_israel_iran,2026-02-28,407,-2.4952500236338206,2.4952500236338206,3.1032968182276424,0.9020417288057389,0.6602583749032397,3.330287240382108,-0.8105729058079894,-0.4907217661575485,-0.5450035253135833,-0.8557802265941697,-0.509440242466609,166.05,1.2774184641977122
2025-05-21,us_israel_iran,2026-02-28,466,-3.01889748723574,3.01889748723574,3.480502504713656,1.2212699610214195,0.6935672636547162,3.3494629555678674,-0.1850447530418666,-0.0654485200324302,-0.3682041186254277,-0.1655345881987439,-0.4654491560939919,166.05,1.2774184641977122
2025-05-22,us_israel_iran,2026-02-28,436,-3.3941853211338056,3.3941853211338056,3.77742156702208,1.2995976018347783,0.7119179671477855,3.3987207375916646,0.2632589661800359,0.2693071265238483,-0.3248236183264175,0.2147390721471697,-0.3524466775662758,166.05,1.2774184641977122
2025-05-23,us_israel_iran,2026-02-28,504,-3.836618114711877,3.836618114711877,4.24652382255487,1.6547780726437806,0.7145317782630792,3.484298454050249,0.7917713477475653,0.7981873797181271,-0.1281126442675047,0.2689039449347968,-0.1561224894026637,166.05,1.2774184641977122
2025-05-24,us_israel_iran,2026-02-28,234,-2.2331253511937965,2.2331253511937965,2.3987752302635883,0.4989822945761428,0.6597661665095086,3.36296074449055,-1.1236964737481212,-1.285020986484404,-0.7682314908893543,-0.8659800474134532,-0.4344838235061346,166.05,1.2774184641977122
2025-05-25,us_israel_iran,2026-02-28,143,-1.7133353600932033,1.7133353600932033,2.089782363589661,0.2439356576816837,0.6180342649143609,3.218343918114199,-1.7446166453516825,-1.6333890099468489,-0.9094849563732096,-1.7307721235742328,-0.7662498743901343,166.05,1.2774184641977122
2025-05-26,us_israel_iran,2026-02-28,206,-1.663746410690401,1.663746410690401,2.020659217443776,0.3314073853532835,0.6046602016148881,3.0814341598786656,-1.803853605470196,-1.7113205624048513,-0.8610401510783003,-2.0079170301174214,-1.0803351088363646,166.05,1.2774184641977122
2025-05-27,us_israel_iran,2026-02-28,178,-2.2082995342172875,2.2082995342172875,2.588047820067283,0.3849913151174828,0.6417987269282347,3.0344263327577843,-1.153352394025873,-1.071629270632554,-0.8313635559833854,-1.2383114961339656,-1.188175956649928,166.05,1.2774184641977122
2025-05-28,us_israel_iran,2026-02-28,251,-2.7303694998684254,2.7303694998684254,3.237447217822312,0.6495232071174206,0.6649063915559663,3.0584675703722484,-0.5297086567257535,-0.3394764961403309,-0.6848568349735544,-0.7594613957357959,-1.1330228554405453,166.05,1.2774184641977122
2025-05-29,us_israel_iran,2026-02-28,447,-1.9662602104186475,1.9662602104186475,2.3601063195335312,0.7685779351009394,0.6271127988285402,2.9850010947635126,-1.442482814081955,-1.3286175010107129,-0.6189202944463851,-1.542641607301472,-1.3015625966021018,166.05,1.2774184641977122
2025-05-30,us_israel_iran,2026-02-28,242,-2.673431045087725,2.673431045087725,2.993812109772702,0.6156063151769547,0.6768183871019028,2.9810669792850217,-0.5977250397238479,-0.6141581803840899,-0.7036411584344231,-0.5126142843981679,-1.310587866957737,166.05,1.2774184641977122
2025-05-31,us_israel_iran,2026-02-28,161,-2.526164736174672,2.526164736174672,2.8634946403717856,0.4015104611248573,0.6668732982395079,2.9613702261675297,-0.7736434363210994,-0.7610820874842916,-0.8222146934506831,-0.7187020425921031,-1.355774268573421,166.05,1.2774184641977122
2025-06-01,us_israel_iran,2026-02-28,481,-4.696370329035747,4.696370329035747,4.984594333731876,1.94990740629212,0.7450576648258077,3.1687657069501385,1.818796687970416,1.6303106838006856,0.0353399762076273,0.9014786373926128,-0.8799874507146768,221.13,2.4067507106993835
2025-06-02,us_israel_iran,2026-02-28,501,-3.1563764059786545,3.1563764059786545,3.409725013713386,1.3547927896413772,0.6826358800466731,3.182638956936636,-0.020817978230417,-0.1452452315578596,-0.2942546539572045,-0.3920609041432994,-0.8481607713698487,221.13,2.4067507106993835
2025-06-03,us_israel_iran,2026-02-28,327,-4.433173993213961,4.433173993213961,5.026028242681396,1.3300443755525182,0.7480550464481919,3.372982230018355,1.5043929541511831,1.677024542021559,-0.3079611638639687,0.963592075246812,-0.4114934927067391,221.13,2.4067507106993835
2025-06-04,us_israel_iran,2026-02-28,606,-2.638803154892572,2.638803154892572,2.9941869511318235,1.318910074524251,0.68565991845535,3.3299361082670145,-0.6390901215653002,-0.6137355727530641,-0.3141277168722095,-0.3293950692815174,-0.5102457760831461,221.13,2.4067507106993835
2025-06-05,us_israel_iran,2026-02-28,320,-2.577872789576188,2.577872789576188,3.0565020552059736,0.7590721174709862,0.6714070645673207,3.3016562357833243,-0.7118750799828533,-0.5434796154818021,-0.6241849381948303,-0.624750771607775,-0.5751227468237462,221.13,2.4067507106993835
2025-06-06,us_israel_iran,2026-02-28,300,-2.747663640439548,2.747663640439548,2.9484490897937508,0.7649134402076098,0.6869196175024022,3.2739418184629794,-0.5090497734940465,-0.6653018387424927,-0.6209498158281741,-0.3032908729090079,-0.6387025045691808,221.13,2.4067507106993835
2025-06-07,us_israel_iran,2026-02-28,260,-3.534181584976116,3.534181584976116,4.041679672956986,0.86746803084245,0.7139310451128673,3.3580486457061367,0.4304928599777368,0.5672398103408514,-0.564151610194732,0.2564552127099807,-0.4457526893503883,221.13,2.4067507106993835
2025-06-08,us_israel_iran,2026-02-28,580,-3.874684852740095,3.874684852740095,4.194282582703779,1.870670843747825,0.7212187543611097,3.4432183879429776,0.8372443385968529,0.739289005571007,-0.008543915729522,0.4074752470325109,-0.2503644365118816,221.13,2.4067507106993835
2025-06-09,us_israel_iran,2026-02-28,1435,-3.9795156038155706,3.9795156038155706,4.376647178275331,3.702404929392521,0.7136586734198557,3.543161324967359,0.9624709282995348,0.9448924371085748,1.0059324584454616,0.2508109723834303,-0.0210849372920767,221.13,2.4067507106993835
2025-06-10,us_israel_iran,2026-02-28,1380,-3.966303554731098,3.966303554731098,4.338813223357585,3.5969666302391707,0.7456454694183875,3.6349237610509233,0.9466883470162836,0.902237277342796,0.947537157368438,0.9136594567313848,0.1894276413736519,221.13,2.4067507106993835
2025-06-11,us_israel_iran,2026-02-28,630,-2.8834044530610647,2.8834044530610647,3.2010581440501453,1.4857378998342554,0.6875102541201034,3.5991221743930986,-0.3468992701954014,-0.3805026526406243,-0.2217328170565934,-0.2910513667433509,0.1072950754857992,221.13,2.4067507106993835
2025-06-12,us_israel_iran,2026-02-28,474,-3.1775227345365376,3.1775227345365376,3.633551117690583,1.3035385051354689,0.709230639202604,3.6075038725416246,0.0044425734957606,0.1071031746728889,-0.3226410126071755,0.1590507420158474,0.1265235633742111,221.13,2.4067507106993835
2025-06-13,us_israel_iran,2026-02-28,484,-3.4532204373459376,3.4532204373459376,3.8171350355789415,1.4410688673030092,0.7260630851060029,3.634993088790449,0.3337799364116065,0.3140813075426979,-0.2464720401323346,0.5078622095804338,0.1895866864234947,221.13,2.4067507106993835
2025-06-14,us_israel_iran,2026-02-28,401,-2.6616742081287144,2.6616742081287144,3.21793726497813,0.950274123793756,0.6917564397702579,3.590993793945436,-0.6117692832589091,-0.3614726146376084,-0.5182907914245932,-0.2030595052704429,0.0886477247675244,221.13,2.4067507106993835
2025-07-02,us_israel_iran,2026-02-28,854,-3.4915330549345973,3.4915330549345973,3.6974930167359874,2.26627058661268,0.7311533288213026,3.595418780774439,0.3795466450728519,0.1791932304293844,0.210552620122101,0.6133451198351195,0.0987991050892821,134.22,0.6247923674993058
2025-07-03,us_israel_iran,2026-02-28,345,-2.3927636482259,2.3927636482259,2.839499167287036,0.7517769103810277,0.652141922130994,3.51481823127039,-0.9329989988356212,-0.7881353189085692,-0.6282252709568165,-1.0239739531121916,-0.0861069440757648,134.22,0.6247923674993058
2025-07-04,us_israel_iran,2026-02-28,379,-2.79490070184509,2.79490070184509,3.1470490404050167,0.9514173994617098,0.6774425328866506,3.478282933602783,-0.4526222839768398,-0.4413941705852339,-0.517657606638986,-0.4996803823139696,-0.1699227193819464,134.22,0.6247923674993058
2025-07-05,us_israel_iran,2026-02-28,395,-2.35310582409043,2.35310582409043,2.467172525815295,0.829513750223648,0.6495063271629335,3.371575783297211,-0.980372637014919,-1.2079077802217193,-0.5851719762447695,-1.07859024322184,-0.4147200278627405,134.22,0.6247923674993058
2025-07-06,us_israel_iran,2026-02-28,500,-4.419014461288613,4.419014461288613,4.834934277807471,1.8936681952296417,0.7974048224167838,3.5237517411816186,1.4874785480574892,1.461579352120195,0.0041927964001153,1.986246054257204,-0.0656125425732155,134.22,0.6247923674993058
2025-07-07,us_israel_iran,2026-02-28,967,-4.30501421149173,4.30501421149173,4.530922629255261,3.0580191945817945,0.7712179891285939,3.6260394209166527,1.3512984447876075,1.1188273065609848,0.649049814319315,1.4435876787279396,0.1690460404568502,134.22,0.6247923674993058
2025-07-08,us_israel_iran,2026-02-28,555,-4.467693242604777,4.467693242604777,4.826474019799552,2.0826113868630176,0.7624880043629114,3.75948983471659,1.5456282580668823,1.4520409980736226,0.108835935093368,1.2626799951143968,0.475195178732235,134.22,0.6247923674993058
2025-07-09,us_israel_iran,2026-02-28,416,-3.740160222815026,3.740160222815026,4.323043455399868,1.3770881417712952,0.7232839233145072,3.828178369524316,0.6765466381253288,0.8844579578619728,-0.2819067328441064,0.4502708465275276,0.6327738264261245,134.22,0.6247923674993058
2025-07-10,us_israel_iran,2026-02-28,618,-4.369985570849628,4.369985570849628,4.8819194636483445,2.218085792655054,0.7434441080758204,3.949353773733024,1.428910611802219,1.514551889964163,0.1838662492959034,0.8680416014923121,0.9107628151622909,134.22,0.6247923674993058
2025-07-11,us_israel_iran,2026-02-28,463,-3.495573156014879,3.495573156014879,4.001457958909627,1.406609752002376,0.7090876943598365,3.962369742375516,0.3843727869744161,0.5218926177866076,-0.2655566652541957,0.1560885581078965,0.940622801881343,134.22,0.6247923674993058
2025-07-12,us_israel_iran,2026-02-28,240,-3.2473900718984225,3.2473900718984225,3.516051552922572,0.7422461515387307,0.6844001429974765,3.919276514418681,0.087903278486192,-0.02536943408518,-0.6335037279933718,-0.3555008490822988,0.8417624519668944,134.22,0.6247923674993058
2025-07-13,us_israel_iran,2026-02-28,241,-4.005435327118579,4.005435327118579,4.3982347706496485,0.9189188952149218,0.7188678844723411,3.9784278937900046,0.9934335849815986,0.9692309500577756,-0.5356563789568511,0.3587591911092773,0.977461872498326,134.22,0.6247923674993058
2025-07-14,us_israel_iran,2026-02-28,252,-3.384688914486857,3.384688914486857,3.774208344492147,0.8080318580323402,0.7038701981463665,3.962315672998904,0.2519149415820338,0.2656844410109199,-0.5970693756934377,0.0479686495885023,0.9404987611040582,134.22,0.6247923674993058
2025-07-15,us_israel_iran,2026-02-28,332,-2.5992622323845267,2.5992622323845267,2.730180829722657,0.7901139064617688,0.6615036228255484,3.8383659638468233,-0.6863241137725629,-0.9113841614965468,-0.6069929441220715,-0.8299754946048304,0.6561452280885471,134.22,0.6247923674993058
2025-07-16,us_israel_iran,2026-02-28,353,-2.867018743049921,2.867018743049921,3.3100466326585867,0.9186508679931712,0.6822171520491579,3.776286349776841,-0.3664729788972996,-0.2576256918700421,-0.5358048215098574,-0.4007380226180519,0.5137281323987138,134.22,0.6247923674993058
2025-07-17,us_israel_iran,2026-02-28,314,-1.5921883035356574,1.5921883035356574,2.130189362946763,0.4611978158543545,0.6064802865486835,3.604610422131625,-1.8893340359033988,-1.5878329210584392,-0.7891578148979401,-1.970200200341592,0.1198856869942099,134.22,0.6247923674993058
2025-07-18,us_israel_iran,2026-02-28,253,-3.5891283572938826,3.5891283572938826,4.037119859794343,0.859861466246977,0.7100634747775538,3.642400124507755,0.4961300593866172,0.5620989372976415,-0.5683643832883918,0.1763092320062765,0.2065791972554794,134.22,0.6247923674993058
2025-07-19,us_israel_iran,2026-02-28,114,-2.614979864459215,2.614979864459215,3.0778708787447617,0.3009685203446609,0.6683012900697717,3.586409343985524,-0.6675484640445781,-0.5193877492194618,-0.8778982254297862,-0.6891103879482606,0.0781305194271367,134.22,0.6247923674993058
2025-07-20,us_israel_iran,2026-02-28,299,-6.49420700570765,6.49420700570765,7.119738826571618,1.8026395113494087,0.7994090379813913,3.9621814961357424,3.9664199144789416,4.037537992262263,-0.046221971710856,2.0277785431431696,0.9401909454153412,134.22,0.6247923674993058
2025-07-21,us_israel_iran,2026-02-28,265,-4.354688130318468,4.354688130318468,4.930262948191614,1.0870507976303732,0.7608004438093017,4.069934198044791,1.410636905954996,1.5690558153748368,-0.4425392370734882,1.2277094105251507,1.1873868580915985,134.22,0.6247923674993058
2025-07-22,us_israel_iran,2026-02-28,389,-3.0119091912584977,3.0119091912584977,3.529697286822394,1.0481317080936865,0.6880893715555164,4.01308308686366,-0.1933926897311018,-0.0099848156681087,-0.4640939469785962,-0.2790505675904555,1.056964492191752,134.22,0.6247923674993058
2025-07-23,us_israel_iran,2026-02-28,370,-3.403868283907716,3.403868283907716,4.170830372598009,1.1353154558541163,0.7209869575460858,4.028728300729023,0.2748258432075769,0.7128482654713507,-0.4158086347118551,0.4026718222843006,1.0928562410940488,134.22,0.6247923674993058
2025-07-24,us_israel_iran,2026-02-28,262,-2.0781614295770896,2.0781614295770896,2.4914484701122435,0.513562966821597,0.6405126688826466,3.86458931762748,-1.3088101282047444,-1.180538336960957,-0.7601562207786298,-1.2649619185876777,0.7163043308896383,134.22,0.6247923674993058
2025-07-25,us_israel_iran,2026-02-28,383,-2.107328689112106,2.107328689112106,2.4091755711792024,0.7237669849486603,0.6416914698438484,3.7083915291060863,-1.273968095642053,-1.2732953235359077,-0.6437381163071494,-1.2405341381211252,0.3579703475418254,134.22,0.6247923674993058
2025-07-26,us_israel_iran,2026-02-28,306,-3.260966877250253,3.260966877250253,3.452832784700484,0.9236199720571288,0.6928682882268369,3.684226078806226,0.1041215829037838,-0.0966442099993443,-0.5330527633846042,-0.1800191524854435,0.3025322895045541,134.22,0.6247923674993058
2025-07-27,us_israel_iran,2026-02-28,501,-3.390295503347247,3.390295503347247,3.7527512240324734,1.4551965012754235,0.6970790825291986,3.691736875294834,0.2586123466435142,0.2414930260951193,-0.2386476779608124,-0.0927606905454113,0.3197628383449367,134.22,0.6247923674993058
2025-07-28,us_israel_iran,2026-02-28,470,-3.737831864649477,3.737831864649477,4.658623289870163,1.5227687286685876,0.7278273490997773,3.793072631250715,0.6737652753125394,1.262800943273472,-0.2012238898804494,0.5444222862544682,0.5522376091529697,134.22,0.6247923674993058
2025-07-29,us_israel_iran,2026-02-28,437,-3.479827178889208,3.479827178889208,3.8907622447911976,1.3349269666526886,0.7032497039595583,3.8065572650489066,0.365563277391063,0.3970908786775445,-0.3052570195480996,0.0351104179828293,0.5831727625161095,134.22,0.6247923674993058
2025-07-30,us_israel_iran,2026-02-28,355,-2.612179089529734,2.612179089529734,3.220603765311168,0.8410494113134632,0.6793496234753571,3.745328296669764,-0.6708941568813215,-0.3584663204775475,-0.5787831364410988,-0.4601605721305304,0.4427071365730743,134.22,0.6247923674993058
2025-07-31,us_israel_iran,2026-02-28,600,-3.556255746167573,3.556255746167573,3.984363218859819,1.7635881891681084,0.717291612465499,3.7755542946463607,0.4568617631687793,0.5026194841804512,-0.0678499165330331,0.3260947907516005,0.5120487217398408,134.22,0.6247923674993058
2025-08-01,us_israel_iran,2026-02-28,545,-2.1985875844401908,2.1985875844401908,2.661330406210216,1.0100602530660403,0.6465236676428678,3.661449527177051,-1.1649538977590088,-0.989008238103119,-0.4851792081847381,-1.1403986013422438,0.2502805095691961,138.56,0.7137775154625821
2025-08-02,us_israel_iran,2026-02-28,276,-2.837335078023306,2.837335078023306,3.003800663448825,0.7341767168675315,0.6527293182276168,3.598648166897316,-0.401931888644913,-0.6028967789839359,-0.6379728542115471,-1.0118015988577604,0.106207652957552,138.56,0.7137775154625821
2025-08-03,us_israel_iran,2026-02-28,489,-4.436706846659696,4.436706846659696,4.695174843269295,1.867099397109476,0.7489290860052721,3.707529013785725,1.5086131584747244,1.3040102842825474,-0.0105219038363257,0.9817044174675637,0.3559916476295587,138.56,0.7137775154625821
2025-08-04,us_israel_iran,2026-02-28,450,-3.871570690770517,3.871570690770517,4.288144906601285,1.521729320574331,0.727056875321845,3.7642498643593214,0.8335242862340573,0.845112264877093,-0.2017995492859348,0.5284560927052396,0.4861151821386875,138.56,0.7137775154625821
2025-08-05,us_israel_iran,2026-02-28,358,-2.862817721941768,2.862817721941768,3.334779911526052,0.928400227301117,0.6837262162585016,3.71306499613801,-0.3714913493777733,-0.2297406356046593,-0.5304052961318204,-0.3694663402653356,0.3686917673099711,138.56,0.7137775154625821
2025-08-06,us_israel_iran,2026-02-28,250,-2.3045596355354707,2.3045596355354707,2.6528919440875605,0.5462833515074418,0.6512658286623945,3.597824287916847,-1.0383639570563443,-0.9985220188009576,-0.7420345635589228,-1.0421288576495198,0.1043175888301235,138.56,0.7137775154625821
2025-08-07,us_israel_iran,2026-02-28,732,-4.554405036023524,4.554405036023524,5.048668437460437,2.6343954490886707,0.7514495848674028,3.7438295732099593,1.6492106712942298,1.702549791166881,0.414432636689499,1.0339356209504242,0.4392689089747681,138.56,0.7137775154625821
2025-08-08,us_israel_iran,2026-02-28,713,-3.1055733804386265,3.1055733804386265,3.876830358775311,1.7607420567798866,0.6815524973294768,3.756441396494333,-0.0815052247653154,0.3813836435989424,-0.0694262010430247,-0.4145113737713083,0.4682017441803661,138.56,0.7137775154625821
2025-08-09,us_israel_iran,2026-02-28,250,-3.4112396515227457,3.4112396515227457,4.335169478962564,0.8086158417835576,0.6795538969471638,3.818837779218335,0.2836313818344098,0.8981292082907191,-0.5967459457135322,-0.4559275016727764,0.6113455401306136,138.56,0.7137775154625821
2025-08-10,us_israel_iran,2026-02-28,318,-5.083793885823422,5.083793885823422,5.600408714652934,1.4888467789917288,0.7554901154451341,4.0036338721016245,2.281597252587887,2.32459868148319,-0.2200110144870289,1.117665781655914,1.0352870100888254,138.56,0.7137775154625821
2025-08-11,us_israel_iran,2026-02-28,616,-4.047557592037934,4.047557592037934,4.49862907280436,2.049212810909472,0.7237991904780834,4.057134001868203,1.043751144784313,1.082418561749264,0.0903386725804876,0.4609485042218595,1.1580218758661165,138.56,0.7137775154625821
2025-08-12,us_israel_iran,2026-02-28,249,-2.586952577684584,2.586952577684584,2.837989030714646,0.6110383011922931,0.6696806236249657,3.935814874980911,-0.7010287310978893,-0.7898378931412516,-0.7061710792895615,-0.660527057610561,0.8797031723471622,138.56,0.7137775154625821
2025-08-13,us_israel_iran,2026-02-28,343,-2.7851619809988204,2.7851619809988204,3.1811752653056207,0.8707070174373788,0.6821017397914013,3.859639222558874,-0.4642557673501178,-0.4029192192220235,-0.5623577497197996,-0.4031296607218693,0.7049482976149357,138.56,0.7137775154625821
2025-08-14,us_israel_iran,2026-02-28,414,-1.835333394919494,1.835333394919494,2.2992992312688307,0.6730308473977965,0.6136846512871957,3.7045391317962495,-1.5988827104614705,-1.3971732750623975,-0.6718375076247095,-1.820907278104807,0.3491325471700051,138.56,0.7137775154625821
2025-08-15,us_israel_iran,2026-02-28,333,-2.850697121320518,2.850697121320518,3.250894897631314,0.8687939359096001,0.6935485966709494,3.654832785124145,-0.3859701303211106,-0.3243151699723664,-0.5634172790625201,-0.1659214159978698,0.2351010146541446,138.56,0.7137775154625821
2025-08-16,us_israel_iran,2026-02-28,149,-2.2120208443024723,2.2120208443024723,2.6652006144770146,0.3272182200185083,0.6418984588058823,3.5535905986759184,-1.1489070669971813,-0.9846448467445884,-0.8633602527202079,-1.2362447957384997,0.0028409020350333,138.56,0.7137775154625821
2025-08-17,us_israel_iran,2026-02-28,128,-3.3043155095699097,3.3043155095699097,4.191139573391248,0.4241318870188427,0.7047169476251827,3.601172322036104,0.1559041117703158,0.735745480590264,-0.8096861816435114,0.0655154713671342,0.1119983275505268,138.56,0.7137775154625821
2025-08-18,us_israel_iran,2026-02-28,315,-2.673859879424409,2.673859879424409,3.0332086597066,0.7766585470820581,0.675445161964793,3.5338994833827537,-0.5972127715107576,-0.5697413031291395,-0.614444977855421,-0.5410710326402715,-0.0423325658248801,138.56,0.7137775154625821
2025-08-19,us_israel_iran,2026-02-28,482,-3.2243113604935325,3.2243113604935325,3.4730294786906395,1.3409934474371383,0.6958047313135612,3.527499535238497,0.0603343801017286,-0.0738738384967192,-0.3018971970288584,-0.1191685174453284,-0.0570147129503942,138.56,0.7137775154625821
2025-08-20,us_israel_iran,2026-02-28,245,-3.80579305513582,3.80579305513582,4.208016078444167,0.8860448004859541,0.7291244714122861,3.595756547425781,0.7549489740786747,0.7547725693755963,-0.5538631660043228,0.5713019887073123,0.0995739769409464,138.56,0.7137775154625821
2025-08-21,us_israel_iran,2026-02-28,332,-3.71894327782991,3.71894327782991,4.128690878606813,1.130470317517863,0.7388149381402745,3.658091643211219,0.6512017308615952,0.6653389090598577,-0.4184920364186092,0.7721133229705581,0.2425771742756141,138.56,0.7137775154625821
2025-08-22,us_israel_iran,2026-02-28,249,-3.347877953202816,3.347877953202816,3.930083846295544,0.7907689049928928,0.7090146512005945,3.6936900715417575,0.2079420510133203,0.4414232567770769,-0.6066301837519107,0.1545749164353199,0.3242436738167156,138.56,0.7137775154625821
2025-08-23,us_israel_iran,2026-02-28,289,-4.8707760448225015,4.8707760448225015,5.770857326271318,1.3123676195804104,0.7720506452569391,3.914208075463613,2.0271347260801105,2.51676766768207,-0.3177511500013116,1.4608424501243005,0.8301349254998612,138.56,0.7137775154625821
2025-08-24,us_israel_iran,2026-02-28,407,-3.5721994403641206,3.5721994403641206,3.820415131093759,1.2913627605671207,0.745975251212393,3.905202454600698,0.475907457595395,0.3177793877073468,-0.329384352319736,0.9204933816525358,0.8094750939691061,138.56,0.7137775154625821
2025-08-25,us_israel_iran,2026-02-28,260,-3.3087286423847044,3.3087286423847044,3.7975915368393416,0.8121304044486073,0.7108171094382782,3.889686319456289,0.1611758623457156,0.2920473683752935,-0.5947994618776999,0.1919264758413951,0.7738794650867068,138.56,0.7137775154625821
2025-08-26,us_israel_iran,2026-02-28,595,-3.7010931824884223,3.7010931824884223,4.462464228013585,1.8233361377879096,0.7133503748515662,3.95012133153456,0.6298787264707092,1.0416452078715397,-0.0347594790316336,0.2444222350204657,0.9125236726435488,138.56,0.7137775154625821
2025-08-27,us_israel_iran,2026-02-28,508,-3.6880197598886526,3.6880197598886526,3.987028037033249,1.6009261976580953,0.7355753587861094,3.958044576130285,0.6142617427983093,0.5056238818222398,-0.1579376365009022,0.7049809266864201,0.9307004203677092,138.56,0.7137775154625821
2025-08-28,us_israel_iran,2026-02-28,392,-3.5382570009726457,3.5382570009726457,3.9106756174717714,1.2393091487600307,0.7097087998060352,3.95290074086984,0.4353611876547732,0.4195418250565856,-0.358213405500882,0.1689594565764999,0.9188999269291762,138.56,0.7137775154625821
2025-08-29,us_israel_iran,2026-02-28,337,-2.3006192057310697,2.3006192057310697,2.6065804728773805,0.7083976064658387,0.6493883758148524,3.817966357849128,-1.0430710356693047,-1.0507349901319547,-0.6522501986441924,-1.0810344977919433,0.609346408815387,138.56,0.7137775154625821
2025-08-30,us_israel_iran,2026-02-28,284,-2.3079636879135417,2.3079636879135417,3.012717816969691,0.6124005161291715,0.6636127917370009,3.737490748695026,-1.034297613296504,-0.5928433069396983,-0.705416638521744,-0.7862681030844575,0.4247269858164408,138.56,0.7137775154625821
2025-08-31,us_israel_iran,2026-02-28,895,-3.480221257582913,3.480221257582913,3.791073188793556,2.337805238053254,0.7289068781003779,3.737856096030364,0.3660340279139867,0.284698383107789,0.2501709328401087,0.5667928969868032,0.4255651306276844,138.56,0.7137775154625821
2025-09-01,us_israel_iran,2026-02-28,783,-5.062900770316059,5.062900770316059,5.574353536778936,3.0811324270812213,0.7885812136614677,3.9286089205614463,2.256639178965315,2.2952232757832727,0.661850705281187,1.8033982413593743,0.8631719629402128,125.87,0.4535882233764127
2025-09-02,us_israel_iran,2026-02-28,489,-3.754491163392752,3.754491163392752,4.21514955087939,1.5800025626892948,0.7379619494534994,3.962124820337938,0.6936658020859908,0.7628150647232486,-0.1695258541925759,0.754437208794545,0.940060925236574,125.87,0.4535882233764127
2025-09-03,us_israel_iran,2026-02-28,416,-3.2730554592658336,3.2730554592658336,3.594894317154151,1.2051050200524238,0.7086212932093501,3.930603973214948,0.1185621157113987,0.0635203135498524,-0.377156810411587,0.1464235295844932,0.8677488213649406,125.87,0.4535882233764127
2025-09-04,us_israel_iran,2026-02-28,423,-4.1412012338624855,4.1412012338624855,4.740305793815308,1.5461553956192506,0.7515014616587973,4.009871224182691,1.1556140647073527,1.3548923004531248,-0.1882715616587489,1.0350106411728393,1.0495961449229916,125.87,0.4535882233764127
2025-09-05,us_israel_iran,2026-02-28,441,-4.056641895558268,4.056641895558268,4.445686493535107,1.5680171909772287,0.7322684774913406,4.056594256157172,1.0546028875983708,1.0227294760575336,-0.1761637589697406,0.6364538615106308,1.156783643030304,125.87,0.4535882233764127
2025-09-06,us_israel_iran,2026-02-28,251,-3.219067670653982,3.219067670653982,3.7746467364578655,0.7657788286427665,0.6797475330244956,4.025304020263296,0.0540704795827602,0.2661786975426097,-0.6204705344036318,-0.4519148653218158,1.085000585319409,125.87,0.4535882233764127
2025-09-07,us_israel_iran,2026-02-28,371,-5.250556501635342,5.250556501635342,5.74134799273416,1.7552771446467266,0.7961274797650859,4.197686753938988,2.480805151546752,2.483497941074167,-0.0724528544691314,1.959776237126729,1.480464517319543,125.87,0.4535882233764127
2025-09-08,us_israel_iran,2026-02-28,352,-3.4221362150467503,3.4221362150467503,4.04421052297465,1.0938629269585176,0.7095060128380647,4.179829606769622,0.2966479774000305,0.5700931681798973,-0.4387664491369713,0.1647571902922829,1.4394983632081448,125.87,0.4535882233764127
2025-09-09,us_israel_iran,2026-02-28,922,-3.531855568098736,3.531855568098736,3.815875945615117,2.42423033146942,0.7232290229035411,4.148834616044803,0.4277142939734223,0.312661770946981,0.2980360766367357,0.4491331691496295,1.368392628643076,125.87,0.4535882233764127
2025-09-10,us_israel_iran,2026-02-28,564,-4.025803523465552,4.025803523465552,4.347616551067768,1.9008753487823573,0.7465163460523029,4.175154475468038,1.0177646113336811,0.9121624186811716,0.008184362130961,0.9317062550687788,1.4287731254321885,125.87,0.4535882233764127
2025-09-11,us_israel_iran,2026-02-28,448,-3.8829177397721657,3.8829177397721657,4.3367829495464925,1.520576477464163,0.7261580187037334,4.202569316090371,0.8470790135930417,0.8999482844535063,-0.2024380328450722,0.5098294773046612,1.4916656230535648,125.87,0.4535882233764127
2025-09-12,us_israel_iran,2026-02-28,415,-3.674255566055376,3.674255566055376,4.111733810332615,1.350101237816989,0.7119431823707084,4.198239743923153,0.5978195916540626,0.6462209908309111,-0.2968529942519882,0.2152615962629857,1.4817331338963415,125.87,0.4535882233764127
2025-09-13,us_israel_iran,2026-02-28,284,-3.46818931196589,3.46818931196589,3.900181592628896,0.9202575134973924,0.7149201839537885,4.175254104808648,0.3516611506651812,0.4077105399786156,-0.534915006815421,0.2769527074119952,1.4290016855085943,125.87,0.4535882233764127
2025-09-14,us_israel_iran,2026-02-28,225,-3.807284576304268,3.807284576304268,4.178235393796606,0.8212857368243103,0.7286055929728998,4.175480970442893,0.7567306851460649,0.721196913213355,-0.5897289287333648,0.5605494961124368,1.4295221388848762,125.87,0.4535882233764127
2025-09-15,us_israel_iran,2026-02-28,370,-3.652171303444124,3.652171303444124,4.074034969525081,1.2181336592339784,0.7280403459530282,4.1710843282221255,0.571438621714102,0.6037181628520207,-0.3699411087762234,0.5488361275580719,1.4194357840444114,125.87,0.4535882233764127
2025-09-16,us_israel_iran,2026-02-28,512,-3.73470519016644,3.73470519016644,4.084828346514573,1.631533037243417,0.7344659215524977,4.165837386110132,0.6700302760055206,0.6158869467103305,-0.1409865321398431,0.6819905406279839,1.4073987527574514,125.87,0.4535882233764127
2025-09-17,us_israel_iran,2026-02-28,285,-2.61457318858153,2.61457318858153,3.008315372911369,0.6959016990822465,0.6657684897575737,4.043459843896987,-0.6680342626557142,-0.5978067572339086,-0.6591708553671749,-0.7415965090393973,1.1266519343250951,125.87,0.4535882233764127
2025-09-18,us_israel_iran,2026-02-28,604,-2.764593503580121,2.764593503580121,3.1359820002794754,1.378190476206382,0.6716553724817632,3.947229829928836,-0.4888260413975283,-0.4538714906464212,-0.281296222699867,-0.6196051945156716,0.9058902670233814,125.87,0.4535882233764127
2025-09-19,us_israel_iran,2026-02-28,334,-2.551048755490354,2.551048755490354,2.9292795193434165,0.7794832015774503,0.6695848472366107,3.839907862191057,-0.7439179898749991,-0.6869141997017969,-0.6128805885298961,-0.6625117901189482,0.6596825033652133,125.87,0.4535882233764127
2025-09-20,us_israel_iran,2026-02-28,238,-3.589715936781297,3.589715936781297,3.831100222575455,0.8143730328959926,0.7504324315355374,3.8283147997346703,0.4968319581580491,0.3298260871669888,-0.5935574182897387,1.0128575941168716,0.6330868115278218,125.87,0.4535882233764127
2025-09-21,us_israel_iran,2026-02-28,158,-2.4052765968775387,2.4052765968775387,2.9001825707912463,0.3757011149292091,0.6659504081432527,3.73041959732246,-0.9180515347499988,-0.719718990844774,-0.836508783490053,-0.7378266933245679,0.4085050286288725,125.87,0.4535882233764127
2025-09-22,us_israel_iran,2026-02-28,757,-2.1410705224164777,2.1410705224164777,2.2153678345999577,1.27033423194864,0.6557484895903576,3.570176598901403,-1.2336614616470274,-1.4918001027905372,-0.3410306636671622,-0.9492366216755718,0.0408909127609639,125.87,0.4535882233764127
2025-09-23,us_israel_iran,2026-02-28,657,-3.396583283838138,3.396583283838138,4.09772399366195,1.808279268150406,0.704176756162945,3.620917062334337,0.2661234757692268,0.6304258943448129,-0.0430984833860259,0.0543213182541306,0.1572948167531576,125.87,0.4535882233764127
2025-09-24,us_israel_iran,2026-02-28,648,-3.8506420307732574,3.8506420307732574,4.097559067160354,2.028175760585683,0.7209540918926972,3.6691916698547096,0.808523752596586,0.6302399511546153,0.0786876416240468,0.4019907616198717,0.2680417906449041,125.87,0.4535882233764127
2025-09-25,us_israel_iran,2026-02-28,658,-2.782980854838573,2.782980854838573,3.0454378299129856,1.483356483423701,0.6755860205026739,3.6020380146885054,-0.4668612527440212,-0.5559537620145404,-0.2230517261190568,-0.53815208232258,0.1139843165931794,125.87,0.4535882233764127
2025-09-26,us_israel_iran,2026-02-28,447,-3.6474323849817902,3.6474323849817902,3.9736417145594274,1.4257197679206075,0.7220914156134524,3.646747973257439,0.5657777007359643,0.4905317317935557,-0.2549728912167484,0.4255590272426657,0.2165536147950381,125.87,0.4535882233764127
2025-09-27,us_israel_iran,2026-02-28,351,-4.2554820703604985,4.2554820703604985,4.593309499026336,1.356927491303502,0.7554417709712825,3.7501329351601824,1.2921293455404772,1.1891641746774038,-0.2930723838782069,1.1166639601161572,0.4537294773188398,125.87,0.4535882233764127
2025-09-28,us_israel_iran,2026-02-28,318,-4.284292745165626,4.284292745165626,4.911008631398553,1.2547037895625313,0.7493916856253179,3.872405342428518,1.3265454163581087,1.547347908792654,-0.3496873320356113,0.9912906685263244,0.7342351052457534,125.87,0.4535882233764127
2025-09-29,us_israel_iran,2026-02-28,326,-3.669351048342372,3.669351048342372,4.015698439612939,1.0979719386219096,0.7218951309776495,3.878126987496828,0.5919608524860706,0.5379477719691903,-0.4364907393129368,0.421491505964551,0.7473611545198057,125.87,0.4535882233764127
2025-09-30,us_israel_iran,2026-02-28,469,-2.8742189169288905,2.8742189169288905,3.083888287892107,1.1688913160777936,0.686911674234635,3.792455733107829,-0.3578719414070649,-0.5126035378116378,-0.397213186165876,-0.303455477797866,0.5508223806087447,125.87,0.4535882233764127
2025-10-01,us_israel_iran,2026-02-28,1035,-3.5327459393114764,3.5327459393114764,3.8213578712319136,2.633570219928331,0.7330699826206438,3.796596590717266,0.4287778955349585,0.3188422618186587,0.4139755968314726,0.6530631042800576,0.5603219389297163,154.51,1.0408081859727791
2025-10-02,us_israel_iran,2026-02-28,1750,-3.356838930057702,3.356838930057702,3.8912344152174216,3.5420589252896963,0.7020215736777377,3.801371380904474,0.2186464727639015,0.3976232180803654,0.917127410742029,0.0096604074245969,0.5712758045614188,154.51,1.0408081859727791
2025-10-03,us_israel_iran,2026-02-28,1002,-3.897235530911977,3.897235530911977,4.285248443873129,2.83943721818613,0.7320551341135325,3.848873068908311,0.8641824697651999,0.841846704068192,0.5279917128122777,0.6320328393290949,0.680249620639669,154.51,1.0408081859727791
2025-10-04,us_israel_iran,2026-02-28,1265,-3.754022821266924,3.754022821266924,3.955644613777753,3.21314204996592,0.6977364453963502,3.860549783229364,0.6931063394604741,0.470241249055705,0.7349621053636621,-0.0791384452858973,0.7070372185607772,154.51,1.0408081859727791
2025-10-05,us_israel_iran,2026-02-28,770,-4.256350740342407,4.256350740342407,4.461169984066166,2.5579520059813685,0.7225385384649861,3.9135420269326726,1.2931670236863984,1.0401860375978251,0.3720956688944967,0.4348245599477873,0.8286069408500519,154.51,1.0408081859727791
2025-10-06,us_israel_iran,2026-02-28,696,-3.796515137254599,3.796515137254599,4.255931650342159,2.113103393274341,0.7327785878226519,3.948950218095984,0.7438659473533351,0.808794052961466,0.1257234409534733,0.6470246564091089,0.9098370165303628,154.51,1.0408081859727791
2025-10-07,us_israel_iran,2026-02-28,763,-3.814785863880801,3.814785863880801,4.25826578271968,2.2768855044696035,0.7352913439134853,3.9823248701279534,0.7656914209220786,0.8114256253068389,0.2164315211394764,0.6990954098043981,0.9864019418002574,154.51,1.0408081859727791
2025-10-08,us_israel_iran,2026-02-28,654,-3.854495748264616,3.854495748264616,4.204996834361417,2.04479131570645,0.7227611468044214,4.003804449909147,0.8131272481755971,0.7513685811062875,0.0878898987889495,0.4394375759061438,1.03567833333238,154.51,1.0408081859727791
2025-10-09,us_israel_iran,2026-02-28,596,-2.121864917224837,2.121864917224837,2.6176647958178307,1.0467192586478755,0.6281081770532315,3.855696663456376,-1.2566037034668318,-1.0382381848958036,-0.464876209318813,-1.5220148165588203,0.6959036567070475,154.51,1.0408081859727791
2025-10-10,us_israel_iran,2026-02-28,683,-1.689531993357186,1.689531993357186,1.6061252075875696,0.926853151969382,0.5964772178010168,3.61690230742048,-1.7730511877852055,-2.178678903799706,-0.5312621188471993,-2.177489450522309,0.1480845511401417,154.51,1.0408081859727791
2025-10-11,us_israel_iran,2026-02-28,469,-3.48057143034294,3.48057143034294,3.641944821641462,1.415483593108987,0.680514874648738,3.617980447620772,0.3664523301783027,0.1165664936367615,-0.2606420315082875,-0.4360135780334757,0.1505579169683981,154.51,1.0408081859727791
2025-10-12,us_israel_iran,2026-02-28,370,-3.8287763346732753,3.8287763346732753,4.043720251592865,1.277037942482528,0.7035431111738543,3.6598115688462767,0.7824038734009807,0.5695404212052794,-0.3373179217308545,0.0411905682830264,0.2465228626858426,154.51,1.0408081859727791
2025-10-13,us_israel_iran,2026-02-28,326,-1.7002956062800507,1.7002956062800507,1.5639838403934552,0.5087757585638973,0.5948608159671881,3.4363670517231646,-1.7601934096487155,-2.226190372117552,-0.7628075388458928,-2.2109854438596788,-0.2660821148614985,154.51,1.0408081859727791
2025-10-14,us_israel_iran,2026-02-28,525,-2.074799416459368,2.074799416459368,2.221509793242505,0.9249534120031944,0.62946689772774,3.304591158876576,-1.3128262535586956,-1.4848754704664189,-0.5323142591812561,-1.4938586379971566,-0.5683897277920444,154.51,1.0408081859727791
2025-10-15,us_israel_iran,2026-02-28,550,-3.5533848900908325,3.5533848900908325,3.846258418969756,1.6444598567153337,0.7240818300348036,3.3633854209902547,0.4534323542183601,0.3469159021325572,-0.1338272217081278,0.4668055210295885,-0.4335095714170749,154.51,1.0408081859727791
2025-10-16,us_israel_iran,2026-02-28,366,-2.8811658954756285,2.8811658954756285,3.04074943314725,0.9521274344301512,0.6735227175969541,3.330595900850335,-0.3495733608548818,-0.5612396041508594,-0.5172643652258535,-0.5809090125218365,-0.5087321432282725,154.51,1.0408081859727791
2025-10-17,us_israel_iran,2026-02-28,347,-3.9539971034756114,3.9539971034756114,4.303060671954822,1.248472546861689,0.7371499982575731,3.435429077215707,0.93198755639658,0.8619287556607614,-0.353138405284341,0.7376114967223222,-0.268233926002474,154.51,1.0408081859727791
2025-10-18,us_israel_iran,2026-02-28,317,-3.840334096508304,3.840334096508304,4.20774423088869,1.1216183124066312,0.7475392997944491,3.514740607155784,0.7962103098172795,0.7544660801138741,-0.4233945766507304,0.9529044812859596,-0.0862850218734973,154.51,1.0408081859727791
2025-10-19,us_israel_iran,2026-02-28,284,-2.519573019864077,2.519573019864077,2.806191669626856,0.6685494342351618,0.648522240561539,3.443366649141108,-0.7815176349259444,-0.8256872121003347,-0.674319466011595,-1.0989830425578997,-0.2500243098929021,154.51,1.0408081859727791
2025-10-20,us_israel_iran,2026-02-28,374,-2.758602432534071,2.758602432534071,3.011067577806946,0.9285407434719772,0.682699770043294,3.4045309896922338,-0.4959827333802385,-0.5947038371245987,-0.5303274735173675,-0.3907369394852859,-0.3391173545383331,154.51,1.0408081859727791
2025-10-21,us_israel_iran,2026-02-28,270,-2.373623989600428,2.373623989600428,2.832125095646811,0.6023952426693094,0.6578230903273811,3.340301136969912,-0.955862463545664,-0.796449073170367,-0.710957897824465,-0.9062455714238904,-0.4864673214854039,154.51,1.0408081859727791
2025-10-22,us_israel_iran,2026-02-28,302,-2.5943601160559115,2.5943601160559115,2.915143620147965,0.726435149308782,0.6615463603323195,3.291255502144536,-0.692179984343559,-0.7028514454887057,-0.6422603965185774,-0.829089863809257,-0.5989831122604591,154.51,1.0408081859727791
2025-10-23,us_israel_iran,2026-02-28,548,-3.403552704804682,3.403552704804682,3.451172492972622,1.5705312158285492,0.7459005091025133,3.3094878687893354,0.2744488651314981,-0.098516073754104,-0.174771406861571,0.9189445333636024,-0.5571561656209797,154.51,1.0408081859727791
2025-10-24,us_israel_iran,2026-02-28,303,-2.24158505555935,2.24158505555935,2.589422084376312,0.6294681711405031,0.6510216063892235,3.2298369446551267,-1.1135908519079376,-1.070079882951846,-0.6959639931256348,-1.047189769771598,-0.7398836753541681,154.51,1.0408081859727791
2025-10-25,us_israel_iran,2026-02-28,303,-1.1298497004944423,1.1298497004944423,1.50874477752989,0.3172774652784311,0.5760284928450797,3.040693235345397,-2.441625095089541,-2.288468583763147,-0.8688657793707789,-2.601239498651957,-1.173799029878238,154.51,1.0408081859727791
2025-10-26,us_israel_iran,2026-02-28,155,-3.0084263186814835,3.0084263186814835,3.184964606359394,0.4616405041176351,0.6927335785641573,3.045588303314944,-0.1975531889235044,-0.3986470000367139,-0.7889126391446787,-0.182810682332268,-1.162569234495792,154.51,1.0408081859727791
2025-10-27,us_israel_iran,2026-02-28,419,-2.955657170168269,2.955657170168269,3.481074717025377,1.0948002548530575,0.6779571919011413,3.086184487964544,-0.2605890867114205,-0.064803390343253,-0.4382473252033621,-0.4890153270290678,-1.0694373618110369,154.51,1.0408081859727791
2025-10-28,us_israel_iran,2026-02-28,337,-2.1875266602592647,2.1875266602592647,2.5976541728237543,0.6735745951992272,0.6459168878132884,3.034646231084333,-1.1781668319403165,-1.060798774257418,-0.6715363616765154,-1.152972636278038,-1.1876714870026326,154.51,1.0408081859727791
2025-10-29,us_israel_iran,2026-02-28,334,-3.5835482535531207,3.5835482535531207,3.914627547195083,1.0949675735029003,0.7202362154401268,3.123159443994777,0.4894642923814787,0.4239973516886141,-0.4381546584682968,0.387114519605598,-0.9846129644629976,154.51,1.0408081859727791
2025-10-30,us_israel_iran,2026-02-28,659,-2.1174880116931565,2.1174880116931565,2.328915053609865,1.1299713493109094,0.6636090252492716,3.0351071044248736,-1.2618321783900777,-1.3637834897148655,-0.4187683819107775,-0.7863461543742098,-1.1866141955934644,154.51,1.0408081859727791
2025-10-31,us_israel_iran,2026-02-28,265,-2.6487881607681816,2.6487881607681816,3.0980215677107945,0.6612109057523635,0.6850184762223843,3.0348420965178806,-0.627162436023263,-0.4966692451903342,-0.6783837916281534,-0.3426873981517673,-1.187222151313135,154.51,1.0408081859727791
2025-11-01,us_israel_iran,2026-02-28,307,-2.563609861763139,2.563609861763139,2.965231569116248,0.7281696691673659,0.6707192829386774,3.02241149290077,-0.7289129986362992,-0.6463807574459876,-0.64129976067582,-0.6390033716534147,-1.2157392497413686,104.34,0.012148076913431775
2025-11-02,us_israel_iran,2026-02-28,164,-2.421461495766592,2.421461495766592,2.6827531376843825,0.3914903721849803,0.6534874740680854,2.9786243596143893,-0.8987177069202279,-0.9648555943830374,-0.8277641580680103,-0.9960906645779656,-1.3161914907008578,104.34,0.012148076913431775
2025-11-03,us_israel_iran,2026-02-28,388,-3.150190193549892,3.150190193549892,3.6267848950291466,1.093871975984995,0.6965721948521569,3.039965953478865,-0.0282077782431302,0.0994747279704,-0.4387614374796338,-0.1032647037787824,-1.1754674901728308,104.34,0.012148076913431775
2025-11-04,us_israel_iran,2026-02-28,357,-2.992001590016367,2.992001590016367,3.7766033889780473,0.9679784005974096,0.6990493879337327,3.1109697189698484,-0.2171735077366698,0.268384687533239,-0.5084855633186591,-0.0519309071823643,-1.012577462331026,104.34,0.012148076913431775
2025-11-05,us_israel_iran,2026-02-28,254,-1.8531770241522096,1.8531770241522096,2.342640383000416,0.4455326390688912,0.630357039123554,3.0238519315771724,-1.577567430223487,-1.3483091329032473,-0.7978337203531436,-1.475412624363976,-1.2124347335022487,104.34,0.012148076913431775
2025-11-06,us_israel_iran,2026-02-28,346,-3.514934707785059,3.514934707785059,3.8256683179803153,1.1070951106060811,0.7412117716644757,3.1107047633723166,0.4075013162910275,0.323701991527453,-0.4314380176826463,0.8217818633527845,-1.0131852980473484,104.34,0.012148076913431775
2025-11-07,us_israel_iran,2026-02-28,428,-0.8898781679341469,0.8898781679341469,1.8289351116288688,0.3355155647495421,0.5628940553246562,2.9837582647317173,-2.728285415081105,-1.9274761925065849,-0.8587649021919916,-2.873418744224888,-1.3044137780441265,104.34,0.012148076913431775
2025-11-08,us_israel_iran,2026-02-28,108,-2.528841206554578,2.528841206554578,2.853494464654512,0.2765429368384196,0.6519738680375698,2.966377671737069,-0.7704462326887938,-0.7723565919296643,-0.8914259408262045,-1.027456465118701,-1.344286667280752,104.34,0.012148076913431775
2025-11-09,us_israel_iran,2026-02-28,142,-1.828313795070876,1.828313795070876,1.74420175806183,0.2586082207518665,0.6130210015046739,2.831461001474489,-1.6072680414936509,-2.02300717100857,-0.901358794011573,-1.8346598043816704,-1.6537995504839094,104.34,0.012148076913431775
2025-11-10,us_israel_iran,2026-02-28,273,-1.7223584642117464,1.7223584642117464,1.8528264563027743,0.4413965920493965,0.6174749051056879,2.7351926787981817,-1.7338380088761711,-1.900540358642525,-0.8001244032730268,-1.7423634940072403,-1.87464910194916,104.34,0.012148076913431775
2025-11-11,us_israel_iran,2026-02-28,370,-3.126734025362002,3.126734025362002,3.310854700317128,1.04288097225171,0.6979033351335961,2.7987747825215514,-0.0562275712859861,-0.2567146516377543,-0.4670019823208789,-0.0756800617268872,-1.7287851386209707,104.34,0.012148076913431775
2025-11-12,us_israel_iran,2026-02-28,336,-2.698618004417294,2.698618004417294,2.759461749279664,0.8288247516125465,0.6654782244901529,2.788841650253562,-0.5676377133481055,-0.8783719558070163,-0.5855535670107436,-0.7476115501387802,-1.751572777846874,104.34,0.012148076913431775
2025-11-13,us_israel_iran,2026-02-28,267,-2.660126602554307,2.660126602554307,3.213710863553721,0.6684726697157555,0.6661486381602442,2.832283750181494,-0.6136179904970016,-0.3662375890735201,-0.6743619808023186,-0.7337188587567948,-1.651912079321442,104.34,0.012148076913431775
2025-11-14,us_israel_iran,2026-02-28,312,-2.827118290716477,2.827118290716477,2.9695848603678847,0.8143790302210099,0.6775437596051187,2.83864974798094,-0.4141364509420072,-0.6414727235317628,-0.5935540967680255,-0.4975827049812604,-1.6373078178203502,104.34,0.012148076913431775
2025-11-15,us_israel_iran,2026-02-28,231,-3.192622698331991,3.192622698331991,3.4483994589803104,0.7051712235006848,0.7165076293705267,2.8954312415358423,0.0224803815944279,-0.1016424772251433,-0.6540370788020933,0.3098486494912925,-1.507045162000613,104.34,0.012148076913431775
2025-11-16,us_israel_iran,2026-02-28,189,-2.6754015396106765,2.6754015396106765,2.666627106498863,0.4927465283373591,0.6685494116541979,2.871780083459704,-0.5953711663936896,-0.9830365759405224,-0.7716850694266001,-0.6839686720921779,-1.5613033801510618,104.34,0.012148076913431775
2025-11-17,us_israel_iran,2026-02-28,449,-2.653419231284168,2.653419231284168,2.6811835169135634,1.0410151384785575,0.6773740537178664,2.850898643798216,-0.6216303458546827,-0.9666252329232464,-0.4680353442568909,-0.501099446394038,-1.6092075759964024,104.34,0.012148076913431775
2025-11-18,us_israel_iran,2026-02-28,282,-1.1583462866125709,1.1583462866125709,1.2009078977814538,0.305455638737104,0.5782924831054442,2.6768911807235005,-2.4075842219570696,-2.635533312153713,-0.875413107293407,-2.5543238115437505,-2.008398806333637,104.34,0.012148076913431775
2025-11-19,us_israel_iran,2026-02-28,215,-2.4543460569025,2.4543460569025,2.7969119971322423,0.5081800788428467,0.6646661403813624,2.688240328842513,-0.8594351357026059,-0.8361493991408491,-0.7631374464500135,-0.7644400165065766,-1.9823626793718705,104.34,0.012148076913431775
2025-11-20,us_israel_iran,2026-02-28,334,-1.8007951739970645,1.8007951739970645,1.9112976830920696,0.5502402039911781,0.6143832212345571,2.602042113655984,-1.6401406770041285,-1.8346181063741365,-0.7398431246419397,-1.8064311164148152,-2.180110356196567,104.34,0.012148076913431775
2025-11-21,us_israel_iran,2026-02-28,378,-2.1432006891359974,2.1432006891359974,2.3408718449123875,0.7279387896707359,0.6389395874555085,2.57455246937967,-1.2311168503469372,-1.350303036920438,-0.6414276295605277,-1.2975602019475443,-2.24317446118546,104.34,0.012148076913431775
2025-11-22,us_israel_iran,2026-02-28,209,-0.984164982169155,0.984164982169155,0.9691758192715444,0.1986243917848563,0.5649095385686234,2.411035037609197,-2.615654187321615,-2.8967951562613687,-0.9345798700381008,-2.831652760112142,-2.6183004679476647,104.34,0.012148076913431775
2025-11-23,us_israel_iran,2026-02-28,164,-3.253291906432522,3.253291906432522,3.4446967739231207,0.5259767547418476,0.6997363471605316,2.515835580782194,0.094953372128683,-0.1058169977853163,-0.7532810445956846,-0.0376953494130473,-2.3778771146615147,104.34,0.012148076913431775
2025-11-24,us_israel_iran,2026-02-28,253,-2.108986425876924,2.108986425876924,2.170988810654609,0.5052580960957304,0.6481680103198723,2.474115961179886,-1.2719878301230787,-1.5418343738772815,-0.7647557394576763,-1.1063236020440623,-2.4735862640506743,104.34,0.012148076913431775
2025-11-25,us_israel_iran,2026-02-28,209,-2.078131719976907,2.078131719976907,2.669337857647056,0.4194089978892233,0.6351341361872613,2.494034023602412,-1.308845618095584,-0.9799803920558924,-0.8123018775992704,-1.376418916197431,-2.4278921558562003,104.34,0.012148076913431775
2025-11-26,us_israel_iran,2026-02-28,329,-2.0068180887866527,2.0068180887866527,2.2586846001534098,0.605266051160201,0.6294393058212813,2.461354144963521,-1.3940340073959785,-1.442963454355651,-0.7093679468530797,-1.494430413093896,-2.5028631986529617,104.34,0.012148076913431775
2025-11-27,us_israel_iran,2026-02-28,316,0.1628078136918459,-0.1628078136918459,-0.1973750130255452,-0.0474199552483645,0.4897264339644495,2.18152980543906,-3.985781656922706,-4.212000300283867,-1.0708475625054068,-4.389639591232639,-3.144809356589363,104.34,0.012148076913431775
2025-11-28,us_israel_iran,2026-02-28,146,-1.9998309210623333,1.9998309210623333,2.269437504295388,0.2902851710516039,0.6510859952670595,2.185744724153197,-1.4023805963197489,-1.430840300825459,-0.8838150260941418,-1.0458554670147848,-3.135139894386206,104.34,0.012148076913431775
2025-11-29,us_israel_iran,2026-02-28,126,-2.8399138231310506,2.8399138231310506,3.248561587230725,0.3591723840122089,0.6728010850510687,2.293591099009225,-0.3988514236836076,-0.3269458155957662,-0.8456629544703296,-0.5958630904269278,-2.887729086220451,104.34,0.012148076913431775
2025-11-30,us_israel_iran,2026-02-28,136,-2.248492941657025,2.248492941657025,2.663112679826806,0.3054747373318114,0.6444621835505812,2.3304347927648337,-1.1053389696196616,-0.9869988482302589,-0.8754025298448229,-1.1831178410604817,-2.8032058181916857,104.34,0.012148076913431775
2025-12-01,us_israel_iran,2026-02-28,221,-2.746174483455982,2.746174483455982,3.0798839902390074,0.5828998036872854,0.6678651346475235,2.4023594551160854,-0.5108286604014729,-0.5171181056519295,-0.7217551322082278,-0.6981486473785148,-2.638203157108936,130.96,0.5579509890752782
2025-12-02,us_israel_iran,2026-02-28,337,-2.646570835363276,2.646570835363276,2.9312985916764536,0.8149216699761817,0.6656849894158399,2.450585177434892,-0.6298111635757112,-0.6846378357020088,-0.5932535644933771,-0.743326850364092,-2.52756833095737,130.96,0.5579509890752782
2025-12-03,us_israel_iran,2026-02-28,520,-3.1189765235197324,3.1189765235197324,3.2850304516307,1.3797487225633902,0.7053279347648648,2.5392340490965912,-0.0654943702963289,-0.2858297006974051,-0.2804332130923493,0.0781766925633104,-2.3241985931235023,130.96,0.5579509890752782
2025-12-04,us_israel_iran,2026-02-28,534,-2.838194163360232,2.838194163360232,3.000490307619614,1.2827245956121267,0.6927607456273094,2.58080263368764,-0.4009056599295489,-0.6066289755540163,-0.3341684606309505,-0.1822477110788992,-2.228835933769328,130.96,0.5579509890752782
2025-12-05,us_israel_iran,2026-02-28,523,-2.695714744186143,2.695714744186143,2.8331132992094736,1.198063473136915,0.6611265441343572,2.6115792690467954,-0.5711058309952325,-0.7953349422015552,-0.381056657577948,-0.8377895325893621,-2.158231129138698,130.96,0.5579509890752782
2025-12-06,us_israel_iran,2026-02-28,247,-3.066095233352929,3.066095233352929,3.2835256844524032,0.7190264143838124,0.6842929926342635,2.6811487557572966,-0.1286642279834015,-0.2875262213107031,-0.6463636048405763,-0.3577212795329253,-1.9986314860936745,130.96,0.5579509890752782
2025-12-07,us_israel_iran,2026-02-28,178,-2.640770301809021,2.640770301809021,2.828334017429231,0.4603875586909445,0.6585484575908237,2.701854396676171,-0.6367402471509336,-0.8007232508873677,-0.7896065627569921,-0.8912141005885293,-1.9511305908603624,130.96,0.5579509890752782
2025-12-08,us_israel_iran,2026-02-28,213,-1.8516998142168613,1.8516998142168613,1.9862295014819809,0.3801759689958855,0.6276387235949115,2.631028624778436,-1.5793320456686766,-1.750137678887482,-0.8340304577526542,-1.531743096732103,-2.11361228287435,130.96,0.5579509890752782
2025-12-09,us_israel_iran,2026-02-28,338,-2.583620929620257,2.583620929620257,2.9022493764484247,0.7975693913489431,0.6635506695982656,2.655894179174088,-0.7050085835830132,-0.7173888108331038,-0.6028638440876661,-0.7875554331911389,-2.056568113177124,130.96,0.5579509890752782
2025-12-10,us_israel_iran,2026-02-28,397,-2.252771667117939,2.252771667117939,2.3620637836505343,0.7975302167462374,0.6550630350700122,2.6243165114278493,-1.1002277766514976,-1.3264105960009651,-0.602885540309418,-0.9634409980664196,-2.129010569472168,130.96,0.5579509890752782
2025-12-11,us_israel_iran,2026-02-28,852,-3.7358042796790967,3.7358042796790967,3.8948854242662434,2.4206414794579345,0.7440528744220662,2.75513518567283,0.6713432040350923,0.4017394775256804,0.2960484488448004,0.8806568021504094,-1.828898915637431,130.96,0.5579509890752782
2025-12-12,us_israel_iran,2026-02-28,934,-3.789102214861456,3.789102214861456,4.255820786716042,2.625213797854485,0.7388771344338163,2.912306976976336,0.735010769063565,0.8086690619132253,0.4093475272699636,0.7734021897550936,-1.468330468536898,130.96,0.5579509890752782
2025-12-13,us_israel_iran,2026-02-28,282,-3.7284880936894327,3.7284880936894327,3.985703729764424,0.9832014185603496,0.7330756836268885,3.022613912290032,0.6626035831536533,0.504130817239023,-0.5000545403944945,0.6531812437570059,-1.2152748785953524,130.96,0.5579509890752782
2025-12-14,us_israel_iran,2026-02-28,452,-4.720247910727911,4.720247910727911,5.037950642729367,1.862117108603352,0.7519802915298508,3.2372432072030697,1.847319884599084,1.690466221062076,-0.0132812639521842,1.0449332246758234,-0.722892938253171,130.96,0.5579509890752782
2025-12-15,us_israel_iran,2026-02-28,397,-3.969499613420816,3.969499613420816,4.348901635406755,1.4052892857604775,0.7295466907384756,3.357619014640396,0.9505062298998556,0.9136112621317488,-0.2662879841807801,0.5800514564701963,-0.4467383077295864,130.96,0.5579509890752782
2025-12-16,us_israel_iran,2026-02-28,320,-3.39550232269318,3.39550232269318,3.6375159150322034,0.9998286759480106,0.6894048098787079,3.3990648597548416,0.2648322031569881,0.111573208651981,-0.4908458021178512,-0.2517913104013108,-0.3516572255090042,130.96,0.5579509890752782
2025-12-17,us_israel_iran,2026-02-28,1250,-4.822632621191602,4.822632621191602,5.401463832482531,4.094785819801514,0.7839122101700464,3.613688380962981,1.969624532782264,2.100302126919652,1.2232462847902743,1.7066445093555198,0.1407114693532331,130.96,0.5579509890752782
2025-12-18,us_israel_iran,2026-02-28,977,-2.151212929987091,2.151212929987091,2.464821265526227,1.5393733718181508,0.6383187910294559,3.5018585005182423,-1.2215457503847076,-1.2105586630992609,-0.1920276761347683,-1.3104246967258428,-0.11583791522134,130.96,0.5579509890752782
2025-12-19,us_israel_iran,2026-02-28,646,-3.0292940574239133,3.0292940574239133,3.5236732572018115,1.5917319953681583,0.6897040476642615,3.510571990821012,-0.172625429361431,-0.0167764912002695,-0.1630296971201944,-0.2455903357046589,-0.0958482615994108,130.96,0.5579509890752782
2025-12-20,us_israel_iran,2026-02-28,360,-3.260399359792012,3.260399359792012,3.776631502789736,1.0623752109748252,0.6992015426035209,3.5526821013971928,0.1034436494237397,0.2684163839057648,-0.4562054126811503,-0.0487778720281039,0.0007567147246487,130.96,0.5579509890752782
2025-12-21,us_israel_iran,2026-02-28,648,-3.7167524017595457,3.7167524017595457,4.011396649253315,1.957654611647596,0.7236435932193646,3.601683153290584,0.6485845986180666,0.5330978017382798,0.0396306409174269,0.4577241297920102,0.1131702276137034,130.96,0.5579509890752782
2025-12-22,us_israel_iran,2026-02-28,494,-3.6636425167412647,3.6636425167412647,4.084807344924544,1.5546158193732496,0.7327508970389862,3.660564625334348,0.5851416707356509,0.615863268874376,-0.1835858924444208,0.6464508323229432,0.2482504526447724,130.96,0.5579509890752782
2025-12-23,us_israel_iran,2026-02-28,439,-3.510938760471097,3.510938760471097,4.10929061153622,1.351977748565363,0.7220867459559959,3.713389355532618,0.4027279186989537,0.6434664536637988,-0.2958137190454886,0.4254622599588277,0.3694358815193102,130.96,0.5579509890752782
2025-12-24,us_israel_iran,2026-02-28,279,-4.896224570462982,4.896224570462982,5.8454170337207385,1.2790446720965851,0.7485890072872102,3.946399834521167,2.057534509027618,2.6008285658953048,-0.3362065269062603,0.9746571138602677,0.9039861711753808,130.96,0.5579509890752782
2025-12-25,us_israel_iran,2026-02-28,102,-2.095416800038048,2.095416800038048,2.374781272911364,0.2170517825137958,0.6212106899850057,3.803442698042771,-1.288197558183888,-1.3120725090253995,-0.9243741569497732,-1.664948446084983,0.5760276216515875,130.96,0.5579509890752782
2025-12-26,us_israel_iran,2026-02-28,183,-2.292417614435746,2.292417614435746,2.555456673069852,0.4099354306589573,0.6439365161293544,3.680223634914257,-1.0528683260398477,-1.108373528142713,-0.8175486599841059,-1.194011018778163,0.2933502666570345,130.96,0.5579509890752782
2025-12-27,us_israel_iran,2026-02-28,237,-2.3042420565081456,2.3042420565081456,2.6235966082945685,0.5207808906928162,0.6574223953605964,3.571109566413534,-1.0387433241613684,-1.0315504777965594,-0.7561586900806254,-0.9145489992330164,0.0430312373335503,130.96,0.5579509890752782
2025-12-28,us_israel_iran,2026-02-28,325,-2.054522485921334,2.054522485921334,2.48134741169915,0.6131398379334597,0.627049578305958,3.461129553196251,-1.3370482574541749,-1.1919265796480012,-0.7050071770670268,-1.5439516987396775,-0.2092743592939998,130.96,0.5579509890752782
2025-12-29,us_israel_iran,2026-02-28,493,-2.992629446093021,2.992629446093021,3.5461216425804123,1.267785192082698,0.7144947754730239,3.472203557139616,-0.2164234961752063,0.0085325061511773,-0.3424424082763248,0.2681371521836264,-0.1838694417071435,130.96,0.5579509890752782
2025-12-30,us_israel_iran,2026-02-28,801,-4.33879668401935,4.33879668401935,4.642046734749186,2.6856971628659165,0.8168677734690393,3.598635472603991,1.3916536247606344,1.2441120272299664,0.4428452632762809,2.38956833781815,0.1061785309274902,130.96,0.5579509890752782
2025-12-31,us_israel_iran,2026-02-28,920,-3.633252800469764,3.633252800469764,3.876756943740915,2.4899123642330467,0.7306596020485396,3.629715426186186,0.5488393406305064,0.3813008732401953,0.3344130109137623,0.6031138343064614,0.1774791791299947,130.96,0.5579509890752782
2026-01-01,us_israel_iran,2026-02-28,392,-1.7118952922646593,1.7118952922646593,1.7986783783409992,0.5996080829740781,0.5985562132298102,3.439974721286268,-1.7463368923332123,-1.9615885604890104,-0.7125015212597792,-2.134407330981318,-0.2578057454110283,168.63,1.3303174692081388
2026-01-02,us_israel_iran,2026-02-28,369,-3.872948475818505,3.872948475818505,4.22617938719264,1.2888011259321672,0.7328016436703539,3.5262883880869027,0.8351701327164375,0.7752504400667701,-0.3308030723385394,0.6475024327298551,-0.059793210567802,168.63,1.3303174692081388
2026-01-03,us_israel_iran,2026-02-28,1627,-4.0125915635113705,4.0125915635113705,4.121569113165595,4.045803833849656,0.7638685496313842,3.5904445510618204,1.001982136521884,0.6573096125358758,1.1961184020382096,1.291288435260228,0.0873877044293713,168.63,1.3303174692081388
2026-01-04,us_israel_iran,2026-02-28,670,-3.35565592857298,3.35565592857298,3.676975188532817,1.813787766235662,0.7112879368996331,3.6037842312530826,0.217233306874836,0.1560608023774989,-0.0400476905834704,0.2016832288829559,0.1179903191319873,168.63,1.3303174692081388
2026-01-05,us_israel_iran,2026-02-28,674,-3.724998793244193,3.724998793244193,4.159878870270759,2.0226980353453987,0.7322218749111329,3.671397662464568,0.6584354054889642,0.700501206263299,0.0756538918652578,0.6354881364765007,0.2731025672833525,168.63,1.3303174692081388
2026-01-06,us_israel_iran,2026-02-28,456,-2.8018023353854424,2.8018023353854424,3.2095681536979765,1.1133696850695871,0.6872272311441605,3.626911877933473,-0.4443778707415125,-0.370908207071142,-0.4279629458361844,-0.2969163289811435,0.1710475476554893,168.63,1.3303174692081388
2026-01-07,us_israel_iran,2026-02-28,1309,-3.586347803133102,3.586347803133102,3.864136086388731,3.140657987697409,0.763358501933197,3.6589294852418224,0.4928085214651019,0.3670717320386234,0.694817976774303,1.2807189382807849,0.2444992710932727,168.63,1.3303174692081388
2026-01-08,us_israel_iran,2026-02-28,805,-2.927933171839233,2.927933171839233,3.1473787021912822,1.819118724936193,0.6943677014351215,3.6036463049602383,-0.2937070576126159,-0.4410224997886597,-0.0370952251051159,-0.1489474636370705,0.1176739018613515,168.63,1.3303174692081388
2026-01-09,us_israel_iran,2026-02-28,686,-3.4022400819412324,3.4022400819412324,3.882704392995034,1.872724375341844,0.7157123162299476,3.6294915804241374,0.2728808587682009,0.3880062097212705,-0.007406600383326,0.2933677206155438,0.1769656536548285,168.63,1.3303174692081388
2026-01-10,us_israel_iran,2026-02-28,253,-3.201775193017498,3.201775193017498,3.581146369604766,0.7670617592893733,0.6968118697710669,3.6224228934293374,0.033413582825742,0.0480204563330877,-0.6197600039609832,-0.0982980245045285,0.1607493500063403,168.63,1.3303174692081388
2026-01-11,us_israel_iran,2026-02-28,169,-3.142913830047199,3.142913830047199,3.5480738312366173,0.5224032356692387,0.6900221528571984,3.6067601502840807,-0.0368998287868038,0.0107334634448149,-0.7552601804867708,-0.2389983799173059,0.1248173871115834,168.63,1.3303174692081388
2026-01-12,us_israel_iran,2026-02-28,307,-3.781567071786991,3.781567071786991,4.3279033493444,1.0741191491998383,0.7213555117504661,3.67875850726478,0.7260095908743739,0.8899371511712479,-0.4497012219460344,0.4103092110301058,0.2899891113441455,168.63,1.3303174692081388
2026-01-13,us_israel_iran,2026-02-28,612,-4.296331947680703,4.296331947680703,4.632621999093509,2.164065809992899,0.7534291622257722,3.779640324610224,1.340926962404818,1.2334862915378575,0.1539481533377717,1.0749575429867828,0.5214224997356104,168.63,1.3303174692081388
2026-01-14,us_israel_iran,2026-02-28,587,-3.536703178501357,3.536703178501357,3.940645308667196,1.7238036406008828,0.7288852678129352,3.787673460332178,0.4335050539622578,0.4533305729908464,-0.0898839469607971,0.5663450763836267,0.5398513491403961,168.63,1.3303174692081388
2026-01-15,us_israel_iran,2026-02-28,616,-3.2456730742165294,3.2456730742165294,3.633561050614551,1.6432316755151208,0.6971037972172992,3.7787165787319017,0.085852222264377,0.1071143733556518,-0.1345074300530979,-0.0922485387953775,0.5193033305507337,168.63,1.3303174692081388
2026-01-16,us_israel_iran,2026-02-28,447,-3.167423914573812,3.167423914573812,3.707690756445475,1.2380925571057304,0.6883919404989338,3.7726302321837024,-0.0076210697671118,0.1906904745716825,-0.3588871951628086,-0.2727805627558296,0.5053406181250534,168.63,1.3303174692081388
2026-01-17,us_israel_iran,2026-02-28,223,-2.807820985492656,2.807820985492656,3.450098683676196,0.6008401727553021,0.6823049491016958,3.738573801541341,-0.4371882339239972,-0.0997267192495759,-0.7118191482102685,-0.3989186424210591,0.4272116217659623,168.63,1.3303174692081388
2026-01-18,us_israel_iran,2026-02-28,177,-2.3529221824740514,2.3529221824740514,2.745374485802508,0.4080888198384461,0.656597021451726,3.632262269168515,-0.9805920078875936,-0.8942543681952296,-0.8185713755978982,-0.9316528643572444,0.1833219019973186,168.63,1.3303174692081388
2026-01-19,us_israel_iran,2026-02-28,451,-3.0446523730584887,3.0446523730584887,3.588597972103721,1.1989054344583592,0.6710684966494883,3.6251555257869583,-0.1542790045694295,0.0564216212600705,-0.3805903508824139,-0.6317667675579269,0.1670182930368429,168.63,1.3303174692081388
2026-01-20,us_israel_iran,2026-02-28,505,-1.0119835182952417,1.0119835182952417,1.5642382516175246,0.4371834884411258,0.563891922348087,3.4050087599775947,-2.582423285378705,-2.225903541109996,-0.8024577627415426,-2.85274037918663,-0.3380212997791766,168.63,1.3303174692081388
2026-01-21,us_israel_iran,2026-02-28,395,-2.8689250939896582,2.8689250939896582,3.267144564277086,1.011349676441342,0.6916174598932424,3.376983844133421,-0.3641957289061414,-0.305994798009589,-0.4844650818490414,-0.2059395249147617,-0.4023133734537945,168.63,1.3303174692081388
2026-01-22,us_israel_iran,2026-02-28,419,-2.483405875476634,2.483405875476634,2.953792000963056,0.9198744065505448,0.6630817866366043,3.3378622435441514,-0.8247214477810398,-0.6592780770174351,-0.5351271844177296,-0.7972718912098791,-0.4920623968349752,168.63,1.3303174692081388
2026-01-23,us_israel_iran,2026-02-28,869,-3.793556485764788,3.793556485764788,4.3972129295579245,2.4939887848005613,0.7560666056265086,3.4539684014724483,0.7403316615413316,0.9680788951082604,0.336670670685098,1.1296121373641603,-0.2257027866542044,168.63,1.3303174692081388
2026-01-24,us_israel_iran,2026-02-28,414,-2.6910533595074693,2.6910533595074693,2.9643544327295324,0.9868299285326548,0.6577946434184057,3.406888837907512,-0.5766741332406526,-0.647369667878245,-0.4980449486807135,-0.9068350643665284,-0.3337082053364894,168.63,1.3303174692081388
2026-01-25,us_israel_iran,2026-02-28,261,-2.307818238799783,2.307818238799783,2.658019180115398,0.5683871376245209,0.642657960788261,3.332977541048537,-1.0344713609450171,-0.9927414158373038,-0.7297927381917317,-1.2205059659444149,-0.5032684127414214,168.63,1.3303174692081388
2026-01-26,us_israel_iran,2026-02-28,431,-4.138793310641076,4.138793310641076,4.375271761512252,1.5695738980186555,0.745503989375506,3.441785940305044,1.1527376566859515,0.9433417501158669,-0.1753016018873257,0.9107276272354332,-0.2536506204770767,168.63,1.3303174692081388
2026-01-27,us_israel_iran,2026-02-28,366,-3.303571329580472,3.303571329580472,3.7650228435204673,1.0917180782369371,0.715891556405441,3.469266270758468,0.1550151443514406,0.2553284258301771,-0.439954339001158,0.2970820369436165,-0.1906078823672418,168.63,1.3303174692081388
2026-01-28,us_israel_iran,2026-02-28,472,-3.1959241547219848,3.1959241547219848,3.527836548398037,1.3065464597798129,0.6990069437611388,3.473196387457774,0.0264241683223642,-0.0120826691689078,-0.3209751054511142,-0.0528104593411541,-0.1815917856272341,168.63,1.3303174692081388
2026-01-29,us_israel_iran,2026-02-28,348,-3.753696751825146,3.753696751825146,4.117874008093291,1.1881556143476035,0.7230786445820091,3.550471895298604,0.6927168300485773,0.6531436378828652,-0.3865439653368582,0.4460169444889653,-0.0043137280954711,168.63,1.3303174692081388
2026-01-30,us_israel_iran,2026-02-28,382,-4.016990608884401,4.016990608884401,4.731383282486466,1.3765949503552148,0.7300007220179489,3.671353019895944,1.0072370588071913,1.344832787852046,-0.2821798789538395,0.5894601495277708,0.273000152584699,168.63,1.3303174692081388
2026-01-31,us_israel_iran,2026-02-28,395,-3.22957948843545,3.22957948843545,3.9740192107373113,1.1384870861611145,0.7297512100935967,3.7008047954129752,0.0666274733927302,0.4909573325485817,-0.4140520784304153,0.584289622261108,0.3405655908510533,168.63,1.3303174692081388
2026-02-01,us_israel_iran,2026-02-28,277,-3.685309110126182,3.685309110126182,4.334236200999516,0.9566378333632212,0.7231690479067482,3.7677776564872247,0.6110237098532989,0.8970770021254826,-0.514766353537605,0.4478903333331018,0.4942083044394632,120.75,0.3486103529681236
2026-02-02,us_israel_iran,2026-02-28,314,-2.911694446526576,2.911694446526576,3.151198469557681,0.8434097375236979,0.6904854814785741,3.70054930553874,-0.3131051843183815,-0.4367159770464277,-0.5774759078458596,-0.2293970220805268,0.3399794704891306,120.75,0.3486103529681236
2026-02-03,us_israel_iran,2026-02-28,635,-2.7442314239496866,2.7442314239496866,3.0577463009626205,1.4227817585668314,0.7110282046414214,3.6354305696907177,-0.513149760966588,-0.5420768146999899,-0.2566000603019717,0.1963009100755383,0.1905903131400817,120.75,0.3486103529681236
2026-02-04,us_israel_iran,2026-02-28,682,-2.868480308564681,2.868480308564681,3.231413367752368,1.571833525394269,0.7006206258848297,3.591534641581068,-0.3647270516463483,-0.3462792435479381,-0.1740501437171884,-0.0193708253760344,0.0898884855330565,120.75,0.3486103529681236
2026-02-05,us_israel_iran,2026-02-28,437,-2.436171112176232,2.436171112176232,2.73085094827102,0.934560926690166,0.6666038960172774,3.50316599990005,-0.8811461920744774,-0.9106286493169566,-0.5269932921583371,-0.7242847478650428,-0.1128383755598437,120.75,0.3486103529681236
2026-02-06,us_israel_iran,2026-02-28,507,-3.4478569283570075,3.4478569283570075,3.7562212474480057,1.494283445601305,0.7186793399573206,3.5277730221428136,0.3273729047664757,0.2454052367932147,-0.2170000043885081,0.3548520649932641,-0.0563873055284005,120.75,0.3486103529681236
2026-02-07,us_israel_iran,2026-02-28,254,-2.509344320643354,2.509344320643354,2.912348569747811,0.6032854837600996,0.6726374205269281,3.462537144539488,-0.7937364267152294,-0.7060026709323888,-0.710464852157518,-0.5992546392951896,-0.2060451982557898,120.75,0.3486103529681236
2026-02-08,us_israel_iran,2026-02-28,207,-2.49143497875808,2.49143497875808,2.627957754486889,0.4984609117348031,0.6629671209548528,3.373997869296173,-0.8151302046392049,-1.0266335879815829,-0.7685202503651891,-0.7996480583433185,-0.4091635104994994,120.75,0.3486103529681236
2026-02-09,us_israel_iran,2026-02-28,291,-1.9250086245408249,1.9250086245408249,2.600808851555652,0.521812610785221,0.6340586526772398,3.287141097159984,-1.4917602957971032,-1.0572420928158042,-0.7555872885509444,-1.3987056939851064,-0.608421985506854,120.75,0.3486103529681236
2026-02-10,us_israel_iran,2026-02-28,387,-2.573541341971302,2.573541341971302,3.0090549608360093,0.891689867180889,0.6860370427976552,3.250366343021108,-0.7170492526990743,-0.5969729231514036,-0.5507367368803935,-0.3215800852887728,-0.6927870988798575,120.75,0.3486103529681236
2026-02-11,us_israel_iran,2026-02-28,362,-2.8092424916630634,2.8092424916630634,3.0564013999716506,0.9197059631803082,0.6770579082193352,3.226086616339215,-0.4354901599510912,-0.5435930972764135,-0.5352204740610412,-0.5076507922851506,-0.748487318830969,120.75,0.3486103529681236
2026-02-12,us_israel_iran,2026-02-28,210,-2.337756243280184,2.337756243280184,2.7698508173012235,0.4738498124734892,0.6600715313111151,3.175693201173743,-0.9987086275378608,-0.866659002264607,-0.7821507106698521,-0.8596521052235772,-0.8640950579781231,120.75,0.3486103529681236
2026-02-13,us_israel_iran,2026-02-28,943,-3.704996766543434,3.704996766543434,4.25857319389209,2.5847449698749334,0.7261241997842526,3.287023445835087,0.6345417906366325,0.8117722100797353,0.3869345197283383,0.5091286625209238,-0.6086918898908743,120.75,0.3486103529681236
2026-02-14,us_israel_iran,2026-02-28,404,-3.256183833411384,3.256183833411384,3.640369691584825,1.1698325091282633,0.7004434721305622,3.3234088410595124,0.0984079515294482,0.114790643758952,-0.396691921578007,-0.0230419057029947,-0.5252200063906348,120.75,0.3486103529681236
2026-02-15,us_israel_iran,2026-02-28,395,-3.214114983073698,3.214114983073698,3.360226754294792,1.1330355592018713,0.7104592993188524,3.330486150831078,0.0481541986329532,-0.2010510855379247,-0.417071318693875,0.1845117321028647,-0.5089839211948184,120.75,0.3486103529681236
2026-02-16,us_israel_iran,2026-02-28,323,-2.312275192064489,2.312275192064489,2.5748158016196063,0.686387671415237,0.6740069042168415,3.249320509157432,-1.0291472642264743,-1.0865474535752695,-0.6644400461122011,-0.5708754234387464,-0.6951863506095941,120.75,0.3486103529681236
2026-02-17,us_israel_iran,2026-02-28,783,-2.5349804224837724,2.5349804224837724,2.8273433138811,1.542714490381611,0.6869996657036117,3.214098280752637,-0.7631125728001231,-0.8018402004163798,-0.1901772515166366,-0.3016320687934296,-0.7759898083675629,120.75,0.3486103529681236
2026-02-18,us_israel_iran,2026-02-28,449,-2.379590898150445,2.379590898150445,2.723291950416883,0.9335841540432052,0.672942940203103,3.1620142244936686,-0.9487346351067688,-0.9191508950572808,-0.52753426193176,-0.5929234877068815,-0.8954760541387793,120.75,0.3486103529681236
2026-02-19,us_israel_iran,2026-02-28,1029,-2.396268133250126,2.396268133250126,2.735890884061804,1.7790446249908347,0.679200565790734,3.1181985326681314,-0.9288126822849366,-0.9049464713148804,-0.0592896188926751,-0.4632494298059725,-0.9959938113593596,120.75,0.3486103529681236
2026-02-20,us_israel_iran,2026-02-28,587,-3.1511040980475173,3.1511040980475173,3.8133520519945767,1.5358610666412722,0.7064873135509923,3.184489515947611,-0.0271160647680529,0.309816255963152,-0.1939729096971943,0.102201995729187,-0.843915396399434,120.75,0.3486103529681236
2026-02-21,us_israel_iran,2026-02-28,265,-2.843275696164984,2.843275696164984,3.305947992812817,0.7097603825817864,0.6751805636528476,3.19852181228925,-0.3948354656681037,-0.2622466239883935,-0.6514954470764001,-0.5465541885662998,-0.8117238481629635,120.75,0.3486103529681236
2026-02-22,us_israel_iran,2026-02-28,193,-2.0481042174331137,2.0481042174331137,2.084837276002965,0.3844913539148643,0.6313777976133964,3.083987964582679,-1.3447152622817689,-1.6389642531780908,-0.831640451430184,-1.4542598894070768,-1.0744764150549466,120.75,0.3486103529681236
2026-02-23,us_israel_iran,2026-02-28,403,-2.752034490210315,2.752034490210315,3.0971238405301853,0.9866526613955666,0.6981944008201985,3.078242986945723,-0.5038285325386905,-0.4976813703143985,-0.4981431252249526,-0.0696484338883599,-1.0876559916698405,120.75,0.3486103529681236
2026-02-24,us_israel_iran,2026-02-28,539,-2.966175326398125,2.966175326398125,3.2620891914142054,1.3506473871165745,0.7170484163815503,3.0938501589201874,-0.2480245212464973,-0.3116943802396405,-0.2965505182727815,0.3210551439031892,-1.051851514824521,120.75,0.3486103529681236
2026-02-25,us_israel_iran,2026-02-28,810,-2.100951048770217,2.100951048770217,2.454370677015133,1.3113464548106903,0.6417861386226716,3.02397400105005,-1.2815865677236846,-1.2223409767261673,-0.3183167056358,-1.2385723581241246,-1.2121546934269345,120.75,0.3486103529681236
2026-02-26,us_israel_iran,2026-02-28,893,-2.1961527385176685,2.1961527385176685,2.375679124198896,1.472842509831869,0.6596320387718874,2.949523251199235,-1.1678624665539554,-1.3110602439793886,-0.2288747207836232,-0.8687595182799736,-1.3829524621393912,120.75,0.3486103529681236
2026-02-27,us_israel_iran,2026-02-28,441,-2.3102530587387906,2.3102530587387906,2.825169042202609,0.8929840505706319,0.6611763783116431,2.926560772093107,-1.0315628231889302,-0.8042915409125528,-0.550019974287486,-0.8367568405721876,-1.435630779057513,120.75,0.3486103529681236
2026-02-28,us_israel_iran,2026-02-28,1626,-4.267098945281189,4.267098945281189,4.455924741493248,4.300751648806092,0.753892584165801,3.082158489814949,1.30600639606617,1.0342723904402775,1.3373171365858665,1.0845608346254882,-1.078673420576988,120.75,0.3486103529681236
2026-03-01,us_israel_iran,2026-02-28,2314,-4.652505710719408,4.652505710719408,4.881468803373781,5.796417717000234,0.7851478518237033,3.265111610365177,1.7663977830306803,1.514043801765258,2.165667660676328,1.7322501748107673,-0.6589599209604646,326.99,4.577250195352015
2026-03-02,us_israel_iran,2026-02-28,5305,-4.375292591500799,4.375292591500799,4.640725734969606,8.306772292796825,0.78820692751788,3.410898929385197,1.435250164756002,1.242622691611445,3.5559870459550984,1.7956420721262654,-0.3245086381314058,326.99,4.577250195352015
2026-03-03,us_israel_iran,2026-02-28,4383,-4.32972278892396,4.32972278892396,4.698869124838412,7.527956931039964,0.7975911976123149,3.548759041171571,1.3808143154314716,1.3081753304928374,3.1246527215360604,1.9901082265073888,-0.0082431937303154,326.99,4.577250195352015
2026-03-04,us_israel_iran,2026-02-28,4937,-3.772641487396189,3.772641487396189,4.242026272494488,6.93326547827256,0.7640325899827604,3.623666868802821,0.7153474475347842,0.793116704003751,2.7952924538616224,1.2946877722331025,0.1636031589813974,326.99,4.577250195352015
2026-03-05,us_israel_iran,2026-02-28,4638,-4.141107011309393,4.141107011309393,4.468133033241008,7.393984902292727,0.7752693540541699,3.7177076165058858,1.155501510243364,1.048036392541039,3.0504544746237485,1.5275423549193836,0.3793424216203857,326.99,4.577250195352015
2026-03-06,us_israel_iran,2026-02-28,3952,-3.622320568912505,3.622320568912505,3.914456578331458,5.991839773238161,0.7549903485180959,3.7382563664784985,0.5357801374700718,0.4238045961543666,2.2738990140150936,1.1073093286329312,0.4264833926943523,326.99,4.577250195352015
2026-03-07,us_israel_iran,2026-02-28,2729,-3.830762938542425,3.830762938542425,4.161551677369748,5.233177109361842,0.7662917318952753,3.7874846152184136,0.78477699030677,0.7023871802308596,1.8537259362179968,1.3415029891340458,0.5394181187951298,326.99,4.577250195352015
2026-03-08,us_israel_iran,2026-02-28,2646,-4.3628157481498615,4.3628157481498615,4.738550152658997,5.860032416803453,0.7931369218196771,3.894246904480623,1.4203458306072605,1.3529129368318316,2.200899635943025,1.8978042033675515,0.7843419217811058,326.99,4.577250195352015
2026-03-09,us_israel_iran,2026-02-28,4089,-4.118507214690722,4.118507214690722,4.428217214396073,6.926481110184909,0.7832476660869149,3.957735788631201,1.128504704158356,1.0030340756086906,2.7915350410403144,1.6928734508754406,0.929992029707368,326.99,4.577250195352015
2026-03-10,us_israel_iran,2026-02-28,4252,-3.639719948435317,3.639719948435317,3.9548871465530255,6.237481757940441,0.7552719428998245,3.9626742777391737,0.5565647349114818,0.4693872573025748,2.4099438645962343,1.113144686733138,0.9413214377004728,326.99,4.577250195352015
2026-03-11,us_israel_iran,2026-02-28,4535,-3.961390213301123,3.961390213301123,4.32318275090301,6.999194070863541,0.7775101084424251,4.005720918463402,0.9408190673916664,0.8846150038793423,2.8318059413215764,1.573976535139221,1.040074911654698,326.99,4.577250195352015
2026-03-12,us_israel_iran,2026-02-28,6357,-4.13272061470525,4.13272061470525,4.441078416439282,8.490141559034088,0.7876669637374117,4.058486013966517,1.1454834589000624,1.0175341887775553,3.657543155985137,1.784452637163707,1.1611235323319953,326.99,4.577250195352015
2026-03-13,us_israel_iran,2026-02-28,5664,-3.701791850830897,3.701791850830897,3.979564826986454,7.235172056898898,0.7406220809870838,4.049053073016513,0.6307133275106108,0.4972096301902411,2.962498542138691,0.8095619594974162,1.1394833840475858,326.99,4.577250195352015
2026-03-14,us_israel_iran,2026-02-28,3815,-3.8284071847861294,3.8284071847861294,4.048135582998132,6.223870463466688,0.7576347469328469,4.051213209024661,0.7819629018255398,0.5745184010892215,2.402405468726563,1.1621080487457656,1.1444389608691292,326.99,4.577250195352015
2026-03-15,us_israel_iran,2026-02-28,3532,-3.616987364721447,3.616987364721447,3.866382108910552,5.657961013042931,0.7722565910466966,4.035525339320951,0.5294093067149496,0.3696039666335557,2.088985648744784,1.465110175300804,1.1084493550342032,326.99,4.577250195352015
2026-03-16,us_israel_iran,2026-02-28,4511,-2.680161084564213,2.680161084564213,2.9153091555504296,4.723664423265634,0.6943509870927701,3.9253840937162745,-0.5896856058405762,-0.7026648158050158,1.571540554377972,-0.1492938276960093,0.855773874529511,326.99,4.577250195352015
2026-03-17,us_israel_iran,2026-02-28,3897,-3.549839052900392,3.549839052900392,3.912844258865811,5.831763863117073,0.7343710003156703,3.9301247835420967,0.4491966400367441,0.421986817797592,2.185243553506345,0.6800235290533837,0.8666495103831561,326.99,4.577250195352015
2026-03-18,us_israel_iran,2026-02-28,3810,-3.097014408237741,3.097014408237741,3.3867227255206864,5.031577689465749,0.7089000836470147,3.879448370737556,-0.0917294279602849,-0.1711787159099771,1.742073349669122,0.1522007827693762,0.7503925451986461,326.99,4.577250195352015
2026-03-19,us_israel_iran,2026-02-28,3662,-4.026606951443959,4.026606951443959,4.337352007125135,6.414239754156754,0.7526462006171183,3.934082795081353,1.0187243540120037,0.9005898573999696,2.507838429376825,1.0587325695439074,0.8757296007892001,326.99,4.577250195352015
2026-03-20,us_israel_iran,2026-02-28,3094,-3.765395832723757,3.765395832723757,4.106804232004667,5.5014903461096045,0.7440608926396067,3.952975526908269,0.7066920805219247,0.6406632332130864,2.002326894016531,0.8808229601908748,0.9190714938847828,326.99,4.577250195352015
2026-03-21,us_israel_iran,2026-02-28,2384,-3.2120158717361136,3.2120158717361136,3.442028148932616,4.070231322031093,0.7119949756122351,3.902632291063604,0.0456466848403384,-0.1088256873492918,1.2096471723082591,0.2163348851177689,0.8035788713220343,326.99,4.577250195352015
2026-03-22,us_israel_iran,2026-02-28,2362,-4.511878486551719,4.511878486551719,4.721777408296976,5.687392689063734,0.7879889596317857,3.9991092909233688,1.5984101694611157,1.3340028310279846,2.105285907723132,1.791125218267543,1.024907149964475,326.99,4.577250195352015
2026-03-23,us_israel_iran,2026-02-28,3248,-3.8776701804332734,3.8776701804332734,4.187011401237888,5.8109984354175,0.7639891040155152,4.023918400328156,0.8408104907261336,0.7310912528436532,2.173742956358565,1.293786631416118,1.081821828978073,326.99,4.577250195352015
2026-03-24,us_israel_iran,2026-02-28,2361,-3.2137836240637743,3.2137836240637743,3.5179672507516098,4.0501202163244185,0.718516114375937,3.974736370619514,0.0477583705161621,-0.0232096176679377,1.198508960840858,0.351469612145161,0.96899313414534,326.99,4.577250195352015
2026-03-25,us_israel_iran,2026-02-28,3699,-2.839703705550039,2.839703705550039,3.0749054351799465,4.546312203771483,0.7107527347993635,3.8881801770431927,-0.3991024216764363,-0.5227310811367462,1.4733168886208388,0.1905924681515647,0.7704242176374126,326.99,4.577250195352015
2026-03-26,us_israel_iran,2026-02-28,3626,-3.895697520552325,3.895697520552325,4.490930807305824,6.175074942953115,0.7585616483293959,3.9601367064643744,0.8623452245838892,1.073739301400369,2.375380856849469,1.181315823912452,0.9354999850951866,326.99,4.577250195352015
2026-03-27,us_israel_iran,2026-02-28,2734,-3.32503852098038,3.32503852098038,3.60735647425844,4.546845557696084,0.7292268117784259,3.9291783092604193,0.1806589858953189,0.0775705312303816,1.473612278088023,0.5734227436771588,0.8644781998754963,326.99,4.577250195352015
2026-03-28,us_israel_iran,2026-02-28,2409,-3.475913418467961,3.475913418467961,3.844387581934491,4.4307264489176585,0.7336368917368563,3.917322025751597,0.3608880569482257,0.3448066631484638,1.4093015829007862,0.6648109157351885,0.8372786515487566,326.99,4.577250195352015
2026-03-29,us_israel_iran,2026-02-28,2791,-4.021273844565552,4.021273844565552,4.323682063203745,5.560916460281748,0.7617761434354862,3.9548776551314986,1.012353639502651,0.8851779438629411,2.0352390887008625,1.2479284102156774,0.92343517399524,326.99,4.577250195352015
2026-03-30,us_israel_iran,2026-02-28,2852,-3.5676828095817585,3.5676828095817585,3.886076416316678,4.991598571697407,0.7560666892588617,3.943829984321112,0.4705120725197492,0.3918079321114187,1.71993156022807,1.129613870441098,0.8980906673560882,326.99,4.577250195352015
2026-03-31,us_israel_iran,2026-02-28,4204,-3.4774066498964613,3.4774066498964613,3.787407753994655,5.926989293383559,0.7521032149069704,3.923154220618668,0.362671811023338,0.2805658596299218,2.237982621902289,1.047480512444764,0.8506583135667769,326.99,4.577250195352015
2026-04-01,us_israel_iran,2026-02-28,3880,-3.353908844234853,3.353908844234853,3.562214810512825,5.498063266312363,0.7388981707036766,3.883306024352579,0.2151463103462209,0.026676436670389,2.000428861155779,0.7738381152411553,0.7592424040816222,230.77,2.6044043573274904
2026-04-02,us_israel_iran,2026-02-28,3819,-2.967309656818251,2.967309656818251,3.240916704151201,4.826475663493127,0.7114289468424693,3.812289796551496,-0.2466694958493588,-0.3355648909701688,1.6284809012480856,0.2046053166997924,0.5963237864034189,230.77,2.6044043573274904
2026-04-03,us_israel_iran,2026-02-28,4337,-3.1940028368224778,3.1940028368224778,3.4663295494842297,5.525565250458104,0.7245581680679375,3.775218992663672,0.0241290394043547,-0.081427543927202,2.0156603914185185,0.4766764672573554,0.5112795040945814,230.77,2.6044043573274904
2026-04-04,us_israel_iran,2026-02-28,2033,-3.784171365753613,3.784171365753613,4.108471747913113,4.372228367504782,0.7472431887902949,3.808251134554853,0.7291205754726674,0.6425432417303398,1.37690336418934,0.9467683015225552,0.5870586754543338,230.77,2.6044043573274904
2026-04-05,us_israel_iran,2026-02-28,2072,-3.78730880100912,3.78730880100912,4.1156698766495685,4.425301901409925,0.7191983754832579,3.835553155686618,0.7328684291647312,0.6506586325726575,1.4062972847713178,0.3656078128245289,0.6496923534225157,230.77,2.6044043573274904
2026-04-06,us_israel_iran,2026-02-28,4265,-4.169418015982992,4.169418015982992,4.517314777980664,7.155676394789085,0.7572715504114166,3.904221358746527,1.189320695262643,1.1034853981760744,2.91847115208692,1.1545816849373487,0.8072243579708622,230.77,2.6044043573274904
2026-04-07,us_israel_iran,2026-02-28,5253,-4.491682748391079,4.491682748391079,4.787604849772775,8.49015641942128,0.769715516600849,3.997158387024921,1.5742851547069574,1.4082187050815222,3.657551386170859,1.4124525929307934,1.0204315733786788,230.77,2.6044043573274904
2026-04-08,us_israel_iran,2026-02-28,6773,-3.213143065004302,3.213143065004302,3.3485008676242525,6.779265921727001,0.6895115554373988,3.926909959464649,0.0469931844834577,-0.2142712093768066,2.7100022837581883,-0.2495792685390243,0.8592743693626644,230.77,2.6044043573274904
2026-04-09,us_israel_iran,2026-02-28,4398,-3.5376670889160016,3.5376670889160016,3.7320965892628655,6.160798949516085,0.718968792911958,3.90351327399922,0.434656502490161,0.2182063581293494,2.3674743281817743,0.3608502728875551,0.8055999378657357,230.77,2.6044043573274904
2026-04-10,us_israel_iran,2026-02-28,3477,-2.848029617531929,2.848029617531929,3.0193615422776485,4.419812688932898,0.6848769440677698,3.809795383191996,-0.3891566228248551,-0.5853529675060601,1.4032571729917689,-0.3456203075365353,0.5906013425475422,230.77,2.6044043573274904
2026-04-11,us_israel_iran,2026-02-28,1989,-2.8937871363804626,2.8937871363804626,3.1818886343844475,3.3002521619090137,0.7003599590674753,3.742220864052544,-0.3344965352086511,-0.4021149450694672,0.7832066356208492,-0.0247725106467655,0.4355783627392431,230.77,2.6044043573274904
2026-04-12,us_israel_iran,2026-02-28,3788,-2.5415739463050544,2.5415739463050544,2.803052445479949,4.117366634435508,0.672068321425082,3.6424317896712375,-0.7552362150158689,-0.8292264695693993,1.2357523047062329,-0.6110478328716824,0.2066518404360995,230.77,2.6044043573274904
2026-04-13,us_israel_iran,2026-02-28,5222,-3.861223019784321,3.861223019784321,4.104968019924188,7.279071107619444,0.7418002414449585,3.69525529757434,0.8211633755692678,0.6385930314637059,2.9868113232097646,0.833976467091636,0.3278344652383116,230.77,2.6044043573274904
2026-04-14,us_israel_iran,2026-02-28,4237,-3.458049347269464,3.458049347269464,3.857011330759156,5.916132745567117,0.7346768443391368,3.711122563838362,0.339548357561897,0.3590390642846867,2.23196989802976,0.6863614019497812,0.3642356254535139,230.77,2.6044043573274904
2026-04-15,us_israel_iran,2026-02-28,4224,-2.834172417844292,2.834172417844292,3.135869636662956,4.841652379470678,0.6933162644028008,3.652211936245093,-0.40570987501383,-0.4539981728297919,1.6368862805645767,-0.1707359367086801,0.2290885145574805,230.77,2.6044043573274904
2026-04-16,us_israel_iran,2026-02-28,3747,-3.310758910860588,3.310758910860588,3.596257960041973,5.334582926212162,0.7126401751914726,3.642523850612468,0.1636011392306697,0.0650577263149201,1.9098879120226664,0.2297050758433148,0.206863037816639,230.77,2.6044043573274904
2026-04-17,us_israel_iran,2026-02-28,4021,-2.8484429635729467,2.8484429635729467,3.081201788270887,4.7516742886350425,0.7076148601719028,3.580727760228399,-0.3886628563054641,-0.5156323797818465,1.587053366463404,0.1255676547572592,0.0650963749703724,230.77,2.6044043573274904
2026-04-18,us_israel_iran,2026-02-28,3376,-3.0725853374196634,3.0725853374196634,3.351098270088677,4.697134914655412,0.7100314314855727,3.557262651432452,-0.1209114112692725,-0.2113428182705389,1.556847614002803,0.1756452127802123,0.011264973231994,230.77,2.6044043573274904
2026-04-19,us_israel_iran,2026-02-28,3078,-4.003297473785215,4.003297473785215,4.234861329465692,5.83314903767686,0.7597471748736204,3.622333527728317,0.9908797915624438,0.7850387277448472,2.18601071009093,1.205882975715639,0.1605443357873502,230.77,2.6044043573274904
2026-04-20,us_israel_iran,2026-02-28,4359,-4.083302835530806,4.083302835530806,4.386291577882681,7.0810430898187535,0.7644455473124531,3.699829856480594,1.086450971836793,0.9557658286689056,2.877136700098301,1.3032453076642772,0.3383289794721844,230.77,2.6044043573274904
2026-04-21,us_israel_iran,2026-02-28,3928,-4.035826440864242,4.035826440864242,4.404788426580645,6.655967618897261,0.7587845003038721,3.775223178811856,1.029737584453048,0.9766197425166758,2.6417155077589203,1.1859338886139716,0.5112891075541943,230.77,2.6044043573274904
2026-04-22,us_israel_iran,2026-02-28,3703,-4.102043626069633,4.102043626069633,4.401264564850686,6.570834276260715,0.7509010915034305,3.845152128796144,1.1088379648081574,0.97264683285363,2.594565779293327,1.022569431132582,0.6717133967608736,230.77,2.6044043573274904
2026-04-23,us_israel_iran,2026-02-28,4241,-3.6595648288932088,3.6595648288932088,3.979676698253788,6.263720792388736,0.7329239718271661,3.855781187589408,0.5802706291963561,0.4973357572840567,2.4244759305426897,0.6500373860068172,0.6960975638651781,230.77,2.6044043573274904
2026-04-24,us_israel_iran,2026-02-28,3461,-3.150715807840284,3.150715807840284,3.4714034353261827,4.878098834587807,0.718756499274589,3.816592612414193,-0.0275799005983598,-0.0757070895974244,1.657071561784445,0.3564510040213247,0.6061948938133755,230.77,2.6044043573274904
2026-04-25,us_israel_iran,2026-02-28,2196,-3.06602046913173,3.06602046913173,3.325476348206491,3.7064216830417527,0.7208006656755056,3.76461530140981,-0.1287535383084398,-0.2402297578930825,1.008157072656641,0.3988113767408933,0.4869535327658233,230.77,2.6044043573274904
2026-04-26,us_israel_iran,2026-02-28,1025,-3.4238929143121206,3.4238929143121206,3.846938839967701,2.5349950357130355,0.7364178007909813,3.770214843300143,0.2987464595331705,0.3476830296094084,0.3593813212485257,0.7224384865528739,0.4997994646415557,230.77,2.6044043573274904
2026-04-27,us_israel_iran,2026-02-28,2428,-2.920207280742303,2.920207280742303,3.240131065533169,3.738918256272738,0.7132946871288754,3.713639235690517,-0.3029360957007457,-0.336450644015103,1.0261547755125544,0.243268242523561,0.3700091326081191,230.77,2.6044043573274904
2026-04-28,us_israel_iran,2026-02-28,2294,-3.172187014188295,3.172187014188295,3.4171355214496963,3.932542924414516,0.7131656868499895,3.6819440377921255,-0.0019312629593129,-0.1368903981251645,1.1333906744493645,0.2405950257579948,0.2972970499119411,230.77,2.6044043573274904
2026-04-29,us_israel_iran,2026-02-28,1868,-3.472977772166852,3.472977772166852,3.79665986856501,3.813999590142831,0.7333669170362336,3.694710342480541,0.3573812522073482,0.2909969770224277,1.0677373610797958,0.6592163472411047,0.3265842815362548,230.77,2.6044043573274904
2026-04-30,us_israel_iran,2026-02-28,2340,-3.5646689974309487,3.5646689974309487,3.89992214715528,4.469530676991824,0.7356775997717553,3.71887087707216,0.4669118940055393,0.4074180332039039,1.4307926786377985,0.7070996222374454,0.382011062427213,230.77,2.6044043573274904
