date,event_name,event_date,N,mean_tone,F1_raw,F2_raw,F3_raw,F4_raw,F5_raw,F1_z,F2_z,F3_z,F4_z,F5_z,GPR,GPR_zscore
2019-09-24,soleimani_assassination,2020-01-03,5,-4.681615731274699,4.681615731274699,4.727461935641732,0.327498296846704,0.7531140420607739,4.727461935641732,0.1447927266095243,-0.0294614884371344,-0.5580285249677599,0.0574293953008888,-0.0484243721297348,90.37,-0.27428568277480986
2019-09-25,soleimani_assassination,2020-01-03,6,-2.3640263754099777,2.3640263754099777,2.9116602343820106,0.1971038080253182,0.6289896484788841,3.771776829715563,-1.5432696348584685,-1.2951973582781502,-0.6053625124537543,-2.060717219125922,-1.6063905986272091,90.37,-0.27428568277480986
2019-09-26,soleimani_assassination,2020-01-03,65,-0.7479598744759253,0.7479598744759253,0.8193760723688457,0.4964218633991664,0.5528879312627001,2.6823300557868848,-2.720363854312283,-2.753660092354816,-0.4967082494135034,-3.359370852162043,-3.382416267356879,90.37,-0.27428568277480986
2019-09-27,soleimani_assassination,2020-01-03,6,-1.5400739476237726,1.5400739476237726,1.8237436622968408,0.1284056907633218,0.597051823660186,2.432668411852589,-2.1434117944116267,-2.0535483542747768,-0.6303003441994269,-2.605726894981869,-3.7894168650323232,90.37,-0.27428568277480986
2019-09-30,soleimani_assassination,2020-01-03,8,-3.6895664515889313,3.6895664515889313,4.1209559642350175,0.4047160787588678,0.7106814859501941,2.844938576777116,-0.5777861226250285,-0.4522369284808731,-0.5299980034651736,-0.6666698125458265,-3.1173304328361344,90.37,-0.27428568277480986
2019-10-01,soleimani_assassination,2020-01-03,22,-1.848446203853683,1.848446203853683,1.9711381748062125,0.5115334645567674,0.6247892170218402,2.6584518372265142,-1.918802720441984,-1.9508044690964483,-0.4912226468657836,-2.13239635819861,-3.42134274830264,97.84,-0.12112461012834137
2019-10-02,soleimani_assassination,2020-01-03,11,-3.2433468619093584,3.2433468619093584,3.5461291819456275,0.4797267792272552,0.7050157866032449,2.828601745233408,-0.9027990471026406,-0.85292984378336,-0.502768665865255,-0.7633533212727647,-3.143962878644117,97.84,-0.12112461012834137
2019-10-03,soleimani_assassination,2020-01-03,57,-4.984080332559358,4.984080332559358,5.152021421009713,3.0011413778806504,0.7692597701970012,3.236553616762404,0.3650988424505478,0.2664850178023327,0.412520071706675,0.3329515420950485,-2.478916166147048,97.84,-0.12112461012834137
2019-10-04,soleimani_assassination,2020-01-03,33,-3.705101058068184,3.705101058068184,4.403485234815944,1.4481198513544735,0.7104347991328769,3.427048335749755,-0.5664711826286551,-0.2552950312427529,-0.1512361281643548,-0.6708794512143083,-2.168370007513757,97.84,-0.12112461012834137
2019-10-05,soleimani_assassination,2020-01-03,7,-4.837577494008658,4.837577494008658,5.041792231327121,0.4674103212829112,0.7769753983489962,3.674966414160254,0.2583905824303487,0.1896478614168242,-0.507239614534013,0.4646164886596606,-1.7642117856197468,97.84,-0.12112461012834137
2019-10-06,soleimani_assassination,2020-01-03,8,-4.633591144819945,4.633591144819945,5.1168993342846525,0.5082680752086031,0.761737589717777,3.8851026989685113,0.1098130626694093,0.2420025619478554,-0.4924080029336664,0.2045877237077757,-1.4216457744275508,97.84,-0.12112461012834137
2019-10-07,soleimani_assassination,2020-01-03,11,-5.262085974817814,5.262085974817814,5.597643878817028,0.7783205633547836,0.7719104656537306,4.123760958597835,0.567589788391718,0.5771138319851409,-0.3943773176645778,0.3781848878180523,-1.032582990178325,97.84,-0.12112461012834137
2019-10-08,soleimani_assassination,2020-01-03,6,-5.906497558491792,5.906497558491792,6.135358959297008,0.4924620016851879,0.7644391584078322,4.393479624740907,1.0369597986315824,0.951937395949084,-0.4981457031472457,0.2506892063362202,-0.5928852593032371,97.84,-0.12112461012834137
2019-10-09,soleimani_assassination,2020-01-03,14,-4.495382456726049,4.495382456726049,4.706028580891411,0.8304002705621103,0.7414287640483718,4.434005552811001,0.0091460123100384,-0.0444019777536096,-0.3754720692027153,-0.1419764696250603,-0.5268195365676245,97.84,-0.12112461012834137
2019-10-11,soleimani_assassination,2020-01-03,46,-3.306267431328417,3.306267431328417,3.239160622817891,1.6888386080913904,0.7780649262491262,4.283541935253775,-0.8569695973212672,-1.066907568295809,-0.0638537646763007,0.4832089648554155,-0.7721066431858795,97.84,-0.12112461012834137
2019-10-12,soleimani_assassination,2020-01-03,111,-3.10628920040989,3.10628920040989,3.224515426321638,2.9783397163612224,0.7629608549983008,4.153551861204128,-1.0026277243195971,-1.0771162549124795,0.4042429307724527,0.2254623893372823,-0.98401759993663,97.84,-0.12112461012834137
2019-10-13,soleimani_assassination,2020-01-03,9,-4.1539522212887885,4.1539522212887885,4.590767809176297,0.5092524714086332,0.7719532248851685,4.206024395966003,-0.2395414991554038,-0.1247464851104234,-0.4920506611638213,0.3789145616451875,-0.8984764143821149,97.84,-0.12112461012834137
2019-10-14,soleimani_assassination,2020-01-03,141,-2.6179732032047025,2.6179732032047025,2.742553564947148,2.913690541970808,0.7310992373338598,4.03383218589209,-1.358302405556311,-1.4130760766341022,0.3807748897590977,-0.3182468336332436,-1.1791856627502073,97.84,-0.12112461012834137
2019-10-15,soleimani_assassination,2020-01-03,64,-3.647846788503908,3.647846788503908,3.700983320714299,2.393756388863016,0.6864167148870212,3.995348759049019,-0.6081734700680689,-0.7449860975599334,0.1920356499400219,-1.0807410615094168,-1.2419216821038688,97.84,-0.12112461012834137
2019-10-16,soleimani_assassination,2020-01-03,10,-3.8324576074813854,3.8324576074813854,4.152637330739176,0.5186578763942525,0.7137179252034486,4.013254541324973,-0.4737085035945809,-0.4301528859546031,-0.4886364423121346,-0.6148538613166231,-1.212731519076353,97.84,-0.12112461012834137
2019-10-17,soleimani_assassination,2020-01-03,9,-3.2453343262441128,3.2453343262441128,3.6140895361668712,0.3978607451759104,0.7272164996064462,3.968433800675131,-0.901351437874643,-0.8055569076278025,-0.5324865309862448,-0.3845046217657805,-1.2857986828796266,97.84,-0.12112461012834137
2019-10-20,soleimani_assassination,2020-01-03,9,-3.690347137088693,3.690347137088693,3.8557831682219934,0.4524169513281308,0.6933279741142955,3.955938207803241,-0.5772174947941501,-0.6370801959956393,-0.5126822984405744,-0.9628024363026064,-1.3061691077755988,97.84,-0.12112461012834137
2019-10-21,soleimani_assassination,2020-01-03,5,-4.457519582642907,4.457519582642907,4.452486354295453,0.3118218485392229,0.7557726734624093,4.010421876274374,-0.0184321660566407,-0.221137956412086,-0.5637191704445604,0.1027981656116779,-1.2173493544412104,97.84,-0.12112461012834137
2019-10-22,soleimani_assassination,2020-01-03,9,-3.433219182456485,3.433219182456485,3.7801617882698766,0.420894430271287,0.7074514986035353,3.985399958058919,-0.7645017611796125,-0.6897933821689245,-0.5241251640917102,-0.721788605601223,-1.258140304577534,97.84,-0.12112461012834137
2019-10-23,soleimani_assassination,2020-01-03,9,-3.874765399549668,3.874765399549668,4.349161188340725,0.4750256504484109,0.7191835555072923,4.024589489675727,-0.4428927806941651,-0.2931625440724258,-0.5044752040234181,-0.5215844725227327,-1.1942531870399298,97.84,-0.12112461012834137
2019-10-24,soleimani_assassination,2020-01-03,13,-4.96771829559542,4.96771829559542,5.141671768480394,0.857439364313575,0.794851595583634,4.144013821426258,0.3531812269826138,0.2592706141382861,-0.365656714759188,0.7696685864682464,-0.9995665958859912,97.84,-0.12112461012834137
2019-10-25,soleimani_assassination,2020-01-03,12,-2.923847550228164,2.923847550228164,3.0566411079528764,0.4687888009929313,0.6667650909280932,4.0285631222871645,-1.1355127335023274,-1.194135941719161,-0.5067392180683835,-1.416090299120236,-1.1877753363684698,97.84,-0.12112461012834137
2019-10-26,soleimani_assassination,2020-01-03,6,-4.42411109211502,4.42411109211502,4.668633309185901,0.3688660805367255,0.7333620085368332,4.096104925248037,-0.0427659054530849,-0.0704689963753447,-0.5430117694805782,-0.2796333022838361,-1.0776680978677626,97.84,-0.12112461012834137
2019-10-27,soleimani_assassination,2020-01-03,25,-5.355489524363069,5.355489524363069,5.463015318062252,1.6557603295611778,0.7849249366469188,4.236858054250049,0.6356221238077678,0.4832686734889396,-0.0758613796925461,0.600273043717809,-0.8482111147054472,97.84,-0.12112461012834137
2019-10-28,soleimani_assassination,2020-01-03,30,-4.498674897123784,4.498674897123784,4.720236978053566,1.62399146542861,0.7481385450180197,4.295183802270728,0.0115441268417296,-0.0344977696406807,-0.087393669368953,-0.0274760121865411,-0.753127969652813,97.84,-0.12112461012834137
2019-10-29,soleimani_assassination,2020-01-03,55,-4.528069754220417,4.528069754220417,4.643786993988197,2.6541086602778767,0.7577882755288862,4.35116441082366,0.032954456398168,-0.087788548591477,0.2865450979120292,0.137193827656327,-0.6618678914916889,97.84,-0.12112461012834137
2019-10-30,soleimani_assassination,2020-01-03,15,-4.404255027063952,4.404255027063952,4.671544630853806,0.8663102589813416,0.7476070864683588,4.398929398832324,-0.0572284658608421,-0.0684396094322903,-0.3624365263832145,-0.0365451975028799,-0.5840009898678153,97.84,-0.12112461012834137
2019-10-31,soleimani_assassination,2020-01-03,20,-4.592701201152869,4.592701201152869,4.804914382572719,1.1689113222469434,0.7486960075484062,4.4433050540067285,0.0800300578880538,0.0245280745308347,-0.2525905116372796,-0.0179630765150457,-0.5116594083032263,97.84,-0.12112461012834137
2019-11-01,soleimani_assassination,2020-01-03,39,-5.385225766266373,5.385225766266373,5.40704079743489,2.412585594651719,0.8082192311005717,4.558653382674523,0.6572811077867249,0.4442506692068334,0.1988707654363106,0.9977833920758388,-0.3236175530592907,73.08,-0.6287910303059265
2019-11-02,soleimani_assassination,2020-01-03,50,-5.412730387538485,5.412730387538485,5.577147716073072,2.949879519950198,0.8026929245705073,4.671719105283094,0.6773146464368711,0.5628266285085025,0.3939117074750197,0.9034785811587324,-0.1392968221968239,73.08,-0.6287910303059265
2019-11-03,soleimani_assassination,2020-01-03,5,-4.15271653943667,4.15271653943667,4.830581308574734,0.2904996206474956,0.7277765534807609,4.685830174266735,-0.240441532640642,0.0424196476507232,-0.5714592680309165,-0.3749474655651049,-0.1162928340003323,73.08,-0.6287910303059265
2019-11-04,soleimani_assassination,2020-01-03,89,-4.229876992363353,4.229876992363353,4.32010468046641,3.504246895662531,0.7400199728926239,4.648797156209898,-0.1842401801233157,-0.3134168836532971,0.5951504151979757,-0.1660170802646855,-0.1766643842526589,73.08,-0.6287910303059265
2019-11-05,soleimani_assassination,2020-01-03,12,-4.670479774738655,4.670479774738655,4.900322033050822,0.7488313176556054,0.7450004424951254,4.673168375461376,0.1366816308971321,0.0910336215757632,-0.4050820920727074,-0.0810268174938593,-0.1369342092641405,73.08,-0.6287910303059265
2019-11-06,soleimani_assassination,2020-01-03,8,-3.9027834547333495,3.9027834547333495,4.146815930519505,0.4281042872569595,0.732183639827387,4.615175850426131,-0.4224852722296385,-0.4342107933051833,-0.5215079424328783,-0.2997418210079441,-0.2314741312886249,73.08,-0.6287910303059265
2019-11-07,soleimani_assassination,2020-01-03,8,-3.198257334753392,3.198257334753392,3.708103133601788,0.3508233784014776,0.6911135118517392,4.514033599826843,-0.935640902151624,-0.740023109282084,-0.5495613793973991,-1.0005915896579858,-0.3963571136941377,73.08,-0.6287910303059265
2019-11-08,soleimani_assassination,2020-01-03,6,-2.76070234006545,2.76070234006545,3.2922481412630926,0.2301771882544837,0.6511711985489554,4.376153989296637,-1.2543427963141704,-1.0299019986400908,-0.593356675550392,-1.682195529489925,-0.6211296618866815,73.08,-0.6287910303059265
2019-11-09,soleimani_assassination,2020-01-03,11,-7.076244773941108,7.076244773941108,7.650832982540035,1.0466546622854964,0.835052916851096,4.719884555580276,1.88896847818268,2.0083246819066987,-0.2969704180658517,1.4556924217587737,-0.0607770834442451,73.08,-0.6287910303059265
2019-11-10,soleimani_assassination,2020-01-03,11,-4.430085784844417,4.430085784844417,4.780389710704158,0.6552585572092452,0.7489665573924029,4.734446500697376,-0.0384141190193455,0.0074327293405629,-0.4390495696251141,-0.0133462222484637,-0.0370380730276656,73.08,-0.6287910303059265
2019-11-11,soleimani_assassination,2020-01-03,11,-4.810455862589159,4.810455862589159,5.066218522343735,0.7115194876863152,0.7405774350952882,4.777794498610535,0.2386360020664846,0.2066746285387264,-0.41862651184696,-0.1565041501856736,0.0336282126727228,73.08,-0.6287910303059265
2019-11-12,soleimani_assassination,2020-01-03,227,-7.665609219739044,7.665609219739044,7.757871041311636,11.162677019518632,0.8753260729149822,5.09329246397265,2.318243809302647,2.082937405493958,3.375206834158478,2.142942096922137,0.5479557579225675,73.08,-0.6287910303059265
2019-11-13,soleimani_assassination,2020-01-03,180,-7.59662860745784,7.59662860745784,7.81441132043251,9.748742515769417,0.8417560466982756,5.3934136576379474,2.268000406618624,2.122349781484389,2.8619400641329618,1.5700793797300916,1.0372159553319475,73.08,-0.6287910303059265
2019-11-14,soleimani_assassination,2020-01-03,146,-7.485582976953268,7.485582976953268,7.605305973978473,8.50726464711353,0.8703738053850641,5.636164490774681,2.1871181101988992,1.9765892959650784,2.411276094894264,2.058433094303636,1.4329504887425506,73.08,-0.6287910303059265
2019-11-15,soleimani_assassination,2020-01-03,18,-4.69684928824143,4.69684928824143,5.178136411194128,1.0886729415665226,0.7543119116470027,5.596024996143369,0.1558883911981383,0.2846889217826122,-0.2817175287478415,0.0778706908059617,1.367514733181981,73.08,-0.6287910303059265
2019-11-16,soleimani_assassination,2020-01-03,10,-5.955586307980245,5.955586307980245,6.414531676555999,0.8059871924349064,0.7954161681406706,5.6933410913085645,1.072714566909792,1.146539549846475,-0.3843341641042151,0.779302852673111,1.526160283501672,73.08,-0.6287910303059265
2019-11-17,soleimani_assassination,2020-01-03,7,-5.096723187027855,5.096723187027855,5.241580468998658,0.4924491701247544,0.7583557611223023,5.65581808744811,0.4471445087526524,0.328913695685924,-0.4981503610812311,0.1468778039783329,1.4649899541025673,73.08,-0.6287910303059265
2019-11-18,soleimani_assassination,2020-01-03,9,-5.164745114001168,5.164745114001168,5.405211163759449,0.6331703094757153,0.7991611081828865,5.636018812873751,0.4966896339007312,0.4429752915210057,-0.4470677370435132,0.8432091634533347,1.4327130033530748,73.08,-0.6287910303059265
2019-11-20,soleimani_assassination,2020-01-03,21,-4.790433488685226,4.790433488685226,4.891622295931833,1.272759377028088,0.7969276152594844,5.567717196040007,0.2240523072937509,0.0849693198835396,-0.2148930401422314,0.8050952574149594,1.321367109624806,73.08,-0.6287910303059265
2019-11-21,soleimani_assassination,2020-01-03,27,-4.350831044817982,4.350831044817982,5.088130231554026,1.4367448092959494,0.7565957156789375,5.523839452280925,-0.0961408872529003,0.2219485630756039,-0.1553653371770791,0.1168431412539505,1.2498372276085847,73.08,-0.6287910303059265
2019-11-22,soleimani_assassination,2020-01-03,74,1.00081359963018,-1.00081359963018,-0.632901700876333,-0.7292967551328869,0.4244353314610189,4.876275285078704,-3.994117840497077,-3.7659953431115474,-0.9416515156156487,-5.551377044762289,0.1941724529511402,73.08,-0.6287910303059265
2019-11-23,soleimani_assassination,2020-01-03,6,-5.0145116136311785,5.0145116136311785,5.362236809190381,0.4180915004649559,0.7571573878110999,4.9376040777328125,0.3872640720493981,0.4130192770379265,-0.5251426445510164,0.1264279125533389,0.2941511876561989,73.08,-0.6287910303059265
2019-11-26,soleimani_assassination,2020-01-03,36,-8.500238214727842,8.500238214727842,9.302747141359148,3.5686648492405446,0.8751490764362717,5.399710253579859,2.926162459198572,3.15981991581084,0.6185345216590379,2.1399217035785933,1.0474807211617891,73.08,-0.6287910303059265
2019-11-27,soleimani_assassination,2020-01-03,17,-8.421780329743582,8.421780329743582,8.679820836822044,1.854709404099338,0.8762469256262416,5.74548610361491,2.869016096204124,2.72559839956646,-0.0036416632792328,2.1586561801611666,1.611167539081794,73.08,-0.6287910303059265
2019-11-28,soleimani_assassination,2020-01-03,5,-3.673609022316744,3.673609022316744,5.296177952031887,0.2569840771108828,0.7077262570142197,5.703735919483504,-0.5894090340230299,0.3669718121808322,-0.5836256128871122,-0.717099933370229,1.5431060233969327,73.08,-0.6287910303059265
2019-11-29,soleimani_assassination,2020-01-03,24,-5.992794551382783,5.992794551382783,6.79483947605937,1.7887048168504285,0.8004485865531878,5.824725451261689,1.0998159319834715,1.4116396558094608,-0.0276017273517084,0.8651796067522362,1.740344217338943,73.08,-0.6287910303059265
2019-11-30,soleimani_assassination,2020-01-03,15,-6.236371230601296,6.236371230601296,7.068910640162387,1.226684727084844,0.8101844001946313,5.9623834114427,1.2772298570516254,1.6026856841580448,-0.2316184165254502,1.0313184301391864,1.964755429191727,73.08,-0.6287910303059265
2019-12-01,soleimani_assassination,2020-01-03,10,-3.6059198438586906,3.6059198438586906,4.348212798193559,0.4879998476728686,0.7221589707920066,5.798444217998456,-0.6387117951634291,-0.2938236357692997,-0.4997654920209076,-0.4708098775381171,1.6975003207867,74.28,-0.6041868419289838
2019-12-02,soleimani_assassination,2020-01-03,6,-5.193373677036733,5.193373677036733,5.742039639381752,0.4330043602262547,0.75800958832558,5.794653789495368,0.5175418179172651,0.6777673854392163,-0.5197291863312552,0.1409704660552652,1.691321131056584,74.28,-0.6041868419289838
2019-12-03,soleimani_assassination,2020-01-03,6,-4.225270818755349,4.225270818755349,4.614859553542572,0.3522875112467827,0.7236343034652658,5.6713601345381175,-0.1875951784013252,-0.1079529194968,-0.5490298903260133,-0.4456337552881784,1.4903267353359615,74.28,-0.6041868419289838
2019-12-04,soleimani_assassination,2020-01-03,8,-4.884316918845252,4.884316918845252,5.547544816682959,0.5357706973835213,0.7763893514595296,5.662938029989197,0.2924341733122538,0.5421914173048967,-0.4824243848710745,0.4546157692281483,1.4765969467666065,74.28,-0.6041868419289838
2019-12-05,soleimani_assassination,2020-01-03,29,-5.565668408393607,5.565668408393607,5.998143915331915,1.952666852926148,0.7794649139158084,5.705725581451797,0.7887100996432965,0.8562892847550364,0.0319174826543006,0.5070993465189193,1.5463495877567055,74.28,-0.6041868419289838
2019-12-06,soleimani_assassination,2020-01-03,13,-4.287617791437905,4.287617791437905,4.2638278199949164,0.7400524858202431,0.7257849567265483,5.558020769332021,-0.1421835192259978,-0.3526456391343555,-0.4082688610841332,-0.4089334839496029,1.3055599099153272,74.28,-0.6041868419289838
2019-12-08,soleimani_assassination,2020-01-03,5,-3.3179962303377115,3.3179962303377115,3.260437237494804,0.2321074980845379,0.7056598244255492,5.323367394436022,-0.8484266929871968,-1.0520763373488002,-0.5926559614161847,-0.7523630034672916,0.923025923820267,74.28,-0.6041868419289838
2019-12-09,soleimani_assassination,2020-01-03,6,-2.079024400809782,2.079024400809782,1.909457210233204,0.1733413935815743,0.6460615488169931,4.972043363278776,-1.750856498790687,-1.993800248477142,-0.6139884125058485,-1.7693902135350283,0.3502944124617334,74.28,-0.6041868419289838
2019-12-10,soleimani_assassination,2020-01-03,6,-1.8788140314197213,1.8788140314197213,1.7230634822786823,0.1566485907332589,0.6054170440304223,4.638479561078373,-1.8966837084677288,-2.123729208903685,-0.6200480008233475,-2.462976846463321,-0.1934842181643875,74.28,-0.6041868419289838
2019-12-11,soleimani_assassination,2020-01-03,15,-5.196512623289848,5.196512623289848,5.724209230740549,1.022146122061217,0.7833331687552375,4.736412758417157,0.519828131931931,0.6653383918021709,-0.3058671662855186,0.5731099883874032,-0.0338326624787171,74.28,-0.6041868419289838
2019-12-12,soleimani_assassination,2020-01-03,7,-3.5979949469691848,3.5979949469691848,3.975532160939889,0.347640937270771,0.7131114915289204,4.655879877045908,-0.6444840516349377,-0.5536070968377208,-0.5507166247610442,-0.6252024752957828,-0.1651180707381061,74.28,-0.6041868419289838
2019-12-13,soleimani_assassination,2020-01-03,9,-4.684491203530304,4.684491203530304,4.958129139941095,0.5742937317535315,0.759882969022822,4.685507880284487,0.1468871340910951,0.1313290616956789,-0.4684402905794028,0.172939161868292,-0.1168182404718058,74.28,-0.6041868419289838
2019-12-15,soleimani_assassination,2020-01-03,8,-6.421244018058691,6.421244018058691,6.640205053779403,0.704359369546894,0.826985088657514,4.874805293043291,1.4118856334844878,1.3038490667511342,-0.421225678004004,1.318017284093439,0.1917760590655485,74.28,-0.6041868419289838
2019-12-16,soleimani_assassination,2020-01-03,12,-4.421667149491748,4.421667149491748,4.688521241094198,0.7089384811592911,0.7620255379986859,4.838914176177888,-0.0445459997331581,-0.0566057706851037,-0.4195634328146765,0.209501477231451,0.1332660461325944,74.28,-0.6041868419289838
2019-12-17,soleimani_assassination,2020-01-03,78,-9.03473044133353,9.03473044133353,9.241894573072315,6.832885045413707,0.9078297253971488,5.288250267875658,3.315470516705437,3.117401584338213,1.803466180303263,2.6976074570085533,0.8657776766587061,74.28,-0.6041868419289838
2019-12-18,soleimani_assassination,2020-01-03,28,-5.285000987540292,5.285000987540292,5.722573633471884,1.7999940292693684,0.7872686438264065,5.334689256157615,0.5842803942540071,0.6641982705377574,-0.0235036750168677,0.6402677239267769,0.941482921919262,74.28,-0.6041868419289838
2019-12-19,soleimani_assassination,2020-01-03,18,-3.4960087103086948,3.4960087103086948,3.891107752317288,0.8103325980508476,0.7254526916436568,5.176395510304473,-0.7187677581331088,-0.6124565858593506,-0.3827567556040117,-0.4146034907879816,0.6834310716019224,74.28,-0.6041868419289838
2019-12-20,soleimani_assassination,2020-01-03,6,-5.895941075034672,5.895941075034672,6.471487756060652,0.4915818409939207,0.8249935126928856,5.312696891462412,1.0292707736762634,1.1862417666604268,-0.4984652067974588,1.284031620477138,0.9056307764547404,74.28,-0.6041868419289838
2019-12-22,soleimani_assassination,2020-01-03,9,-6.649523887030665,6.649523887030665,6.993158292821859,0.815196298071645,0.7752272374359924,5.4895124613419615,1.5781578221780086,1.549881204909544,-0.3809912031025144,0.4347846319834842,1.1938770664544962,74.28,-0.6041868419289838
2019-12-23,soleimani_assassination,2020-01-03,17,-7.513464726911931,7.513464726911931,7.518961142378679,1.654673138072281,0.8604069142994659,5.706966794531015,2.2074263380383035,1.9164011430101484,-0.0762560367734969,1.888351001653632,1.5483730241849984,74.28,-0.6041868419289838
2019-12-24,soleimani_assassination,2020-01-03,39,-6.431431491012775,6.431431491012775,6.624154933234376,2.881286624119474,0.8386444045208441,5.807168296810368,1.419305882291182,1.2926610536134555,0.3690120717448085,1.5169801125092128,1.7117223904433052,74.28,-0.6041868419289838
2019-12-25,soleimani_assassination,2020-01-03,47,-8.612006182102563,8.612006182102563,8.952130798222216,4.473565817513621,0.851154089816111,6.174597838969059,3.0075708840628006,2.91541675121802,0.9470190419440476,1.7304542475367728,2.310709246836664,74.28,-0.6041868419289838
2019-12-28,soleimani_assassination,2020-01-03,105,-7.54218170037836,7.54218170037836,8.397382039405104,6.97583069418672,0.87071828754205,6.413637832726849,2.2283429175528258,2.528719568206532,1.855356314705089,2.064311581952148,2.7003943374041155,74.28,-0.6041868419289838
2019-12-29,soleimani_assassination,2020-01-03,16,-9.465636068512891,9.465636068512891,10.232384110967756,1.973890820581684,0.9160682130761628,6.800646375870182,3.6293292116228737,3.807839387071162,0.0396219111810797,2.838194849073336,3.331299052612561,74.28,-0.6041868419289838
2020-01-02,soleimani_assassination,2020-01-03,22,-6.17305111129478,6.17305111129478,6.421280105225014,1.708311670235969,0.8180546300748428,6.750236969387306,1.231109387152802,1.151243658354309,-0.05678492543166,1.1656216101545842,3.249121196840714,138.42,0.7109070268186052
2020-01-03,soleimani_assassination,2020-01-03,3388,-5.901668189278282,5.901668189278282,6.175381871453497,23.09904124829695,0.7992357136912372,6.697606858656376,1.0334422313894265,0.979836056632582,7.708179187055955,0.8444822847179826,3.163323129561902,138.42,0.7109070268186052
2020-01-04,soleimani_assassination,2020-01-03,1982,-5.963833114648911,5.963833114648911,6.1488465293578605,20.22879892677417,0.8053430013878515,6.639163333045388,1.0787212927796923,0.9613391391081364,6.666263877929422,0.948701369980861,3.06804798245043,138.42,0.7109070268186052
2020-01-05,soleimani_assassination,2020-01-03,1403,-5.845403528640678,5.845403528640678,6.031563223492973,17.888149016342012,0.8172424487692801,6.572674576388414,0.9924607453195304,0.8795847894653667,5.816593814639761,1.1517619727937505,2.9596574292535305,138.42,0.7109070268186052
2020-01-06,soleimani_assassination,2020-01-03,1557,-2.804315200708692,2.804315200708692,2.7668054615010345,8.860818349170309,0.6489482264719826,6.183354351125346,-1.222576500727118,-1.3961708741780012,2.53961822545552,-1.7201299003490982,2.324984189615216,138.42,0.7109070268186052
2020-01-07,soleimani_assassination,2020-01-03,1317,-4.715647968803495,4.715647968803495,5.09725429485589,14.14698066443096,0.7697372980001453,6.0711835217939845,0.1695807845558224,0.2283086486465435,4.458527093009172,0.34110041493411,2.1421223216078524,138.42,0.7109070268186052
2020-01-08,soleimani_assassination,2020-01-03,2146,-4.806253999601882,4.806253999601882,5.137967460634378,16.672112015732935,0.7859174548476628,5.980750776368415,0.2355754914808117,0.2566884625132589,5.3751650342548665,0.6172100776560744,1.99469806829594,138.42,0.7109070268186052
2020-01-09,soleimani_assassination,2020-01-03,983,-4.677753601814481,4.677753601814481,4.969419476896159,12.743510836948357,0.7670729539803877,5.876424952245499,0.1419796677039794,0.1391991856506805,3.949059063712086,0.2956341604593614,1.824625196460712,138.42,0.7109070268186052
2020-01-10,soleimani_assassination,2020-01-03,1017,-4.058495040606806,4.058495040606806,4.277164254840998,11.185569583915203,0.736431323022797,5.706994781300018,-0.3090696377073615,-0.3433492473814608,3.383516973386479,-0.2272563447862248,1.5484186484608464,138.42,0.7109070268186052
2020-01-11,soleimani_assassination,2020-01-03,617,-4.717357529413303,4.717357529413303,4.855389329543355,10.834409780953337,0.7743856409388955,5.625101131477517,0.170825977071383,0.059712506214501,3.256043842664291,0.4204230329488574,1.4149149035589923,138.42,0.7109070268186052
2020-01-12,soleimani_assassination,2020-01-03,403,-3.896599842325622,3.896599842325622,4.227792530293383,7.492444445844196,0.7345153476507279,5.490712485921569,-0.4269892294716655,-0.3777646588619508,2.042890228730734,-0.2599519063157634,1.1958333570301285,138.42,0.7109070268186052
2020-01-13,soleimani_assassination,2020-01-03,503,-4.729378258075738,4.729378258075738,4.983554319368374,10.002513446536769,0.7750404135897976,5.456973354528749,0.1795815141820136,0.1490521211993271,2.954060445675352,0.4315965374768978,1.140831529654747,138.42,0.7109070268186052
2020-01-14,soleimani_assassination,2020-01-03,321,-5.292328617023582,5.292328617023582,5.728664474575027,9.166237843846892,0.7815529361910734,5.506263377135483,0.5896176191157905,0.668443996299773,2.6504873478369344,0.5427308383278389,1.2211845560317445,138.42,0.7109070268186052
2020-01-15,soleimani_assassination,2020-01-03,379,-4.032573063239119,4.032573063239119,4.463710452904403,7.543455155293318,0.7745240854561416,5.395046986781701,-0.3279504261518228,-0.2133140050378118,2.061407424545841,0.4227855483016298,1.0398786228015378,138.42,0.7109070268186052
2020-01-16,soleimani_assassination,2020-01-03,244,-4.959559737739634,4.959559737739634,5.413729650683727,7.49907799761967,0.7699893388197298,5.404857691312891,0.3472387788930247,0.4489132496412946,2.0452982481153423,0.3454014180914617,1.0558721192188834,138.42,0.7109070268186052
2020-01-17,soleimani_assassination,2020-01-03,418,-5.806756204561617,5.806756204561617,6.165058715751177,11.346987060148765,0.7787110906097318,5.487543056048416,0.9643111971762282,0.9726401230384484,3.442112492791644,0.4942355714174614,1.1906665247032409,138.42,0.7109070268186052
2020-01-18,soleimani_assassination,2020-01-03,103,-5.236091239850459,5.236091239850459,5.663930945934671,4.78237526729129,0.7638425336233372,5.49979037636497,0.5486560055005915,0.6233203745272876,1.0591187385144722,0.2405079782077832,1.2106322135059306,138.42,0.7109070268186052
2020-01-19,soleimani_assassination,2020-01-03,57,-4.32908793479551,4.32908793479551,4.773602754829181,2.606740674849258,0.7372971821553841,5.427641476427533,-0.1119779144455358,0.0027017647798252,0.2693502329312995,-0.2124807109455658,1.093014445179889,138.42,0.7109070268186052
2020-01-20,soleimani_assassination,2020-01-03,84,-4.479799990973554,4.479799990973554,4.938303228519611,3.5672427194888154,0.7541994787363782,5.354941090867476,-0.002203786941105,0.1175090684546473,0.6180182799644673,0.0759520559420381,0.974497640163714,138.42,0.7109070268186052
2020-01-21,soleimani_assassination,2020-01-03,96,-4.706982658435815,4.706982658435815,5.024534707656956,4.103549685212841,0.7544566441580709,5.318045536216904,0.1632692331823649,0.1776182071220826,0.8127009497129238,0.0803405089413815,0.9143501839597428,138.42,0.7109070268186052
2020-01-22,soleimani_assassination,2020-01-03,80,-4.868727248160796,4.868727248160796,5.220125820884487,3.747967033941377,0.7686966446189242,5.315593060040264,0.2810791262054322,0.3139583634632021,0.6836222983247087,0.3233419681645699,0.9103521358256847,138.42,0.7109070268186052
2020-01-23,soleimani_assassination,2020-01-03,113,-4.8337256408492575,4.8337256408492575,5.374960445226934,4.688032782586079,0.7781788154143556,5.315474232200133,0.2555850084731537,0.4218885068195127,1.0248718464042466,0.4851524502799107,0.910158421640391,138.42,0.7109070268186052
2020-01-24,soleimani_assassination,2020-01-03,137,-4.185502095945171,4.185502095945171,4.2695176387182086,4.5777910224263945,0.7298246897582689,5.195837281535716,-0.2165615196427685,-0.3486794529335344,0.9848534212161976,-0.3399966166876345,0.7151252172716015,138.42,0.7109070268186052
2020-01-25,soleimani_assassination,2020-01-03,52,-4.220705907014777,4.220705907014777,4.562651500712415,2.3705831204162253,0.7435055257354631,5.116192498866056,-0.1909201227764723,-0.144345442488622,0.1836236134453471,-0.1065371364726951,0.5852875952906565,138.42,0.7109070268186052
2020-01-26,soleimani_assassination,2020-01-03,42,-4.850347655839423,4.850347655839423,5.052432227457866,2.3058487670443464,0.7701970508822901,5.101136641274663,0.2676919841138776,0.1970646540920986,0.1601246519469382,0.3489459639248113,0.5607434044343874,138.42,0.7109070268186052
2020-01-27,soleimani_assassination,2020-01-03,63,-2.931214130033972,2.931214130033972,3.283020774198305,1.901372599156221,0.6652579144674499,4.888017424007689,-1.1301471383974546,-1.0363340938793388,0.0132973585371305,-1.4418098263246073,0.213314590633062,138.42,0.7109070268186052
2020-01-28,soleimani_assassination,2020-01-03,52,-3.9427819261641472,3.9427819261641472,4.292886823310453,2.214485559420944,0.7292802905210026,4.805837310500387,-0.3933515890049889,-0.3323895600631736,0.1269592554227778,-0.3492866310678559,0.0793438501243183,138.42,0.7109070268186052
2020-01-29,soleimani_assassination,2020-01-03,46,-3.768911243789436,3.768911243789436,4.186048514645588,1.9251566762776748,0.7013157726604072,4.710467574098713,-0.5199937630971272,-0.4068630443959892,0.0219311222721526,-0.8264929812557411,-0.0761287290991283,138.42,0.7109070268186052
2020-01-30,soleimani_assassination,2020-01-03,74,-4.282030948139564,4.282030948139564,4.751950809865796,3.1203325744281893,0.7514884096121776,4.705397035342619,-0.146252807802718,-0.0123910966119045,0.455787196389759,0.0296884511727302,-0.0843947657707838,138.42,0.7109070268186052
2020-01-31,soleimani_assassination,2020-01-03,48,-3.496266939211184,3.496266939211184,3.8557902450765216,1.8461697809047184,0.7047415275104767,4.607626423649435,-0.7185796719694271,-0.6370752629522267,-0.0067415981084029,-0.7680334727889898,-0.2437812729135948,138.42,0.7109070268186052
2020-02-01,soleimani_assassination,2020-01-03,33,-4.005474902332358,4.005474902332358,4.357412913995086,1.5655194363831753,0.7340104560102453,4.572711889880406,-0.3476879113003252,-0.2874105364927622,-0.108619369290278,-0.2685677350669033,-0.3006992515330669,75.96,-0.5697409782012641
2020-02-02,soleimani_assassination,2020-01-03,31,-3.759614839010757,3.759614839010757,4.208942403172639,1.3949793991278765,0.7248508498885806,4.52626952722921,-0.5267649846528993,-0.3909044648392422,-0.1705264334788636,-0.4248737449994894,-0.3764099977198982,75.96,-0.5697409782012641
2020-02-03,soleimani_assassination,2020-01-03,60,-3.919602010648682,3.919602010648682,4.26604837024276,2.4523974636463914,0.7336064426342523,4.508526972679791,-0.4102351420920133,-0.3510977663145814,0.2133227144858536,-0.2754621056241139,-0.4053340654785929,75.96,-0.5697409782012641
2020-02-04,soleimani_assassination,2020-01-03,121,-5.138985476204838,5.138985476204838,5.315393479792709,5.205152099262952,0.7740692222114925,4.590418295902918,0.4779270887160137,0.3803663269716954,1.2125892835873322,0.415023439550259,-0.2718341134194084,75.96,-0.5697409782012641
2020-02-05,soleimani_assassination,2020-01-03,38,-2.79371424271134,2.79371424271134,3.247854429859876,1.225599166968708,0.6767246106605751,4.445723769937741,-1.2302979195995116,-1.0608474002659616,-0.2320124814082296,-1.246133996463613,-0.5077163964171539,75.96,-0.5697409782012641
2020-02-06,soleimani_assassination,2020-01-03,32,-3.8747090679217977,3.8747090679217977,4.29350268867159,1.476237211914051,0.7190896058259498,4.426768914871147,-0.4429338109571525,-0.3319602604992162,-0.141029356352938,-0.5231876964638086,-0.538616767092377,75.96,-0.5697409782012641
2020-02-07,soleimani_assassination,2020-01-03,66,-5.764723859952268,5.764723859952268,6.375052698110017,3.868913264436798,0.791494248225036,4.633182871188447,0.9336961019179828,1.1190200475301744,0.7275265109374851,0.7123764319138106,-0.2021189283943206,75.96,-0.5697409782012641
2020-02-08,soleimani_assassination,2020-01-03,28,-6.489001342865256,6.489001342865256,7.318150461752011,2.210058938610431,0.8266523722085842,4.915280215761109,1.4612380303749404,1.7764225972581384,0.125352365316118,1.312339574825118,0.2577586324293385,75.96,-0.5697409782012641
2020-02-09,soleimani_assassination,2020-01-03,30,-4.424779342283399,4.424779342283399,5.06889668237088,1.59731566574577,0.7547320241710479,4.935286855717961,-0.0422791721349369,0.208541486141724,-0.0970771458699887,0.0850397886344035,0.2903736320408098,75.96,-0.5697409782012641
2020-02-10,soleimani_assassination,2020-01-03,30,-4.248894636765036,4.248894636765036,4.682690146557586,1.5338224667053444,0.7478820673224329,4.908365663975729,-0.170388300092444,-0.060670435626382,-0.1201255608451187,-0.0318527293402466,0.2464864695734062,75.96,-0.5697409782012641
2020-02-11,soleimani_assassination,2020-01-03,96,-5.201147489166681,5.201147489166681,5.624161468073755,4.534362815988805,0.7492128335157495,4.979368127076816,0.5232040287953406,0.595598374587268,0.969088719819409,-0.0091435919529399,0.3622353065320222,75.96,-0.5697409782012641
2020-02-12,soleimani_assassination,2020-01-03,25,-4.534958644307642,4.534958644307642,4.938910789512336,1.4020762407033482,0.7549664035504189,4.977946684702463,0.0379721166834588,0.1179325793154839,-0.1679502370969474,0.0890394044599469,0.3599180587289313,75.96,-0.5697409782012641
2020-02-13,soleimani_assassination,2020-01-03,53,-3.975768002612861,3.975768002612861,4.297824414284918,2.265733699439074,0.742470178231194,4.903771876808978,-0.3693255233153648,-0.3289477271787525,0.1455626399693556,-0.1242050399978481,0.2389976375165542,75.96,-0.5697409782012641
2020-02-14,soleimani_assassination,2020-01-03,52,-4.37827136314187,4.37827136314187,4.707573618413408,2.459080641656637,0.7624659904157859,4.876103097116025,-0.076154184935667,-0.0433249827213413,0.2157487484936018,0.2170176694091068,0.1938917506269135,75.96,-0.5697409782012641
2020-02-15,soleimani_assassination,2020-01-03,69,-3.057879491155588,3.057879491155588,3.0252060820816418,2.1194593722281057,0.673209607420995,4.676441051305426,-1.0378879001203725,-1.2160482682617555,0.0924641751775624,-1.3061165026959909,-0.1315990644516002,75.96,-0.5697409782012641
2020-02-16,soleimani_assassination,2020-01-03,34,-3.6631722647680673,3.6631722647680673,3.821487893850757,1.4674691537641669,0.6981883438511863,4.585687686202785,-0.5970108542286264,-0.6609863080493946,-0.144212214451424,-0.8798616427488727,-0.2795459947680303,75.96,-0.5697409782012641
2020-02-17,soleimani_assassination,2020-01-03,26,-4.083079244702008,4.083079244702008,4.372951650685023,1.3055738834171515,0.7461213978168896,4.561291931509122,-0.2911632430672836,-0.2765789922845906,-0.2029811760073397,-0.0618980415038924,-0.319316167649202,75.96,-0.5697409782012641
2020-02-18,soleimani_assassination,2020-01-03,36,-4.954789931299023,4.954789931299023,5.297247362925245,2.0801751923329985,0.773681729379365,4.636393528868031,0.3437645953826849,0.3677172634745405,0.0782037804602698,0.4084109872610625,-0.1968848861364487,75.96,-0.5697409782012641
2020-02-19,soleimani_assassination,2020-01-03,22,-3.83936667569607,3.83936667569607,4.155806442447587,1.0624948311874542,0.7303123194968986,4.582457122005977,-0.4686761461683144,-0.4279438020209961,-0.2912203410238047,-0.3316753572625811,-0.2848124888045594,75.96,-0.5697409782012641
2020-02-20,soleimani_assassination,2020-01-03,17,-4.77216862911066,4.77216862911066,5.129700630355178,1.0509637734316055,0.7546440451558332,4.635827026791604,0.2107487330832028,0.2509259259945344,-0.2954061846775442,0.0835384523713204,-0.1978084027810442,75.96,-0.5697409782012641
2020-02-21,soleimani_assassination,2020-01-03,119,-3.033213273898805,3.033213273898805,3.901230560232148,3.040170165482316,0.7189408114022982,4.56033351666429,-1.0558540306799566,-0.6054003081433094,0.4266877574779755,-0.5257268299540798,-0.3208785839199621,75.96,-0.5697409782012641
2020-02-22,soleimani_assassination,2020-01-03,13,-3.0408111738306074,3.0408111738306074,3.1041823824669152,0.5248508560154628,0.6660882708686376,4.406664015140823,-1.050319948954641,-1.1609964769810064,-0.4863883532821379,-1.4276400362520123,-0.5713919506468047,75.96,-0.5697409782012641
2020-02-23,soleimani_assassination,2020-01-03,13,-2.8006981267789897,2.8006981267789897,2.958514210813424,0.4834068033988162,0.6783811249827163,4.25028538337501,-1.225211068556801,-1.262536986513556,-0.5014327948506186,-1.217866062160449,-0.82632176521257,75.96,-0.5697409782012641
2020-02-24,soleimani_assassination,2020-01-03,18,-3.226278302336068,3.226278302336068,3.5415598983451013,0.7478123469939003,0.6902890259829381,4.180840615837571,-0.9152312723832902,-0.8561149416652764,-0.4054519845810926,-1.0146612008057068,-0.9395312332260394,75.96,-0.5697409782012641
2020-02-25,soleimani_assassination,2020-01-03,33,-4.272946134407706,4.272946134407706,4.446970401815963,1.6700592032516406,0.7107549367887449,4.208304520194599,-0.1528699128057629,-0.2249829461512107,-0.0706708021271454,-0.6654163953849154,-0.8947593359026639,75.96,-0.5697409782012641
2020-02-26,soleimani_assassination,2020-01-03,54,-4.843873649277746,4.843873649277746,5.080827412801476,2.799995345363348,0.7330160129232779,4.300498221256617,0.2629765125067055,0.2168580074055448,0.3395028462695376,-0.2855376166277785,-0.7444643572954268,75.96,-0.5697409782012641
2020-02-27,soleimani_assassination,2020-01-03,22,-4.936295989845755,4.936295989845755,5.503283886399173,1.366055763212979,0.7522029907886555,4.424926020769957,0.3302941648236847,0.5113385730467084,-0.181025888117016,0.0418825707652767,-0.5416210691902772,75.96,-0.5697409782012641
2020-02-28,soleimani_assassination,2020-01-03,16,-4.167740524347423,4.167740524347423,4.728380488582743,0.8691084998441237,0.7411587380073803,4.460090342622914,-0.2294985140325671,-0.0288211952790331,-0.3614207480387542,-0.1465843853459602,-0.484295883849545,75.96,-0.5697409782012641
2020-02-29,soleimani_assassination,2020-01-03,16,-3.700644938472802,3.700644938472802,3.857422563639975,0.7717039849632777,0.7107104950107229,4.397062370620817,-0.5697168860782884,-0.6359374271657877,-0.3967791756082264,-0.6661747813793193,-0.5870446356036423,75.96,-0.5697409782012641
2020-03-01,soleimani_assassination,2020-01-03,5,-4.290512736870331,4.290512736870331,4.85774731469628,0.3001390320306227,0.7431273209419832,4.446713886770575,-0.1400749280682865,0.06135618040345,-0.5679601034427084,-0.1129910910883204,-0.5061022992880092,81.54,-0.4553315022484801
2020-03-02,soleimani_assassination,2020-01-03,32,-5.207993722173478,5.207993722173478,5.519241086805621,1.9842093941290009,0.7534026497249635,4.560887357019451,0.5281906189465976,0.5224618146003818,0.0433676157394301,0.0623544010081473,-0.3199757085242267,81.54,-0.4553315022484801
2020-03-03,soleimani_assassination,2020-01-03,20,-3.543711472004759,3.543711472004759,3.8694602739838375,0.9019277068063866,0.702504536032,4.4837594901232505,-0.6840225016650328,-0.6275463337097056,-0.349507177567383,-0.806207080650453,-0.4457102323762238,81.54,-0.4553315022484801
2020-03-04,soleimani_assassination,2020-01-03,17,-4.254883232948377,4.254883232948377,4.577686212788366,0.937043194729614,0.76879978889774,4.500496151479684,-0.1660263868011414,-0.1338652373241148,-0.3367600432295242,0.3251020952328014,-0.4184259805071116,81.54,-0.4553315022484801
2020-03-05,soleimani_assassination,2020-01-03,35,-3.548893476428125,3.548893476428125,3.9973993552433913,1.455976577897132,0.7283065238453007,4.448551242740536,-0.6802480855451497,-0.5383641921838016,-0.1483840889469574,-0.3659036756942928,-0.5031070255001239,81.54,-0.4553315022484801
2020-03-06,soleimani_assassination,2020-01-03,11,-2.3001902199656974,2.3001902199656974,2.415029471559259,0.3402235076345078,0.6597540215883788,4.223329857994076,-1.5897659699549436,-1.641382390561778,-0.5534091965465133,-1.535732154817442,-0.8702648986783703,81.54,-0.4553315022484801
2020-03-07,soleimani_assassination,2020-01-03,13,-3.545341391222143,3.545341391222143,3.98030560370335,0.6119339076572502,0.6992696043601498,4.180594201733825,-0.6828353175436795,-0.550279686292751,-0.4547766792465821,-0.8614102471747748,-0.939932939655268,81.54,-0.4553315022484801
2020-03-08,soleimani_assassination,2020-01-03,15,-2.6626506751247945,2.6626506751247945,2.66857683228123,0.5237393342959816,0.6676280561922654,4.016136710927307,-1.3257606791443384,-1.4646428330722816,-0.4867918423838315,-1.401364048300986,-1.2080329809578567,81.54,-0.4553315022484801
2020-03-09,soleimani_assassination,2020-01-03,48,-2.818329690493332,2.818329690493332,2.956415914559216,1.4881916048404606,0.6619107445863507,3.900631290841912,-1.2123687679979511,-1.2639996400801106,-0.1366898394738432,-1.4989283051906022,-1.3963309280060658,81.54,-0.4553315022484801
2020-03-10,soleimani_assassination,2020-01-03,13,-3.942614662085449,3.942614662085449,4.147885121388143,0.6805041688030625,0.7277686514709638,3.917203945466559,-0.3934734191277251,-0.4334654953834982,-0.4298852600437873,-0.3750823110601426,-1.3693140413469556,81.54,-0.4553315022484801
2020-03-11,soleimani_assassination,2020-01-03,15,-3.853360471039591,3.853360471039591,4.350487143018421,0.7579501384687414,0.7449566719268779,3.957282698700944,-0.4584834866474606,-0.292238264512505,-0.4017719050076141,-0.0817737494890109,-1.3039773069434362,81.54,-0.4553315022484801
2020-03-12,soleimani_assassination,2020-01-03,17,-4.642578345514833,4.642578345514833,4.827524737454794,1.0224244019146098,0.7791645394177067,4.047232169850149,0.1163590692730417,0.0402890120738621,-0.3057661490169426,0.5019735432190663,-1.157340891587814,81.54,-0.4553315022484801
2020-03-13,soleimani_assassination,2020-01-03,25,-5.189496108090676,5.189496108090676,5.512028215017322,1.6044400324376669,0.8108385987657887,4.198154370683662,0.5147175133547369,0.5174339580119222,-0.0944909577044611,1.0424821381636336,-0.9113061984977584,81.54,-0.4553315022484801
2020-03-14,soleimani_assassination,2020-01-03,7,-4.87072982671171,4.87072982671171,5.23329958066452,0.470613524228849,0.8281311157464244,4.313863076518725,0.2825377441737649,0.323141359757725,-0.5060768325059642,1.33757390248542,-0.7226768532407173,81.54,-0.4553315022484801
2020-03-15,soleimani_assassination,2020-01-03,6,-3.622003041132836,3.622003041132836,4.099460399368135,0.3019892669187147,0.7297182643072909,4.293957910516547,-0.6269972781365681,-0.4672207824312425,-0.5672884569963693,-0.3418127360028846,-0.7551264291228956,81.54,-0.4553315022484801
2020-03-16,soleimani_assassination,2020-01-03,16,-5.67285048435592,5.67285048435592,5.857298601194178,1.182972535237319,0.8108283356225279,4.458489277881837,0.8667782991705927,0.758110631172169,-0.2474862063423215,1.0423070006139228,-0.4869059536074251,81.54,-0.4553315022484801
2020-03-17,soleimani_assassination,2020-01-03,9,-4.887723377903569,4.887723377903569,5.265677856564004,0.5992089165115365,0.7901122871950566,4.53903379331572,0.294915335606029,0.3457111949887165,-0.4593959279364226,0.688793669553811,-0.3556015793972777,81.54,-0.4553315022484801
2020-03-18,soleimani_assassination,2020-01-03,25,-2.848733795908966,2.848733795908966,3.2436898897731288,0.8807449603418408,0.6730104269219981,4.404462244053417,-1.1902233323294793,-1.063750364706148,-0.3571966425527111,-1.3095154598826924,-0.574981297149524,81.54,-0.4553315022484801
2020-03-19,soleimani_assassination,2020-01-03,18,-3.503904606406996,3.503904606406996,3.5952743508906093,0.8121627714083707,0.7208852647165713,4.315069593606475,-0.7130166249654164,-0.8186723567902014,-0.3820923916145116,-0.4925453006375117,-0.7207099785214705,81.54,-0.4553315022484801
2020-03-20,soleimani_assassination,2020-01-03,12,-4.507621185900752,4.507621185900752,4.759235005135015,0.7227197365005744,0.7577524203907795,4.3642244598342455,0.0180603344351966,-0.0073135227618628,-0.4145607538382732,0.1365819701704708,-0.6405772852567253,81.54,-0.4553315022484801
2020-03-21,soleimani_assassination,2020-01-03,16,-5.102614567249774,5.102614567249774,5.593279454367984,1.06405993029511,0.7391154534912603,4.500875984893609,0.4514356128624259,0.5740715347053591,-0.2906522005889924,-0.181452440328843,-0.4178067727503714,81.54,-0.4553315022484801
2020-03-22,soleimani_assassination,2020-01-03,10,-4.580434020761461,4.580434020761461,4.852063033829786,0.6198837470594685,0.7725082792335407,4.5464518032928485,0.0710950127526105,0.0573938544611507,-0.4518908394984336,0.3883864023922027,-0.3435086745894876,81.54,-0.4553315022484801
2020-03-23,soleimani_assassination,2020-01-03,9,-5.343946275180127,5.343946275180127,5.664211808702274,0.6551394196985016,0.7969594506727712,4.669950137945127,0.627214368384892,0.6235161547599042,-0.4390928172615259,0.8056385194678592,-0.142180608238105,81.54,-0.4553315022484801
2020-03-24,soleimani_assassination,2020-01-03,8,-4.618300765028701,4.618300765028701,4.959985558139697,0.5065908422239035,0.7763238063388076,4.701786803491461,0.0986760100449509,0.1326231099949872,-0.4930168486435308,0.4534972608387568,-0.0902801973413414,81.54,-0.4553315022484801
2020-03-25,soleimani_assassination,2020-01-03,8,-5.964884087672701,5.964884087672701,6.000599198991336,0.6543003168229764,0.8087812389392185,4.836747477936681,1.0794867899113945,0.8580007825448046,-0.4393974166764903,1.0073738921085793,0.1297338756908038,81.54,-0.4553315022484801
2020-03-26,soleimani_assassination,2020-01-03,6,-3.800557790230087,3.800557790230087,3.901905523143091,0.3168765039454039,0.7505005299939508,4.734419678792888,-0.4969433707652297,-0.6049298136137582,-0.5618842999841231,0.0128305732937314,-0.0370817983311829,81.54,-0.4553315022484801
2020-03-27,soleimani_assassination,2020-01-03,5,-4.499700193665372,4.499700193665372,4.642772289644424,0.3147725559579306,0.7769728914224249,4.724782169045608,0.0122909219962803,-0.088495865741971,-0.5626480458188621,0.4645737086880817,-0.0527929510955138,81.54,-0.4553315022484801
2020-03-28,soleimani_assassination,2020-01-03,541,-1.7149328325833957,1.7149328325833957,1.7149552193614834,3.737342426638411,0.6001575968125704,4.41196770933531,-2.016049843286999,-2.1293812133099377,0.6797655016635317,-2.552727780963555,-0.5627458219382547,81.54,-0.4553315022484801
2020-03-29,soleimani_assassination,2020-01-03,52,-1.5579685151411955,1.5579685151411955,1.5461476617211334,0.8750417455040935,0.5865668654720807,4.107097412750939,-2.1303779297951584,-2.2470514306345577,-0.3592669440063994,-2.78464965180396,-1.0597480485036788,81.54,-0.4553315022484801
2020-03-30,soleimani_assassination,2020-01-03,12,-1.7806144292369053,1.7806144292369053,1.6694395078036888,0.2854909802829982,0.6057918829361103,3.842071113101975,-1.968209344334352,-2.161108724480387,-0.5732774347531292,-2.4565803297422573,-1.4917962424394156,81.54,-0.4553315022484801
2020-03-31,soleimani_assassination,2020-01-03,8,-2.482422389126212,2.482422389126212,2.669344859479628,0.2723019813663233,0.6480320075508176,3.71817085661834,-1.4570335404457666,-1.4641074664772669,-0.5780651210680763,-1.7357649093101617,-1.6937795252790162,81.54,-0.4553315022484801
2020-04-01,soleimani_assassination,2020-01-03,11,-3.777169663637076,3.777169663637076,3.981921708870792,0.5586850603653226,0.7059741493896592,3.741255835475923,-0.5139785785370478,-0.5491531523334272,-0.4741063326248954,-0.7469991395292964,-1.6561461906413812,69.34,-0.7054740840807313
2020-04-02,soleimani_assassination,2020-01-03,98,-6.834225463819215,6.834225463819215,7.415002402575943,6.040419755733431,0.8411481811113245,4.127504187201711,1.7126888939106062,1.8439349117798856,1.5157964908565489,1.559706330582603,-1.026480746137128,69.34,-0.7054740840807313
2020-04-03,soleimani_assassination,2020-01-03,17,-6.3760138812275615,6.3760138812275615,6.988440743277813,1.40417494201499,0.8174187135755329,4.438854482720014,1.3789413625783982,1.546592755696445,-0.1671883958372438,1.154769880359966,-0.518914768578618,69.34,-0.7054740840807313
2020-04-04,soleimani_assassination,2020-01-03,24,-4.715031597175926,4.715031597175926,4.883810401483744,1.407323354264585,0.7953053679901821,4.488339675132914,0.1691318380060195,0.0795239042263681,-0.1660455031630968,0.7774120803852261,-0.4382435746749403,69.34,-0.7054740840807313
2020-04-05,soleimani_assassination,2020-01-03,50,-3.647017929900299,3.647017929900299,3.817158940385559,1.987585327558968,0.7416350323469353,4.427564640363586,-0.6087771857384876,-0.6640038796685711,0.0445930999770845,-0.1384565612036939,-0.5373195684281973,69.34,-0.7054740840807313
2020-04-06,soleimani_assassination,2020-01-03,19,-3.428280921031025,3.428280921031025,3.684674281673985,0.8338128496865038,0.7262108510055163,4.357297407531214,-0.7680986422328987,-0.7563545942970173,-0.3742332823565145,-0.4016657221578431,-0.6518698265659735,69.34,-0.7054740840807313
2020-04-07,soleimani_assassination,2020-01-03,10,-3.9695411333613073,3.9695411333613073,4.179018963343199,0.5372097973033638,0.757090888035851,4.339641499592335,-0.3738609875410401,-0.411763114280354,-0.4819019829029191,0.1252931132625726,-0.6806526422615938,69.34,-0.7054740840807313
2020-04-09,soleimani_assassination,2020-01-03,11,-4.625961980919456,4.625961980919456,4.821946026173867,0.68423080737895,0.7412720699069776,4.3904755814753935,0.1042562092098881,0.0364002752305952,-0.4285324677186646,-0.1446504094971262,-0.5977824769344272,69.34,-0.7054740840807313
2020-04-10,soleimani_assassination,2020-01-03,8,-5.514317261612852,5.514317261612852,5.7751306512674905,0.6048767215430377,0.7934898245523356,4.534174237174556,0.7513074692422492,0.7008340455728955,-0.457338480456402,0.7464303605536419,-0.3635236703629674,69.34,-0.7054740840807313
2020-04-11,soleimani_assassination,2020-01-03,6,-2.2100512437743567,2.2100512437743567,2.272123102730711,0.1842659289296092,0.6241610632646792,4.290076764634487,-1.6554204883556327,-1.740997737837604,-0.6100227401516854,-2.143115619060031,-0.7614535071184235,69.34,-0.7054740840807313
2020-04-12,soleimani_assassination,2020-01-03,8,-2.703502326837109,2.703502326837109,2.924100119067064,0.2965526912143805,0.6642203575136354,4.140726558087,-1.2960055650708069,-1.2865259222663683,-0.5692619668331854,-1.4595154334625564,-1.0049255213609305,69.34,-0.7054740840807313
2020-04-14,soleimani_assassination,2020-01-03,12,-3.059729768607983,3.059729768607983,3.318002527632704,0.4905751838792634,0.69077150083972,4.054138558017999,-1.036540213690179,-1.011949459763656,-0.4988306294138483,-1.006427907937576,-1.146082037132649,69.34,-0.7054740840807313
2020-04-15,soleimani_assassination,2020-01-03,10,-3.759648646520025,3.759648646520025,4.110121285546611,0.5088044233512301,0.7173176249518394,4.050088053151772,-0.5267403602802574,-0.459789427988173,-0.4922133053164533,-0.5534260338366306,-1.152685205626868,69.34,-0.7054740840807313
2020-04-16,soleimani_assassination,2020-01-03,8,-4.646450182974874,4.646450182974874,4.705922989255387,0.5096786093640273,0.7557380109041162,4.112580303424956,0.1191791991935895,-0.0444755822232927,-0.4918959705106329,0.1022066591528974,-1.050809792125373,69.34,-0.7054740840807313
2020-04-17,soleimani_assassination,2020-01-03,6,-4.960518376055481,4.960518376055481,5.171935978856278,0.4135897432745608,0.790783777436572,4.229164599944714,0.3479370222013776,0.2803668035617218,-0.526776809617663,0.7002524548952136,-0.8607530512685337,69.34,-0.7054740840807313
2020-04-21,soleimani_assassination,2020-01-03,29,-4.37984038205801,4.37984038205801,4.567382436016692,1.5366292972564102,0.7797510279493782,4.2683548453852325,-0.0750113587615372,-0.1410476625006612,-0.1191066643918994,0.5119817991461387,-0.7968647700492689,69.34,-0.7054740840807313
2020-04-22,soleimani_assassination,2020-01-03,11,-4.037247140989282,4.037247140989282,4.517631250598867,0.5971533882598832,0.7435106097907713,4.29194823043145,-0.3245459685395804,-0.1757275837204535,-0.4601420971144324,-0.1064503785500351,-0.7584026271919369,69.34,-0.7054740840807313
2020-04-23,soleimani_assassination,2020-01-03,15,-4.961590414856591,4.961590414856591,5.397788102695416,0.975937281297526,0.7921420403017154,4.401452617687168,0.3487178630115095,0.4378009188754417,-0.3226412547475466,0.723430814976442,-0.5798876164004119,69.34,-0.7054740840807313
2020-04-24,soleimani_assassination,2020-01-03,14,-3.890737815925217,3.890737815925217,4.133365569823301,0.7187085339527598,0.7434474910969455,4.370674909901775,-0.4312589531409661,-0.4435865990353324,-0.4160168446049783,-0.1075274806713515,-0.6300617050843427,69.34,-0.7054740840807313
2020-04-25,soleimani_assassination,2020-01-03,13,-3.3912949433887323,3.3912949433887323,3.8548938954052825,0.5853451438736523,0.7083806304320751,4.309104859706404,-0.7950381156137455,-0.637700078938477,-0.4644285611901882,-0.7059332416378179,-0.7304337399453229,69.34,-0.7054740840807313
2020-04-26,soleimani_assassination,2020-01-03,6,-4.735918802833647,4.735918802833647,4.949344910394488,0.3948634584820708,0.7750636318268386,4.373070101853502,0.1843454502094995,0.1252058631006208,-0.5335745641703195,0.431992749927667,-0.6261570421952487,69.34,-0.7054740840807313
2020-04-27,soleimani_assassination,2020-01-03,20,-4.032827787777075,4.032827787777075,4.021935178024763,1.0264151433629938,0.7511292034090831,4.327029447727962,-0.3277648924618369,-0.5212610740575772,-0.3043174857529883,0.0235587019670374,-0.7012129196266842,69.34,-0.7054740840807313
2020-04-29,soleimani_assassination,2020-01-03,5,-4.495285627342295,4.495285627342295,5.168290879308247,0.3144637388667571,0.7252675279474775,4.418149197414803,0.0090754847000521,0.2778259241012145,-0.5627601482893054,-0.4177632553182157,-0.5526687059534725,69.34,-0.7054740840807313
2020-04-30,soleimani_assassination,2020-01-03,6,-2.963306727262943,2.963306727262943,3.0086706390636,0.2470695954859117,0.6978538738806958,4.268177023731558,-1.1067718560909108,-1.2275745837934176,-0.5872246296355067,-0.8855692753517637,-0.7971546564658796,69.34,-0.7054740840807313
2020-05-01,soleimani_assassination,2020-01-03,10,-3.9843292554849454,3.9843292554849454,4.08265592418528,0.5392111178141329,0.7239494342855401,4.262700528578474,-0.3630897642910985,-0.4789346314699541,-0.4811754914624566,-0.4402561396495145,-0.8060824868099685,68.51,-0.7224919810414501
2020-05-02,soleimani_assassination,2020-01-03,6,-4.741572237336455,4.741572237336455,5.048429236691519,0.3953348210186804,0.6988656658544351,4.360614731133083,0.1884632418161385,0.1942743003898784,-0.5334034567208337,-0.8683033400925003,-0.6464618965877553,68.51,-0.7224919810414501
2020-05-04,soleimani_assassination,2020-01-03,61,-12.472430063868918,12.472430063868918,12.984522033417363,7.899998477636371,0.9356322662683269,5.285492945633145,5.8193874975760735,5.726264556943797,2.190834805338894,3.1720497170619453,0.8612826657992001,68.51,-0.7224919810414501
2020-05-05,soleimani_assassination,2020-01-03,38,-8.43007884837785,8.43007884837785,8.844399591453644,3.698265719555183,0.870697119824744,5.67548531778712,2.875060487514,2.8403208568735883,0.6655804208308205,2.0639503610232617,1.4970516451835745,68.51,-0.7224919810414501
2020-05-06,soleimani_assassination,2020-01-03,20,-5.497905163651777,5.497905163651777,5.79337883929349,1.399299304039045,0.8269189755057348,5.697278432498905,0.7393533908501001,0.7135542595302277,-0.1689582818886071,1.3168890824195452,1.5325789715807367,68.51,-0.7224919810414501
2020-05-07,soleimani_assassination,2020-01-03,16,-4.88264308273001,4.88264308273001,5.161611808886856,1.018188771617497,0.7892937754115736,5.631267432329094,0.2912150014437535,0.2731701629552241,-0.30730370841298,0.6748260044315725,1.424967261191865,68.51,-0.7224919810414501
2020-05-08,soleimani_assassination,2020-01-03,11,-4.276041339805203,4.276041339805203,4.394056990568302,0.6324736844765744,0.7649708056241519,5.4932189174010295,-0.1506154583143732,-0.2618671513842765,-0.4473206161282799,0.2597616111941267,1.199919363571211,68.51,-0.7224919810414501
2020-05-09,soleimani_assassination,2020-01-03,9,-3.5534330633116524,3.5534330633116524,3.900062696308967,0.4356320133396169,0.7175586737080669,5.328470553717452,-0.6769415870339685,-0.60621438781822,-0.5187753323707877,-0.5493126070380673,0.9313451387579113,68.51,-0.7224919810414501
2020-05-10,soleimani_assassination,2020-01-03,5,-4.13707348297608,4.13707348297608,5.637435983579306,0.2894053244381557,0.7224630490191872,5.369419567187092,-0.2518354643406732,0.6048516043967127,-0.5718565041683258,-0.465620871180567,0.9981005790158844,68.51,-0.7224919810414501
2020-05-11,soleimani_assassination,2020-01-03,16,-6.175741809217893,6.175741809217893,6.64828082108361,1.2878416177490832,0.7975871809419369,5.513672194243829,1.233069210569575,1.3094784195303129,-0.2094180956104404,0.8163505536300196,1.2332624745443623,68.51,-0.7224919810414501
2020-05-12,soleimani_assassination,2020-01-03,6,-8.284821579621228,8.284821579621228,9.03396798767996,0.6907578947254687,0.834275762134553,5.892513204269548,2.769259463058481,2.9724627745320085,-0.4261630955651888,1.4424305029350153,1.8508524057594868,68.51,-0.7224919810414501
2020-05-13,soleimani_assassination,2020-01-03,7,-6.522931269114255,6.522931269114255,7.198055435266572,0.6302504515905094,0.8303809547301625,6.036189479196292,1.4859515678630988,1.6927082892989214,-0.4481276631021102,1.3759667492812135,2.085074726999811,68.51,-0.7224919810414501
2020-05-14,soleimani_assassination,2020-01-03,10,-4.7384053834664375,4.7384053834664375,4.803380236962304,0.6412624809955534,0.7584345217596651,5.907542068374816,0.1861566007329293,0.0234586718932482,-0.4441302298764794,0.1482218313090285,1.875352591598353,68.51,-0.7224919810414501
2020-05-15,soleimani_assassination,2020-01-03,7,-3.765663953329821,3.765663953329821,3.846132839338276,0.3638412408791934,0.7114617174043752,5.710093606037581,-0.5223589917722415,-0.6438071240602021,-0.5448358166440634,-0.6533553900906399,1.5534703796775615,68.51,-0.7224919810414501
2020-05-17,soleimani_assassination,2020-01-03,11,-3.516699752482097,3.516699752482097,3.601933664543461,0.5201586871822746,0.7067013780144881,5.503020944110083,-0.7036970255099709,-0.8140303674402142,-0.4880916389258781,-0.7345891949153128,1.215898713326936,68.51,-0.7224919810414501
2020-05-18,soleimani_assassination,2020-01-03,9,-5.032365052848943,5.032365052848943,5.129584829576383,0.6169412173447326,0.7294414211098428,5.4756817864769305,0.4002679800497525,0.2508452050659356,-0.452958995568168,-0.3465369845126266,1.1713301792049522,68.51,-0.7224919810414501
2020-05-20,soleimani_assassination,2020-01-03,11,-4.288664615892023,4.288664615892023,4.779133709337672,0.634340806261033,0.7732178274210684,5.4097215963863885,-0.1414210437876338,0.0065572119418139,-0.4466428396365031,0.4004946354946095,1.063801299852137,68.51,-0.7224919810414501
2020-05-21,soleimani_assassination,2020-01-03,17,-4.515183912178989,4.515183912178989,4.635451909230908,0.9943686174739472,0.7634297666554227,5.331905451498712,0.0235687967294641,-0.093598663070468,-0.3159505683250558,0.2334642301546782,0.9369447391927096,68.51,-0.7224919810414501
2020-05-22,soleimani_assassination,2020-01-03,10,-4.476023113894256,4.476023113894256,4.766979769426448,0.6057535087699621,0.7460058052363406,5.273176514735607,-0.0049547505772302,-0.0019149013373266,-0.4570202013941329,-0.0638705952145461,0.8412043123223429,68.51,-0.7224919810414501
2020-05-23,soleimani_assassination,2020-01-03,13,-5.90872726795621,5.90872726795621,6.624332502388749,1.0198596319422366,0.828468074778553,5.4196516095213,1.0385838519240125,1.2927848312527823,-0.3066971760171946,1.3433240102000077,1.0799892941997893,68.51,-0.7224919810414501
2020-05-24,soleimani_assassination,2020-01-03,7,-4.68027206215472,4.68027206215472,5.289488060923197,0.4522113539209498,0.7713473933153067,5.410897829873461,0.1438140384472042,0.362308508288273,-0.5127569315419166,0.3685762224067436,1.065718805980432,68.51,-0.7224919810414501
2020-05-25,soleimani_assassination,2020-01-03,7,-3.2332936431270984,3.2332936431270984,3.5988946478094457,0.3124032271126914,0.6920227329043919,5.21976313193858,-0.9101215092096536,-0.8161487664298295,-0.5635081265088089,-0.985075997284346,0.7541293480640014,68.51,-0.7224919810414501
2020-05-26,soleimani_assassination,2020-01-03,9,-1.9916020732280328,1.9916020732280328,2.237162953865402,0.2441598323293335,0.6318148932158846,4.911031345067955,-1.814532292075306,-1.7653673121160645,-0.588280891246604,-2.012505240787782,0.2508320862274146,68.51,-0.7224919810414501
2020-05-28,soleimani_assassination,2020-01-03,10,-3.63418665874564,3.63418665874564,3.781658065646545,0.4918252797280269,0.7419958494604331,4.7976895726376885,-0.6181230976150499,-0.6887503762363013,-0.4983768370657475,-0.1322993222812869,0.066061336528863,68.51,-0.7224919810414501
2020-05-31,soleimani_assassination,2020-01-03,5,-3.630726000777334,3.630726000777334,3.72558318153504,0.2539842331843558,0.6955539831817729,4.683720715758245,-0.6206437367642712,-0.7278383406147189,-0.5847145743621073,-0.9248162400852614,-0.1197316917287258,68.51,-0.7224919810414501
2020-06-01,soleimani_assassination,2020-01-03,10,-4.251215566077179,4.251215566077179,4.401271603219733,0.575329635294991,0.734789228179797,4.657570687935369,-0.1686978050073065,-0.2568380812971684,-0.4680642513333323,-0.2552782148787748,-0.1623616960234222,71.23,-0.6667224873870465
2020-06-02,soleimani_assassination,2020-01-03,8,-5.243906584371072,5.243906584371072,5.404246602285887,0.5752148221345876,0.8043703380137722,4.7335413436207245,0.5543484673225136,0.4423029273223668,-0.4681059292044363,0.9321031528751812,-0.0385136680184778,71.23,-0.6667224873870465
2020-06-03,soleimani_assassination,2020-01-03,6,-5.62792145658052,5.62792145658052,5.804439759659193,0.469235352827669,0.8383324737446536,4.856070805621052,0.8340533470417435,0.7212644646977918,-0.5065771170536215,1.5116571046905478,0.1612349336534249,71.23,-0.6667224873870465
2020-06-04,soleimani_assassination,2020-01-03,9,-4.6416225115505165,4.6416225115505165,5.124632969632895,0.5690382578882136,0.7664120813445648,4.888681334824765,0.115662868569974,0.247393425750742,-0.4703480593541605,0.2843565614658009,0.2143969038594555,71.23,-0.6667224873870465
2020-06-05,soleimani_assassination,2020-01-03,7,-6.819461599724019,6.819461599724019,7.132139560798781,0.6589014318119313,0.8138270819400487,5.1245344368264085,1.7019353394787728,1.6467604929905804,-0.437727184128494,1.0934797328761845,0.598886695585488,71.23,-0.6667224873870465
2020-06-06,soleimani_assassination,2020-01-03,8,-3.2817883247121973,3.2817883247121973,3.3852264839663904,0.359986063273684,0.7048302935632158,4.897591581901669,-0.8747994421195429,-0.9650898424468846,-0.5462352694137692,-0.7665187059598465,0.2289224666515126,71.23,-0.6667224873870465
2020-06-07,soleimani_assassination,2020-01-03,8,-4.539854204639547,4.539854204639547,5.231650878933611,0.4979858788144095,0.7452096309028196,4.911046125670214,0.0415378955448743,0.3219921038020598,-0.4961405023655861,-0.0774570782609153,0.2508561816946175,71.23,-0.6667224873870465
2020-06-08,soleimani_assassination,2020-01-03,8,-5.594106050162437,5.594106050162437,6.081387135687888,0.6136289167004936,0.7929841262083475,5.029670750987673,0.8094232223530621,0.9143154061385212,-0.4541613807200361,0.7378007656422024,0.4442390844201068,71.23,-0.6667224873870465
2020-06-09,soleimani_assassination,2020-01-03,16,-3.803663994945493,3.803663994945493,4.216584939484459,0.7931867853207585,0.7355428739127405,4.943143263876712,-0.4946809047015917,-0.385577103189717,-0.3889807892463762,-0.2424174700110993,0.3031812174023612,71.23,-0.6667224873870465
2020-06-10,soleimani_assassination,2020-01-03,12,-3.7706584493757247,3.7706584493757247,3.8007845023693134,0.6045604030547942,0.7352829336518218,4.825631043502127,-0.5187211511132581,-0.6754179638889304,-0.4574533059793166,-0.2468532748334197,0.1116117669536112,71.23,-0.6667224873870465
2020-06-11,soleimani_assassination,2020-01-03,70,-2.9515437976286467,2.9515437976286467,3.1019097792339827,2.067066779920374,0.6949970111368676,4.64885112175087,-1.115339620145403,-1.1625806342311311,0.0734453475333204,-0.9343208057649164,-0.1765764091553099,71.23,-0.6667224873870465
2020-06-12,soleimani_assassination,2020-01-03,16,-4.80750987563919,4.80750987563919,5.591747404452399,1.002521071451973,0.7657608713966765,4.742888435080931,0.2364902338029943,0.5730035929079716,-0.3129911782613806,0.2732438534267418,-0.0232759576882827,71.23,-0.6667224873870465
2020-06-13,soleimani_assassination,2020-01-03,8,-4.27437760924779,4.27437760924779,4.642243620157571,0.4688652089202718,0.7357998637482621,4.721745623602276,-0.1518272695985791,-0.088864383919003,-0.5067114815289848,-0.238032013338612,-0.0577431540615331,71.23,-0.6667224873870465
2020-06-14,soleimani_assassination,2020-01-03,9,-4.349654960652914,4.349654960652914,5.003677168479944,0.5332445874401699,0.7609375406694339,4.727681518047549,-0.0969975115759046,0.1630790999747305,-0.4833413780471484,0.1909351197818157,-0.0480664069693749,71.23,-0.6667224873870465
2020-06-15,soleimani_assassination,2020-01-03,137,-4.749772246840253,4.749772246840253,4.780859195343646,5.194947762950585,0.7723456077612868,4.7196503321410095,0.1944358820390553,0.0077599916997326,1.208885047835666,0.3856104611104343,-0.0611589165455137,71.23,-0.6667224873870465
2020-06-16,soleimani_assassination,2020-01-03,10,-5.004989856735078,5.004989856735078,5.505966716233797,0.6773401499344823,0.7809901848074062,4.802162000720069,0.3803287107910794,0.5132086858194889,-0.431033818014945,0.5331276499159484,0.073352327943902,71.23,-0.6667224873870465
2020-06-19,soleimani_assassination,2020-01-03,6,-5.065013695248322,5.065013695248322,5.536109209525951,0.4223021779360217,0.7555677255030845,4.884889607296582,0.4240482689296412,0.5342200302520078,-0.5236141431816373,0.0993007883947563,0.2082155964472561,71.23,-0.6667224873870465
2020-06-20,soleimani_assassination,2020-01-03,8,-4.047913856494457,4.047913856494457,4.132961016824422,0.4440239374055994,0.7404547111423777,4.812629344034537,-0.316776653876822,-0.4438685996753681,-0.515729013217938,-0.158598398688043,0.0904162826544767,71.23,-0.6667224873870465
2020-06-22,soleimani_assassination,2020-01-03,11,-3.0136478693103546,3.0136478693103546,3.3228148791149867,0.4457517643420465,0.6949500774636838,4.653670019908341,-1.0701048827513466,-1.0085949272256691,-0.5151018015978228,-0.935121715224276,-0.1687205991905893,71.23,-0.6667224873870465
2020-06-23,soleimani_assassination,2020-01-03,8,-3.569764458504112,3.569764458504112,3.856277617348095,0.3915747534825865,0.7105385475514061,4.568834311694381,-0.6650462901105136,-0.6367355317108317,-0.5347683839605406,-0.6691090146778764,-0.3070205134392834,71.23,-0.6667224873870465
2020-06-24,soleimani_assassination,2020-01-03,8,-4.43682223695027,4.43682223695027,4.514843857414429,0.486684091870836,0.7239154247258733,4.562769208928859,-0.0335074899735455,-0.1776705841782928,-0.5002431193288635,-0.4408365028769802,-0.3169078970663015,71.23,-0.6667224873870465
2020-06-25,soleimani_assassination,2020-01-03,8,-5.60850621770777,5.60850621770777,6.01107795567025,0.6152085004859836,0.777655901870529,4.714470609352085,0.8199118711598912,0.8653051804813394,-0.4535879822596311,0.4762290829986557,-0.0696029459833728,71.23,-0.6667224873870465
2020-06-26,soleimani_assassination,2020-01-03,50,-2.837517207760144,2.837517207760144,3.108921225352356,1.546416189128616,0.6713614773179426,4.534501830497581,-1.1983931576827935,-1.1576931848773135,-0.115553963494852,-1.3376543044756068,-0.3629896248597634,71.23,-0.6667224873870465
2020-06-27,soleimani_assassination,2020-01-03,5,-2.729107635371419,2.729107635371419,2.839217697595854,0.1909123161315334,0.6365305793100101,4.351441811897145,-1.277355428677504,-1.3456946770376288,-0.6076100614297044,-1.9320334314461176,-0.661415669833107,71.23,-0.6667224873870465
2020-06-29,soleimani_assassination,2020-01-03,33,-5.293803102639377,5.293803102639377,5.520112061767338,2.0690559425904085,0.7978717336913767,4.478918750039045,0.5906915900780105,0.5230689427080453,0.0741674256041198,0.821206363398419,-0.4536016492411288,71.23,-0.6667224873870465
2020-06-30,soleimani_assassination,2020-01-03,19,-5.824421193503385,5.824421193503385,5.963224844243569,1.4165925561517236,0.7952067444372498,4.647926516828265,0.9771778436651276,0.8319483444489527,-0.1626807268593072,0.7757290981871415,-0.178083708194858,71.23,-0.6667224873870465
2020-07-01,soleimani_assassination,2020-01-03,11,-4.338783628696583,4.338783628696583,4.453929078534125,0.6417539611329812,0.7400263150749306,4.632239386163535,-0.1049158627057401,-0.2201322806172517,-0.443951819616315,-0.1659088527713356,-0.2036570059419399,66.47,-0.7643191012822528
2020-07-02,soleimani_assassination,2020-01-03,11,-3.26617766191986,3.26617766191986,3.291821069621535,0.4831037064023437,0.6833543412724742,4.495802105507132,-0.886169779246191,-1.0301996962880977,-0.5015428208921159,-1.1329995750584334,-0.4260782553469239,66.47,-0.7643191012822528
2020-07-03,soleimani_assassination,2020-01-03,95,-3.973216972619053,3.973216972619053,3.983954421222757,3.4396997181926303,0.7063471739282059,4.442312705116243,-0.3711836168143817,-0.5477362151562205,0.5717193996831893,-0.740633584454906,-0.513277144152296,66.47,-0.7643191012822528
2020-07-04,soleimani_assassination,2020-01-03,5,-4.612013861213532,4.612013861213532,4.703503074332895,0.3226293594518419,0.7644335064710789,4.464561889557177,0.094096818449295,-0.0461624256254313,-0.5597959786676949,0.2505927576821447,-0.4770063288898822,66.47,-0.7643191012822528
2020-07-05,soleimani_assassination,2020-01-03,11,-4.100119679024768,4.100119679024768,4.44482825932591,0.6064529302015214,0.7275776138782852,4.45508007910998,-0.2787515033729637,-0.2264761634921182,-0.4567663071874981,-0.3783423119228531,-0.4924636592921054,66.47,-0.7643191012822528
2020-07-06,soleimani_assassination,2020-01-03,66,-4.91188776742741,4.91188776742741,5.243602979076199,3.2965443269267203,0.8100790168166557,4.534589380363661,0.3125159499425697,0.3303235211919156,0.5197531274888549,1.0295200934961264,-0.362846900301599,66.47,-0.7643191012822528
2020-07-07,soleimani_assassination,2020-01-03,113,-6.169956819790548,6.169956819790548,6.491881523727699,5.983988746460317,0.8153039446953482,4.72678277302747,1.228855598313772,1.2004575938840036,1.4953116934475534,1.118681965530371,-0.0495315489694273,66.47,-0.7643191012822528
2020-07-08,soleimani_assassination,2020-01-03,40,-6.157453730531065,6.157453730531065,6.607880905334349,2.81529310001772,0.8111786429461535,4.932689678503157,1.219748724256209,1.2813169619950988,0.3450560236616108,1.0482848930340538,0.2861396910075103,66.47,-0.7643191012822528
2020-07-09,soleimani_assassination,2020-01-03,55,-6.394138122334279,6.394138122334279,6.714996784664026,3.747896628509895,0.7982690590744369,5.1191121591521975,1.3921425145275124,1.355983931743544,0.6835967407275827,0.8279866053046941,0.5900472510501197,66.47,-0.7643191012822528
2020-07-10,soleimani_assassination,2020-01-03,106,-7.342214004672378,7.342214004672378,7.456925875214445,6.832953539408456,0.8199933899184911,5.360489936277922,2.08269246408636,1.873158390902103,1.803491044037303,1.1987059820536587,0.9835434165307668,66.47,-0.7643191012822528
2020-07-11,soleimani_assassination,2020-01-03,8,-6.90494676655984,6.90494676655984,7.119643124493377,0.7574177118282658,0.7977353532081989,5.552437378794964,1.7642001631560975,1.6380496366972086,-0.4019651790958465,0.8188790701856928,1.2964578177804382,66.47,-0.7643191012822528
2020-07-12,soleimani_assassination,2020-01-03,16,-5.7685659785991685,5.7685659785991685,6.102631699644101,1.2029323069955702,0.7994971593841391,5.620168750029223,0.9364945855491382,0.929124295578296,-0.2402406885664705,0.8489437792985077,1.4068740921400504,66.47,-0.7643191012822528
2020-07-13,soleimani_assassination,2020-01-03,10,-4.413536932511248,4.413536932511248,4.518028802225668,0.5972970681620267,0.758783989117545,5.517775265172293,-0.0504678051818332,-0.1754504635074879,-0.4600899404416196,0.1541853899584216,1.2399513366934447,66.47,-0.7643191012822528
2020-07-14,soleimani_assassination,2020-01-03,26,-4.790384381411728,4.790384381411728,4.895267923544105,1.531736311024506,0.7487703889463452,5.451678226706324,0.2240165390331418,0.0875105674403264,-0.1208828479650206,-0.0166937796292814,1.13219936592093,66.47,-0.7643191012822528
2020-07-15,soleimani_assassination,2020-01-03,15,-4.247802206681048,4.247802206681048,4.704996468184121,0.8355362273888457,0.7248991568282552,5.377356603130252,-0.1711839932995474,-0.0451214297039131,-0.3736076858352686,-0.4240494011475487,1.0110396044974597,66.47,-0.7643191012822528
2020-07-16,soleimani_assassination,2020-01-03,11,-3.951798529845113,3.951798529845113,4.290430658448161,0.5845145960619058,0.7360837741075787,5.26472510852795,-0.3867841661508943,-0.3341016721105903,-0.4647300550652981,-0.2331871657705111,0.8274267559323839,66.47,-0.7643191012822528
2020-07-17,soleimani_assassination,2020-01-03,9,-5.404691225872238,5.404691225872238,5.865236031987142,0.6625864279011997,0.8015996407740433,5.330764666302282,0.6714591629396731,0.7636435541020602,-0.4363895082776818,0.884822011686269,0.9350850211781616,66.47,-0.7643191012822528
2020-07-18,soleimani_assassination,2020-01-03,10,-3.001925266263411,3.001925266263411,3.358421748771969,0.406259466681392,0.6758455313356408,5.121670568659801,-1.0786432741328484,-0.9837745450736258,-0.5294377443217763,-1.261135229035143,0.5942179926277373,66.47,-0.7643191012822528
2020-07-19,soleimani_assassination,2020-01-03,10,-3.354154944655914,3.354154944655914,3.9816997317669327,0.4539277557295113,0.7123183121605017,4.999089266731429,-0.8220897733231621,-0.549307885299281,-0.5121338673122721,-0.6387378501352248,0.3943848810512891,66.47,-0.7643191012822528
2020-07-20,soleimani_assassination,2020-01-03,20,-4.271120694351561,4.271120694351561,5.001221682458451,1.087064261236399,0.7474087454805998,5.0040974733045775,-0.154199508423769,0.1613674611249925,-0.2823014894297945,-0.0399298286748885,0.4025493032526031,66.47,-0.7643191012822528
2020-07-21,soleimani_assassination,2020-01-03,47,-3.714353180038953,3.714353180038953,3.803185350790687,1.9294462949791444,0.7239377258274894,4.886659104479247,-0.5597322153379033,-0.6737444111199933,0.0234882797852526,-0.4404559410750419,0.2111002462460009,66.47,-0.7643191012822528
2020-07-22,soleimani_assassination,2020-01-03,25,-4.094860070095465,4.094860070095465,4.411051642125031,1.2660106659389905,0.7476351310723847,4.842162094904082,-0.2825824442802172,-0.2500207366266088,-0.2173428630536546,-0.0360666245056143,0.1385608316748623,66.47,-0.7643191012822528
2020-07-23,soleimani_assassination,2020-01-03,15,-3.4781189550937497,3.4781189550937497,4.022996644000404,0.6841407035332033,0.7139900940962172,4.757529326141224,-0.731798117613232,-0.5205211609056879,-0.4285651759592165,-0.6102093784544389,0.0005917510960451,66.47,-0.7643191012822528
2020-07-24,soleimani_assassination,2020-01-03,10,-2.237607728611452,2.237607728611452,2.429488940937976,0.3028221030963142,0.6495233656393251,4.50494598095487,-1.6353491738450832,-1.6313031682332535,-0.5669861324306249,-1.7103153180178088,-0.411171829539367,66.47,-0.7643191012822528
2020-07-25,soleimani_assassination,2020-01-03,7,-5.102316645558569,5.102316645558569,5.3339857016922085,0.4929896142317814,0.7884350441055934,4.600137860001792,0.4512186156656122,0.3933263556697158,-0.4979541766041866,0.6601720048753583,-0.2559891949327403,66.47,-0.7643191012822528
2020-07-26,soleimani_assassination,2020-01-03,8,-4.600121022653654,4.600121022653654,4.794510472529958,0.5045966691568464,0.7368088070980965,4.630373215412873,0.0854344326417563,0.0172758497319565,-0.4937407455187299,-0.2208146890163772,-0.2066992538375912,66.47,-0.7643191012822528
2020-07-27,soleimani_assassination,2020-01-03,10,-3.1296930211745986,3.1296930211745986,3.2308225984748216,0.4235506566229418,0.720003661860623,4.477775564590189,-0.9855810853852778,-1.07271973186373,-0.523160937873059,-0.5075895965305983,-0.4554652801681957,66.47,-0.7643191012822528
2020-07-28,soleimani_assassination,2020-01-03,12,-4.24345787895692,4.24345787895692,4.37805629117333,0.6803656815092795,0.7732636225199279,4.459049552176331,-0.1743482709134499,-0.273020714657573,-0.4299355317683837,0.4012761155148327,-0.4859925895474608,66.47,-0.7643191012822528
2020-07-29,soleimani_assassination,2020-01-03,8,-3.341241996900484,3.341241996900484,3.3416300066627085,0.366507657989913,0.7178370072964668,4.341164931798046,-0.8314951759784618,-0.995479518303944,-0.5438678911182834,-0.5445629254409396,-0.6781691297425241,66.47,-0.7643191012822528
2020-07-30,soleimani_assassination,2020-01-03,5,-2.729069775519994,2.729069775519994,2.727660630754909,0.1909096676790392,0.6763690873559595,4.176698928610588,-1.2773830046542574,-1.4234574530813326,-0.6076110228339658,-1.252200898079729,-0.9462830480030447,66.47,-0.7643191012822528
2020-08-01,soleimani_assassination,2020-01-03,6,-4.825149624895297,4.825149624895297,5.1655400881667095,0.4023031956205918,0.7823653645490125,4.282108345253278,0.2493384964642011,0.2759084377281877,-0.5308738946267147,0.5565946915655011,-0.7744436941554603,65.47,-0.7848225915963718
2020-08-03,soleimani_assassination,2020-01-03,13,-4.140295701472436,4.140295701472436,4.267023818762512,0.7146243613468124,0.7409421405157781,4.278189438190316,-0.2494884973292997,-0.3504178131127657,-0.4174994239437827,-0.1502805584372537,-0.780832330758686,65.47,-0.7848225915963718
2020-08-04,soleimani_assassination,2020-01-03,15,-4.981803995165032,4.981803995165032,5.100755855392266,0.9799132617719402,0.7690366219522936,4.364068436640986,0.3634408267767876,0.2307494717651888,-0.3211979498063518,0.329143582310489,-0.6408316356323261,65.47,-0.7848225915963718
2020-08-05,soleimani_assassination,2020-01-03,26,-4.463659422914904,4.463659422914904,4.641317187365785,1.4272652617722796,0.7175076383305116,4.388467191567957,-0.0139600911213827,-0.0895101698628906,-0.1588064702181612,-0.5501835108875475,-0.6010565717445493,65.47,-0.7848225915963718
2020-08-06,soleimani_assassination,2020-01-03,58,-3.622237300529971,3.622237300529971,4.617324703626887,2.209747172298757,0.7438545250910128,4.401000712505342,-0.6268266506394564,-0.1062345441455191,0.1252391922608094,-0.1005815641467208,-0.5806243161841574,65.47,-0.7848225915963718
2020-08-07,soleimani_assassination,2020-01-03,12,-5.389781547944151,5.389781547944151,5.452574676671032,0.8641590185772147,0.7766451712558161,4.499777936295764,0.660599402098813,0.4759908444705803,-0.363217439651012,0.4589812595219653,-0.4195968211877561,65.47,-0.7848225915963718
2020-08-08,soleimani_assassination,2020-01-03,12,-9.9286999509035,9.9286999509035,10.019862284352808,1.5918967269820254,0.9565195595613988,5.0700374735979965,3.966611012145801,3.659697385175219,-0.0990442533907812,3.528485291863537,0.5100452690213914,65.47,-0.7848225915963718
2020-08-09,soleimani_assassination,2020-01-03,7,-4.770953011833958,4.770953011833958,5.158197163922304,0.4609730144579245,0.7670900076291968,5.066158725303668,0.2098633140310493,0.2707899258338427,-0.5095763958155809,0.2959251760079272,0.5037220995943743,65.47,-0.7848225915963718
2020-08-10,soleimani_assassination,2020-01-03,100,-4.152984018771482,4.152984018771482,4.29497199747845,3.720048118806746,0.8001689136941746,4.973440820944857,-0.2402467087403579,-0.330936053472961,0.6734875634018593,0.860407070892272,0.3525725601834185,65.47,-0.7848225915963718
2020-08-11,soleimani_assassination,2020-01-03,14,-5.124231104304164,5.124231104304164,5.415163150542658,0.9465630424993828,0.7732136667867612,5.013816512425424,0.4671804481130949,0.4499124954232558,-0.3333042809555522,0.4004236354823046,0.418393365915495,65.47,-0.7848225915963718
2020-08-12,soleimani_assassination,2020-01-03,9,-4.12018302698516,4.12018302698516,4.243228355189189,0.5051125476106493,0.7274796402913116,4.935240112665348,-0.2641379643302216,-0.367004851093485,-0.4935534785222693,-0.3800142026412113,0.290297431107214,65.47,-0.7848225915963718
2020-08-13,soleimani_assassination,2020-01-03,8,-3.734179835806757,3.734179835806757,3.9194219109376993,0.4096098119813784,0.7291972552705355,4.828269187974232,-0.545291075767289,-0.5927197136197445,-0.5282215487299476,-0.3507036034258239,0.1159124931684226,65.47,-0.7848225915963718
2020-08-14,soleimani_assassination,2020-01-03,17,-2.771894997258773,2.771894997258773,2.769767559286,0.6104480902256311,0.6524523361894906,4.611731733542751,-1.246190401548872,-1.3941060928674618,-0.4553160399538515,-1.6603332888971922,-0.2370887607844107,65.47,-0.7848225915963718
2020-08-15,soleimani_assassination,2020-01-03,5,-3.119761901184772,3.119761901184772,3.3550198442443016,0.2182401905350436,0.6853747484456463,4.4808947432669815,-0.9928146144052596,-0.986145901253905,-0.5976898778642282,-1.0985219152679369,-0.4503803677815534,65.47,-0.7848225915963718
2020-08-16,soleimani_assassination,2020-01-03,9,-4.418710987298812,4.418710987298812,4.454894318225073,0.5417104893961083,0.737587725488657,4.470506095999472,-0.0466991793375013,-0.2194594436554951,-0.4802682044731566,-0.2075226736093322,-0.4673160315074101,65.47,-0.7848225915963718
2020-08-17,soleimani_assassination,2020-01-03,28,-3.758169141329111,3.758169141329111,4.124316682690185,1.2799774363949856,0.7298874640445042,4.4401168054491365,-0.5278179873499785,-0.4498942817622415,-0.2122728409694436,-0.3389253917815103,-0.5168569190142401,65.47,-0.7848225915963718
2020-08-18,soleimani_assassination,2020-01-03,9,-2.560882516367448,2.560882516367448,2.6210290806579195,0.3139505899378558,0.6675125625873626,4.250693736391303,-1.3998855442587967,-1.497786812791082,-0.5629464244517307,-1.4033349130210735,-0.825656064550367,65.47,-0.7848225915963718
2020-08-19,soleimani_assassination,2020-01-03,191,-2.239927830926847,2.239927830926847,2.5742958031893783,2.971323656818847,0.6498226918377958,4.069651257552386,-1.633659281119496,-1.5303630492634503,0.4016960587567595,-1.70520740364575,-1.1207930985413583,65.47,-0.7848225915963718
2020-08-20,soleimani_assassination,2020-01-03,82,-4.602375052167397,4.602375052167397,5.032189703357552,3.604292017426294,0.8041513732994381,4.17269227226418,0.0870761999264392,0.1829542538032821,0.6314673990245503,0.9283665838176268,-0.9528147342563696,65.47,-0.7848225915963718
2020-08-21,soleimani_assassination,2020-01-03,95,-6.494807727362604,6.494807727362604,6.773196111016657,5.622695277775965,0.8546469406852225,4.445787586656996,1.4654672261560568,1.396552775199304,1.3641599808249276,1.790058730020914,-0.5076123618427232,65.47,-0.7848225915963718
2020-08-22,soleimani_assassination,2020-01-03,42,-7.191278300518521,7.191278300518521,7.656997333101461,3.4187240542974315,0.8861522015643608,4.786977311165994,1.9727554381248595,2.0126216487034903,0.5641051069220452,2.3276868282702234,0.0485981140941713,65.47,-0.7848225915963718
2020-08-23,soleimani_assassination,2020-01-03,19,-6.0073773694403325,6.0073773694403325,6.620008251782875,1.4610904295581577,0.8295961891803818,4.993422526280146,1.1104376179283058,1.2897705378427478,-0.1465277298882568,1.3625749538055716,0.3851469111565204,65.47,-0.7848225915963718
2020-08-24,soleimani_assassination,2020-01-03,9,-4.840301677529781,4.840301677529781,5.051127122034298,0.5933952680083144,0.7895754906532175,4.997630900823706,0.2603747957492878,0.1961549078640892,-0.4615063174780882,0.6796333929561074,0.3920074401808417,65.47,-0.7848225915963718
2020-08-25,soleimani_assassination,2020-01-03,10,-2.367060546530245,2.367060546530245,2.836350624378638,0.3203413376219475,0.6627056250502386,4.770688945624035,-1.5410596358983784,-1.3476932198355418,-0.5606265444196896,-1.4853639016525717,0.0220446779865487,65.47,-0.7848225915963718
2020-08-26,soleimani_assassination,2020-01-03,76,-3.094401616979673,3.094401616979673,3.195654572143697,2.29787959881389,0.6807916687601673,4.612991293033889,-1.0112862824487925,-1.0972342107123485,0.1572317957173248,-1.1767308348792227,-0.2350354158747864,65.47,-0.7848225915963718
2020-08-27,soleimani_assassination,2020-01-03,37,-4.292786860521109,4.292786860521109,4.46148028950119,1.842934143232348,0.7370748398367365,4.598300901276566,-0.1384185248187252,-0.2148685788732117,-0.0079161541381671,-0.2162749178367077,-0.2589838211287795,65.47,-0.7848225915963718
2020-08-28,soleimani_assassination,2020-01-03,15,-4.379189948204802,4.379189948204802,4.608452738468113,0.8613799961277091,0.7284916493991535,4.606312106929228,-0.0754851152117239,-0.1124189003610952,-0.3642262415953058,-0.3627445620517485,-0.2459238835374356,65.47,-0.7848225915963718
2020-08-29,soleimani_assassination,2020-01-03,5,-2.763338454878164,2.763338454878164,2.729784933155279,0.1933069029006345,0.7115492207503277,4.418671121000766,-1.2524227295928634,-1.4219766714823991,-0.6067408119607486,-0.651862170984938,-0.5518178615543085,65.47,-0.7848225915963718
2020-08-30,soleimani_assassination,2020-01-03,8,-4.757172341164944,4.757172341164944,4.843484989128161,0.5218239490082301,0.7472695430306133,4.459373960207671,0.1998258881111891,0.0514143805657278,-0.4874871388189858,-0.0423052779290608,-0.4854637367346476,65.47,-0.7848225915963718
2020-08-31,soleimani_assassination,2020-01-03,14,-6.987509291607149,6.987509291607149,7.427750809614229,1.290753270085878,0.835006051037403,4.773666743481076,1.8243362224831907,1.8528214086151389,-0.2083611482155071,1.4548926703018563,0.0268991101230744,65.47,-0.7848225915963718
2020-09-01,soleimani_assassination,2020-01-03,22,-2.983202325965176,2.983202325965176,3.3904011852240887,0.8255624740894907,0.7279890933630929,4.625894762904023,-1.0922805005610263,-0.961482727753118,-0.377228218559675,-0.3713205343938738,-0.2140000663254022,80.38,-0.47911555101285835
2020-09-02,soleimani_assassination,2020-01-03,19,-2.62660379394969,2.62660379394969,2.7658058432062664,0.6388321274943599,0.6704591857127191,4.429528369311599,-1.3520161429114732,-1.3968676753380396,-0.4450124628853424,-1.3530516478476733,-0.5341182803051253,80.38,-0.47911555101285835
2020-09-03,soleimani_assassination,2020-01-03,10,-4.345403354234622,4.345403354234622,4.577771643387607,0.588076348550905,0.743402185355246,4.444134265150186,-0.1000942537801835,-0.1338056864525822,-0.4634371173862108,-0.108300609954207,-0.510307621037597,80.38,-0.47911555101285835
2020-09-04,soleimani_assassination,2020-01-03,7,-3.9535101052558304,3.9535101052558304,4.19576607634031,0.3819910752399321,0.7158461742169898,4.412356727324565,-0.3855375061149676,-0.4000892505418092,-0.5382473170819317,-0.5785359119385621,-0.5621116414064032,80.38,-0.47911555101285835
2020-09-05,soleimani_assassination,2020-01-03,8,-4.778535551669549,4.778535551669549,5.163606862808298,0.5241673231955688,0.7675324683791599,4.460663095619061,0.2153862079243968,0.2745608496744208,-0.4866364798267149,0.3034756398007902,-0.483362176900897,80.38,-0.47911555101285835
2020-09-06,soleimani_assassination,2020-01-03,8,-5.57752753923287,5.57752753923287,5.978026831182003,0.6118103859806617,0.8149771065580204,4.616926974239711,0.7973479337612459,0.8422663245455111,-0.4548215183616915,1.113104567936966,-0.228619433917017,80.38,-0.47911555101285835
2020-09-07,soleimani_assassination,2020-01-03,6,-3.819156416634955,3.819156416634955,4.117913285308389,0.3184271888813129,0.7587992533689587,4.566047799531478,-0.4833966908369605,-0.4543578802649645,-0.5613213919807675,0.1544458699617535,-0.3115631099625608,80.38,-0.47911555101285835
2020-09-08,soleimani_assassination,2020-01-03,9,-4.676606822769451,4.676606822769451,4.940249831457426,0.5733271485638131,0.7934832849762056,4.600845296394751,0.141144388348758,0.1188659815806905,-0.4687911661188512,0.7463187645922039,-0.2548359259314852,80.38,-0.47911555101285835
2020-09-09,soleimani_assassination,2020-01-03,32,-3.492940144600256,3.492940144600256,3.626027147359709,1.33078590677596,0.7193084381716229,4.499954991037962,-0.7210028090764515,-0.797235590010076,-0.1938290591583129,-0.5194533862388909,-0.41930818499695,80.38,-0.47911555101285835
2020-09-10,soleimani_assassination,2020-01-03,9,-3.6734963993017615,3.6734963993017615,3.75415011388128,0.4503511404073709,0.7509891563633962,4.424461790684474,-0.5894910652388466,-0.7079252680931586,-0.5134322002896136,0.0211688399333002,-0.5423778611398645,80.38,-0.47911555101285835
2020-09-11,soleimani_assassination,2020-01-03,23,-3.71047988937714,3.71047988937714,3.969174920587448,1.067377160853879,0.7111673765361041,4.3855568245760495,-0.5625534037269017,-0.5580385207876501,-0.2894480258483558,-0.6583782312552554,-0.6058010774943918,80.38,-0.47911555101285835
2020-09-12,soleimani_assassination,2020-01-03,5,-6.625451188627281,6.625451188627281,6.704651942432523,0.4634775907858654,0.8760924646685961,4.63596466216511,1.5606239928950545,1.3487728811804922,-0.5086672194720403,2.1560203489191627,-0.1975840283901863,80.38,-0.47911555101285835
2020-09-13,soleimani_assassination,2020-01-03,6,-4.029636069368905,4.029636069368905,4.102866624100749,0.3359762067337527,0.7165257276543472,4.5807107872526975,-0.3300896441265792,-0.4648464147776495,-0.5549509924422047,-0.5669395305092262,-0.2876593790081385,80.38,-0.47911555101285835
2020-09-14,soleimani_assassination,2020-01-03,60,-4.166725320421898,4.166725320421898,4.489348004504586,2.6070163704765363,0.7159317866997025,4.573590392550004,-0.2302379580292162,-0.1954429078509665,0.269450312110178,-0.577074959863168,-0.2992671087899863,80.38,-0.47911555101285835
2020-09-15,soleimani_assassination,2020-01-03,168,-5.260876092118751,5.260876092118751,5.611207905298223,6.491430406785,0.7866332356290804,4.693865390798598,0.56670854623339,0.5865688704096627,1.6795160828875266,0.6294246681574257,-0.1031937536635043,80.38,-0.47911555101285835
2020-09-16,soleimani_assassination,2020-01-03,51,-4.913668024714608,4.913668024714608,5.34583069549329,2.719013159490018,0.7642984848380681,4.774367708265118,0.3138126357910109,0.4015831127383275,0.3101058233787359,0.2482886528516339,0.0280418290508152,80.38,-0.47911555101285835
2020-09-17,soleimani_assassination,2020-01-03,38,-4.888255436019885,4.888255436019885,5.311691902558184,2.1444719358633604,0.7524847428840743,4.8296436771327,0.2953028707308317,0.3777860787664677,0.1015438869414971,0.0466905881887437,0.1181531974279123,80.38,-0.47911555101285835
2020-09-18,soleimani_assassination,2020-01-03,109,-4.351875547447078,4.351875547447078,4.4310159799236,4.123996214329158,0.7812682561485891,4.776846229845658,-0.0953801029620295,-0.2361042508937559,0.8201231633514885,0.5378728563407194,0.0320823366303318,80.38,-0.47911555101285835
2020-09-19,soleimani_assassination,2020-01-03,156,-6.412453907327181,6.412453907327181,6.476593572603302,7.579187179231347,0.8111992016484624,4.940302190506528,1.4054831812806707,1.1898008640763926,2.074378365183131,1.0486357212994408,0.298549674721304,80.38,-0.47911555101285835
2020-09-20,soleimani_assassination,2020-01-03,96,-5.905961411622188,5.905961411622188,5.8460411809546535,5.148819923546334,0.8134043821631344,5.026601860436736,1.0365692853818953,0.7502634523810294,1.192140363356649,1.0862664843312932,0.4392361521764944,80.38,-0.47911555101285835
2020-09-21,soleimani_assassination,2020-01-03,65,-5.571595215316673,5.571595215316673,5.636358254563524,3.697874409147075,0.8124755853741847,5.090809435728487,0.7930270074963635,0.6041003548124119,0.665438372787779,1.0704168377208851,0.5439079035405582,80.38,-0.47911555101285835
2020-09-22,soleimani_assassination,2020-01-03,121,-4.807846122578738,4.807846122578738,4.918169677478873,4.869749185661339,0.7460305141277711,5.085042294773487,0.2367351459576748,0.1034746297150772,1.090835998930251,-0.0634489451809034,0.5345062598656437,80.38,-0.47911555101285835
2020-09-23,soleimani_assassination,2020-01-03,22,-5.12727266720277,5.12727266720277,5.273818794621983,1.4189060767435029,0.7704628863892384,5.11539659584524,0.4693958310221426,0.3513859761649811,-0.1618409049026456,0.3534823694031239,0.583990107218164,80.38,-0.47911555101285835
2020-09-24,soleimani_assassination,2020-01-03,10,-5.569486124190552,5.569486124190552,5.953587821892925,0.7537351072431812,0.7829382007726529,5.207455874520532,0.7914908089727116,0.8252306919325976,-0.4033019868161868,0.566369974833446,0.7340659492737205,80.38,-0.47911555101285835
2020-09-26,soleimani_assassination,2020-01-03,10,-4.3130730550957805,4.3130730550957805,4.569788859105273,0.5837009930970549,0.7219632318802175,5.143475651906748,-0.1236426710065462,-0.1393702238138716,-0.4650253978585781,-0.4741501050417804,0.6297648302357028,80.38,-0.47911555101285835
2020-09-27,soleimani_assassination,2020-01-03,11,-2.4377314859124053,2.4377314859124053,2.623691606597255,0.3605673781277828,0.6494250560382597,4.890911347532858,-1.489585049807997,-1.495930853198434,-0.5460242486085339,-1.7119929427187497,0.2180322900994671,80.38,-0.47911555101285835
2020-09-28,soleimani_assassination,2020-01-03,11,-3.588693235708156,3.588693235708156,3.7013521389840016,0.5308073175335336,0.6939307480635545,4.765648003966035,-0.6512591382728065,-0.7447290064287314,-0.4842261217529866,-0.952516274468951,0.0138268907633224,80.38,-0.47911555101285835
2020-09-29,soleimani_assassination,2020-01-03,6,-5.606089030882689,5.606089030882689,5.92211541526883,0.467415045622879,0.8034772502976603,4.872979881478662,0.8181512649982645,0.8032923084919922,-0.5072378995700529,0.9168628711893684,0.1888002571518054,80.38,-0.47911555101285835
2020-09-30,soleimani_assassination,2020-01-03,7,-4.038801129147023,4.038801129147023,4.124398789823424,0.390231957154259,0.72298479729259,4.802175270258822,-0.3234140903176636,-0.4498370475699624,-0.5352558271429618,-0.4567173888996078,0.0733739600621479,80.38,-0.47911555101285835
2020-10-01,soleimani_assassination,2020-01-03,13,-3.857887170000746,3.857887170000746,3.728538525060781,0.6658800128767082,0.7098598795947534,4.700128281956639,-0.4551863753111982,-0.7257782674769762,-0.4351939170266717,-0.6806902856369611,-0.0929839336674066,76.08,-0.5672805593635697
2020-10-02,soleimani_assassination,2020-01-03,82,-4.777438513859593,4.777438513859593,4.825332434167558,3.741390761089753,0.7977334843524206,4.714015850354486,0.2145871585883238,0.0387608292847949,0.6812350715356249,0.8188471787063043,-0.0703442980825747,76.08,-0.5672805593635697
2020-10-03,soleimani_assassination,2020-01-03,25,-5.122661978451685,5.122661978451685,5.396827668539639,1.5837768792350375,0.7193838004649981,4.78892988855579,0.4660375440497525,0.4371314316947962,-0.1019918071955328,-0.5181673506582808,0.0517812228494109,76.08,-0.5672805593635697
2020-10-04,soleimani_assassination,2020-01-03,9,-3.953991374657532,3.953991374657532,4.149370829694438,0.4847383340504675,0.7109373683715244,4.7193728694631485,-0.3851869639618972,-0.4324298568035289,-0.5009494411769152,-0.6623032535738818,-0.0616112386320885,76.08,-0.5672805593635697
2020-10-05,soleimani_assassination,2020-01-03,9,-3.715106435590039,3.715106435590039,4.0501045593156215,0.4554523097724421,0.718271849620574,4.641799097750663,-0.5591835666564026,-0.5016251213506641,-0.5115804449809904,-0.5371424678657778,-0.1880726804193953,76.08,-0.5672805593635697
2020-10-06,soleimani_assassination,2020-01-03,8,-5.262788028405057,5.262788028405057,5.447880213344512,0.5772859662896004,0.7916655964143157,4.729751944738121,0.5681011431031816,0.4727184879032821,-0.4673540913591317,0.7153004388437735,-0.0446911792522668,76.08,-0.5672805593635697
2020-10-09,soleimani_assassination,2020-01-03,11,-5.061709496668916,5.061709496668916,5.218145915021936,0.7486826718223677,0.755452092769293,4.780126021439546,0.4216415900921691,0.3125782359595213,-0.4051360514085192,0.0973275494807174,0.0374290816005553,76.08,-0.5672805593635697
2020-10-10,soleimani_assassination,2020-01-03,6,-5.432976450112064,5.432976450112064,5.931042816900082,0.45298155653752,0.7783145007981194,4.907947138006517,0.6920612693068374,0.8095153076561159,-0.5124773433373541,0.4874678818236447,0.2458041848742924,76.08,-0.5672805593635697
2020-10-11,soleimani_assassination,2020-01-03,31,-4.62112460000275,4.62112460000275,4.785725410143736,1.7146367098346371,0.7646460093287718,4.901421834417107,0.1007328064841585,0.0111520705916913,-0.0544888978317367,0.2542190570386956,0.2351665778352124,76.08,-0.5672805593635697
2020-10-13,soleimani_assassination,2020-01-03,10,-4.365307719995423,4.365307719995423,4.345097836946089,0.5907700655163108,0.7543254439090493,4.847865467016224,-0.0855965125885981,-0.2959949731908646,-0.4624592818481922,0.078101614915336,0.1478585188238661,76.08,-0.5672805593635697
2020-10-14,soleimani_assassination,2020-01-03,15,-4.541944787344205,4.541944787344205,4.592839721802495,0.893393625215695,0.7109901358619171,4.810700420513536,0.0430606130911637,-0.123302222706475,-0.3526051007608362,-0.6614027917234623,0.0872717346432315,76.08,-0.5672805593635697
2020-10-15,soleimani_assassination,2020-01-03,7,-3.1583549519160905,3.1583549519160905,3.113976744921651,0.3051625952512196,0.6915823054526093,4.6355669137508375,-0.964704597335624,-1.1541691478334553,-0.5661365196335449,-0.9925917634361324,-0.1982324413373345,76.08,-0.5672805593635697
2020-10-16,soleimani_assassination,2020-01-03,7,-3.44112071943827,3.44112071943827,3.6004071958222728,0.3324836331899483,0.7200887782553961,4.527141770975337,-0.758746519362098,-0.8150944187698599,-0.5562188177461008,-0.506137110051365,-0.3749880583286556,76.08,-0.5672805593635697
2020-10-17,soleimani_assassination,2020-01-03,11,-4.744669866076878,4.744669866076878,4.990826686787704,0.7017890130967078,0.7482255415892588,4.570084210510879,0.1907194613976088,0.154121450242759,-0.4221587329294642,-0.0259914410436795,-0.3049829174460339,76.08,-0.5672805593635697
2020-10-18,soleimani_assassination,2020-01-03,5,-2.646702233048991,2.646702233048991,2.703128363063569,0.1851477189367494,0.6509556216704395,4.368794315909504,-1.3373770445388762,-1.440558093070781,-0.6097026450499636,-1.6858742861162437,-0.6331274658747359,76.08,-0.5672805593635697
2020-10-19,soleimani_assassination,2020-01-03,18,-5.242510612006233,5.242510612006233,5.430022048192201,1.2151506465099848,0.8202224226789189,4.475570566750281,0.5533316830501954,0.4602701461118054,-0.2358053574807591,1.2026143593846046,-0.459059886951094,76.08,-0.5672805593635697
2020-10-20,soleimani_assassination,2020-01-03,17,-3.0045555670850423,3.0045555670850423,2.855104483966474,0.6616863949455822,0.6699648298507772,4.304820995449388,-1.0767274421477304,-1.3346205188011624,-0.4367162256799528,-1.3614876866074797,-0.7374173329614168,76.08,-0.5672805593635697
2020-10-21,soleimani_assassination,2020-01-03,13,-3.244415540356154,3.244415540356154,3.5037215850277086,0.5599934281616976,0.7109475987466416,4.208293384350931,-0.9020206538734936,-0.8824907900780632,-0.4736313872076429,-0.6621286752029958,-0.8947774896525028,76.08,-0.5672805593635697
2020-10-22,soleimani_assassination,2020-01-03,7,-3.781397884453501,3.781397884453501,3.815887424014968,0.3653614649604966,0.7109332644931557,4.15784127477613,-0.5108988697016059,-0.6648902120683207,-0.5442839661150208,-0.6623732850626312,-0.9770249603786624,76.08,-0.5672805593635697
2020-10-24,soleimani_assassination,2020-01-03,5,-3.549238361295866,3.549238361295866,3.588351487335858,0.2482838372791642,0.7151672787904144,4.089582189334637,-0.6799968817834479,-0.8234980581413922,-0.5867838525262417,-0.5901210646056068,-1.088301519058931,76.08,-0.5672805593635697
2020-10-26,soleimani_assassination,2020-01-03,5,-5.167648549034806,5.167648549034806,5.259397651762623,0.361498293677862,0.7765167986946461,4.208448165286881,0.4988044086285533,0.3413334699973034,-0.5456863206378332,0.4567906191652958,-0.8945251644156436,76.08,-0.5672805593635697
2020-10-27,soleimani_assassination,2020-01-03,6,-3.045444795147548,3.045444795147548,3.6000480808736453,0.2539179649171073,0.6816561176545011,4.138364766802851,-1.046944958591215,-0.815344746033877,-0.5847386301436132,-1.1619792663435011,-1.0087757341893222,76.08,-0.5672805593635697
2020-10-28,soleimani_assassination,2020-01-03,13,-3.8871435025844687,3.8871435025844687,4.028518213940429,0.6709297217611623,0.7067746666730854,4.11674892464047,-0.4338769428424143,-0.5166722554188846,-0.4333608421835158,-0.7333385453080586,-1.044014069324463,76.08,-0.5672805593635697
2020-10-30,soleimani_assassination,2020-01-03,5,-2.834246530157386,2.834246530157386,2.8471304640945547,0.1982672147287691,0.6503844763095594,3.9802737065782106,-1.200775420849364,-1.3401789467791243,-0.6049401887893109,-1.695620715303796,-1.2664971646206085,76.08,-0.5672805593635697
2020-11-01,soleimani_assassination,2020-01-03,8,-3.94989174303894,3.94989174303894,4.141236641632929,0.4332716916038497,0.6984875706110424,4.004750634629973,-0.38817301229428,-0.4380999327784227,-0.5196321434255613,-0.8747554252678031,-1.2265946622204082,70.07,-0.6905065361514248
2020-11-03,soleimani_assassination,2020-01-03,8,-4.3287057875416535,4.3287057875416535,4.8251553216526615,0.4748245777441442,0.7560241136769106,4.092997300551082,-0.1122562590082345,0.0386373699538849,-0.5045481946302571,0.1070889196182648,-1.082734174855321,70.07,-0.6905065361514248
2020-11-04,soleimani_assassination,2020-01-03,11,-3.893124584525337,3.893124584525337,4.678915184911151,0.575836072298881,0.7349687585027259,4.144723522194703,-0.4295205026992604,-0.0633018377006565,-0.4678804116402499,-0.2522145822218465,-0.9984096354799944,70.07,-0.6905065361514248
2020-11-05,soleimani_assassination,2020-01-03,12,-4.75490145098907,4.75490145098907,4.904318250357978,0.7623668853305197,0.7626228988576518,4.224990096166764,0.1981718400274683,0.0938192537215189,-0.4001685992040185,0.2196952662562886,-0.8675583638742264,70.07,-0.6905065361514248
2020-11-08,soleimani_assassination,2020-01-03,17,-0.7824223126050162,0.7824223126050162,1.1604112308762773,0.1723110748971363,0.5459421352292608,3.904349740041084,-2.695262451191439,-2.515935657632508,-0.6143624244150678,-3.4778988379042035,-1.390269079567357,70.07,-0.6905065361514248
2020-11-09,soleimani_assassination,2020-01-03,9,-4.388580708384394,4.388580708384394,4.57342972526913,0.5380166772904318,0.7285054751135804,3.9698666071669546,-0.0686451680206362,-0.1368322953067625,-0.4816090805912049,-0.3625086302629963,-1.2834629091927447,70.07,-0.6905065361514248
2020-11-12,soleimani_assassination,2020-01-03,7,-1.2626568340996014,1.2626568340996014,1.4978098011406833,0.1219988387219625,0.5768310684055592,3.701128620713939,-2.3454740737288007,-2.280746169418866,-0.6326260702104834,-2.9507881923446955,-1.7215619274514633,70.07,-0.6905065361514248
2020-11-17,soleimani_assassination,2020-01-03,9,-3.7980647794655216,3.7980647794655216,4.154996952486044,0.4656225619544591,0.7634502070833802,3.7465465241249416,-0.4987592048031914,-0.4285080709496414,-0.5078885819746296,0.233813040102716,-1.6475212636869148,70.07,-0.6905065361514248
2020-11-18,soleimani_assassination,2020-01-03,19,-3.874262672579286,3.874262672579286,4.077445911805188,0.9422827574135516,0.7547226512197707,3.779787455369583,-0.4432589518947056,-0.4825663603901461,-0.3348580503097673,0.0848798419515465,-1.5933316065547294,70.07,-0.6905065361514248
2020-11-19,soleimani_assassination,2020-01-03,14,-3.96053157736269,3.96053157736269,4.07648299517481,0.7316010428636556,0.7655362849215711,3.801883475360711,-0.3804232770753434,-0.4832375780224958,-0.411336785953977,0.2694113506594542,-1.5573104813193108,70.07,-0.6905065361514248
2020-11-20,soleimani_assassination,2020-01-03,9,-4.092815856804389,4.092815856804389,4.208887101882909,0.5017574779546737,0.7608072010132557,3.837010211477793,-0.2840713877406909,-0.3909430135563244,-0.4947713890838738,0.1887109115219207,-1.5000465685742572,70.07,-0.6905065361514248
2020-11-21,soleimani_assassination,2020-01-03,5,-3.3447997773378098,3.3447997773378098,3.3414000430531594,0.233982516560177,0.7132680438560757,3.7731479059144046,-0.8289037957447635,-0.9956398184012302,-0.5919753183777855,-0.6225309554423881,-1.6041554582043815,70.07,-0.6905065361514248
2020-11-22,soleimani_assassination,2020-01-03,8,-3.5659557244007423,3.5659557244007423,3.884403858490811,0.3911569656607445,0.7577415996880071,3.7792959576008784,-0.6678204574445442,-0.6171296505876693,-0.534920043464785,0.1363973180301332,-1.5941328505202277,70.07,-0.6905065361514248
2020-11-23,soleimani_assassination,2020-01-03,10,-4.239041511703102,4.239041511703102,5.366608787692976,0.5736820843406267,0.7531342479901607,3.9436685295113048,-0.1775650199534487,0.416066840000925,-0.4686623222868006,0.0577742035991362,-1.3261712447454952,70.07,-0.6905065361514248
2020-11-24,soleimani_assassination,2020-01-03,13,-3.3790843610642765,3.3790843610642765,4.029251189193066,0.5832375698682054,0.7397795814260905,3.949114380745661,-0.8039319364199898,-0.5161613223867563,-0.4651936232913655,-0.1701192906061116,-1.3172933703859966,70.07,-0.6905065361514248
2020-11-26,soleimani_assassination,2020-01-03,11,-4.016767271253214,4.016767271253214,4.247233559351344,0.5941241896062142,0.7243108230575899,3.985184703457196,-0.3394628895125475,-0.3642129545055713,-0.4612417145327864,-0.434089145540464,-1.2584912145137692,70.07,-0.6905065361514248
2020-11-27,soleimani_assassination,2020-01-03,132,-5.314034663778953,5.314034663778953,5.473533966449391,5.681526443458567,0.8196245907352927,4.144363962584159,0.6054276505397289,0.4906008786281966,1.3855160495159995,1.1924125314372838,-0.99899579270497,70.07,-0.6905065361514248
2020-11-28,soleimani_assassination,2020-01-03,565,-5.18231496609788,5.18231496609788,5.4522542874456645,11.493770737320078,0.8141771059321088,4.277701226589907,0.5094869855739111,0.4757675116393707,3.4953958546973176,1.0994527903256943,-0.7816282175838598,70.07,-0.6905065361514248
2020-11-29,soleimani_assassination,2020-01-03,83,-3.949289530032944,3.949289530032944,4.207937001783695,3.118903548401896,0.7502968065468955,4.279035101973308,-0.3886116461300957,-0.3916052972047427,0.4552684513058437,0.0093540920219424,-0.7794537222560499,70.07,-0.6905065361514248
2020-11-30,soleimani_assassination,2020-01-03,141,-5.049231579187392,5.049231579187392,5.2991103639732895,5.6195755856055225,0.7933599488120822,4.38031966907954,0.4125530504003715,0.3690159004625031,1.3630275137130838,0.7442140688838456,-0.614338734234966,70.07,-0.6905065361514248
2020-12-01,soleimani_assassination,2020-01-03,144,-4.758073119222801,4.758073119222801,4.845303896558217,5.363018930731165,0.8302813425827152,4.4378089577102,0.2004819877483645,0.0526822813373515,1.269895897484226,1.3742668970057463,-0.5206191926029634,64.07,-0.8135274780361383
2020-12-02,soleimani_assassination,2020-01-03,50,-5.039277939030568,5.039277939030568,5.385607445386516,2.746351974579562,0.7867079161318474,4.542981511332964,0.4053031183682744,0.4293101817737971,0.3200299784793628,0.6306990691799398,-0.3491659749241482,64.07,-0.8135274780361383
2020-12-03,soleimani_assassination,2020-01-03,55,-4.183595378616107,4.183595378616107,4.303933406975259,2.4521964828687146,0.7503405135117435,4.521771932294316,-0.2179503151811186,-0.3246893485400517,0.2132497572489222,0.0100999386436108,-0.3837420163582343,64.07,-0.8135274780361383
2020-12-04,soleimani_assassination,2020-01-03,109,-3.8213487309593503,3.8213487309593503,3.90563960289624,3.621249626348497,0.7381682362587332,4.461910921318933,-0.4817998750394793,-0.6023269089677666,0.6376231135472359,-0.1976164264423411,-0.4813279605205223,64.07,-0.8135274780361383
2020-12-05,soleimani_assassination,2020-01-03,12,-4.120991017087147,4.120991017087147,4.367113873846788,0.6607302209214598,0.7589479617435955,4.447503584058908,-0.2635494486485494,-0.2806483152393798,-0.4370633226293817,0.1569835350506545,-0.5048149278549395,64.07,-0.8135274780361383
2020-12-06,soleimani_assassination,2020-01-03,27,-4.720138041919103,4.720138041919103,5.122508283427191,1.558698501741368,0.7984086002445318,4.523411832529025,0.1728512187280874,0.2459123766136857,-0.1110954097878205,0.8303678347188347,-0.3810686366386396,64.07,-0.8135274780361383
2020-12-07,soleimani_assassination,2020-01-03,32,-4.680626013170125,4.680626013170125,4.912840877966119,1.7832859640738583,0.7716466169193965,4.567238404375582,0.1440718457181067,0.0997600981768563,-0.0295688036586369,0.3736823860355823,-0.3096221755222144,64.07,-0.8135274780361383
2020-12-08,soleimani_assassination,2020-01-03,34,-4.26877743220242,4.26877743220242,4.572973652769833,1.7100749714368892,0.7230033064093419,4.577342889229088,-0.1559062700754863,-0.1371502085024643,-0.0561448364391511,-0.4564015362146313,-0.2931497558514472,64.07,-0.8135274780361383
2020-12-09,soleimani_assassination,2020-01-03,20,-4.276124712099001,4.276124712099001,4.486459841719652,1.088337858787278,0.724499563674867,4.570161077801263,-0.1505547324438499,-0.1974561514955198,-0.2818391658217923,-0.4308683418937848,-0.3048576077162943,64.07,-0.8135274780361383
2020-12-10,soleimani_assassination,2020-01-03,60,-6.59492378685191,6.59492378685191,6.828289846199933,4.126279740615868,0.7959353155011767,4.807036254612275,1.5383887518675572,1.4349568128079349,0.8209520971941384,0.7881619511332301,0.081298379312016,64.07,-0.8135274780361383
2020-12-11,soleimani_assassination,2020-01-03,29,-5.753723161830991,5.753723161830991,5.979997255317032,2.018644244432008,0.7834118319033465,4.931517573635113,0.9256835243656192,0.843639842647612,0.0558676745076906,0.5744523520923853,0.2842289153901009,64.07,-0.8135274780361383
2020-12-12,soleimani_assassination,2020-01-03,7,-5.235148627147524,5.235148627147524,6.0787429105997415,0.5058239386985283,0.7642376282783375,5.052725861396468,0.5479694347665487,0.9124722034695962,-0.4932952392580513,0.2472501533896095,0.4818237272510342,64.07,-0.8135274780361383
2020-12-14,soleimani_assassination,2020-01-03,30,-4.795357230325042,4.795357230325042,5.007072114896622,1.7310917978776907,0.7560991440216723,5.069403651429056,0.2276386125720062,0.1654456058838268,-0.0485156014251858,0.1083692905924967,0.5090120065726083,64.07,-0.8135274780361383
2020-12-15,soleimani_assassination,2020-01-03,14,-4.801741412891805,4.801741412891805,5.054574736236488,0.8869917980991127,0.7819258284146325,5.07057788072506,0.2322886590836636,0.1985581267607659,-0.3549290026938304,0.5490941354855154,0.5109262454510781,64.07,-0.8135274780361383
2020-12-16,soleimani_assassination,2020-01-03,19,-5.685456964049374,5.685456964049374,5.812722611418628,1.3827942289916813,0.7988690765249364,5.168621437299142,0.8759604797097287,0.7270381692654323,-0.1749497238798209,0.8382257282900896,0.6707577097283021,64.07,-0.8135274780361383
2020-12-17,soleimani_assassination,2020-01-03,9,-4.808633332538364,4.808633332538364,4.8261506220938655,0.5895128971737033,0.7851590105438646,5.1380807984208605,0.2373085260088281,0.0393311612796814,-0.4629156415543012,0.6042674465747659,0.6209700928522328,64.07,-0.8135274780361383
2020-12-18,soleimani_assassination,2020-01-03,7,-4.260342655143817,4.260342655143817,4.451403983874677,0.4116374635201861,0.7222960069474627,5.071478298470114,-0.1620499079222731,-0.2218924413677289,-0.5274854989671748,-0.4684713954689843,0.5123941143420283,64.07,-0.8135274780361383
2020-12-20,soleimani_assassination,2020-01-03,7,-3.1015245916736545,3.1015245916736545,3.879594220447831,0.2996716037430858,0.7179964917703366,4.9512025734356735,-1.0060981219784435,-0.6204822916760263,-0.5681297827360042,-0.5418413693581047,0.3163195744028949,64.07,-0.8135274780361383
2020-12-21,soleimani_assassination,2020-01-03,26,-5.286507998847979,5.286507998847979,5.449502653123806,1.6903729671001055,0.7752507756467962,5.007883874319921,0.5853780559516569,0.4738494375129696,-0.0632967830831827,0.4351863046932958,0.4087219273369388,64.07,-0.8135274780361383
2020-12-22,soleimani_assassination,2020-01-03,18,-4.099708150364415,4.099708150364415,4.398171403654617,0.9502628374291692,0.7213058336227418,4.952748641584248,-0.2790512484682068,-0.2589991288336428,-0.3319612330361946,-0.4853684147810626,0.3188399882341931,64.07,-0.8135274780361383
2020-12-23,soleimani_assassination,2020-01-03,20,-4.323098762038425,4.323098762038425,4.630354074696298,1.1002934588625022,0.7404206376494676,4.924628691076432,-0.1163402476958074,-0.0971521964901659,-0.2774992107403825,-0.1591798529176787,0.2729985987322602,64.07,-0.8135274780361383
2020-12-24,soleimani_assassination,2020-01-03,57,-4.733522553393777,4.733522553393777,4.864320464136272,2.850269147011616,0.7914262171969055,4.915823983733582,0.1826000942093536,0.0659381075038875,0.357752540099406,0.7112155022387306,0.2586450877386361,64.07,-0.8135274780361383
2020-12-25,soleimani_assassination,2020-01-03,6,-5.749330828325839,5.749330828325839,5.766777354746363,0.4793580188646812,0.799464110278209,5.010514800027857,0.9224842807850856,0.6950112362700549,-0.502902528105486,0.8483798059342421,0.4130108854592022,64.07,-0.8135274780361383
2020-12-26,soleimani_assassination,2020-01-03,10,-4.979383051709898,4.979383051709898,5.180065867356328,0.6738747049182935,0.7748783041181502,5.0326214683195865,0.3616774843988494,0.286033882453201,-0.4322917954993644,0.4288301865717476,0.4490493696474845,64.07,-0.8135274780361383
2020-12-27,soleimani_assassination,2020-01-03,81,-7.013586520446085,7.013586520446085,7.254152809964281,5.44600122845578,0.8544225361161957,5.264608060766488,1.8433300914285249,1.7318119311280604,1.3000189730647929,1.7862293314278606,0.827235943646921,64.07,-0.8135274780361383
2020-12-28,soleimani_assassination,2020-01-03,42,-4.7124901216444055,4.7124901216444055,4.803583448618016,2.240311480275087,0.7663186267938612,5.214923318225195,0.1672807036898838,0.0236003240800628,0.136334220772723,0.2827617867848265,0.746239441376919,64.07,-0.8135274780361383
2020-12-29,soleimani_assassination,2020-01-03,55,-8.139913277496357,8.139913277496357,8.455288474475857,4.771175246047745,0.9025491877823372,5.562415810220309,2.6637126153987665,2.5690842467464985,1.0550530631153303,2.607496621028617,1.312724744049048,64.07,-0.8135274780361383
2020-12-30,soleimani_assassination,2020-01-03,37,-4.8941717539071545,4.8941717539071545,5.270086470104988,2.101114385870984,0.780082640808818,5.533022591906166,0.2996121386857896,0.3487842950366012,0.0858048342613356,0.5176406759813293,1.264807662222055,64.07,-0.8135274780361383
2020-12-31,soleimani_assassination,2020-01-03,54,-5.163014559838881,5.163014559838881,5.260167644329413,2.9844743654177703,0.7718552204195596,5.50802818003322,0.4954291503131422,0.3418702065862274,0.406469845454954,0.3772421439919138,1.2240615531661023,64.07,-0.8135274780361383
2021-01-01,soleimani_assassination,2020-01-03,33,-5.102512601356813,5.102512601356813,5.323424776632476,1.994291025806395,0.8014941878093014,5.4892244362290565,0.4513613439736663,0.3859646808472212,0.0470273089670316,0.8830224875653145,1.193407525393841,77.42,-0.5398058823426503
2021-01-02,soleimani_assassination,2020-01-03,150,-4.831700842084755,4.831700842084755,4.893685170731455,5.580227455827232,0.7526454367435857,5.432927410720759,0.2541102059697449,0.0864072823147136,1.3487439048017122,0.0494327820852142,1.1016316215419186,77.42,-0.5398058823426503
2021-01-03,soleimani_assassination,2020-01-03,26,-5.228109861777859,5.228109861777859,5.384056863000438,1.671700029831525,0.7778901739282887,5.436204907561898,0.5428426098345699,0.4282293215984591,-0.0700751721622523,0.4802268674121697,1.1069746255861197,77.42,-0.5398058823426503
2021-01-04,soleimani_assassination,2020-01-03,61,-4.305075082071941,4.305075082071941,4.828965289092084,2.7268211904432005,0.7602982187551127,5.378031517748363,-0.1294681539357871,0.0412931734194602,0.3129401858028599,0.1800252775721553,1.012139856216636,77.42,-0.5398058823426503
2021-01-05,soleimani_assassination,2020-01-03,92,-6.475164179890574,6.475164179890574,6.557108605800477,5.486147905900856,0.8865289998765981,5.503861799356509,1.4511594571592188,1.2459252555825815,1.3145924596052592,2.3341167816932025,1.2172694829111652,77.42,-0.5398058823426503
2021-01-06,soleimani_assassination,2020-01-03,71,-5.40103608740803,5.40103608740803,5.471995649549195,3.8212457701773226,0.7949978331667172,5.503763113687438,0.6687968700482382,0.4895285683211785,0.710222922441062,0.7721640882191191,1.217108604669475,77.42,-0.5398058823426503
2021-01-07,soleimani_assassination,2020-01-03,20,-4.937893242198461,4.937893242198461,5.462140977208704,1.2567678727724678,0.7738668321374405,5.5045113219542925,0.3314575553835984,0.4826591991283666,-0.2206980528322586,0.4115697119003091,1.2183283403365026,77.42,-0.5398058823426503
2021-01-08,soleimani_assassination,2020-01-03,16,-3.179855367798796,3.179855367798796,3.498315474277822,0.6631025401615236,0.7151644640500743,5.298434715067819,-0.949044341252871,-0.8862592127465282,-0.436202156408041,-0.5901690973294728,0.8823804516340008,77.42,-0.5398058823426503
2021-01-09,soleimani_assassination,2020-01-03,52,-3.499851661561495,3.499851661561495,3.697560351086463,1.965711294660292,0.7389774424394501,5.121057841350795,-0.7159686680568653,-0.7473721375313261,0.0366526938383526,-0.1838075587202367,0.5932191192043003,77.42,-0.5398058823426503
2021-01-10,soleimani_assassination,2020-01-03,14,-6.3205874862763,6.3205874862763,7.512108170641314,1.167557512456427,0.8397413550898856,5.368623948824113,1.3385704440149693,1.9116241609548,-0.2530819527730357,1.5356992543874437,0.9968035549950895,77.42,-0.5398058823426503
2021-01-11,soleimani_assassination,2020-01-03,17,-7.028196146576059,7.028196146576059,7.81813581031035,1.5478035494314812,0.8403619360558103,5.623180923195386,1.853971303566784,2.124946001342522,-0.1150503433203495,1.5462892877726544,1.411784563206455,77.42,-0.5398058823426503
2021-01-12,soleimani_assassination,2020-01-03,12,-5.57601794903277,5.57601794903277,6.161391584845497,0.8940188309196057,0.7968840746937121,5.683376712616686,0.7962483936759495,0.9700838862403988,-0.3523781473118633,0.8043522503450402,1.5099162661221883,77.42,-0.5398058823426503
2021-01-13,soleimani_assassination,2020-01-03,11,-4.767403709716775,4.767403709716775,5.062849891196788,0.7051515993550285,0.7575935769745393,5.621369729974835,0.2072781091506704,0.2043264661419208,-0.4209380937957815,0.1338713535493218,1.4088319401617064,77.42,-0.5398058823426503
2021-01-14,soleimani_assassination,2020-01-03,30,-4.364204760284548,4.364204760284548,4.516940279366601,1.5754486479154897,0.7294108599395659,5.503770833739084,-0.0863998752591383,-0.1762092371262744,-0.1050150054964972,-0.3470585019797972,1.2171211899652556,77.42,-0.5398058823426503
2021-01-15,soleimani_assassination,2020-01-03,64,-4.126749252498804,4.126749252498804,4.403399225441343,2.7080173486277723,0.7478810856672075,5.391399030524747,-0.2593553232128704,-0.2553549855596249,0.3061142775821582,-0.0318694810006761,1.033931692574383,77.42,-0.5398058823426503
2021-01-16,soleimani_assassination,2020-01-03,108,-4.582167113436377,4.582167113436377,4.774235377052542,4.316414483117574,0.7721840718429469,5.3314654998637,0.0723573453164263,0.0031427450033878,0.8899721578084829,0.3828538977253795,0.936227526185632,77.42,-0.5398058823426503
2021-01-17,soleimani_assassination,2020-01-03,13,-5.123375052846876,5.123375052846876,5.258409471702255,0.8843060711288824,0.7706300680676629,5.331774397085995,0.4665569259861606,0.3406446420556825,-0.3559039378153125,0.3563352760392019,0.936731093141746,77.42,-0.5398058823426503
2021-01-18,soleimani_assassination,2020-01-03,13,-3.113111996139056,3.113111996139056,3.248578686297709,0.537330140755596,0.680268600106819,5.111300234871948,-0.9976582051762491,-1.0603425448339543,-0.4818582975024588,-1.1856568490592758,0.5773121836967469,77.42,-0.5398058823426503
2021-01-19,soleimani_assassination,2020-01-03,79,-4.935973377071496,4.935973377071496,5.0579573883427535,3.766495409711205,0.7909189807576583,5.109609614880557,0.3300591833848124,0.2009160627089054,0.6903482107060681,0.7025596601797999,0.5745561201857691,77.42,-0.5398058823426503
2021-01-20,soleimani_assassination,2020-01-03,232,-4.30713589563185,4.30713589563185,4.391104553416708,6.3442076853618286,0.7527466480677907,5.036437854499913,-0.1279671193389191,-0.2639251985838307,1.626073345265049,0.0511599238461517,0.4552708758102892,77.42,-0.5398058823426503
2021-01-21,soleimani_assassination,2020-01-03,26,-3.993442155452764,3.993442155452764,4.161773524236716,1.2769122200753993,0.7205184433297382,4.945091609659789,-0.3564522021187627,-0.4237843448217125,-0.2133855330181996,-0.4988050007351177,0.3063574277552803,77.42,-0.5398058823426503
2021-01-22,soleimani_assassination,2020-01-03,15,-4.4516197468182215,4.4516197468182215,4.8410282874792845,0.8756268272510619,0.7614923882460582,4.929572833042911,-0.02272942897308,0.0497018943419716,-0.3590545557962871,0.2004034320291944,0.2810585822509099,77.42,-0.5398058823426503
2021-01-24,soleimani_assassination,2020-01-03,13,-3.212882538753649,3.212882538753649,3.647215365798417,0.5545507610779132,0.7089473598182627,4.792871927413078,-0.9249883435613152,-0.7824659771843506,-0.4756071082520129,-0.6962621697718552,0.0582075691062595,77.42,-0.5398058823426503
2021-01-25,soleimani_assassination,2020-01-03,10,-3.607364740562133,3.607364740562133,4.283777568642607,0.4881953898373413,0.7158866000470879,4.7255586097479165,-0.6376593758747755,-0.3387393230205555,-0.4996945090334379,-0.5778460569254843,-0.0515271906650398,77.42,-0.5398058823426503
2021-01-26,soleimani_assassination,2020-01-03,8,-3.5446736214733923,3.5446736214733923,3.531554593007128,0.3888224883291896,0.7334109400565075,4.599133435348749,-0.6833217009386243,-0.86308931218503,-0.535767472844638,-0.2787983001561636,-0.2576266167956511,77.42,-0.5398058823426503
2021-01-27,soleimani_assassination,2020-01-03,17,-2.7735999449848707,2.7735999449848707,2.976114990610418,0.6108235669606301,0.6588352455532456,4.406572883868622,-1.2449485689190265,-1.2502680596198466,-0.4551797396298396,-1.5514108001833913,-0.571540513644582,77.42,-0.5398058823426503
2021-01-28,soleimani_assassination,2020-01-03,8,-3.74253036487624,3.74253036487624,3.9052279526152778,0.4105257985681244,0.6968042867359139,4.348900966694319,-0.5392088016211519,-0.6026138568905949,-0.5278890400631607,-0.9034801741937298,-0.6655577779273056,77.42,-0.5398058823426503
