date,event_name,event_date,N,mean_tone,F1_raw,F2_raw,F3_raw,F4_raw,F5_raw,F1_z,F2_z,F3_z,F4_z,F5_z,GPR,GPR_zscore
2021-01-29,russia_ukraine_war,2022-02-24,2628,-2.7313069881372773,2.7313069881372773,3.5300437604098978,1.212611090534137,0.6811334200405418,3.5300437604098978,-0.2646433591461435,0.2847728962799454,-0.5511228864168023,-0.4372367636235985,0.5267509400735589,77.42,-0.5398058823426503
2021-01-30,russia_ukraine_war,2022-02-24,1866,-2.737214610677953,2.737214610677953,3.2859575130459024,0.9147918831900536,0.6871490149109849,3.4015773144288475,-0.2528255684997187,-0.1330219240735757,-0.8256115016094677,-0.2167022100550173,0.0898524258758997,77.42,-0.5398058823426503
2021-01-31,russia_ukraine_war,2022-02-24,2620,-5.52220394508393,5.52220394508393,6.491385737111812,2.445648145879134,0.7878759103082874,4.541728023905956,5.318353138319336,5.353609639533589,0.5853203833816397,3.475993423079761,3.9673641537665705,77.42,-0.5398058823426503
2021-02-01,russia_ukraine_war,2022-02-24,2728,-3.361888313775027,3.361888313775027,4.477167984355093,1.5381217041081243,0.7121280368983741,4.522955113306694,0.996791006475972,1.9059359043110995,-0.2511121572659119,0.6990405520839612,3.90351980370809,73.96,-0.6107479588295021
2021-02-02,russia_ukraine_war,2022-02-24,3918,-3.3776746698970177,3.3776746698970177,4.4317271748655935,2.0471123183910414,0.7155218390959419,4.500677772474699,1.0283705209820329,1.8281562873010817,0.2180050971466505,0.8234589460516307,3.827757319306449,73.96,-0.6107479588295021
2021-02-03,russia_ukraine_war,2022-02-24,3208,-2.9435347883868928,2.9435347883868928,3.710405259795882,1.5309823339619166,0.6825958172327974,4.332017579696668,0.1599036892531981,0.5934920521047578,-0.2576922426883954,-0.3836245907828634,3.254164837111667,73.96,-0.6107479588295021
2021-02-04,russia_ukraine_war,2022-02-24,3498,-2.9520417920298567,2.9520417920298567,3.751841768469558,1.641695785542662,0.6851883935757392,4.22080953603599,0.1769213621645458,0.6644176322402868,-0.1556518730339003,-0.2885795156578109,2.8759600173928623,73.96,-0.6107479588295021
2021-02-05,russia_ukraine_war,2022-02-24,3625,-3.5513499396923867,3.5513499396923867,4.349591220104473,2.02956358751902,0.7209910458366734,4.243421348091356,1.375795896379886,1.68756673408134,0.2018311005854253,1.023962652321439,2.9528599971102394,73.96,-0.6107479588295021
2021-02-06,russia_ukraine_war,2022-02-24,1801,-2.778215997668534,2.778215997668534,3.648924891222505,0.9008644108760228,0.6895080746769423,4.14637330025535,-0.1708051272254994,0.488258021835623,-0.8384479221436064,-0.1302179631049406,2.622811574103435,73.96,-0.6107479588295021
2021-02-07,russia_ukraine_war,2022-02-24,1741,-2.4143828246506023,2.4143828246506023,3.118981802921033,0.7605090392314982,0.667909096587344,3.9886337810089656,-0.8986282471600886,-0.4188290417150264,-0.9678081200338884,-0.9220467170542996,2.086358953633464,73.96,-0.6107479588295021
2021-02-08,russia_ukraine_war,2022-02-24,2828,-3.631581199186968,3.631581199186968,4.3149826575066,1.7100603878697826,0.717245898715352,4.036193372375148,1.53629298661841,1.6283283363861625,-0.0926428240598082,0.886663787248695,2.2481032491578974,73.96,-0.6107479588295021
2021-02-09,russia_ukraine_war,2022-02-24,3434,-4.390496353499061,4.390496353499061,5.436990564495899,2.407251610979589,0.748379007304073,4.231407259141218,3.054450307995603,3.548834292777754,0.5499317602409023,2.028018275322787,2.9120015646092865,73.96,-0.6107479588295021
2021-02-10,russia_ukraine_war,2022-02-24,3474,-3.6543186609459775,3.6543186609459775,4.523284642473077,2.021536595198055,0.7159858614527695,4.270542701949491,1.5817777075952435,1.984872350349271,0.1944329276267614,0.8404702251541553,3.04509637146589,73.96,-0.6107479588295021
2021-02-11,russia_ukraine_war,2022-02-24,2854,-2.6842938433780126,2.6842938433780126,3.430730698056271,1.2732483151207936,0.6656393372482204,4.16165044621664,-0.3586899063941542,0.1147818234813393,-0.4952358670591547,-1.0052571681139564,2.6747672604361377,73.96,-0.6107479588295021
2021-02-12,russia_ukraine_war,2022-02-24,2579,-4.236405776546411,4.236405776546411,5.200416118513029,1.85241197716966,0.7498229596212617,4.292459421443976,2.746202757229606,3.143897188671878,0.0385572115787746,2.0809542503184,3.1196324272437512,73.96,-0.6107479588295021
2021-02-13,russia_ukraine_war,2022-02-24,3290,-5.465967300467639,5.465967300467639,6.263163796029441,2.8993122952592105,0.7869190552093444,4.534353279078039,5.205855616997209,4.962969257680983,1.0034453432739208,3.440914662521592,3.9422835575587554,73.96,-0.6107479588295021
2021-02-14,russia_ukraine_war,2022-02-24,2210,-4.167167371857488,4.167167371857488,4.892813129813132,1.6054139046437144,0.7368934156176576,4.577373889523913,2.60769611336868,2.6173827422744496,-0.1890915001598677,1.6069510509523333,4.088591339642576,73.96,-0.6107479588295021
2021-02-15,russia_ukraine_war,2022-02-24,1881,-2.6054804363612507,2.6054804363612507,3.22494627412554,0.8767089843855275,0.6768026940741674,4.418247041810582,-0.5163506807314827,-0.237452959740514,-0.8607110583123356,-0.5960032261583152,3.547420586423743,73.96,-0.6107479588295021
2021-02-16,russia_ukraine_war,2022-02-24,2548,-2.572129814831228,2.572129814831228,3.402456834070064,1.1137159784429296,0.6816429830769521,4.300803083794958,-0.5830662944079255,0.0663863319188773,-0.6422707428942943,-0.4185559416649993,3.1480081922637373,73.96,-0.6107479588295021
2021-02-17,russia_ukraine_war,2022-02-24,3180,-3.4869884261744586,3.4869884261744586,4.294476003618455,1.8012769773891866,0.721435119895099,4.300082806925091,1.247045136289019,1.5932277362098946,-0.0085719692514022,1.040242617368199,3.145558619600209,73.96,-0.6107479588295021
2021-02-18,russia_ukraine_war,2022-02-24,2662,-3.165174756004737,3.165174756004737,3.976825593807296,1.41988130867669,0.7043563269580527,4.263785467416071,0.6032791280449497,1.0495154323193476,-0.3600898242580552,0.4141259893406375,3.0221158514928224,73.96,-0.6107479588295021
2021-02-19,russia_ukraine_war,2022-02-24,3964,-2.197345955083464,2.197345955083464,2.605776986348032,1.3434431766256063,0.6518375955689848,4.079873504328007,-1.3327955063984471,-1.2972657273548027,-0.4305399379418759,-1.511235546853232,2.396653982420784,73.96,-0.6107479588295021
2021-02-20,russia_ukraine_war,2022-02-24,3310,-3.668593138078405,3.668593138078405,4.695293644293819,1.955100252939682,0.7196524034299306,4.147400383872773,1.610332812661064,2.279294796476344,0.1332010824828787,0.974887388458592,2.626304558617656,73.96,-0.6107479588295021
2021-02-21,russia_ukraine_war,2022-02-24,1957,-2.3047982713520505,2.3047982713520505,2.797268695988121,0.8019886498119386,0.6608216766787149,4.000684185824213,-1.1178445731943816,-0.9694953376164462,-0.929577943516758,-1.1818748835390958,2.1273408919057992,73.96,-0.6107479588295021
2021-02-22,russia_ukraine_war,2022-02-24,2733,-2.783973749532476,2.783973749532476,3.3679481084219702,1.2755886262124063,0.6833577167663129,3.9325168594402498,-0.159287142511068,0.0073188220182723,-0.4930788915021195,-0.3556929934750868,1.8955122351188485,73.96,-0.6107479588295021
2021-02-23,russia_ukraine_war,2022-02-24,2520,-2.3253430329626354,2.3253430329626354,2.836074015004233,0.9978611672781764,0.6537020213778112,3.815299035396407,-1.076746197337952,-0.903073482791826,-0.7490497077690479,-1.4428848147533186,1.4968688946640822,73.96,-0.6107479588295021
2021-02-24,russia_ukraine_war,2022-02-24,3087,-2.724929305834189,2.724929305834189,3.3694512412926456,1.3752777347642786,0.6810247957315946,3.7679615963554,-0.2774014718638,0.0098916876936366,-0.4011992387415758,-0.4412189821732666,1.3358801117566028,73.96,-0.6107479588295021
2021-02-25,russia_ukraine_war,2022-02-24,2471,-3.1510722816876457,3.1510722816876457,3.8184465538213015,1.330750102756224,0.6992305853052627,3.773288895016458,0.5750681027249553,0.7784229669579742,-0.4422386604655702,0.226213875667554,1.353997596457997,73.96,-0.6107479588295021
2021-02-26,russia_ukraine_war,2022-02-24,2335,-3.258898020734507,3.258898020734507,3.917160880026384,1.3139070934580233,0.7095887899198919,3.7898139457928153,0.7907660423915824,0.9473892017563996,-0.4577622203432878,0.6059505566869331,1.4101972529215707,73.96,-0.6107479588295021
2021-02-27,russia_ukraine_war,2022-02-24,1590,-3.0919568146807483,3.0919568146807483,3.600947039049996,0.9006152165515923,0.6996118934043686,3.7726667831341136,0.4568116961514134,0.4061358279560593,-0.8386775950570388,0.2401928109548302,1.351881870791381,73.96,-0.6107479588295021
2021-02-28,russia_ukraine_war,2022-02-24,1396,-2.04224472002074,2.04224472002074,2.53331524830077,0.530901900787357,0.6461238354733173,3.6268732060064335,-1.6430648088721298,-1.4212962254140111,-1.1794282705001002,-1.7207046947985594,0.8560559238663709,73.96,-0.6107479588295021
2021-03-01,russia_ukraine_war,2022-02-24,2941,-3.353706252432989,3.353706252432989,4.044740571618125,1.6291652186567285,0.7047002902408356,3.666271864434646,0.9804233581824936,1.1657633826246971,-0.1672008190631777,0.4267358459959134,0.990045894533154,78.62,-0.5152016939657075
2021-03-02,russia_ukraine_war,2022-02-24,2958,-4.0738147353731975,4.0738147353731975,4.852048609889473,1.9880307397934496,0.7377603596029656,3.7871707619142647,2.420950615214867,2.5476073843334315,0.1635518574201977,1.63873362755307,1.4012081110450971,78.62,-0.5152016939657075
2021-03-03,russia_ukraine_war,2022-02-24,2867,-3.981392336653298,3.981392336653298,4.749202924568156,1.8953483384474827,0.7402420240699882,3.889110732868974,2.236065993424648,2.3715696309286787,0.0781300197050999,1.729712620841147,1.7478933603127125,78.62,-0.5152016939657075
2021-03-04,russia_ukraine_war,2022-02-24,2730,-3.285678483597408,3.285678483597408,4.205637799531876,1.5041386816112037,0.7104039936017529,3.923269525751546,0.8443385076851965,1.4411661517588368,-0.2824330141993065,0.6358363092880593,1.8640631955036289,78.62,-0.5152016939657075
2021-03-05,russia_ukraine_war,2022-02-24,2236,-2.7848937570895225,2.7848937570895225,3.507847810299145,1.083344320819402,0.6849257531659956,3.8770788306129615,-0.1574467309703097,0.2467807804223547,-0.6702631424327032,-0.2982080373184828,1.7069743469588383,78.62,-0.5152016939657075
2021-03-06,russia_ukraine_war,2022-02-24,1247,-2.9770159379306724,2.9770159379306724,3.644282509700838,0.7002636956943916,0.695628851556048,3.853773560993993,0.2268804152010249,0.4803118021087694,-1.02333395756055,0.094172612656529,1.6277160037257334,78.62,-0.5152016939657075
2021-03-07,russia_ukraine_war,2022-02-24,1854,-2.8279702833677813,2.8279702833677813,3.287291500891337,0.9399515863549912,0.6875239959716013,3.79805484441351,-0.0712751169535706,-0.1307385786649088,-0.8024227618972456,-0.2029552269917083,1.4382235311885516,78.62,-0.5152016939657075
2021-03-08,russia_ukraine_war,2022-02-24,2076,-2.4072457110721217,2.4072457110721217,2.8701832458618592,0.8802740096265039,0.6674715318883635,3.697288787338069,-0.9129055496636764,-0.8446897756700258,-0.8574253103908056,-0.9380880459046124,1.095530618018753,78.62,-0.5152016939657075
2021-03-09,russia_ukraine_war,2022-02-24,2252,-2.4940752367120744,2.4940752367120744,3.160825516939456,0.9759586056079004,0.6775542877628185,3.631072350686823,-0.7392090839744522,-0.3472064608853039,-0.7692364642769992,-0.568449445998346,0.8703366962326704,78.62,-0.5152016939657075
2021-03-10,russia_ukraine_war,2022-02-24,2836,-2.689389744945446,2.689389744945446,3.2801007356238165,1.2692513513871129,0.6783929084803351,3.589109712534627,-0.3484959074607305,-0.1430467874050273,-0.4989197162306616,-0.537705213792884,0.7276269472355442,78.62,-0.5152016939657075
2021-03-11,russia_ukraine_war,2022-02-24,2229,-1.991792148584712,1.991792148584712,2.7453000944478507,0.7728113855317609,0.6356198820365521,3.5009434637900987,-1.7439916915054592,-1.0584483727793097,-0.9564695162222198,-2.105784596582496,0.427784425830791,78.62,-0.5152016939657075
2021-03-12,russia_ukraine_war,2022-02-24,2271,-2.120846478079616,2.120846478079616,2.951434683641488,0.8356966973022297,0.6559478380297361,3.433572597523221,-1.485827423649052,-0.7056142225931572,-0.8985105205692218,-1.3605521139322172,0.1986644315207606,78.62,-0.5152016939657075
2021-03-13,russia_ukraine_war,2022-02-24,1896,-3.1637184774754963,3.1637184774754963,4.3914267748055815,1.0717488942612037,0.7065683729123605,3.5190213573075493,0.6003659434833168,1.7591753488619772,-0.6809502052548501,0.4952206404121983,0.4892651086447509,78.62,-0.5152016939657075
2021-03-14,russia_ukraine_war,2022-02-24,1258,-3.019833357879392,3.019833357879392,3.773414054928375,0.7159137722158029,0.6970623450899424,3.5382787515130723,0.3125337049110613,0.7013422424672431,-1.0089098783672348,0.1467251637091476,0.5547571276031694,78.62,-0.5152016939657075
2021-03-15,russia_ukraine_war,2022-02-24,2349,-2.355493962092217,2.355493962092217,2.855480009791031,0.9543583032644036,0.6515614775240219,3.4679585018218004,-1.016431347193879,-0.8698568464868685,-0.7891446398808621,-1.521358164996503,0.3156066445839934,78.62,-0.5152016939657075
2021-03-16,russia_ukraine_war,2022-02-24,2753,-2.525822813175312,2.525822813175312,2.9961324627161767,1.1640915256250757,0.667563054332633,3.4185319736882653,-0.675700251175699,-0.6291064275805903,-0.5958415205855246,-0.9347327898038994,0.1475131277237573,78.62,-0.5152016939657075
2021-03-17,russia_ukraine_war,2022-02-24,2510,-2.935698002838272,2.935698002838272,3.4303459720155614,1.2557117025140805,0.6865510288679592,3.4149412199254563,0.1442267413241678,0.1141232999110869,-0.511398694677004,-0.2386246612637722,0.1353014177177661,78.62,-0.5152016939657075
2021-03-18,russia_ukraine_war,2022-02-24,2927,-2.864380923174651,2.864380923174651,3.2590579097002577,1.3862090641403522,0.6918009840214373,3.395389020608578,0.0015618518231726,-0.1790651365394346,-0.391124248987182,-0.0461588218974835,0.0688068029908934,78.62,-0.5152016939657075
2021-03-19,russia_ukraine_war,2022-02-24,3187,-2.322121056665584,2.322121056665584,2.744307156885107,1.201601605756089,0.6637348961133654,3.3310458663809803,-1.083191538265564,-1.0601479530511553,-0.5612699090271328,-1.075074880994935,-0.1500163166661644,78.62,-0.5152016939657075
2021-03-20,russia_ukraine_war,2022-02-24,1724,-2.588712604395919,2.588712604395919,3.113508138029879,0.8085822425938747,0.6758652894996677,3.3005566913320536,-0.549893569837268,-0.4281981432706112,-0.9235008802944152,-0.6303689212895096,-0.2537062348877155,78.62,-0.5152016939657075
2021-03-21,russia_ukraine_war,2022-02-24,2354,-2.764041410837857,2.764041410837857,3.308515281967617,1.1218457590898177,0.6804694341107775,3.30417590700198,-0.1991604086455877,-0.0944104942367703,-0.6347778338523121,-0.4615788019007856,-0.2413977294513233,78.62,-0.5152016939657075
2021-03-22,russia_ukraine_war,2022-02-24,2564,-2.8859352009078862,2.8859352009078862,3.471372473043679,1.2559534407548407,0.6864015864571188,3.321466724120709,0.0446796949203623,0.1843470827414847,-0.5111758937517812,-0.2441032907374461,-0.1825937962472357,78.62,-0.5152016939657075
2021-03-23,russia_ukraine_war,2022-02-24,2659,-2.854781501456622,2.854781501456622,3.416267535171305,1.2794772755041088,0.6831449710195856,3.334150920916828,-0.0176411279558027,0.0900256784525831,-0.4894948716245292,-0.3634923531873962,-0.1394564097359564,78.62,-0.5152016939657075
2021-03-24,russia_ukraine_war,2022-02-24,2718,-2.386887406873903,2.386887406873903,2.921652366608789,1.0888274773237088,0.6602445021292395,3.2904280985345835,-0.9536309303518046,-0.7565916862100731,-0.6652095260149651,-1.2030343755496251,-0.2881523278759231,78.62,-0.5152016939657075
2021-03-25,russia_ukraine_war,2022-02-24,3491,-2.85971344011722,2.85971344011722,3.361038104053228,1.5879077629892573,0.6938555955309579,3.2949630633066915,-0.0077751254868488,-0.0045088170439788,-0.2052262438620994,0.0291642079553582,-0.2727294728592522,78.62,-0.5152016939657075
2021-03-26,russia_ukraine_war,2022-02-24,2398,-2.2825462024389647,2.2825462024389647,2.914367006380957,0.9406093922469868,0.6595617434859403,3.2513655336736385,-1.16235829932601,-0.7690618101948082,-0.8018164872718794,-1.2280646303852494,-0.4209992858357783,78.62,-0.5152016939657075
2021-03-27,russia_ukraine_war,2022-02-24,1818,-2.8222429459534952,2.8222429459534952,3.5341600339316304,0.922508509270643,0.6828204393394532,3.2792761528117755,-0.0827322596632552,0.2918185933444491,-0.8184993813882444,-0.3753898380975757,-0.3260787177553975,78.62,-0.5152016939657075
2021-03-28,russia_ukraine_war,2022-02-24,1511,-3.4698201135199245,3.4698201135199245,3.751770602907442,0.9668383076653976,0.7025256181002153,3.3332545111663685,1.2127011132396976,0.664295820366162,-0.7776422953673016,0.3470113366134527,-0.1425049885698859,78.62,-0.5152016939657075
2021-03-29,russia_ukraine_war,2022-02-24,1637,-2.966147828180532,2.966147828180532,3.723652916724153,0.8860432501589782,0.6940457509606224,3.3705211468215563,0.2051395126864837,0.6161676534801933,-0.8521080212253601,0.036135395958019,-0.0157657639999251,78.62,-0.5152016939657075
2021-03-30,russia_ukraine_war,2022-02-24,2550,-2.6411170416449283,2.6411170416449283,3.3135127042913464,1.144315469192789,0.6730295619871982,3.356323746048972,-0.4450621145287373,-0.0858565622372359,-0.6140683582447853,-0.7343280333097216,-0.0640493703193971,78.62,-0.5152016939657075
2021-03-31,russia_ukraine_war,2022-02-24,2926,-3.401303524437075,3.401303524437075,4.424464802706726,1.6456053893333311,0.7183086578927296,3.4613444871293564,1.0756384116176607,1.8157255112773527,-0.1520485401930707,0.9256250414191576,0.2931131975991167,78.62,-0.5152016939657075
2021-04-01,russia_ukraine_war,2022-02-24,2644,-3.022440284673172,3.022440284673172,3.768914716491262,1.348454750699027,0.6954488563104482,3.489689709115728,0.3177486818103665,0.6936408651289293,-0.4259209610813291,0.087573901807853,0.3895117962828149,88.17,-0.3193933614658716
2021-04-02,russia_ukraine_war,2022-02-24,3044,-3.095777545959024,3.095777545959024,3.961693191821878,1.5453083142448345,0.7032846534640427,3.5393964161402853,0.4644548050420057,1.023613771585522,-0.2444885325442328,0.3748379321055965,0.5585581669428326,88.17,-0.3193933614658716
2021-04-03,russia_ukraine_war,2022-02-24,1163,-2.744160262638072,2.744160262638072,3.2130650029286687,0.6064685943525928,0.6921354441751586,3.50438187838555,-0.2389312717327103,-0.2577897612558647,-1.109781328463062,-0.0338973544489664,0.4394780491460172,88.17,-0.3193933614658716
2021-04-04,russia_ukraine_war,2022-02-24,984,-3.2871559395577297,3.2871559395577297,4.222811535462729,0.6245901959414902,0.6919104750574615,3.5813912486081048,0.8472940562342419,1.4705619001695611,-1.093079338790976,-0.0421448287231759,0.7013774048306489,88.17,-0.3193933614658716
2021-04-05,russia_ukraine_war,2022-02-24,2069,-3.243550669195181,3.243550669195181,3.765340038504328,1.1827399792327449,0.7166164397099147,3.604729626319391,0.7600647262157356,0.687522200257384,-0.5786539514831065,0.863587522349956,0.7807483445961089,88.17,-0.3193933614658716
2021-04-06,russia_ukraine_war,2022-02-24,3088,-3.325168914769013,3.325168914769013,3.9984416634142272,1.678646831949607,0.7226573700246856,3.648726560831988,0.9233363862581426,1.086514984796016,-0.1215955015573485,1.085050885292274,0.9303764842322046,88.17,-0.3193933614658716
2021-04-07,russia_ukraine_war,2022-02-24,2814,-3.495450522231028,3.495450522231028,4.317904556897293,1.6394537061702874,0.7164532642951642,3.7213756266322977,1.263972974677122,1.6333296604845469,-0.1577183121583725,0.8576054344566725,1.1774469831754466,88.17,-0.3193933614658716
2021-04-08,russia_ukraine_war,2022-02-24,2320,-2.687168617194551,2.687168617194551,3.465010317952942,1.0776660968134175,0.6827831575354764,3.699713691722421,-0.3529391200353854,0.1734571802094843,-0.6754965451338113,-0.37675660666716,1.103777418298035,88.17,-0.3193933614658716
2021-04-09,russia_ukraine_war,2022-02-24,2650,-1.8423539291959217,1.8423539291959217,2.142251725727048,0.8234660622095257,0.6210704010088092,3.539498786455396,-2.042932522466077,-2.090667465805345,-0.9097830308933946,-2.63917545354881,0.558906315739417,88.17,-0.3193933614658716
2021-04-10,russia_ukraine_war,2022-02-24,1840,-2.440173503000337,2.440173503000337,2.851316737624101,0.8058407257552735,0.6591365234476261,3.462175331919238,-0.8470357773860127,-0.876982989667198,-0.9260276319007532,-1.2436533981360172,0.2959387981009141,88.17,-0.3193933614658716
2021-04-11,russia_ukraine_war,2022-02-24,1435,-2.7189995556951128,2.7189995556951128,3.3203315205332906,0.7241644215666398,0.6839506245149721,3.445488804845988,-0.289263527241698,-0.0741850070488833,-1.00130556924645,-0.3339567149400441,0.2391899806976734,88.17,-0.3193933614658716
2021-04-12,russia_ukraine_war,2022-02-24,2362,-2.510667508323833,2.510667508323833,3.080691030399977,1.0218533441177444,0.6754183215729425,3.4102527540888623,-0.7060173912238928,-0.4843701633447725,-0.7269370325830518,-0.6467549769170508,0.119356524541718,88.17,-0.3193933614658716
2021-04-13,russia_ukraine_war,2022-02-24,3594,-2.9045713724892908,2.9045713724892908,3.505095688611888,1.649102572974094,0.6996294520524378,3.4225477943033744,0.0819600683165112,0.2420700595262118,-0.1488253192893954,0.2408365192989927,0.1611704375888118,88.17,-0.3193933614658716
2021-04-14,russia_ukraine_war,2022-02-24,3023,-2.754353899749973,2.754353899749973,3.260207540653933,1.36740393319382,0.6884987540129932,3.405374180338025,-0.2185396051215428,-0.1770973490751635,-0.4084562216227371,-0.1672201360945525,0.1027650978320627,88.17,-0.3193933614658716
2021-04-15,russia_ukraine_war,2022-02-24,4748,-3.935348600506164,3.935348600506164,4.543295501205708,2.7468671966282368,0.7329712424198748,3.5262585078302244,2.143958681114232,2.019124313413997,0.8629425046917851,1.4631623261760611,0.5138777636165246,88.17,-0.3193933614658716
2021-04-16,russia_ukraine_war,2022-02-24,3786,-3.134542035558064,3.134542035558064,3.6957637470221454,1.8513868006252217,0.6979705679084726,3.5484634458093005,0.5420004876652209,0.5684306311313573,0.0376123454214834,0.1800210418623589,0.589394014858818,88.17,-0.3193933614658716
2021-04-17,russia_ukraine_war,2022-02-24,3308,-3.014032190916384,3.014032190916384,3.3768758139226214,1.6055131898814867,0.6852924517028678,3.532759129238034,0.3009288712911482,0.0226000972072483,-0.1889999927394154,-0.2847646954936021,0.5359855740470587,88.17,-0.3193933614658716
2021-04-18,russia_ukraine_war,2022-02-24,2160,-4.644920221652216,4.644920221652216,5.412824092742774,1.7557484169589217,0.7636326772835985,3.7323866600280096,3.563407674277125,3.5074692964548824,-0.0505339085623902,2.5872250323711263,1.2148941476364088,88.17,-0.3193933614658716
2021-04-19,russia_ukraine_war,2022-02-24,2978,-3.8213856477408337,3.8213856477408337,4.825392060042025,1.8748089388438165,0.7289611104070068,3.8491647661412376,1.9159836695159,2.501980198963371,0.0591996377314969,1.3161489896307164,1.6120420617245077,88.17,-0.3193933614658716
2021-04-20,russia_ukraine_war,2022-02-24,3611,-3.3409729736513296,3.3409729736513296,4.042748225839925,1.903713448967276,0.7235122171012621,3.871982848460004,0.9549513139128858,1.1623531464664756,0.0858398233238398,1.116389983496594,1.689643541128548,88.17,-0.3193933614658716
2021-04-21,russia_ukraine_war,2022-02-24,2974,-4.425829227999364,4.425829227999364,5.470549119370159,2.169049193687832,0.746042358345116,4.045915744582875,3.12513128175552,3.606275424985858,0.3303896687786171,1.942355619158557,2.2811678360980503,88.17,-0.3193933614658716
2021-04-22,russia_ukraine_war,2022-02-24,4262,-2.9596583995441432,2.9596583995441432,3.619413054386868,1.9095768667465605,0.6996783724977543,4.004692349879799,0.1921578591512898,0.4377435307399392,0.0912439120691046,0.2426299659656348,2.1409721627576808,88.17,-0.3193933614658716
2021-04-23,russia_ukraine_war,2022-02-24,3292,-2.820881498428653,2.820881498428653,3.6869118853118574,1.4969856059077713,0.6797360991981453,3.9771806784902703,-0.0854557413538845,0.5532791753939543,-0.289025731511642,-0.4884632066947708,2.047408366691022,88.17,-0.3193933614658716
2021-04-24,russia_ukraine_war,2022-02-24,2471,-2.5401684257417045,2.5401684257417045,3.173858945411333,1.0727552691249145,0.678946279709341,3.894858744298972,-0.6470028445900441,-0.3248975476802192,-0.6800226678902582,-0.517418362770697,1.767441637173487,88.17,-0.3193933614658716
2021-04-25,russia_ukraine_war,2022-02-24,2219,-2.431495364679913,2.431495364679913,2.809149649707601,0.9399048135636864,0.664877215429203,3.781082215538884,-0.8643957933933603,-0.9491590795172486,-0.802465870596743,-1.0331969145133864,1.380501716899036,88.17,-0.3193933614658716
2021-04-26,russia_ukraine_war,2022-02-24,3052,-3.156244336704904,3.156244336704904,3.845475188626643,1.5787492554746172,0.7004189730259246,3.788194275709283,0.5854144413721694,0.8246870385509089,-0.2136672912590886,0.2697807316621708,1.4046889550342754,88.17,-0.3193933614658716
2021-04-27,russia_ukraine_war,2022-02-24,2532,-3.075248216176789,3.075248216176789,3.792871419684922,1.3247690656472042,0.7035085918097773,3.791309246114112,0.4233872994917755,0.73464680714799,-0.4477511544652402,0.383047617792066,1.4152825846100514,88.17,-0.3193933614658716
2021-04-28,russia_ukraine_war,2022-02-24,3147,-2.7026706608402504,2.7026706608402504,3.196608667620598,1.3847824020207673,0.696772642657292,3.725058359158536,-0.3219283529907344,-0.285957557385156,-0.3924391491007272,0.1361045354872918,1.1899715015943515,88.17,-0.3193933614658716
2021-04-29,russia_ukraine_war,2022-02-24,3378,-3.291758534447312,3.291758534447312,3.918239812792216,1.78209333575831,0.7122408343665971,3.7452011515879184,0.8565012292485774,0.949235977336516,-0.0262528007618024,0.7031757606267527,1.2584746505449125,88.17,-0.3193933614658716
2021-04-30,russia_ukraine_war,2022-02-24,2948,-3.7565924682708034,3.7565924682708034,4.311382204972923,1.8283183594504813,0.7441008697442818,3.803750412678909,1.7863693915181236,1.622165554026468,0.0163510421993838,1.8711797286498395,1.4575934553244712,88.17,-0.3193933614658716
2021-05-01,russia_ukraine_war,2022-02-24,1946,-2.7113925551613107,2.7113925551613107,3.281882426067184,0.938986671744576,0.6860017032394702,3.751943657878332,-0.3044808061278731,-0.1399971234163704,-0.8033120869261919,-0.2587631986572772,1.281405081582791,93.01,-0.22015646834553584
2021-05-02,russia_ukraine_war,2022-02-24,1211,-2.1591814941173952,2.1591814941173952,2.5708497453044963,0.4947846690589032,0.6466730069881115,3.624711316245096,-1.4091408732063748,-1.3570495970107894,-1.2127161467594785,-1.700571807286008,0.8487036038315563,93.01,-0.22015646834553584
2021-05-03,russia_ukraine_war,2022-02-24,2227,-2.285592420669408,2.285592420669408,2.870041533307823,0.8861457083963097,0.666177470497531,3.5443000566228635,-1.1562645502648885,-0.8449323406309561,-0.8520135893721194,-0.9855289486355788,0.5752348425108165,93.01,-0.22015646834553584
2021-05-04,russia_ukraine_war,2022-02-24,1899,-1.994027396234309,1.994027396234309,2.4207804242039352,0.6764079336004152,0.6467502615942505,3.423235467410462,-1.7395202330492063,-1.6139185756070504,-1.045320904473534,-1.6977396168804166,0.1635091288824476,93.01,-0.22015646834553584
2021-05-05,russia_ukraine_war,2022-02-24,2133,-1.9589874895975672,1.9589874895975672,2.5456668609555737,0.7327610582844286,0.6418022803159992,3.325691433326329,-1.8096151448436104,-1.400154355087764,-0.99338237675318,-1.879134951135112,-0.1682260820884371,93.01,-0.22015646834553584
2021-05-06,russia_ukraine_war,2022-02-24,2413,-1.912283567108564,1.912283567108564,2.364255232592062,0.7920643090808097,0.636653451831682,3.2234688990313134,-1.9030431143087647,-1.7106709839461958,-0.9387248302077849,-2.0678934389729813,-0.5158722943733117,93.01,-0.22015646834553584
2021-05-07,russia_ukraine_war,2022-02-24,2114,-2.247607332012008,2.247607332012008,2.78407024085406,0.8344631958865173,0.659854042934385,3.1830734726181134,-1.232251095164845,-0.9920867218145724,-0.8996473918222767,-1.2173487943358816,-0.653252149833089,93.01,-0.22015646834553584
2021-05-08,russia_ukraine_war,2022-02-24,1756,-3.1054830322338502,3.1054830322338502,3.5965640250630644,0.9854206359375264,0.6942560371975074,3.228538152123139,0.483869959637265,0.3986335595527667,-0.7605156714669862,0.043844588876065,-0.4986323907782738,93.01,-0.22015646834553584
2021-05-09,russia_ukraine_war,2022-02-24,2591,-3.7043049909966346,3.7043049909966346,4.041922438492148,1.625845349569511,0.7317178540242585,3.313861562843417,1.6817719065567431,1.1609396720067686,-0.1702606158993111,1.417212514689684,-0.2084580103376035,93.01,-0.22015646834553584
2021-05-10,russia_ukraine_war,2022-02-24,2401,-3.1697744878097,3.1697744878097,3.6450143462170144,1.3075643331793068,0.7109470384403501,3.35009331375103,0.6124805736563579,0.4815644638588929,-0.4636081008052301,0.6557445899530674,-0.0852383009618905,93.01,-0.22015646834553584
2021-05-11,russia_ukraine_war,2022-02-24,3371,-4.064124142404602,4.064124142404602,4.72192410075178,2.196714576835961,0.7585600456993756,3.493996321014839,2.401565253649523,2.324877318605066,0.3558877982539637,2.4012599589349106,0.4041580513852977,93.01,-0.22015646834553584
2021-05-12,russia_ukraine_war,2022-02-24,2740,-3.4234424401786727,3.4234424401786727,4.025862499619206,1.5718082309226715,0.729667146911269,3.5514112643954414,1.119925782649176,1.133450375298038,-0.2200645691051768,1.3420326218606085,0.5994191817463582,93.01,-0.22015646834553584
2021-05-13,russia_ukraine_war,2022-02-24,2133,-2.994480599621783,2.994480599621783,3.558472542683355,1.1200882010950506,0.7050994490306496,3.5466787125688524,0.2618172640188204,0.3334335566451985,-0.6363977080854305,0.4413691960486442,0.5833243575639786,93.01,-0.22015646834553584
2021-05-14,russia_ukraine_war,2022-02-24,2371,-3.2366759045042026,3.2366759045042026,3.9390670932283904,1.3214630937613945,0.7065809763763219,3.587261192096093,0.7463122345319786,0.9848853839796844,-0.4507981427803806,0.495682689362967,0.7213403575592128,93.01,-0.22015646834553584
2021-05-15,russia_ukraine_war,2022-02-24,1391,-3.2875130515387587,3.2875130515387587,3.9287485495365946,0.8519252789526096,0.7173592691054074,3.6244576421461208,0.8480084340740707,0.9672234544175696,-0.8835532552421157,0.890819999376874,0.8478408895555731,93.01,-0.22015646834553584
2021-05-16,russia_ukraine_war,2022-02-24,1238,-3.577952915611095,3.577952915611095,3.959598832326516,0.8362013152946469,0.729099030840712,3.6499463322379593,1.4290133113068777,1.020028921727859,-0.8980454333937667,1.3212052179722569,0.9345247761138692,93.01,-0.22015646834553584
2021-05-17,russia_ukraine_war,2022-02-24,2625,-3.305993586824812,3.305993586824812,4.052711483638092,1.4663998745388052,0.7367804058397662,3.68595572292212,0.8849774678166138,1.179406944240315,-0.3172154346640743,1.6028080590366671,1.0569882658362642,93.01,-0.22015646834553584
2021-05-18,russia_ukraine_war,2022-02-24,2294,-2.719353472675631,2.719353472675631,3.3321903874570507,1.0804864432219203,0.6880549315028837,3.6466551374166887,-0.2885555407796006,-0.053886554229376,-0.672897139316647,-0.1834908792610527,0.9233318290655772,93.01,-0.22015646834553584
2021-05-19,russia_ukraine_war,2022-02-24,2608,-2.434992736735792,2.434992736735792,2.8273931786677204,1.0744044927363223,0.6682619902843632,3.550132126635826,-0.8573995422814347,-0.9179321997285612,-0.6785026413302675,-0.909109467188675,0.5950689922290692,93.01,-0.22015646834553584
2021-05-20,russia_ukraine_war,2022-02-24,3215,-2.258944998047516,2.258944998047516,2.601947577168793,1.1769136961264262,0.6576288485192282,3.4496947238943827,-1.20957087775011,-1.3038204076671032,-0.5840238146152924,-1.2989254742019167,0.2534937918527687,93.01,-0.22015646834553584
2021-05-21,russia_ukraine_war,2022-02-24,2249,-2.1306910401772705,2.1306910401772705,2.57209364933286,0.8328430836944059,0.6493318135313528,3.3557780385406524,-1.4661340574810595,-1.354920445263488,-0.9011405874963744,-1.6030987016884293,-0.0659052541476659,93.01,-0.22015646834553584
2021-05-22,russia_ukraine_war,2022-02-24,1470,-2.2271324092654314,2.2271324092654314,2.630509334316959,0.60582800197904,0.6599720248393542,3.2802505227230423,-1.27320976320004,-1.2549321383542331,-1.11037173804439,-1.213023521889526,-0.3227650060444489,93.01,-0.22015646834553584
2021-05-23,russia_ukraine_war,2022-02-24,1331,-3.717115356162213,3.717115356162213,4.233243528650011,0.9264687060938144,0.7417895504021866,3.383414374339587,1.7073981568103265,1.4884180176963704,-0.8148494188771738,1.7864456682216916,0.0280825101764375,93.01,-0.22015646834553584
2021-05-24,russia_ukraine_war,2022-02-24,3078,-3.623979195628363,3.623979195628363,4.2156219175915615,1.8248404673183232,0.7422950232117691,3.468679262046229,1.5210857038358017,1.4582556553920103,0.0131456015440984,1.8049765405299385,0.3180578610766788,93.01,-0.22015646834553584
2021-05-25,russia_ukraine_war,2022-02-24,3373,-3.3098176097802634,3.3098176097802634,3.935553367126491,1.789821442855109,0.7197972881821018,3.5161546328653177,0.8926271614799266,0.9788710485496128,-0.0191300989254156,0.9801989320094956,0.4795157329236398,93.01,-0.22015646834553584
2021-05-26,russia_ukraine_war,2022-02-24,2448,-3.45487040974576,3.45487040974576,4.198564476220225,1.4479537710502255,0.7292075364982871,3.5899289129314425,1.1827952639386117,1.4290589647533911,-0.3342165053721534,1.3251830867064942,0.7304129465948759,93.01,-0.22015646834553584
2021-05-27,russia_ukraine_war,2022-02-24,2762,-2.945635553492762,2.945635553492762,3.454608980231341,1.3611270384574643,0.7021358475270191,3.573836520805135,0.164106124674138,0.1556535346876117,-0.4142413963240509,0.3327221630229334,0.6756847087567489,93.01,-0.22015646834553584
2021-05-28,russia_ukraine_war,2022-02-24,2923,-3.2735990707074536,3.2735990707074536,3.758253959001389,1.5825322439024954,0.7083106240694593,3.5892236167693774,0.820174476946551,0.6753931788769786,-0.2101806549735435,0.5590923919862577,0.7280143214681173,93.01,-0.22015646834553584
2021-05-29,russia_ukraine_war,2022-02-24,1447,-4.405368948231321,4.405368948231321,5.17294698403249,1.1819086800685523,0.7693564052621988,3.7580393476605134,3.08420190598698,3.096879127517251,-0.5794201282466029,2.797059607619981,1.3021357695730071,93.01,-0.22015646834553584
2021-05-30,russia_ukraine_war,2022-02-24,1137,-2.831438520780341,2.831438520780341,3.4335804762232787,0.6131780604664159,0.6927955195288076,3.7303578864815936,-0.0643371476822567,0.1196596999294818,-1.1035974692060004,-0.0096986797420245,1.2079945394056044,93.01,-0.22015646834553584
2021-05-31,russia_ukraine_war,2022-02-24,1936,-2.449517087214466,2.449517087214466,3.139127631137479,0.8446089423726848,0.6728377473703533,3.672720887519926,-0.8283445828539423,-0.3843460555924552,-0.8902964438833599,-0.7413600478992791,1.0119782254423533,93.01,-0.22015646834553584
2021-06-01,russia_ukraine_war,2022-02-24,2711,-2.762469314844452,2.762469314844452,3.4021338459806323,1.2575496014065068,0.689255839803213,3.651081702522784,-0.2023052780407159,0.0658334832751795,-0.5097047732998532,-0.1394650128930881,0.9383860302080088,74.13,-0.6072623654761018
2021-06-02,russia_ukraine_war,2022-02-24,3138,-2.8966725226726435,2.8966725226726435,3.4366815899914607,1.4808609729837918,0.706635552360624,3.634562315466636,0.066158965108246,0.1249677796909004,-0.3038871912585267,0.4976834707641175,0.8822056353572663,74.13,-0.6072623654761018
2021-06-03,russia_ukraine_war,2022-02-24,3153,-2.380824987926756,2.380824987926756,3.1411499273466394,1.2216957580497392,0.6765087458466408,3.589511473557116,-0.9657583805121728,-0.380884554215248,-0.5427498945332988,-0.6067795072287655,0.7289932868462292,74.13,-0.6072623654761018
2021-06-04,russia_ukraine_war,2022-02-24,3285,-2.635662957317053,2.635662957317053,3.311263934615336,1.3963849461205595,0.6818768263486307,3.5645981440889143,-0.4559726333222087,-0.0897057111874604,-0.3817455263117028,-0.4099831367079991,0.6442661306985494,74.13,-0.6072623654761018
2021-06-05,russia_ukraine_war,2022-02-24,1676,-2.755097169951388,2.755097169951388,3.296080327174429,0.8398963098547263,0.6893087969399456,3.536086942742046,-0.2170527444472911,-0.1156950187031431,-0.89463989770322,-0.1375235792096174,0.5473030567120973,74.13,-0.6072623654761018
2021-06-06,russia_ukraine_war,2022-02-24,950,-3.0327374240463247,3.0327374240463247,3.5507316206206427,0.5580601738390728,0.7019438996312204,3.534838811798378,0.3383473975426466,0.3201836616695972,-1.154397525077502,0.3256852623638847,0.5430583175457859,74.13,-0.6072623654761018
2021-06-07,russia_ukraine_war,2022-02-24,2027,-2.603338870231908,2.603338870231908,3.339553284165345,0.9330928782000826,0.6862004106015551,3.5136233519120075,-0.5206347357803263,-0.0412837134681913,-0.8087441718568001,-0.2514784927666752,0.4709071590733037,74.13,-0.6072623654761018
2021-06-08,russia_ukraine_war,2022-02-24,1991,-2.411821283865574,2.411821283865574,2.957199767193833,0.8515115206915442,0.6595963142615832,3.4482353125061502,-0.9037524324852876,-0.6957463088000321,-0.8839346004653375,-1.226797249396817,0.2485305139925253,74.13,-0.6072623654761018
2021-06-09,russia_ukraine_war,2022-02-24,3704,-2.291037788669284,2.291037788669284,2.9707639449426453,1.3309392838024774,0.659569270893345,3.3946613994809454,-1.145371467883238,-0.6725289286034444,-0.4420642995038649,-1.227788672069026,0.0663322534138896,74.13,-0.6072623654761018
2021-06-10,russia_ukraine_war,2022-02-24,4331,-2.0351383672952656,2.0351383672952656,2.700569379010424,1.3286798412967251,0.6447861654713518,3.320514431684042,-1.6572805764150065,-1.1350125439372007,-0.4441467415667599,-1.7697443098422856,-0.1858324251941509,74.13,-0.6072623654761018
2021-06-11,russia_ukraine_war,2022-02-24,3775,-1.9520336016923647,1.9520336016923647,2.49824715218865,1.1504183884935202,0.6437548102417556,3.230330783119901,-1.8235259170496136,-1.4813211922998129,-0.6084435300732602,-1.8075542804317548,-0.4925358741897672,74.13,-0.6072623654761018
2021-06-12,russia_ukraine_war,2022-02-24,2629,-2.256404033166564,2.256404033166564,2.6087736564186392,1.0020774894450533,0.6646789646480109,3.1608855159824567,-1.2146539024011014,-1.2921364206145456,-0.7451636842881815,-1.0404648819324744,-0.7287106496240024,74.13,-0.6072623654761018
2021-06-13,russia_ukraine_war,2022-02-24,3293,-1.4168547272429717,1.4168547272429717,1.7465910312836217,0.7520737961014209,0.604159652549846,3.0072347434658746,-2.894114271854858,-2.7679075419716543,-0.9755825622071672,-3.2591314915180507,-1.251257947520913,74.13,-0.6072623654761018
2021-06-14,russia_ukraine_war,2022-02-24,4843,-2.372081954303708,2.372081954303708,2.787856619828884,1.6794361098047328,0.6591604265656402,2.978311776709421,-0.9832482150878288,-0.9856056949617248,-0.1208680542332228,-1.242777098522483,-1.3496213848027918,74.13,-0.6072623654761018
2021-06-15,russia_ukraine_war,2022-02-24,4380,-2.346568647350952,2.346568647350952,2.7935348522154024,1.5446975006969588,0.6656655146862296,2.9568593618742085,-1.034285822549995,-0.9758864416016072,-0.245051496116638,-1.004297490853561,-1.4225783977868565,74.13,-0.6072623654761018
2021-06-16,russia_ukraine_war,2022-02-24,5478,-2.216509356617587,2.216509356617587,2.6647865563481883,1.712046676912566,0.6608838121160638,2.926754087097379,-1.2944604459161062,-1.1962608859776127,-0.0908121371353881,-1.179596969013326,-1.5249627186035877,74.13,-0.6072623654761018
2021-06-17,russia_ukraine_war,2022-02-24,4127,-2.133666257443045,2.133666257443045,2.6195591389594424,1.3442682776960873,0.6552180347489166,2.8961318520417803,-1.4601823409432373,-1.2736752463811565,-0.4297794737251787,-1.3873070474333424,-1.629105157471835,74.13,-0.6072623654761018
2021-06-18,russia_ukraine_war,2022-02-24,2381,-2.077076018883727,2.077076018883727,2.586757441459722,0.8509585831241513,0.6486232871477609,2.8652753916991647,-1.5733872025132831,-1.3298208894158885,-0.8844442219518601,-1.6290736140723658,-1.7340441676089746,74.13,-0.6072623654761018
2021-06-19,russia_ukraine_war,2022-02-24,1754,-2.5085488117990145,2.5085488117990145,3.0813515088158687,0.795226660209508,0.6635912123058717,2.8893727769696413,-0.7102556972092903,-0.4832396430303554,-0.9358102116718938,-1.0803423973458717,-1.6520919368897349,74.13,-0.6072623654761018
2021-06-20,russia_ukraine_war,2022-02-24,1845,-2.856668877195025,2.856668877195025,3.3662964603252528,0.9455661949569296,0.7070195525135179,2.9322774346390506,-0.013865563218209,0.0044917474603753,-0.7972479910900211,0.5117610980167114,-1.506178495875813,74.13,-0.6072623654761018
2021-06-21,russia_ukraine_war,2022-02-24,2755,-3.275210175307194,3.275210175307194,4.059576345457949,1.5103448096566865,0.7199731351779135,3.044145564862168,0.8233973803629645,1.1911573142089351,-0.2767130624604488,0.9866455660586504,-1.125728803294145,74.13,-0.6072623654761018
2021-06-22,russia_ukraine_war,2022-02-24,1942,-2.543806826936739,2.543806826936739,3.235205154016433,0.8794188222214039,0.6678786615901419,3.059383854421024,-0.6397244744310556,-0.2198931548464167,-0.8582135040357001,-0.9231624784487062,-1.0739052627864534,74.13,-0.6072623654761018
2021-06-23,russia_ukraine_war,2022-02-24,2661,-2.796588930390868,2.796588930390868,3.250821411875613,1.254155803595878,0.6916766535133567,3.073293704033433,-0.1340513449758016,-0.1931632930974235,-0.512832707423347,-0.0507168371370448,-1.0265995824435044,74.13,-0.6072623654761018
2021-06-24,russia_ukraine_war,2022-02-24,3058,-3.22950794702775,3.22950794702775,3.626603252930942,1.6178935393965377,0.7150642384705905,3.129574496397705,0.7319732309419648,0.450050769437201,-0.177589496336941,0.8066830906627626,-0.8351955595950441,74.13,-0.6072623654761018
2021-06-25,russia_ukraine_war,2022-02-24,2765,-2.441248408377104,2.441248408377104,2.822738365556136,1.1290394745268757,0.678432159738992,3.0937245033248075,-0.8448855034611176,-0.9258996982203276,-0.6281476604460454,-0.5362662440830995,-0.9571169577308316,74.13,-0.6072623654761018
2021-06-26,russia_ukraine_war,2022-02-24,1433,-2.764142040255794,2.764142040255794,3.136272699059666,0.7352865197962631,0.7045841712631558,3.0867317997750114,-0.1989591064489995,-0.3892327538290526,-0.9910547551088684,0.4224788693452278,-0.9808982787427112,74.13,-0.6072623654761018
2021-06-27,russia_ukraine_war,2022-02-24,1094,-3.0818633689184742,3.0818633689184742,3.473934675852028,0.6446315881488636,0.7238683311243245,3.125674943239831,0.4366204554114525,0.1887327254132207,-1.0746079512582731,1.1294452920383045,-0.8484574581997675,74.13,-0.6072623654761018
2021-06-28,russia_ukraine_war,2022-02-24,1976,-2.8862033014764505,2.8862033014764505,3.2742669278380765,1.0125202262400688,0.7004260234485924,3.141280447761316,0.045216011580688,-0.1530323343260119,-0.7355390116982312,0.2700392034923055,-0.7953850649637383,74.13,-0.6072623654761018
2021-06-29,russia_ukraine_war,2022-02-24,2509,-2.600427813003012,2.600427813003012,2.8659128637959546,1.111943079747587,0.67565611416928,3.110782411785537,-0.5264581045981529,-0.8519992555253366,-0.6439047560665849,-0.6380373878498635,-0.8991051181029824,74.13,-0.6072623654761018
2021-06-30,russia_ukraine_war,2022-02-24,2346,-2.9975662507316674,2.9975662507316674,3.365416559775668,1.2132264453916477,0.7094876615037978,3.135852265826629,0.2679898958302547,0.0029856491200833,-0.5505557372923502,0.602243141115118,-0.8138456412173164,74.13,-0.6072623654761018
2021-07-01,russia_ukraine_war,2022-02-24,2231,-2.7487809210071155,2.7487809210071155,3.441864317918265,1.067314560872319,0.6813270263679754,3.168114164690352,-0.2296879639759886,0.1338388935144141,-0.6850371613718585,-0.4301390640763092,-0.704126908274125,58.42,-0.9293721983109102
2021-07-02,russia_ukraine_war,2022-02-24,2451,-3.06641309535005,3.06641309535005,3.68726179928285,1.2864356230049654,0.7106600344253344,3.222105374397464,0.4057132508288201,0.5538781122297197,-0.4830816278765101,0.6452228869981586,-0.5205094732261346,58.42,-0.9293721983109102
2021-07-03,russia_ukraine_war,2022-02-24,1561,-2.9878841700990675,2.9878841700990675,3.363435886256576,0.8564987816879247,0.7175248724899049,3.2366103963073387,0.2486215626048239,-0.0004046079960976,-0.8793380320414639,0.8968910977896108,-0.4711796854170792,58.42,-0.9293721983109102
2021-07-04,russia_ukraine_war,2022-02-24,1189,-3.4365139769305184,3.4365139769305184,4.039712766527029,0.7746810593768012,0.7317218908028755,3.3196210291589265,1.146074488612827,1.1571574453894276,-0.9547463090820096,1.4173605049033435,-0.188870776826148,58.42,-0.9293721983109102
2021-07-05,russia_ukraine_war,2022-02-24,2366,-3.0237575622386816,3.0237575622386816,3.4593285051243368,1.2323950387730738,0.7088006022993826,3.334253234788925,0.320383804549717,0.1637317983182649,-0.5328887751800644,0.5770552256746387,-0.1391084528950869,58.42,-0.9293721983109102
2021-07-06,russia_ukraine_war,2022-02-24,3096,-3.3162087316201565,3.3162087316201565,3.966217703321001,1.6775272003299817,0.7250707740529689,3.403021977935228,0.9054121590622218,1.0313582368693222,-0.1226274233582883,1.1735274186062412,0.0947655480116676,58.42,-0.9293721983109102
2021-07-07,russia_ukraine_war,2022-02-24,2737,-3.0218866765274344,3.0218866765274344,3.455781900959222,1.3862231917638523,0.7168227092331594,3.410976479371735,0.3166412269719051,0.1576611865323434,-0.3911112280949262,0.8711494606458792,0.1218178248319198,58.42,-0.9293721983109102
2021-07-08,russia_ukraine_war,2022-02-24,2265,-2.968568340534357,2.968568340534357,3.4336233225406656,1.1671770189734552,0.710139143616957,3.417289450270976,0.2099815803808304,0.1197330386352418,-0.5929977389371355,0.6261267835607538,0.1432874590619992,58.42,-0.9293721983109102
2021-07-09,russia_ukraine_war,2022-02-24,2920,-3.137301431766011,3.137301431766011,3.597058112724105,1.5154083173249635,0.7106787008537588,3.441334494318663,0.5475204690911708,0.3994792739992485,-0.2720462203844204,0.6459072070941682,0.2250616837478855,58.42,-0.9293721983109102
2021-07-10,russia_ukraine_war,2022-02-24,1831,-2.846757048126783,2.846757048126783,3.150560325563502,0.9361916185567464,0.6957465464493906,3.415249091499618,-0.0336934923123781,-0.3647770689516226,-0.8058881809456445,0.0984873631208822,0.1363484509122138,58.42,-0.9293721983109102
2021-07-11,russia_ukraine_war,2022-02-24,1310,-3.420459897662697,3.420459897662697,3.994279232821984,0.8406027419711024,0.7212001565251613,3.48556495200953,1.1139594124545378,1.079390282112841,-0.8939888061397143,1.031628749079167,0.3754840068677512,58.42,-0.9293721983109102
2021-07-12,russia_ukraine_war,2022-02-24,2044,-3.1113597633555417,3.1113597633555417,3.659511807636232,1.1230287888573918,0.7032636460509415,3.5077733488036555,0.4956259541347633,0.5063793166194901,-0.6336874803941555,0.3740677904039566,0.451012021112784,58.42,-0.9293721983109102
2021-07-13,russia_ukraine_war,2022-02-24,2312,-2.4359397786034243,2.4359397786034243,2.8578513334473614,0.9741362237360904,0.6641870625868355,3.443136334700402,-0.8555050504705556,-0.8657979257090864,-0.7709160842075143,-1.0584982441846102,0.2311895203171274,58.42,-0.9293721983109102
2021-07-14,russia_ukraine_war,2022-02-24,2407,-2.324286797865021,2.324286797865021,2.6699531743448506,0.9607544847652376,0.660745887384204,3.365846551285804,-1.0788591226596147,-1.187417347019304,-0.7832495231140768,-1.184653354927248,-0.0316634859961143,58.42,-0.9293721983109102
2021-07-15,russia_ukraine_war,2022-02-24,2762,-2.547753944283748,2.547753944283748,3.1480940352102023,1.1772728560358825,0.6736363339179241,3.346990130887978,-0.6318285389438704,-0.3689985412640707,-0.5836927906123126,-0.7120834873018015,-0.0957918425641148,58.42,-0.9293721983109102
2021-07-16,russia_ukraine_war,2022-02-24,2487,-2.6803657740783104,2.6803657740783104,3.0465538804631445,1.1379348452908804,0.6918817199393305,3.319485729283356,-0.3665477375790187,-0.5428016586840876,-0.619949136165454,-0.0431990049561868,-0.1893309149902936,58.42,-0.9293721983109102
2021-07-17,russia_ukraine_war,2022-02-24,2312,-2.935665432653745,2.935665432653745,3.194464695006581,1.1739773141507803,0.6960637272987856,3.3076082928368526,0.1441615869207853,-0.2896273284713581,-0.5867301659932291,0.1101153630989929,-0.2297246092061339,58.42,-0.9293721983109102
2021-07-18,russia_ukraine_war,2022-02-24,1480,-2.14654065271296,2.14654065271296,2.36676339953121,0.587380212916232,0.6311232384203699,3.2080038873877843,-1.4344280028907286,-1.7063778327872314,-1.1273743622820076,-2.270633678644882,-0.5684668886855418,58.42,-0.9293721983109102
2021-07-19,russia_ukraine_war,2022-02-24,2544,-3.335957342616401,3.335957342616401,3.8994452852204335,1.4426075091331496,0.7071959240140028,3.2762637042255167,0.9449178906326438,0.9170659704013352,-0.3391439512651242,0.5182269606552953,-0.3363236832900356,58.42,-0.9293721983109102
2021-07-20,russia_ukraine_war,2022-02-24,2123,-3.304902865160652,3.304902865160652,4.359736137013163,1.2313633162944446,0.7058629197212585,3.39082116399664,0.8827955545017723,1.7049314720915365,-0.533839674475471,0.4693583927186862,0.0532720868898653,58.42,-0.9293721983109102
2021-07-21,russia_ukraine_war,2022-02-24,1958,-2.9630289545002544,2.9630289545002544,3.668251653681873,1.0314746671175212,0.6983347741257948,3.420869469299823,0.1989004214188237,0.5213390386357434,-0.7180694257887094,0.1933730140735705,0.155462661563775,58.42,-0.9293721983109102
2021-07-22,russia_ukraine_war,2022-02-24,2080,-2.7885170842785114,2.7885170842785114,3.351552582671216,1.021341199836092,0.6916269902409486,3.412418814744063,-0.1501985153187265,-0.0207448882874657,-0.7274090564525103,-0.0525375161962486,0.1267230292713562,58.42,-0.9293721983109102
2021-07-23,russia_ukraine_war,2022-02-24,1576,-2.988383919345477,2.988383919345477,3.707922661724125,0.8637904131690307,0.6977117919580219,3.446857625103931,0.2496212764370992,0.5892426663790112,-0.8726176131484283,0.1705341931074134,0.2438451693139059,58.42,-0.9293721983109102
2021-07-24,russia_ukraine_war,2022-02-24,749,-2.5166666543656926,2.5166666543656926,2.94725443784748,0.371971826178091,0.6695349055986118,3.395853454015936,-0.6940165141380801,-0.7127694190018117,-1.3259080643354362,-0.8624437896282177,0.0703862836410253,58.42,-0.9293721983109102
2021-07-25,russia_ukraine_war,2022-02-24,694,-2.0230121811160138,2.0230121811160138,2.395252181310234,0.2784933831014412,0.6432489013160816,3.2898363082915294,-1.681538173886625,-1.657614473138753,-1.412063583381027,-1.826101140962219,-0.2901649333927376,58.42,-0.9293721983109102
2021-07-26,russia_ukraine_war,2022-02-24,1278,-2.8043953389812697,2.8043953389812697,3.279880951592402,0.6742342976453801,0.690881629781338,3.288871776038538,-0.118435164052491,-0.1434229848799486,-1.0473242619082384,-0.0798627832310261,-0.2934451884430684,58.42,-0.9293721983109102
2021-07-27,russia_ukraine_war,2022-02-24,1938,-2.4273101337012792,2.4273101337012792,2.895392604960697,0.837683043147954,0.6762842974558011,3.249686660647684,-0.872768058745772,-0.8015397015889579,-0.8966797812916955,-0.6150078914100575,-0.4267089256173172,58.42,-0.9293721983109102
2021-07-28,russia_ukraine_war,2022-02-24,2363,-2.800968344514091,2.800968344514091,3.283589508167154,1.140403603729136,0.6944852199695333,3.252625055933619,-0.1252906296616633,-0.1370751642032324,-0.6176737755834245,0.0522465377111957,-0.4167158062097783,58.42,-0.9293721983109102
2021-07-29,russia_ukraine_war,2022-02-24,1945,-2.199415061095582,2.199415061095582,2.6678598124445894,0.7613520805263138,0.6542035252133194,3.189874095737476,-1.3286564028067558,-1.1910004893245334,-0.9670311209960228,-1.4244994469121195,-0.6301240706387289,58.42,-0.9293721983109102
2021-07-30,russia_ukraine_war,2022-02-24,1439,-2.6591526711474187,2.6591526711474187,3.1978973609543164,0.7099576631168207,0.6882181780403531,3.187973909699138,-0.4089830840610017,-0.2837517411801617,-1.0143993971699197,-0.1775061839752492,-0.6365863686380923,58.42,-0.9293721983109102
2021-07-31,russia_ukraine_war,2022-02-24,1096,-3.793838029644737,3.793838029644737,4.265541790281113,0.794863755534436,0.7487015905718823,3.3007125729103874,1.860876563192532,1.5437019452491358,-0.93614468708265,2.039844330515527,-0.2531761008947904,58.42,-0.9293721983109102
2021-08-01,russia_ukraine_war,2022-02-24,941,-3.64662891755454,3.64662891755454,3.998121087050665,0.6652125055021414,0.7414153078577707,3.3702237344912898,1.5663949073403116,1.0859662642283052,-1.0556393039568617,1.7727257595116377,-0.016777226597845,89.49,-0.2923287542512347
2021-08-02,russia_ukraine_war,2022-02-24,1278,-2.979352665278766,2.979352665278766,3.504190972950341,0.7162976359965831,0.6989818627433838,3.383868211081934,0.2315548767813658,0.2405214859323737,-1.0085560857473812,0.2170955888933054,0.0296259528778014,89.49,-0.2923287542512347
2021-08-03,russia_ukraine_war,2022-02-24,1686,-3.510117716398729,3.510117716398729,4.286118914702263,1.0755646152182503,0.7248474332317224,3.475859934216442,1.293313683033302,1.5789231676398678,-0.6774334006444229,1.165339638450159,0.3424784401481151,89.49,-0.2923287542512347
2021-08-04,russia_ukraine_war,2022-02-24,1376,-3.201676972077193,3.201676972077193,3.839704792230511,0.8217903444362935,0.7132112808417533,3.514364632183825,0.6762992888126211,0.8148100309286992,-0.9113274761127952,0.7387527874661635,0.4734281617124585,89.49,-0.2923287542512347
2021-08-05,russia_ukraine_war,2022-02-24,1438,-2.8534200798986724,2.8534200798986724,3.4124834656387164,0.761359755440352,0.695082003841794,3.504059770779758,-0.0203645577014577,0.0835486046000131,-0.9670240473202018,0.0741249167710288,0.4383826009664743,89.49,-0.2923287542512347
2021-08-06,russia_ukraine_war,2022-02-24,1803,-2.8934332843984705,2.8934332843984705,3.584928632284201,0.9391144754118412,0.6985717826336229,3.512079671937693,0.0596790927882914,0.3787176204603912,-0.8031942951559532,0.2020618580850959,0.4656572941609206,89.49,-0.2923287542512347
2021-08-07,russia_ukraine_war,2022-02-24,1098,-3.4894192754200763,3.4894192754200763,4.352589955039831,0.7322870387904037,0.7275758441245264,3.6027689026115146,1.2519078822210643,1.6926995751862206,-0.9938192624586036,1.2653644724283573,0.7740801654604487,89.49,-0.2923287542512347
2021-08-08,russia_ukraine_war,2022-02-24,961,-4.047041446451155,4.047041446451155,4.526431510825672,0.7525727013576886,0.7509018270348343,3.69807397161454,2.367392500894185,1.9902587468064548,-0.975122740242941,2.1205060400476192,1.0982009327545723,89.49,-0.2923287542512347
2021-08-09,russia_ukraine_war,2022-02-24,1314,-2.7954640964076107,2.7954640964076107,3.332919974460561,0.688864728922606,0.694238041313884,3.65975497020268,-0.136301497627667,-0.0526377428999547,-1.0338399508835383,0.0431848512696554,0.9678827422377356,89.49,-0.2923287542512347
2021-08-10,russia_ukraine_war,2022-02-24,1809,-2.5071459565874994,2.5071459565874994,3.0856448446334297,0.8160495037409106,0.671871885755209,3.603601946123984,-0.7130620121156308,-0.4758908739539055,-0.9166185902305518,-0.7767689916018318,0.7769132435461716,89.49,-0.2923287542512347
2021-08-11,russia_ukraine_war,2022-02-24,2140,-3.4754741449613062,3.4754741449613062,4.125604415305624,1.3035616899390128,0.7261429960536769,3.66384101943326,1.2240116124163958,1.3041755029771078,-0.4672971845615683,1.2128355843562948,0.9817788909491422,89.49,-0.2923287542512347
2021-08-12,russia_ukraine_war,2022-02-24,2114,-3.030479584209242,3.030479584209242,3.533520771830208,1.1251180946470491,0.7089720043299822,3.652937511817031,0.3338307449765619,0.2907243883341017,-0.6317618468595309,0.5833389051964698,0.9446974083822798,89.49,-0.2923287542512347
2021-08-13,russia_ukraine_war,2022-02-24,1615,-3.326623338339304,3.326623338339304,3.900060480818972,0.982159051277288,0.729036111108491,3.6823632944690727,0.926245860102582,0.918118981528956,-0.7635217497676653,1.318898550825471,1.044770860415635,89.49,-0.2923287542512347
2021-08-14,russia_ukraine_war,2022-02-24,1051,-3.7093118808399432,3.7093118808399432,4.424721038915132,0.748254263608266,0.7329530653349733,3.763393153160616,1.6917878436872096,1.816164102807252,-0.9791028797651892,1.462495945645081,1.3203434007597783,89.49,-0.2923287542512347
2021-08-15,russia_ukraine_war,2022-02-24,1071,-2.6687308658243323,2.6687308658243323,3.1294605613731954,0.5476061168729098,0.695249688170492,3.704211885082843,-0.3898225675108835,-0.4008928775422017,-1.1640326310378508,0.0802723035825267,1.119075218285683,89.49,-0.2923287542512347
2021-08-16,russia_ukraine_war,2022-02-24,2041,-3.278930309322325,3.278930309322325,3.736052108318313,1.1820540544043785,0.718658144730684,3.70649356943858,0.8308392513804109,0.6373909631936887,-0.5792861422606711,0.9384373942198873,1.126834944938639,89.49,-0.2923287542512347
2021-08-17,russia_ukraine_war,2022-02-24,2071,-2.73269645830449,2.73269645830449,3.040059032602677,0.9972672886540428,0.6932292571639357,3.632562205824257,-0.2618638200959564,-0.5539186872934093,-0.7495970630675348,0.0062023471371048,0.8754035095234397,89.49,-0.2923287542512347
2021-08-18,russia_ukraine_war,2022-02-24,1516,-3.0458731995764325,3.0458731995764325,3.571146247972308,0.851158926515318,0.7078949296028032,3.62588434594216,0.3646246087429906,0.3551267428922522,-0.8842595730821825,0.543852836198455,0.8526929329349144,89.49,-0.2923287542512347
2021-08-19,russia_ukraine_war,2022-02-24,2001,-2.480766862629492,2.480766862629492,2.881119039809759,0.8795568689935925,0.6741225987774264,3.5488098485404453,-0.7658315666516007,-0.8259713180869876,-0.8580862715859605,-0.6942567875296254,0.5905720877586748,89.49,-0.2923287542512347
2021-08-20,russia_ukraine_war,2022-02-24,1987,-3.51623892842168,3.51623892842168,4.2507044188014245,1.239332432640903,0.7284320192116757,3.621996814990934,1.30555874467892,1.5183052790345468,-0.5264948435971814,1.296752256128476,0.8394719203699781,89.49,-0.2923287542512347
2021-08-21,russia_ukraine_war,2022-02-24,1553,-2.603510273190678,2.603510273190678,3.0381504363333587,0.7429876410476552,0.6920852125252454,3.564114149803051,-0.5202918560061071,-0.5571855720281238,-0.9839569250979142,-0.0357388704963752,0.642620125916841,89.49,-0.2923287542512347
2021-08-22,russia_ukraine_war,2022-02-24,1665,-2.9432005245358384,2.9432005245358384,3.449768378537141,0.8921597088709563,0.7036548674608155,3.558503132879333,0.1592350175184638,0.1473680276708426,-0.8464707142943996,0.388410152353388,0.6235377504499279,89.49,-0.2923287542512347
2021-08-23,russia_ukraine_war,2022-02-24,2379,-2.84103715199001,2.84103715199001,3.27552063895604,1.1631440050136896,0.6972122786509182,3.530180803683196,-0.0451357492606277,-0.1508863960891738,-0.5967148142283532,0.152221798979121,0.5272170073180257,89.49,-0.2923287542512347
2021-08-24,russia_ukraine_war,2022-02-24,3593,-2.6418306263017834,2.6418306263017834,3.0187540529771564,1.499610148414143,0.6808029915375735,3.479719391566284,-0.4436346377349592,-0.5903857567469616,-0.2866067906900852,-0.449350428848377,0.3556039778624834,89.49,-0.2923287542512347
2021-08-25,russia_ukraine_war,2022-02-24,2556,-2.2907511595709944,2.2907511595709944,2.683752087060766,0.9944070357914812,0.6627553290572151,3.3968100620841226,-1.1459448495868652,-1.1637981782972644,-0.7522332491427947,-1.1109862726479918,0.0736395895176585,89.49,-0.2923287542512347
2021-08-26,russia_ukraine_war,2022-02-24,3049,-3.4979998396902108,3.4979998396902108,4.08824011168859,1.7483413259430156,0.7267819662440188,3.473797109843889,1.26907270808366,1.2402201892881983,-0.0573607421091369,1.2362605337928074,0.3354630292636884,89.49,-0.2923287542512347
2021-08-27,russia_ukraine_war,2022-02-24,1578,-3.2029965951726016,3.2029965951726016,3.8355253095355226,0.9268442484194084,0.7080549423827616,3.513491226835669,0.6789391036224454,0.8076561406928464,-0.8145032958254812,0.5497189804042043,0.4704578180091878,89.49,-0.2923287542512347
2021-08-28,russia_ukraine_war,2022-02-24,1304,-3.150469473197485,3.150469473197485,3.5361795725988574,0.7711050315191595,0.7233857563194536,3.511732162366394,0.5738622259974633,0.2952753747230938,-0.958042197696072,1.11175387141446,0.4644754570344183,89.49,-0.2923287542512347
2021-08-29,russia_ukraine_war,2022-02-24,1114,-3.317822726288836,3.317822726288836,3.700258974401253,0.705415505254478,0.7139172920247983,3.5289399016052814,0.9086408438618302,0.5761249716998422,-1.01858573099553,0.7646354914082539,0.5229968526312081,89.49,-0.2923287542512347
2021-08-30,russia_ukraine_war,2022-02-24,2332,-2.680044090874096,2.680044090874096,3.081185500439227,1.079384751629923,0.6874139026574824,3.4818284159715067,-0.3671912425991353,-0.4835237943934298,-0.6739125264777153,-0.2069912999658705,0.3627765093512465,89.49,-0.2923287542512347
2021-08-31,russia_ukraine_war,2022-02-24,2284,-3.1222097927200987,3.1222097927200987,3.709670355544289,1.2360883203829929,0.6977167417595803,3.5014291757653795,0.5173306880873889,0.5922341394075571,-0.5294848182504096,0.1707156551739997,0.4294362722620334,89.49,-0.2923287542512347
2021-09-01,russia_ukraine_war,2022-02-24,2208,-2.7200819446722133,2.7200819446722133,3.1488655994478187,1.0471326980212443,0.6809633910410954,3.4623576622922485,-0.2870982828914877,-0.3676778788116489,-0.7036380153443139,-0.4434701071738537,0.296558881177495,80.7,-0.4725544341123401
2021-09-02,russia_ukraine_war,2022-02-24,2184,-2.823721305489664,2.823721305489664,3.5129063027547964,1.0772059665088063,0.6859105975376273,3.4679671109330563,-0.079774903573172,0.2554392442628704,-0.6759206297025913,-0.2621031767834962,0.3156359231079499,80.7,-0.4725544341123401
2021-09-03,russia_ukraine_war,2022-02-24,1469,-2.350241272390478,2.350241272390478,2.9347136498549915,0.6389354599455107,0.6584039866885713,3.4110509559738125,-1.0269389899551384,-0.7342350948561336,-1.079857855575867,-1.270508542242294,0.1220711105559986,80.7,-0.4725544341123401
2021-09-04,russia_ukraine_war,2022-02-24,976,-2.261598865077178,2.261598865077178,2.8641334827959355,0.4265407339239487,0.6548954042819104,3.348139215546138,-1.204262000152725,-0.8550449665118095,-1.2756139813804994,-1.399134832970967,-0.0918839475803037,80.7,-0.4725544341123401
2021-09-05,russia_ukraine_war,2022-02-24,1034,-2.756944634368106,2.756944634368106,3.188427819722026,0.5479812948148477,0.6945193866708544,3.3247789575535016,-0.2133570195506575,-0.2999604596995426,-1.1636868438246897,0.0534991051438527,-0.1713292994799142,80.7,-0.4725544341123401
2021-09-06,russia_ukraine_war,2022-02-24,1817,-3.3101205585183875,3.3101205585183875,4.256072177141026,1.081473697406361,0.7056078873075827,3.423006382739936,0.8932331894952743,1.5274931036474204,-0.671987224753557,0.460008783792752,0.162730040215255,80.7,-0.4725544341123401
2021-09-07,russia_ukraine_war,2022-02-24,1849,-2.8693180516890666,2.8693180516890666,3.659677856796202,0.9515055625858404,0.6917618213047209,3.449843624463277,0.0114382362360442,0.5066635377901154,-0.7917739022623776,-0.0475945456178473,0.2540001842949068,80.7,-0.4725544341123401
2021-09-08,russia_ukraine_war,2022-02-24,2301,-2.622727355823105,2.622727355823105,3.2914802739661804,1.044716600195366,0.6835122844221754,3.429400843190612,-0.48184941019624,-0.1235687863754813,-0.7058648406465153,-0.3500264700944535,0.1844768103439184,80.7,-0.4725544341123401
2021-09-09,russia_ukraine_war,2022-02-24,2189,-2.304625915139232,2.304625915139232,2.8672305473600046,0.8808518531866169,0.6561893558830155,3.36950422931573,-1.1181893598874504,-0.8497438176468392,-0.8568927339998204,-1.3516979551833426,-0.0192241748243566,80.7,-0.4725544341123401
2021-09-10,russia_ukraine_war,2022-02-24,2412,-2.9379567651176,2.9379567651176,3.6564591323333993,1.2164833086381173,0.6890358554942428,3.3968544324401746,0.1487452391722196,0.5011541474691659,-0.5475540105388353,-0.1475297417213545,0.0737904876178239,80.7,-0.4725544341123401
2021-09-11,russia_ukraine_war,2022-02-24,1584,-3.620870620166693,3.620870620166693,4.3380583227011895,1.051221190907044,0.7136347070204824,3.490496227067685,1.5148672134428072,1.667826233128106,-0.6998698072409609,0.7542757914759697,0.3922546642137609,80.7,-0.4725544341123401
2021-09-12,russia_ukraine_war,2022-02-24,1143,-2.956566599641337,2.956566599641337,3.4514080946412533,0.6433122647629166,0.6966433936610118,3.4883653673994712,0.1859729271045275,0.150174678608971,-1.0758239213511005,0.1313662061436901,0.3850078736927279,80.7,-0.4725544341123401
2021-09-13,russia_ukraine_war,2022-02-24,1579,-2.35320230136986,2.35320230136986,2.8680967213372046,0.6813157660797632,0.6684048144411643,3.421545223692568,-1.0210156561037635,-0.8482612146525806,-1.0407975422872349,-0.90387346603878,0.1577608187821692,80.7,-0.4725544341123401
2021-09-14,russia_ukraine_war,2022-02-24,2031,-2.6818029453710945,2.6818029453710945,3.10080146577052,0.9628097371734008,0.6903182394261512,3.389806297670933,-0.363672775723512,-0.4499477580531817,-0.7813552752835923,-0.1005169401584552,0.0498206518756505,80.7,-0.4725544341123401
2021-09-15,russia_ukraine_war,2022-02-24,2422,-1.9176907815939908,1.9176907815939908,2.365637943762736,0.7967280948630806,0.6441632656881127,3.2807320489534235,-1.892226355396172,-1.7083042403406414,-0.9344263965629334,-1.792580110552464,-0.3211273948145734,80.7,-0.4725544341123401
2021-09-16,russia_ukraine_war,2022-02-24,2929,-1.780581455972169,1.780581455972169,2.366874588793284,0.86217408608079,0.6329275193388734,3.186506390636998,-2.16650408636405,-1.7061875135936064,-0.8741073202365175,-2.2044878866751567,-0.6415772196958119,80.7,-0.4725544341123401
2021-09-17,russia_ukraine_war,2022-02-24,2586,-2.2127286931572776,2.2127286931572776,2.620798250334544,0.9696646006494302,0.6544649183797526,3.1209344282867333,-1.3020234019057444,-1.2715542980690353,-0.7750374088180617,-1.4149166497812036,-0.864579363991773,80.7,-0.4725544341123401
2021-09-18,russia_ukraine_war,2022-02-24,1305,-2.721125759068402,2.721125759068402,3.1858027408703453,0.6664724025371681,0.6884846363728218,3.1282366686273115,-0.2850102043246954,-0.3044537253345224,-1.0544781048672731,-0.1677376954614491,-0.8397453465894122,80.7,-0.4725544341123401
2021-09-19,russia_ukraine_war,2022-02-24,1220,-2.0288254584005085,2.0288254584005085,2.4728345876756386,0.4679986149787835,0.6349287543304716,3.057301348764051,-1.669909114405462,-1.5248190867535003,-1.23740383213913,-2.131121665218587,-1.0809876072880993,80.7,-0.4725544341123401
2021-09-20,russia_ukraine_war,2022-02-24,2554,-3.244362822898605,3.244362822898605,3.650494967505332,1.407472410156927,0.7205135142188007,3.1186915044131647,0.7616893835755627,0.4909454724626407,-0.3715266331903308,1.0064561173185798,-0.8722072710326912,80.7,-0.4725544341123401
2021-09-21,russia_ukraine_war,2022-02-24,2399,-3.4888184531139714,3.4888184531139714,4.074685720266828,1.438190773348583,0.7356994231299903,3.2201223031274493,1.250705978717521,1.2170195600425393,-0.3432146883407787,1.5631787215480146,-0.5272536536601863,80.7,-0.4725544341123401
2021-09-22,russia_ukraine_war,2022-02-24,2481,-2.669670373291443,2.669670373291443,3.2089230028897298,1.131165193093174,0.686733733166306,3.2219026267490656,-0.3879431477475825,-0.26487949359786,-0.6261884666426771,-0.2319266352598996,-0.5211989929343039,80.7,-0.4725544341123401
2021-09-23,russia_ukraine_war,2022-02-24,2250,-2.36870628156899,2.36870628156899,3.0485606606362703,0.9262190559985252,0.6657307769153591,3.19882680578833,-0.9900010151178013,-0.5393667156220566,-0.8150795118572395,-1.001904946662016,-0.5996770096229871,80.7,-0.4725544341123401
2021-09-24,russia_ukraine_war,2022-02-24,1981,-2.512306864053736,2.512306864053736,2.9492820511532045,0.8832324140285394,0.6679253984848316,3.168978056549646,-0.7027379733738846,-0.7092988165161737,-0.8546986617816164,-0.9214490817809524,-0.7011889187713347,80.7,-0.4725544341123401
2021-09-25,russia_ukraine_war,2022-02-24,1557,-2.727886063566642,2.727886063566642,3.2174364581067114,0.7802257228319076,0.6778247752926359,3.1720636395169115,-0.2714866823467414,-0.2503072777054079,-0.9496360040514036,-0.5585332452037679,-0.6906952322406839,80.7,-0.4725544341123401
2021-09-26,russia_ukraine_war,2022-02-24,2289,-1.6378036511371192,1.6378036511371192,2.0404345219194835,0.6495810718129911,0.6132758506183089,3.0497343558696164,-2.452121218277792,-2.2649447994653733,-1.0700462007620553,-2.924927358000142,-1.1067220154230475,80.7,-0.4725544341123401
2021-09-27,russia_ukraine_war,2022-02-24,2390,-2.376982146973196,2.376982146973196,3.0510901978707774,0.976845591188668,0.664772128927896,3.0497037389181605,-0.9734457182802826,-0.5350369855947338,-0.7684189634652416,-1.0370494353614363,-1.106826139893046,80.7,-0.4725544341123401
2021-09-28,russia_ukraine_war,2022-02-24,2311,-2.799625650517277,2.799625650517277,3.3729872122943023,1.1191756255390528,0.6886793615506548,3.080172755352024,-0.1279765962154344,0.0159440990251499,-0.6372387942022675,-0.1605989783292551,-1.0032047786312692,80.7,-0.4725544341123401
2021-09-29,russia_ukraine_war,2022-02-24,2312,-2.7834828418640973,2.7834828418640973,3.1931489703536595,1.1131192520540258,0.6788525125275621,3.0917149315372026,-0.1602691693774902,-0.2918794133427451,-0.6428207228690576,-0.5208559120103565,-0.9639512631517791,80.7,-0.4725544341123401
2021-09-30,russia_ukraine_war,2022-02-24,2494,-2.0827590650293617,2.0827590650293617,2.577116064647556,0.8862510788930685,0.6450310433283207,3.0350871481357835,-1.562018661425788,-1.3463237335404594,-0.8519164734003342,-1.760766971768737,-1.15653535965614,80.7,-0.4725544341123401
2021-10-01,russia_ukraine_war,2022-02-24,2257,-2.263885892740857,2.263885892740857,2.636532010734382,0.8875101376329488,0.6479360770911147,2.993584927847772,-1.1996869593565596,-1.244623310884276,-0.8507560469354397,-1.6542670598269902,-1.2976792843694531,79.03,-0.5067952629369188
2021-10-02,russia_ukraine_war,2022-02-24,1440,-2.396062031192118,2.396062031192118,2.7669363603805097,0.6401061598620985,0.6615259220568527,2.970383300499114,-0.9352777284155378,-1.0214142508815034,-1.0787788660715434,-1.1560569148401991,-1.376585153043454,79.03,-0.5067952629369188
2021-10-03,russia_ukraine_war,2022-02-24,1545,-3.107922348486769,3.107922348486769,3.578912243018386,0.8829590122803311,0.7074415696240373,3.0333926429434257,0.4887496432323047,0.3684195545118433,-0.8549506457551357,0.5272324449194054,-1.1622981625046795,79.03,-0.5067952629369188
2021-10-04,russia_ukraine_war,2022-02-24,2364,-2.394615795310581,2.394615795310581,2.777649051245371,0.9752976134542506,0.6659145162523484,2.9996536997666463,-0.9381708233544364,-1.003077671890582,-0.7698456755583216,-0.995168975651896,-1.2770401407073653,79.03,-0.5067952629369188
2021-10-05,russia_ukraine_war,2022-02-24,2319,-2.320162841504051,2.320162841504051,2.786968251533125,0.9301511305264588,0.6618083562396619,2.973565620696935,-1.0871088123737709,-0.9871262872791646,-0.8114554685941069,-1.1457027440956924,-1.3657624751409745,79.03,-0.5067952629369188
2021-10-06,russia_ukraine_war,2022-02-24,3146,-2.975695014908193,2.975695014908193,3.3863131417087167,1.5242942801457395,0.700529737769536,3.015364086815937,0.2242379999769268,0.0387536769750144,-0.2638563670466189,0.2738414195591393,-1.22361105494969,79.03,-0.5067952629369188
2021-10-07,russia_ukraine_war,2022-02-24,2321,-3.0307799719432893,3.0307799719432893,3.574831238486877,1.2159000703507292,0.6980036330859056,3.075218523111648,0.3344316498802321,0.3614342262784121,-0.5480915590443873,0.1812332269082129,-1.0200535105182686,79.03,-0.5067952629369188
2021-10-08,russia_ukraine_war,2022-02-24,3242,-1.582422463426658,1.582422463426658,1.107346261918234,0.8298317561885117,0.5817882869965082,2.8643538344518333,-2.5629074571761468,-3.862082885577416,-0.9039160133137882,-4.079276335258413,-1.737178269973467,79.03,-0.5067952629369188
2021-10-09,russia_ukraine_war,2022-02-24,1598,-1.3615191351334073,1.3615191351334073,1.2424361640451984,0.3983088448656863,0.5804913079394703,2.6850665101748845,-3.004809299904502,-3.630853711462809,-1.3016342377668588,-4.12682420101264,-2.3469123136989944,79.03,-0.5067952629369188
2021-10-10,russia_ukraine_war,2022-02-24,1477,-2.837936231237033,2.837936231237033,3.19151252335089,0.7751964975542134,0.6874099970782634,2.7342758395546523,-0.0513389269378594,-0.2946804686620174,-0.9542712493543412,-0.2071344803475321,-2.1795574629712404,79.03,-0.5067952629369188
2021-10-11,russia_ukraine_war,2022-02-24,2434,-2.682454498513651,2.682454498513651,3.103451005029536,1.1189730196364682,0.6705279084447987,2.772493098907126,-0.3623693886874009,-0.4454126243015066,-0.6374255283425073,-0.8260398355567529,-2.0495852846308726,79.03,-0.5067952629369188
2021-10-12,russia_ukraine_war,2022-02-24,2383,-2.042593071602238,2.042593071602238,2.5731791937685684,0.8374078990147099,0.6441952058117002,2.7496479171461936,-1.6423679556061748,-1.3530623526941588,-0.8969333711551098,-1.7914091705127828,-2.127278925890311,79.03,-0.5067952629369188
2021-10-13,russia_ukraine_war,2022-02-24,2172,-2.82804650510358,2.82804650510358,3.40309037354003,1.0739235129082634,0.693380728652391,2.8207214884216496,-0.0711226406384078,0.067470741679361,-0.6789459421103511,0.0117553635559773,-1.8855664892160025,79.03,-0.5067952629369188
2021-10-14,russia_ukraine_war,2022-02-24,2030,-2.6654928113251697,2.6654928113251697,3.211797311902969,0.9565582420302924,0.6825208078432392,2.864495152104279,-0.3963000717707345,-0.259959628464958,-0.7871170401476463,-0.386374470486522,-1.7366976660935045,79.03,-0.5067952629369188
2021-10-15,russia_ukraine_war,2022-02-24,2187,-3.607908484700933,3.607908484700933,4.49124750243181,1.37793267835004,0.7261138785562471,3.0374999333826502,1.4889373571917954,1.9300353764815008,-0.3987522784035601,1.2117681231267703,-1.148329775066452,79.03,-0.5067952629369188
2021-10-16,russia_ukraine_war,2022-02-24,1616,-3.556294290746137,3.556294290746137,4.223275754643287,1.0505304749741289,0.7368677862679719,3.161806954819795,1.385686728983583,1.471356489669134,-0.7005064137970263,1.6060114668691412,-0.7255769499572696,79.03,-0.5067952629369188
2021-10-17,russia_ukraine_war,2022-02-24,1335,-3.5716457115559543,3.5716457115559543,4.2053784691203004,0.8925784537320479,0.728370006003978,3.2757320708048203,1.4163961854538414,1.4407222639778317,-0.8460847731119449,1.2944788225995425,-0.3381317028847735,79.03,-0.5067952629369188
2021-10-18,russia_ukraine_war,2022-02-24,1945,-2.245212844784003,2.245212844784003,2.8606523771301258,0.7772054946960362,0.6635315229291058,3.2298621998487933,-1.237041101393453,-0.8610034665583514,-0.9524196332403144,-1.0825306381335844,-0.4941294680139083,79.03,-0.5067952629369188
2021-10-19,russia_ukraine_war,2022-02-24,2391,-2.317674063589541,2.317674063589541,2.7702258911960493,0.9527990820212434,0.6683174734476788,3.176694696376534,-1.0920874406047756,-1.0157836635339246,-0.7905817146875235,-0.9070754281757588,-0.674945579903976,79.03,-0.5067952629369188
2021-10-20,russia_ukraine_war,2022-02-24,3381,-3.214755302805888,3.214755302805888,3.6502210819017686,1.7415986370326373,0.7094128758568865,3.226484401270284,0.70246158565746,0.4904766710132606,-0.0635752215518492,0.5995014639227323,-0.5056169437429968,79.03,-0.5067952629369188
2021-10-21,russia_ukraine_war,2022-02-24,2832,-2.3288398486306985,2.3288398486306985,2.877559162238494,1.0978545797220944,0.6734568732601424,3.190647522483492,-1.0697510592414037,-0.832064649548425,-0.656889589706517,-0.7186625999081835,-0.627493741811661,79.03,-0.5067952629369188
2021-10-22,russia_ukraine_war,2022-02-24,4026,-3.0700749274382897,3.0700749274382897,3.4974264022387795,1.898909721074872,0.7035963363048994,3.2243525347808712,0.4130384928704739,0.2289427811273006,0.0814124103684859,0.3862643724899131,-0.512867158338563,79.03,-0.5067952629369188
2021-10-23,russia_ukraine_war,2022-02-24,2258,-2.59140965535736,2.59140965535736,3.0189307899992577,1.0162814680735737,0.6783559068168186,3.2027141137852304,-0.5444983057685855,-0.5900832414959137,-0.7320724184200794,-0.5390617122806728,-0.5864567552981723,79.03,-0.5067952629369188
2021-10-24,russia_ukraine_war,2022-02-24,1188,-2.1218253567111254,2.1218253567111254,2.545266537430148,0.477955308883227,0.6570770840732619,3.1397572883241134,-1.4838692445921158,-1.4008395763863613,-1.2282271267610567,-1.3191534197977983,-0.8005651420641663,79.03,-0.5067952629369188
2021-10-25,russia_ukraine_war,2022-02-24,2287,-1.9457827097622584,1.9457827097622584,2.4166651161322434,0.7711741466055936,0.6402216089368434,3.0639444618977523,-1.8360303943879668,-1.6209626201408167,-0.9579784969544932,-1.9370831116160496,-1.058395200098838,79.03,-0.5067952629369188
2021-10-26,russia_ukraine_war,2022-02-24,2221,-2.384840034808993,2.384840034808993,2.887286580229404,0.9225590331142518,0.6663330696383408,3.043596394521891,-0.9577265566840312,-0.8154145314204866,-0.8184528154867698,-0.9798246105288418,-1.1275964637861586,79.03,-0.5067952629369188
2021-10-27,russia_ukraine_war,2022-02-24,2032,-1.9673246563436413,1.9673246563436413,2.401210731036944,0.7065928722558519,0.6527831870387794,2.9749843533744817,-1.7929372189079134,-1.647415409326174,-1.0175005966932036,-1.4765697162677955,-1.3609375405510094,79.03,-0.5067952629369188
2021-10-28,russia_ukraine_war,2022-02-24,3008,-2.293156684334831,2.293156684334831,2.818267090515949,1.1339848416347849,0.6597220230261056,2.9606443823720685,-1.1411327635305744,-0.9335530403169858,-0.6235897040228352,-1.222188706624126,-1.4097060106114017,79.03,-0.5067952629369188
2021-10-29,russia_ukraine_war,2022-02-24,2027,-2.4931516610807503,2.4931516610807503,3.025727544119294,0.8935994026086665,0.675456388190305,2.969302028851358,-0.7410566332012314,-0.5784494493538561,-0.8451438034349898,-0.6453594367175017,-1.3802624243553598,79.03,-0.5067952629369188
2021-10-30,russia_ukraine_war,2022-02-24,1968,-2.360465214747919,2.360465214747919,2.802395625890428,0.8252546657702476,0.6681573133254666,2.952807212164224,-1.0064866997945132,-0.9607197315319906,-0.9081345431451076,-0.9129469740182328,-1.4363592584160971,79.03,-0.5067952629369188
2021-10-31,russia_ukraine_war,2022-02-24,2104,-1.486598155605532,1.486598155605532,1.880499524556561,0.5497427847346616,0.6153813172743764,2.83619696801816,-2.754597363034476,-2.538700548562689,-1.1620633456860792,-2.8477399544183624,-1.832936294688719,79.03,-0.5067952629369188
2021-11-01,russia_ukraine_war,2022-02-24,3654,-2.364168588421357,2.364168588421357,2.8197758765672924,1.3593194431110895,0.6695966647047308,2.83478750404634,-0.9990783566824007,-0.930970498268507,-0.415907388077504,-0.860179671583358,-1.837729707555405,86.57,-0.35219894596846213
2021-11-02,russia_ukraine_war,2022-02-24,2829,-1.9625651829167816,1.9625651829167816,2.3820431031382663,0.9244048823018628,0.6510576086215172,2.787276866934059,-1.802458216594983,-1.680224040459697,-0.8167515666254884,-1.539830237312568,-1.999307515709308,86.57,-0.35219894596846213
2021-11-03,russia_ukraine_war,2022-02-24,2730,-2.615705723935841,2.615705723935841,3.043731698472918,1.1974343134073409,0.6952969061325901,2.811030445853266,-0.4958956995569099,-0.5476322996167302,-0.5651107435928809,0.0820033364090351,-1.918524527922682,86.57,-0.35219894596846213
2021-11-04,russia_ukraine_war,2022-02-24,2632,-2.5002635048622577,2.5002635048622577,2.786825394323162,1.1113993092699597,0.6963917486154401,2.8042581825330783,-0.7268298811802192,-0.9873708115119604,-0.6444059285957772,0.1221407797348103,-1.9415561589431407,86.57,-0.35219894596846213
2021-11-05,russia_ukraine_war,2022-02-24,1891,-2.250117226383321,2.250117226383321,2.629634916367485,0.7605494043875368,0.6588650228345361,2.795202687076295,-1.2272302249212594,-1.2564288522988318,-0.9677709170076568,-1.253606739042598,-1.9723527804280685,86.57,-0.35219894596846213
2021-11-06,russia_ukraine_war,2022-02-24,1426,-3.1400100095772583,3.1400100095772583,3.899617216301656,0.8316861394862979,0.7155797839421669,2.9203184085102536,0.5529387918263288,0.9173602594732038,-0.9022068988883454,0.8255832315244807,-1.546849666522918,86.57,-0.35219894596846213
2021-11-07,russia_ukraine_war,2022-02-24,1401,-2.094044196493108,2.094044196493108,2.804380755038241,0.5460839062110839,0.6592381961793097,2.90658670999034,-1.5394435357914618,-0.957321847855028,-1.1654355946019614,-1.239926027697208,-1.5935494770060812,86.57,-0.35219894596846213
2021-11-08,russia_ukraine_war,2022-02-24,2726,-3.382024395217057,3.382024395217057,3.940525833472569,1.5464238475731529,0.7192281737026034,3.014603363715668,1.0370718458970465,0.9873822641801904,-0.2434603879822282,0.9593349259770644,-1.2261981802467692,86.57,-0.35219894596846213
2021-11-09,russia_ukraine_war,2022-02-24,3199,-3.195765900218702,3.195765900218702,3.897422815069488,1.6585339190090909,0.7161880163290439,3.1101984373475084,0.6644745980442717,0.9136041712933972,-0.1401328070245361,0.8478813185457555,-0.9010911430323386,86.57,-0.35219894596846213
2021-11-10,russia_ukraine_war,2022-02-24,2862,-2.706944268974211,2.706944268974211,3.4597441795471138,1.2868565434226762,0.689265755616511,3.1454658819158547,-0.3133792952463938,0.1644432952693024,-0.4826936815664178,-0.1391014944870048,-0.781150920402286,86.57,-0.35219894596846213
2021-11-11,russia_ukraine_war,2022-02-24,2914,-2.8087772393122945,2.8087772393122945,3.4155015307543115,1.3545096782610666,0.6879706770150569,3.1735944022865668,-0.1096694752514544,0.0887145325717964,-0.4203403650666605,-0.1865796886405415,-0.685489297145771,86.57,-0.35219894596846213
2021-11-12,russia_ukraine_war,2022-02-24,2779,-3.023840703632222,3.023840703632222,3.497106489141856,1.4041433019324112,0.6972016348824954,3.200455472407829,0.3205501231620095,0.2283951958524178,-0.3745949453872607,0.1518315933938129,-0.5941381156281493,86.57,-0.35219894596846213
2021-11-13,russia_ukraine_war,2022-02-24,1643,-3.3856557959515183,3.3856557959515183,3.91903240076082,1.014560990351587,0.725683296673199,3.270632982907078,1.044336212118425,0.9505926254538656,-0.7336581171786969,1.1959827876116906,-0.3554730709694447,86.57,-0.35219894596846213
2021-11-14,russia_ukraine_war,2022-02-24,1567,-3.124285511760915,3.124285511760915,3.864526381896595,0.8985907497810078,0.7086819029115337,3.328139968930913,0.5214830205859983,0.8572963721602296,-0.8405434689384345,0.5727036499665165,-0.1598989149481504,86.57,-0.35219894596846213
2021-11-15,russia_ukraine_war,2022-02-24,1883,-2.8807319059835206,2.8807319059835206,3.4659781402998897,0.9702024223163932,0.7036620400935174,3.345266694439859,0.0342708629978125,0.1751137715494056,-0.7745417190809832,0.3886731044611828,-0.1016530370398178,86.57,-0.35219894596846213
2021-11-16,russia_ukraine_war,2022-02-24,2836,-3.239716028171605,3.239716028171605,3.8443973505300426,1.528976584593436,0.722814806550608,3.401111866334292,0.7523937918409016,0.8228421366819892,-0.2595408654534871,1.0908225828063962,0.0882694943999439,86.57,-0.35219894596846213
2021-11-17,russia_ukraine_war,2022-02-24,2490,-3.08396134709495,3.08396134709495,3.676613876226144,1.310565805043892,0.707227947165353,3.428807821392569,0.4408173157727315,0.5356523942769158,-0.4608417585568677,0.5194009445320312,0.182460016460713,86.57,-0.35219894596846213
2021-11-18,russia_ukraine_war,2022-02-24,3299,-3.438119293419611,3.438119293419611,4.012493802854809,1.827550600564265,0.7242856179294537,3.493444090176131,1.149285813313877,1.1105675938084592,0.0156434280889348,1.1447432237077704,0.4022799825161608,86.57,-0.35219894596846213
2021-11-19,russia_ukraine_war,2022-02-24,2034,-2.7783491594647174,2.7783491594647174,3.392846052185922,0.9987089724821844,0.6798527805034745,3.482806741939034,-0.1705387462543789,0.0499358561788239,-0.7482683180176058,-0.484185614846453,0.366103675120872,86.57,-0.35219894596846213
2021-11-20,russia_ukraine_war,2022-02-24,1148,-2.9119369394109897,2.9119369394109897,3.344800051337609,0.6360911898280479,0.6915860415014589,3.470805684176148,0.0966943759459416,-0.0323029856646143,-1.0824793109639823,-0.0540387163563437,0.3252895600781122,86.57,-0.35219894596846213
2021-11-21,russia_ukraine_war,2022-02-24,1532,-3.7884191605272224,3.7884191605272224,4.276902271895447,1.0683962035534418,0.727864699218704,3.560978292266092,1.85003648999384,1.5631473274713965,-0.6840402525279918,1.275954036820978,0.6319554617847372,86.57,-0.35219894596846213
2021-11-22,russia_ukraine_war,2022-02-24,1612,-3.208723281790568,3.208723281790568,3.9308799194316255,0.9458258489807772,0.7050528869778417,3.6063306983415298,0.6903949444590661,0.970871653822567,-0.7970086778701967,0.4396622091669865,0.7861933927738961,86.57,-0.35219894596846213
2021-11-23,russia_ukraine_war,2022-02-24,2047,-2.5663872955146463,2.5663872955146463,3.168236045242912,0.9274648641031482,0.6868007751548402,3.5640727749878502,-0.5945538074640075,-0.3345220906075719,-0.8139312979979544,-0.2294688442466833,0.6424794152810924,86.57,-0.35219894596846213
2021-11-24,russia_ukraine_war,2022-02-24,2344,-2.134011118394608,2.134011118394608,2.658488535873041,0.863107967156722,0.653101167890514,3.4749351664126027,-1.4594924704412489,-1.2070410112874714,-0.8732465976337909,-1.464912387825482,0.3393334190775179,86.57,-0.35219894596846213
2021-11-25,russia_ukraine_war,2022-02-24,2270,-3.2980507598678708,3.2980507598678708,3.975291783262398,1.2990883668837452,0.7115545138297913,3.5313604909326712,0.8690883913782307,1.0468900566253774,-0.471420075968405,0.6780149250902539,0.5312289779347705,86.57,-0.35219894596846213
2021-11-26,russia_ukraine_war,2022-02-24,2242,-3.367769819601848,3.367769819601848,4.020052891170917,1.3129985170098863,0.7173265211399945,3.585720887503001,1.0085565524411255,1.123506249628568,-0.4585996206347929,0.8896194434737347,0.7161019719014281,86.57,-0.35219894596846213
2021-11-27,russia_ukraine_war,2022-02-24,1469,-3.0612010254876587,3.0612010254876587,3.682912043416968,0.8322166358759542,0.7030745151331357,3.6003026504207924,0.3952868652491422,0.5464327707154242,-0.9017179605802356,0.3671341614906703,0.7656927463991151,86.57,-0.35219894596846213
2021-11-28,russia_ukraine_war,2022-02-24,1511,-3.233489955394117,3.233489955394117,3.7189826523650367,0.9009867526402988,0.7035344441580036,3.622323664106063,0.7399389635022342,0.6081737075697115,-0.8383351644012305,0.3839953771072409,0.8405834938370887,86.57,-0.35219894596846213
2021-11-29,russia_ukraine_war,2022-02-24,1816,-2.3956521048380006,2.3956521048380006,3.0173706472368336,0.782333519718378,0.6674815076544883,3.5629195785102654,-0.9360977577589928,-0.5927536892257311,-0.9476933279774384,-0.937722329599538,0.6385575365073222,86.57,-0.35219894596846213
2021-11-30,russia_ukraine_war,2022-02-24,2262,-2.3888259228773188,2.3888259228773188,2.836476660186584,0.9382059952540128,0.6612595498369487,3.492784893628114,-0.9497530630481008,-0.902384287585446,-0.8040316067003502,-1.1658222464266452,0.4000381364824096,86.57,-0.35219894596846213
2021-12-01,russia_ukraine_war,2022-02-24,1994,-2.693622207066795,2.693622207066795,3.215998123397477,0.9522104842697404,0.6845218488973356,3.466057557038816,-0.3400291594712249,-0.2527692303878819,-0.7911242028069312,-0.3130153588705098,0.3091417661878063,105.35,0.03285660213069173
2021-12-02,russia_ukraine_war,2022-02-24,2569,-2.763143843728893,2.763143843728893,3.346775081240126,1.2044155755333013,0.6801641501146043,3.4572216286863964,-0.200955929620704,-0.0289223885509871,-0.5586763803080511,-0.4727706576120961,0.279091865303194,105.35,0.03285660213069173
2021-12-03,russia_ukraine_war,2022-02-24,2395,-2.9079540882171533,2.9079540882171533,3.359897468855206,1.1971034113800951,0.7038770454255787,3.451522083843141,0.0887269573675637,-0.0064612067537353,-0.5654157233825766,0.3965553016407135,0.2597084173171861,105.35,0.03285660213069173
2021-12-04,russia_ukraine_war,2022-02-24,2369,-3.0885845216025314,3.0885845216025314,3.3380872769799623,1.260127225979229,0.7104710170189836,3.4370775569937067,0.4500656568907198,-0.0437930322654144,-0.5073290749499623,0.6382934194685086,0.2105843657361439,105.35,0.03285660213069173
2021-12-05,russia_ukraine_war,2022-02-24,1729,-2.8921469924983065,2.8921469924983065,3.4016385615135656,0.9056091028862212,0.7074521826080585,3.436832010568946,0.0571059547312023,0.0649857202931322,-0.8340749203113559,0.5276215219339933,0.2097492926762083,105.35,0.03285660213069173
2021-12-06,russia_ukraine_war,2022-02-24,2604,-2.2168159020550764,2.2168159020550764,2.7573347637375782,0.9769238748322908,0.6576778717689387,3.3623481193701843,-1.2938472229522278,-1.0378490045305215,-0.7683468124138642,-1.297128258677564,-0.0435612208037028,105.35,0.03285660213069173
2021-12-07,russia_ukraine_war,2022-02-24,3398,-2.2828873803815424,2.2828873803815424,2.738352561869564,1.2415538774471,0.6576727646616979,3.293547604188091,-1.1616757964289817,-1.0703402477079167,-0.5244474225660876,-1.2973154876448778,-0.277543274479602,105.35,0.03285660213069173
2021-12-08,russia_ukraine_war,2022-02-24,3811,-2.491634158289904,2.491634158289904,2.836972523174322,1.478987190176474,0.6619327827392872,3.244450842860384,-0.7440922926673037,-0.9015355343676008,-0.3056141854726986,-1.141141209760694,-0.4445152951670615,105.35,0.03285660213069173
2021-12-09,russia_ukraine_war,2022-02-24,3411,-2.298920996783924,2.298920996783924,2.657340354694279,1.253960346879562,0.6540149647476398,3.1815528529006416,-1.1296016548189198,-1.2090063172172183,-0.5130128524310184,-1.4314121627806125,-0.6584235896604278,105.35,0.03285660213069173
2021-12-10,russia_ukraine_war,2022-02-24,3071,-2.736124503347404,2.736124503347404,3.173270194860649,1.375301896999263,0.6740109125618862,3.1789362028493624,-0.2550062528826257,-0.3259052936438383,-0.4011769693302777,-0.6983512570233995,-0.6673224932678938,105.35,0.03285660213069173
2021-12-11,russia_ukraine_war,2022-02-24,1578,-2.4623364684148537,2.4623364684148537,2.766246439504396,0.7125210176193407,0.6599410770692365,3.131300972052338,-0.8027002966457765,-1.0225951669372293,-1.0120368509999822,-1.2141580817815798,-0.8293240291533994,105.35,0.03285660213069173
2021-12-12,russia_ukraine_war,2022-02-24,1440,-2.6529678982210028,2.6529678982210028,2.9890733950675044,0.7087383679807192,0.6766147979161505,3.1122435297970954,-0.4213552949016256,-0.6411892136121292,-1.015523175036379,-0.6028915881936469,-0.8941360362276156,105.35,0.03285660213069173
2021-12-13,russia_ukraine_war,2022-02-24,2082,-2.950158608649645,2.950158608649645,3.459715080563381,1.0814149563757691,0.6969199199202939,3.146956097158973,0.1731541839498009,0.1643934874459923,-0.672041364123163,0.1415037896170058,-0.7760828824365655,105.35,0.03285660213069173
2021-12-14,russia_ukraine_war,2022-02-24,2636,-2.9538754813389034,2.9538754813389034,3.486577286559247,1.3146462322606791,0.6995921113736192,3.1789421566607388,0.1805895309102124,0.2103726880340776,-0.4570809842733058,0.2394675923498627,-0.6673022450908366,105.35,0.03285660213069173
2021-12-15,russia_ukraine_war,2022-02-24,2434,-3.152646303081102,3.152646303081102,3.882689143015142,1.3151112742300468,0.7062328588219475,3.250454904882924,0.5782168237498315,0.8883850041523925,-0.4566523728102759,0.4829205351460092,-0.4240962218692355,105.35,0.03285660213069173
2021-12-16,russia_ukraine_war,2022-02-24,2302,-3.0230821189430404,3.0230821189430404,3.5403726426753166,1.2046224064320772,0.7023431342450966,3.2768393920158445,0.3190326269132887,0.3024525220562311,-0.5584857521498127,0.3403213921626055,-0.3343658402259172,105.35,0.03285660213069173
2021-12-17,russia_ukraine_war,2022-02-24,2173,-2.2031446415103124,2.2031446415103124,2.663878604945592,0.8369434972025613,0.6595693246249564,3.211517594380933,-1.321195634919705,-1.197814998088533,-0.8973613926096239,-1.2277867022427351,-0.5565172052261032,105.35,0.03285660213069173
2021-12-18,russia_ukraine_war,2022-02-24,1974,-2.7110385114902966,2.7110385114902966,3.261848495029506,0.9502579631255016,0.6874705560990905,3.2160925849084365,-0.3051890460255525,-0.1742885786263794,-0.7929237671459676,-0.2049143579971628,-0.540958227559441,105.35,0.03285660213069173
2021-12-19,russia_ukraine_war,2022-02-24,1456,-2.67918045234857,2.67918045234857,3.071065394098649,0.7227109608164233,0.6850939225233645,3.1949306379548443,-0.3689188917877186,-0.5008460649276439,-1.0026451686367033,-0.2920428691264719,-0.6129273951576316,105.35,0.03285660213069173
2021-12-20,russia_ukraine_war,2022-02-24,1772,-2.725303167087265,2.725303167087265,3.4153666302387524,0.8715267772603,0.6853845346106135,3.214127317730608,-0.2766535882626993,0.088483627564766,-0.8654873011548659,-0.2813888925367265,-0.5476418584751865,105.35,0.03285660213069173
2021-12-21,russia_ukraine_war,2022-02-24,2153,-2.1734964370341667,2.1734964370341667,2.6214828011889035,0.8193486947008229,0.6619766224455904,3.151843424135917,-1.3805048191353606,-1.270382573712138,-0.913577851636428,-1.1395340253896769,-0.7594616870861495,105.35,0.03285660213069173
2021-12-22,russia_ukraine_war,2022-02-24,2035,-3.0943539540574463,3.0943539540574463,3.762102325261772,1.1127597869436825,0.7013090517003218,3.2189640156481856,0.461607007820205,0.6819803074340979,-0.6431520281640657,0.3024114369085555,-0.5311928463018097,105.35,0.03285660213069173
2021-12-23,russia_ukraine_war,2022-02-24,2048,-2.9155888446738936,2.9155888446738936,3.337957745595588,1.05409451561281,0.6851572730482247,3.2273437147418003,0.103999760059504,-0.0440147470979761,-0.697221573345914,-0.2897204089177537,-0.5026945247715032,105.35,0.03285660213069173
2021-12-24,russia_ukraine_war,2022-02-24,1757,-3.1926405712000534,3.1926405712000534,3.8600946746943103,1.013571462032994,0.7098090727390186,3.289735442320288,0.6582225933182958,0.8497107570982029,-0.7345701277245807,0.6140262290387434,-0.2905079661016448,105.35,0.03285660213069173
2021-12-25,russia_ukraine_war,2022-02-24,1524,-3.3871959750146203,3.3871959750146203,3.8414590848746895,0.95089535420277,0.7158670969372245,3.3457833817858043,1.0474172339001018,0.8178127989585977,-0.7923363080774414,0.836116261833885,-0.0998958471991219,105.35,0.03285660213069173
2021-12-26,russia_ukraine_war,2022-02-24,1158,-2.8049544322797435,2.8049544322797435,3.175206808193136,0.6175121320178589,0.7070093484538439,3.3257227251613486,-0.117316736545031,-0.3225904529755145,-1.0996029206041469,0.5113870123621322,-0.1681196624228025,105.35,0.03285660213069173
2021-12-27,russia_ukraine_war,2022-02-24,1752,-2.688870180099663,2.688870180099663,3.103882836552475,0.8515566553204742,0.6819745288196276,3.3040164994150407,-0.3495352610301963,-0.4446734717458103,-0.8838930015976798,-0.4064013179040558,-0.241939854963972,105.35,0.03285660213069173
2021-12-28,russia_ukraine_war,2022-02-24,2262,-3.2927408438909938,3.2927408438909938,4.1603095274656345,1.2932165424742592,0.6981070168054511,3.3969566623296137,0.8584662714081787,1.3635791615479158,-0.4768319127843971,0.1850233229714029,0.0741381588440452,105.35,0.03285660213069173
2021-12-29,russia_ukraine_war,2022-02-24,2066,-2.7005246026153604,2.7005246026153604,3.4470574875397766,0.9835322727697444,0.6890377878943533,3.4032427689847866,-0.3262213941662947,0.1427278800612445,-0.7622561038438224,-0.1474588990192012,0.0955164310984063,105.35,0.03285660213069173
2021-12-30,russia_ukraine_war,2022-02-24,2454,-2.6282755854494178,2.6282755854494178,3.118169391381099,1.1037282128218024,0.6916022044216604,3.373472957493701,-0.4707505602391543,-0.4202196212214312,-0.6514760858896663,-0.0534461760560433,-0.0057270205210004,105.35,0.03285660213069173
2021-12-31,russia_ukraine_war,2022-02-24,2731,-2.410481777032444,2.410481777032444,2.665573232587957,1.1038099015778084,0.6744885447664839,3.298848583027274,-0.9064320233383576,-1.1949143567822154,-0.651400796475955,-0.6808410344636181,-0.2595153002413019,105.35,0.03285660213069173
2022-01-01,russia_ukraine_war,2022-02-24,1319,-2.314191845622444,2.314191845622444,2.7225809201180367,0.572190988295683,0.656862675093896,3.2378226860887,-1.0990533770093152,-1.0973360752214307,-1.1413736918387742,-1.327013754405419,-0.4670568376165578,138.67,0.7160328993971349
2022-01-02,russia_ukraine_war,2022-02-24,984,-2.6883284958590483,2.6883284958590483,3.07886243221116,0.5108074131127499,0.6856001625652466,3.2201441312092367,-0.3506188629204616,-0.4875001178589915,-1.197948594101783,-0.2734838697191909,-0.5271794190503014,138.67,0.7160328993971349
2022-01-03,russia_ukraine_war,2022-02-24,1697,-2.125207234451598,2.125207234451598,2.4825506753864293,0.654858839343631,0.6465944973526444,3.144867291931256,-1.4771040318769264,-1.5081883623128265,-1.0651818835351263,-1.7034500076604435,-0.7831866510001692,138.67,0.7160328993971349
2022-01-04,russia_ukraine_war,2022-02-24,1888,-2.301266142822571,2.301266142822571,2.742523488438995,0.7767906236771013,0.6680570220886439,3.10465594550227,-1.1249103522298984,-1.063201002725447,-0.9528020040500634,-0.9166236982019368,-0.9199404731717784,138.67,0.7160328993971349
2022-01-05,russia_ukraine_war,2022-02-24,1788,-3.0786225887878307,3.0786225887878307,3.704246415307329,0.9921139491209272,0.7040299810241213,3.169404508031706,0.4301374987141786,0.5829501499924152,-0.7543466997503976,0.4021619930279686,-0.6997386099574909,138.67,0.7160328993971349
2022-01-06,russia_ukraine_war,2022-02-24,2760,-3.7097835678106215,3.7097835678106215,4.361901016815979,1.71323242157718,0.722847842369679,3.29806758628225,1.692731420876128,1.708637029361036,-0.0897192814600792,1.0920336915608089,-0.2621713736999275,138.67,0.7160328993971349
2022-01-07,russia_ukraine_war,2022-02-24,2653,-3.8573926404557537,3.8573926404557537,4.526853915845545,1.7256896621202436,0.7319753996537058,3.428421378282618,1.9880131701792256,1.9909817643107188,-0.0782379175269702,1.4266542592946574,0.1811457711784493,138.67,0.7160328993971349
2022-01-08,russia_ukraine_war,2022-02-24,2352,-4.124244608456417,4.124244608456417,4.600780617033641,1.6727444077112217,0.7503120651425305,3.555788507591232,2.5218320913619725,2.1175197941086443,-0.1270355410696499,2.0988850900946825,0.6143056451642438,138.67,0.7160328993971349
2022-01-09,russia_ukraine_war,2022-02-24,2539,-3.1677952526466977,3.1677952526466977,3.5247424718873672,1.3677006198279642,0.7047114482507997,3.5556421337055872,0.6085212504877978,0.2756988459807906,-0.4081827768571067,0.4271449039193843,0.6138078456597341,138.67,0.7160328993971349
2022-01-10,russia_ukraine_war,2022-02-24,2934,-3.047531612124542,3.047531612124542,3.687523511645266,1.477639211003308,0.7031553209134938,3.5700883423728293,0.3679421484409009,0.5543260771217227,-0.3068565665126944,0.3700965396229789,0.6629376168953953,138.67,0.7160328993971349
2022-01-11,russia_ukraine_war,2022-02-24,2621,-2.8776178556166165,2.8776178556166165,3.3590256005875228,1.2748190571509457,0.6837002055556896,3.5482776646733414,0.0280414204352404,-0.0079535564874973,-0.4937881739821156,-0.3431371924455751,0.5887621961636976,138.67,0.7160328993971349
2022-01-12,russia_ukraine_war,2022-02-24,2264,-2.839035667223017,2.839035667223017,3.4815984640957183,1.1158400554296946,0.6858307966754958,3.539394723431797,-0.0491395812244126,0.2018505928354076,-0.6403130620722306,-0.2650287141382498,0.558552410250352,138.67,0.7160328993971349
2022-01-13,russia_ukraine_war,2022-02-24,2875,-3.2569612693736545,3.2569612693736545,4.055483217891118,1.5539222264182848,0.701509272343327,3.593848268344517,0.7868917051333807,1.1841512353538737,-0.2365494179217501,0.3097516203935403,0.7437421902235001,138.67,0.7160328993971349
2022-01-14,russia_ukraine_war,2022-02-24,3126,-3.1872003787151213,3.1872003787151213,3.725623123049361,1.6245050954345062,0.7088787536095107,3.612889232382243,0.6473398641966364,0.6195399942269144,-0.1714958770659917,0.579920289672646,0.8084981569153823,138.67,0.7160328993971349
2022-01-15,russia_ukraine_war,2022-02-24,1930,-3.07743581542818,3.07743581542818,3.6726877054314087,1.0583364805751094,0.7123675229209031,3.621137937085243,0.4277634406201577,0.5289320901238611,-0.6933119158776093,0.7078202229563875,0.8365509827040519,138.67,0.7160328993971349
2022-01-16,russia_ukraine_war,2022-02-24,1580,-4.821517806918347,4.821517806918347,5.385378619140274,1.396727462675886,0.7845659102575591,3.810342788013457,3.9166789398276576,3.4604917348875808,-0.3814298418540399,3.3546472554570093,1.4800133095261063,138.67,0.7160328993971349
2022-01-17,russia_ukraine_war,2022-02-24,2216,-3.2169794384770607,3.2169794384770607,3.7625054740783086,1.2421423117230903,0.7096466250154656,3.8074761290757015,0.7069108153687691,0.6826703646954132,-0.5239050851158306,0.6080708186489883,1.470264156577627,138.67,0.7160328993971349
2022-01-18,russia_ukraine_war,2022-02-24,2434,-2.700755758878526,2.700755758878526,3.1426188076066737,1.1266073025609258,0.6822791337012122,3.743868367807994,-0.3257589820358836,-0.3783703176657112,-0.6303893006706557,-0.3952343588548147,1.2539420175390803,138.67,0.7160328993971349
2022-01-19,russia_ukraine_war,2022-02-24,3041,-2.4637986426539378,2.4637986426539378,2.8758500626540844,1.2288912700243186,0.6650517997293541,3.652172213791645,-0.7997753181240249,-0.8349900620267849,-0.5361180653268546,-1.0267965714844545,0.9420947243299872,138.67,0.7160328993971349
2022-01-20,russia_ukraine_war,2022-02-24,4540,-3.1474481155325784,3.1474481155325784,3.6032878930360144,2.126864917672605,0.7072512944991093,3.648749066072378,0.567818208779709,0.4101425947490438,0.2915100289810843,0.5202568688317647,0.9304530217748505,138.67,0.7160328993971349
2022-01-21,russia_ukraine_war,2022-02-24,4637,-3.087618861818629,3.087618861818629,3.531535974741012,2.11867223885685,0.7046817673408323,3.63521329323125,0.4481339212249325,0.2873270730315229,0.2839591490935533,0.4260567877197178,0.884419530323878,138.67,0.7160328993971349
2022-01-22,russia_ukraine_war,2022-02-24,2982,-2.5415473988757906,2.5415473988757906,2.8369018008956206,1.24823118749874,0.6731717865403749,3.5498344816328307,-0.6442443041292295,-0.9016565874873242,-0.5182932003262534,-0.7291140139123344,0.5940567383399397,138.67,0.7160328993971349
2022-01-23,russia_ukraine_war,2022-02-24,3145,-2.983580413757092,2.983580413757092,3.439537986424096,1.5279533789879602,0.694895673077335,3.540264599666001,0.2400121954537401,0.1298569844179959,-0.2604839150714384,0.0672939428040235,0.5615107518730017,138.67,0.7160328993971349
2022-01-24,russia_ukraine_war,2022-02-24,4398,-3.157619964605336,3.157619964605336,3.497717922901584,2.08484761591394,0.7210634845345384,3.538184884201188,0.5881662899242321,0.2294417679578212,0.2527842829933739,1.026618289251585,0.5544378964702386,138.67,0.7160328993971349
2022-01-25,russia_ukraine_war,2022-02-24,5100,-3.1776908894452607,3.1776908894452607,3.595461595030624,2.334233663920608,0.7138743549956755,3.5407931855213404,0.6283167880654411,0.3967465644339101,0.482633900740272,0.7630613996096745,0.5633084070744054,138.67,0.7160328993971349
2022-01-26,russia_ukraine_war,2022-02-24,4499,-3.0311296053199235,3.0311296053199235,3.654475143521304,2.034787105043796,0.7038019339394989,3.5533068442454003,0.3351310672887779,0.4977582156693029,0.2066454176491123,0.3938016790302743,0.6058658146680181,138.67,0.7160328993971349
2022-01-27,russia_ukraine_war,2022-02-24,4173,-2.754699456830404,2.754699456830404,3.1824759769535027,1.7498508109106068,0.686863499122862,3.5165788902998565,-0.2178483420618593,-0.3101480434208795,-0.0559695073324976,-0.2271693539080438,0.4809585800528788,138.67,0.7160328993971349
2022-01-28,russia_ukraine_war,2022-02-24,4623,-2.970112283781282,2.970112283781282,3.35263164685292,2.0335855181649887,0.7006185043299092,3.50397844246688,0.2130701321521201,-0.0188978877668982,0.2055379608086396,0.2770956436525737,0.438106013420308,138.67,0.7160328993971349
2022-01-29,russia_ukraine_war,2022-02-24,2863,-3.1910193946873084,3.1910193946873084,3.626163136285888,1.517403256682832,0.7123526634038537,3.521186939927948,0.6549795417359362,0.4492974354962656,-0.2702075607942013,0.7072754660322084,0.496629987637076,138.67,0.7160328993971349
2022-01-30,russia_ukraine_war,2022-02-24,3560,-3.283763745787775,3.283763745787775,3.543390275240135,1.85090797398707,0.710188696021513,3.5259726260511,0.8405082070149643,0.3076177096443347,0.0371710291544913,0.6279433981520579,0.5129055149987464,138.67,0.7160328993971349
2022-01-31,russia_ukraine_war,2022-02-24,3438,-2.946870391327979,2.946870391327979,3.3676002785635792,1.6171788176119737,0.6989258359619099,3.515023073122869,0.1665763324300332,0.006723452493076,-0.1782482281717428,0.2150416205815539,0.4756674380134287,138.67,0.7160328993971349
2022-02-01,russia_ukraine_war,2022-02-24,3836,-2.5889408598334245,2.5889408598334245,2.9691652252810656,1.5443381445802178,0.6777651475495018,3.4616889161491056,-0.5494369606081285,-0.6752654072089319,-0.245382700956396,-0.5607192264733815,0.2942845581503159,216.16,2.3048483638382122
2022-02-02,russia_ukraine_war,2022-02-24,4257,-2.6611075178189925,2.6611075178189925,3.152822640931705,1.7154666059646095,0.6840385623365401,3.4277570537074875,-0.4050725483841781,-0.3609047342623522,-0.0876601188423972,-0.3307328728032368,0.178886485357915,216.16,2.3048483638382122
2022-02-03,russia_ukraine_war,2022-02-24,3386,-2.5699684770084623,2.5699684770084623,2.957872870529748,1.3938735741264596,0.6805639028601932,3.373014897269873,-0.5873899013631398,-0.6945941788035864,-0.384060162184391,-0.4581155328596926,-0.0072848267611848,216.16,2.3048483638382122
2022-02-04,russia_ukraine_war,2022-02-24,2843,-2.26633607144238,2.26633607144238,2.700127226865164,1.0716956690208856,0.6527544803182145,3.295638041610708,-1.1947855461837376,-1.1357693619803828,-0.6809992609307361,-1.4776221182231364,-0.2704339550227584,216.16,2.3048483638382122
2022-02-05,russia_ukraine_war,2022-02-24,2363,-2.623094620260045,2.623094620260045,3.013689628921276,1.067982993712129,0.6909374763648567,3.2586784986320945,-0.4811147230699465,-0.5990543735226751,-0.6844210922936248,-0.077815421061554,-0.3961287953327541,216.16,2.3048483638382122
2022-02-06,russia_ukraine_war,2022-02-24,2955,-2.986855807621791,2.986855807621791,3.260754845037818,1.4564223664997158,0.7283248628128108,3.257428262979337,0.2465643945340111,-0.1761605452231928,-0.3264113236369409,1.2928238518568085,-0.4003806923546991,216.16,2.3048483638382122
2022-02-07,russia_ukraine_war,2022-02-24,3959,-2.392598830841944,2.392598830841944,2.729891270318338,1.461438720603388,0.6684193103120211,3.199386044651845,-0.9422056213916358,-1.0848231766798693,-0.3217879412046513,-0.9033420405560412,-0.5977751073271346,216.16,2.3048483638382122
2022-02-08,russia_ukraine_war,2022-02-24,3716,-2.468009351058152,2.468009351058152,2.9259216203474607,1.437268478815504,0.6717260266130346,3.1696477877479405,-0.791352086942356,-0.7492841376773127,-0.3440647320684559,-0.7821162567511798,-0.6989112456932619,216.16,2.3048483638382122
2022-02-09,russia_ukraine_war,2022-02-24,3363,-2.3316194881375614,2.3316194881375614,2.768430800461761,1.2579605559978166,0.6640718777473407,3.1255876243140506,-1.0641905824948847,-1.0188562643828036,-0.5093260121122131,-1.062720974887548,-0.848754419080436,216.16,2.3048483638382122
2022-02-10,russia_ukraine_war,2022-02-24,4081,-2.590573324554303,2.590573324554303,2.9448804382893203,1.618600235148022,0.6731368754854308,3.101383607649872,-0.5461713277454692,-0.7168329200373355,-0.1769381617910014,-0.7303938697009184,-0.9310692899982076,216.16,2.3048483638382122
2022-02-11,russia_ukraine_war,2022-02-24,4071,-2.543055770885215,2.543055770885215,2.876999602117788,1.5860140922328436,0.6875422088934602,3.074258688125483,-0.6412269101604086,-0.8330224311630476,-0.2069715680411349,-0.2022875326609176,-1.023317790744345,216.16,2.3048483638382122
2022-02-12,russia_ukraine_war,2022-02-24,4573,-2.8998466594098664,2.8998466594098664,3.2533569510313742,1.9698856703724368,0.7139900151127351,3.0898527625105188,0.0725086063023729,-0.1888232897685966,0.1468282383414781,0.7673015542129611,-0.9702842699904914,216.16,2.3048483638382122
2022-02-13,russia_ukraine_war,2022-02-24,4252,-3.334518831748969,3.334518831748969,3.6390057799410673,2.1477156179866586,0.7220237813923785,3.13512372935148,0.9420402490506248,0.4712797882782243,0.3107273249575306,1.0618232263190126,-0.8163233037781571,216.16,2.3048483638382122
2022-02-14,russia_ukraine_war,2022-02-24,6179,-3.019912646588492,3.019912646588492,3.4041957266355936,2.533701149492209,0.6939345097533306,3.160052165367208,0.3126923164943688,0.0693627401142398,0.6664754816066637,0.0320572406771407,-0.7315447721283478,216.16,2.3048483638382122
2022-02-15,russia_ukraine_war,2022-02-24,6862,-3.040798458673444,3.040798458673444,3.484670109062238,2.7363397101063383,0.710329388114149,3.1944029362661714,0.3544729402564818,0.2071082317676949,0.8532397215079027,0.6331012368211081,-0.6147220434174175,216.16,2.3048483638382122
2022-02-16,russia_ukraine_war,2022-02-24,5999,-3.0222969141444804,3.0222969141444804,3.430008980782556,2.4852879895302813,0.7042629076430771,3.2210238804548066,0.3174618789753394,0.1135464825230748,0.6218549168232196,0.4107011930625401,-0.5241875005355424,216.16,2.3048483638382122
2022-02-17,russia_ukraine_war,2022-02-24,6574,-3.05757755884711,3.05757755884711,3.470402917718112,2.674327727905742,0.7055312700060064,3.245227927597563,0.3880383706343507,0.1826875251160847,0.796085640441774,0.4571999572738992,-0.4418725259638923,216.16,2.3048483638382122
2022-02-18,russia_ukraine_war,2022-02-24,6177,-3.4891791736138265,3.4891791736138265,3.933294793507624,2.9267735239467174,0.7280993935351803,3.316253325171174,1.2514275751498944,0.975005118496034,1.0287553113620909,1.284558041482842,-0.2003239220989892,216.16,2.3048483638382122
2022-02-19,russia_ukraine_war,2022-02-24,6134,-4.091268647130341,4.091268647130341,4.573767260543124,3.415612138592788,0.7557271640058059,3.451596549156444,2.455865959532635,2.0712818739309014,1.4792992355888326,2.29740517598175,0.2599616646495363,216.16,2.3048483638382122
2022-02-20,russia_ukraine_war,2022-02-24,4475,-4.001784637166657,4.001784637166657,4.408971752655568,2.67593292266366,0.7604301865958485,3.5526877624275217,2.2768593813919,1.7892065404924116,0.7975650872851952,2.4698202088514094,0.6037603938763676,216.16,2.3048483638382122
2022-02-21,russia_ukraine_war,2022-02-24,7202,-3.53381656849668,3.53381656849668,4.040833413621028,3.282393973795562,0.7214814311993261,3.604501680013563,1.3407215989463164,1.1590756220846463,1.3565171292908609,1.0419404116882705,0.7799731273666415,216.16,2.3048483638382122
2022-02-22,russia_ukraine_war,2022-02-24,13734,-3.559471036316892,3.559471036316892,3.913588310768768,4.863217332296784,0.7324165080331341,3.6371671962186194,1.3920415889689075,0.9412741463310916,2.8135017825267914,1.442825501146488,0.8910645130316093,216.16,2.3048483638382122
2022-02-23,russia_ukraine_war,2022-02-24,12150,-3.592801186858657,3.592801186858657,4.056490139286892,4.585997714612733,0.7355784373889693,3.6813196162441937,1.458716251847989,1.185874751316779,2.557999024189177,1.5587433270510695,1.0412214396912742,216.16,2.3048483638382122
2022-02-24,russia_ukraine_war,2022-02-24,26965,-4.251835704137148,4.251835704137148,4.719523758489538,8.109267448524882,0.7595887605757758,3.793628368830914,2.777069261089883,2.320768727584186,5.805262485925705,2.4389731329272224,1.4231696345044829,216.16,2.3048483638382122
2022-02-25,russia_ukraine_war,2022-02-24,26543,-3.551148363229533,3.551148363229533,3.961988375611991,6.725248157897172,0.7337543306864852,3.813829538867527,1.3753926565958876,1.0241190284768606,4.529664642951718,1.491870712462222,1.4918713184862469,216.16,2.3048483638382122
2022-02-26,russia_ukraine_war,2022-02-24,17044,-3.365693100653286,3.365693100653286,3.686290957384335,5.154214538956822,0.7196851414818034,3.8014077362978287,1.0044022196961702,0.5522163524175125,3.081702819637082,0.9760875809266616,1.449626302327253,216.16,2.3048483638382122
2022-02-27,russia_ukraine_war,2022-02-24,16751,-3.163497915289513,3.163497915289513,3.4468332899768366,4.801659917510095,0.7100012440816466,3.765417056217884,0.599924724072206,0.1423441280820003,2.7567666589250512,0.6210713213642521,1.3272264450586042,216.16,2.3048483638382122
2022-02-28,russia_ukraine_war,2022-02-24,23205,-3.351296956194762,3.351296956194762,3.748339245764847,5.968132678208212,0.7258567771449836,3.765811904134474,0.975603727552312,0.6584224733159221,3.831860154738671,1.202342663770552,1.3285692740500576,216.16,2.3048483638382122
2022-03-01,russia_ukraine_war,2022-02-24,24886,-3.0874049103064403,3.0874049103064403,3.4913668522306027,5.678767179986005,0.7101078763615243,3.741251254707116,0.4477059260099164,0.2185708382815652,3.5651630011202906,0.6249805111859235,1.245041539157125,318.95,4.412402133226498
2022-03-02,russia_ukraine_war,2022-02-24,26056,-3.050007835179858,3.050007835179858,3.4451046515389123,5.72826356201403,0.7058249350998814,3.713250720270451,0.3728956615436913,0.1393852715571927,3.6107819304065503,0.467965858530751,1.1498151802530754,318.95,4.412402133226498
2022-03-03,russia_ukraine_war,2022-02-24,22534,-3.013823235613312,3.013823235613312,3.4380856378616014,5.293795570281021,0.7054486966724947,3.6883861845342087,0.3005108706472069,0.1273710446597718,3.2103493375598777,0.4541727798068553,1.0652539655606308,318.95,4.412402133226498
2022-03-04,russia_ukraine_war,2022-02-24,21859,-3.0769666156894613,3.0769666156894613,3.394998475151588,5.327489507696894,0.7098863209307705,3.662884836442826,0.426824838966895,0.0536200914685092,3.2414037557894786,0.616858184289868,0.9785270307094416,318.95,4.412402133226498
2022-03-05,russia_ukraine_war,2022-02-24,16298,-3.4311168561690675,3.4311168561690675,3.838798544057547,5.134634461209062,0.7280067709731933,3.6850328668875343,1.1352779214975204,0.8132588341828441,3.063656608063704,1.2811624545462066,1.0538497464567491,318.95,4.412402133226498
2022-03-06,russia_ukraine_war,2022-02-24,15284,-3.4373087957819424,3.4373087957819424,3.9463837818767566,4.973789025303319,0.727498356939167,3.714954340616539,1.1476644687991515,0.9974091318452012,2.91541149870506,1.2625237555585296,1.155608982613518,318.95,4.412402133226498
2022-03-07,russia_ukraine_war,2022-02-24,20752,-3.266767212934606,3.266767212934606,3.801629913613128,5.517043715838296,0.7231727799615625,3.729540568987716,0.8065078175874327,0.7496384481634923,3.416108646587749,1.1039460573877964,1.205214943566581,318.95,4.412402133226498
2022-03-08,russia_ukraine_war,2022-02-24,22652,-2.939223039102824,2.939223039102824,3.268893707723063,5.175466509936232,0.7034594477570357,3.685369944426156,0.1512783327738101,-0.1622295076895903,3.101289951495617,0.3812459735714473,1.054996105528711,318.95,4.412402133226498
2022-03-09,russia_ukraine_war,2022-02-24,22047,-2.9331583098141465,2.9331583098141465,3.3571683271173205,5.099186124580341,0.7037590838362102,3.6558010826176304,0.1391462609348672,-0.0111325935869262,3.030985226929916,0.3922307739738918,0.9544360589577474,318.95,4.412402133226498
2022-03-10,russia_ukraine_war,2022-02-24,21672,-3.080616325303505,3.080616325303505,3.563810624662584,5.3120433953777,0.7086753944438785,3.6500200755504064,0.4341258308366432,0.3425705851571664,3.2271676626294177,0.5724650464635117,0.9347755680104936,318.95,4.412402133226498
2022-03-11,russia_ukraine_war,2022-02-24,20742,-3.0965390207323327,3.0965390207323327,3.501018433538378,5.22833896425981,0.7088824002696759,3.638566052093234,0.4659780827043044,0.2350911491231505,3.150020477973545,0.5800539779593179,0.8958218490700485,318.95,4.412402133226498
2022-03-12,russia_ukraine_war,2022-02-24,12523,-3.5224470183574725,3.5224470183574725,4.006826802002726,4.573308664135588,0.7281591087441348,3.679553160408964,1.31797759958548,1.1008675651156965,2.546304009872799,1.286747229290809,1.0352139415939003,318.95,4.412402133226498
2022-03-13,russia_ukraine_war,2022-02-24,14412,-3.2963326155453183,3.2963326155453183,3.616407060691376,4.622745737121681,0.7179575302566404,3.673113749127937,0.8656513623933106,0.4325982650416254,2.591868276275045,0.9127525361826464,1.0133142992436848,318.95,4.412402133226498
2022-03-14,russia_ukraine_war,2022-02-24,19019,-3.226797720032742,3.226797720032742,3.642907931602422,5.222015627658598,0.7151066829288435,3.671411454283108,0.7265516091286603,0.4779589796294546,3.1441924995750314,0.8082391245802508,1.0075250047492907,318.95,4.412402133226498
2022-03-15,russia_ukraine_war,2022-02-24,20207,-3.139259883368745,3.139259883368745,3.633832724163178,5.233759832466469,0.7113747264441289,3.66847733103555,0.5514382161836617,0.4624252299704844,3.155016685640798,0.6714238344852121,0.9975464140165804,318.95,4.412402133226498
2022-03-16,russia_ukraine_war,2022-02-24,19560,-2.6865118109782657,2.6865118109782657,3.092017767133552,4.408237866002153,0.6832326762551134,3.608964819929639,-0.3542530154824767,-0.4649825411829291,2.3941645451537026,-0.3602770377648453,0.7951517149199818,318.95,4.412402133226498
2022-03-17,russia_ukraine_war,2022-02-24,18089,-2.9134927083615305,2.9134927083615305,3.366315357011653,4.598461655758852,0.6969088768906411,3.5841250506263607,0.0998065842201006,0.0045240923293921,2.5694865638128,0.1410989469261364,0.7106747278068193,318.95,4.412402133226498
2022-03-18,russia_ukraine_war,2022-02-24,15977,-2.9968216535555645,2.9968216535555645,3.428982861922472,4.438554040720838,0.6972062813156591,3.565825771742349,0.2665003806348413,0.1117901068589801,2.4221058082128595,0.1520019338315426,0.6484411407074094,318.95,4.412402133226498
2022-03-19,russia_ukraine_war,2022-02-24,12606,-2.893654530588631,2.893654530588631,3.255332828836382,3.7708363230161694,0.7014543445938557,3.5274954301745494,0.0601216805024917,-0.1854412413267087,1.806695830774403,0.3077379431148874,0.5180843837209926,318.95,4.412402133226498
2022-03-20,russia_ukraine_war,2022-02-24,10056,-3.320621590720608,3.320621590720608,3.719821640936429,3.797990540931036,0.7182787462136717,3.542922223350732,0.9142397787420912,0.6096097781523393,1.8317228387318845,0.9245284651154702,0.5705490017466441,318.95,4.412402133226498
2022-03-21,russia_ukraine_war,2022-02-24,14436,-3.332313063809766,3.332313063809766,3.851410267060575,4.677385828154383,0.726889232851158,3.572724939382141,0.9376277627178208,0.8348459272833438,2.64222796615307,1.2401929783519476,0.671904357643218,318.95,4.412402133226498
2022-03-22,russia_ukraine_war,2022-02-24,14293,-3.2461330692606483,3.2461330692606483,3.878036980992777,4.53207369098925,0.7194145758809649,3.603059811509816,0.7652306390899722,0.8804220434473965,2.5082993063569234,0.9661685180115196,0.7750695106895804,318.95,4.412402133226498
2022-03-23,russia_ukraine_war,2022-02-24,15373,-3.0162996609652817,3.0162996609652817,3.685870603565872,4.377990355383468,0.7007875756194549,3.609294146261132,0.3054647884304732,0.5514968458907576,2.366286567179112,0.2832938771048334,0.7962717130939531,318.95,4.412402133226498
2022-03-24,russia_ukraine_war,2022-02-24,17329,-2.708709811200644,2.708709811200644,3.097866515415333,4.183380790884061,0.6834315479673321,3.549195789504019,-0.3098474500301919,-0.4549714210806327,2.186922347056889,-0.3529863067205968,0.5918846253031342,318.95,4.412402133226498
2022-03-25,russia_ukraine_war,2022-02-24,15725,-2.977593566113047,2.977593566113047,3.408028541910184,4.373567354928921,0.6994862489360051,3.5320198244503467,0.2280359204628751,0.0759232505337703,2.362210056195848,0.2355866253097414,0.5334712897854121,318.95,4.412402133226498
2022-03-26,russia_ukraine_war,2022-02-24,9503,-2.8302416979238494,2.8302416979238494,3.199013466977592,3.129025557633896,0.6895949247244005,3.496028201302071,-0.0667313091002366,-0.2818413372941355,1.215163304123129,-0.1270339992815589,0.4110682252578602,318.95,4.412402133226498
2022-03-27,russia_ukraine_war,2022-02-24,8544,-2.811005921577723,2.811005921577723,3.158642189993881,2.9112780907270994,0.6882021863538581,3.460698066323696,-0.10521115039253,-0.3509435935539841,1.0144737610074512,-0.178092446766867,0.2909148002870165,318.95,4.412402133226498
2022-03-28,russia_ukraine_war,2022-02-24,13137,-2.4605431171650345,2.4605431171650345,2.7797019712349424,3.28078379474422,0.6693707599143153,3.3872491625149257,-0.8062877718915196,-0.9995637527431254,1.355033088614114,-0.8684614480620354,0.0411241510755354,318.95,4.412402133226498
2022-03-29,russia_ukraine_war,2022-02-24,14204,-2.699804965041848,2.699804965041848,3.0960112964129385,3.7566408977003416,0.6858974393366083,3.355942026908382,-0.3276609794015588,-0.4581469416115618,1.79361244816869,-0.2625855626572104,-0.0653475499653822,318.95,4.412402133226498
2022-03-30,russia_ukraine_war,2022-02-24,13000,-2.650507312548207,2.650507312548207,3.096824182531509,3.513640359712695,0.6899547301350343,3.328106865395896,-0.4262775265013051,-0.456755549783699,1.5696481116904202,-0.1138433627253064,-0.1600114959816899,318.95,4.412402133226498
2022-03-31,russia_ukraine_war,2022-02-24,14083,-2.615871123353488,2.615871123353488,3.009682838046328,3.6230558740026937,0.6904136323631574,3.293898610431865,-0.4955648294518332,-0.6059126725537414,1.6704922220011305,-0.0970197899631141,-0.2763495456019318,318.95,4.412402133226498
2022-04-01,russia_ukraine_war,2022-02-24,12413,-2.638459450366318,2.638459450366318,3.0108231555437595,3.408695420880972,0.6899815473349309,3.263469458742906,-0.4503784422287783,-0.6039608266421819,1.4729243604310944,-0.1128602314914833,-0.3798353317905106,191.14,1.791851036178956
2022-04-02,russia_ukraine_war,2022-02-24,8187,-3.015717413795066,3.015717413795066,3.445033980140981,3.0408999977085585,0.7092480155876812,3.27945134813085,0.3043000432026421,0.1392643055284968,1.1339413335098063,0.5934576084681346,-0.3254829001159087,191.14,1.791851036178956
2022-04-03,russia_ukraine_war,2022-02-24,9017,-3.325026950340692,3.325026950340692,3.7626305735291945,3.5602948818334785,0.7167191906321062,3.3267544945353364,0.923052396229737,0.6828844935255854,1.6126478069874868,0.867354419762811,-0.1646107422293035,191.14,1.791851036178956
2022-04-04,russia_ukraine_war,2022-02-24,13331,-3.252028875138021,3.252028875138021,3.777424827948997,4.371291855508119,0.7069165478500996,3.371687855417284,0.7770247913180499,0.7082073576129178,2.36011281508619,0.5079848983304517,-0.0117979321814116,191.14,1.791851036178956
2022-04-05,russia_ukraine_war,2022-02-24,13984,-3.638973444349188,3.638973444349188,4.3064219243776805,5.020853252570949,0.7396240288185242,3.470891006482031,1.551080662224403,1.6136751963657103,2.958788803624414,1.707056622585886,0.325579730701137,191.14,1.791851036178956
2022-04-06,russia_ukraine_war,2022-02-24,14443,-3.606626938673409,3.606626938673409,4.230845188718389,5.063744147005409,0.7390360341123104,3.551711300620111,1.4863737129249597,1.48431285400239,2.9983197066936977,1.6855004585109634,0.6004395678850313,191.14,1.791851036178956
2022-04-07,russia_ukraine_war,2022-02-24,13503,-3.250688963720335,3.250688963720335,3.7817237202663856,4.400348694083264,0.7171339383833772,3.575915966519412,0.7743443911215343,0.7155656375769027,2.38689339600807,0.8825592685167621,0.6827566467712575,191.14,1.791851036178956
2022-04-08,russia_ukraine_war,2022-02-24,12515,-3.187575254469486,3.187575254469486,3.79055634122333,4.137052891280292,0.71842939439011,3.598978975575874,0.648089777237459,0.7306841595166262,2.1442236872880067,0.9300512985263396,0.7611910917560736,191.14,1.791851036178956
2022-04-09,russia_ukraine_war,2022-02-24,7866,-3.703576395054685,3.703576395054685,4.288510897942004,3.641099423251122,0.7364295318916205,3.669487766764128,1.6803144007244872,1.5830174507825217,1.6871222738051426,1.589944854120167,1.0009827811172416,191.14,1.791851036178956
2022-04-10,russia_ukraine_war,2022-02-24,8052,-3.088900934812229,3.088900934812229,3.5107205775461447,3.082171383718321,0.7007048435982308,3.653027394790016,0.4506986196509885,0.2516980065620465,1.171979597374411,0.2802608820711866,0.9450030892707696,191.14,1.791851036178956
2022-04-11,russia_ukraine_war,2022-02-24,10743,-3.1440074320152576,3.1440074320152576,3.685599436606004,3.739036402676128,0.7154888448505388,3.6565203625854816,0.5609353591717087,0.5510326978590382,1.7773870559132474,0.8222493614075471,0.9568822412806608,191.14,1.791851036178956
2022-04-12,russia_ukraine_war,2022-02-24,11983,-2.934504246918947,2.934504246918947,3.574356078385702,3.716495752182404,0.7059535415812745,3.6479754746991992,0.1418387151020506,0.3606209095460957,1.756612197250704,0.4726806329746572,0.9278221330711364,191.14,1.791851036178956
2022-04-13,russia_ukraine_war,2022-02-24,13115,-3.404879122200994,3.404879122200994,4.030536948277336,4.53571975068725,0.7269935611771294,3.691414589343164,1.0827911478527328,1.1414514833427003,2.5116597406497245,1.2440177041335505,1.0755531962376963,191.14,1.791851036178956
2022-04-14,russia_ukraine_war,2022-02-24,12107,-3.299717059691636,3.299717059691636,3.853008810721872,4.20346293098818,0.7176692636815899,3.710261773542423,0.8724217090260401,0.8375821046346325,2.2054312903733493,0.9021845471796184,1.1396501416352554,191.14,1.791851036178956
2022-04-15,russia_ukraine_war,2022-02-24,9309,-3.673796169211221,3.673796169211221,4.223485318059026,4.011114207393343,0.744920391078529,3.76597176366702,1.6207411168868464,1.471715192834827,2.028150801164927,1.90122376842987,1.3291129365738874,191.14,1.791851036178956
2022-04-16,russia_ukraine_war,2022-02-24,6574,-3.5640400814610924,3.5640400814610924,3.9691930289999378,3.1173080747010555,0.7362656013482921,3.790236179434958,1.4011816480360617,1.036451009079757,1.204363746591357,1.583935082856012,1.4116332173828563,191.14,1.791851036178956
2022-04-17,russia_ukraine_war,2022-02-24,6286,-3.5157917964134766,3.5157917964134766,3.9618077840891983,2.984146208244595,0.7200092781965807,3.8087297071146713,1.304664287995562,1.0238099155971412,1.0816335283288556,0.9879705862200892,1.474527420642218,191.14,1.791851036178956
2022-04-18,russia_ukraine_war,2022-02-24,8799,-3.350115297684628,3.350115297684628,3.8665383649473615,3.5334973755646124,0.7278553020709928,3.81459411773967,0.973239901361287,0.8607402208257212,1.5879495665618464,1.2756095329406572,1.4944715567871911,191.14,1.791851036178956
2022-04-19,russia_ukraine_war,2022-02-24,11338,-3.142349068546193,3.142349068546193,3.621572748923531,3.8558438404752575,0.7176513870827506,3.793875658473188,0.5576179176530351,0.4414402125510125,1.8850440204576588,0.9015291826098184,1.4240106360318523,191.14,1.791851036178956
2022-04-20,russia_ukraine_war,2022-02-24,10202,-2.959114618041302,2.959114618041302,3.3898871649052857,3.413643682746496,0.7054552641356576,3.751842242119109,0.1910700618328716,0.0448712210623023,1.477484984842095,0.4544135461130836,1.2810601791128724,191.14,1.791851036178956
2022-04-21,russia_ukraine_war,2022-02-24,11392,-2.8026728382614623,2.8026728382614623,3.244061553475546,3.448460912516329,0.6952106001362468,3.701871534590448,-0.1218809077090707,-0.204733931985814,1.5095746988319825,0.0788393177568851,1.1111159753485806,191.14,1.791851036178956
2022-04-22,russia_ukraine_war,2022-02-24,10429,-2.7306263826808204,2.7306263826808204,3.14509540120458,3.191334336333096,0.6924174981950804,3.644741874352765,-0.2660048633285525,-0.3741312096106685,1.2725909312127737,-0.0235571206557476,0.9168250577175104,191.14,1.791851036178956
2022-04-23,russia_ukraine_war,2022-02-24,8096,-2.599936253950258,2.599936253950258,2.8237877163838703,2.603225865298372,0.6865895898686872,3.56057427630396,-0.5274414345140032,-0.9241035571214512,0.7305537629689827,-0.2372109967361778,0.6305814534028635,191.14,1.791851036178956
2022-04-24,russia_ukraine_war,2022-02-24,7320,-2.72562542191699,2.72562542191699,3.064432281478472,2.558588193918096,0.6903769350079925,3.510439803092672,-0.2760089397452512,-0.5121997570158305,0.6894129221485948,-0.0983651323627863,0.4600803027808175,191.14,1.791851036178956
2022-04-25,russia_ukraine_war,2022-02-24,9780,-2.0780587274547213,2.0780587274547213,2.401296105383002,2.3375676279196806,0.6495098938322138,3.3974356888998525,-1.571421361927075,-1.6472692767195265,0.4857066883195851,-1.5965701936197267,0.0757672690385422,191.14,1.791851036178956
2022-04-26,russia_ukraine_war,2022-02-24,10610,-3.044722941946292,3.044722941946292,3.5642534681527653,3.594629708877519,0.7077856234179905,3.416703331778021,0.362323597842436,0.3433285865538993,1.6442929087666671,0.5398456197570012,0.14129414246668,191.14,1.791851036178956
2022-04-27,russia_ukraine_war,2022-02-24,11774,-2.643967923469724,2.643967923469724,3.0572440303770536,3.3152092629087497,0.6799943265211779,3.3805388204539493,-0.4393591224483932,-0.5245036623362085,1.3867617308602258,-0.4789964708804939,0.0183031066089429,191.14,1.791851036178956
2022-04-28,russia_ukraine_war,2022-02-24,12277,-2.9286256945400755,2.9286256945400755,3.4465205769425253,3.76020468216166,0.6976844024563711,3.389549430238992,0.1300790773054213,0.1418088669298329,1.7968970525108876,0.1695300810205593,0.0489470774687004,191.14,1.791851036178956
2022-04-29,russia_ukraine_war,2022-02-24,11482,-2.748780805042569,2.748780805042569,3.266336014594797,3.3974796615758684,0.6909901863253993,3.378639157106906,-0.22968819595505,-0.1666074312825156,1.46258722244914,-0.0758830489741315,0.0118425862181053,191.14,1.791851036178956
2022-04-30,russia_ukraine_war,2022-02-24,7027,-3.6096286850482846,3.6096286850482846,4.054934636811133,3.2993545844187784,0.7348466605630706,3.4496368782748874,1.4923784991122446,1.1832122462209875,1.37214907782872,1.5319160424537728,0.2532970660461401,191.14,1.791851036178956
2022-05-01,russia_ukraine_war,2022-02-24,7318,-2.779595867250461,2.779595867250461,3.138871841667862,2.6087886680133785,0.6924387363093819,3.415115670268614,-0.1680447934827282,-0.3847838824534973,0.7356807862642539,-0.0227785213389713,0.1358947017861846,142.26,0.789640429624822
2022-05-02,russia_ukraine_war,2022-02-24,8539,-3.026991208636675,3.026991208636675,3.4156686062782984,3.1338250500730807,0.7109401656162412,3.4131731670209384,0.3268524907078003,0.0890005105377138,1.2195868134226395,0.6554926289701116,0.1292884881850175,142.26,0.789640429624822
2022-05-03,russia_ukraine_war,2022-02-24,9011,-2.5757640002084496,2.5757640002084496,2.9803307505639065,2.7568898244472417,0.6848558165987266,3.362565593779654,-0.575796357701138,-0.6561537256616277,0.8721799788465386,-0.3007719449573693,-0.0428216172002272,142.26,0.789640429624822
2022-05-04,russia_ukraine_war,2022-02-24,9821,-2.6735085902779314,2.6735085902779314,3.052700734607663,3.0149356747459937,0.6884572859794579,3.3250728112553114,-0.380265059906059,-0.5322802800698363,1.11001100638965,-0.1687403738200041,-0.1703299393378027,142.26,0.789640429624822
2022-05-05,russia_ukraine_war,2022-02-24,10555,-2.7990101889115016,2.7990101889115016,3.253291305307964,3.294466986417328,0.69528155114191,3.314976395403245,-0.1292077846263205,-0.1889356535068884,1.367644364989676,0.0814404151871764,-0.204666602509291,142.26,0.789640429624822
2022-05-06,russia_ukraine_war,2022-02-24,9856,-2.5937192211958098,2.5937192211958098,3.0771054623201506,2.9311997578137508,0.6794027357940183,3.287249273334816,-0.5398781789112909,-0.4905074684488265,1.0328348024584362,-0.5006844667843519,-0.2989631197217353,142.26,0.789640429624822
2022-05-07,russia_ukraine_war,2022-02-24,5955,-2.7689427187645337,2.7689427187645337,3.09077344669723,2.2655419417767537,0.6853770381583916,3.2609871918393627,-0.1893556808431059,-0.4671124056827507,0.4193233578957948,-0.2816637160213073,-0.3882772149119607,142.26,0.789640429624822
2022-05-08,russia_ukraine_war,2022-02-24,8218,-2.712083091530409,2.712083091530409,2.96736511404929,2.74124519903075,0.6795520644078136,3.228624306345252,-0.3030994358410012,-0.6783466014868483,0.8577609237289167,-0.4952100091641826,-0.4983393909109099,142.26,0.789640429624822
2022-05-09,russia_ukraine_war,2022-02-24,11003,-2.820168171128227,2.820168171128227,3.1919550303768425,3.4009864686127806,0.685324851481858,3.2222312300879663,-0.0868827033239109,-0.2939230431806167,1.4658193128703527,-0.2835769042694251,-0.5200814535688318,142.26,0.789640429624822
2022-05-10,russia_ukraine_war,2022-02-24,10355,-2.840704729071605,2.840704729071605,3.2190384391925653,3.306058315705868,0.6886140565887807,3.2199497111879563,-0.0458007383368135,-0.2475652166216634,1.378327651514503,-0.16299308912343,-0.5278406175272969,142.26,0.789640429624822
2022-05-11,russia_ukraine_war,2022-02-24,8790,-2.4245812526141526,2.4245812526141526,2.820662678707423,2.5556837152358565,0.6718032680444647,3.1733394835922666,-0.8782269967812686,-0.929452586690832,0.6867359748205352,-0.7792845493366524,-0.6863562441367181,142.26,0.789640429624822
2022-05-12,russia_ukraine_war,2022-02-24,9641,-2.4711967850790404,2.4711967850790404,2.8678465046473622,2.755967970613672,0.6771511973018572,3.137349631997308,-0.7849758454511654,-0.8486895027602112,0.871330341294806,-0.5832269329751719,-0.8087532838302656,142.26,0.789640429624822
2022-05-13,russia_ukraine_war,2022-02-24,8687,-2.815378889769839,2.815378889769839,3.259833870307522,2.946037574207502,0.6965268991967898,3.1442762957308323,-0.0964633297181254,-0.177736948958141,1.046510252442756,0.1270954639787476,-0.7851965560760791,142.26,0.789640429624822
2022-05-14,russia_ukraine_war,2022-02-24,5800,-2.6999713156368106,2.6999713156368106,3.128119597836219,2.169552783487439,0.6828930025044027,3.1380158023015814,-0.3273282065319925,-0.4031881630246163,0.330853808307938,-0.372729638145237,-0.8064877209129067,142.26,0.789640429624822
2022-05-15,russia_ukraine_war,2022-02-24,6559,-1.5446090146748983,1.5446090146748983,1.7820587618948154,1.3489450739015314,0.6053126024366954,2.9903824456470467,-2.6385506483060435,-2.7071985331721824,-0.4254690488690427,-3.2168638032745216,-1.3085705307533348,142.26,0.789640429624822
2022-05-16,russia_ukraine_war,2022-02-24,8679,-2.1628740491817577,2.1628740491817577,2.595159821513207,2.261958001237373,0.6565676782277016,2.9438390018541822,-1.4017541719740985,-1.315438797418084,0.4160201764644816,-1.3378284790654786,-1.466859033898695,142.26,0.789640429624822
2022-05-17,russia_ukraine_war,2022-02-24,9372,-2.784184548109508,2.784184548109508,3.2513957098641244,3.0523115474363136,0.6934202230382162,2.9725503718863937,-0.1588654545249497,-0.1921802851339239,1.144458924063846,0.0132032464227601,-1.369215210938864,142.26,0.789640429624822
2022-05-18,russia_ukraine_war,2022-02-24,10290,-2.8459652431747045,2.8459652431747045,3.502974010023743,3.299868379902568,0.6951319943739791,3.0262172572128687,-0.0352774434013384,0.2384384484290897,1.37262262354827,0.0759575933284665,-1.1867007630478428,142.26,0.789640429624822
2022-05-19,russia_ukraine_war,2022-02-24,9909,-3.165724922903101,3.165724922903101,3.810487782538502,3.5891357398837345,0.7081667772252076,3.107772395643125,0.604379698905849,0.7648001862636843,1.6392293268893805,0.553818898630651,-0.9093418111965608,142.26,0.789640429624822
2022-05-20,russia_ukraine_war,2022-02-24,8495,-2.604832158169171,2.604832158169171,3.074117309361556,2.688096299850237,0.6824866536918943,3.104014910872715,-0.5176475164554799,-0.4956221967139689,0.8087756085601118,-0.3876265778311119,-0.9221205527642596,142.26,0.789640429624822
2022-05-21,russia_ukraine_war,2022-02-24,5925,-2.4717213358253605,2.4717213358253605,2.8062265816477217,2.015388496375087,0.6715600296528442,3.0741390966751667,-0.7839265179322261,-0.9541624039902464,0.1887664592111282,-0.7882017838349924,-1.023724506494555,142.26,0.789640429624822
2022-05-22,russia_ukraine_war,2022-02-24,4808,-2.5515203832902973,2.5515203832902973,3.0137450333316287,1.7971057205072003,0.6807194864277729,3.067819770277112,-0.6242940379909971,-0.5989595395206779,-0.0124164577763696,-0.4524117656749398,-1.045215754991049,142.26,0.789640429624822
2022-05-23,russia_ukraine_war,2022-02-24,9292,-3.3577363014679658,3.3577363014679658,4.229122688943775,3.661958130006047,0.7240573999547679,3.1940442249245606,0.9884851927804652,1.4813645048362014,1.706346949013059,1.1363766447995167,-0.6159419763810704,142.26,0.789640429624822
2022-05-24,russia_ukraine_war,2022-02-24,9239,-3.0106756683081763,3.0106756683081763,3.545216274772435,3.272028800029114,0.7078073324448606,3.2290562971081305,0.2942143797658904,0.3107432161192044,1.34696394358885,0.5406414829513032,-0.4968702436872336,142.26,0.789640429624822
2022-05-25,russia_ukraine_war,2022-02-24,7893,-2.921452080230966,2.921452080230966,3.398144314378508,2.8784383766345973,0.7012390559232565,3.2478477188767374,0.1157287576125925,0.059004726403357,0.9842066478653512,0.2998453586105284,-0.4329629394283694,142.26,0.789640429624822
2022-05-26,russia_ukraine_war,2022-02-24,7602,-2.709820357465288,2.709820357465288,3.141139163608353,2.606580544319552,0.6875915445054454,3.23549039608646,-0.3076258789720611,-0.3809029781705183,0.733645642794839,-0.2004788657878141,-0.4749886678223005,142.26,0.789640429624822
2022-05-27,russia_ukraine_war,2022-02-24,6600,-2.845597205325955,2.845597205325955,3.2908026236717687,2.4954715177743862,0.6959364722096367,3.2411567355660944,-0.0360136776845097,-0.124728699259037,0.6312406867687768,0.1054501313340226,-0.4557181471763323,142.26,0.789640429624822
2022-05-28,russia_ukraine_war,2022-02-24,4911,-2.707399910941341,2.707399910941341,3.0842240108546,1.936060525011424,0.6849653253880826,3.220102718722603,-0.3124678149782834,-0.4783228708393878,0.1156528907484394,-0.2967573009375198,-0.5273202578019406,142.26,0.789640429624822
2022-05-29,russia_ukraine_war,2022-02-24,3582,-2.640196207943438,2.640196207943438,2.876824942598766,1.495179010577712,0.6795363869326724,3.1843277884759416,-0.446904178714365,-0.833321390416838,-0.2906908015881621,-0.4957847528189346,-0.6489863765376984,142.26,0.789640429624822
2022-05-30,russia_ukraine_war,2022-02-24,5910,-2.471496627153291,2.471496627153291,2.836774916621549,2.011714381578019,0.6767596642028156,3.1463755639066617,-0.7843760321022102,-0.9018737713437024,0.1853801676025386,-0.5975807215969285,-0.7780572043183634,142.26,0.789640429624822
2022-05-31,russia_ukraine_war,2022-02-24,8091,-3.008107705453676,3.008107705453676,3.639359008681137,3.010738331363308,0.7048014551094377,3.199313388504598,0.2890773475345085,0.4718843989008818,1.1061424749309972,0.4304445979339157,-0.5980222019092035,142.26,0.789640429624822
2022-06-01,russia_ukraine_war,2022-02-24,8523,-2.640335410560291,2.640335410560291,3.040684191344283,2.730330360815503,0.6856209414653827,3.183384107491027,-0.4466257134989461,-0.5528486225643949,0.8477011332490715,-0.2727221054109475,-0.6521957190009171,130.71,0.5528251164967485
2022-06-02,russia_ukraine_war,2022-02-24,7102,-2.394782707800096,2.394782707800096,2.828683964332908,2.204197662224481,0.6713779043707485,3.145569201347804,-0.9378369264536482,-0.9157228021450188,0.3627846729182306,-0.7948785828291991,-0.7807995437765719,130.71,0.5528251164967485
2022-06-03,russia_ukraine_war,2022-02-24,7220,-2.568444881722797,2.568444881722797,2.9670053343563563,2.3895868904817705,0.6774537926286676,3.127104787265839,-0.5904377484440765,-0.6789624251713018,0.533650860461293,-0.572133645154555,-0.843594735286196,130.71,0.5528251164967485
2022-06-04,russia_ukraine_war,2022-02-24,3649,-3.16062981866972,3.16062981866972,3.632670169669748,1.8153668035401256,0.710702171394081,3.180653947334392,0.5941872949840976,0.4604353216861003,0.0044140866278224,0.6467676482048869,-0.6614806564555712,130.71,0.5528251164967485
2022-06-05,russia_ukraine_war,2022-02-24,3358,-3.059296442505381,3.059296442505381,3.6560307507779215,1.648661276599889,0.7091870972140832,3.23199478006814,0.3914768786092845,0.5004209001152241,-0.1492320453421753,0.5912243120751927,-0.486876826111001,130.71,0.5528251164967485
2022-06-06,russia_ukraine_war,2022-02-24,7377,-2.578162936716371,2.578162936716371,2.8761001582117003,2.432357507416482,0.6702561320755936,3.194661010997251,-0.5709974509955248,-0.8345619812574102,0.5730709083421573,-0.8360032858129554,-0.6138443631352272,130.71,0.5528251164967485
2022-06-07,russia_ukraine_war,2022-02-24,6895,-2.943322673853701,2.943322673853701,3.41661348022098,2.6570108083488617,0.6996207612311688,3.21794736505391,0.1594793687877208,0.090617821809457,0.7801252955366883,0.2405179096801643,-0.5346503493930274,130.71,0.5528251164967485
2022-06-08,russia_ukraine_war,2022-02-24,6792,-2.7543670421759496,2.7543670421759496,3.2356065137332046,2.461863919859107,0.6903284345076808,3.222004805088014,-0.2185133146065834,-0.219206159931396,0.60026584436696,-0.1001431836468986,-0.5208514970249333,130.71,0.5528251164967485
2022-06-09,russia_ukraine_war,2022-02-24,6721,-3.0381590145418995,3.0381590145418995,3.650039195433634,2.696693394264391,0.7079385097027109,3.269127899180526,0.3491929146700869,0.4901653416159692,0.8166992228946816,0.5454505032762093,-0.3605916748107197,130.71,0.5528251164967485
2022-06-10,russia_ukraine_war,2022-02-24,7052,-2.987033060984562,2.987033060984562,3.48470464314942,2.736635476660417,0.7057770867921987,3.291927421248371,0.2469189776371428,0.2071673426881431,0.8535123182707959,0.4662117169369316,-0.2830533165274405,130.71,0.5528251164967485
2022-06-11,russia_ukraine_war,2022-02-24,5140,-3.3659531489907595,3.3659531489907595,3.865715569063361,2.486232770343714,0.7305334050149878,3.353379605936501,1.0049224284246483,0.8593318667613035,0.6227256852986729,1.3737900537178358,-0.0740620271723636,130.71,0.5528251164967485
2022-06-12,russia_ukraine_war,2022-02-24,4370,-2.871697870109326,2.871697870109326,3.3858085109750773,1.8872155671370368,0.6929957094209702,3.365479196070647,0.0161988985284451,0.0378899162798396,0.0706343542824745,-0.0023596235974777,-0.0329128157059793,130.71,0.5528251164967485
2022-06-13,russia_ukraine_war,2022-02-24,5749,-2.8483240082941,2.8483240082941,3.301266727866061,2.274895660237827,0.7034921000198145,3.362957420960176,-0.0305588967824277,-0.1068176183225701,0.4279443237837194,0.3824430209707514,-0.04148906135901,130.71,0.5528251164967485
2022-06-14,russia_ukraine_war,2022-02-24,6267,-2.9584032725181184,2.9584032725181184,3.478532033764661,2.5059241494909057,0.7100375703244657,3.3757692414054943,0.1896470642712678,0.1966018796320774,0.6408744791308373,0.6224030586097742,0.0020823574187174,130.71,0.5528251164967485
2022-06-15,russia_ukraine_war,2022-02-24,7193,-2.5379326251470125,2.5379326251470125,2.9324555180454763,2.3554453077158346,0.6835857176441001,3.328287183671178,-0.6514754091747478,-0.738100268678418,0.502183864569788,-0.3473343734418263,-0.1593982558009426,130.71,0.5528251164967485
2022-06-16,russia_ukraine_war,2022-02-24,7281,-2.4467907932488115,2.4467907932488115,2.881475205612082,2.28889142159405,0.6787599500366226,3.278475518751359,-0.8337983455317168,-0.8253616801864315,0.4408436837259349,-0.5242492967139759,-0.3288015752980092,130.71,0.5528251164967485
2022-06-17,russia_ukraine_war,2022-02-24,6724,-2.281458718051456,2.281458718051456,2.791897637765372,2.025639452212084,0.6625516578499097,3.228259173987345,-1.1645337366926238,-0.9786888105364308,0.1982143745997671,-1.1184529554524767,-0.4995811609578425,130.71,0.5528251164967485
2022-06-18,russia_ukraine_war,2022-02-24,3796,-2.3772256834306984,2.3772256834306984,2.744578629695675,1.4068842087947604,0.668101269882879,3.179550669064843,-0.972958540426634,-1.0596832815043276,-0.3720687559727912,-0.9150015531342944,-0.6652327695698652,130.71,0.5528251164967485
2022-06-19,russia_ukraine_war,2022-02-24,3785,-2.8606086799880126,2.8606086799880126,3.192820712286484,1.6892536981658983,0.6977744848309814,3.1818666178906634,-0.00598425999087,-0.2924412824430578,-0.1118195571338582,0.1728325434863556,-0.657356513686613,130.71,0.5528251164967485
2022-06-20,russia_ukraine_war,2022-02-24,5581,-2.3805219599942524,2.3805219599942524,2.6651070058045967,1.8626952873664675,0.6662631427002501,3.121553388223828,-0.966364566950403,-1.1957123826329203,0.0480349467480086,-0.9823881651574996,-0.8624743577016157,130.71,0.5528251164967485
2022-06-21,russia_ukraine_war,2022-02-24,6354,-2.605352454581822,2.605352454581822,3.0289765166430387,2.2274536122964954,0.672859744133302,3.1094447696922054,-0.5166066994370505,-0.5728882843699591,0.3842187959460372,-0.7405536361642279,-0.9036542736325992,130.71,0.5528251164967485
2022-06-22,russia_ukraine_war,2022-02-24,6654,-2.515263995909516,2.515263995909516,2.911568710551655,2.217771721152064,0.6739769669790177,3.086970052542129,-0.6968224354489623,-0.7738515659304359,0.3752953658006784,-0.6995957181489841,-0.980088010511484,130.71,0.5528251164967485
2022-06-23,russia_ukraine_war,2022-02-24,6648,-2.4849519464838146,2.4849519464838146,2.846449681528576,2.189731569247616,0.6736136067024835,3.061290594311957,-0.757459595611206,-0.8853137778580149,0.3494518262429639,-0.7129166777707405,-1.0674206759439633,130.71,0.5528251164967485
2022-06-24,russia_ukraine_war,2022-02-24,5611,-2.573086589641292,2.573086589641292,3.094049393848905,2.0208676967086823,0.6793972420880512,3.063479905579466,-0.581152332518306,-0.461505069069144,0.193816429377069,-0.500885868643851,-1.0599750987538554,130.71,0.5528251164967485
2022-06-25,russia_ukraine_war,2022-02-24,3811,-2.6749213838727006,2.6749213838727006,3.0095947498318343,1.5877830412278953,0.6819865521852647,3.0576792502996843,-0.3774388639508105,-0.606063450404387,-0.2053411951571013,-0.4059605356322645,-1.0797024108450088,130.71,0.5528251164967485
2022-06-26,russia_ukraine_war,2022-02-24,4579,-2.546331185944792,2.546331185944792,2.9125922936900843,1.731386833920132,0.675311386284098,3.043368079648701,-0.63467466868125,-0.772099530582048,-0.0729870513662148,-0.6506752751907766,-1.128372934467699,130.71,0.5528251164967485
2022-06-27,russia_ukraine_war,2022-02-24,8142,-2.477610555816129,2.477610555816129,2.9085255769786023,2.4896345470696315,0.6763409487980933,3.0302800720295373,-0.7721455403151815,-0.7790604027993532,0.6258609732843565,-0.6129310264032654,-1.1728836317081577,130.71,0.5528251164967485
2022-06-28,russia_ukraine_war,2022-02-24,6923,-2.6722478353005257,2.6722478353005257,3.192746526104424,2.4187487872032625,0.6794061135379438,3.0440603023298136,-0.3827871131138991,-0.292568264618176,0.5605282694734853,-0.5005606370942364,-1.1260187706347815,130.71,0.5528251164967485
2022-06-29,russia_ukraine_war,2022-02-24,7747,-2.225594707594964,2.225594707594964,2.669887843386353,2.16687736985935,0.6472966784102598,3.004595335536521,-1.2762858291289525,-1.1875291719843066,0.3283879815119074,-1.6777077179284012,-1.260234247860585,130.71,0.5528251164967485
2022-06-30,russia_ukraine_war,2022-02-24,8411,-2.48729016724493,2.48729016724493,2.898013942516373,2.5509149602192167,0.6676770636828789,2.994320070677665,-0.7527821465613166,-0.7970528398137162,0.6823407950321537,-0.9305531530928774,-1.2951791544121658,130.71,0.5528251164967485
2022-07-01,russia_ukraine_war,2022-02-24,6280,-2.7699002387540705,2.7699002387540705,3.264930585537372,2.349532849940838,0.690631374558441,3.023026412810448,-0.1874402282734467,-0.1690130603866035,0.496734577529114,-0.0890372580832085,-1.1975524307172298,117.18,0.27541289254671913
2022-07-02,russia_ukraine_war,2022-02-24,3162,-2.932736168934744,2.932736168934744,3.4591838023367725,1.5082614770146725,0.7038409900000434,3.0656840742037232,0.1383017972776641,0.1634841150678238,-0.2786331907724937,0.3952334926849238,-1.052478993528674,117.18,0.27541289254671913
2022-07-03,russia_ukraine_war,2022-02-24,3727,-3.1946325671779,3.1946325671779,3.5481851477356217,1.864595994544488,0.7236580893649714,3.1133386047762213,0.662207443615116,0.3158249434172496,0.049786756128721,1.121737729687621,-0.8904118214907519,117.18,0.27541289254671913
2022-07-04,russia_ukraine_war,2022-02-24,5436,-3.3429596838825546,3.3429596838825546,3.83101920640164,2.568304115935049,0.7199603829934754,3.190380200405197,0.9589255904388608,0.7999431844339575,0.698367717252432,0.9861780649448548,-0.6284028711794667,117.18,0.27541289254671913
2022-07-05,russia_ukraine_war,2022-02-24,5678,-2.521196617099416,2.521196617099416,2.902050075547288,1.9964399573211369,0.6688953780555871,3.1587055141990845,-0.6849546367322971,-0.7901443167290079,0.1713023127874431,-0.8858891718777355,-0.7361245664084992,117.18,0.27541289254671913
2022-07-06,russia_ukraine_war,2022-02-24,6510,-3.017526497646766,3.017526497646766,3.4073507187118577,2.622121663421182,0.7002637194711981,3.1845184911271973,0.3079189904312464,0.0747630416959748,0.747969300086097,0.2640890629047281,-0.6483378203769754,117.18,0.27541289254671913
2022-07-07,russia_ukraine_war,2022-02-24,7643,-2.519154498765918,2.519154498765918,2.8886575833836408,2.431559065442315,0.6617110233865163,3.150727674368743,-0.6890397533378919,-0.8130678280616758,0.5723350147987047,-1.149271012534362,-0.7632562142233481,117.18,0.27541289254671913
2022-07-08,russia_ukraine_war,2022-02-24,6793,-2.851083447262594,2.851083447262594,3.2307533933387287,2.5485574501558337,0.681667225710986,3.157327801812297,-0.0250388298169574,-0.2275130948171637,0.6801679678381939,-0.4176671952335767,-0.7408099960565504,117.18,0.27541289254671913
2022-07-09,russia_ukraine_war,2022-02-24,4103,-3.124624642682132,3.124624642682132,3.5488832568460538,1.960094224321773,0.7035653235168708,3.1947336425228348,0.5221614285582545,0.3170198750183946,0.1378038356135666,0.3851274290104922,-0.6135973522883941,117.18,0.27541289254671913
2022-07-10,russia_ukraine_war,2022-02-24,3981,-3.1864933767713235,3.1864933767713235,3.454248212848879,1.954446140906972,0.7053429031439377,3.221063057452318,0.6459255556654311,0.155036020405784,0.1325982123468631,0.450294339005365,-0.5240542644062732,117.18,0.27541289254671913
2022-07-11,russia_ukraine_war,2022-02-24,5548,-2.7547500825303706,2.7547500825303706,3.0578302290725667,2.1466643899923543,0.684584465067168,3.2033953978185874,-0.2177470688475641,-0.5235002843035325,0.3097584481715718,-0.3107198204644897,-0.5841397924550953,117.18,0.27541289254671913
2022-07-12,russia_ukraine_war,2022-02-24,6272,-2.508718270995329,2.508718270995329,2.8631964336616345,2.1261604140057098,0.673098815395993,3.165977313758553,-0.7099167057975394,-0.8566488843029822,0.2908607147959828,-0.7317891705836579,-0.7113940743425501,117.18,0.27541289254671913
2022-07-13,russia_ukraine_war,2022-02-24,6319,-2.477285488386861,2.477285488386861,2.8455969334582307,2.110107791271312,0.6753687715681298,3.1334595996478587,-0.7727958152436516,-0.8867734001460549,0.2760656240969317,-0.6485715035326266,-0.8219828033415784,117.18,0.27541289254671913
2022-07-14,russia_ukraine_war,2022-02-24,6522,-2.525731861631296,2.525731861631296,2.9795495042951896,2.197471602619549,0.6706732165361359,3.1186102049158904,-0.6758821934542978,-0.6574909605448519,0.3565855200726986,-0.8207127721917652,-0.8724837605805488,117.18,0.27541289254671913
2022-07-15,russia_ukraine_war,2022-02-24,6403,-2.6971659559113665,2.6971659559113665,3.233144272667796,2.317876926269088,0.6823871808876878,3.13250039393248,-0.3329401347983876,-0.2234207012039951,0.4675585189102206,-0.3912732978879572,-0.8252449434954435,117.18,0.27541289254671913
2022-07-16,russia_ukraine_war,2022-02-24,4252,-2.744694448233312,2.744694448233312,3.1663873650228904,1.767818216213252,0.6876577034229188,3.138218527583829,-0.2378626703643218,-0.3376864189085564,-0.0394096345018964,-0.1980534485774119,-0.8057982772692547,117.18,0.27541289254671913
2022-07-17,russia_ukraine_war,2022-02-24,3380,-3.266893343096813,3.266893343096813,3.6788306336225975,1.769440320512671,0.720414421994086,3.1949637254451204,0.8067601322607044,0.5394467488061877,-0.0379146027784013,1.0028233494859335,-0.6128148686902747,117.18,0.27541289254671913
2022-07-18,russia_ukraine_war,2022-02-24,5667,-2.544824752786073,2.544824752786073,3.0299200182969908,2.012451992880286,0.6800537923617239,3.180474032690332,-0.6376881841132191,-0.5712733220020535,0.1860599958336164,-0.476816425036343,-0.6620925239363895,117.18,0.27541289254671913
2022-07-19,russia_ukraine_war,2022-02-24,5995,-2.684591264832666,2.684591264832666,3.136816257348807,2.2065830310526726,0.6840390781516935,3.1767037995621483,-0.3580949353274263,-0.3883023620506715,0.3649831764741733,-0.330713962775713,-0.6749146210941566,117.18,0.27541289254671913
2022-07-20,russia_ukraine_war,2022-02-24,6058,-2.456750467743325,2.456750467743325,2.920129700944738,2.033736948453708,0.6740218110165971,3.151093667725232,-0.8138747049686491,-0.7591979855589347,0.2056775283355947,-0.6979517145182902,-0.7620115160265921,117.18,0.27541289254671913
2022-07-21,russia_ukraine_war,2022-02-24,6831,-2.3282204199263887,2.3282204199263887,2.652954921303369,2.0888586918370367,0.6628205711604009,3.1002112192782283,-1.070990183558761,-1.2165127268388765,0.256481138832129,-1.1085944662830631,-0.9350564380330282,117.18,0.27541289254671913
2022-07-22,russia_ukraine_war,2022-02-24,5358,-2.604974782916942,2.604974782916942,2.988971350471952,1.9812113935834748,0.683549263336079,3.088506939450736,-0.5173622055036463,-0.6413638801651512,0.157266725865426,-0.3486708056182336,-0.9748612479764702,117.18,0.27541289254671913
2022-07-23,russia_ukraine_war,2022-02-24,3299,-2.869860833712036,2.869860833712036,3.2408489191800505,1.5254897932787292,0.6988116077009485,3.1050182373685584,0.012524034164048,-0.210232897957242,-0.2627545081462295,0.2108539585001503,-0.9187083632859748,117.18,0.27541289254671913
2022-07-24,russia_ukraine_war,2022-02-24,3160,-2.682794038694571,2.682794038694571,2.981754716311072,1.3790376906179544,0.6953553922120685,3.093073834381248,-0.3616901620193915,-0.6537163678835824,-0.397733830702031,0.0841474637489811,-0.9593298024351822,117.18,0.27541289254671913
2022-07-25,russia_ukraine_war,2022-02-24,4990,-2.10775688185712,2.10775688185712,2.594106803015153,1.5245064147329022,0.6517118836261625,3.041440755204228,-1.5120122563357394,-1.3172412163539091,-0.2636608506808882,-1.5158442061438986,-1.1349275268341104,117.18,0.27541289254671913
2022-07-26,russia_ukraine_war,2022-02-24,5122,-2.468949174747461,2.468949174747461,2.821013434282979,1.8191489210841791,0.6784817742221338,3.017345129050053,-0.7894720345984,-0.928852209306772,0.0078999202529308,-0.5344473536614733,-1.2168737750160976,117.18,0.27541289254671913
2022-07-27,russia_ukraine_war,2022-02-24,5660,-2.370600639935426,2.370600639935426,2.7326513276162374,1.873074384619453,0.6798498462512585,2.989222359921197,-0.9862114821153618,-1.0800988726463785,0.0576009651970154,-0.4842931859207101,-1.3125158390094718,117.18,0.27541289254671913
2022-07-28,russia_ukraine_war,2022-02-24,6321,-2.526061623562662,2.526061623562662,2.8845025702971503,2.1521127932897346,0.6831585724719688,2.978675764476136,-0.6752225274987954,-0.8201798344314901,0.3147800338827352,-0.3629937175089959,-1.348383507369121,117.18,0.27541289254671913
2022-07-29,russia_ukraine_war,2022-02-24,5910,-2.676965491761163,2.676965491761163,3.3063754510750787,2.1789590645595447,0.6885056196814896,3.0116746121899443,-0.3733497673779968,-0.0980731760674341,0.3395232191515855,-0.1669684374397376,-1.2361585024170545,117.18,0.27541289254671913
2022-07-30,russia_ukraine_war,2022-02-24,3520,-3.4185788833698645,3.4185788833698645,3.947841586712901,1.9103066084721751,0.7245585145452723,3.107989919709492,1.1101965733492,0.9999044109369352,0.0919164872112473,1.1547477427347486,-0.9086020387161114,117.18,0.27541289254671913
2022-07-31,russia_ukraine_war,2022-02-24,2903,-3.2875817141463366,3.2875817141463366,3.928395607152373,1.5806575785349763,0.7107303499559533,3.19213019873419,0.8481457888756014,0.9666193339412884,-0.2119084626098235,0.6478006876127183,-0.6224513430279195,117.18,0.27541289254671913
2022-08-01,russia_ukraine_war,2022-02-24,5062,-2.6083900627467345,2.6083900627467345,3.0228559992420503,1.905911366237908,0.6862565045266028,3.1707397016857173,-0.5105301742170247,-0.583364583201344,0.0878655599219052,-0.2494220629397461,-0.6951977812675647,132.86,0.5969076206721043
2022-08-02,russia_ukraine_war,2022-02-24,5083,-2.896815902556072,2.896815902556072,3.3944105186572497,2.1228832773114497,0.6984993794568202,3.195825841363681,0.0664457866567798,0.0526137046663826,0.2878403027781466,0.1994075233738971,-0.6098829189425493,132.86,0.5969076206721043
2022-08-03,russia_ukraine_war,2022-02-24,5654,-2.536538879400111,2.536538879400111,2.951970462338992,2.0027174426617345,0.6831026174352828,3.1689254683689096,-0.654263501226638,-0.7046971468992559,0.1770880318261823,-0.3650450556228852,-0.7013677646781595,132.86,0.5969076206721043
2022-08-04,russia_ukraine_war,2022-02-24,6031,-2.697499333310738,2.697499333310738,3.2168565679486223,2.2262555150457226,0.6883608185768306,3.175531055508514,-0.3322732363489864,-0.2512998576112407,0.3831145553627534,-0.1722769144332776,-0.678902978759492,132.86,0.5969076206721043
2022-08-05,russia_ukraine_war,2022-02-24,5528,-2.884750381035264,2.884750381035264,3.317883548648835,2.242334186798797,0.7142661631876392,3.1902474806511094,0.0423095446421454,-0.0783751242092796,0.3979336544497367,0.7774252732680855,-0.6288542346691529,132.86,0.5969076206721043
2022-08-06,russia_ukraine_war,2022-02-24,2883,-3.205207943192625,3.205207943192625,3.5812095889435533,1.5326125422232486,0.7177047505326571,3.2295222134808723,0.6833627525213194,0.3723518499134099,-0.2561897418520015,0.9034855119264504,-0.4952857196550104,132.86,0.5969076206721043
2022-08-07,russia_ukraine_war,2022-02-24,2504,-3.147311958025613,3.147311958025613,3.610147059310538,1.3436077952255874,0.7218740863468764,3.268445648630853,0.5675458350961875,0.4218832158302706,-0.4303882152509631,1.0563353351391327,-0.3629119246564013,132.86,0.5969076206721043
2022-08-08,russia_ukraine_war,2022-02-24,4825,-2.766543940361752,2.766543940361752,3.154785070389286,1.9534936028003465,0.6950050219480816,3.257615023412523,-0.1941542712703131,-0.3575457049375096,0.1317202942698611,0.0713027241320022,-0.3997455431906761,132.86,0.5969076206721043
2022-08-09,russia_ukraine_war,2022-02-24,5062,-2.641621945189504,2.641621945189504,3.1156640983985704,1.930193402645629,0.6919323012542645,3.244814182273734,-0.4440520898791694,-0.4245078531184443,0.1102453876269491,-0.0413446700237089,-0.4432796227030948,132.86,0.5969076206721043
2022-08-10,russia_ukraine_war,2022-02-24,5333,-2.557127932341705,2.557127932341705,3.060128385305412,1.9384590786009088,0.688621913834683,3.227530351401555,-0.6130765236232769,-0.5195666019235753,0.1178635461964693,-0.1627050387718606,-0.5020597965456304,132.86,0.5969076206721043
2022-08-11,russia_ukraine_war,2022-02-24,5413,-2.841507500506776,2.841507500506776,3.350943637832508,2.176598515010807,0.7016918255897804,3.2419227022113435,-0.0441948495562667,-0.0217872001843492,0.3373475905797922,0.3164441087635417,-0.4531131892304758,132.86,0.5969076206721043
2022-08-12,russia_ukraine_war,2022-02-24,4725,-2.7156494435109115,2.7156494435109115,3.056397588337717,1.8889016963064733,0.6872836466389566,3.222394108181,-0.2959651951567235,-0.5259524907875586,0.0721883952890362,-0.2117665472213575,-0.5195275252936438,132.86,0.5969076206721043
2022-08-13,russia_ukraine_war,2022-02-24,2876,-3.283738730621131,3.283738730621131,3.6873768694802673,1.5671313056502278,0.718716097605058,3.27176954613381,0.8404581659027661,0.5540750742993865,-0.2243751129174483,0.9405619740084744,-0.3516077598272323,132.86,0.5969076206721043
2022-08-14,russia_ukraine_war,2022-02-24,2247,-2.6257883681741343,2.6257883681741343,3.067227333877484,1.0256108012458862,0.6899399780867508,3.2479377488731123,-0.4757260665192339,-0.507415552958719,-0.7234739275236194,-0.1143841797936911,-0.4326567585314899,132.86,0.5969076206721043
2022-08-15,russia_ukraine_war,2022-02-24,3834,-2.8504494168278245,2.8504494168278245,3.404430898886036,1.6996637598693751,0.6944602278030485,3.265655298260445,-0.0263071638870472,0.0697652771239516,-0.102224999930715,0.0513303130655648,-0.3724015615932082,132.86,0.5969076206721043
2022-08-16,russia_ukraine_war,2022-02-24,4832,-2.6830867167345,2.6830867167345,3.1601659008394045,1.896533972811944,0.6886457814691131,3.255235306802816,-0.3611046798260264,-0.3483355052005798,0.0792227737209611,-0.1618300400032997,-0.4078386654301273,132.86,0.5969076206721043
2022-08-17,russia_ukraine_war,2022-02-24,4502,-2.7881737044142403,2.7881737044142403,3.348542638867155,1.872600540140004,0.6933738134205304,3.266931948225968,-0.1508854230079388,-0.0258969152634739,0.0571642407958573,0.0115018478847858,-0.3680598327563276,132.86,0.5969076206721043
2022-08-18,russia_ukraine_war,2022-02-24,4493,-2.6091958761951863,2.6091958761951863,3.183570484987608,1.7498424419282328,0.684417982619349,3.261526123586923,-0.508918200099127,-0.3082746081396098,-0.0559772207046568,-0.3168231457544199,-0.3864443746090718,132.86,0.5969076206721043
2022-08-19,russia_ukraine_war,2022-02-24,4489,-3.0513269273330748,3.0513269273330748,3.593105291262864,2.0450274923934657,0.7089203454330233,3.2980203668936885,0.3755344142403513,0.3927133527311574,0.216083592465688,0.5814450655972219,-0.262331961007736,132.86,0.5969076206721043
2022-08-20,russia_ukraine_war,2022-02-24,3688,-3.1731222415185907,3.1731222415185907,3.742655083927756,1.8373258924587743,0.7200602846004801,3.345255060526419,0.6191775236045071,0.6486930707001072,0.024652942146663,0.9898405051151216,-0.1016926025423698,132.86,0.5969076206721043
2022-08-21,russia_ukraine_war,2022-02-24,3329,-3.093211640861082,3.093211640861082,3.4235238892203643,1.6557891242532323,0.7116214167262864,3.3555216113506314,0.4593218892104205,0.1024461534653645,-0.1426625797623071,0.6804676169235244,-0.0667773313462253,132.86,0.5969076206721043
2022-08-22,russia_ukraine_war,2022-02-24,4882,-3.2005248336508205,3.2005248336508205,3.653595729508931,2.2790244444543264,0.7178128303784806,3.3911800452407928,0.6739945155091775,0.4962529501195897,0.4317496668713024,0.9074477702004508,0.0544925976710759,132.86,0.5969076206721043
2022-08-23,russia_ukraine_war,2022-02-24,5405,-2.7846262732556024,2.7846262732556024,3.317561886752664,2.130824232172361,0.6959184275793815,3.386560415632652,-0.1579818138955991,-0.078925702849316,0.2951591782882835,0.1047886066530305,0.0387818080051263,132.86,0.5969076206721043
2022-08-24,russia_ukraine_war,2022-02-24,7013,-2.596690488073912,2.596690488073912,3.0733251078894512,2.370384616538469,0.669864870105235,3.357118254034243,-0.533934364851015,-0.4969781832773082,0.5159528562585035,-0.8503471347289403,-0.0613473468016441,132.86,0.5969076206721043
2022-08-25,russia_ukraine_war,2022-02-24,5733,-2.917978063934828,2.917978063934828,3.398612005102998,2.326056269836464,0.6938535942563077,3.364106795815211,0.1087792280840299,0.0598052580364561,0.4750971082074517,0.0290908402799977,-0.0375801794514732,132.86,0.5969076206721043
2022-08-26,russia_ukraine_war,2022-02-24,5138,-2.815820019992352,2.815820019992352,3.227002294535411,2.079309348888769,0.7005189579182604,3.349958007843946,-0.0955808791922884,-0.2339337337002851,0.2476798733085071,0.2734462251120721,-0.0856984596384669,132.86,0.5969076206721043
2022-08-27,russia_ukraine_war,2022-02-24,3305,-2.85706393972708,2.85706393972708,3.280097267967858,1.5208291924066777,0.6951969261552171,3.3392843193364614,-0.0130752679236257,-0.1430527228836289,-0.2670500063806908,0.078338023143994,-0.1219983558044781,132.86,0.5969076206721043
2022-08-28,russia_ukraine_war,2022-02-24,2412,-2.817925810490155,2.817925810490155,3.134417298646204,1.1667835803923403,0.7054023558798941,3.314412876197056,-0.0913683908220647,-0.3924085848756506,-0.5933603562856155,0.4524739044290609,-0.2065830617218565,132.86,0.5969076206721043
2022-08-29,russia_ukraine_war,2022-02-24,3963,-2.7527224896497566,2.7527224896497566,3.1868565775012243,1.6826791610493774,0.7066262164396259,3.3025629386661106,-0.2218031282884466,-0.3026499060262454,-0.1178790574754922,0.4973412114840589,-0.2468832355226377,132.86,0.5969076206721043
2022-08-30,russia_ukraine_war,2022-02-24,5549,-2.977771941404832,2.977771941404832,3.4763844089298304,2.320746721569052,0.7019963820320048,3.320397786074252,0.2283927479074678,0.1929258571533644,0.4702034998864252,0.3276092920029245,-0.1862291225046111,132.86,0.5969076206721043
2022-08-31,russia_ukraine_war,2022-02-24,6965,-2.2490974162991777,2.2490974162991777,2.4517518788624826,2.0438508830112565,0.6512769303802806,3.2307707408330475,-1.2292702845206225,-1.5609057021867034,0.2149991564320773,-1.5317897978882962,-0.4910396323523311,132.86,0.5969076206721043
2022-09-01,russia_ukraine_war,2022-02-24,4964,-2.7011914463133992,2.7011914463133992,3.11887814321726,1.9464722023982075,0.6852369648785448,3.21904039573157,-0.3248874194305951,-0.4190064727984377,0.1252489370653217,-0.286798868720781,-0.5309330870729305,131.99,0.5790695840988207
2022-09-02,russia_ukraine_war,2022-02-24,4883,-2.4007874497920434,2.4007874497920434,2.8282078133986883,1.7097992468035594,0.6747090111698523,3.177252905802633,-0.925824855056392,-0.9165378148553696,-0.0928835078299276,-0.6727586318266645,-0.6730471785976166,131.99,0.5790695840988207
2022-09-03,russia_ukraine_war,2022-02-24,3179,-2.8141226848495147,2.8141226848495147,3.26364363177136,1.4533370296755068,0.6869517163385109,3.184138222056228,-0.0989762808512059,-0.1712158990277849,-0.3292549610229662,-0.2239352690520671,-0.6496310685152973,131.99,0.5790695840988207
2022-09-04,russia_ukraine_war,2022-02-24,3018,-2.3137363416161403,2.3137363416161403,2.797939075828656,1.1471605588847178,0.6609056853621248,3.141032893078054,-1.099964581296326,-0.9683478693421388,-0.6114461474861146,-1.1787950854658071,-0.7962269678627703,131.99,0.5790695840988207
2022-09-05,russia_ukraine_war,2022-02-24,5710,-3.032189058275847,3.032189058275847,3.412522394147716,2.4104086579947683,0.7017467526732566,3.1696051962121063,0.3372504297136171,0.0836152373152918,0.5528414901774724,0.3184577616264974,-0.699056094245592,131.99,0.5790695840988207
2022-09-06,russia_ukraine_war,2022-02-24,7654,-1.9444122015768304,1.9444122015768304,2.274137519112261,1.878533326865352,0.6365426677968586,3.075411102354188,-1.8387720013039608,-1.864922664737604,0.0626322642554484,-2.071954834094906,-1.0193985723023893,131.99,0.5790695840988207
2022-09-07,russia_ukraine_war,2022-02-24,5706,-2.1343169641641047,2.1343169641641047,2.404794997280284,1.6958340485286134,0.6494738239690452,3.0047304166271345,-1.4588806471148388,-1.641280332535051,-0.1057546989447174,-1.5978925318659831,-1.259774853757054,131.99,0.5790695840988207
2022-09-08,russia_ukraine_war,2022-02-24,5958,-2.079727877886574,2.079727877886574,2.507333819415212,1.7022134560970918,0.6498331034089311,2.950331926080766,-1.5680823418347771,-1.4657678272801435,-0.0998750420722238,-1.584721177646152,-1.4447774006307297,131.99,0.5790695840988207
2022-09-09,russia_ukraine_war,2022-02-24,4741,-1.940224125791455,1.940224125791455,2.270849284089016,1.3528357240354292,0.6342424180108615,2.8780454754657843,-1.8471499574956696,-1.870551034117908,-0.4218831848914419,-2.156283079360157,-1.6906146901200532,131.99,0.5790695840988207
2022-09-10,russia_ukraine_war,2022-02-24,3071,-2.446203133521304,2.446203133521304,2.833636046075437,1.2295740949878229,0.6731847810029367,2.8688897532793343,-0.8349739182063762,-0.9072464782048564,-0.5354887315766149,-0.7286376307679174,-1.7217521703322527,131.99,0.5790695840988207
2022-09-11,russia_ukraine_war,2022-02-24,3118,-2.626347905103627,2.626347905103627,2.888595829545244,1.3359551778444383,0.6802441811545569,2.869873869354308,-0.4746067515585773,-0.8131735301817162,-0.437441341092924,-0.4698366818295363,-1.7184053131224162,131.99,0.5790695840988207
2022-09-12,russia_ukraine_war,2022-02-24,4678,-2.296151917647045,2.296151917647045,2.6641359762374286,1.585639104831288,0.6595307450491475,2.845211805190832,-1.1351410062750589,-1.1973744636717096,-0.2073171796404862,-1.229201047741579,-1.8022779470058143,131.99,0.5790695840988207
2022-09-13,russia_ukraine_war,2022-02-24,5549,-2.51006645810342,2.51006645810342,2.93407778426486,1.956237286867499,0.6721106981700042,2.852849832652859,-0.7072197506542601,-0.7353234861639889,0.1342490433281744,-0.7680140155075666,-1.7763019590808968,131.99,0.5790695840988207
2022-09-14,russia_ukraine_war,2022-02-24,5700,-2.9274975448677028,2.9274975448677028,3.395556269576181,2.3243722397613835,0.6987353810705079,2.90738010887574,0.1278222918466115,0.0545748507961393,0.4735450018561729,0.2080594541699381,-1.590851225399989,131.99,0.5790695840988207
2022-09-15,russia_ukraine_war,2022-02-24,6180,-2.494275739707351,2.494275739707351,2.927219455169992,2.092921968643279,0.6751482495873593,2.907948346279141,-0.7388079915881589,-0.747062674270899,0.2602261062357973,-0.6566559436634324,-1.5889187201815118,131.99,0.5790695840988207
2022-09-16,russia_ukraine_war,2022-02-24,5938,-2.812208777320932,2.812208777320932,3.338272840303037,2.296452628460152,0.6989215924557033,2.949573484799333,-0.1028049206015747,-0.0434754093101461,0.4478125599793182,0.2148860516366692,-1.4473567657438045,131.99,0.5790695840988207
2022-09-17,russia_ukraine_war,2022-02-24,3593,-2.81815540043587,2.81815540043587,3.222486699506694,1.599699237425296,0.695219872838982,2.973992179078308,-0.090909112001471,-0.2416629369396577,-0.1943584911812304,0.0791792594255189,-1.3643118027757737,131.99,0.5790695840988207
2022-09-18,russia_ukraine_war,2022-02-24,3055,-3.076524682504567,3.076524682504567,3.5542670105977856,1.540063617081203,0.7036013756762598,3.032741690436607,0.4259407821703025,0.3262350784795634,-0.249322370074016,0.3864491182278116,-1.164511971572646,131.99,0.5790695840988207
2022-09-19,russia_ukraine_war,2022-02-24,5647,-2.343887130928166,2.343887130928166,2.7335827275173594,1.8490249590619567,0.6671366675121055,2.997745027136443,-1.0396500108476123,-1.0785046244715262,0.035435526049132,-0.950364332342537,-1.2835313005573743,131.99,0.5790695840988207
2022-09-20,russia_ukraine_war,2022-02-24,6519,-2.6523216881059493,2.6523216881059493,3.0993607676621764,2.3069000038094423,0.6839990093836751,3.00670158664614,-0.4226479935804466,-0.4524137560922327,0.4574415077479943,-0.3321829027654063,-1.253071148007607,131.99,0.5790695840988207
2022-09-21,russia_ukraine_war,2022-02-24,8245,-3.015392342764498,3.015392342764498,3.48166168956331,3.0541106436688743,0.7033994810069595,3.056452633581833,0.3036497610700207,0.2019588138972638,1.14611708250795,0.3790475641469693,-1.0838739827868242,131.99,0.5790695840988207
2022-09-22,russia_ukraine_war,2022-02-24,7434,-3.1869166677593705,3.1869166677593705,3.6694745811738136,3.021686926579299,0.7138627958289958,3.1192506655056014,0.6467723200354998,0.523432285499582,1.1162333779521394,0.7626376350912455,-0.8703056332266701,131.99,0.5790695840988207
2022-09-23,russia_ukraine_war,2022-02-24,6638,-3.293367124040889,3.293367124040889,3.8042063327965527,2.899201536972741,0.7215592421296576,3.190933838527512,0.8597191015689616,0.7540484245612569,1.0033432615816575,1.044792997201922,-0.6265200163126161,131.99,0.5790695840988207
2022-09-24,russia_ukraine_war,2022-02-24,4628,-3.452552885499918,3.452552885499918,3.874886336243782,2.36575510370414,0.7321018113108483,3.2626138078285543,1.1781592168372943,0.8750291830502227,0.5116860106838201,1.4312885704432936,-0.3827452948574994,131.99,0.5790695840988207
2022-09-25,russia_ukraine_war,2022-02-24,4768,-2.809969153617718,2.809969153617718,3.065768383359977,1.967294668460812,0.6822539712002087,3.242550152104837,-0.1072851330506813,-0.5099127930775262,0.1444402106080562,-0.3961568280444766,-0.4509793096473096,131.99,0.5790695840988207
2022-09-26,russia_ukraine_war,2022-02-24,7299,-3.497080073735941,3.497080073735941,3.884494809819452,3.2766511215912786,0.7363168077458683,3.310597321378072,1.2672327798525604,0.8914757077306235,1.351224161241998,1.585812333613838,-0.219559292351759,131.99,0.5790695840988207
2022-09-27,russia_ukraine_war,2022-02-24,7350,-3.1739390816232254,3.1739390816232254,3.561459571244453,2.9873376862345173,0.7188857866252277,3.3361533735051667,0.6208115557861015,0.3385463603141965,1.0845749919828758,0.9467828537576248,-0.1326463158323268,131.99,0.5790695840988207
2022-09-28,russia_ukraine_war,2022-02-24,7564,-3.4947718353400976,3.4947718353400976,3.899239925211754,3.3508168145464103,0.7403664297539003,3.400455773867244,1.2626153084524672,0.916714462076468,1.4195798544009637,1.7342733920622544,0.0860382049621413,131.99,0.5790695840988207
2022-09-29,russia_ukraine_war,2022-02-24,6861,-3.1424922730293283,3.1424922730293283,3.60706011926442,2.8275797179576707,0.7174427549282185,3.423812190825196,0.5579043883254038,0.4165993967870523,0.937332160100506,0.89388062913328,0.165470493977248,131.99,0.5790695840988207
2022-09-30,russia_ukraine_war,2022-02-24,7315,-2.778900568822509,2.778900568822509,3.1068733072904298,2.607442455484404,0.6857319842480661,3.3936572312092865,-0.1694356899392553,-0.4395547762099937,0.7344400334728922,-0.2686512244700722,0.0629172011600357,131.99,0.5790695840988207
2022-10-01,russia_ukraine_war,2022-02-24,5585,-3.604887975645884,3.604887975645884,3.929465780562458,2.8221311788643746,0.7302818058369575,3.4509150854909283,1.4828950375594188,0.9684511164052432,0.9323104492314216,1.364566308834722,0.2576440908996755,143.16,0.8080935709075291
2022-10-02,russia_ukraine_war,2022-02-24,4216,-3.6384657533428286,3.6384657533428286,4.329577452838357,2.32882577538802,0.7155396052904828,3.5472397871795565,1.550065061450164,1.6533097925705191,0.4776496559440277,0.8241102631476226,0.5852325030092633,143.16,0.8080935709075291
2022-10-03,russia_ukraine_war,2022-02-24,5071,-3.053090632412228,3.053090632412228,3.5069787038271505,2.233660204386281,0.7072336619623976,3.5437353133221983,0.3790625843703755,0.2452931579681746,0.3899391753768466,0.5196104516950145,0.5733142203041421,143.16,0.8080935709075291
2022-10-04,russia_ukraine_war,2022-02-24,5216,-2.7914472835105446,2.7914472835105446,3.377058724500605,2.08335108187982,0.6946492607527737,3.5331585310481897,-0.1443368542464327,0.0229131795414429,0.2514049845986273,0.0582603504226717,0.5373438902680164,143.16,0.8080935709075291
2022-10-05,russia_ukraine_war,2022-02-24,6443,-2.961877435023358,2.961877435023358,3.3977377337794428,2.5560125515163263,0.7034839071394154,3.5250999724082503,0.1965968862810346,0.0583087950668719,0.6870390506901416,0.3821426660997585,0.5099377277523698,143.16,0.8080935709075291
2022-10-06,russia_ukraine_war,2022-02-24,7322,-2.848543405566441,2.848543405566441,3.360335365273098,2.674447110442456,0.7010533373754185,3.513334208285752,-0.0301200077005554,-0.0057116731064181,0.7961956707768657,0.2930368287944503,0.4699238173163465,143.16,0.8080935709075291
2022-10-07,russia_ukraine_war,2022-02-24,7821,-2.22733736078632,2.22733736078632,2.2397613136548165,2.181774427069342,0.6412432390276954,3.385805235667971,-1.2727997718456758,-1.9237633439591209,0.3421180314992216,-1.8996296692133243,0.0362135342274775,143.16,0.8080935709075291
2022-10-08,russia_ukraine_war,2022-02-24,4389,-3.076369337058136,3.076369337058136,3.392539402383046,2.0281571621293777,0.7051291852689372,3.3895651932115904,0.4256300243398631,0.0494109732708875,0.2005348518947604,0.4424593406107039,0.0490006853914163,143.16,0.8080935709075291
2022-10-09,russia_ukraine_war,2022-02-24,3652,-3.6428988114661736,3.6428988114661736,3.959228533818614,2.093675405027964,0.7498793111077146,3.4524440908013294,1.5589330878794785,1.0193950933157427,0.2609205198423347,2.0830201224682807,0.262844049092752,143.16,0.8080935709075291
2022-10-10,russia_ukraine_war,2022-02-24,6800,-3.668337129098178,3.668337129098178,4.1325783132579605,3.281326191798107,0.7331028098201107,3.5285669781994256,1.6098206843876175,1.3161125066945494,1.3555329953109785,1.4679856493053771,0.5217285861925773,143.16,0.8080935709075291
2022-10-11,russia_ukraine_war,2022-02-24,7181,-3.5475477129231376,3.5475477129231376,3.9880826982629145,3.2888845185208235,0.725295492465325,3.580339286849682,1.368189804480846,1.0687838670817638,1.3624992170459491,1.1817657019040544,0.697799812831915,143.16,0.8080935709075291
2022-10-12,russia_ukraine_war,2022-02-24,6014,-3.1274912490895788,3.1274912490895788,3.589632282804935,2.5761718897200376,0.7134235094726286,3.582340370216708,0.5278958765795442,0.3867687124229186,0.7056191445534101,0.7465331894667209,0.7046052501829874,143.16,0.8080935709075291
2022-10-13,russia_ukraine_war,2022-02-24,6074,-2.656230715268322,2.656230715268322,3.018373891619213,2.2028166112968908,0.6826532461320118,3.5264471222571365,-0.4148282548754025,-0.5910364670920234,0.3615118109023604,-0.3815192201714842,0.5145192179841989,143.16,0.8080935709075291
2022-10-14,russia_ukraine_war,2022-02-24,5527,-2.1831071808311515,2.1831071808311515,2.4926754272604428,1.6967292110421697,0.6510151458798533,3.418400145451332,-1.3612791903198465,-1.4908581401638523,-0.1049296617655856,-1.5413869415085486,0.14706479617379,143.16,0.8080935709075291
2022-10-15,russia_ukraine_war,2022-02-24,3885,-2.980344218347461,2.980344218347461,3.440729264584007,1.7948704460848592,0.6978656820870136,3.421838300792724,0.2335384101740266,0.131896058106851,-0.0144766250376946,0.1761758780324647,0.1587575377979819,143.16,0.8080935709075291
2022-10-16,russia_ukraine_war,2022-02-24,4117,-2.586174604093085,2.586174604093085,2.7801043253411666,1.62643019653763,0.6577668679232189,3.3533895938533007,-0.5549706640546013,-0.9988750557626777,-0.1697215847340273,-1.293865617562892,-0.0740280595010666,143.16,0.8080935709075291
2022-10-17,russia_ukraine_war,2022-02-24,5866,-3.686980664283494,3.686980664283494,4.382722402948649,2.985758600928723,0.7443973816882588,3.465430240024818,1.64711578816453,1.7442763469086462,1.0831196092265922,1.8820499967781008,0.3070083385113918,143.16,0.8080935709075291
2022-10-18,russia_ukraine_war,2022-02-24,6446,-3.3821433806638743,3.3821433806638743,4.008428455316698,2.9195998800710745,0.7263845815031867,3.524750383120868,1.0373098680609163,1.10360906516253,1.022143637149166,1.221692221214951,0.5087488177683627,143.16,0.8080935709075291
2022-10-19,russia_ukraine_war,2022-02-24,7230,-2.6191229937027893,2.6191229937027893,3.050774643191742,2.43893185920254,0.6820872863027981,3.474973237660222,-0.4890596875385233,-0.5355771107015878,0.5791302378717657,-0.4022675752322033,0.3394628946879898,143.16,0.8080935709075291
2022-10-20,russia_ukraine_war,2022-02-24,6294,-3.063087902285309,3.063087902285309,3.5576282308726883,2.6021278621463013,0.7025679268671203,3.482621066094893,0.3990614318902403,0.3319883744398533,0.7295417753024496,0.3485623960219383,0.3654722145102199,143.16,0.8080935709075291
2022-10-21,russia_ukraine_war,2022-02-24,5779,-2.856687550517146,2.856687550517146,3.3092676439842568,2.289763720649366,0.6919569422095769,3.462552427554565,-0.0138282085277256,-0.0931226996273754,0.4416476485268049,-0.040441320945794,0.2972212537766095,143.16,0.8080935709075291
2022-10-22,russia_ukraine_war,2022-02-24,3455,-2.8193318096171907,2.8193318096171907,3.193523709002254,1.553070106841657,0.6935060158331452,3.431886734141767,-0.0885557867299851,-0.2912379848802245,-0.2373347840660394,0.0163484508682987,0.1929310184036408,143.16,0.8080935709075291
2022-10-23,russia_ukraine_war,2022-02-24,3436,-3.98106478205074,3.98106478205074,4.829126422471629,2.183744123486172,0.7593344879063468,3.5813488385548347,2.235410743077888,2.508372190717355,0.3439334256325521,2.429651376584763,0.7012331734781019,143.16,0.8080935709075291
2022-10-24,russia_ukraine_war,2022-02-24,4628,-3.029672476031588,3.029672476031588,3.477389111112625,2.0759893795764,0.700321870421821,3.568704626711407,0.3322161808423668,0.1946455745585957,0.2446199840986704,0.2662209042623,0.6582317708518565,143.16,0.8080935709075291
2022-10-25,russia_ukraine_war,2022-02-24,6022,-2.559426887838588,2.559426887838588,2.9905020958406534,2.1101568318209867,0.6633873555118682,3.50773126394234,-0.6084776220210607,-0.6387437510377196,0.2761108229029073,-1.0878158838464955,0.4508688956979032,143.16,0.8080935709075291
2022-10-26,russia_ukraine_war,2022-02-24,6416,-2.415190939203696,2.415190939203696,2.836204572883495,2.0783802606564263,0.6669931773060699,3.4347079876439364,-0.8970116698413734,-0.902850010939966,0.2468235680870885,-0.9556247511724384,0.2025257530743158,143.16,0.8080935709075291
2022-10-27,russia_ukraine_war,2022-02-24,6241,-2.510348147225504,2.510348147225504,2.9750929836951365,2.1204405061957234,0.6773151277624095,3.385256452036792,-0.7066562510316559,-0.6651190479262944,0.2855888937210616,-0.5772171647456286,0.0343471888853373,143.16,0.8080935709075291
2022-10-28,russia_ukraine_war,2022-02-24,4498,-2.6250993056203207,2.6250993056203207,2.954646032733685,1.7619350179003712,0.6786290392772204,3.341354735776176,-0.4771044885404771,-0.700117456464148,-0.044831954211252,-0.5290485470797107,-0.114957125237431,143.16,0.8080935709075291
2022-10-29,russia_ukraine_war,2022-02-24,3117,-3.436874244447266,3.436874244447266,4.060105175574616,1.7478094293188855,0.7215434109069128,3.41395123513406,1.1467951788837971,1.1920624962336357,-0.0578509709600063,1.0442126170872916,0.1319346017282972,143.16,0.8080935709075291
2022-10-30,russia_ukraine_war,2022-02-24,2584,-3.229614094581206,3.229614094581206,3.6948397549062415,1.4143989591232464,0.7123274240063526,3.438534751482805,0.7321855717873292,0.5668490626315277,-0.365142696939931,0.7063501777805687,0.2155401041962709,143.16,0.8080935709075291
2022-10-31,russia_ukraine_war,2022-02-24,4844,-3.147309799968315,3.147309799968315,3.677900904613705,2.228627813755191,0.714321133944049,3.4634152837588648,0.5675415180516958,0.5378553606454756,0.385301012688298,0.7794405272014422,0.3001557211446904,143.16,0.8080935709075291
2022-11-01,russia_ukraine_war,2022-02-24,4941,-3.0418597746214573,3.0418597746214573,3.4791871323746344,2.1847105449416566,0.7088430195801216,3.4655564722206167,0.3565960294682539,0.1977231915004171,0.3448241394631816,0.5786102632516111,0.3074376386167016,116.72,0.26598128700222423
2022-11-02,russia_ukraine_war,2022-02-24,4789,-2.616138906841305,2.616138906841305,3.103506256866725,1.8373864591784463,0.6851470467600954,3.427726558887559,-0.4950291470896308,-0.4453180514542353,0.0247087641843272,-0.2900953094780191,0.1787827762421558,116.72,0.26598128700222423
2022-11-03,russia_ukraine_war,2022-02-24,6055,-2.686157674284434,2.686157674284434,3.1216879768908603,2.222894852822979,0.6915536409244868,3.3958047717294177,-0.354961441465874,-0.4141969680944118,0.3800171610480025,-0.0552265368349148,0.0702207211979684,116.72,0.26598128700222423
2022-11-04,russia_ukraine_war,2022-02-24,5039,-2.809271372784998,2.809271372784998,3.28251457063038,2.046067193318763,0.6912464440305142,3.39023435104616,-0.1086809953864001,-0.1389151012743203,0.217041845191375,-0.0664885202844282,0.0512764085302843,116.72,0.26598128700222423
2022-11-05,russia_ukraine_war,2022-02-24,3886,-3.454270199249644,3.454270199249644,4.0213920514118,2.080687943272588,0.7273513761191153,3.4568229565593023,1.181594584318672,1.1257984484652757,0.2489504712215886,1.2571353691675988,0.2777360306441958,116.72,0.26598128700222423
2022-11-06,russia_ukraine_war,2022-02-24,3333,-3.7069288801261857,3.7069288801261857,4.280206427885099,1.9861563496490569,0.7450195771429882,3.540933902438874,1.687020815436578,1.5688029482735706,0.1618243034465858,1.9048599764719367,0.5637869679291369,116.72,0.26598128700222423
2022-11-07,russia_ukraine_war,2022-02-24,6228,-2.774829372683873,2.774829372683873,3.1761461571708867,2.340544164217264,0.6974779263585529,3.4991732363151664,-0.1775798364746267,-0.3209825986140056,0.4884500484059964,0.1619605696030513,0.4217641008526729,116.72,0.26598128700222423
2022-11-08,russia_ukraine_war,2022-02-24,5365,-2.2784085051887506,2.2784085051887506,2.678135754425598,1.7344264646580958,0.6646153874140358,3.409835312956526,-1.1706354767395362,-1.173411479782687,-0.0701855395382795,-1.0427956534045884,0.1179368588143004,116.72,0.26598128700222423
2022-11-09,russia_ukraine_war,2022-02-24,5521,-2.475172815818265,2.475172815818265,2.881410483684674,1.9222728276815524,0.6740234923115606,3.353081678835068,-0.77702207072091,-0.8254724626919042,0.1029452954911613,-0.6978900774496092,-0.0750752404434334,116.72,0.26598128700222423
2022-11-10,russia_ukraine_war,2022-02-24,5858,-2.6598968781830994,2.6598968781830994,3.0758435957443453,2.152000286075366,0.6869957370285169,3.325675246667485,-0.4074943493145423,-0.4926673661286105,0.3146763402702699,-0.2223214497328926,-0.1682811309157379,116.72,0.26598128700222423
2022-11-11,russia_ukraine_war,2022-02-24,1780,-2.4953260514054456,2.4953260514054456,2.8278855115287187,0.8010636948757802,0.6748634805578587,3.2777474690968105,-0.7367069156178999,-0.9170894889186064,-0.9304304392365804,-0.6670957109921195,-0.3312775822421204,116.72,0.26598128700222423
2022-11-12,russia_ukraine_war,2022-02-24,4145,-2.500140190802696,2.500140190802696,2.8329119042638657,1.5802486937718667,0.6808810246559243,3.229907244409192,-0.7270765624347557,-0.9084859691689856,-0.212285316115681,-0.4464896978168374,-0.4939762770280402,116.72,0.26598128700222423
2022-11-13,russia_ukraine_war,2022-02-24,3450,-1.9074381100411544,1.9074381100411544,2.3151794622713173,1.0495706195509495,0.6315158823234072,3.135866921062366,-1.912736116326855,-1.7946724500930782,-0.7013910759658742,-2.256239167423189,-0.8137958005708348,116.72,0.26598128700222423
2022-11-14,russia_ukraine_war,2022-02-24,5624,-2.2326296508129952,2.2326296508129952,2.5643857248957453,1.7562898686395156,0.6587726901806075,3.068677046618627,-1.262212911370961,-1.3681138592320372,-0.0500348731800676,-1.2569916978126767,-1.0423002640470564,116.72,0.26598128700222423
2022-11-15,russia_ukraine_war,2022-02-24,7379,-2.7975824322874834,2.7975824322874834,3.178458384225877,2.639831118343959,0.6955735609168116,3.075071674987693,-0.1320639130875616,-0.3170248316464321,0.7642914298806132,0.0921456316674251,-1.020552922848691,116.72,0.26598128700222423
2022-11-16,russia_ukraine_war,2022-02-24,9148,-3.113775797054488,3.113775797054488,3.519806972826583,3.363687490788327,0.7210040271004353,3.122135433367317,0.5004590625895211,0.2672509061000141,1.4314422662639943,1.0244385515916106,-0.8604948940646749,116.72,0.26598128700222423
2022-11-17,russia_ukraine_war,2022-02-24,7716,-3.486684615285597,3.486684615285597,3.9347605027332633,3.386003196557968,0.7278590499555396,3.2054806513095864,1.2464373836007006,0.977513927284852,1.45200980194573,1.2757469321610435,-0.5770481029093495,116.72,0.26598128700222423
2022-11-18,russia_ukraine_war,2022-02-24,6431,-2.908634232075204,2.908634232075204,3.289934869997267,2.5069318577720017,0.6959870008989876,3.213819308034777,0.0900875381542589,-0.1262140061719208,0.6418032454554238,0.1073025369877255,-0.54868936140437,116.72,0.26598128700222423
2022-11-19,russia_ukraine_war,2022-02-24,4025,-2.75603845369405,2.75603845369405,3.1901763993581804,1.704355389414948,0.6874572903951784,3.211436531667055,-0.2151697713674996,-0.296967470447381,-0.0979009037501977,-0.2054006849777886,-0.5567928895028791,116.72,0.26598128700222423
2022-11-20,russia_ukraine_war,2022-02-24,2681,-2.9027039556631427,2.9027039556631427,3.168509282868176,1.309617650515097,0.6956743551486899,3.1979730572891163,0.078224430003623,-0.3340543982824451,-0.4617156364572172,0.0958407958878085,-0.6025805028110829,116.72,0.26598128700222423
2022-11-21,russia_ukraine_war,2022-02-24,4151,-2.7563083774203907,2.7563083774203907,3.149929436899088,1.7440320188061056,0.6909745350313792,3.1913603009060427,-0.2146298076060317,-0.3658569414108805,-0.0613324662937483,-0.0764568328166011,-0.625069670441221,116.72,0.26598128700222423
2022-11-22,russia_ukraine_war,2022-02-24,4497,-3.011629957705705,3.011629957705705,3.560619620982623,2.021042373924113,0.708691901847599,3.231434703974751,0.2961233697594882,0.337108643636027,0.1939774227105648,0.5730702156925707,-0.4887815757222357,116.72,0.26598128700222423
2022-11-23,russia_ukraine_war,2022-02-24,4473,-3.0388212701791493,3.0388212701791493,3.5918537348292494,2.0313515468533594,0.7041762794502648,3.271649675618479,0.3505177113072358,0.3905711026003479,0.2034789945748036,0.4075253625354265,-0.3520154246430862,116.72,0.26598128700222423
2022-11-24,russia_ukraine_war,2022-02-24,3875,-2.908843612419674,2.908843612419674,3.5593274590367234,1.748420844264459,0.7030853311534326,3.303643885805251,0.0905063890641455,0.3348968903156945,-0.0572874531022586,0.367530681911169,-0.2432070678244488,116.72,0.26598128700222423
2022-11-25,russia_ukraine_war,2022-02-24,3768,-2.404254820997931,2.404254820997931,2.83118642759287,1.4149459370403348,0.6683610477356935,3.255716334958114,-0.9188886185716666,-0.9114394137959078,-0.3646385682360054,-0.90547797416475,-0.4062027480920852,116.72,0.26598128700222423
2022-11-26,russia_ukraine_war,2022-02-24,2495,-2.546359908191425,2.546359908191425,2.997395298696436,1.0838753150664642,0.6777346568499458,3.2240154215759054,-0.634617211811711,-0.6269448706014238,-0.6697737452683928,-0.5618370299424293,-0.514013638707357,116.72,0.26598128700222423
2022-11-27,russia_ukraine_war,2022-02-24,2237,-3.166527442425219,3.166527442425219,3.604784743398181,1.232259007292425,0.7175339701217068,3.261595025426461,0.6059850837517424,0.4127047068504479,-0.5330141502123827,0.897224621275014,-0.3862100479637762,116.72,0.26598128700222423
2022-11-28,russia_ukraine_war,2022-02-24,3527,-2.7599206138958388,2.7599206138958388,3.185974271277763,1.5445961066756586,0.6906829752240118,3.251316287742997,-0.2074037781604633,-0.3041601220835155,-0.245144947122514,-0.0871455532741962,-0.4211667651628756,116.72,0.26598128700222423
2022-11-29,russia_ukraine_war,2022-02-24,5115,-2.1362184672662448,2.1362184672662448,2.626099258677533,1.5724666302791823,0.6445410778682648,3.184083411500392,-1.4550768215623604,-1.2624807273444671,-0.2194577475061804,-1.7787293373077433,-0.6498174724453207,116.72,0.26598128700222423
2022-11-30,russia_ukraine_war,2022-02-24,4531,-2.07895426582166,2.07895426582166,2.410162843760648,1.4028126109884669,0.6456141489927211,3.10286236934136,-1.5696298993101845,-1.6320923570543813,-0.3758213925251404,-1.7393900422794069,-0.9260402041468052,116.72,0.26598128700222423
2022-12-01,russia_ukraine_war,2022-02-24,5052,-2.057636342289774,2.057636342289774,2.464420755789743,1.501375517917716,0.6450549480358931,3.035388453183452,-1.6122749321608298,-1.539220780495837,-0.2849797168869533,-1.7598906138812451,-1.1555106584071777,111.2,0.15280202046828772
2022-12-02,russia_ukraine_war,2022-02-24,5275,-2.5460119253815217,2.5460119253815217,2.931193318999327,1.915274802338761,0.683923337899044,3.0230287699840512,-0.6353133273755741,-0.7402607354373256,0.0964954821881303,-0.3349570551876343,-1.19754441426097,111.2,0.15280202046828772
2022-12-03,russia_ukraine_war,2022-02-24,3506,-2.689140619596333,2.689140619596333,3.0660954207973417,1.4981128121733116,0.6929917039064348,3.022059814401975,-0.3489942655058264,-0.5093530132912079,-0.2879868284481899,-0.0025064676551144,-1.2008397125071375,111.2,0.15280202046828772
2022-12-04,russia_ukraine_war,2022-02-24,2695,-2.725786639892146,2.725786639892146,3.0240590830792944,1.234961266293481,0.6980534732150273,3.0153226741052634,-0.2756864343269172,-0.5813053021026344,-0.5305235810590146,0.1830603896181979,-1.2237518944632613,111.2,0.15280202046828772
2022-12-05,russia_ukraine_war,2022-02-24,5177,-2.791368583848605,2.791368583848605,3.2146871516976407,2.072294659372943,0.7112672616905089,3.035471964305893,-0.1444942874816038,-0.2550131797776436,0.2412147012721686,0.6674841257823555,-1.155226647395314,111.2,0.15280202046828772
2022-12-06,russia_ukraine_war,2022-02-24,4667,-2.65478012135144,2.65478012135144,3.0638622725835933,1.8301796945145483,0.6922206201972241,3.0404411678197203,-0.4177300677628469,-0.5131754234714685,0.0180665638029148,-0.0307747611883643,-1.1383270000566066,111.2,0.15280202046828772
2022-12-07,russia_ukraine_war,2022-02-24,5442,-2.6141425246046284,2.6141425246046284,3.057298089660425,2.00992054523868,0.6772899540736685,3.043098198391037,-0.4990227717941271,-0.524411130746131,0.1837268570015923,-0.5781400440830401,-1.1292907672884216,111.2,0.15280202046828772
2022-12-08,russia_ukraine_war,2022-02-24,5256,-2.357621783904595,2.357621783904595,2.681825120345957,1.769061587183108,0.6607052060162832,3.0047949256098305,-1.012174786701323,-1.1670965071508363,-0.0382636668568605,-1.1861447531191462,-1.2595554666752595,111.2,0.15280202046828772
2022-12-09,russia_ukraine_war,2022-02-24,4657,-2.856536793180126,2.856536793180126,3.50126999527524,1.9662183235743265,0.6844744631240937,3.0581611948780707,-0.0141297881623495,0.235521739505834,0.1434481845396374,-0.314752543732934,-1.0780633768652437,111.2,0.15280202046828772
2022-12-10,russia_ukraine_war,2022-02-24,3605,-2.712310791541048,2.712310791541048,3.0348921323774807,1.543538363233322,0.6729562290495232,3.056949723385016,-0.3026439377049258,-0.5627627093335008,-0.2461198289486572,-0.7370164534943129,-1.0821834417683138,111.2,0.15280202046828772
2022-12-11,russia_ukraine_war,2022-02-24,2712,-2.8977141694822435,2.8977141694822435,3.278843460178326,1.3195075169751933,0.6945116424815004,3.0844609264700127,0.0682427075678584,-0.1451988265901778,-0.4526005233881804,0.0532151994988219,-0.9886212383475204,111.2,0.15280202046828772
2022-12-12,russia_ukraine_war,2022-02-24,4333,-2.809074615233796,2.809074615233796,3.359750036168792,1.8345811114679065,0.6925188142450909,3.116382232703327,-0.1090745952706504,-0.0067135626869342,0.0221231820955588,-0.0198428263357987,-0.8800608188692646,111.2,0.15280202046828772
2022-12-13,russia_ukraine_war,2022-02-24,4581,-2.5604679815716795,2.5604679815716795,3.05831971543994,1.7415508880894983,0.6788254545967302,3.1099125158048,-0.6063949859527816,-0.5226624457479783,-0.0636192299332965,-0.5218478685541431,-0.9020635268811528,111.2,0.15280202046828772
2022-12-14,russia_ukraine_war,2022-02-24,4920,-2.532930940940299,2.532930940940299,2.9125154226488426,1.813668075437848,0.6794351574688234,3.0868190420686505,-0.6614809327889412,-0.7722311083469277,0.0028484336649352,-0.4994958728492415,-0.98060157847849,111.2,0.15280202046828772
2022-12-15,russia_ukraine_war,2022-02-24,4901,-2.593070816410496,2.593070816410496,3.055228987590619,1.8516050460298576,0.6840021112261886,3.078802828412736,-0.5411752678763047,-0.5279527482558573,0.0378134938948307,-0.3320691877515649,-1.0078637309340546,111.2,0.15280202046828772
