date,event_name,event_date,N,mean_tone,F1_raw,F2_raw,F3_raw,F4_raw,F5_raw,F1_z,F2_z,F3_z,F4_z,F5_z,GPR,GPR_zscore
2022-12-16,israel_hamas_war,2023-10-07,758,-1.7989737164687287,1.7989737164687287,2.2303650790090126,0.3684615980969138,0.6240242248165382,2.2303650790090126,-1.6374025072226437,-1.7603327796661152,-0.831941406766797,-1.7388439385128138,-3.391751840755004,111.2,0.15280202046828772
2022-12-17,israel_hamas_war,2023-10-07,316,-2.035302145347764,2.035302145347764,2.663126262767685,0.1842642495331387,0.636362476389922,2.458134123092525,-1.4023719973963302,-1.3522816409585297,-0.9171343181640566,-1.4850639358097468,-2.96894924711068,111.2,0.15280202046828772
2022-12-18,israel_hamas_war,2023-10-07,663,-3.643423346615861,3.643423346615861,4.381265316749409,0.6606708261263602,0.7045199108109463,3.167776629976984,0.1969173796341475,0.2677541287609991,-0.6967920407901464,-0.0831640159771174,-1.6516556979442751,111.2,0.15280202046828772
2022-12-19,israel_hamas_war,2023-10-07,657,-2.441625299039369,2.441625299039369,3.140552614623591,0.4390786369105055,0.6555100398863581,3.15986037078728,-0.998280376175194,-0.9021156514125542,-0.7992803984640622,-1.0912262281749685,-1.6663504732190946,111.2,0.15280202046828772
2022-12-20,israel_hamas_war,2023-10-07,930,-3.0331793362617776,3.0331793362617776,3.8285361941128944,0.7461129945315667,0.6934219203986958,3.3231471826662604,-0.4099751620388085,-0.253414950983562,-0.6572742782420378,-0.3114336391136091,-1.3632448082322723,111.2,0.15280202046828772
2022-12-21,israel_hamas_war,2023-10-07,943,-2.74014402179312,2.74014402179312,3.6304001892564135,0.6823709157059608,0.6794689647981198,3.388721209969152,-0.7014011224421375,-0.4402376731566858,-0.6867555564255118,-0.5984257699653227,-1.2415212046981563,111.2,0.15280202046828772
2022-12-22,israel_hamas_war,2023-10-07,1032,-2.351297840779977,2.351297840779977,3.0789795955016945,0.6339547997634097,0.6512028814834582,3.329349967117143,-1.0881117547643795,-0.9601729391483338,-0.7091484405134446,-1.1798182514960418,-1.351730717877271,111.2,0.15280202046828772
2022-12-23,israel_hamas_war,2023-10-07,752,-3.2168547696913325,3.2168547696913325,4.014394684499711,0.6541493307070998,0.6966892298408492,3.4496318419118444,-0.2273084766709912,-0.0781687147520214,-0.6998082904037414,-0.2442298060478146,-1.12845415790297,111.2,0.15280202046828772
2022-12-24,israel_hamas_war,2023-10-07,467,-2.616797209094964,2.616797209094964,3.151458462270336,0.3429643031809137,0.6634631637826436,3.400956792504012,-0.8240705127114601,-0.8918325120788122,-0.8437341323602193,-0.9276419640762265,-1.2188085658876282,111.2,0.15280202046828772
2022-12-25,israel_hamas_war,2023-10-07,611,-2.7113966275951875,2.7113966275951875,3.2362846420591893,0.4561650572686208,0.6582403764670606,3.3756740196644173,-0.7299906355471237,-0.8118497859146327,-0.791377777134194,-1.035067150795992,-1.2657404129000842,111.2,0.15280202046828772
2022-12-26,israel_hamas_war,2023-10-07,673,-3.0052584169177425,3.0052584169177425,3.4649345729993266,0.5524587552694088,0.6806414212799947,3.388682170595675,-0.4377427393014104,-0.5962554392239586,-0.7468410856678926,-0.5743100346547125,-1.241593672615939,111.2,0.15280202046828772
2022-12-27,israel_hamas_war,2023-10-07,723,-3.2742192662766265,3.2742192662766265,3.817079591847562,0.6424975879226799,0.7046945291508208,3.4483832651963366,-0.1702590267071343,-0.2642173976343587,-0.7051973250364144,-0.0795723690973495,-1.1307718629967622,111.2,0.15280202046828772
2022-12-28,israel_hamas_war,2023-10-07,798,-2.607884770333347,2.607884770333347,3.048722553177736,0.5595047821918148,0.6650936984031928,3.3947960404536293,-0.8329340042341444,-0.9887023476017036,-0.743582235570518,-0.894104223501779,-1.230244632435575,111.2,0.15280202046828772
2022-12-29,israel_hamas_war,2023-10-07,918,-2.466209267262148,2.466209267262148,2.9184540357805475,0.5996984785873251,0.6527917670959563,3.333032270528098,-0.9738314234513936,-1.111532718847092,-0.7249922936280829,-1.1471371708229512,-1.3448953402297,111.2,0.15280202046828772
2022-12-30,israel_hamas_war,2023-10-07,650,-2.7808240704490563,2.7808240704490563,3.701320729267772,0.4951961706160384,0.6737074080413052,3.379409848417527,-0.6609444891851295,-0.3733665946139081,-0.7733255401879513,-0.7169326654214396,-1.2588056773543417,111.2,0.15280202046828772
2022-12-31,israel_hamas_war,2023-10-07,1123,-2.1295287684100224,2.1295287684100224,2.695204593577941,0.618083117492499,0.6429496711351871,3.2954271614955184,-1.3086628682721746,-1.32203493698828,-0.7164892346778243,-1.349574860204806,-1.4147008649322692,111.2,0.15280202046828772
2023-01-01,israel_hamas_war,2023-10-07,502,-2.31098777795792,2.31098777795792,2.744411889439783,0.3240622220626707,0.6542969190236815,3.229296984516912,-1.128200434154907,-1.2756373073886191,-0.852476512934567,-1.1161783710274746,-1.5374568366983947,104.27,0.010712832591443297
2023-01-02,israel_hamas_war,2023-10-07,856,-4.353945819605536,4.353945819605536,5.18403535745732,0.9947899213467188,0.7846775146507926,3.4592918114849107,0.903537653216604,1.024687147536238,-0.5422589886198259,1.5655620452607872,-1.1105225719561096,104.27,0.010712832591443297
2023-01-03,israel_hamas_war,2023-10-07,1131,-3.288099049687832,3.288099049687832,3.815832820863554,0.9602468649985372,0.7132564769961849,3.500514484254571,-0.1564554712614873,-0.2653929797771783,-0.5582354593009025,0.0965345237161599,-1.034001844417853,104.27,0.010712832591443297
2023-01-04,israel_hamas_war,2023-10-07,1177,-3.164908736582011,3.164908736582011,3.663511573379679,0.9567042671080292,0.7047675495409683,3.5190701260162487,-0.2789692214364359,-0.4090169017410655,-0.5598739423222673,-0.0780704452065283,-0.9995574207028562,104.27,0.010712832591443297
2023-01-05,israel_hamas_war,2023-10-07,1182,-2.977908012154331,2.977908012154331,3.548399427054539,0.9034750826236722,0.6826279088687167,3.522363403178052,-0.4649429352574834,-0.5175563090397595,-0.5844929134034614,-0.5334508559747292,-0.9934441838000873,104.27,0.010712832591443297
2023-01-06,israel_hamas_war,2023-10-07,992,-2.71992904034916,2.71992904034916,3.245894939304799,0.7083152721173517,0.6739591376017717,3.491696576980565,-0.7215050829239095,-0.8027882229058388,-0.6747560609156766,-0.7117549521809804,-1.0503703289104076,104.27,0.010712832591443297
2023-01-07,israel_hamas_war,2023-10-07,403,-3.185494076661951,3.185494076661951,3.8721352906522672,0.363417415730341,0.6930664855211399,3.5334401559178774,-0.2584969363335179,-0.2123053005408043,-0.8342743859588305,-0.3187444208439373,-0.972882654877666,104.27,0.010712832591443297
2023-01-08,israel_hamas_war,2023-10-07,724,-2.965179565856162,2.965179565856162,3.68861032378992,0.5825856086847088,0.6882743211169624,3.5503021978098155,-0.4776014767496996,-0.3853512541058394,-0.7329071481074438,-0.4173123166444417,-0.9415820228065376,104.27,0.010712832591443297
2023-01-09,israel_hamas_war,2023-10-07,1128,-2.2216190851928843,2.2216190851928843,2.732796206906778,0.6473022343000112,0.6553545738350772,3.462228829318602,-1.2170783128033054,-1.2865897510511766,-0.7029751333691038,-1.0944239401586842,-1.1050706512938402,104.27,0.010712832591443297
2023-01-10,israel_hamas_war,2023-10-07,839,-2.6630194473408246,2.6630194473408246,3.6525251396360328,0.5976223468130079,0.6639345681280087,3.4825729079289705,-0.7781021276476452,-0.4193760258207571,-0.7259525230324556,-0.9179458580007872,-1.0673063921673276,104.27,0.010712832591443297
2023-01-11,israel_hamas_war,2023-10-07,700,-2.817157006257607,2.817157006257607,3.7405884920087527,0.5367951876869994,0.6779919692671391,3.509967451861971,-0.6248110943706563,-0.3363409650003894,-0.7540856249385065,-0.6288054333734903,-1.016454511600409,104.27,0.010712832591443297
2023-01-12,israel_hamas_war,2023-10-07,1023,-3.251835848769002,3.251835848769002,4.014529700146577,0.8700480466924242,0.7010024890123878,3.563210119076722,-0.1925195141712343,-0.0780414083056154,-0.5999532147192419,-0.1555122987331312,-0.917621336611605,104.27,0.010712832591443297
2023-01-13,israel_hamas_war,2023-10-07,736,-3.135975131395796,3.135975131395796,3.736980994466054,0.6254007760328127,0.7011502051687648,3.5889074851560365,-0.307743922856341,-0.3397424795895628,-0.7131047525421084,-0.1524739908868633,-0.8699198894203081,104.27,0.010712832591443297
2023-01-14,israel_hamas_war,2023-10-07,765,-4.980956860733325,4.980956860733325,5.915799160067949,1.0286997545377987,0.7778773978257614,3.839559521769103,1.527105140894616,1.7146682829209934,-0.5265753892788544,1.4256934702059263,-0.4046401073996226,104.27,0.010712832591443297
2023-01-15,israel_hamas_war,2023-10-07,972,-4.013301382000722,4.013301382000722,4.68608431886967,1.0265371985355989,0.7284955645443607,3.9258953628296025,0.5647640396504733,0.555168401535157,-0.5275755906570151,0.4099805299161839,-0.2443768123073389,104.27,0.010712832591443297
2023-01-16,israel_hamas_war,2023-10-07,674,-2.955222046662994,2.955222046662994,3.568714272809627,0.5439978134705143,0.6916645085200661,3.892541774353288,-0.4875043091075176,-0.4984014119414673,-0.7507543464755586,-0.3475810615142952,-0.306290334278133,104.27,0.010712832591443297
2023-01-17,israel_hamas_war,2023-10-07,870,-2.2888134401565696,2.2888134401565696,2.8176412150269443,0.5305817125623774,0.6526722694951476,3.779469056167602,-1.1502529901814182,-1.2065892716264912,-0.756959412427243,-1.149595063764742,-0.5161846977184649,104.27,0.010712832591443297
2023-01-18,israel_hamas_war,2023-10-07,920,-2.279825064306527,2.279825064306527,2.772890543593201,0.5554480648561118,0.6497237105463943,3.674075612361469,-1.1591920017449715,-1.248784743683086,-0.7454585034062876,-1.210242659863281,-0.7118241954985136,104.27,0.010712832591443297
2023-01-19,israel_hamas_war,2023-10-07,1027,-2.9702112700035324,2.9702112700035324,3.8547128664454826,0.7974228148940533,0.685246172640245,3.696423320715408,-0.4725974067922213,-0.2287329292270903,-0.6335430301321489,-0.4795969543044814,-0.67034064319196,104.27,0.010712832591443297
2023-01-20,israel_hamas_war,2023-10-07,573,-2.1060188377086977,2.1060188377086977,2.6646982350453685,0.3339359756177719,0.6422239115876652,3.585797120541132,-1.332043682103683,-1.350799426051097,-0.8479098141284391,-1.3645026851755009,-0.8756935898441425,104.27,0.010712832591443297
2023-01-21,israel_hamas_war,2023-10-07,331,-3.673711259031857,3.673711259031857,4.504019871577008,0.3476594338977042,0.7271003802166944,3.685088908977843,0.2270389504094934,0.3834995739598847,-0.8415625926596053,0.3812836047205407,-0.6913804587619719,104.27,0.010712832591443297
2023-01-22,israel_hamas_war,2023-10-07,482,-2.706314056905028,2.706314056905028,3.353561802657639,0.3653534198654621,0.6652085783770152,3.65258386085396,-0.7350452926876232,-0.7012689835632001,-0.8333789668334515,-0.8917413084733584,-0.7517188542125509,104.27,0.010712832591443297
2023-01-23,israel_hamas_war,2023-10-07,663,-2.104607359957823,2.104607359957823,2.6285281420373106,0.38163357669277,0.646989475735251,3.545559238816795,-1.3334474079989131,-1.3849042584459723,-0.8258492495550179,-1.2664819182084133,-0.9503862717415352,104.27,0.010712832591443297
2023-01-24,israel_hamas_war,2023-10-07,940,-2.1654057115474923,2.1654057115474923,2.718050969811757,0.5377262062849614,0.645860514198577,3.456739032079417,-1.272982961810624,-1.3004930561833017,-0.753655020559324,-1.2897030253583788,-1.1152612393987704,104.27,0.010712832591443297
2023-01-25,israel_hamas_war,2023-10-07,926,-3.564549553926521,3.564549553926521,4.443992957067871,0.8734766511765799,0.7265266671856339,3.563169798111367,0.1184767629227362,0.3269001104733096,-0.598367454661823,0.3694831568444883,-0.917696183519792,104.27,0.010712832591443297
2023-01-26,israel_hamas_war,2023-10-07,1967,-5.226716773560876,5.226716773560876,6.444855284458916,2.4232928244558063,0.7919824579884979,3.870812879261765,1.7715153368270502,2.213516058784231,0.1184363047935036,1.7158141720684237,-0.3466251973350844,104.27,0.010712832591443297
2023-01-27,israel_hamas_war,2023-10-07,2772,-6.538125485685746,6.538125485685746,7.499693406543171,3.9555185111254,0.8282907631111684,4.254677425302416,3.075721773874621,3.2081244317677884,0.8271043077960153,2.4626235329710897,0.365933993169227,104.27,0.010712832591443297
2023-01-28,israel_hamas_war,2023-10-07,1646,-6.567210333469887,6.567210333469887,7.22023200488626,2.634631282480927,0.8333907101635668,4.576222323554563,3.1046468872659783,2.9446198767139053,0.216182220626455,2.5675220730150574,0.9628106122073316,104.27,0.010712832591443297
2023-01-29,israel_hamas_war,2023-10-07,1799,-6.49871184827165,6.49871184827165,7.094850262803121,2.803774270527257,0.8337095964720113,4.852110390721118,3.0365245967111165,2.8263972528967565,0.2944123564370669,2.5740811035014826,1.4749354745778749,104.27,0.010712832591443297
2023-01-30,israel_hamas_war,2023-10-07,1998,-5.097775949967893,5.097775949967893,5.6185257009941765,2.3932316051493854,0.7865741690691568,4.931151392405971,1.6432826580493525,1.4343687134701446,0.1045327235919598,1.6045734854601084,1.6216575221285852,104.27,0.010712832591443297
2023-01-31,israel_hamas_war,2023-10-07,1436,-3.7723602469112616,3.7723602469112616,4.373022722096591,1.3508934858273327,0.7306508631627151,4.878415603700427,0.3251461566610689,0.2599821744817935,-0.3775579239541667,0.4543119074974147,1.5237652544049356,104.27,0.010712832591443297
2023-02-01,israel_hamas_war,2023-10-07,1271,-3.22164011393568,3.22164011393568,3.931653362424938,1.0402844189556175,0.7095080043925943,4.785220191205282,-0.2225494136044863,-0.156185625597727,-0.5212173789871236,0.0194338598324935,1.350768689936532,120.99,0.35353119064351207
2023-02-02,israel_hamas_war,2023-10-07,1943,-3.74147182702836,3.74147182702836,4.612002899562693,1.717704876518438,0.7395111911973926,4.773772206674273,0.2944273764142645,0.4853169253867249,-0.2079043944635765,0.6365560495637959,1.329518051724538,120.99,0.35353119064351207
2023-02-03,israel_hamas_war,2023-10-07,1082,-2.873977516602653,2.873977516602653,3.5808585034967835,0.8075995281586298,0.699125735477889,4.656330670893889,-0.5683026430669701,-0.4869505994689114,-0.6288362097667937,-0.1941144065135829,1.1115139496775848,120.99,0.35353119064351207
2023-02-04,israel_hamas_war,2023-10-07,958,-4.828999942846017,4.828999942846017,5.622274824397499,1.2194564801213317,0.8055373788730074,4.762590222697343,1.3759827725359206,1.4379037672857242,-0.438348707690967,1.9946193040801088,1.308761184405017,120.99,0.35353119064351207
2023-02-05,israel_hamas_war,2023-10-07,946,-3.952113748341073,3.952113748341073,4.548472249836569,0.986955212815576,0.7435392023286204,4.745927008416116,0.5039124493348033,0.4254137849561956,-0.5458826109733579,0.719406416951029,1.27782963159062,120.99,0.35353119064351207
2023-02-06,israel_hamas_war,2023-10-07,2208,-4.715183828291238,4.715183828291238,5.552354507063553,2.3957345471484173,0.7685727788895516,4.842140754297476,1.2627917376818285,1.371975800135088,0.1056903565200048,1.2343109064173745,1.4564290609668071,120.99,0.35353119064351207
2023-02-07,israel_hamas_war,2023-10-07,2245,-3.866485547771093,3.866485547771093,4.250652980150263,1.990244391075507,0.7336942219606186,4.786295134764452,0.418754520045757,0.144599569898667,-0.0818524458500297,0.5169093994811623,1.352764083677008,120.99,0.35353119064351207
2023-02-08,israel_hamas_war,2023-10-07,1358,-3.4832004072339044,3.4832004072339044,4.06458772185592,1.1899251366114685,0.7040924213764714,4.715913677531694,0.0375743868870217,-0.0308416280884107,-0.4520072166255119,-0.0919568558046506,1.2221165552465585,120.99,0.35353119064351207
2023-02-09,israel_hamas_war,2023-10-07,1449,-3.7931895477718864,3.7931895477718864,4.26586051015157,1.368674603960237,0.7133072946046642,4.672296333881956,0.3458610627086358,0.1589387716728805,-0.3693339987269463,0.0975797684771822,1.1411506535930245,120.99,0.35353119064351207
2023-02-10,israel_hamas_war,2023-10-07,1006,-5.105994134255615,5.105994134255615,6.165131624283905,1.346181355007621,0.7761187615892912,4.8349893121194,1.6514557079534686,1.9497642197987888,-0.3797373263535287,1.3895208645339931,1.4431539984430375,120.99,0.35353119064351207
2023-02-11,israel_hamas_war,2023-10-07,615,-4.955806791416316,4.955806791416316,5.573527183233376,0.8387857249918051,0.7690342076130943,4.906952904022706,1.5020931961117507,1.3919395467575233,-0.6144123164570248,1.2438018283694403,1.576738408155551,120.99,0.35353119064351207
2023-02-12,israel_hamas_war,2023-10-07,1142,-4.138579602145851,4.138579602145851,4.6793218344692,1.2188002381059158,0.745535067372307,4.884152451282501,0.6893542300499275,0.5487920453283976,-0.4386522254577014,0.760458476326638,1.5344144365482033,120.99,0.35353119064351207
2023-02-13,israel_hamas_war,2023-10-07,1430,-3.8061103398122778,3.8061103398122778,4.583956750021421,1.3581897062639396,0.7314060064954665,4.859739552445185,0.3587108935775547,0.4588721708981585,-0.3741833571320199,0.469844114462643,1.489097317234091,120.99,0.35353119064351207
2023-02-14,israel_hamas_war,2023-10-07,1380,-3.454918346959217,3.454918346959217,4.0663748867407525,1.19642245361537,0.7101669127908351,4.787299211068176,0.0094476520848345,-0.0291565077641243,-0.4490021497439892,0.0329866532807438,1.3546279281126714,120.99,0.35353119064351207
2023-02-15,israel_hamas_war,2023-10-07,1750,-3.567581667790349,3.567581667790349,4.204767605490259,1.5049662206535968,0.7196727351615002,4.736953584121532,0.1214922243746107,0.1013341845482105,-0.3062979142464657,0.2285076809218303,1.2611724643232811,120.99,0.35353119064351207
2023-02-16,israel_hamas_war,2023-10-07,2060,-3.45697567841159,3.45697567841159,4.304986897661713,1.6628916084232348,0.7122810214723168,4.69624355146604,0.0114936846439571,0.1958310983791764,-0.2332560182987702,0.0764708133912712,1.1856033391888916,120.99,0.35353119064351207
2023-02-17,israel_hamas_war,2023-10-07,1531,-3.2403299497495177,3.2403299497495177,3.8118373570989457,1.2242621211837852,0.7055062214412604,4.614138001851793,-0.2039622226316017,-0.2691603082715066,-0.4361260559729435,-0.0628770318012452,1.033192639705216,120.99,0.35353119064351207
2023-02-18,israel_hamas_war,2023-10-07,866,-2.790487347557882,2.790487347557882,3.110825225629225,0.644221494056408,0.6734409588133896,4.45611281405885,-0.6513342829299908,-0.9301456489844226,-0.7044000031224291,-0.7224131409473665,0.7398540100910425,120.99,0.35353119064351207
2023-02-19,israel_hamas_war,2023-10-07,1253,-3.0881548898642968,3.0881548898642968,3.5492923595973624,0.9850887816293568,0.6901851043008084,4.366511689593221,-0.3553015349492913,-0.5167143616688712,-0.5467458519913011,-0.3780102681591059,0.5735294422817943,120.99,0.35353119064351207
2023-02-20,israel_hamas_war,2023-10-07,2005,-4.307242740487819,4.307242740487819,4.690050143673174,2.02775341161873,0.7643160123721908,4.410250279510258,0.8570910680657586,0.5589077834106971,-0.064504190358554,1.1467553713517318,0.654720410675587,120.99,0.35353119064351207
2023-02-21,israel_hamas_war,2023-10-07,2388,-3.641012685393472,3.641012685393472,4.126253286704281,1.966321016949496,0.7250927821951444,4.389627370184917,0.1945199577970704,0.0273029211451264,-0.0929172190844562,0.3399902149476565,0.6164385643152502,120.99,0.35353119064351207
2023-02-22,israel_hamas_war,2023-10-07,1858,-5.336618318035354,5.336618318035354,6.391830337535605,2.363387355791349,0.7908854570125716,4.60060458870117,1.8808133004747376,2.163518760542179,0.0907294929206095,1.6932504474612524,1.008070866885001,120.99,0.35353119064351207
2023-02-23,israel_hamas_war,2023-10-07,2218,-4.671299256885057,4.671299256885057,5.559963779445716,2.3818573889339096,0.7728051572290544,4.691653699051391,1.2191481809585558,1.3791505939400914,0.0992720474648938,1.3213648119120942,1.177083298578602,120.99,0.35353119064351207
2023-02-24,israel_hamas_war,2023-10-07,1499,-3.284552330625921,3.284552330625921,3.666923979354861,1.2192979009044334,0.7028422910727996,4.568014277897113,-0.1599827116924657,-0.4057993392697468,-0.4384220519886998,-0.1176702293696225,0.9475742002239346,120.99,0.35353119064351207
2023-02-25,israel_hamas_war,2023-10-07,906,-3.1874711746452955,3.1874711746452955,3.576594208043438,0.7660781746655657,0.7054698612359062,4.448750300169921,-0.2565306966000835,-0.4909714097467886,-0.6480402049209594,-0.0636249086749013,0.7261871398606878,120.99,0.35353119064351207
2023-02-26,israel_hamas_war,2023-10-07,1538,-4.605538188033958,4.605538188033958,5.016011862563146,1.7466862240391383,0.7610394740497535,4.493996082179167,1.1537482728217825,0.8662575540461033,-0.1945002635639975,1.079361713556764,0.8101758753007879,120.99,0.35353119064351207
2023-02-27,israel_hamas_war,2023-10-07,1645,-4.769355832910158,4.769355832910158,5.2851185167234185,1.9124109571329977,0.7592014812674801,4.57126708619623,1.316666228890057,1.1199986028854607,-0.1178511010603833,1.041556858429659,0.9536123156800028,120.99,0.35353119064351207
2023-02-28,israel_hamas_war,2023-10-07,1402,-4.3808933064143,4.3808933064143,5.212962530389792,1.5374778303123071,0.751635134614139,4.640075193828981,0.9303371440490988,1.0519626202396044,-0.2912610057207285,0.8859280432189622,1.0813392703587867,120.99,0.35353119064351207
2023-03-01,israel_hamas_war,2023-10-07,1343,-3.805780570826633,3.805780570826633,4.556915856967113,1.2879401607553744,0.7283458129516391,4.635212269009932,0.3583829356878132,0.4333752741879553,-0.406674396513821,0.4069003560860724,1.0723123315380862,105.38,0.033471706840115314
2023-03-02,israel_hamas_war,2023-10-07,1293,-3.980686814300964,3.980686814300964,4.683394694602373,1.304353465880469,0.7312678286625108,4.640424772385177,0.5323285916148813,0.5526323509692671,-0.3990830969638482,0.4670019961436553,1.0819881852314672,105.38,0.033471706840115314
2023-03-03,israel_hamas_war,2023-10-07,999,-4.041751835877168,4.041751835877168,4.70098517132181,1.0590737484608077,0.7395823810020251,4.652666705963619,0.5930582432343922,0.5692184366099294,-0.5125271470362802,0.6380203209562708,1.1047126133424674,105.38,0.033471706840115314
2023-03-04,israel_hamas_war,2023-10-07,805,-3.681355602975615,3.681355602975615,4.938291176285591,0.7960411067932588,0.7053994579000452,4.677451856864154,0.2346413115088799,0.792974607869543,-0.6341820824134421,-0.0650730035414089,1.150720735854366,105.38,0.033471706840115314
2023-03-05,israel_hamas_war,2023-10-07,898,-3.851976694233375,3.851976694233375,4.772152015169212,0.9185123089749404,0.7348853567296479,4.688157143032854,0.4043253493355734,0.6363217553917521,-0.5775380625210091,0.5414093201632848,1.1705927196704438,105.38,0.033471706840115314
2023-03-06,israel_hamas_war,2023-10-07,834,-2.455518800465798,2.455518800465798,3.0473680969386723,0.5481126607454659,0.6663108188796504,4.510244464029921,-0.984463178053856,-0.9899794663254282,-0.7488511930260568,-0.8690698143743392,0.8403373839318886,105.38,0.033471706840115314
2023-03-07,israel_hamas_war,2023-10-07,1279,-3.581240779687466,3.581240779687466,4.1605256996212905,1.1626163830819067,0.7225163552635784,4.474774860152095,0.1350763202372259,0.0596184282698156,-0.4646377579332661,0.2869968366097115,0.7744959497922125,105.38,0.033471706840115314
2023-03-08,israel_hamas_war,2023-10-07,1089,-3.690827114246935,3.690827114246935,4.389232510821867,1.0429824626166566,0.7156343350561899,4.468013474374036,0.2440608051071868,0.2752664074393565,-0.5199695098057643,0.1454436273526389,0.7619449402593054,105.38,0.033471706840115314
2023-03-09,israel_hamas_war,2023-10-07,2191,-3.0078849457034904,3.0078849457034904,3.727431145833499,1.5190347013310532,0.6742451739366196,4.390981768161918,-0.4351306354486667,-0.3487470455147083,-0.2997911168512055,-0.7058715981742043,0.6189527030552477,105.38,0.033471706840115314
2023-03-10,israel_hamas_war,2023-10-07,1283,-2.794456405265461,2.794456405265461,3.393502315538178,0.9096158359503268,0.6684112423009438,4.275927514488183,-0.6473870233431234,-0.6636090168815365,-0.5816527603928496,-0.825867140286924,0.4053800595083431,105.38,0.033471706840115314
2023-03-11,israel_hamas_war,2023-10-07,806,-2.349988143086754,2.349988143086754,2.735983916293931,0.5087193062116578,0.6460884910107888,4.106262836766828,-1.089414259579465,-1.2835840553138669,-0.7670709697416679,-1.285013871820276,0.0904353044866041,105.38,0.033471706840115314
2023-03-12,israel_hamas_war,2023-10-07,919,-4.458558097616838,4.458558097616838,5.288607474754394,1.0852184280242352,0.7606026666896897,4.2278620773383615,1.0075753991268657,1.1232883463996028,-0.500435000287568,1.0703772174668285,0.3161572611541403,105.38,0.033471706840115314
2023-03-13,israel_hamas_war,2023-10-07,769,-2.5475630064728643,2.5475630064728643,3.112738504044847,0.5286237050873027,0.6575116992310741,4.108224924913836,-0.892924480119754,-0.9283416160317016,-0.7578650082929805,-1.0500549884015429,0.0940774849279895,105.38,0.033471706840115314
2023-03-14,israel_hamas_war,2023-10-07,826,-2.7295276848921386,2.7295276848921386,3.3463738258578584,0.604032936521676,0.6709856774425538,4.028063612902276,-0.7119591542716581,-0.7080465371614216,-0.7229875682960651,-0.772914730189692,-0.054724169681373,105.38,0.033471706840115314
2023-03-15,israel_hamas_war,2023-10-07,922,-2.4850444886771665,2.4850444886771665,2.958689065291692,0.6066148031460052,0.6637887413259653,3.914244695897737,-0.9550996453370936,-1.0735950520134814,-0.7217934320271064,-0.9209453045590476,-0.2660036853369885,105.38,0.033471706840115314
2023-03-16,israel_hamas_war,2023-10-07,1298,-3.050655356422714,3.050655356422714,3.47233266622198,1.002903877898766,0.6926238607246936,3.865455164276967,-0.392595120426201,-0.5892797665502933,-0.5385062115738499,-0.3278485731924681,-0.3565706040987407,105.38,0.033471706840115314
2023-03-17,israel_hamas_war,2023-10-07,880,-2.6670548790437314,2.6670548790437314,3.444351584976379,0.6245992013222806,0.6847579626678657,3.821315368085757,-0.774088858592364,-0.6156631680498691,-0.7134754879724775,-0.4896387278388579,-0.4385063227459722,105.38,0.033471706840115314
2023-03-18,israel_hamas_war,2023-10-07,647,-3.220412061909925,3.220412061909925,3.629433893245585,0.5710505015324601,0.6960929216991882,3.804991234265578,-0.2237707211512566,-0.4411487950464137,-0.738242237723238,-0.2564950026927787,-0.4688084480674363,105.38,0.033471706840115314
2023-03-19,israel_hamas_war,2023-10-07,1116,-4.322728553558003,4.322728553558003,4.915453833275198,1.247853107168616,0.7494959026168294,3.923582113784267,0.8724918328329259,0.7714412445038411,-0.4252150152090541,0.8419271328119441,-0.2486708448877913,105.38,0.033471706840115314
2023-03-20,israel_hamas_war,2023-10-07,1195,-2.906049649669056,2.906049649669056,3.382358292248209,0.8900258414050184,0.6785871889285443,3.862238010197072,-0.5364066506061052,-0.6741167323696969,-0.5907133070434081,-0.6165626251942354,-0.3625425354233251,105.38,0.033471706840115314
2023-03-21,israel_hamas_war,2023-10-07,923,-2.427253954762352,2.427253954762352,2.968129582967612,0.5930779164677903,0.6531012571628771,3.766431435356573,-1.01257279282747,-1.0646935744036123,-0.7280543624713501,-1.1407714074445183,-0.5403861422827813,105.38,0.033471706840115314
2023-03-22,israel_hamas_war,2023-10-07,387,-1.6402391248178465,1.6402391248178465,2.1722085653915126,0.1800905456575144,0.6133514306309272,3.5837063091167622,-1.7952653262653508,-1.81516863947862,-0.9190646933146596,-1.958367889792629,-0.8795747164327075,105.38,0.033471706840115314
2023-03-23,israel_hamas_war,2023-10-07,1073,-2.751145265657348,2.751145265657348,3.359681462964794,0.7674714780981291,0.6726340500919725,3.549152776877033,-0.6904602975638212,-0.6954987471128096,-0.6473957896956296,-0.7390100871422475,-0.9437156672336152,105.38,0.033471706840115314
2023-03-24,israel_hamas_war,2023-10-07,2874,-3.724701558740461,3.724701558740461,4.11949946902032,2.315116321821265,0.7339355298406981,3.608686791874142,0.2777492106754893,0.0209347367977506,0.0684037105348567,0.5218727538182506,-0.8332040037539692,105.38,0.033471706840115314
2023-03-25,israel_hamas_war,2023-10-07,1188,-3.839679538864837,3.839679538864837,4.327729912946872,1.1700273041904117,0.7298523303746415,3.684739246996701,0.3920957301171417,0.2172755199979322,-0.4612101410305703,0.4378872421458852,-0.6920295284945196,105.38,0.033471706840115314
2023-03-26,israel_hamas_war,2023-10-07,1925,-3.1339427248314338,3.1339427248314338,3.469782848624209,1.4280823963344829,0.6778364153374317,3.654704565489174,-0.309765167415288,-0.5916839932076617,-0.3418573665630822,-0.6320049528894311,-0.7477822375237914,105.38,0.033471706840115314
2023-03-27,israel_hamas_war,2023-10-07,3218,-3.4611620207363503,3.4611620207363503,3.772031149015569,2.337954349857232,0.7016214653247871,3.6580812067401074,0.0156570355178357,-0.3066936387679657,0.0789665015528969,-0.1427808505778121,-0.7415142537227194,105.38,0.033471706840115314
2023-03-28,israel_hamas_war,2023-10-07,2155,-3.3166616621835856,3.3166616621835856,3.99206294020704,1.65329389842338,0.7006968222049099,3.684736968463546,-0.1280497250349742,-0.0992253483641355,-0.2376950445063115,-0.1617994231904828,-0.6920337580847669,105.38,0.033471706840115314
2023-03-29,israel_hamas_war,2023-10-07,2370,-2.386803607490631,2.386803607490631,2.834261801809072,1.2814690187596616,0.6506268032444731,3.590176103757244,-1.0528009862234922,-1.1909176965939732,-0.4096673572213361,-1.1916673482807263,-0.867564981021346,105.38,0.033471706840115314
2023-03-30,israel_hamas_war,2023-10-07,1911,-3.449233074975435,3.449233074975435,4.087350272114175,1.5625615549361769,0.7114407014202789,3.636601868376427,0.0037936036946869,-0.0093787869156015,-0.2796595600644427,0.0591866444140688,-0.7813858701948786,105.38,0.033471706840115314
2023-03-31,israel_hamas_war,2023-10-07,2023,-2.7312057997348225,2.7312057997348225,3.342899561893873,1.2949817249711573,0.6713657431984293,3.5997316170286715,-0.7102902556592743,-0.7113224256187968,-0.403417610457937,-0.7650973268907098,-0.8498272949761734,105.38,0.033471706840115314
2023-04-01,israel_hamas_war,2023-10-07,1317,-4.266079552249572,4.266079552249572,4.887253088885408,1.4199352528795188,0.7456445360610777,3.728201906642697,0.8161539486358161,0.7448507223116468,-0.3456254928467198,0.7627100890423376,-0.6113507633052075,106.81,0.06279169798930555
2023-04-02,israel_hamas_war,2023-10-07,2044,-3.2411247762878204,3.2411247762878204,3.6768652489247664,1.5494350299588913,0.7029027521183895,3.717019525413133,-0.2031717612918177,-0.3964257019833184,-0.2857306945735076,-0.1164266330446514,-0.6321083680359261,106.81,0.06279169798930555
2023-04-03,israel_hamas_war,2023-10-07,2166,-2.810092976610613,2.810092976610613,3.727789419884253,1.406403882903423,0.6786417694727106,3.721854138069745,-0.6318363282675523,-0.3484092284001747,-0.3518838717671847,-0.6154399822846082,-0.623133984450545,106.81,0.06279169798930555
2023-04-04,israel_hamas_war,2023-10-07,1724,-2.782724638524709,2.782724638524709,3.5947558370603185,1.1596128639704009,0.6813901927570036,3.706019846851696,-0.659054359056058,-0.4738467837885247,-0.4660269122264284,-0.5589088875530258,-0.6525268258809916,106.81,0.06279169798930555
2023-04-05,israel_hamas_war,2023-10-07,2881,-4.429529461922853,4.429529461922853,5.2131145466320445,2.75819861175552,0.7491047384236098,3.861279201078283,0.9787061891080756,1.0521059565717,0.2733332090449531,0.8338814506970843,-0.3643223513937746,106.81,0.06279169798930555
2023-04-06,israel_hamas_war,2023-10-07,2497,-4.469973924975173,4.469973924975173,5.061490118694337,2.498337266131398,0.7591660544243435,3.988667626564178,1.0189285306009126,0.9091390667538516,0.153145026283661,1.0408281794678549,-0.1278540599610065,106.81,0.06279169798930555
2023-04-07,israel_hamas_war,2023-10-07,3276,-5.7903458109490575,5.7903458109490575,6.3984340477152015,3.962303262279245,0.8140970779316627,4.246238988508031,2.332048915620752,2.1697454083091414,0.8302423155274448,2.1706799426011343,0.3502699112597391,106.81,0.06279169798930555
2023-04-08,israel_hamas_war,2023-10-07,2612,-5.481617769623923,5.481617769623923,5.992857447785616,3.1708035469231177,0.7830686908003138,4.43888690153809,2.025016413037385,1.7873266525486748,0.4641666600033141,1.5324708638486635,0.7078779330917588,106.81,0.06279169798930555
2023-04-09,israel_hamas_war,2023-10-07,3346,-3.699575137810357,3.699575137810357,4.098922606560534,2.570567836293021,0.7111709103754692,4.398320443556568,0.2527607844022558,0.0015327837741008,0.1865523071806612,0.0536374325444733,0.6325753224206531,106.81,0.06279169798930555
2023-04-10,israel_hamas_war,2023-10-07,2570,-3.529811192514285,3.529811192514285,3.98366290333659,2.0167764001682045,0.71153246278181,4.361664364990257,0.0839291850795826,-0.1071457551353776,-0.069581155750309,0.0610740430003998,0.5645314617940786,106.81,0.06279169798930555
2023-04-11,israel_hamas_war,2023-10-07,2073,-3.4056242098919287,3.4056242098919287,3.9945596994422377,1.6463870540895345,0.6981137246777359,4.328533501543873,-0.0395757608889095,-0.0968711505126729,-0.2408895214190139,-0.214930006039242,0.5030313793260199,106.81,0.06279169798930555
2023-04-12,israel_hamas_war,2023-10-07,1281,-2.448304484925026,2.448304484925026,2.978057389242608,0.7958802632532329,0.6553904001871808,4.193592851781816,-0.9916378724722894,-1.0553326316771967,-0.6342564739807535,-1.0936870438748307,0.2525440625046455,106.81,0.06279169798930555
2023-04-13,israel_hamas_war,2023-10-07,1495,-2.72594246470946,2.72594246470946,3.1485175018091263,1.0096729834370597,0.6753868000073026,4.087297049226854,-0.7155246843747077,-0.894605547901174,-0.535375440078717,-0.6823899998634039,0.0552295363161594,106.81,0.06279169798930555
2023-04-14,israel_hamas_war,2023-10-07,1863,-3.297197623800134,3.297197623800134,3.8506424847206127,1.463377966567894,0.7010885741932528,4.065875332152413,-0.1474068666460798,-0.2325708979732289,-0.3255328515195356,-0.1537416509794633,0.0154648809573405,106.81,0.06279169798930555
2023-04-15,israel_hamas_war,2023-10-07,1258,-3.012603520601385,3.012603520601385,3.433718348284108,0.9642701955142252,0.6833834797819766,4.001578795688634,-0.4304379750304249,-0.6256892621249981,-0.5563746331662297,-0.5179098542964133,-0.1038873448405828,106.81,0.06279169798930555
2023-04-16,israel_hamas_war,2023-10-07,936,-2.187094045382279,2.187094045382279,2.7214235568084404,0.5410645135614117,0.6398584172142407,3.861446751034474,-1.251413740610062,-1.297313039083722,-0.7521110237632952,-1.41315748564794,-0.3640113321491375,106.81,0.06279169798930555
2023-04-17,israel_hamas_war,2023-10-07,1608,-1.8034368333959616,1.8034368333959616,2.1608529697239924,0.7096904353345755,0.6134005406446434,3.684641616126473,-1.6329639017962987,-1.825875846863972,-0.6741200357012248,-1.9573577677879408,-0.6922107585001958,106.81,0.06279169798930555
2023-04-18,israel_hamas_war,2023-10-07,2552,-2.7503475134472017,2.7503475134472017,3.0952798312052594,1.5630287797317213,0.681970660741159,3.626407624217515,-0.6912536685076177,-0.9448034236056672,-0.2794434644424384,-0.5469695000545762,-0.8003092181325867,106.81,0.06279169798930555
2023-04-19,israel_hamas_war,2023-10-07,1804,-3.142186819484745,3.142186819484745,3.7740919556669095,1.358709406206108,0.6955183456150094,3.6500224500359706,-0.3015663494456737,-0.3047505012309245,-0.373942991288149,-0.2683132023241259,-0.7564735439536093,106.81,0.06279169798930555
2023-04-20,israel_hamas_war,2023-10-07,1624,-2.138816187679556,2.138816187679556,2.7410776522802207,0.8485815460010737,0.6403524608551078,3.5557117339401554,-1.2994264556397928,-1.2787811643719649,-0.6098816621462376,-1.402995721984024,-0.9315404216068514,106.81,0.06279169798930555
2023-04-21,israel_hamas_war,2023-10-07,1366,-2.900345452553072,2.900345452553072,3.934974850531186,0.9957513378881075,0.665998833266826,3.592619009355425,-0.5420795201913621,-0.1530537897149737,-0.5418143249215424,-0.8754869075252598,-0.8630302698752583,106.81,0.06279169798930555
2023-04-22,israel_hamas_war,2023-10-07,670,-3.3577214010962493,3.3577214010962493,3.903222319063747,0.6147379291360276,0.6993679444026202,3.62133499935164,-0.0872154867854653,-0.1829932970192196,-0.7180364140345421,-0.1891325189902667,-0.8097254184705491,106.81,0.06279169798930555
2023-04-23,israel_hamas_war,2023-10-07,1065,-3.3674134137573684,3.3674134137573684,3.85529942839734,0.9332710131159176,0.7034454396521653,3.646860455558632,-0.077576702794091,-0.2281798591243162,-0.5707120306371392,-0.1052643348073832,-0.762343083738908,106.81,0.06279169798930555
2023-04-24,israel_hamas_war,2023-10-07,1620,-3.159538960151169,3.159538960151169,3.744574137582804,1.2510066060684877,0.7087580692562311,3.656480192558522,-0.2843095069796536,-0.3325828940919704,-0.4237564939303123,0.0040087779396958,-0.7444861806198055,106.81,0.06279169798930555
2023-04-25,israel_hamas_war,2023-10-07,1436,-2.496455896859646,2.496455896859646,2.996637117542954,0.8939883224260526,0.66341473068799,3.5849986511396263,-0.9437509087687256,-1.037813779306968,-0.5888806243410215,-0.9286381628341308,-0.8771757707755349,106.81,0.06279169798930555
2023-04-26,israel_hamas_war,2023-10-07,1301,-1.8495511091295704,1.8495511091295704,2.437472616654288,0.6092377968154585,0.6249529031680926,3.4680547814842058,-1.5871028863131011,-1.5650507864035086,-0.72058027413412,-1.71974236701656,-1.0942560663006224,106.81,0.06279169798930555
2023-04-27,israel_hamas_war,2023-10-07,1584,-2.727305659711791,2.727305659711791,3.4031498919703966,1.05997743947194,0.6712383407392288,3.457785799499645,-0.7141689760584875,-0.6545123032744063,-0.5121091819089741,-0.7677178113449277,-1.1133181483962342,106.81,0.06279169798930555
2023-04-28,israel_hamas_war,2023-10-07,1195,-2.350999703453828,2.350999703453828,2.983957008754751,0.7200326014552892,0.6563075587338416,3.4084206620463124,-1.088408254716143,-1.049769872006926,-0.6693366919188758,-1.074822418115956,-1.2049535514197685,106.81,0.06279169798930555
2023-04-29,israel_hamas_war,2023-10-07,981,-2.46050606245202,2.46050606245202,2.9676738382873573,0.6344938418566302,0.6664830319280859,3.3537451132641527,-0.9795033061805526,-1.0651232967140154,-0.7088991287527424,-0.865527640863163,-1.3064465524860065,106.81,0.06279169798930555
2023-04-30,israel_hamas_war,2023-10-07,963,-1.7071337138806577,1.7071337138806577,2.183497532533732,0.4330858522804757,0.6191711356746581,3.22847323976102,-1.7287381232257977,-1.8045242562250048,-0.8020521146369051,-1.8386649681148848,-1.538985935706091,106.81,0.06279169798930555
2023-05-01,israel_hamas_war,2023-10-07,1321,-2.1925084171703744,2.1925084171703744,2.599689876159303,0.7316458512518682,0.6427480142811793,3.159364979550467,-1.2460291046279193,-1.4120959005606106,-0.6639654606353178,-1.353722650242219,-1.6672700569168524,108.47,0.09682749191074293
2023-05-02,israel_hamas_war,2023-10-07,2383,-5.96838720678546,5.96838720678546,8.045617623273047,3.2179977223137994,0.8018544073698781,3.672570104938461,2.509112505609058,3.722877156006792,0.4859943857218143,1.9188659031658568,-0.7146188353309807,108.47,0.09682749191074293
2023-05-03,israel_hamas_war,2023-10-07,1952,-4.400048306461694,4.400048306461694,5.509743530118073,2.0275533315206427,0.7691013743924362,3.8579255794716447,0.949386944567032,1.3317978490697222,-0.0645967291828183,1.2451833519460649,-0.3705476043428471,108.47,0.09682749191074293
2023-05-04,israel_hamas_war,2023-10-07,1824,-3.977413334177392,3.977413334177392,4.880860911706888,1.7353186884947414,0.7327628755064673,3.9592215888410505,0.5290730894901536,0.7388235293137411,-0.1997578498212922,0.4977529489706319,-0.182514082669457,108.47,0.09682749191074293
2023-05-05,israel_hamas_war,2023-10-07,1208,-2.3979364766700333,2.3979364766700333,3.259632428280648,0.7412797372341505,0.6583656199843824,3.871928657201633,-1.0417292589180829,-0.7898351249156464,-0.6595097027142655,-1.0324910726559553,-0.344554003644978,108.47,0.09682749191074293
2023-05-06,israel_hamas_war,2023-10-07,865,-4.202487345684989,4.202487345684989,5.413236200050474,0.9692001384492208,0.7407043901629047,4.022858456166981,0.7529109913633995,1.2408009496119543,-0.5540944907269958,0.6610984277842377,-0.0643863859709627,108.47,0.09682749191074293
2023-05-07,israel_hamas_war,2023-10-07,803,-3.159254308510587,3.159254308510587,3.818160795028809,0.6816174234083454,0.698088471195664,4.000838184412356,-0.2845925953094252,-0.2631979296094076,-0.6871040533124093,-0.2154494336672459,-0.1052621250252762,108.47,0.09682749191074293
2023-05-08,israel_hamas_war,2023-10-07,1268,-2.139983967011477,2.139983967011477,2.707338879063134,0.68961765573646,0.6435965687000991,3.864439761105795,-1.2982650897683743,-1.3105935018608703,-0.6834038747311167,-1.3362691122391768,-0.3584554743456776,108.47,0.09682749191074293
2023-05-09,israel_hamas_war,2023-10-07,2744,-4.307811116167771,4.307811116167771,5.24606984254163,2.5863974676461754,0.7594875128500364,4.009514227491569,0.857656322218488,1.0831795521875456,0.1938736524217065,1.047440114688664,-0.0891569798716794,108.47,0.09682749191074293
2023-05-10,israel_hamas_war,2023-10-07,2378,-4.794090135055732,4.794090135055732,5.671021267401688,2.5806534660086333,0.7811883358817258,4.190536810463543,1.341264689900636,1.4838668580672116,0.1912170005948024,1.4937946808024842,0.246871201204073,108.47,0.09682749191074293
2023-05-11,israel_hamas_war,2023-10-07,2694,-4.761390854005838,4.761390854005838,5.626279430980249,2.8193994617640845,0.7809004683664045,4.347794499854558,1.3087449937618183,1.4416797165563464,0.3016391463066475,1.4878736620599298,0.5387851406622207,108.47,0.09682749191074293
2023-05-12,israel_hamas_war,2023-10-07,2385,-3.724264624729148,3.724264624729148,5.173012101126431,2.009328198264977,0.7395012386611648,4.43761903929594,0.2773146763119067,1.0142933033864043,-0.0730260153520251,0.6363513402777372,0.7055244287052357,108.47,0.09682749191074293
2023-05-13,israel_hamas_war,2023-10-07,2101,-4.752560933318864,4.752560933318864,6.295447388839425,2.32208306724351,0.7793611727685728,4.639205757960952,1.2999635671233511,2.072639140457299,0.0716258922335205,1.4562125763173397,1.0797253559592728,108.47,0.09682749191074293
2023-05-14,israel_hamas_war,2023-10-07,2328,-3.558159806923865,3.558159806923865,4.421332001410904,1.884074344346792,0.7126533968188473,4.626806117831062,0.1121221085004186,0.3055330629952623,-0.1309570364129646,0.08413003608478,1.0567081806961962,108.47,0.09682749191074293
2023-05-15,israel_hamas_war,2023-10-07,1607,-3.373855654185669,3.373855654185669,4.1484290181658166,1.3270007159745287,0.7109111971821529,4.5899447862324845,-0.0711698432407607,0.048212450035775,-0.3886085424401342,0.048295507514835,0.9882833134462466,108.47,0.09682749191074293
2023-05-16,israel_hamas_war,2023-10-07,1358,-2.927722688342532,2.927722688342532,3.660080875717188,1.000163761077713,0.6861454860653451,4.500077506005436,-0.5148526405656123,-0.4122517114704926,-0.5397735399657855,-0.4610993769050113,0.8214646866365999,108.47,0.09682749191074293
2023-05-17,israel_hamas_war,2023-10-07,1398,-2.3479999369233537,2.3479999369233537,3.164879999958893,0.8220487410030641,0.6642459238832887,4.363193385550697,-1.091391546486674,-0.8791773250089921,-0.6221533203592416,-0.9115417201092364,0.5673697485388417,108.47,0.09682749191074293
2023-05-18,israel_hamas_war,2023-10-07,1590,-2.375845270491137,2.375845270491137,3.129446728003507,0.9262773823559506,0.6656892009277021,4.241963485992417,-1.0636991398821785,-0.912587407780172,-0.5739466470435352,-0.8818555972372865,0.3423333913520051,108.47,0.09682749191074293
2023-05-19,israel_hamas_war,2023-10-07,1333,-2.2912924161725376,2.2912924161725376,2.792695528446665,0.7705084052813199,0.6437941171460918,4.090728458635377,-1.1477876287365691,-1.2301105951576743,-0.6459911838722839,-1.3322058262168548,0.0615991850259601,108.47,0.09682749191074293
2023-05-20,israel_hamas_war,2023-10-07,617,-2.102127307749038,2.102127307749038,2.7365605695345128,0.356855747766128,0.6353252346564111,3.948868786294349,-1.3359138397261132,-1.283040328149117,-0.8373092157316374,-1.5063984991689496,-0.2017317590040344,108.47,0.09682749191074293
2023-05-21,israel_hamas_war,2023-10-07,845,-2.8604063722838604,2.8604063722838604,3.3843485178296944,0.646028006913225,0.6863711313827007,3.889815935498947,-0.5817992544704379,-0.6722401458243037,-0.7035644748645643,-0.4564581788464497,-0.3113502481136983,108.47,0.09682749191074293
2023-05-22,israel_hamas_war,2023-10-07,1412,-3.0551598528143846,3.0551598528143846,3.89992920627292,1.0786537348063054,0.7001481263111786,3.891685210133448,-0.3881153627920188,-0.1860983777765073,-0.5034712292671163,-0.1730853047083048,-0.3078803553243568,108.47,0.09682749191074293
2023-05-23,israel_hamas_war,2023-10-07,1233,-2.05010302212554,2.05010302212554,2.95140161243177,0.6450044352414074,0.6409567716120704,3.79740703752208,-1.3876524072418273,-1.0804664017309895,-0.7040378858632883,-1.3905659231082814,-0.4828868232336589,108.47,0.09682749191074293
2023-05-24,israel_hamas_war,2023-10-07,1314,-2.509596212598522,2.509596212598522,3.1344777247539297,0.8336828513142068,0.6686634788991943,3.73496331332184,-0.9306827598285596,-0.9078436737534415,-0.6167724409022284,-0.8206789980120571,-0.5987997149740855,108.47,0.09682749191074293
2023-05-25,israel_hamas_war,2023-10-07,1446,-2.3841540261527068,2.3841540261527068,3.0421077074682383,0.8587648644484326,0.6722312236437347,3.6636838991543774,-1.055436016023472,-0.994939495075726,-0.6051717868251194,-0.7472956449876719,-0.7311141008236441,108.47,0.09682749191074293
2023-05-26,israel_hamas_war,2023-10-07,1169,-3.188409138817274,3.188409138817274,3.633456575045921,0.958149585021212,0.7010375655755291,3.664248024713076,-0.2555978837405193,-0.4373558026272951,-0.5592054699371937,-0.1547908245245803,-0.7300669271380424,108.47,0.09682749191074293
2023-05-27,israel_hamas_war,2023-10-07,691,-3.3912599089639217,3.3912599089639217,4.041004963285979,0.6386146185621272,0.6993839564010279,3.707851184113793,-0.0538611728743465,-0.0530778448506258,-0.7069932328888953,-0.1888031753247542,-0.649127355389431,108.47,0.09682749191074293
2023-05-28,israel_hamas_war,2023-10-07,818,-3.492692027986188,3.492692027986188,4.111238423795626,0.7661960605575975,0.7052544191131298,3.7588358471062673,0.0470138795247401,0.0131453854479521,-0.647985681647779,-0.0680562417673861,-0.5544856632488783,108.47,0.09682749191074293
2023-05-29,israel_hamas_war,2023-10-07,1236,-3.027137400708064,3.027137400708064,3.52186183631666,0.9543869712628672,0.6884393264146914,3.740231135870765,-0.415983915197549,-0.5425786412764374,-0.5609457122535796,-0.4139183961481196,-0.5890211735331018,108.47,0.09682749191074293
2023-05-30,israel_hamas_war,2023-10-07,1308,-2.5610369831807978,2.5610369831807978,3.3137373004262307,0.8474638074743253,0.6652654705947209,3.671449967906728,-0.8795245026812614,-0.7388195636379855,-0.6103986261525985,-0.8905711177800294,-0.7166981207060383,108.47,0.09682749191074293
2023-05-31,israel_hamas_war,2023-10-07,1405,-2.310747431803989,2.310747431803989,2.9387041938501097,0.8124215936202859,0.6513059634684816,3.5839768391672058,-1.128439460324383,-1.0924388158599394,-0.6266059616181109,-1.1776980040458838,-0.8790725375372105,108.47,0.09682749191074293
2023-06-01,israel_hamas_war,2023-10-07,1640,-1.814356916498932,1.814356916498932,2.348178471575072,0.7256961644469718,0.6135850709103788,3.446410276833122,-1.6221037919431989,-1.6492463634259928,-0.6667172436808566,-1.953562246918668,-1.134434277266242,110.53,0.139064681957828
2023-06-02,israel_hamas_war,2023-10-07,1120,-2.1082004277921462,2.1082004277921462,2.694033825003239,0.6104734374331979,0.6440004151289592,3.3680491163115267,-1.3298740733436325,-1.3231388563507351,-0.720008779362416,-1.3279625748665038,-1.2798943508369156,110.53,0.139064681957828
2023-06-03,israel_hamas_war,2023-10-07,1314,-4.082099235982153,4.082099235982153,4.575707158233114,1.356065216115935,0.7625477561865216,3.484189670735588,0.6331840548509655,0.4510936190098995,-0.3751659527141742,1.110384897228243,-1.0643052314490389,110.53,0.139064681957828
2023-06-04,israel_hamas_war,2023-10-07,1014,-3.626376094129246,3.626376094129246,4.512003692857521,0.9627613252508306,0.7226998772559221,3.5908028167346178,0.1799637508977681,0.3910275304564821,-0.5570724990783159,0.2907716187525503,-0.8664016277071566,110.53,0.139064681957828
2023-06-05,israel_hamas_war,2023-10-07,1363,-2.770693537079549,2.770693537079549,3.4418254514271305,0.949470232163892,0.6841834891601133,3.5799612784714845,-0.6710193855229988,-0.6180450629840348,-0.5632197478012597,-0.5014548176213638,-0.8865265332455328,110.53,0.139064681957828
2023-06-06,israel_hamas_war,2023-10-07,1527,-2.1831700529130225,2.1831700529130225,2.681973618135084,0.8230503028182371,0.6509978039575502,3.4760023044030497,-1.25531618245753,-1.3345104426442609,-0.6216900891149039,-1.1840363998106314,-1.0795032568630816,110.53,0.139064681957828
2023-06-07,israel_hamas_war,2023-10-07,1383,-1.7782045036024736,1.7782045036024736,2.348346107099992,0.616915208933001,0.62136585290727,3.344887228418308,-1.6580576552799502,-1.6490882996499454,-0.7170294027703903,-1.7935228066090994,-1.3228892464530266,110.53,0.139064681957828
2023-06-08,israel_hamas_war,2023-10-07,1381,-2.3655863886730417,2.3655863886730417,3.157220764141361,0.8196934538156005,0.6531414781756966,3.3124852183721347,-1.0739016797771523,-0.8863992294086176,-0.623242661624147,-1.1399441193412303,-1.3830363746193477,110.53,0.139064681957828
2023-06-09,israel_hamas_war,2023-10-07,1048,-2.608902566313455,2.608902566313455,3.334812901316764,0.7129515702534762,0.6700350280915394,3.304566541166645,-0.8319217980038635,-0.718947349435142,-0.6726117318066971,-0.7924682133907109,-1.397735638402909,110.53,0.139064681957828
2023-06-10,israel_hamas_war,2023-10-07,505,-2.298429316215519,2.298429316215519,2.853218787961933,0.3240976423111176,0.6487705740621117,3.2404220763392897,-1.1406899246489244,-1.1730431272553965,-0.8524601307547413,-1.2298472998010366,-1.5168055770157662,110.53,0.139064681957828
2023-06-11,israel_hamas_war,2023-10-07,590,-2.405026373621812,2.405026373621812,3.022504522352369,0.3917872912604889,0.6629317561166899,3.210905303478416,-1.0346782997800033,-1.0134233663401295,-0.8211530662914392,-0.9385722517349,-1.5715969037818918,110.53,0.139064681957828
2023-06-12,israel_hamas_war,2023-10-07,1571,-2.1471107541710786,2.1471107541710786,2.6911434227103763,0.82880036397728,0.6433345239752795,3.150881263296321,-1.2911774430240122,-1.3258642208039004,-0.6190306347054308,-1.341658993502135,-1.683018190077038,110.53,0.139064681957828
2023-06-13,israel_hamas_war,2023-10-07,1321,-2.3652102740686294,2.3652102740686294,3.0932891042890462,0.7892769171641152,0.6596181125336534,3.141991942792094,-1.0742757287548714,-0.9466804828602922,-0.6373105802568862,-1.0067291111131005,-1.699519237355196,110.53,0.139064681957828
2023-06-14,israel_hamas_war,2023-10-07,1367,-2.4087742163022923,2.4087742163022923,3.148011842644152,0.827496663658247,0.6620000854474037,3.1425007784664487,-1.0309510403041957,-0.8950823346505625,-0.6196336076940974,-0.9577353708821744,-1.6985746970480549,110.53,0.139064681957828
2023-06-15,israel_hamas_war,2023-10-07,1462,-2.542146613163248,2.542146613163248,3.423316841952427,0.924166984558816,0.6626466381125322,3.17220528098763,-0.8983111265211928,-0.6354968573119159,-0.5749227247881179,-0.9444367170066172,-1.6434348919028705,110.53,0.139064681957828
2023-06-16,israel_hamas_war,2023-10-07,933,-2.22638564937556,2.22638564937556,2.78044930182774,0.5492203824365204,0.6469987724636468,3.1329620533489675,-1.2123379266581094,-1.2416575797400766,-0.7483388618952636,-1.2662906979416373,-1.7162812196177004,110.53,0.139064681957828
2023-06-17,israel_hamas_war,2023-10-07,786,-2.997371868432718,2.997371868432718,3.7193469674589545,0.6343508460549944,0.6866535049798058,3.197027977520059,-0.4455859747513191,-0.3563696288587075,-0.7089652655823652,-0.4506501620613806,-1.5973570742723548,110.53,0.139064681957828
2023-06-18,israel_hamas_war,2023-10-07,1472,-3.580851525222553,3.580851525222553,4.396069283976016,1.3092330699530208,0.7225824333877157,3.322519330823443,0.1346892035633053,0.2817128106181394,-0.396826236696054,0.2883559681221818,-1.3644102755969691,110.53,0.139064681957828
2023-06-19,israel_hamas_war,2023-10-07,1768,-4.754936969913038,4.754936969913038,5.717089132390853,2.0226486653382985,0.779093600483469,3.572011567200834,1.3023265544911573,1.5273043138098656,-0.066865180899217,1.450709001128179,-0.9012834048716968,110.53,0.139064681957828
2023-06-20,israel_hamas_war,2023-10-07,1889,-4.415736857799406,4.415736857799406,5.540093830343976,1.98184642988053,0.7651919639048294,3.78311583279588,0.9649893341603126,1.3604151905321271,-0.0857365775684273,1.1647724283876173,-0.5094152676447631,110.53,0.139064681957828
2023-06-21,israel_hamas_war,2023-10-07,1961,-4.619674102217458,4.619674102217458,5.830323845668045,2.1366151085687863,0.7683477670815172,4.00272443023465,1.167806552365923,1.6340734868042524,-0.0141546876369638,1.2296827387299556,-0.1017607289987634,110.53,0.139064681957828
2023-06-22,israel_hamas_war,2023-10-07,1854,-2.9616297520463024,2.9616297520463024,4.233214380207128,1.3093121036263502,0.6908769644906885,4.032351305623855,-0.4811317949322269,0.1281566890874568,-0.396789682919456,-0.363779703981222,-0.0467650213663414,110.53,0.139064681957828
2023-06-23,israel_hamas_war,2023-10-07,1065,-3.9061930793317976,3.9061930793317976,4.811795894083334,1.082592579123415,0.7321817413799443,4.116803137217489,0.458243977285088,0.6737020254825047,-0.5016494787504473,0.485799859886437,0.1100010289961038,110.53,0.139064681957828
2023-06-24,israel_hamas_war,2023-10-07,811,-4.594516246175912,4.594516246175912,5.593239047794428,1.0001534368142244,0.764313958487572,4.273018932916381,1.142786863623321,1.4105258920261232,-0.5397783150294413,1.14671312591355,0.3999809244444357,110.53,0.139064681957828
2023-06-25,israel_hamas_war,2023-10-07,1034,-3.3188687869191127,3.3188687869191127,3.894109287774175,0.8963501088958508,0.7030814279811531,4.233928873880196,-0.1258547218595132,-0.1915859872473279,-0.5877882771002517,-0.1127515287832866,0.3274189201882771,110.53,0.139064681957828
2023-06-26,israel_hamas_war,2023-10-07,1196,-2.7379729867903104,2.7379729867903104,3.306411869886307,0.8391539508813926,0.6766896462738664,4.139987352164155,-0.7035602340901999,-0.7457267225642491,-0.6142420087092185,-0.6555923351307845,0.1530373698232795,110.53,0.139064681957828
2023-06-27,israel_hamas_war,2023-10-07,1455,-2.2664289902621166,2.2664289902621166,2.9120758576577503,0.8206232992515926,0.6421853203104418,4.014978029489352,-1.1725145043624638,-1.1175467121153482,-0.622812599842806,-1.365296451972993,-0.0790146461532549,110.53,0.139064681957828
2023-06-28,israel_hamas_war,2023-10-07,1216,-2.978270047367643,2.978270047367643,3.751254773131951,0.9259198446423352,0.6780367593929764,3.993093010192548,-0.4645828883466511,-0.3262837132841091,-0.5741120114149266,-0.6278841652190488,-0.1196393190884054,110.53,0.139064681957828
2023-06-29,israel_hamas_war,2023-10-07,1377,-2.7279768082615483,2.7279768082615483,3.4221441935937627,0.9429495616186973,0.6725505307472911,3.941929098634832,-0.7135015134659975,-0.636602549125356,-0.5662356159032653,-0.7407279593539581,-0.2146137463405113,110.53,0.139064681957828
2023-06-30,israel_hamas_war,2023-10-07,846,-2.3511502685085324,2.3511502685085324,3.113508939984354,0.5315740234494449,0.6495722770735571,3.8614036319058944,-1.0882585165668357,-0.9276151708831636,-0.7565004598194033,-1.213357427536592,-0.3640913732252746,110.53,0.139064681957828
2023-07-01,israel_hamas_war,2023-10-07,708,-2.2380810482476337,2.2380810482476337,2.829739026927667,0.4308883405197427,0.6460443305132022,3.7485950715032095,-1.200706759081006,-1.1951822274940096,-0.8030684833641767,-1.285922189431587,-0.5734953864679582,107.45,0.07591393179034168
2023-07-02,israel_hamas_war,2023-10-07,1150,-2.7341208508075243,2.7341208508075243,3.390816157491529,0.8100725317775145,0.7191775917708221,3.706625427781797,-0.7073912140880313,-0.6661417991430224,-0.6276924236057471,0.2183232969937402,-0.6514026995145695,107.45,0.07591393179034168
2023-07-03,israel_hamas_war,2023-10-07,2279,-5.68985149381342,5.68985149381342,6.50762786350097,2.9633738154798874,0.8088612199220829,4.003656549194926,2.232106514687153,2.2727044132832472,0.3682285649667178,2.0629859105965966,-0.1000304573739449,107.45,0.07591393179034168
2023-07-04,israel_hamas_war,2023-10-07,2230,-5.537967251598076,5.537967251598076,6.3295274254334695,2.8357194028257413,0.8000935542066393,4.256387233707936,2.0810564228646102,2.1047732556721024,0.3091872641471866,1.8826476985143608,0.3691078723563539,107.45,0.07591393179034168
2023-07-05,israel_hamas_war,2023-10-07,3168,-4.997131332392051,4.997131332392051,5.912343340984708,3.33719866306215,0.7843420093079628,4.441665000583603,1.543190782127679,1.7114097861680353,0.5411258806256524,1.5586611852561243,0.7130348563539611,107.45,0.07591393179034168
2023-07-06,israel_hamas_war,2023-10-07,2147,-4.036694044849642,4.036694044849642,4.893597932140735,2.006329819582663,0.7467195328035356,4.496447427599309,0.5880282296662707,0.7508332840857203,-0.0744127921509829,0.7848212183692248,0.8147262531000388,107.45,0.07591393179034168
2023-07-07,israel_hamas_war,2023-10-07,1989,-5.090322197777681,5.090322197777681,6.057860432713754,2.3811342578060164,0.7973716005452945,4.667626743909922,1.6358698419709226,1.8486180599455784,0.0989375928889319,1.826661045670952,1.132482597934383,107.45,0.07591393179034168
2023-07-08,israel_hamas_war,2023-10-07,1010,-5.22098657451224,5.22098657451224,6.078142529782891,1.3813076844211212,0.796467508816743,4.826487947052592,1.7658166081121214,1.86774207826108,-0.3634910866938998,1.8080651854754453,1.4273731041857578,107.45,0.07591393179034168
2023-07-09,israel_hamas_war,2023-10-07,1155,-2.8611076857207234,2.8611076857207234,3.536803357032277,0.8508845453658438,0.6843887520989438,4.700359700684471,-0.5811017926568264,-0.5284902600379054,-0.6088165044642155,-0.4972328556309295,1.1932440551271897,107.45,0.07591393179034168
2023-07-10,israel_hamas_war,2023-10-07,1723,-2.882170074388903,2.882170074388903,3.6017803973853137,1.2004838254150434,0.6985850533986881,4.595530758300807,-0.5601550789232196,-0.4672233158179479,-0.4471237291772507,-0.2052354554486767,0.9986524287402706,107.45,0.07591393179034168
2023-07-11,israel_hamas_war,2023-10-07,1691,-2.8644111836885338,2.8644111836885338,3.5936089196361176,1.1749065044329334,0.683467491264775,4.4981015880068425,-0.577816437546282,-0.4749282138670821,-0.4589534675377554,-0.51618185951491,0.8177968341503442,107.45,0.07591393179034168
2023-07-12,israel_hamas_war,2023-10-07,1686,-2.122472709145,2.122472709145,2.5666748380711897,0.8684701231638547,0.6375697561332833,4.301748482435548,-1.315680175560549,-1.4432258271619791,-0.6006830183804197,-1.4602319363395384,0.4533109460890067,107.45,0.07591393179034168
2023-07-13,israel_hamas_war,2023-10-07,1328,-2.402809333477104,2.402809333477104,3.027699773852996,0.8054337503336743,0.6521021022613085,4.172158818380735,-1.036883163909079,-1.0085247562746635,-0.629837901266624,-1.1613225797165985,0.2127565446235366,107.45,0.07591393179034168
2023-07-14,israel_hamas_war,2023-10-07,1023,-2.407498744587922,2.407498744587922,2.913573210410707,0.6441406262668888,0.6549145585647775,4.047035433675018,-1.0322195071099856,-1.1161348560644329,-0.704437405194072,-1.103474418325861,-0.0195072021555776,107.45,0.07591393179034168
2023-07-15,israel_hamas_war,2023-10-07,586,-2.527411480145133,2.527411480145133,2.942646259758808,0.4091470943739559,0.6623914549014923,3.932307190673415,-0.9129653339816874,-1.08872183628027,-0.8131240030065929,-0.949685466847898,-0.2324746793670493,107.45,0.07591393179034168
2023-07-16,israel_hamas_war,2023-10-07,979,-3.906147737491044,3.906147737491044,4.95252215127068,1.0054727185107428,0.7355035326393923,4.037401694792451,0.4581988844623611,0.8063930145231831,-0.5373180999514177,0.5541243051927935,-0.0373900966570267,107.45,0.07591393179034168
2023-07-17,israel_hamas_war,2023-10-07,1471,-3.2172872142915176,3.2172872142915176,3.873147130768633,1.1756370775834175,0.7099248454817171,4.01079307829704,-0.2268784070626278,-0.2113512350488692,-0.4586155709601786,0.0280076785859161,-0.0867830776602847,107.45,0.07591393179034168
2023-07-18,israel_hamas_war,2023-10-07,1799,-2.79202741773127,2.79202741773127,3.450361010760056,1.20457943346473,0.6831834852631444,3.943209332939221,-0.6498026708436395,-0.6099968718892238,-0.4452294740404888,-0.5220234525017947,-0.2122372759709482,107.45,0.07591393179034168
2023-07-19,israel_hamas_war,2023-10-07,1678,-2.174083330473489,2.174083330473489,2.5258573873461634,0.8861211796403681,0.6473821039263252,3.783225239587255,-1.2643530004897223,-1.4817126597906092,-0.5925192478256498,-1.258406123773563,-0.5092121782594511,107.45,0.07591393179034168
2023-07-20,israel_hamas_war,2023-10-07,1616,-2.0991808981319053,2.0991808981319053,2.8393080526927417,0.8294667870088533,0.6361118525559949,3.6811356804693744,-1.3388440676202205,-1.1861595794232014,-0.6187224081282049,-1.4902189058533706,-0.6987187486221005,107.45,0.07591393179034168
2023-07-21,israel_hamas_war,2023-10-07,1261,-3.145100773413926,3.145100773413926,3.767451141795343,1.0087334488693631,0.6940969810940382,3.6839998381507577,-0.2986683989924241,-0.3110121341220781,-0.5358099831696166,-0.2975486162584832,-0.6934020766346151,107.45,0.07591393179034168
2023-07-22,israel_hamas_war,2023-10-07,907,-3.9887830194175,3.9887830194175,4.52140485589394,0.9596062699865088,0.7369648888805455,3.7618211411868816,0.540380332259135,0.3998919005205169,-0.5585317401894537,0.5841822910122775,-0.5489441284667769,107.45,0.07591393179034168
2023-07-23,israel_hamas_war,2023-10-07,993,-3.306355423684134,3.306355423684134,3.6177206304028826,0.861794638433781,0.7035464543478506,3.745884735188732,-0.1382993615277448,-0.4521932473224556,-0.6037704894193745,-0.1031866085111103,-0.5785265232847319,107.45,0.07591393179034168
2023-07-24,israel_hamas_war,2023-10-07,1856,-3.9559186383199534,3.9559186383199534,4.469440357887448,1.7504035283744277,0.7293016956262129,3.824663116221694,0.5076964428044479,0.3508945010778222,-0.1927809772586179,0.4265614811891185,-0.4322919725894895,107.45,0.07591393179034168
2023-07-25,israel_hamas_war,2023-10-07,1706,-3.78602316377825,3.78602316377825,4.460355051641739,1.5642105951968417,0.7289879110927474,3.896782673542589,0.3387340365966082,0.3423279528331991,-0.2788968642823767,0.4201073868405443,-0.2984180477528256,107.45,0.07591393179034168
2023-07-26,israel_hamas_war,2023-10-07,1383,-3.0730983576606103,3.0730983576606103,3.794385975285115,1.0661547147963373,0.6972069812582747,3.8867811955559257,-0.3702753764665131,-0.2856152411268651,-0.5092521371496916,-0.2335804076843379,-0.3169835681467536,107.45,0.07591393179034168
2023-07-27,israel_hamas_war,2023-10-07,1307,-2.9943959505784554,2.9943959505784554,3.736633009217773,0.9902200836805268,0.6916365028300403,3.8735031397672266,-0.448545548822903,-0.3400705953775388,-0.5443725791705659,-0.3481570980822141,-0.3416313267945777,107.45,0.07591393179034168
2023-07-28,israel_hamas_war,2023-10-07,1037,-2.5965692899518635,2.5965692899518635,3.2020881538481247,0.7030560584385612,0.6736183390476133,3.8068508194221904,-0.8441873398383472,-0.8440937035255679,-0.6771884940014402,-0.7187646858925308,-0.4653565416396691,107.45,0.07591393179034168
2023-07-29,israel_hamas_war,2023-10-07,582,-3.4452666653761383,3.4452666653761383,4.094565282943432,0.5542163512288184,0.7201035309996713,3.842607262180679,-0.0001510223273473,-0.0025757428923473,-0.7460281819099958,0.2373685286947324,-0.3989826548869083,107.45,0.07591393179034168
2023-07-30,israel_hamas_war,2023-10-07,916,-4.0896692928627365,4.0896692928627365,5.155314139708106,0.9925451704480488,0.7483401494634748,3.983622380843359,0.6407125368727723,0.9976058702695346,-0.5432972058683935,0.8181549608281009,-0.1372194370029945,107.45,0.07591393179034168
2023-07-31,israel_hamas_war,2023-10-07,1292,-3.211206927019697,3.211206927019697,4.002183775269059,1.0515236671815702,0.7064162288059609,3.9716422183674553,-0.2329253013113005,-0.0896823985185422,-0.5160191267552036,-0.0441594955198739,-0.1594579452580281,107.45,0.07591393179034168
2023-08-01,israel_hamas_war,2023-10-07,1210,-3.711700677790129,3.711700677790129,4.698795542480898,1.149040501300752,0.7264283757049496,4.035351842454836,0.264819730746048,0.5671538324462172,-0.4709167239593223,0.3674614431449914,-0.0411951918068917,101.14,-0.05346309209174891
2023-08-02,israel_hamas_war,2023-10-07,1392,-2.7031725484435487,2.7031725484435487,3.2310876321024486,0.9429676538685098,0.6733646797367933,3.940118200742441,-0.738169547940482,-0.8167500540308814,-0.56622724807687,-0.7239820913087426,-0.2179752756862069,101.14,-0.05346309209174891
2023-08-03,israel_hamas_war,2023-10-07,1203,-3.0884321387557256,3.0884321387557256,3.676211155540945,0.9513331370200973,0.6938542566296433,3.9070044840937386,-0.3550258087126705,-0.3970424475698138,-0.5623581377423004,-0.3025411076875861,-0.2794435289363781,101.14,-0.05346309209174891
2023-08-04,israel_hamas_war,2023-10-07,860,-2.943415250614186,2.943415250614186,3.765318724047048,0.6753198528983316,0.690003138515099,3.880175358452062,-0.4992462620664946,-0.31302279386479,-0.690016735664576,-0.3817530413806224,-0.3292458361469713,101.14,-0.05346309209174891
2023-08-05,israel_hamas_war,2023-10-07,732,-4.674513024953358,4.674513024953358,5.501114859355584,0.9276325867982677,0.7715016354413874,4.039082676240043,1.22234429896746,1.3236618630748926,-0.57331985293993,1.294553252686696,-0.0342697283085988,101.14,-0.05346309209174891
2023-08-06,israel_hamas_war,2023-10-07,849,-4.373431906779805,4.373431906779805,5.203529297568349,0.9919309090707662,0.754428817812926,4.164731823692235,0.922916722526258,1.0430680115294342,-0.5435813072167441,0.943390068978682,0.1989699801238887,101.14,-0.05346309209174891
2023-08-07,israel_hamas_war,2023-10-07,1236,-3.657729284266852,3.657729284266852,4.472192789496368,1.153198124569568,0.7356761478200883,4.200284768171349,0.2111447488745055,0.353489772775898,-0.4689937862323399,0.5576747499833764,0.2649661175619086,101.14,-0.05346309209174891
2023-08-08,israel_hamas_war,2023-10-07,1108,-3.0386947551382573,3.0386947551382573,4.177012095368554,0.8717210088873295,0.6914427752152125,4.201179341888259,-0.4044900339203112,0.0751634743837627,-0.5991794548299014,-0.3521417951296242,0.2666266947893257,101.14,-0.05346309209174891
2023-08-09,israel_hamas_war,2023-10-07,1217,-1.5869948721452287,1.5869948721452287,1.8918565601237705,0.4937324422235657,0.5941642451591783,3.966520383289109,-1.8482171607540048,-2.0795129459500865,-0.7740025275833827,-2.353020564194958,-0.1689654934152287,101.14,-0.05346309209174891
2023-08-10,israel_hamas_war,2023-10-07,1191,-2.804268841704413,2.804268841704413,3.359214164961064,0.8563763939151251,0.678503328168022,3.907620547953292,-0.6376284769429962,-0.6959393630684323,-0.6062764756825088,-0.6182875198363544,-0.2782999433419543,101.14,-0.05346309209174891
2023-08-11,israel_hamas_war,2023-10-07,1059,-3.4475996212484894,3.4475996212484894,4.098179897005887,0.950789724602888,0.7194364192162406,3.933218467110908,0.0021691209185658,0.0008324818734764,-0.5626094708167035,0.2236470034692696,-0.2307830972521504,101.14,-0.05346309209174891
2023-08-12,israel_hamas_war,2023-10-07,501,-2.404195202477141,2.404195202477141,3.0734906610091928,0.3365056935027332,0.6601656627242186,3.8479682740246592,-1.0355049061210668,-0.9653484633265969,-0.8467212967594517,-0.9954667950535498,-0.3890311282371241,101.14,-0.05346309209174891
2023-08-13,israel_hamas_war,2023-10-07,801,-2.925673407327156,2.925673407327156,3.4863917562402653,0.6298072613060077,0.7005726063014107,3.803713924781377,-0.516890666900852,-0.5760234304775252,-0.7110667139254848,-0.1643543647993729,-0.471179489158555,101.14,-0.05346309209174891
2023-08-14,israel_hamas_war,2023-10-07,1074,-2.111057940048442,2.111057940048442,2.731231384359711,0.5893888116005122,0.6398731991544322,3.69015944698152,-1.3270322545848074,-1.2880652244673925,-0.7297606062720551,-1.4128534425021646,-0.6819681322197375,101.14,-0.05346309209174891
2023-08-15,israel_hamas_war,2023-10-07,1046,-3.1270795186005933,3.1270795186005933,3.949251360076349,0.8531298062779767,0.7011849389113476,3.7188237576448033,-0.3165906808210544,-0.1395924484595572,-0.6077780513298869,-0.151759568001731,-0.6287592120074749,101.14,-0.05346309209174891
2023-08-16,israel_hamas_war,2023-10-07,1253,-2.770078658051464,2.770078658051464,3.4569149856281003,0.8836258243501871,0.6819635733920271,3.69777464117682,-0.6716308876268203,-0.6038171196186095,-0.5936733718333983,-0.5471152765830539,-0.6678322171754718,101.14,-0.05346309209174891
2023-08-17,israel_hamas_war,2023-10-07,1394,-1.6822874502906249,1.6822874502906249,2.482413268401353,0.5875564221938177,0.6122594724881079,3.574267554313218,-1.753447930787009,-1.522676181637946,-0.730608102664305,-1.9808278906110703,-0.897095666339527,101.14,-0.05346309209174891
2023-08-18,israel_hamas_war,2023-10-07,1357,-2.4952329116077854,2.4952329116077854,3.2155792287266065,0.8518855480812687,0.6703445976683232,3.5353510119910823,-0.944967177368396,-0.8313729497399797,-0.6083535318084823,-0.7861008146093091,-0.969335575391589,101.14,-0.05346309209174891
2023-08-19,israel_hamas_war,2023-10-07,846,-4.401015467729698,4.401015467729698,5.575731833959928,0.9950301904473215,0.7436368067321324,3.74521160942901,0.9503487941717594,1.3940183150786756,-0.5421478620245804,0.7214139984661077,-0.5797760316110459,101.14,-0.05346309209174891
2023-08-20,israel_hamas_war,2023-10-07,689,-3.669227828349821,3.669227828349821,4.784045310322647,0.6891359694527425,0.7179921190256222,3.8555360014841553,0.2225801427917727,0.6475359603909018,-0.6836266589199772,0.1939398359586104,-0.3749833246352653,101.14,-0.05346309209174891
2023-08-21,israel_hamas_war,2023-10-07,1006,-3.9387492917637377,3.9387492917637377,5.071079016179393,1.0384404523791753,0.7337536392015915,3.980412849308257,0.4906213905408125,0.9181804518978328,-0.5220702299233138,0.5181315262537468,-0.1431772187677847,101.14,-0.05346309209174891
2023-08-22,israel_hamas_war,2023-10-07,1084,-3.1840869474275166,3.1840869474275166,4.133420536689933,0.8961830433793334,0.7043576652397971,3.99390812389164,-0.259896337594421,0.0340609314006811,-0.5878655463870095,-0.0865011728862555,-0.1181262417188378,101.14,-0.05346309209174891
2023-08-23,israel_hamas_war,2023-10-07,1570,-1.5159813421888062,1.5159813421888062,2.089101630056515,0.5848707707985452,0.5996671505456341,3.794010050599825,-1.9188406834058955,-1.8935302875899584,-0.7318502403125684,-2.239833753604868,-0.4891925742503724,101.14,-0.05346309209174891
2023-08-24,israel_hamas_war,2023-10-07,1349,-3.277548638785021,3.277548638785021,4.155447483469634,1.1133788744375,0.6933169341223577,3.8324666946379313,-0.1669479391593461,0.0548301710021714,-0.4874105434487558,-0.3135930550838854,-0.4178063641198759,101.14,-0.05346309209174891
2023-08-25,israel_hamas_war,2023-10-07,1238,-2.332198820049036,2.332198820049036,2.852615525165125,0.7363090389462394,0.6533802363876269,3.732551616920258,-1.1071058834050522,-1.1736119446087447,-0.661808694866576,-1.135033207993,-0.6032764931849891,101.14,-0.05346309209174891
2023-08-26,israel_hamas_war,2023-10-07,709,-2.730791025863927,2.730791025863927,3.503402135735715,0.5264231121316862,0.6720979337345624,3.706371973402588,-0.7107027515862416,-0.5599843193384886,-0.7588828021002805,-0.7500372257788271,-0.6518731812226145,101.14,-0.05346309209174891
2023-08-27,israel_hamas_war,2023-10-07,684,-2.6982673276993365,2.6982673276993365,3.4158765476690927,0.5034200525859994,0.6768123758945047,3.667716395793439,-0.7430478291434298,-0.6425123214260153,-0.7695219216588505,-0.6530679642122562,-0.7236286673016415,101.14,-0.05346309209174891
2023-08-28,israel_hamas_war,2023-10-07,1136,-2.8362946659229125,2.8362946659229125,3.36344406972496,0.8314770391127001,0.6933609456685782,3.6337617264919393,-0.6057785390011898,-0.6919509798207909,-0.6177926486571564,-0.3126878011868997,-0.7866579621945227,101.14,-0.05346309209174891
2023-08-29,israel_hamas_war,2023-10-07,965,-2.532289376624872,2.532289376624872,3.0969042651682144,0.6435992339211515,0.6697782011637227,3.5712295441299284,-0.9081142269779688,-0.9432717425002086,-0.7046878039674593,-0.7977507721104686,-0.9027350568466131,101.14,-0.05346309209174891
2023-08-30,israel_hamas_war,2023-10-07,1093,-2.7614907118742416,2.7614907118742416,3.624560555185761,0.7828592189209035,0.6837431668534535,3.5787355974023933,-0.6801716686829438,-0.4457438724684385,-0.6402788227537047,-0.5105116110827163,-0.8888017376618207,101.14,-0.05346309209174891
2023-08-31,israel_hamas_war,2023-10-07,1384,-3.5238024817259928,3.5238024817259928,4.414276110449543,1.2232650263775109,0.7204199487430913,3.666365608573676,0.077953474215385,0.2988800533228758,-0.4365872211859497,0.2438767843663598,-0.7261361034735563,101.14,-0.05346309209174891
2023-09-01,israel_hamas_war,2023-10-07,1190,-2.215189405505746,2.215189405505746,2.976392955331232,0.6759919581623746,0.6522395780934216,3.593011504803709,-1.2234726805992404,-1.0569020287911934,-0.6897058810043124,-1.1584949005403584,-0.862301689333526,98.63,-0.10492685278018757
2023-09-02,israel_hamas_war,2023-10-07,841,-5.206506059086634,5.206506059086634,6.405043030487996,1.1709139601063998,0.7787929806721238,3.8792065959857935,1.7514156198807391,2.175977027611767,-0.4608000547862263,1.444525686086981,-0.3310441282942268,98.63,-0.10492685278018757
2023-09-03,israel_hamas_war,2023-10-07,915,-4.406910144400231,4.406910144400231,5.658547769840808,1.068501311003511,0.75042601244412,4.059653550512789,0.9562110971951756,1.4721055793888036,-0.5081668155404411,0.8610581476952155,0.003915526544819,98.63,-0.10492685278018757
2023-09-04,israel_hamas_war,2023-10-07,997,-2.280406561334524,2.280406561334524,3.5043216740323846,0.5964899270804488,0.6550510267951913,3.998775299674302,-1.1586136983068245,-0.5591172853642713,-0.7264762772270336,-1.1006674640603142,-0.1090914119292459,98.63,-0.10492685278018757
2023-09-05,israel_hamas_war,2023-10-07,1386,-3.684217956259894,3.684217956259894,5.402097876703165,1.280513392769466,0.7221270993091907,4.145873087219259,0.2374879447086947,1.2302986086078742,-0.4101093427382095,0.2789904042096958,0.1639629284601629,98.63,-0.10492685278018757
2023-09-06,israel_hamas_war,2023-10-07,1492,-2.3981574162944,2.3981574162944,3.148641216923031,0.8867732690779477,0.6615281913507682,4.0530904869062425,-1.041509532697238,-0.8944888967434482,-0.592217650663085,-0.9674415504334212,-0.0082673419668613,98.63,-0.10492685278018757
2023-09-07,israel_hamas_war,2023-10-07,1244,-1.8681485655584529,1.8681485655584529,2.746231759399644,0.5922512469644866,0.6242741666899368,3.919019422015836,-1.5686075673762914,-1.2739213494023431,-0.7284367044664922,-1.733702995411641,-0.2571404677966229,98.63,-0.10492685278018757
2023-09-08,israel_hamas_war,2023-10-07,1081,-3.1400487699820547,3.1400487699820547,4.271377933187488,0.881655630565992,0.7140460582964299,3.955211758385076,-0.3036926567504475,0.1641411577394486,-0.5945846039754519,0.112775069900412,-0.1899574414616125,98.63,-0.10492685278018757
2023-09-09,israel_hamas_war,2023-10-07,1053,-2.239619450139713,2.239619450139713,3.232443625640101,0.6145887644073379,0.656726051152084,3.883812762029264,-1.199176806113739,-0.8154714857861197,-0.7181054040477749,-1.0662146339091658,-0.3224938050588118,98.63,-0.10492685278018757
2023-09-10,israel_hamas_war,2023-10-07,1226,-2.690310763145825,2.690310763145825,3.676996080542892,0.8423009239511274,0.6778865289633701,3.864183705268128,-0.7509606961325933,-0.3963023406635915,-0.6127865056849354,-0.6309741880318277,-0.358930785083004,98.63,-0.10492685278018757
2023-09-11,israel_hamas_war,2023-10-07,1435,-3.292942376832557,3.292942376832557,4.2924619722889314,1.178522209217562,0.7042997825917373,3.915633419754657,-0.1516387437375081,0.184021328343421,-0.4572811719278712,-0.0876917353005261,-0.2634258282321138,98.63,-0.10492685278018757
2023-09-12,israel_hamas_war,2023-10-07,1501,-2.863993781144042,2.863993781144042,3.356882747647977,1.0643620846350492,0.6852292829117743,3.856486999969376,-0.5782315477101332,-0.6981376597852147,-0.5100812445374442,-0.4799443516088283,-0.3732180073696076,98.63,-0.10492685278018757
2023-09-13,israel_hamas_war,2023-10-07,1721,-3.695519002456078,3.695519002456078,4.384127797786554,1.537798973763305,0.716633355916578,3.914371607673453,0.2487269254003466,0.2704531662222404,-0.2911124740193767,0.1659920425913604,-0.2657681018398873,98.63,-0.10492685278018757
2023-09-14,israel_hamas_war,2023-10-07,1454,-2.77905156247794,2.77905156247794,3.440795024311329,1.0056522144319318,0.6774323753864769,3.87230660758901,-0.6627072625175586,-0.6190166541843043,-0.5372350814919814,-0.6403154707318969,-0.3438524227752215,98.63,-0.10492685278018757
2023-09-15,israel_hamas_war,2023-10-07,1119,-2.280316585515372,2.280316585515372,2.908032350579697,0.6598013252381731,0.6509076953227823,3.774180755856497,-1.1587031799775134,-1.121359340718592,-0.6971941926816082,-1.1858898041960892,-0.5260012515724,98.63,-0.10492685278018757
2023-09-16,israel_hamas_war,2023-10-07,612,-2.7716907471825074,2.7716907471825074,3.688330028569793,0.4670112881242434,0.6824989581628387,3.755172516495009,-0.6700276521119404,-0.3856155448695197,-0.7863612989303433,-0.5361031856254623,-0.5612858221117699,98.63,-0.10492685278018757
2023-09-17,israel_hamas_war,2023-10-07,895,-3.4699426696217253,3.4699426696217253,4.541160709182464,0.8249552489719612,0.7293460167412504,3.832430006819912,0.0243894609561305,0.4185197228231237,-0.6208090345820555,0.4274731024692585,-0.4178744668977404,98.63,-0.10492685278018757
2023-09-18,israel_hamas_war,2023-10-07,1754,-3.013362736394986,3.013362736394986,3.440413680535221,1.2735413407473712,0.6964257094781944,3.784223033374644,-0.4296829288606325,-0.6193762237758477,-0.4133339787864843,-0.2496500390483421,-0.5073599959186611,98.63,-0.10492685278018757
2023-09-19,israel_hamas_war,2023-10-07,2374,-2.050250719955895,2.050250719955895,2.5191052254070923,1.1022116594782625,0.6491017063612156,3.648796204685405,-1.387505520570032,-1.4880792829337617,-0.492575479654377,-1.2230363869855667,-0.758749795833005,98.63,-0.10492685278018757
2023-09-20,israel_hamas_war,2023-10-07,1971,-2.649731971295691,2.649731971295691,3.397285719647987,1.2305088789572014,0.6718638827993095,3.6308695959979618,-0.791316628687599,-0.6600416397388132,-0.4332368749632259,-0.7548513152491099,-0.7920265594897863,98.63,-0.10492685278018757
2023-09-21,israel_hamas_war,2023-10-07,1381,-1.934784032587244,1.934784032587244,2.6821337708268485,0.6704172012708987,0.632917076714323,3.5278596461819345,-1.5023380632689065,-1.3343594344422909,-0.6922842556314169,-1.555930827588229,-0.9832416305659908,98.63,-0.10492685278018757
2023-09-22,israel_hamas_war,2023-10-07,1485,-1.5774667511365563,1.5774667511365563,1.9222948603999288,0.5810148540450161,0.6042442243831474,3.3621654765815525,-1.857692953188192,-2.050812629114517,-0.7336336360937779,-2.145689959895718,-1.2908160199685197,98.63,-0.10492685278018757
2023-09-23,israel_hamas_war,2023-10-07,727,-3.234467403228713,3.234467403228713,3.922004789284904,0.6378839490423671,0.6989668724123613,3.420461138824287,-0.2097925719645229,-0.1652832790020804,-0.7073311740381191,-0.1973819901707365,-1.182603083071772,98.63,-0.10492685278018757
2023-09-24,israel_hamas_war,2023-10-07,1438,-4.984592853874341,4.984592853874341,6.028703004236544,1.7870868035218648,0.7820945663481792,3.6957146458534265,1.5307211651102015,1.8211254789599751,-0.175814636354341,1.512434531745569,-0.6716561405234867,98.63,-0.10492685278018757
2023-09-25,israel_hamas_war,2023-10-07,918,-1.6131746597521976,1.6131746597521976,2.0389162851406515,0.3922693836208775,0.6021792227205132,3.522720111995437,-1.8221811529085,-1.9408501210405729,-0.8209300942885082,-2.18816405960168,-0.9927820331826778,98.63,-0.10492685278018757
2023-09-26,israel_hamas_war,2023-10-07,1364,-1.543349626770887,1.543349626770887,2.1437714060851247,0.5292085395071403,0.6096609417318178,3.379561570158005,-1.891622705827368,-1.84198207763358,-0.7575945171740813,-2.0342759126774923,-1.2585240396733093,98.63,-0.10492685278018757
2023-09-27,israel_hamas_war,2023-10-07,1312,-2.0674908083524426,2.0674908083524426,2.7046880300870626,0.6859266508274412,0.6416506506215311,3.30699422492558,-1.3703601149812474,-1.3130929911492415,-0.6851109973180199,-1.376293834729373,-1.3932291832173245,98.63,-0.10492685278018757
2023-09-28,israel_hamas_war,2023-10-07,1349,-2.634177280459137,2.634177280459137,3.262378209176518,0.8948264873572168,0.669479654562451,3.296171273194775,-0.8067858929434762,-0.787246124184411,-0.5884929656082888,-0.803891444216812,-1.413319586990516,98.63,-0.10492685278018757
2023-09-29,israel_hamas_war,2023-10-07,1018,-2.3711165771054947,2.3711165771054947,3.026394806462132,0.6316842439101064,0.6607558413434058,3.269469761483764,-1.0684018632172907,-1.009755211892687,-0.7101985927829604,-0.9833276738270288,-1.462885007309444,98.63,-0.10492685278018757
2023-09-30,israel_hamas_war,2023-10-07,670,-1.905530165612265,1.905530165612265,2.7908862701218515,0.3488680351896585,0.6271746820093064,3.2016522504760294,-1.5314312675953294,-1.2318165474180969,-0.8410036038164819,-1.6740435873332884,-1.5887731395793383,98.63,-0.10492685278018757
2023-10-01,israel_hamas_war,2023-10-07,881,-1.99608252251847,1.99608252251847,2.6826122101772234,0.4679373126326682,0.6351128565070634,3.1333136578289724,-1.4413762255058602,-1.3339083132949932,-0.7859330043619738,-1.5107668107562902,-1.7156285440678634,197.89,1.930249595799259
2023-10-02,israel_hamas_war,2023-10-07,979,-1.7149844108385923,1.7149844108385923,2.2738371598308063,0.4414502864853247,0.617251435626359,3.040570663712965,-1.720930542405888,-1.7193428925250054,-0.798183489449528,-1.8781504236147049,-1.8877852943952305,197.89,1.930249595799259
2023-10-03,israel_hamas_war,2023-10-07,1082,-2.366074361384435,2.366074361384435,2.9776025485884765,0.6648766480612963,0.6534092045253149,3.020884589387871,-1.073416387018748,-1.0557615015800768,-0.6948468107515523,-1.1344373752676702,-1.9243281148509928,197.89,1.930249595799259
2023-10-04,israel_hamas_war,2023-10-07,1022,-1.8228064342501908,1.8228064342501908,2.3805972022368684,0.4872843809402989,0.6217526792719168,2.9526143316048388,-1.6137006790621782,-1.6186786959491943,-0.7769848132561825,-1.7855663473586283,-2.051056670856388,197.89,1.930249595799259
2023-10-05,israel_hamas_war,2023-10-07,1170,-2.752063065703916,2.752063065703916,3.642536498128919,0.8276341115894325,0.677522192820298,3.026556386505192,-0.6895475380880072,-0.4287943301744868,-0.6195700368038836,-0.6384680559290518,-1.913799684433784,197.89,1.930249595799259
2023-10-06,israel_hamas_war,2023-10-07,1230,-4.08190869283028,4.08190869283028,4.935718650341584,1.2815703763648445,0.7369704918637491,3.221141431036661,0.6329945581647599,0.7905489694800512,-0.4096204784277752,0.5842975362789268,-1.552595808624671,197.89,1.930249595799259
2023-10-07,israel_hamas_war,2023-10-07,8165,-6.317313206769748,6.317313206769748,6.691467297276511,7.820334230150036,0.8120684212618428,3.5872764578582585,2.856122199097688,2.4460468781501974,2.614615939667326,2.1289534068688662,-0.8729475289952118,197.89,1.930249595799259
2023-10-08,israel_hamas_war,2023-10-07,12627,-5.417812739604878,5.417812739604878,5.863270649648374,8.483157594260543,0.7960993536176154,3.826949566949932,1.96156180113991,1.6651390753678652,2.9211776386873805,1.800492765114744,-0.4280476851270353,197.89,1.930249595799259
2023-10-09,israel_hamas_war,2023-10-07,21116,-4.866875831294955,4.866875831294955,5.401909831323409,9.696058114994896,0.7795833953890738,3.990572513406173,1.413650646073196,1.2301213003505311,3.482154913345791,1.460783374448341,-0.124318061025614,197.89,1.930249595799259
2023-10-10,israel_hamas_war,2023-10-07,20375,-4.568302526223581,4.568302526223581,5.069854835948439,8.960636729672498,0.7619423427174804,4.107960625089746,1.116717109789371,0.9170261706083568,3.1420159840510045,1.0979324171587668,0.0935868710626382,197.89,1.930249595799259
2023-10-11,israel_hamas_war,2023-10-07,18895,-4.404867413940898,4.404867413940898,4.93501126234624,8.356147141319092,0.7594863660309663,4.193707939877132,0.9541795854402332,0.7898819723281785,2.862434174960374,1.0474165262778616,0.2527576979676778,197.89,1.930249595799259
2023-10-12,israel_hamas_war,2023-10-07,19504,-4.341748699825674,4.341748699825674,4.880550486282886,8.353754342039416,0.7592965635926552,4.270343236552201,0.8914075201899891,0.7385308287377618,2.861327484019303,1.0435125644384422,0.3950140889943776,197.89,1.930249595799259
2023-10-13,israel_hamas_war,2023-10-07,21089,-4.243812800764371,4.243812800764371,4.732840225945755,8.450068766526714,0.7517664591614839,4.326670427472068,0.7940094864627055,0.59925461314498,2.905873761669893,0.8886291993578156,0.4995729965028397,197.89,1.930249595799259
2023-10-14,israel_hamas_war,2023-10-07,13940,-4.535079037012804,4.535079037012804,4.997583009942842,7.459482222941895,0.7666791925043863,4.400992028484736,1.083676084448257,0.8488809625702308,2.447718678022093,1.1953625712268052,0.6375345259037927,197.89,1.930249595799259
2023-10-15,israel_hamas_war,2023-10-07,13201,-4.481719396875122,4.481719396875122,4.959548638743259,7.175768358257332,0.7622422747436277,4.459158234670882,1.030609496204118,0.8130182996039714,2.3164984931241683,1.104101585452482,0.7455071564116335,197.89,1.930249595799259
2023-10-16,israel_hamas_war,2023-10-07,16846,-4.4047766084464826,4.4047766084464826,5.014448153959637,7.930023471363515,0.7590379505280687,4.523379823775118,0.9540892786508692,0.8647831309688603,2.6653481889683905,1.0381932674667875,0.8647202590985598,197.89,1.930249595799259
2023-10-17,israel_hamas_war,2023-10-07,17451,-4.101342431739863,4.101342431739863,4.643502232111897,7.504890969099183,0.7420708191638671,4.547124036005616,0.6523215667071336,0.5150176910690717,2.468720626846016,0.6892038974689251,0.9087961103868292,197.89,1.930249595799259
2023-10-18,israel_hamas_war,2023-10-07,20279,-4.766456284598565,4.766456284598565,5.38108049386481,9.329973104000944,0.7633243448178428,4.641475178092282,1.3137826049385413,1.21048128828964,3.312837340923329,1.1263582029907082,1.0839380299047414,197.89,1.930249595799259
2023-10-19,israel_hamas_war,2023-10-07,16857,-4.107045296418587,4.107045296418587,4.617995526742265,7.396248780807033,0.738455162038209,4.649817999414295,0.6579931111728946,0.4909673821195499,2.4184726488303445,0.614835056011496,1.0994246229466162,197.89,1.930249595799259
2023-10-20,israel_hamas_war,2023-10-07,17136,-3.7711059943309526,3.7711059943309526,4.197616951715059,6.843016805757771,0.7256767054078199,4.617163349034307,0.323898792453558,0.0945918228832112,2.162597941620949,0.3520006715030125,1.0388085241665497,197.89,1.930249595799259
2023-10-21,israel_hamas_war,2023-10-07,10658,-3.7450411026314696,3.7450411026314696,4.092102316666296,5.370892599102724,0.7209607579013103,4.565596608505892,0.2979770495056,-0.0048980773153536,1.4817274074834723,0.2550004471331916,0.9430863344856566,197.89,1.930249595799259
2023-10-22,israel_hamas_war,2023-10-07,9276,-4.219133504412494,4.219133504412494,4.62766423742772,5.612059410509019,0.7483561132386088,4.564066142110818,0.7694657291532313,0.5000840232442635,1.5932692019571455,0.8184833126105692,0.9402453638703272,197.89,1.930249595799259
2023-10-23,israel_hamas_war,2023-10-07,12766,-3.843369823892186,3.843369823892186,4.2730763756242,6.051234784198452,0.732131087838949,4.547305302917041,0.3957657480472579,0.1657426215405927,1.7963917169678765,0.4847579897564389,0.9091325921093596,197.89,1.930249595799259
2023-10-24,israel_hamas_war,2023-10-07,13788,-4.030442612769301,4.030442612769301,4.496110101127426,6.593815112352,0.7378365777096195,4.5551765609206765,0.5818111305387713,0.3760414400976133,2.047339942784911,0.6021116703966192,0.9237438326867242,197.89,1.930249595799259
2023-10-25,israel_hamas_war,2023-10-07,14832,-4.045198037944811,4.045198037944811,4.526413076092003,6.857369696297118,0.7344462432596146,4.56236067950924,0.5964855187118473,0.4046141585034726,2.1692362811060035,0.5323773907242378,0.9370795517020762,197.89,1.930249595799259
2023-10-26,israel_hamas_war,2023-10-07,12726,-4.174308270025543,4.174308270025543,4.727310136554445,6.561901012982671,0.7436236240826819,4.586945704147239,0.7248866755834994,0.5940402839538088,2.0325793880804373,0.7211428504194591,0.9827161842988416,197.89,1.930249595799259
2023-10-27,israel_hamas_war,2023-10-07,13917,-4.095620666104867,4.095620666104867,4.558403179479962,6.731186615747782,0.7483817833855769,4.592551959935423,0.6466312250894172,0.4347776727111363,2.1108754844664634,0.8190113104332916,0.9931229518093928,197.89,1.930249595799259
2023-10-28,israel_hamas_war,2023-10-07,11038,-4.703886764919589,4.703886764919589,5.116647811671486,6.872045255219499,0.767358456166157,4.657805551099986,1.2515567179409832,0.9611473342983826,2.176023857587034,1.2093340430269215,1.1142517368907745,197.89,1.930249595799259
2023-10-29,israel_hamas_war,2023-10-07,9677,-4.5754446796296255,4.5754446796296255,4.974544442771008,6.229230520882448,0.7576918560342508,4.702136624075659,1.123820038388535,0.8271578646550992,1.8787163277326149,1.0105060492051172,1.196542518364477,197.89,1.930249595799259
2023-10-30,israel_hamas_war,2023-10-07,12087,-4.277402172865211,4.277402172865211,4.8091388112058935,6.550301585436153,0.752347677678787,4.726838032943994,0.8274143852599085,0.6711966582396226,2.027214549710425,0.9005840242383879,1.242395192410787,197.89,1.930249595799259
2023-10-31,israel_hamas_war,2023-10-07,12808,-4.5154812854107,4.5154812854107,5.039265905097688,7.121211481928461,0.75456515953383,4.769466345299955,1.0641859639733748,0.8881838239887093,2.291265452760466,0.9461944211264516,1.3215251773448786,197.89,1.930249595799259
2023-11-01,israel_hamas_war,2023-10-07,12463,-4.353007111925466,4.353007111925466,4.989397448301175,6.770938967645105,0.7499288033667624,4.805866541361472,0.9026041009323056,0.8411627847987563,2.1292613006545222,0.8508312755776128,1.38909404898807,156.7,1.0857108297606994
2023-11-02,israel_hamas_war,2023-10-07,12101,-3.862259467530986,3.862259467530986,4.428486360415963,5.918067521970646,0.7301590862089724,4.772468927284901,0.414551649497722,0.3122789183267915,1.7348006742061444,0.4441967663116609,1.3270988032779945,156.7,1.0857108297606994
2023-11-03,israel_hamas_war,2023-10-07,12289,-3.880090404757921,3.880090404757921,4.376688195872412,5.9923615973059725,0.7312876668053613,4.729803611372605,0.4322846589668132,0.2634383549440427,1.7691623445924711,0.4674100380705254,1.2479001294680494,156.7,1.0857108297606994
2023-11-04,israel_hamas_war,2023-10-07,8478,-4.035372345618704,4.035372345618704,4.44326799549558,5.103838127224125,0.7386079368966422,4.6887343808588025,0.586713789226084,0.3262165431706155,1.3582123398758716,0.617977414047845,1.1716642333651277,156.7,1.0857108297606994
2023-11-05,israel_hamas_war,2023-10-07,9635,-4.264922604098873,4.264922604098873,4.676752160082728,5.79268205658255,0.7497867852936947,4.680983616606897,0.8150033544606201,0.5463690956765813,1.6768087816702224,0.8479101690697224,1.157276662650164,156.7,1.0857108297606994
2023-11-06,israel_hamas_war,2023-10-07,11054,-4.134408332041131,4.134408332041131,4.611288587523326,6.0446775436601765,0.7418501207651335,4.669647912000503,0.6852058686192446,0.4846433995438461,1.7933589349189296,0.6846644503767614,1.136234447156595,156.7,1.0857108297606994
2023-11-07,israel_hamas_war,2023-10-07,11489,-4.320070323447143,4.320070323447143,4.8827618855263655,6.444791707028585,0.7537786588136139,4.689926089509542,0.8698482017591935,0.7406159602451706,1.9784152928655347,0.9300172380211112,1.1738763755393564,156.7,1.0857108297606994
2023-11-08,israel_hamas_war,2023-10-07,11999,-4.135540622672825,4.135540622672825,4.5907707659816905,6.309392655637473,0.744701038977926,4.678109490809822,0.6863319406948762,0.4652971162863066,1.9157920277730829,0.7433037176542644,1.1519414870719678,156.7,1.0857108297606994
2023-11-09,israel_hamas_war,2023-10-07,12937,-3.8837731290384254,3.8837731290384254,4.300809240826814,6.155878711183909,0.7320251618225432,4.637177847805196,0.4359471576738145,0.1918919797784635,1.844790463580924,0.4825792446911511,1.0759609915919317,156.7,1.0857108297606994
2023-11-10,israel_hamas_war,2023-10-07,11806,-3.7917228080473455,3.7917228080473455,4.245248765347434,5.736818835546902,0.7326231121975797,4.595292218259674,0.3444023783392754,0.1395039280368862,1.6509715452650104,0.4948782197031713,0.9982096321851684,156.7,1.0857108297606994
2023-11-11,israel_hamas_war,2023-10-07,9600,-4.270655795551669,4.270655795551669,4.603769953523633,5.788928676415839,0.7465926943757341,4.593965161234612,0.8207050591453842,0.4775540687992221,1.6750728099720624,0.7822123352257023,0.9957462458441152,156.7,1.0857108297606994
2023-11-12,israel_hamas_war,2023-10-07,9765,-4.573253181284871,4.573253181284871,5.115803317975924,6.257072165928228,0.7591644197487142,4.64701189256038,1.1216405757834889,0.9603510599858096,1.891593336104523,1.0407945565527152,1.0942157094147,156.7,1.0857108297606994
2023-11-13,israel_hamas_war,2023-10-07,10479,-3.811132904150524,3.811132904150524,4.256205329679415,5.416609418007475,0.7267889357530839,4.603743844227282,0.3637058739218686,0.149834888205626,1.5028718426921504,0.3748776422268403,1.0138981968625806,156.7,1.0857108297606994
2023-11-14,israel_hamas_war,2023-10-07,10432,-3.716468953616378,3.716468953616378,4.1659983869500055,5.269400892893222,0.7246383158936226,4.5573322860034775,0.2695618191344475,0.064778632974122,1.434786591005491,0.3306424999539492,0.9277454570508245,156.7,1.0857108297606994
2023-11-15,israel_hamas_war,2023-10-07,10877,-3.644556180473667,3.644556180473667,4.107697882110848,5.283382623750756,0.7215015092154414,4.505336596777883,0.1980439919524854,0.0098070036329117,1.4412532658377504,0.2661229201307368,0.8312270194757642,156.7,1.0857108297606994
2023-11-16,israel_hamas_war,2023-10-07,11852,-4.002070982244428,4.002070982244428,4.550879725115695,6.067212886464327,0.7430734707934346,4.509520262947,0.5535953174074708,0.4276837968378656,1.8037817313261004,0.7098269923822088,0.8389930656229145,156.7,1.0857108297606994
2023-11-17,israel_hamas_war,2023-10-07,11277,-4.018886807241827,4.018886807241827,4.532602063476687,5.937587979593163,0.7405989757383568,4.513678396533675,0.5703187896576579,0.4104497635543533,1.7438290594116637,0.6589302054240758,0.8467117162070604,156.7,1.0857108297606994
2023-11-18,israel_hamas_war,2023-10-07,7736,-4.633513329581,4.633513329581,5.039592969906347,5.559762990059632,0.7664354607934648,4.571502366064983,1.1815697744982896,0.8884922138642648,1.5690816425352685,1.1903493621923973,0.9540490604498684,156.7,1.0857108297606994
2023-11-19,israel_hamas_war,2023-10-07,6851,-4.404841101489726,4.404841101489726,4.82617840725105,4.918382442263821,0.7574966306448923,4.598066263651751,0.954153417497413,0.687263317705137,1.2724374367074314,1.0064905451003054,1.0033590307409586,156.7,1.0857108297606994
2023-11-20,israel_hamas_war,2023-10-07,8213,-3.931952391804439,3.931952391804439,4.42245289772888,4.883823938347272,0.7422182154141446,4.581329858124212,0.4838618192516128,0.3065899577355691,1.2564538213886411,0.6922356253090783,0.9722916146493656,156.7,1.0857108297606994
2023-11-21,israel_hamas_war,2023-10-07,9060,-4.027879315136682,4.027879315136682,4.46942683724605,5.288075601045725,0.7392189587482625,4.569992197850688,0.5792619105727745,0.3508817524457226,1.4434238095616263,0.6305452504413211,0.9512457688945466,156.7,1.0857108297606994
2023-11-22,israel_hamas_war,2023-10-07,10840,-3.8378773180450354,3.8378773180450354,4.143172961619517,5.553628513865574,0.7112683290118624,4.525193832692907,0.3903034071194105,0.0432565068058366,1.5662443927542922,0.0556411930984027,0.8680875633712781,156.7,1.0857108297606994
2023-11-23,israel_hamas_war,2023-10-07,7910,-3.796207218802444,3.796207218802444,4.202257380871592,4.614278664707631,0.7218208575546138,4.490000586404179,0.3488621606474834,0.0989672901674281,1.131786735821004,0.2726914539214733,0.8027591256570549,156.7,1.0857108297606994
2023-11-24,israel_hamas_war,2023-10-07,8435,-4.103121481618134,4.103121481618134,4.497647252993328,5.1745624165246085,0.7388263966940619,4.490429728775741,0.6540908460184701,0.3774908227890092,1.3909229524823508,0.6224708163463759,0.8035557330646559,156.7,1.0857108297606994
2023-11-25,israel_hamas_war,2023-10-07,7841,-4.420885695149438,4.420885695149438,4.8770002103422,5.346362587238032,0.7421695930069578,4.5277633243031294,0.9701098940232574,0.7351832684789126,1.4703820589013294,0.6912355326659768,0.8728572533066273,156.7,1.0857108297606994
2023-11-26,israel_hamas_war,2023-10-07,9121,-4.389061092895848,4.389061092895848,4.748610020209098,5.783807216406939,0.7428385527655555,4.548600272222735,0.938460072932502,0.6141239746955062,1.6727040891833818,0.7049950680697933,0.911536414733019,156.7,1.0857108297606994
2023-11-27,israel_hamas_war,2023-10-07,10525,-4.17949290983865,4.17949290983865,4.598530001265581,5.9540392532351545,0.747480426240091,4.552430159071852,0.7300428412818891,0.4726133103256895,1.7514379197382768,0.8004716966592224,0.9186457482233814,156.7,1.0857108297606994
2023-11-28,israel_hamas_war,2023-10-07,8252,-3.930130075346784,3.930130075346784,4.451120371277676,4.894811219876784,0.7344262602463474,4.539051149647424,0.4820495109815538,0.3336205595188813,1.2615355367832384,0.5319663690222723,0.8938105915944325,156.7,1.0857108297606994
2023-11-29,israel_hamas_war,2023-10-07,8114,-4.007391401103361,4.007391401103361,4.465329517401149,4.943021910431044,0.7387868712282577,4.52878482400593,0.5588865164512588,0.3470183837077047,1.2838334098026631,0.6216578346399344,0.8747534404091761,156.7,1.0857108297606994
2023-11-30,israel_hamas_war,2023-10-07,9946,-3.8160350323081422,3.8160350323081422,4.209598781501723,5.273420353922651,0.7276804577943364,4.495657414241834,0.368581079522752,0.1058895073145743,1.436645627468366,0.3932149621212555,0.8132597689344757,156.7,1.0857108297606994
2023-12-01,israel_hamas_war,2023-10-07,8616,-4.516536970709249,4.516536970709249,5.055717036308929,5.764860671983547,0.760383436136003,4.555413309680643,1.065235851433428,0.9036956191212372,1.6639411439350824,1.0658679618258415,0.9241833041265703,142.28,0.7900504994311045
2023-12-02,israel_hamas_war,2023-10-07,6146,-4.691511908689046,4.691511908689046,5.1779297616674205,4.901971435507463,0.7747696788270089,4.621722120653828,1.2392498245947725,1.01893017253927,1.2648472001734334,1.3617721819088775,1.04727087019044,142.28,0.7900504994311045
2023-12-03,israel_hamas_war,2023-10-07,6830,-5.262964358580099,5.262964358580099,5.838117387663548,5.865688730857837,0.7982476618656683,4.749775280770888,1.807563849599931,1.6414220286910493,1.710575017620083,1.8446803608818776,1.2849730936848407,142.28,0.7900504994311045
2023-12-04,israel_hamas_war,2023-10-07,7829,-4.526780792270268,4.526780792270268,5.046475356684987,5.469562727644981,0.7656016348452241,4.78184860502673,1.0754234137824683,0.8949816261947762,1.5273632192038908,1.1731987675445392,1.3445100897535138,142.28,0.7900504994311045
2023-12-05,israel_hamas_war,2023-10-07,8300,-3.819300826444224,3.819300826444224,4.314532084513313,4.77256741661944,0.7291458526668066,4.731978906860999,0.3718289378715418,0.2048312687043961,1.2049966909151002,0.4233560167499997,1.251938081939319,142.28,0.7900504994311045
2023-12-06,israel_hamas_war,2023-10-07,8935,-4.3618383560311065,4.3618383560311065,5.223206775164424,5.682307912312367,0.750709023066108,4.784594318255692,0.911386843721205,1.0616219332796084,1.6257597586160035,0.8668792671614488,1.349606895947173,142.28,0.7900504994311045
2023-12-07,israel_hamas_war,2023-10-07,8825,-3.899181489675016,3.899181489675016,4.380790226232468,5.04447559926765,0.7332563088881455,4.7446556036284,0.4512708953772412,0.2673061652335328,1.3307566429076694,0.5079021604850253,1.2754695512558194,142.28,0.7900504994311045
2023-12-08,israel_hamas_war,2023-10-07,8551,-4.052144427884999,4.052144427884999,4.573352971963244,5.150015208477335,0.733799793450294,4.729337294232787,0.6033937589808602,0.4488738534112224,1.379569650512874,0.5190808524439938,1.2470345153677247,142.28,0.7900504994311045
2023-12-09,israel_hamas_war,2023-10-07,6634,-5.095224492896726,5.095224492896726,5.719582182095234,5.579531948774786,0.7667498725568255,4.83452385023552,1.640745213616278,1.5296550139394196,1.5782249617055393,1.196816357753395,1.4422899719352265,142.28,0.7900504994311045
2023-12-10,israel_hamas_war,2023-10-07,6552,-4.659880595557955,4.659880595557955,5.153943283992337,5.064318867587507,0.7604860667275082,4.866676421374737,1.2077922310799387,0.9963132884557848,1.339934330930797,1.0679789247637173,1.5019740722250363,142.28,0.7900504994311045
2023-12-11,israel_hamas_war,2023-10-07,6538,-4.237672310001641,4.237672310001641,4.802797947980308,4.599461536610123,0.7450146431578758,4.86330712892093,0.7879027193615415,0.6652178492412808,1.1249336823377951,0.7497541023916792,1.4957197298320744,142.28,0.7900504994311045
2023-12-12,israel_hamas_war,2023-10-07,7594,-4.033668105480258,4.033668105480258,4.454429547055915,4.787934619334845,0.7378615349916351,4.824012230312763,0.5850189087984292,0.3367407860899577,1.212104158799764,0.6026250056175539,1.422777486449642,142.28,0.7900504994311045
2023-12-13,israel_hamas_war,2023-10-07,8046,-3.971525071886047,3.971525071886047,4.423131139571835,4.875122454817783,0.7311981420457692,4.785666099758909,0.5232171656180652,0.3072294729386954,1.2524293078919346,0.4655686431535754,1.3515964200337462,142.28,0.7900504994311045
2023-12-14,israel_hamas_war,2023-10-07,7405,-4.207256334276654,4.207256334276654,4.74703388632738,4.920586700122744,0.7412081401959654,4.78288613874866,0.7576537886026964,0.6126378358056814,1.2734569255650947,0.6714598379071754,1.3464360404479574,142.28,0.7900504994311045
2023-12-15,israel_hamas_war,2023-10-07,7308,-4.176224816198302,4.176224816198302,4.6775663868060855,4.846403493037225,0.7511500971114071,4.7731547282744105,0.7267926960577429,0.5471368312178018,1.239146532730026,0.8759515228001437,1.328371840350504,142.28,0.7900504994311045
2023-12-16,israel_hamas_war,2023-10-07,5979,-5.462654461639207,5.462654461639207,5.997165674943346,5.610627245136709,0.7983212190753106,4.900844013213845,2.006157251806628,1.7913888860934082,1.592606812739164,1.846193326373854,1.565398610472907,142.28,0.7900504994311045
2023-12-17,israel_hamas_war,2023-10-07,5201,-5.113654127247877,5.113654127247877,5.670245751419705,4.806117955027423,0.778524337646403,4.982445544543184,1.6590736321565651,1.4831356229393615,1.2205141132244233,1.439000087310844,1.7168737120619664,142.28,0.7900504994311045
2023-12-18,israel_hamas_war,2023-10-07,7189,-4.561454783655724,4.561454783655724,5.125126239548291,5.242162925834406,0.7621863149660828,5.000594123911443,1.1099069751199335,0.9691416560615604,1.422188789069815,1.1029505737056275,1.750562514940054,142.28,0.7900504994311045
2023-12-19,israel_hamas_war,2023-10-07,7302,-3.888026824347793,3.888026824347793,4.420099209967412,4.509764456026475,0.7295702448039618,4.942272220952499,0.4401774916287611,0.3043706621811764,1.083447985077013,0.4320851496481112,1.6423008679873932,142.28,0.7900504994311045
2023-12-20,israel_hamas_war,2023-10-07,5596,-4.065481488770331,4.065481488770331,4.560322957196859,4.004892772732588,0.7366198474082168,4.906381003253256,0.6166575725403735,0.436587833864319,0.8499403427726531,0.5770852866061491,1.575676801519743,142.28,0.7900504994311045
2023-12-21,israel_hamas_war,2023-10-07,5752,-4.266915623304992,4.266915623304992,4.805483550570842,4.2772145177903695,0.7424241170164162,4.899622571363064,0.8169854279772496,0.6677501077624025,0.9758915710566052,0.6964707236834526,1.563131275222966,142.28,0.7900504994311045
2023-12-22,israel_hamas_war,2023-10-07,6618,-4.431850237117805,4.431850237117805,4.954558927979793,4.845984259656276,0.7413242943041701,4.907639499368352,0.9810142185730408,0.8083134941933522,1.238952633563961,0.6738489600383666,1.5780129197736297,142.28,0.7900504994311045
2023-12-23,israel_hamas_war,2023-10-07,4522,-4.037807951802969,4.037807951802969,4.409989716860411,3.460279987224437,0.7304507510889293,4.855295458101439,0.5891360190269551,0.2948384066811812,0.5980520873586698,0.4501958913565357,1.4808478440780863,142.28,0.7900504994311045
2023-12-24,israel_hamas_war,2023-10-07,5237,-3.49412199068378,3.49412199068378,3.8782402523958974,3.2986904127140235,0.6955105365132014,4.752783325024647,0.0484359888471002,-0.2065489233869691,0.5233154724653222,-0.2684738242620196,1.2905568591056589,142.28,0.7900504994311045
2023-12-25,israel_hamas_war,2023-10-07,5711,-4.0760244165515145,4.0760244165515145,4.568383964588354,4.067429726922895,0.7144050014798728,4.734176907650594,0.6271425984140142,0.4441885692552826,0.8788642400976174,0.1201580124123732,1.2560181817545175,142.28,0.7900504994311045
2023-12-26,israel_hamas_war,2023-10-07,6323,-4.88564006980175,4.88564006980175,5.3598120224203205,5.1951788473923735,0.7738207659300891,4.801758664034752,1.432311831118402,1.1904272161658025,1.4004582350580232,1.3422544150589322,1.38146868797776,142.28,0.7900504994311045
2023-12-27,israel_hamas_war,2023-10-07,5368,-4.485163496417091,4.485163496417091,5.134198746387983,4.302328378584038,0.7592055845660503,4.838696499100898,1.0340346807029994,0.9776961357279552,0.9875069549593616,1.041641257350854,1.4500355669073068,142.28,0.7900504994311045
2023-12-28,israel_hamas_war,2023-10-07,5267,-4.779323135041708,4.779323135041708,5.460122243993534,4.528706034647915,0.7756983927695288,4.90774508289384,1.3265787904582225,1.2850098674596515,1.0922086335977588,1.3808744854598531,1.5782089121157938,142.28,0.7900504994311045
2023-12-29,israel_hamas_war,2023-10-07,5259,-4.917463765637469,4.917463765637469,5.445938041459853,4.655027311396896,0.785569333042215,4.963719372217491,1.4639607507693466,1.2716355626172955,1.1506333472083274,1.5839054606498888,1.6821127362665431,142.28,0.7900504994311045
2023-12-30,israel_hamas_war,2023-10-07,3720,-4.678286559390901,4.678286559390901,5.17631761671083,3.505433070800336,0.7609622580694504,4.984970293604705,1.2260971091008397,1.0174100787554772,0.6189357899656198,1.0777734924402238,1.7215603474026344,142.28,0.7900504994311045
2023-12-31,israel_hamas_war,2023-10-07,4244,-4.485847012943744,4.485847012943744,4.9005776233517055,3.682635096951735,0.7684365173845935,4.971353468117603,1.0347144433472828,0.7574144449045521,0.7008933025522041,1.2315082041956775,1.6962837381236413,142.28,0.7900504994311045
2024-01-01,israel_hamas_war,2023-10-07,3710,-4.444124732642521,4.444124732642521,4.904048321993842,3.3236720471158674,0.7603502010277104,4.9638364009485,0.9932213023958316,0.7606869716148597,0.5348697004862437,1.065184363682121,1.682329974088305,160.37,1.1609586392135163
2024-01-02,israel_hamas_war,2023-10-07,6054,-4.818505416763359,4.818505416763359,5.294951454150412,4.987675468243422,0.7815603510270533,5.002362267127404,1.365545882537997,1.1292700936394986,1.304486077302734,1.5014464946778374,1.7538446797340057,160.37,1.1609586392135163
2024-01-03,israel_hamas_war,2023-10-07,6815,-5.4760651039301065,5.4760651039301065,6.160770611040407,6.095107258818337,0.7857802644881421,5.123380792915594,2.019494242661596,1.94565221417834,1.81668312654686,1.588244015638751,1.9784886685084344,160.37,1.1609586392135163
