date,event_name,event_date,GPR_custom,F3_raw,GPR,GPR_zscore,N,mean_tone,BTC,Gold,TLT,DXY,SP500,NASDAQ,VIX,fear_greed,fg_label,fear_greed_lag1
2019-01-02,hormuz_crisis,2019-06-13,-0.7454216655565656,1.02496049755063,87.42,-0.3347709792014608,406,-3.543996948473769,0.05223829160589142,0.002109914525054996,0.005253228694377583,0.006736141674937097,0.0012676930626261643,0.004610135188027707,23.219999313354492,30.0,Fear,
2019-01-03,hormuz_crisis,2019-06-13,0.669602858879037,3.317164471453892,87.42,-0.3347709792014608,1149,-4.9704400555358985,-0.02742232180619206,0.008395609500155037,0.011315187482934875,-0.005281451136241998,-0.02506833181891511,-0.030840003413063557,25.450000762939453,33.0,Fear,30.0
2019-01-04,hormuz_crisis,2019-06-13,-0.6516531150742655,1.1768565532945447,87.42,-0.3347709792014608,599,-2.927566736740685,0.005452331614920808,-0.007069439157760669,-0.01164271483522426,-0.0012467026777095323,0.03375939906034647,0.04171978412266962,21.3799991607666,48.0,Neutral,33.0
2019-01-07,hormuz_crisis,2019-06-13,-0.5214558955901055,1.3877635579005476,87.42,-0.3347709792014608,610,-3.400950504092769,0.042510901248586794,0.0031913610711298765,-0.0029525208806062365,-0.005002650903429855,0.006985975995229761,0.01247742073715234,21.399999618530273,39.0,Fear,48.0
2019-01-08,hormuz_crisis,2019-06-13,-0.4633852373902735,1.4818324529579852,87.42,-0.3347709792014608,533,-4.061624802137352,0.0013901547706836324,-0.0028016342498520465,-0.0026317943837888985,0.001983221158362685,0.009648587336497393,0.010718362847466868,20.469999313354492,39.0,Fear,39.0
2019-01-09,hormuz_crisis,2019-06-13,-0.596639992652996,1.265972533726868,87.42,-0.3347709792014608,557,-3.3446374016222604,0.0011030020343775215,0.0047425532281951755,-0.0015659330091569036,-0.007115981214347269,0.004089671332822161,0.008673322865231559,19.979999542236328,42.0,Fear,39.0
2019-01-10,hormuz_crisis,2019-06-13,-0.6985878829118832,1.1008267322605063,87.42,-0.3347709792014608,457,-3.437175642672769,-0.0924592824929815,-0.0035742832584524176,-0.006454294554438658,0.00335500095828451,0.004508241374462229,0.004158283898455209,19.5,37.0,Fear,42.0
2019-01-11,hormuz_crisis,2019-06-13,-0.454127590681291,1.4968289524594944,87.42,-0.3347709792014608,589,-3.775581233505073,0.002291770109090111,0.0018664166569111902,0.003894128305443112,0.0013597330063223076,-0.0001463085444824661,-0.002090603188675801,18.190000534057617,19.0,Extreme Fear,37.0
2019-01-14,hormuz_crisis,2019-06-13,-0.90674939079199,0.7636250602493501,87.42,-0.3347709792014608,373,-2.8431326388357507,0.005054984870562135,0.0015526748231558635,-0.0037280764061801974,-0.0008365767857184733,-0.00527139458724949,-0.009448534565961127,19.06999969482422,16.0,Extreme Fear,19.0
2019-01-15,hormuz_crisis,2019-06-13,-0.7659763045233969,0.991663954410708,87.42,-0.3347709792014608,342,-3.9855323351851,-0.020548563372547957,-0.0022521847725428135,-0.003658763715559068,0.003967481584089056,0.010664618879761001,0.01692966097108439,18.600000381469727,27.0,Fear,16.0
2019-01-16,hormuz_crisis,2019-06-13,-0.8561715833505281,0.8455562559329551,87.42,-0.3347709792014608,414,-2.8746064043419297,0.006679301401546422,0.004189644244261605,0.0009991902937477445,0.0009373154720789112,0.0022195205290883643,0.0015449514495489678,19.040000915527344,24.0,Extreme Fear,27.0
2019-01-17,hormuz_crisis,2019-06-13,-0.7400665601947928,1.0336352544745937,87.42,-0.3347709792014608,498,-2.9998730498408275,0.006424485580328479,-0.0004646291352922488,0.0002496257848209902,0.00010411842380147599,0.007562730706235749,0.0070500314846657745,18.059999465942383,28.0,Fear,24.0
2019-01-18,hormuz_crisis,2019-06-13,-0.7604503196726494,1.0006155197128463,87.42,-0.3347709792014608,422,-3.345879798272545,-0.005649816019732142,-0.007541886222843759,-0.005255527281775565,0.002806473944679403,0.01309691283985578,0.010219384517698674,17.799999237060547,29.0,Fear,28.0
2019-01-22,hormuz_crisis,2019-06-13,-0.574291213822305,1.302175411318709,87.42,-0.3347709792014608,495,-3.798619320018406,-0.014668165057360533,0.00093607242112592,0.006752038213659928,-0.00041521269553680814,-0.014258476827972471,-0.019308552581686445,20.799999237060547,27.0,Fear,29.0
2019-01-23,hormuz_crisis,2019-06-13,-0.941616488477426,0.7071437071046709,87.42,-0.3347709792014608,477,-2.128715364855077,-0.005411671839448025,0.0004677078286435974,-0.000415497544309938,-0.0018709110514125024,0.002200489919450871,0.0007703412345865474,19.520000457763672,33.0,Fear,27.0
2019-01-24,hormuz_crisis,2019-06-13,-0.0489442976503515,2.153187014391443,87.42,-0.3347709792014608,1047,-3.455113513303292,0.004381431105509742,-0.003122319355127618,0.006544370907443514,0.004981285979845186,0.001374780110977555,0.006764925935189553,18.889999389648438,37.0,Fear,33.0
2019-01-25,hormuz_crisis,2019-06-13,-0.2066598118096897,1.897703012482412,87.42,-0.3347709792014608,856,-3.5484966702739085,-0.00030542026954499585,0.01420559407819777,-0.004800554100148206,-0.008420420470173488,0.008452867700518018,0.012838756110327301,17.420000076293945,35.0,Fear,37.0
2019-01-28,hormuz_crisis,2019-06-13,-0.9149330274574128,0.7503683539792281,87.42,-0.3347709792014608,394,-2.663150788882392,-0.036584411822387315,0.0038464543970783884,-0.0009960581546652656,-0.00041767689169542764,-0.007877775848708898,-0.011112631817476794,18.8700008392334,35.0,Fear,35.0
2019-01-29,hormuz_crisis,2019-06-13,-0.474694649646055,1.4635122901144806,87.42,-0.3347709792014608,671,-3.31856067277516,-0.006456126661071388,0.0044433742087311885,0.005053177137715089,0.0007308002093346978,-0.0014573079351148383,-0.008132432213352268,19.1299991607666,21.0,Extreme Fear,35.0
2019-01-30,hormuz_crisis,2019-06-13,-0.499688702163663,1.423024322934082,87.42,-0.3347709792014608,703,-3.107908553944469,0.010978782970954,0.0012987078392666725,-0.0007439251347491996,-0.005022016904459742,0.015429609891560045,0.021784832765876307,17.65999984741211,22.0,Extreme Fear,21.0
2019-01-31,hormuz_crisis,2019-06-13,-0.6334089603332869,1.2064103336535512,87.42,-0.3347709792014608,899,-2.1722079357542907,-0.008176606850343018,0.007453583981655651,0.008563254542613233,0.0025142009416812875,0.008560648809767757,0.01364160551103814,16.56999969482422,17.0,Extreme Fear,22.0
2019-02-01,hormuz_crisis,2019-06-13,-0.665673486642388,1.1541448964510923,96.8,-0.1424482400550252,683,-2.579870333968684,0.00868238253365107,-0.002123892768155545,-0.008315218000992209,0.0,0.0008982065848071141,-0.0024571160296978757,16.139999389648438,23.0,Extreme Fear,17.0
2019-02-04,hormuz_crisis,2019-06-13,-0.5475103771201016,1.3455577974563129,96.8,-0.1424482400550252,625,-3.2325169957190893,-0.008288761421215832,-0.0019762666158226303,-0.004474288031646933,0.0028208412648959165,0.006753381117479676,0.011452807845096613,15.729999542236328,27.0,Fear,23.0
2019-02-05,hormuz_crisis,2019-06-13,-0.5671738476286656,1.3137048617211973,96.8,-0.1424482400550252,630,-3.1355044060723367,0.0020802425249583987,-7.616332988273438e-05,0.004556974231982096,0.002604846526007075,0.0046973704373502,0.00739548370868154,15.569999694824219,21.0,Extreme Fear,27.0
2019-02-06,hormuz_crisis,2019-06-13,-0.5312534347416856,1.3718924844386355,96.8,-0.1424482400550252,1030,-2.2284371804065883,-0.015287693750092953,-0.0035826933617428332,0.000495847601843161,0.0033243298888583233,-0.0022269157175087858,-0.0036272138731508357,15.380000114440918,14.0,Extreme Fear,21.0
2019-02-07,hormuz_crisis,2019-06-13,-0.4899815551641647,1.4387489697817315,96.8,-0.1424482400550252,578,-3.6860878016899,-0.004196583300843028,-7.634929554701608e-05,0.006588206731346341,0.000933022066781138,-0.009401193202230233,-0.011856642123861078,16.3700008392334,18.0,Extreme Fear,14.0
2019-02-08,hormuz_crisis,2019-06-13,-0.956560555904634,0.6829357515877251,96.8,-0.1424482400550252,347,-2.709727258064639,0.07569393609415692,0.0032785106548437006,0.004259132021351267,0.0013460758169269156,0.0006759725660127,0.00135057281614435,15.720000267028809,37.0,Fear,18.0
2019-02-11,hormuz_crisis,2019-06-13,-0.6349708846562446,1.203880166099425,96.8,-0.1424482400550252,702,-2.6322991786657144,-0.005016847229195202,-0.005113111682841348,-0.0039308520448621005,0.004336590952711256,0.0007088518038183947,0.0013281722557409628,15.970000267028809,46.0,Fear,37.0
2019-02-12,hormuz_crisis,2019-06-13,-0.2835909923362872,1.7730818807105286,96.8,-0.1424482400550252,802,-3.488167438537565,0.0013963105132088508,0.001681791706648733,-0.002546977407761476,-0.0036125185613491797,0.012807852902838604,0.014497801185621979,15.430000305175781,38.0,Fear,46.0
2019-02-13,hormuz_crisis,2019-06-13,-0.4481113134085204,1.5065747444472688,96.8,-0.1424482400550252,765,-3.0761617762441698,-0.0058905436608690425,0.001221448744417649,-0.003791310005741105,0.004333458874714606,0.0030194315937109753,0.0007765104030215458,15.649999618530273,48.0,Neutral,38.0
2019-02-14,hormuz_crisis,2019-06-13,-0.1714211865320084,1.9547862046826368,96.8,-0.1424482400550252,965,-3.334728064218101,-0.004190873583172263,-0.0007631840122664169,0.005681619657390876,-0.0015454528449521325,-0.0026551633836986214,0.0008850497556546418,16.219999313354492,48.0,Neutral,48.0
2019-02-15,hormuz_crisis,2019-06-13,-0.0719785445689312,2.115873744260173,96.8,-0.1424482400550252,964,-3.6123652845760863,0.0010859628225890826,0.0063167961332353875,0.0015588667723894774,-0.0006189292360145267,0.010820004664957538,0.006102289082795742,14.90999984741211,43.0,Fear,48.0
2019-02-19,hormuz_crisis,2019-06-13,-0.9335932787699832,0.7201405370940274,96.8,-0.1424482400550252,626,-1.7277776606948083,0.08628175799766252,0.01655293261183519,0.0025381562991346296,-0.004135671078728945,0.0014976213265920058,0.0019198736191796573,14.880000114440918,65.0,Greed,43.0
2019-02-20,hormuz_crisis,2019-06-13,-0.1672200722497422,1.96159160677026,96.8,-0.1424482400550252,1080,-3.0760412637644747,0.013269765098495359,0.002385089610256545,-0.002866140186762045,-0.0007254982662519485,0.00177553356074094,0.00030713532323710325,14.020000457763672,59.0,Greed,65.0
2019-02-21,hormuz_crisis,2019-06-13,-0.7649639684558006,0.9933038417179584,96.8,-0.1424482400550252,756,-2.047238835974896,-0.01149189028232773,-0.014849566751193068,-0.00897904597777292,0.0016575541361932384,-0.0035326693258413886,-0.0039280665652146555,14.460000038146973,59.0,Greed,59.0
2019-02-22,hormuz_crisis,2019-06-13,-0.876417908984928,0.8127591508123765,96.8,-0.1424482400550252,467,-2.491219764138582,0.012917451356471413,0.004297478078310308,0.005940131534143889,-0.0010356097932493662,0.006390638694710404,0.009051766169176747,13.510000228881836,61.0,Greed,59.0
2019-02-25,hormuz_crisis,2019-06-13,-0.6323467129547078,1.208131072496165,96.8,-0.1424482400550252,652,-2.804005681644444,-0.031145228196265307,-0.0024857282115930447,-0.0029656551282262102,-0.0010366833928195224,0.0012311044497517107,0.0035698117574532147,14.850000381469727,47.0,Neutral,61.0
2019-02-26,hormuz_crisis,2019-06-13,-0.5714644568339544,1.306754486444308,96.8,-0.1424482400550252,673,-2.955986559451224,-0.007325399279809829,-0.0006035826876001255,0.004937862739938786,-0.004261777193198242,-0.0007907696728402984,-0.0006832942963663161,15.170000076293945,40.0,Fear,47.0
2019-02-27,hormuz_crisis,2019-06-13,-0.969212491106479,0.6624408303715695,96.8,-0.1424482400550252,389,-2.377418592738605,-0.000859279158257992,-0.005600154350637701,-0.011393759862686918,0.0015612964367278633,-0.0005441974362980739,0.0006898870274924959,14.699999809265137,39.0,Fear,40.0
2019-02-28,hormuz_crisis,2019-06-13,-1.0463213659150077,0.5375318509107244,96.8,-0.1424482400550252,282,-2.566955856529072,0.0009701838898456305,-0.00372545752587554,-0.003410306214858219,0.00010402096583284309,-0.002829507598950442,-0.0029137586529924936,14.779999732971191,39.0,Fear,39.0
2019-03-01,hormuz_crisis,2019-06-13,-0.8332236290145458,0.8827297403592194,82.33,-0.4391337449003263,439,-2.852870847041358,0.0012440007407169633,-0.01257108687016906,-0.011396075898878626,0.0038403193442849287,0.006871656588713028,0.008305284558913564,13.569999694824219,42.0,Fear,39.0
2019-03-04,hormuz_crisis,2019-06-13,0.2085545121297239,2.570310382121534,82.33,-0.4391337449003263,800,-5.06645737849129,-0.02572633664225412,-0.008988108902638492,0.00780690366580884,0.0015527307771561066,-0.003888107395255168,-0.002343686207766131,14.630000114440918,36.0,Fear,42.0
2019-03-05,hormuz_crisis,2019-06-13,-0.9691757987678224,0.6625002684399761,82.33,-0.4391337449003263,367,-2.5019860201431268,0.035213632013154125,-0.0021817437163371535,0.002088293852074777,0.0017568151060931927,-0.001132173489706859,-0.0001596893960870817,14.739999771118164,35.0,Fear,36.0
2019-03-06,hormuz_crisis,2019-06-13,-0.8425274319732671,0.8676584721613062,82.33,-0.4391337449003263,415,-2.9435885665655075,0.0019403387629408418,0.00225955480956854,0.003664858760896641,0.0002065276936401051,-0.00654547360412503,-0.009340823081353283,15.739999771118164,42.0,Fear,35.0
2019-03-07,hormuz_crisis,2019-06-13,-0.7430861211629056,1.028743855399152,82.33,-0.4391337449003263,525,-2.855729317369916,0.0019299650258204676,-0.0008564453784477475,0.00646392232514697,0.008224528920454022,-0.008158911138331157,-0.011316234048727796,16.59000015258789,56.0,Greed,42.0
2019-03-08,hormuz_crisis,2019-06-13,-0.6996902825071406,1.099040950679027,82.33,-0.4391337449003263,660,-2.525689700224476,-0.0026502747112911442,0.010229437404707756,0.00420395576078404,-0.0030762475136783527,-0.0021339641314536495,-0.001796383950066561,16.049999237060547,54.0,Neutral,56.0
2019-03-11,hormuz_crisis,2019-06-13,-0.950939687032954,0.6920410199007199,82.33,-0.4391337449003263,421,-2.3188124827961065,0.0010493249311858874,-0.0063423145671770475,-0.0029656551282262102,-0.0015417190249468634,0.014559535563489445,0.020035137147738583,14.329999923706055,56.0,Greed,54.0
2019-03-12,hormuz_crisis,2019-06-13,-0.1959654435802123,1.915026863009858,82.33,-0.4391337449003263,813,-3.727444665311288,0.0010055701480762823,0.0058024995240326446,0.006988136185471093,-0.002884208571455564,0.002948965727805163,0.004352707516611882,13.770000457763672,56.0,Greed,56.0
2019-03-13,hormuz_crisis,2019-06-13,-0.7594012393192324,1.0023149292379254,82.33,-0.4391337449003263,540,-2.717449354816508,-0.00062410552370009,0.008602826665778341,-0.001886061718755151,-0.0040312151193654016,0.0069255467570192835,0.006876600348556077,13.40999984741211,54.0,Neutral,56.0
2019-03-14,hormuz_crisis,2019-06-13,-0.5276562639709224,1.377719555979209,82.33,-0.4391337449003263,557,-3.639867558823864,0.00450815746490209,-0.01084248805070627,-0.007249433571433124,0.0024826521373223884,-0.0008683993315961826,-0.001636734405823722,13.5,55.0,Greed,54.0
2019-03-15,hormuz_crisis,2019-06-13,-0.7260231126981176,1.0563842921084257,82.33,-0.4391337449003263,410,-3.621703525534112,0.009268473031698707,0.006473530758076257,0.006592550138228437,-0.0019649671972771826,0.0049725194084307206,0.007522455238329687,12.880000114440918,55.0,Greed,55.0
2019-03-18,hormuz_crisis,2019-06-13,-0.5444380715709999,1.3505346376927074,82.33,-0.4391337449003263,730,-2.862011830656727,0.017914264468173954,-0.0011529150377441156,-0.0005751115036424826,-0.0008285194454623186,0.0036990967989080333,0.003369499891196651,13.100000381469727,56.0,Greed,55.0
2019-03-19,hormuz_crisis,2019-06-13,-0.6555978559119158,1.1704664515910517,82.33,-0.4391337449003263,628,-2.800896018895733,0.009547038273958657,0.0036079961480897727,-0.0022213727400122174,-0.0014515232624028693,-0.00013057007992675946,0.001226836656803406,13.5600004196167,56.0,Greed,56.0
2019-03-20,hormuz_crisis,2019-06-13,-0.8573121939215497,0.8437085762366512,82.33,-0.4391337449003263,422,-2.8212109698934347,0.003992356946232674,-0.0034542348680875576,0.010406064014582037,-0.0064535991568705165,-0.002948696740769673,0.0006497179270455389,13.90999984741211,55.0,Greed,56.0
2019-03-21,hormuz_crisis,2019-06-13,-0.776462672731751,0.97467704396222,82.33,-0.4391337449003263,551,-2.598390886430364,-0.014328401790338464,0.004296773002431159,0.0021984021074458885,0.007697924787051676,0.010794015494689354,0.014130533089684925,13.630000114440918,62.0,Greed,55.0
2019-03-22,hormuz_crisis,2019-06-13,-0.6344859442844781,1.204665722977114,82.33,-0.4391337449003263,759,-2.4750881693035027,-0.0013307952232004976,0.0042021684654013165,0.015415370680813103,0.0015532130970757159,-0.019156827134273257,-0.025359159175434083,16.479999542236328,56.0,Greed,62.0
2019-03-25,hormuz_crisis,2019-06-13,-0.2514029333222014,1.825223448231239,82.33,-0.4391337449003263,696,-4.01848144527982,-0.015249427623961429,0.007822366697732926,0.001600488095386825,-0.000828090623340484,-0.000839372833310059,-0.0006714414289255697,16.329999923706055,46.0,Fear,56.0
2019-03-26,hormuz_crisis,2019-06-13,-0.0656398615135696,2.1261418026845376,82.33,-0.4391337449003263,814,-4.134387065113755,0.005538472822803469,-0.005765872414879459,-0.000719884351610625,0.0017588144939775642,0.007157052947934055,0.0070428589082249925,14.680000305175781,43.0,Fear,46.0
2019-03-27,hormuz_crisis,2019-06-13,-0.5260511387074022,1.3803197049124023,82.33,-0.4391337449003263,582,-3.5162669789634653,0.02526980216177766,-0.0033534245976774187,0.009160138188727896,0.00031004889038054257,-0.00465514327659887,-0.0062785274328739996,15.149999618530273,44.0,Fear,43.0
2019-03-28,hormuz_crisis,2019-06-13,-0.4447545302005569,1.5120124111985886,82.33,-0.4391337449003263,591,-3.8032241880710576,-0.004403784140031825,-0.015463611608309486,0.0034826282744497053,0.004433685866674073,0.0035830547152617266,0.00336848712689225,14.430000305175781,49.0,Neutral,44.0
2019-03-29,hormuz_crisis,2019-06-13,-0.5663789110546579,1.3149925827058695,82.33,-0.4391337449003263,661,-3.0182579047146554,0.007166825802505177,0.002477894338452264,-0.0009485780726097957,0.0008227255998030354,0.006711706043324668,0.007812481518906644,13.710000038146973,50.0,Neutral,49.0
2019-04-01,hormuz_crisis,2019-06-13,-0.203981429969195,1.9020417341034108,79.25,-0.5022844950678127,678,-4.276927838225991,0.014487790832901016,-0.0035639423656812787,-0.016506890906620445,-0.00030842317095490464,0.011502195518044496,0.012802445061177807,13.399999618530273,62.0,Greed,50.0
2019-04-02,hormuz_crisis,2019-06-13,-0.4973116665657095,1.4268748925529455,79.25,-0.5022844950678127,632,-3.396809892712253,0.1600419797683949,0.0012410609495414877,0.001847578357524772,0.0011304724497337901,1.7455554858152623e-05,0.002523319325419172,13.359999656677246,60.0,Greed,62.0
2019-04-03,hormuz_crisis,2019-06-13,-0.7724586163246305,0.981163231197593,79.25,-0.5022844950678127,848,-1.8480710154560152,0.018907492969508402,-7.750345753043755e-05,-0.00870553500791527,-0.00277710928494477,0.002146072420089187,0.00595265346648279,13.739999771118164,71.0,Greed,60.0
2019-04-04,hormuz_crisis,2019-06-13,-0.8328538156146699,0.8833288025875837,79.25,-0.5022844950678127,493,-2.5856377007995333,-0.010150461847883017,-0.0006979909589999726,0.002829591639991114,0.0022633880815973464,0.0020824652429942735,-0.0004776006710264243,13.579999923706055,61.0,Greed,71.0
2019-04-05,hormuz_crisis,2019-06-13,-0.9085325433234284,0.7607365242218431,79.25,-0.5022844950678127,445,-2.43008993572135,0.022870127391310363,0.0010855427915747453,0.0012908112460297669,0.0009244925696552881,0.004625717623099122,0.005926582643182982,12.819999694824219,59.0,Greed,61.0
2019-04-08,hormuz_crisis,2019-06-13,-0.0392960673598487,2.1688162218229152,79.25,-0.5022844950678127,1220,-3.111535001617845,0.04902759131296943,0.005178717793829374,-0.0035538560147094986,-0.003599885254366485,0.0010469117505236662,0.0019115783287113528,13.180000305175781,65.0,Greed,59.0
2019-04-09,hormuz_crisis,2019-06-13,-0.1850261736635837,1.932747430774928,79.25,-0.5022844950678127,1088,-3.014329626442614,-0.016163226787921488,0.004921969848964953,0.0031506833796556425,-0.0004122530663143874,-0.0060859764356695385,-0.00562311873661748,14.279999732971191,64.0,Greed,65.0
2019-04-10,hormuz_crisis,2019-06-13,-0.3639114923656347,1.6429703765112624,79.25,-0.5022844950678127,836,-3.129075177766816,0.02271680293391717,0.004286905162995197,0.002416785352460402,-0.0006187377829022478,0.003471837754499924,0.006924824333652936,13.300000190734863,62.0,Greed,64.0
2019-04-11,hormuz_crisis,2019-06-13,-0.4851867466397412,1.446516099583367,79.25,-0.5022844950678127,609,-3.549713114821204,-0.050075525287191475,-0.015783520778201384,-0.0058911175674375765,0.002369581907057722,3.8122340342693696e-05,-0.002121769944313565,13.020000457763672,65.0,Greed,62.0
2019-04-12,hormuz_crisis,2019-06-13,-0.6028595334444993,1.2558974743395943,79.25,-0.5022844950678127,482,-3.7472572945982168,0.004934263167637184,0.0015508688265574986,-0.007148149017218199,-0.0021632672131551888,0.0065875783895457275,0.0046198176162883,12.010000228881836,42.0,Fear,65.0
2019-04-15,hormuz_crisis,2019-06-13,-0.6512728050234193,1.1774726190904452,79.25,-0.5022844950678127,472,-3.576492706560671,-0.004416949710274032,-0.002948653274649578,0.00252395970391497,-0.0003094093029720691,-0.0006295672443571088,-0.0010213414234804842,12.319999694824219,60.0,Greed,42.0
2019-04-16,hormuz_crisis,2019-06-13,-0.4098513894771747,1.5685521506068172,79.25,-0.5022844950678127,785,-3.1381674682365808,0.032703409546246745,-0.011096521695962844,-0.006280898863422997,0.0010310184683860466,0.0005092283251399622,0.003032031790185138,12.180000305175781,50.0,Neutral,60.0
2019-04-17,hormuz_crisis,2019-06-13,0.3033746668490617,2.723909935839856,79.25,-0.5022844950678127,988,-4.564904198664794,0.003123420280683767,-0.00031438575044829805,0.0004090731149460532,-0.00030918607641405036,-0.0022764008207388597,-0.0005188574642089053,12.600000381469727,61.0,Greed,50.0
2019-04-18,hormuz_crisis,2019-06-13,-0.8203979196751494,0.903506159006535,79.25,-0.5022844950678127,445,-2.8861519776639004,0.008805048106448882,-0.00023578221145405452,0.005221086914174943,0.004730562879087752,0.0015778468242496745,0.00024758823693415245,12.09000015258789,64.0,Greed,61.0
2019-04-22,hormuz_crisis,2019-06-13,1.3797195605537835,4.467485400459111,79.25,-0.5022844950678127,3841,-3.127193220248582,0.01887920025162341,0.0012571507671187557,-0.00481224344913762,-0.001951245203493584,0.0010115058169329091,0.0021494551701109537,12.420000076293945,61.0,Greed,64.0
2019-04-23,hormuz_crisis,2019-06-13,1.20750742236831,4.188518258415712,79.25,-0.5022844950678127,3022,-3.3462532499544806,0.03153767871024236,-0.0033034095568352825,0.0021235073248008,0.0029766603225857232,0.008802351174995391,0.013082637882782815,12.279999732971191,68.0,Greed,61.0
2019-04-24,hormuz_crisis,2019-06-13,0.5511574249444285,3.1252942319865604,79.25,-0.5022844950678127,1934,-3.27402106736021,-0.019479346575944603,0.004872652719189608,0.008125501783174244,0.005417285024899872,-0.0021941686030362366,-0.002318962535970844,13.140000343322754,65.0,Greed,68.0
2019-04-25,hormuz_crisis,2019-06-13,0.121279386220615,2.42893305121516,79.25,-0.5022844950678127,1320,-3.294170186515273,-0.047660910406896226,0.00023521249854262027,-0.0014577286825211882,0.0010188332664601654,-0.0003690417402728576,0.002055450919248558,13.25,58.0,Greed,65.0
2019-04-26,hormuz_crisis,2019-06-13,-0.4835455590775026,1.4491746659807123,79.25,-0.5022844950678127,874,-2.666556414243197,0.013123813423158957,0.0071074422097751645,0.003398046749706628,-0.0019366482063220283,0.004674350323304823,0.0034084988535381315,12.729999542236328,41.0,Fear,58.0
2019-04-29,hormuz_crisis,2019-06-13,0.132324070533871,2.4468243801894407,79.25,-0.5022844950678127,1585,-2.923559018683806,-0.006078961482854035,-0.004915203051928451,-0.006401196221109478,-0.001531643979169652,0.0010709485042338864,0.0018947710434763067,13.109999656677246,42.0,Fear,41.0
2019-04-30,hormuz_crisis,2019-06-13,-0.094804470604449,2.0788979339734186,79.25,-0.5022844950678127,1182,-3.051517190327776,0.019508686623198813,0.0032795166444519316,0.005108089815215963,-0.003890628903807604,0.0009509646987914453,-0.008176090186001683,13.119999885559082,42.0,Fear,42.0
2019-05-01,hormuz_crisis,2019-06-13,-0.0875753931930171,2.0906083458312965,106.47,0.055820511282505,1042,-3.3666746768163938,0.009665964737195984,-0.001091977625138958,0.0020197946427718285,0.0021519614620567028,-0.00753044585029134,-0.005667393827094567,14.800000190734863,51.0,Neutral,42.0
2019-05-02,hormuz_crisis,2019-06-13,0.0019393377504868,2.235613622028486,106.47,0.055820511282505,1104,-3.44936547256413,0.018809979754905393,-0.009172635638250213,-0.0047733108669962224,0.0014320725298226226,-0.0021262446486827887,-0.0016001233101155714,14.420000076293945,50.0,Neutral,51.0
2019-05-03,hormuz_crisis,2019-06-13,-0.1484325139842597,1.9920256487055088,106.47,0.055820511282505,953,-3.430625619343454,0.04666729598003433,0.007454230729596022,0.002834403661255613,-0.0031738464360480108,0.00959212747891747,0.015706981339672476,12.869999885559082,63.0,Greed,50.0
2019-05-06,hormuz_crisis,2019-06-13,1.1614073769340914,4.113840607592957,106.47,0.055820511282505,2444,-3.723357690643416,-0.0037311795802016327,0.0019524392904874438,0.0027456718602739084,0.0,-0.004481013189072523,-0.004998995611691835,15.4399995803833,57.0,Greed,63.0
2019-05-07,hormuz_crisis,2019-06-13,0.3675722641457527,2.8279038844233333,106.47,0.055820511282505,1655,-3.281908245206533,0.01428706601857112,0.001403437671793296,0.007632067252092264,0.001127344355029096,-0.016649488088905522,-0.01983402862848363,19.31999969482422,69.0,Greed,57.0
2019-05-08,hormuz_crisis,2019-06-13,0.9112337279322288,3.70858329755681,106.47,0.055820511282505,2984,-2.984329948623958,0.025899955314045275,-0.003199484212726764,-0.0043310404949178614,-0.00010237651057280918,-0.0016067153894199682,-0.002569918952175665,19.399999618530273,63.0,Greed,69.0
2019-05-09,hormuz_crisis,2019-06-13,0.5871003547343172,3.183518329926468,106.47,0.055820511282505,1692,-3.640413197490693,0.031601133315537946,0.0031994842127267375,0.0040909253948480774,-0.0025642353960980972,-0.0030259986619282898,-0.004128953381632481,19.100000381469727,69.0,Greed,63.0
2019-05-10,hormuz_crisis,2019-06-13,0.2839336533201471,2.692417359069528,106.47,0.055820511282505,1613,-3.1791466113465887,0.03255511923946928,0.0017125578011547432,-0.0013617831254311577,-0.0004108979470948254,0.003713394069918638,0.0008024117576354412,16.040000915527344,71.0,Greed,69.0
2019-05-13,hormuz_crisis,2019-06-13,2.1354379543204463,5.691676695683952,106.47,0.055820511282505,2348,-5.278602883972147,0.20304639975180214,0.011137886677169313,0.007825042673004764,-0.00010277047172739629,-0.024426469138497504,-0.03468872811374895,20.549999237060547,78.0,Extreme Greed,71.0
2019-05-14,hormuz_crisis,2019-06-13,2.0300393037298647,5.520940993541874,106.47,0.055820511282505,2943,-4.478146956814604,0.022709207625678487,-0.004162195438771078,-0.002947174388077138,0.002155495688218043,0.007983987523216093,0.011373546070427369,18.059999465942383,78.0,Extreme Greed,78.0
2019-05-15,hormuz_crisis,2019-06-13,1.8651409993420809,5.253821560570668,106.47,0.055820511282505,3008,-4.208475213214817,0.02602089592487963,0.0012351199225512385,0.006123496406742866,0.0004100555243534865,0.005821994327723055,0.011269862258100203,16.440000534057617,77.0,Extreme Greed,78.0
2019-05-16,hormuz_crisis,2019-06-13,1.6823238539156842,4.9576753242281,106.47,0.055820511282505,2541,-4.383174111387887,-0.03981349360704293,-0.008755371943979367,-0.0033354396794110994,0.0027633879572475633,0.008855957116499086,0.009656428485821406,15.289999961853027,75.0,Greed,77.0
2019-05-17,hormuz_crisis,2019-06-13,1.4759982453152296,4.6234476329161005,106.47,0.055820511282505,2666,-3.972560333415934,-0.07108127725881802,-0.00820477351315001,0.002224862123095019,0.0016340247212281787,-0.005854437174043804,-0.010407158268862267,15.960000038146973,65.0,Greed,75.0
2019-05-20,hormuz_crisis,2019-06-13,1.6082609927768023,4.837700594681342,106.47,0.055820511282505,2525,-4.293325387268477,0.08285706954868194,0.0012545877919818633,-0.0020657444623495254,-0.0007145378216042793,-0.006772257975405369,-0.014679353767466347,16.309999465942383,73.0,Greed,65.0
2019-05-21,hormuz_crisis,2019-06-13,0.925216005525388,3.731233245815511,106.47,0.055820511282505,2022,-3.798954276890934,-0.0018795372127934414,-0.003218067708084531,-0.001592013198909453,0.001326570477053818,0.008459949093190606,0.010761957357637741,14.949999809265137,68.0,Greed,73.0
2019-05-22,hormuz_crisis,2019-06-13,0.7189491627914705,3.397100749569378,106.47,0.055820511282505,1605,-4.024704707030804,-0.0362187635444826,0.0012570520207180209,0.005719304049745687,0.000509793070372368,-0.0028283923638994365,-0.004490109723692007,14.75,69.0,Greed,68.0
2019-05-23,hormuz_crisis,2019-06-13,0.6590520149493014,3.3000731165224857,106.47,0.055820511282505,1725,-3.725534032397245,0.025934032858881368,0.00875558527616713,0.011184727334699806,-0.002653626148370028,-0.01198569224128196,-0.015938838659661676,16.920000076293945,65.0,Greed,69.0
2019-05-24,hormuz_crisis,2019-06-13,0.2347150966867086,2.6126880192900988,106.47,0.055820511282505,1393,-3.4117923780514694,0.01329951557921589,-0.0014020165813160776,0.0008612301308655441,-0.002455724808188649,0.0013526437720373175,0.0011437688609085457,15.850000381469727,64.0,Greed,65.0
2019-05-28,hormuz_crisis,2019-06-13,0.189636170290317,2.5396644833437407,106.47,0.055820511282505,1142,-3.8224505879193456,0.0877531280505358,-0.005079127934097918,0.007174065268864191,0.0035792692982014075,-0.008410950000260244,-0.003891236583184043,17.5,71.0,Greed,64.0
2019-05-29,hormuz_crisis,2019-06-13,0.5234891866785217,3.080474340451953,106.47,0.055820511282505,1334,-4.146776616124693,-0.00695935212814635,0.0032067413386132966,0.0030257162600661417,0.001835801704528244,-0.00693591016723137,-0.007923681900655634,17.899999618530273,71.0,Greed,71.0
2019-05-30,hormuz_crisis,2019-06-13,0.5802803078553352,3.172470508289281,106.47,0.055820511282505,1417,-4.093735055367649,-0.040056647967728856,0.005062907666908317,0.008561899185503704,0.0,0.002096272674997037,0.002700645421923486,17.299999237060547,73.0,Greed,71.0
2019-05-31,hormuz_crisis,2019-06-13,0.1043407551645898,2.401494093975469,106.47,0.055820511282505,1534,-2.9339395188016284,0.03019403993490808,0.014424310458736921,0.012441521323924455,-0.00398182557708955,-0.013283205250452958,-0.015255112850742032,18.709999084472656,61.0,Greed,73.0
2019-06-03,hormuz_crisis,2019-06-13,0.0406208119118639,2.2982738991176834,106.59,0.0582809301201994,1069,-3.631417222246738,-0.043562391543144216,0.012859147970708999,0.004616503453707573,-0.006259968231091945,-0.002769070654307939,-0.016249309549947098,18.860000610351562,66.0,Greed,61.0
2019-06-04,hormuz_crisis,2019-06-13,-0.516549230258272,1.395711884998785,106.59,0.0582809301201994,752,-2.888740084276926,-0.06300147834270085,0.0005291359094371339,-0.011466957813398397,-0.0007208660541215514,0.021205927081077776,0.026125074932523477,16.969999313354492,42.0,Fear,66.0
2019-06-05,hormuz_crisis,2019-06-13,-0.5070063190087052,1.4111704856881182,106.59,0.0582809301201994,572,-3.646826784130364,0.014996473539935253,0.003695764872375826,-0.005667832637756076,0.0030858186180851644,0.008128726978813691,0.006404199045652896,16.09000015258789,27.0,Fear,42.0
2019-06-06,hormuz_crisis,2019-06-13,-0.6243752045522961,1.2210441513315295,106.59,0.0582809301201994,725,-2.601824106289603,-0.00028224106582634646,0.006976979179977753,0.0032208476005683552,-0.003497986741816167,0.006116840676004416,0.005275470816131185,15.930000305175781,34.0,Fear,27.0
2019-06-07,hormuz_crisis,2019-06-13,-0.1106136425551507,2.0532885921254587,106.59,0.0582809301201994,1091,-3.195825750675198,0.027977129076807897,0.0026877541074792105,0.008614536647041518,-0.004337934609427309,0.010442979247260026,0.016480797282314514,16.299999237060547,27.0,Fear,34.0
2019-06-10,hormuz_crisis,2019-06-13,-0.1947168004311398,1.9170495451180944,106.59,0.0582809301201994,900,-3.44880990152172,-0.0054376622004116346,-0.012378717355321674,-0.009457098146807653,0.0015514459723424503,0.004649220074765499,0.010416852029554056,15.9399995803833,46.0,Fear,27.0
2019-06-11,hormuz_crisis,2019-06-13,-0.4902385027373647,1.4383327393643763,106.59,0.0582809301201994,726,-3.061457395955598,-0.009117973017984032,0.001282541956835377,0.0006128530182133712,-0.0007236980741580867,-0.0003499414579512858,-7.671067859787108e-05,15.989999771118164,61.0,Greed,46.0
2019-06-12,hormuz_crisis,2019-06-13,0.1261445650727713,2.4368141741964813,106.59,0.0582809301201994,1162,-3.621508300766184,0.027144739690551607,0.004137988749946852,0.0007654509049308315,0.0032009687580950587,-0.002039657827237423,-0.003823130490430538,15.90999984741211,60.0,Greed,61.0
2019-06-13,hormuz_crisis,2019-06-13,2.2849132472752296,5.9338123297981165,106.59,0.0582809301201994,3758,-4.202339986775793,0.010388753446054437,0.0054658717373067345,0.003437704093865398,0.00010310949053337827,0.004089010502850191,0.0056826888551269935,15.819999694824219,63.0,Greed,60.0
2019-06-14,hormuz_crisis,2019-06-13,2.393417787745301,6.109579275569779,106.59,0.0582809301201994,4321,-4.021140247744524,0.05471566495081175,0.0006718355335490992,0.0025134391272304294,0.005755977998179947,-0.0016128117861529605,-0.005177224058406514,15.279999732971191,67.0,Greed,63.0
2019-06-17,hormuz_crisis,2019-06-13,1.0356438754749868,3.910115800822184,106.59,0.0582809301201994,2799,-3.26501741549422,0.06958652943068529,-0.0010452624905258059,0.0017480203541809587,-0.0001025176690412685,0.0009313154323528439,0.006183481163924349,15.350000381469727,84.0,Extreme Greed,67.0
2019-06-18,hormuz_crisis,2019-06-13,1.7639693390224942,5.089933177135444,106.59,0.0582809301201994,3672,-3.649834437800143,-0.025932150849555906,0.005883921663461859,0.004999280528416376,0.000819690950664302,0.009670489592970687,0.013780907123609843,15.149999618530273,83.0,Extreme Greed,84.0
2019-06-19,hormuz_crisis,2019-06-13,1.296828483933982,4.333209808801211,106.59,0.0582809301201994,2346,-4.020823188293779,0.020894883881637273,-0.001486326103211523,0.0014344612150906197,-0.005339883682238628,0.0029807167930238428,0.004195417041413874,14.329999923706055,82.0,Extreme Greed,83.0
2019-06-20,hormuz_crisis,2019-06-13,2.7761339351548115,6.729542717064852,106.59,0.0582809301201994,4623,-4.279458172302725,0.02698349626412288,0.03529136934367409,0.0026372777458322522,-0.005058132003962697,0.00942760533587314,0.00798325556730158,14.75,81.0,Extreme Greed,82.0
2019-06-21,hormuz_crisis,2019-06-13,2.406887260130836,6.131398528590018,106.59,0.0582809301201994,4159,-4.1160238356144205,0.062790586710018,0.0023663033426528273,-0.011047378983738584,-0.004251974629626087,-0.0012600162797279978,-0.0024410659418996517,15.399999618530273,84.0,Extreme Greed,81.0
2019-06-24,hormuz_crisis,2019-06-13,2.6818760687555563,6.576854016479827,106.59,0.0582809301201994,4652,-4.169212747424194,0.08196681544062633,0.012880517986897823,0.0074288622422430265,-0.0024973775524480095,-0.0017333884605870258,-0.0032436394874329377,15.260000228881836,80.0,Extreme Greed,84.0
2019-06-25,hormuz_crisis,2019-06-13,1.861144912943742,5.247348283984889,106.59,0.0582809301201994,3144,-4.099105785489485,0.0684254031313087,0.00042413090583868053,0.0030916862474984616,0.0018736374649532968,-0.009541775640387554,-0.015227075799194738,16.280000686645508,87.0,Extreme Greed,80.0
2019-06-26,hormuz_crisis,2019-06-13,0.927055190992764,3.734212549823508,106.59,0.0582809301201994,2582,-3.270062844914124,0.09886766271923943,-0.002335078951077535,-0.00642024997791971,0.0005197839868493386,-0.0012346956788039985,0.0031972796962940323,16.209999084472656,95.0,Extreme Greed,87.0
2019-06-27,hormuz_crisis,2019-06-13,0.7445344352157248,3.4385464362776457,106.59,0.0582809301201994,2466,-3.0953477705424057,-0.15181967393698742,-0.0022694698902970736,0.007022286514981928,-0.00020786531164056955,0.0038158857925908473,0.007279353665325068,15.819999694824219,92.0,Extreme Greed,95.0
2019-06-28,hormuz_crisis,2019-06-13,0.448667473105341,2.959270342764984,106.59,0.0582809301201994,2265,-2.805915129127017,0.10391011328681186,0.0009225555241278228,-0.0006774027641129563,-0.0006240140394201017,0.005740941840599626,0.004817896980649358,15.079999923706055,62.0,Greed,92.0
2019-07-01,hormuz_crisis,2019-06-13,0.4101908407079888,2.896941889681244,93.52,-0.2096996882853353,1956,-3.012797756813006,-0.1590259165175732,-0.017243639951311836,-0.0043010219773391475,0.007358680747589563,0.007643018610953927,0.010550860088116325,14.0600004196167,65.0,Greed,62.0
2019-07-02,hormuz_crisis,2019-06-13,0.2596979436168092,2.6531578344937854,93.52,-0.2096996882853353,1464,-3.347045769303862,0.020439793649304375,0.013619306155092862,0.007683570860866895,-0.0011364673551580555,0.002923847276988696,0.0022135084113789004,12.930000305175781,63.0,Greed,65.0
2019-07-03,hormuz_crisis,2019-06-13,0.1968398144353486,2.5513336957500856,93.52,-0.2096996882853353,1219,-3.662483489118329,0.10197242314626954,0.009283258338381215,0.00710372152181435,0.00041336730441638586,0.007643095660684157,0.007511422448441609,12.569999694824219,79.0,Extreme Greed,63.0
2019-07-05,hormuz_crisis,2019-06-13,0.5621540743369977,3.1431077489977386,93.52,-0.2096996882853353,1550,-3.8129022402333135,-0.08573872330948126,-0.014923529329707681,-0.013351638802271908,0.004947988295522141,-0.0018075342045486649,-0.0010335454092590523,13.279999732971191,67.0,Greed,79.0
2019-07-08,hormuz_crisis,2019-06-13,0.7160694432369898,3.3924358801678105,93.52,-0.2096996882853353,2432,-3.0795954105662715,0.11252181716911064,0.00021480390487373257,0.0013583456595830724,0.0013358400512131527,-0.004847173010123794,-0.007799485245406705,13.960000038146973,74.0,Greed,67.0
2019-07-09,hormuz_crisis,2019-06-13,0.0054731737484059,2.2413380973133106,93.52,-0.2096996882853353,2204,-2.1614770150702043,0.0231592932804558,0.0003578457722924877,-0.0003771395911737896,0.0011289641791076164,0.0012357930584538906,0.005338658541381367,14.09000015258789,84.0,Extreme Greed,74.0
2019-07-10,hormuz_crisis,2019-06-13,0.2495707097139424,2.636752687165291,93.52,-0.2096996882853353,1506,-3.2622267712309574,-0.0337512276446848,0.008975680500219938,-0.005522127041546839,-0.004008427146107153,0.004500546936082614,0.007439990857079314,13.029999732971191,83.0,Extreme Greed,84.0
2019-07-11,hormuz_crisis,2019-06-13,1.6920391438817954,4.973413161900436,93.52,-0.2096996882853353,2551,-4.38676392323376,-0.06788441618712997,-0.0041216137849031005,-0.013440404273921548,-0.0005150185225385936,0.002282619578948549,-0.0007915610434568207,12.930000305175781,62.0,Greed,83.0
2019-07-12,hormuz_crisis,2019-06-13,0.2402739078410259,2.6216927600547058,93.52,-0.2096996882853353,1159,-3.90360857787844,0.039472753868564206,0.0039798044429101,0.0011525137974046531,-0.0024760715467845346,0.004609534302066538,0.00585148672739864,12.390000343322754,33.0,Fear,62.0
2019-07-15,hormuz_crisis,2019-06-13,0.2142250367281266,2.5794960879479114,93.52,-0.2096996882853353,1325,-3.489026804229429,-0.08114117347266231,0.0010633396770111903,0.005742961478914466,0.0012388021394845383,0.00017585372838413283,0.0017028849355057013,12.680000305175781,16.0,Extreme Fear,33.0
2019-07-16,hormuz_crisis,2019-06-13,0.3736393188174982,2.837731930925927,93.52,-0.2096996882853353,1395,-3.701955082423012,-0.13937670558066412,-0.001560004046945811,-0.0029822188808288387,0.0048371546616665035,-0.003409584555010327,-0.004294727306320685,12.859999656677246,34.0,Fear,16.0
2019-07-17,hormuz_crisis,2019-06-13,0.0177883539490332,2.261287507735347,93.52,-0.2096996882853353,1112,-3.47050245386923,0.022551278856090203,0.008549847281970965,0.010740123977932878,-0.0018497621411972275,-0.006552665466093182,-0.004581897506117472,13.970000267028809,19.0,Extreme Fear,34.0
2019-07-18,hormuz_crisis,2019-06-13,1.7498470443629155,5.067056414662207,93.52,-0.2096996882853353,2805,-4.225807426560396,0.09561955306661926,0.0033714485237431127,7.571882747632749e-05,-0.004432771553498426,0.0035755977088190827,0.0026878576952559814,13.529999732971191,40.0,Fear,19.0
2019-07-19,hormuz_crisis,2019-06-13,2.592311078817639,6.431767325533473,93.52,-0.2096996882853353,4466,-4.162308907495041,-0.012808461572604499,-0.0007014590755676152,-0.0023512283252016875,0.003712498909969709,-0.006195889464844692,-0.0074295316968085315,14.449999809265137,42.0,Fear,40.0
2019-07-22,hormuz_crisis,2019-06-13,1.6029482768013033,4.829094504496357,93.52,-0.2096996882853353,3473,-3.569295241424704,-0.017977625586192928,0.00014038257143025957,0.0018965980374682334,0.0011316354098901474,0.002824701686250326,0.007051673649949459,13.529999732971191,42.0,Fear,42.0
2019-07-23,hormuz_crisis,2019-06-13,0.6823807618265374,3.337863448332821,93.52,-0.2096996882853353,2782,-2.7971000756403765,-0.04370796659547665,-0.003655077659947234,-0.005471979079184423,0.004616071646647899,0.00682414513927642,0.005744068200728522,12.609999656677246,40.0,Fear,42.0
2019-07-24,hormuz_crisis,2019-06-13,0.310797703637771,2.7359345432807025,93.52,-0.2096996882853353,1871,-2.928213156967938,-0.009013724991008056,0.001899520933457056,0.004334382492666656,0.00020471011339450422,0.004677192813475714,0.008459596784809413,12.069999694824219,20.0,Extreme Fear,40.0
2019-07-25,hormuz_crisis,2019-06-13,-0.1391980813807574,2.0069845435832723,93.52,-0.2096996882853353,1131,-3.042172825566623,0.010131621144278298,-0.006274934527660716,-0.00479171581474103,0.0009204432916388993,-0.005276296483599537,-0.010019378546870392,12.739999771118164,42.0,Fear,20.0
2019-07-26,hormuz_crisis,2019-06-13,0.3699050124358067,2.8316827128522686,93.52,-0.2096996882853353,1371,-3.7392025071500297,-0.004199559341958318,0.003248114383933726,0.002360718096165901,0.001940484085691869,0.007360535770783042,0.011065512757984943,12.15999984741211,24.0,Extreme Fear,42.0
2019-07-29,hormuz_crisis,2019-06-13,-0.2491063570645452,1.828943681437989,93.52,-0.2096996882853353,1143,-2.75098466651856,-0.03622553689815638,0.0007751493255889368,0.0003041545903937423,0.000306031921081658,-0.0016174219290574364,-0.004437074562010005,12.829999923706055,19.0,Extreme Fear,24.0
2019-07-30,hormuz_crisis,2019-06-13,-0.5211031609274982,1.3883349542130494,93.52,-0.2096996882853353,766,-2.831810826841528,0.009231027857063211,0.00708947330791591,0.002430375075454532,0.00010201576864480276,-0.0025819853720443708,-0.002380612878926606,13.9399995803833,22.0,Extreme Fear,19.0
2019-07-31,hormuz_crisis,2019-06-13,-0.3660014568508928,1.639584834553722,93.52,-0.2096996882853353,961,-2.8058251802833767,0.04857531814577599,-0.0025211692591502522,0.008008486091115374,0.0047819554118503005,-0.01094520695213996,-0.011938891760508968,16.1200008392334,31.0,Fear,22.0
2019-08-01,hormuz_crisis,2019-06-13,0.1882743906382429,2.5374585309548165,103.4,-0.0071252039818399,1082,-3.973640264304439,0.03066254026424243,-0.003652937797119556,0.017677097784396145,-0.001320372504427066,-0.009039527568806017,-0.0078961079045728,17.8700008392334,57.0,Greed,31.0
2019-08-02,hormuz_crisis,2019-06-13,-0.5853625888570296,1.2842408459363237,103.4,-0.0071252039818399,520,-3.593754192113109,0.011330721144643396,0.0172339525633451,0.009199020239969076,-0.0029518156572877624,-0.007309388539565105,-0.013285833800793255,17.610000610351562,61.0,Greed,57.0
2019-08-05,hormuz_crisis,2019-06-13,0.2939223467770439,2.7085980841669475,103.4,-0.0071252039818399,1181,-3.978265804152601,0.11547381708019196,0.013057707568042691,0.017140376775382882,-0.006134973013194671,-0.030230182169694777,-0.035353693738982304,24.59000015258789,64.0,Greed,61.0
2019-08-06,hormuz_crisis,2019-06-13,0.6469345306978576,3.280443954571425,103.4,-0.0071252039818399,1773,-3.636785374879056,-0.02813163305123966,0.0053115881284716455,0.007961316189198398,0.0013324171012161071,0.012933023911166613,0.01378360322634235,20.170000076293945,66.0,Greed,64.0
2019-08-07,hormuz_crisis,2019-06-13,-0.2769412165826564,1.7838538794602448,103.4,-0.0071252039818399,695,-3.931942226064925,0.03961210267399502,0.023426264124913006,0.0003571519107908305,-0.0009222354369379221,0.0007665823338588767,0.0037665526286156134,19.489999771118164,45.0,Fear,66.0
2019-08-08,hormuz_crisis,2019-06-13,-0.2990106871139296,1.748103454516972,103.4,-0.0071252039818399,715,-3.766463079866585,0.0020443450527850055,-0.006389437814637304,0.002140128161004076,0.000819858926365172,0.018588462466865085,0.022178017091956055,16.90999984741211,61.0,Greed,45.0
2019-08-09,hormuz_crisis,2019-06-13,-0.385579501388318,1.6078702806961904,103.4,-0.0071252039818399,743,-3.3598119198733536,-0.008684364496770227,-0.000734713063036057,-0.0019972813146447235,-0.001332631865568523,-0.006638593133657111,-0.010003648560777147,17.969999313354492,60.0,Greed,61.0
2019-08-12,hormuz_crisis,2019-06-13,-0.8850827524516434,0.7987229356905385,103.4,-0.0071252039818399,695,-1.760532336156605,-0.04133166407356556,0.005796393970688471,0.020635303082644284,-0.0011289641791076938,-0.012393809115915354,-0.012100596527620881,21.09000015258789,48.0,Neutral,60.0
2019-08-13,hormuz_crisis,2019-06-13,-0.5685286686906788,1.3115101815805734,103.4,-0.0071252039818399,598,-3.2670255662852727,-0.04370714338940503,-0.0020615785564280236,-0.003433217584234303,0.004405973791930665,0.015018346267301863,0.01926406199027027,17.520000457763672,45.0,Fear,48.0
2019-08-14,hormuz_crisis,2019-06-13,-0.7802868116869045,0.968482305737978,103.4,-0.0071252039818399,396,-3.4221352942866843,-0.0806379719242745,0.009078670323797037,0.022279484428430904,0.0018386145055329314,-0.02973035245453567,-0.030707329630179227,22.100000381469727,11.0,Extreme Fear,45.0
2019-08-15,hormuz_crisis,2019-06-13,-0.1706184493814433,1.9560865618529544,103.4,-0.0071252039818399,1485,-2.443558232443386,0.025522045965721746,0.0024377881760616533,0.01105809983014548,0.0015296135953325337,0.0024612366981802422,-0.000942028438159659,21.18000030517578,13.0,Extreme Fear,11.0
2019-08-16,hormuz_crisis,2019-06-13,-0.2407167646798694,1.842534016214168,103.4,-0.0071252039818399,1086,-2.8775385552913284,0.006071112000481698,-0.004683215342362713,-0.008042523352862142,0.0,0.014323058172245003,0.016519986958721585,18.469999313354492,31.0,Fear,13.0
2019-08-19,hormuz_crisis,2019-06-13,0.6717337789162806,3.3206163574764243,103.4,-0.0071252039818399,1486,-4.146218138807954,0.05089918277860048,-0.008032155425561887,-0.0144056777311861,0.002137504877720227,0.012033175564397505,0.013437671978509216,16.8799991607666,30.0,Fear,31.0
2019-08-20,hormuz_crisis,2019-06-13,-0.3470625740568124,1.6702640077074131,103.4,-0.0071252039818399,780,-3.358516611355692,-0.01409860264611838,0.0027953104204053326,0.010291250367708941,-0.0016281272749836817,-0.007946215312115467,-0.006801949771651697,17.5,39.0,Fear,30.0
2019-08-21,hormuz_crisis,2019-06-13,0.1765470274734305,2.518461327736369,103.4,-0.0071252039818399,1328,-3.4010316047007803,-0.05984026786228671,0.0,-0.006687613141811677,0.0011196561531680847,0.008212979557352937,0.008973813647767484,15.800000190734863,11.0,Extreme Fear,39.0
2019-08-22,hormuz_crisis,2019-06-13,-0.5911641821391965,1.2748428214168137,103.4,-0.0071252039818399,658,-2.936917427058571,-0.0006901282262681483,-0.0048635471453845345,-0.006662930277726861,-0.0013234071459158436,-0.00050620295927854,-0.0035998719885788465,16.68000030517578,5.0,Extreme Fear,11.0
2019-08-23,hormuz_crisis,2019-06-13,-0.1702320251091206,1.956712532101056,103.4,-0.0071252039818399,825,-3.7652509552082254,0.026965838908487968,0.019379505617472023,0.01630095844852613,-0.00541341177883454,-0.02628888112283785,-0.030443522309927168,19.8700008392334,33.0,Fear,5.0
2019-08-26,hormuz_crisis,2019-06-13,0.0228520845334842,2.269490265474181,103.4,-0.0071252039818399,1399,-2.95474415182216,-0.0035752398936553923,-0.00019648645968019812,-0.004050474716866257,0.004496251583173567,0.01092311273079789,0.013068674394328765,19.31999969482422,41.0,Fear,33.0
2019-08-27,hormuz_crisis,2019-06-13,-0.2072291232625398,1.896780782547824,103.4,-0.0071252039818399,985,-3.1860383309420106,-0.018030983225030404,0.009585018407868445,0.015291481834424931,-0.0008160121863206838,-0.0032083218005562386,-0.0034169496870453155,20.309999465942383,30.0,Fear,41.0
2019-08-28,hormuz_crisis,2019-06-13,-0.6063926632932846,1.2501741429486193,103.4,-0.0071252039818399,621,-3.0191938365754094,-0.04324433232151661,-0.002078700970101249,0.0012863644781906055,0.0021405551769712607,0.006524151530562512,0.003816634544279108,19.350000381469727,32.0,Fear,30.0
2019-08-29,hormuz_crisis,2019-06-13,-0.3947236282100783,1.593057672521025,103.4,-0.0071252039818399,862,-2.96278191243356,-0.025355880586420892,-0.007375322175081968,-0.003796083343616605,0.0030500537054619433,0.012607482441094399,0.014720198402540755,17.8799991607666,20.0,Extreme Fear,32.0
2019-08-30,hormuz_crisis,2019-06-13,-0.4602600801273209,1.4868949079002909,103.4,-0.0071252039818399,722,-3.1788103805985544,0.009207926773968323,-0.004859495032714913,0.00027158281813439934,0.004153336589750415,0.0006425807598767749,-0.0013190358116709343,18.979999542236328,24.0,Extreme Fear,20.0
2019-09-03,hormuz_crisis,2019-06-13,-0.1497325881818998,1.989919653232824,90.37,-0.2742856827748098,995,-3.317164577183692,0.1014994431393828,0.017488242652852915,-0.00047534425917367877,0.00030321706440593907,-0.0069230093326854165,-0.01120419654856244,19.65999984741211,41.0,Fear,24.0
2019-09-04,hormuz_crisis,2019-06-13,-0.3857936439425143,1.607523390302961,90.37,-0.2742856827748098,1064,-2.5488311023147334,-0.002737943980703232,0.0028422112731653843,0.001493252805097023,-0.005065867120075074,0.010783725278421427,0.012960810676482627,17.329999923706055,43.0,Fear,41.0
2019-09-05,hormuz_crisis,2019-06-13,-0.308504770562359,1.7327239501810034,90.37,-0.2742856827748098,971,-2.9420827951596475,-0.0017912085396542573,-0.0227690454603242,-0.01827627643358764,-0.0004063119634158585,0.01292591292175976,0.01739235061076306,16.270000457763672,41.0,Fear,43.0
2019-09-06,hormuz_crisis,2019-06-13,-0.7709335790309954,0.9836336453031124,90.37,-0.2742856827748098,535,-2.687642916842304,-0.021237571181720684,-0.006089556358749777,0.007090023316256544,-0.0002032954493865235,0.0009101908043767861,-0.0016967129624993586,15.0,43.0,Fear,41.0
2019-09-09,hormuz_crisis,2019-06-13,-0.3312288442518091,1.695913130923292,90.37,-0.2742856827748098,899,-3.05358455458936,-0.0017718372091033276,-0.002659222501661612,-0.017924950849712074,-0.0011186314419722764,-9.401467889992668e-05,-0.0019307468256603043,15.270000457763672,41.0,Fear,43.0
2019-09-10,hormuz_crisis,2019-06-13,0.0033600162891985,2.2379149849630773,90.37,-0.2742856827748098,1243,-3.167864623310752,-0.021417820975587025,-0.007953193028797172,-0.017683327473175272,0.0005086521812793872,0.0003222524259310153,-0.00040562284268875267,15.199999809265137,41.0,Fear,41.0
2019-09-11,hormuz_crisis,2019-06-13,0.4591653350726671,2.97627587200031,90.37,-0.2742856827748098,1721,-3.3651713564984336,0.006149168432955224,0.0027473300929079327,-0.0017785370579997627,0.0032490605226349663,0.0072036723263872,0.010523151078954478,14.609999656677246,38.0,Fear,41.0
2019-09-12,hormuz_crisis,2019-06-13,-0.193437948153474,1.919121163116425,90.37,-0.2742856827748098,1269,-2.676659421871592,0.022513994030435,0.00287322825901904,-0.006572377900973187,-0.003452521391146258,0.0028750162782333164,0.0030297412198996153,14.220000267028809,39.0,Fear,38.0
2019-09-13,hormuz_crisis,2019-06-13,-0.5280915348586155,1.3770144589004905,90.37,-0.2742856827748098,696,-3.031687467272011,-0.004774055257204667,-0.005218052260891263,-0.021590427964536824,-0.0005086780639868212,-0.0007246768769660504,-0.002169638710314777,13.739999771118164,38.0,Fear,39.0
2019-09-16,hormuz_crisis,2019-06-13,4.366831252980681,9.306319762432349,90.37,-0.2742856827748098,6527,-5.016939009793699,-0.008116684239868086,0.008149645086967567,0.012663043406958239,0.0039611994551330635,-0.0031405129163559896,-0.0028376708773890907,14.670000076293945,38.0,Fear,38.0
2019-09-17,hormuz_crisis,2019-06-13,2.564362772075691,6.386493749937098,90.37,-0.2742856827748098,4131,-4.302369941413491,-0.003462462705750272,0.0013296990407197322,0.005409122175649597,-0.003961199455132959,0.0025784253724619854,0.003975630082183823,14.4399995803833,41.0,Fear,38.0
2019-09-18,hormuz_crisis,2019-06-13,2.8615068213206647,6.867838602085653,90.37,-0.2742856827748098,5107,-4.156715360411449,-0.004209930227213259,0.0015933246639142726,0.004234683168788071,0.0034541976520513214,0.00034263328426719085,-0.0010547781336773165,13.949999809265137,38.0,Fear,41.0
2019-09-19,hormuz_crisis,2019-06-13,2.757169005485095,6.698821350471536,90.37,-0.2742856827748098,3744,-4.753620435031505,0.0066619464013658175,-0.006054761178040599,0.0030036365738691445,-0.0033524879191186474,1.9974521929475905e-05,0.0006711070530299582,14.050000190734863,31.0,Fear,38.0
2019-09-20,hormuz_crisis,2019-06-13,2.2115699415302035,5.815003210956161,90.37,-0.2742856827748098,3142,-4.544175287737667,-0.00829163618618558,0.005922114787613536,0.013124057073671903,0.0024393293389793013,-0.004907599104880387,-0.008000995008322107,15.319999694824219,41.0,Fear,31.0
2019-09-23,hormuz_crisis,2019-06-13,1.4828230784801737,4.634503207877355,90.37,-0.2742856827748098,3741,-3.290152244848925,-0.045441815222616345,0.010821552218634716,-0.00021144514120628806,0.0009131585801393265,-9.694061782751375e-05,-0.0006420110195137675,14.90999984741211,41.0,Fear,41.0
2022-12-16,israel_hamas_war,2023-10-07,-0.831941406766797,0.3684615980969138,111.2,0.1528020204682877,758,-1.7989737164687287,-0.04218980898149945,0.007176555247797316,-0.011233456871710588,0.0013380427622182729,-0.011200239946011676,-0.00977144865649901,22.6200008392334,29.0,Fear,
2022-12-19,israel_hamas_war,2023-10-07,-0.7992803984640622,0.4390786369105055,111.2,0.1528020204682877,657,-2.441625299039369,-0.01256121071332066,-0.0012857697271356746,-0.01694799126543774,0.0001910445296217565,-0.0090483289411038,-0.014999724050845452,22.420000076293945,29.0,Fear,29.0
2022-12-20,israel_hamas_war,2023-10-07,-0.6572742782420378,0.7461129945315667,111.2,0.1528020204682877,930,-3.0331793362617776,0.027988705082472278,0.015651375902693578,-0.017916600143712283,-0.007187725527677756,0.001036800697890769,0.00010241036601868933,21.479999542236328,29.0,Fear,29.0
2022-12-21,israel_hamas_war,2023-10-07,-0.6867555564255118,0.6823709157059608,111.2,0.1528020204682877,943,-2.74014402179312,-0.005264509420176635,0.0,0.002510327741015218,0.0018258058879629148,0.014758548669054294,0.015267148063893234,20.06999969482422,26.0,Fear,29.0
2022-12-22,israel_hamas_war,2023-10-07,-0.7091484405134446,0.6339547997634097,111.2,0.1528020204682877,1032,-2.351297840779977,0.0007612154110786702,-0.016042989850930472,-0.0001928502593617056,0.0025887797949984497,-0.014557142498145655,-0.02202067762285652,21.969999313354492,28.0,Fear,26.0
2022-12-23,israel_hamas_war,2023-10-07,-0.6998082904037414,0.6541493307070998,111.2,0.1528020204682877,752,-3.2168547696913325,-0.0019858084288219657,0.004968066459595485,-0.014768987976317809,-0.0011497821311719622,0.005850952271915072,0.002073067836914703,20.8700008392334,27.0,Fear,28.0
2022-12-27,israel_hamas_war,2023-10-07,-0.7051973250364144,0.6424975879226799,111.2,0.1528020204682877,723,-3.2742192662766265,-0.004760944402953109,0.010468993076297851,-0.019971046764270004,-0.0012470360362270992,-0.004057844034659477,-0.013872866760853782,21.649999618530273,27.0,Fear,27.0
2022-12-28,israel_hamas_war,2023-10-07,-0.743582235570518,0.5595047821918148,111.2,0.1528020204682877,798,-2.607884770333347,-0.009895050300250239,-0.0038093315032526956,-0.0059091396410831725,0.0026840389974125013,-0.012093470442948605,-0.013608776395688324,22.139999389648438,28.0,Fear,27.0
2022-12-29,israel_hamas_war,2023-10-07,-0.7249922936280829,0.5996984785873251,111.2,0.1528020204682877,918,-2.466209267262148,0.00540864482551941,0.0063957738601456895,0.011287112132528341,-0.005952996554838216,0.01731063431499432,0.02559657826242276,21.440000534057617,28.0,Fear,28.0
2022-12-30,israel_hamas_war,2023-10-07,-0.7733255401879513,0.4951961706160384,111.2,0.1528020204682877,650,-2.7808240704490563,-0.002391695878759684,0.0001098874339190406,-0.011186720320829313,-0.003086419364217248,-0.002543975646110833,-0.0011085809845445226,21.670000076293945,28.0,Fear,28.0
2023-01-03,israel_hamas_war,2023-10-07,-0.5582354593009025,0.9602468649985372,104.27,0.0107128325914432,1131,-3.288099049687832,0.004643386447225434,0.010930862804251935,0.018904170137582253,0.009613610210076605,-0.004008572481273608,-0.007624670589333624,22.899999618530273,26.0,Fear,28.0
2023-01-04,israel_hamas_war,2023-10-07,-0.5598739423222673,0.9567042671080292,104.27,0.0107128325914432,1177,-3.164908736582011,0.010934153962035356,0.007095546441984838,0.013606978147988096,-0.0025865478558809133,0.007510694562138916,0.00688673846632065,22.010000228881836,29.0,Fear,26.0
2023-01-05,israel_hamas_war,2023-10-07,-0.5844929134034614,0.9034750826236722,104.27,0.0107128325914432,1182,-2.977908012154331,-0.0015728177184386805,-0.009762524397120638,0.004172133456028624,0.007549378031617576,-0.011713869136457158,-0.014787355875258205,22.459999084472656,29.0,Fear,29.0
2023-01-06,israel_hamas_war,2023-10-07,-0.6747560609156766,0.7083152721173517,104.27,0.0107128325914432,992,-2.71992904034916,0.006820792235553174,0.01589647009927115,0.018229436343629477,-0.0111048783559313,0.02258383558903089,0.025300103602832746,21.1299991607666,26.0,Fear,29.0
2023-01-09,israel_hamas_war,2023-10-07,-0.7029751333691038,0.6473022343000112,104.27,0.0107128325914432,1128,-2.2216190851928843,0.014325077364631126,0.004549233258291233,0.00531005954197236,-0.00850737212496137,-0.0007679273259905782,0.006258972376728372,21.969999313354492,25.0,Extreme Fear,26.0
2023-01-10,israel_hamas_war,2023-10-07,-0.7259525230324556,0.5976223468130079,104.27,0.0107128325914432,839,-2.6630194473408246,0.014418133870887372,-0.0005875467452382744,-0.01668851047514425,0.0023273659288897074,0.006953997970593733,0.010008324692010259,20.579999923706055,26.0,Fear,25.0
2023-01-11,israel_hamas_war,2023-10-07,-0.7540856249385065,0.5367951876869994,104.27,0.0107128325914432,700,-2.817157006257607,0.02762115049773119,0.0016016233411999265,0.016120942972315953,-0.0004843813715727915,0.012767571192293676,0.01744414670411872,21.09000015258789,26.0,Fear,26.0
2023-01-12,israel_hamas_war,2023-10-07,-0.5999532147192419,0.8700480466924242,104.27,0.0107128325914432,1023,-3.251835848769002,0.05080318049018759,0.01108736566761589,0.019490888824268974,-0.009151177864041493,0.0034100849120427303,0.006331158435483053,18.829999923706055,30.0,Fear,26.0
2023-01-13,israel_hamas_war,2023-10-07,-0.7131047525421084,0.6254007760328127,104.27,0.0107128325914432,736,-3.135975131395796,0.053649212803668606,0.012008862043122856,-0.009416899817339452,-0.0004891470139514572,0.003988892144656051,0.007070647983038121,18.350000381469727,31.0,Fear,30.0
2023-01-17,israel_hamas_war,2023-10-07,-0.756959412427243,0.5305817125623774,104.27,0.0107128325914432,870,-2.2888134401565696,0.06098368335642055,-0.005855345730477272,-0.006484703418854978,0.001857397716719187,-0.002032555430996314,0.0014386221235826455,19.360000610351562,51.0,Neutral,31.0
2023-01-18,israel_hamas_war,2023-10-07,-0.7454585034062876,0.5554480648561118,104.27,0.0107128325914432,920,-2.279825064306527,-0.02259283115330066,-0.0014691611288529948,0.02394263847195416,-0.00029302837129696293,-0.015684966977744675,-0.012525089706512879,20.34000015258789,52.0,Neutral,51.0
2023-01-19,israel_hamas_war,2023-10-07,-0.6335430301321489,0.7974228148940533,104.27,0.0107128325914432,1027,-2.9702112700035324,0.019055334102897954,0.00925131447113823,-0.006279458471121879,-0.002935165539840638,-0.007667671901812428,-0.009605181191135558,20.520000457763672,45.0,Fear,52.0
2023-01-20,israel_hamas_war,2023-10-07,-0.8479098141284391,0.3339359756177719,104.27,0.0107128325914432,573,-2.1060188377086977,0.0726845526110478,0.002234663176594187,-0.01634404861882239,-0.0004899830787308928,0.01874167355235196,0.02620657384427968,19.850000381469727,51.0,Neutral,45.0
2023-01-23,israel_hamas_war,2023-10-07,-0.8258492495550179,0.38163357669277,104.27,0.0107128325914432,663,-2.104607359957823,0.011307874962590536,0.0003632807471507761,-0.004719216067578204,0.0012735466080506875,0.011811315951328555,0.019905750591514202,19.809999465942383,50.0,Neutral,51.0
2023-01-24,israel_hamas_war,2023-10-07,-0.753655020559324,0.5377262062849614,104.27,0.0107128325914432,940,-2.1654057115474923,-0.013077079200906103,0.0035224324574504432,0.014277945780113011,-0.0021562413856149845,-0.0007117563642918193,-0.002655717700738095,19.200000762939453,52.0,Neutral,50.0
2023-01-25,israel_hamas_war,2023-10-07,-0.598367454661823,0.8734766511765799,104.27,0.0107128325914432,926,-3.564549553926521,0.021043184701323544,0.003767611384967313,0.0024220051959665165,-0.0027510214113156285,-0.00018174157346566321,-0.0018464789239743867,19.079999923706055,51.0,Neutral,52.0
2023-01-26,israel_hamas_war,2023-10-07,0.1184363047935036,2.4232928244558063,104.27,0.0107128325914432,1967,-5.226716773560876,-0.003687148593844675,-0.0062527531393145016,-0.004662882498210139,0.0019657658427801013,0.010947708029114303,0.01744123822265746,18.729999542236328,54.0,Neutral,51.0
2023-01-27,israel_hamas_war,2023-10-07,0.8271043077960153,3.9555185111254,104.27,0.0107128325914432,2772,-6.538125485685746,0.001993046474165044,-0.00025922182084070467,-0.0025270664332898043,0.0008833878845851546,0.002491734021703855,0.00944929977086366,18.510000228881836,55.0,Greed,54.0
2023-01-30,israel_hamas_war,2023-10-07,0.1045327235919598,2.3932316051493854,104.27,0.0107128325914432,1998,-5.097775949967893,-0.010391893594000993,-0.0029598625643060456,-0.0036614545142517807,0.003427832313775083,-0.013053569315292663,-0.01980470954087739,19.940000534057617,61.0,Greed,55.0
2023-01-31,israel_hamas_war,2023-10-07,-0.3775579239541667,1.3508934858273327,104.27,0.0107128325914432,1436,-3.7723602469112616,0.013012288539514132,0.0034264261246514465,0.007962930104751853,-0.0017614282623960365,0.014536304416419527,0.016602109174695578,19.399999618530273,51.0,Neutral,61.0
2023-02-01,israel_hamas_war,2023-10-07,-0.5212173789871236,1.0402844189556175,120.99,0.353531190643512,1271,-3.22164011393568,0.024945734590003956,-0.000881420299387641,0.009380167624890877,-0.008656332379842169,0.01039805629688473,0.019809356293377177,17.8700008392334,56.0,Greed,51.0
2023-02-02,israel_hamas_war,2023-10-07,-0.2079043944635765,1.717704876518438,120.99,0.353531190643512,1943,-3.74147182702836,-0.010674749877368259,-0.005983212723418652,0.0012932970823300706,0.005222446476871968,0.014592384626854379,0.03202153497663688,18.729999542236328,60.0,Greed,56.0
2023-02-03,israel_hamas_war,2023-10-07,-0.6288362097667937,0.8075995281586298,120.99,0.353531190643512,1082,-2.873977516602653,-0.000961136247671562,-0.02826184255379748,-0.015068676640195199,0.011433145299790698,-0.010408592637285455,-0.016017523139294224,18.329999923706055,60.0,Greed,60.0
2023-02-06,israel_hamas_war,2023-10-07,0.1056903565200048,2.3957345471484173,120.99,0.353531190643512,2208,-4.715183828291238,-0.02983217839542561,0.0017698252343863036,-0.007431418273278507,0.00677841827043934,-0.006159393193939262,-0.010002426875040582,19.43000030517578,56.0,Greed,60.0
2023-02-07,israel_hamas_war,2023-10-07,-0.0818524458500297,1.990244391075507,120.99,0.353531190643512,2245,-3.866485547771093,0.02191019571493288,0.0029428310618131773,-0.008058119145531078,-0.0018353295526682863,0.012790364037397075,0.018861238124653547,18.65999984741211,54.0,Neutral,56.0
2023-02-08,israel_hamas_war,2023-10-07,-0.4520072166255119,1.1899251366114685,120.99,0.353531190643512,1358,-3.4832004072339044,-0.014063722484005989,0.003040771209810025,0.004747896219378882,-0.0001933537298894013,-0.011142573012411353,-0.016922472471223922,19.6299991607666,58.0,Greed,54.0
2023-02-09,israel_hamas_war,2023-10-07,-0.3693339987269463,1.368674603960237,120.99,0.353531190643512,1449,-3.7931895477718864,-0.05007294792111713,-0.005983602271623308,-0.009518442540351656,-0.0018390600635689357,-0.008869009831037385,-0.010205906715695953,20.709999084472656,55.0,Greed,58.0
2023-02-10,israel_hamas_war,2023-10-07,-0.3797373263535287,1.346181355007621,120.99,0.353531190643512,1006,-5.105994134255615,-0.0077228177249046275,-0.0018234933150134012,-0.011252806271422243,0.003964192145583165,0.0021928557092171274,-0.006079725405594646,20.530000686645508,48.0,Neutral,55.0
2023-02-13,israel_hamas_war,2023-10-07,-0.3741833571320199,1.3581897062639396,120.99,0.353531190643512,1430,-3.8061103398122778,0.00722140965311904,-0.005868606069231897,0.008379560134202496,-0.0027055653288025135,0.011383569951155146,0.014711877608285125,20.34000015258789,48.0,Neutral,48.0
2023-02-14,israel_hamas_war,2023-10-07,-0.4490021497439892,1.19642245361537,120.99,0.353531190643512,1380,-3.454918346959217,0.018747466050136215,0.0011333148745895825,-0.0023046437564891655,-0.0011617303671171057,-0.0002804538554937624,0.0057320735760145345,18.90999984741211,50.0,Neutral,48.0
2023-02-15,israel_hamas_war,2023-10-07,-0.3062979142464657,1.5049662206535968,120.99,0.353531190643512,1750,-3.567581667790349,0.08977000786319626,-0.0107370746218953,-0.009368819122116026,0.006661813746023905,0.002769337533076689,0.009191579584130886,18.229999542236328,53.0,Neutral,50.0
2023-02-16,israel_hamas_war,2023-10-07,-0.2332560182987702,1.6628916084232348,120.99,0.353531190643512,2060,-3.45697567841159,-0.028558101481565734,0.004243545311346955,-0.014269267895287074,-0.000577510449646308,-0.013884689204881605,-0.01795216618546027,20.170000076293945,62.0,Greed,53.0
2023-02-17,israel_hamas_war,2023-10-07,-0.4361260559729435,1.2242621211837852,120.99,0.353531190643512,1531,-3.2403299497495177,0.03910624942610064,-0.0008689852683103383,0.007746285146585746,0.0,-0.0027712421722827342,-0.005799640502461699,20.020000457763672,61.0,Greed,62.0
2023-02-21,israel_hamas_war,2023-10-07,-0.0929172190844562,1.966321016949496,120.99,0.353531190643512,2388,-3.641012685393472,-0.005275232239033152,-0.004028983707236791,-0.019628759578476183,0.003076330953509202,-0.020244783973471698,-0.02534286690877158,22.8700008392334,60.0,Greed,61.0
2023-02-22,israel_hamas_war,2023-10-07,0.0907294929206095,2.363387355791349,120.99,0.353531190643512,1858,-5.336618318035354,-0.010180396881003117,-0.000545702605629464,0.009122504343581039,0.0039277345058649936,-0.0015747954856433837,0.0012844273358689376,22.290000915527344,59.0,Greed,60.0
2023-02-23,israel_hamas_war,2023-10-07,0.0992720474648938,2.3818573889339096,120.99,0.353531190643512,2218,-4.671299256885057,-0.010027916762018151,-0.0076712704966514795,0.009724603821823,9.562729084697131e-05,0.005315278263237728,0.007215546735655383,21.139999389648438,56.0,Greed,59.0
2023-02-24,israel_hamas_war,2023-10-07,-0.4384220519886998,1.2192979009044334,120.99,0.353531190643512,1499,-3.284552330625921,-0.03179206740644356,-0.005073326778902653,-0.013086247683044875,0.0058148070752222026,-0.010593464619774184,-0.017007768044265258,21.670000076293945,53.0,Neutral,56.0
2023-02-27,israel_hamas_war,2023-10-07,-0.1178511010603833,1.9124109571329977,120.99,0.353531190643512,1645,-4.769355832910158,0.013901645259010255,0.004523120437649741,0.0027692508806582824,-0.005145817745095847,0.0030682925395522777,0.006302206872446652,20.950000762939453,50.0,Neutral,53.0
2023-02-28,israel_hamas_war,2023-10-07,-0.2912610057207285,1.5374778303123071,120.99,0.353531190643512,1402,-4.3808933064143,-0.016092730875103014,0.006527917163400628,0.004532911649505916,0.0019089876634674223,-0.0030406198309477117,-0.0009981826067956556,20.700000762939453,53.0,Neutral,50.0
2023-03-01,israel_hamas_war,2023-10-07,-0.406674396513821,1.2879401607553744,105.38,0.0334717068401153,1343,-3.805780570826633,0.021336804939163678,0.004800056571569328,-0.013262232445874537,-0.003725816378627509,-0.004736464203492832,-0.0066616845443599765,20.579999923706055,50.0,Neutral,53.0
2023-03-02,israel_hamas_war,2023-10-07,-0.3990830969638482,1.304353465880469,105.38,0.0334717068401153,1293,-3.980686814300964,-0.007261350209481709,-0.0022880546197603423,-0.008906732510267724,0.005250314354224447,0.0075535937311959735,0.007310978633510221,19.59000015258789,51.0,Neutral,50.0
2023-03-03,israel_hamas_war,2023-10-07,-0.5125271470362802,1.0590737484608077,105.38,0.0334717068401153,999,-4.041751835877168,-0.04856242572977136,0.007714887423290701,0.0239371413158827,-0.00486760347746891,0.01601874917648306,0.019526310799658674,18.489999771118164,50.0,Neutral,51.0
2023-03-06,israel_hamas_war,2023-10-07,-0.7488511930260568,0.5481126607454659,105.38,0.0334717068401153,834,-2.455518800465798,0.0029950669750121437,0.00010827646049621364,-0.007783683062237976,-0.0016277896342835392,0.0006869307788483012,-0.0011358591619143247,18.610000610351562,48.0,Neutral,50.0
2023-03-07,israel_hamas_war,2023-10-07,-0.4646377579332661,1.1626163830819067,105.38,0.0334717068401153,1279,-3.581240779687466,-0.009406138966041635,-0.0185706355718125,0.006113841620882355,0.012097154382653161,-0.015445590479262547,-0.012532243281914846,19.59000015258789,49.0,Neutral,48.0
2023-03-08,israel_hamas_war,2023-10-07,-0.5199695098057643,1.0429824626166566,105.38,0.0334717068401153,1089,-3.690827114246935,-0.022837315061132093,-0.0006618172911648265,0.0009825929224420021,0.00037865311238121204,0.0014137941356032722,0.003953027693454466,19.110000610351562,50.0,Neutral,49.0
2023-03-09,israel_hamas_war,2023-10-07,-0.2997911168512055,1.5190347013310532,105.38,0.0334717068401153,2191,-3.0078849457034904,-0.06442451332853331,0.009115987157307687,0.002452303948558228,-0.0033180681860797596,-0.018631857945482354,-0.020743238713278666,22.610000610351562,44.0,Fear,50.0
2023-03-10,israel_hamas_war,2023-10-07,-0.5816527603928496,0.9096158359503268,105.38,0.0334717068401153,1283,-2.794456405265461,-0.00866965688311379,0.017717772147514535,0.03390478571053252,-0.006956011940827523,-0.01458396943606664,-0.017748193576544505,24.799999237060547,34.0,Fear,44.0
2023-03-13,israel_hamas_war,2023-10-07,-0.7578650082929805,0.5286237050873027,105.38,0.0334717068401153,769,-2.5475630064728643,0.18119976745792638,0.026341694156230083,0.0022704152714100086,-0.009415031171813377,-0.001510901840738768,0.004474281960482493,26.520000457763672,49.0,Neutral,34.0
2023-03-14,israel_hamas_war,2023-10-07,-0.7229875682960651,0.604032936521676,105.38,0.0334717068401153,826,-2.7295276848921386,0.02241616479750579,-0.0028811671051432153,-0.01657817606224966,0.0,0.016342388235363665,0.02116280511977392,23.729999542236328,56.0,Greed,49.0
2023-03-15,israel_hamas_war,2023-10-07,-0.7217934320271064,0.6066148031460052,105.38,0.0334717068401153,922,-2.4850444886771665,-0.015069419825617957,0.010645072763326822,0.019126156893188445,0.010084148375969637,-0.007005363929353597,0.0005160845538084052,26.139999389648438,50.0,Neutral,56.0
2023-03-16,israel_hamas_war,2023-10-07,-0.5385062115738499,1.002903877898766,105.38,0.0334717068401153,1298,-3.050655356422714,0.027387721969650478,-0.003952561643726087,-0.007853584863984187,-0.002200253025863908,0.017409576249031722,0.02446896996526529,22.989999771118164,52.0,Neutral,50.0
2023-03-17,israel_hamas_war,2023-10-07,-0.7134754879724775,0.6245992013222806,105.38,0.0334717068401153,880,-2.6670548790437314,0.09043081735478727,0.026127822516268665,0.014897521110149966,-0.006822676673047995,-0.011080621273953702,-0.007432901114710537,25.510000228881836,51.0,Neutral,52.0
2023-03-20,israel_hamas_war,2023-10-07,-0.5907133070434081,0.8900258414050184,105.38,0.0334717068401153,1195,-2.906049649669056,0.012440797804941478,0.004760658443617601,-0.008836256051449286,-0.004154799054848812,0.008878869635940853,0.0038642609836887463,24.149999618530273,66.0,Greed,51.0
2023-03-21,israel_hamas_war,2023-10-07,-0.7280543624713501,0.5930779164677903,105.38,0.0334717068401153,923,-2.427253954762352,0.014607259457310753,-0.021036184516874452,-0.008629361275613813,-0.00019363457964795679,0.012898647518559103,0.01568463953485547,21.3799991607666,68.0,Greed,66.0
2023-03-22,israel_hamas_war,2023-10-07,-0.9190646933146596,0.1800905456575144,105.38,0.0334717068401153,387,-1.6402391248178465,-0.031304934786025286,0.004530510589810312,0.01324524109098763,-0.008851802940524948,-0.016600248639842885,-0.01616268268931921,22.260000228881836,62.0,Greed,68.0
2023-03-23,israel_hamas_war,2023-10-07,-0.6473957896956296,0.7674714780981291,105.38,0.0334717068401153,1073,-2.751145265657348,0.03690243092144147,0.023855366038062705,0.0,0.001757129577327853,0.0029800838691824228,0.010013182146488225,22.610000610351562,57.0,Greed,62.0
2023-03-24,israel_hamas_war,2023-10-07,0.0684037105348567,2.315116321821265,105.38,0.0334717068401153,2874,-3.724701558740461,-0.03011973318555565,-0.005885513691905922,0.004220376236075369,0.005737958489560089,0.005623963084303207,0.0030967804468254624,21.739999771118164,61.0,Greed,57.0
2023-03-27,israel_hamas_war,2023-10-07,0.0789665015528969,2.337954349857232,105.38,0.0334717068401153,3218,-3.4611620207363503,-0.01293724631629457,-0.015097478869044783,-0.023771204988187668,-0.0025245389851668615,0.0016455995637670831,-0.004672630457802238,20.600000381469727,64.0,Greed,61.0
2023-03-28,israel_hamas_war,2023-10-07,-0.2376950445063115,1.65329389842338,105.38,0.0334717068401153,2155,-3.3166616621835856,0.004714100093914092,0.01019169021018235,0.0018193373701997585,-0.004189204852776162,-0.0015750832883878866,-0.004493083609321649,19.969999313354492,59.0,Greed,64.0
2023-03-29,israel_hamas_war,2023-10-07,-0.4096673572213361,1.2814690187596616,105.38,0.0334717068401153,2370,-2.386803607490631,0.03885339931269162,-0.0031992150318794522,-0.0020110046136371297,0.002048072933051069,0.014136870775046802,0.017778770369685507,19.1200008392334,57.0,Greed,59.0
2023-03-30,israel_hamas_war,2023-10-07,-0.2796595600644427,1.5625615549361769,105.38,0.0334717068401153,1911,-3.449233074975435,-0.011169598741333131,0.007196500323830662,0.004590705753806248,-0.0048832991169928406,0.005698999199482652,0.007287463245942077,19.020000457763672,60.0,Greed,57.0
2023-03-31,israel_hamas_war,2023-10-07,-0.403417610457937,1.2949817249711573,105.38,0.0334717068401153,2023,-2.7312057997348225,0.015746414888453637,-0.005722573380642285,0.014869807077826645,0.003615960390688943,0.014333327782036555,0.017201757964756384,18.700000762939453,63.0,Greed,60.0
2023-04-03,israel_hamas_war,2023-10-07,-0.3518838717671847,1.406403882903423,106.81,0.0627916979893055,2166,-2.810092976610613,-0.02446468241677098,0.007538817015696076,0.0021598893330886343,-0.004105634325008149,0.003692022565802823,-0.0026594159113701617,18.549999237060547,63.0,Greed,63.0
2023-04-04,israel_hamas_war,2023-10-07,-0.4660269122264284,1.1596128639704009,106.81,0.0627916979893055,1724,-2.782724638524709,0.01350558587463783,0.01912138685643545,0.004959527218941327,-0.004909672254020274,-0.005813839745162529,-0.005191711576206571,19.0,62.0,Greed,63.0
2023-04-05,israel_hamas_war,2023-10-07,0.2733332090449531,2.75819861175552,106.81,0.0627916979893055,2881,-4.429529461922853,0.0003512057047058866,-0.0006430347062673179,0.01040034224597486,0.0025560586356645873,-0.002495481657121423,-0.010734149787020498,19.079999923706055,62.0,Greed,62.0
2023-04-06,israel_hamas_war,2023-10-07,0.153145026283661,2.498337266131398,106.81,0.0627916979893055,2497,-4.469973924975173,-0.004761257346579407,-0.004463407474970126,0.002583254327714076,-0.00029458221420442513,0.0035727731328032467,0.007564934481418325,18.399999618530273,63.0,Greed,62.0
2023-04-10,israel_hamas_war,2023-10-07,-0.069581155750309,2.0167764001682045,106.81,0.0627916979893055,2570,-3.529811192514285,0.05578292232966085,-0.011397298492928634,-0.016255989570218652,0.007436454334157374,0.0009958070170100843,-0.00029782903379337776,18.969999313354492,62.0,Greed,63.0
2023-04-11,israel_hamas_war,2023-10-07,-0.2408895214190139,1.6463870540895345,106.81,0.0627916979893055,2073,-3.4056242098919287,0.019439489564332186,0.007862066660321815,0.0020582028218114556,-0.0037113519021790297,-4.135333298352082e-05,-0.004352299619061479,19.100000381469727,68.0,Greed,62.0
2023-04-12,israel_hamas_war,2023-10-07,-0.6342564739807535,0.7958802632532329,106.81,0.0627916979893055,1281,-2.448304484925026,-0.0031803678161343176,0.0030380656754726365,-0.0010285718861422243,-0.006872849427117652,-0.0041434563234613855,-0.008558885248078312,19.09000015258789,65.0,Greed,68.0
2023-04-13,israel_hamas_war,2023-10-07,-0.535375440078717,1.0096729834370597,106.81,0.0627916979893055,1495,-2.72594246470946,0.008590133768281546,0.015004488526765062,-0.007889552788478691,-0.0048392554920466254,0.013175510497831548,0.019666431354809274,17.799999237060547,61.0,Greed,65.0
2023-04-14,israel_hamas_war,2023-10-07,-0.3255328515195356,1.463377966567894,106.81,0.0627916979893055,1863,-3.297197623800134,0.002845797962018112,-0.01934033210150383,-0.00918872754460658,0.00533177508837354,-0.0020715175845779886,-0.0035241093803996698,17.06999969482422,68.0,Greed,61.0
2023-04-17,israel_hamas_war,2023-10-07,-0.6741200357012248,0.7096904353345755,106.81,0.0627916979893055,1608,-1.8034368333959616,-0.03473205356672903,-0.004003608688523414,-0.011967018292194409,0.005401392147505714,0.0033007035826147536,0.0028211157267692354,16.950000762939453,69.0,Greed,68.0
2023-04-18,israel_hamas_war,2023-10-07,-0.2794434644424384,1.5630287797317213,106.81,0.0627916979893055,2552,-2.7503475134472017,0.03183646099781629,0.006597421632108531,0.003557136081278968,-0.0034338859029701624,0.0008548548034659753,-0.0003545347648105111,16.829999923706055,58.0,Greed,69.0
2023-04-19,israel_hamas_war,2023-10-07,-0.373942991288149,1.358709406206108,106.81,0.0627916979893055,1804,-3.142186819484745,-0.05319953662867234,-0.006096093088757149,-0.0009601390686585561,0.0021598400246286317,-8.426554793962826e-05,0.0003142913911959291,16.459999084472656,63.0,Greed,58.0
2023-04-20,israel_hamas_war,2023-10-07,-0.6098816621462376,0.8485815460010737,106.81,0.0627916979893055,1624,-2.138816187679556,-0.020211126619281063,0.006195695166983959,0.00851312621675533,-0.0012757460576225028,-0.005970335188311131,-0.008066422335642759,17.170000076293945,52.0,Neutral,63.0
2023-04-21,israel_hamas_war,2023-10-07,-0.5418143249215424,0.9957513378881075,106.81,0.0627916979893055,1366,-2.900345452553072,-0.034910877271712444,-0.014095679073773076,-0.005635397115623296,-0.00019637281272905612,0.0009027812573008861,0.0010691514514271725,16.770000457763672,50.0,Neutral,52.0
2023-04-24,israel_hamas_war,2023-10-07,-0.4237564939303123,1.2510066060684877,106.81,0.0627916979893055,1620,-3.159538960151169,0.009066466769448327,0.004837975290905525,0.009627852944435258,-0.004626687634511641,0.0008512167782723126,-0.0029249512879699134,16.889999389648438,53.0,Neutral,50.0
2023-04-25,israel_hamas_war,2023-10-07,-0.5888806243410215,0.8939883224260526,106.81,0.0627916979893055,1436,-2.496455896859646,0.02802320777395386,0.002460408684692786,0.01459738122548582,0.005019469606052127,-0.01593718381857645,-0.01997351518151025,18.760000228881836,53.0,Neutral,53.0
2023-04-26,israel_hamas_war,2023-10-07,-0.72058027413412,0.6092377968154585,106.81,0.0627916979893055,1301,-1.8495511091295704,0.004057925868580612,-0.004171199318677286,-0.010715389642085961,-0.003836127127342896,-0.0038485835033448754,0.004666500136623165,18.84000015258789,56.0,Greed,53.0
2023-04-27,israel_hamas_war,2023-10-07,-0.5121091819089741,1.05997743947194,106.81,0.0627916979893055,1584,-2.727305659711791,0.03631313286229464,0.0021129262655032468,-0.009972095268179737,0.0002955981606630457,0.019377193402696356,0.023995446040326135,17.030000686645508,59.0,Greed,56.0
2023-04-28,israel_hamas_war,2023-10-07,-0.6693366919188758,0.7200326014552892,106.81,0.0627916979893055,1195,-2.350999703453828,-0.004540602889751968,0.00010047797590101929,0.01600187982098854,0.0016734577954439752,0.008219331313243467,0.006921974836800036,15.779999732971191,64.0,Greed,59.0
2023-05-01,israel_hamas_war,2023-10-07,-0.6639654606353178,0.7316458512518682,108.47,0.0968274919107429,1321,-2.1925084171703744,-0.0434912199499015,-0.003372320383288464,-0.031779017449134694,0.004710079923975026,-0.0003861810485107871,-0.0011441030716880713,16.079999923706055,63.0,Greed,64.0
2023-05-02,israel_hamas_war,2023-10-07,0.4859943857218143,3.2179977223137994,108.47,0.0968274919107429,2383,-5.96838720678546,0.020749270291120427,0.015459208663897123,0.024614562308564906,-0.0018617656726258914,-0.011653906680571788,-0.010874782924142791,17.780000686645508,55.0,Greed,63.0
2023-05-03,israel_hamas_war,2023-10-07,-0.0645967291828183,2.0275533315206427,108.47,0.0968274919107429,1952,-4.400048306461694,0.011294600825028724,0.007074123181844181,0.005566352154664776,-0.0060994066177318855,-0.007022908054892971,-0.00457812581802915,18.34000015258789,64.0,Greed,55.0
2023-05-04,israel_hamas_war,2023-10-07,-0.1997578498212922,1.7353186884947414,108.47,0.0968274919107429,1824,-3.977413334177392,-0.005482697825375376,0.009517819252434986,-0.00992778028553891,0.0005919422942949497,-0.007244913455062742,-0.004912509840672809,20.09000015258789,64.0,Greed,64.0
2023-05-05,israel_hamas_war,2023-10-07,-0.6595097027142655,0.7412797372341505,108.47,0.0968274919107429,1208,-2.3979364766700333,0.02352452363535224,-0.015054141436917398,-0.0033312597188922387,-0.001875549050207397,0.018306166381879797,0.022231464425657994,17.190000534057617,61.0,Greed,64.0
2023-05-08,israel_hamas_war,2023-10-07,-0.6834038747311167,0.68961765573646,108.47,0.0968274919107429,1268,-2.139983967011477,-0.06432951314172884,0.00440192824598679,-0.014113826891503835,0.0015796593339410944,0.0004520264848820656,0.0017564495567712402,16.979999542236328,60.0,Greed,61.0
2023-05-09,israel_hamas_war,2023-10-07,0.1938736524217065,2.5863974676461754,108.47,0.0968274919107429,2744,-4.307811116167771,-0.0012826051136456092,0.004873807724603167,-0.003584012312232216,0.0026599359579984596,-0.004589938949059595,-0.006332369330851736,17.709999084472656,51.0,Neutral,60.0
2023-05-10,israel_hamas_war,2023-10-07,0.1912170005948024,2.5806534660086333,108.47,0.0968274919107429,2378,-4.794090135055732,-0.0013393336115541375,-0.002803233566718523,0.009657245218558949,-0.0015753846360941081,0.004473942241914432,0.010364437760741167,16.940000534057617,52.0,Neutral,51.0
2023-05-11,israel_hamas_war,2023-10-07,0.3016391463066475,2.8193994617640845,108.47,0.0968274919107429,2694,-4.761390854005838,-0.0227376278728039,-0.007811791440417504,0.010516334490790806,0.005699083903704872,-0.0016980648897067581,0.001791709881001504,16.93000030517578,52.0,Neutral,52.0
2023-05-12,israel_hamas_war,2023-10-07,-0.0730260153520251,2.009328198264977,108.47,0.0968274919107429,2385,-3.724264624729148,-0.007278017155925187,-9.925105453308255e-05,-0.00840426005328233,0.006056507260503907,-0.0015845615894390477,-0.003556586585505612,17.030000686645508,49.0,Neutral,52.0
2023-05-15,israel_hamas_war,2023-10-07,-0.3886085424401342,1.3270007159745287,108.47,0.0968274919107429,1607,-3.373855654185669,0.014360237763413598,0.0017358962821522753,-0.010411683819923192,-0.0024377175472424643,0.002953797680316935,0.006529020284479243,17.1200008392334,50.0,Neutral,49.0
2023-05-16,israel_hamas_war,2023-10-07,-0.5397735399657855,1.000163761077713,108.47,0.0968274919107429,1358,-2.927722688342532,-0.005754943306692564,-0.014776614414791786,-0.00300873899459184,0.0012683279398937922,-0.006398107681917463,-0.0017937452820989302,17.989999771118164,54.0,Neutral,50.0
2023-05-17,israel_hamas_war,2023-10-07,-0.6221533203592416,0.8220487410030641,108.47,0.0968274919107429,1398,-2.3479999369233537,0.013305949198470446,-0.003880014587498261,-0.0029202339812220575,0.0031152644246641497,0.011820688622071574,0.0126811324585215,16.8700008392334,50.0,Neutral,54.0
2023-05-18,israel_hamas_war,2023-10-07,-0.5739466470435352,0.9262773823559506,108.47,0.0968274919107429,1590,-2.375845270491137,-0.020896322938492334,-0.012293130260797066,-0.007436454334157362,0.006781044881070237,0.009400723063727155,0.014948586407163582,16.049999237060547,51.0,Neutral,50.0
2023-05-19,israel_hamas_war,2023-10-07,-0.6459911838722839,0.7705084052813199,108.47,0.0968274919107429,1333,-2.2912924161725376,0.0021562704301694635,0.011282876071055622,-0.007096434543324363,-0.0036754551972657174,-0.0014469138806754414,-0.002441297634751779,16.809999465942383,48.0,Neutral,51.0
2023-05-22,israel_hamas_war,2023-10-07,-0.5034712292671163,1.0786537348063054,108.47,0.0968274919107429,1412,-3.0551598528143846,-0.0014458709579601766,-0.001972886611210169,-0.0035671918215375935,0.0,0.00015502267980239146,0.004955341242114324,17.209999084472656,49.0,Neutral,48.0
2023-05-23,israel_hamas_war,2023-10-07,-0.7040378858632883,0.6450044352414074,108.47,0.0968274919107429,1233,-2.05010302212554,0.013848962643426162,-0.001216064382496189,0.0028745712449407515,0.0028061455620138486,-0.011285468768284297,-0.012699832981432724,18.530000686645508,50.0,Neutral,49.0
2023-05-24,israel_hamas_war,2023-10-07,-0.6167724409022284,0.8336828513142068,108.47,0.0968274919107429,1314,-2.509596212598522,-0.03327040018789596,-0.004879037635297988,-0.004961312082406542,0.003857672169282226,-0.007345512678305211,-0.006076412053298278,20.030000686645508,50.0,Neutral,50.0
2023-05-25,israel_hamas_war,2023-10-07,-0.6051717868251194,0.8587648644484326,108.47,0.0968274919107429,1446,-2.3841540261527068,0.005354526205137628,-0.010087426800028507,-0.002489917157507993,0.0030754440114669794,0.008719456079011883,0.0169909229012292,19.139999389648438,51.0,Neutral,50.0
2023-05-26,israel_hamas_war,2023-10-07,-0.5592054699371937,0.958149585021212,108.47,0.0968274919107429,1169,-3.188409138817274,0.009139332662057487,0.0005145091760760677,0.008044911822592139,0.0,0.012964680931640788,0.02162606379505821,17.950000762939453,49.0,Neutral,51.0
2023-05-30,israel_hamas_war,2023-10-07,-0.6103986261525985,0.8474638074743253,108.47,0.0968274919107429,1308,-2.5610369831807978,0.03613141856908231,0.00712441162188973,0.00994153728593678,-0.00038392280013356805,1.660313066576836e-05,0.0032115647140261603,17.459999084472656,51.0,Neutral,49.0
2023-05-31,israel_hamas_war,2023-10-07,-0.6266059616181109,0.8124215936202859,108.47,0.0968274919107429,1405,-2.310747431803989,-0.017577792723265092,0.0030087604621398334,0.008679165169920207,0.0014389328341666869,-0.006127358186214099,-0.0063299664597993525,17.940000534057617,51.0,Neutral,51.0
2023-06-01,israel_hamas_war,2023-10-07,-0.6667172436808566,0.7256961644469718,110.53,0.139064681957828,1640,-1.814356916498932,-0.014792581991188054,0.007153928630061794,0.0012615098701509182,-0.00731196394442447,0.009806215085853812,0.012727834151334726,15.649999618530273,52.0,Neutral,51.0
2023-06-02,israel_hamas_war,2023-10-07,-0.720008779362416,0.6104734374331979,110.53,0.139064681957828,1120,-2.1082004277921462,0.01589161106579633,-0.013026835665023308,-0.01101863694880855,0.004432024764387413,0.014429812390107408,0.010613598166370145,14.600000381469727,50.0,Neutral,52.0
2023-06-05,israel_hamas_war,2023-10-07,-0.5632197478012597,0.949470232163892,110.53,0.139064681957828,1363,-2.770693537079549,-0.056211777158011095,0.0028641465728216076,-0.001864614222540655,-0.00019225693155170475,-0.002005591490657713,-0.0008568008385588568,14.729999542236328,53.0,Neutral,50.0
2023-06-06,israel_hamas_war,2023-10-07,-0.6216900891149039,0.8230503028182371,110.53,0.139064681957828,1527,-2.1831700529130225,0.05581511856233619,0.003823121771459306,0.005876593412171957,0.0012491930239595076,0.002351130233850576,0.003545653830854357,13.960000038146973,44.0,Fear,53.0
2023-06-07,israel_hamas_war,2023-10-07,-0.7170294027703903,0.616915208933001,110.53,0.139064681957828,1383,-1.7782045036024736,-0.03332542412080894,-0.011667932951336448,-0.014955063076134235,-0.000288131202227627,-0.003819293926420617,-0.013003287629283109,13.9399995803833,53.0,Neutral,44.0
2023-06-08,israel_hamas_war,2023-10-07,-0.623242661624147,0.8196934538156005,110.53,0.139064681957828,1381,-2.3655863886730417,0.006138366063704449,0.010700777840001093,0.0116291872841069,-0.007327473541548554,0.00616957160752325,0.010144490496863164,13.649999618530273,50.0,Neutral,53.0
2023-06-09,israel_hamas_war,2023-10-07,-0.6726117318066971,0.7129515702534762,110.53,0.139064681957828,1048,-2.608902566313455,-0.001050860137740086,-0.0007132429056668153,-0.001372677856295236,0.002126643886980919,0.0011474010230505239,0.001556373052427456,13.829999923706055,50.0,Neutral,50.0
2023-06-12,israel_hamas_war,2023-10-07,-0.6190306347054308,0.82880036397728,110.53,0.139064681957828,1571,-2.1471107541710786,-0.02206440345618271,-0.003522608540493114,0.002939191423808299,0.0006757053838539431,0.00927797498175416,0.01517785368627771,15.010000228881836,47.0,Neutral,50.0
2023-06-13,israel_hamas_war,2023-10-07,-0.6373105802568862,0.7892769171641152,110.53,0.139064681957828,1321,-2.3652102740686294,0.0006263269559741463,-0.005487371483662416,-0.009929808127063245,-0.0028023492708349413,0.006908570725908897,0.008241171164448882,14.609999656677246,45.0,Fear,47.0
2023-06-14,israel_hamas_war,2023-10-07,-0.6196336076940974,0.827496663658247,110.53,0.139064681957828,1367,-2.4087742163022923,-0.031115354032620144,0.005487371483662365,0.007971282435127342,-0.0031983957878659926,0.0008190899801265841,0.003908868624796756,13.880000114440918,46.0,Fear,45.0
2023-06-15,israel_hamas_war,2023-10-07,-0.5749227247881179,0.924166984558816,110.53,0.139064681957828,1462,-2.542146613163248,0.017819375410116443,0.0012777594632126471,0.009560148639517574,-0.008677472364774409,0.012104580493589997,0.011407918830738764,14.5,41.0,Fear,46.0
2023-06-16,israel_hamas_war,2023-10-07,-0.7483388618952636,0.5492203824365204,110.53,0.139064681957828,933,-2.22638564937556,0.0289427732653721,0.0003064070167053769,-0.0038910703650808652,0.0017610835201193752,-0.0036783764677510893,-0.006788659887555545,13.539999961853027,47.0,Neutral,41.0
2023-06-20,israel_hamas_war,2023-10-07,-0.0857365775684273,1.98184642988053,110.53,0.139064681957828,1889,-4.415736857799406,0.0732200398417747,-0.011762134766634989,0.006896235364950548,0.00234327249500934,-0.004746353835236048,-0.0016288622361871976,13.880000114440918,49.0,Neutral,47.0
2023-06-21,israel_hamas_war,2023-10-07,-0.0141546876369638,2.1366151085687863,110.53,0.139064681957828,1961,-4.619674102217458,0.05827421320682117,-0.0011372784228845022,0.002416978079031608,-0.0045941258585048515,-0.005259086366925201,-0.012152740014743075,13.199999809265137,59.0,Greed,49.0
2023-06-22,israel_hamas_war,2023-10-07,-0.396789682919456,1.3093121036263502,110.53,0.139064681957828,1854,-2.9616297520463024,-0.0038377235796951737,-0.01071258172670636,-0.01214373528051979,0.00313019620013928,0.0037039303873345254,0.009465375122207966,12.90999984741211,65.0,Greed,59.0
2023-06-23,israel_hamas_war,2023-10-07,-0.5016494787504473,1.082592579123415,110.53,0.139064681957828,1065,-3.9061930793317976,0.02584590576815378,0.003340482534468814,0.009920371918701817,0.0049686120430801495,-0.007688288056502158,-0.010182601644694407,13.4399995803833,65.0,Greed,65.0
2023-06-26,israel_hamas_war,2023-10-07,-0.6142420087092185,0.8391539508813926,110.53,0.139064681957828,1196,-2.7379729867903104,-0.013920564563099005,0.0023940761271535643,0.001063990119031291,-0.002042892684027928,-0.004496934363132171,-0.011684753957263528,14.25,55.0,Greed,65.0
2023-06-27,israel_hamas_war,2023-10-07,-0.622812599842806,0.8206232992515926,110.53,0.139064681957828,1455,-2.2664289902621166,0.013682563415242948,-0.00505509651683476,-0.0026136627014032273,-0.0019495529845661155,0.01139073352418076,0.016354235105267578,13.739999771118164,59.0,Greed,55.0
2023-06-28,israel_hamas_war,2023-10-07,-0.5741120114149266,0.9259198446423352,110.53,0.139064681957828,1216,-2.978270047367643,-0.01980891791303767,-0.0008885614102553915,0.004255760790169087,0.004089643433388721,-0.0003541393883898215,0.002658086806941778,13.430000305175781,62.0,Greed,59.0
2023-06-29,israel_hamas_war,2023-10-07,-0.5662356159032653,0.9429495616186973,110.53,0.139064681957828,1377,-2.7279768082615483,0.011865197537731036,-0.0016224510460784893,-0.018213337756855002,0.004169631988002177,0.00446356811449,-3.089582739162327e-05,13.539999961853027,54.0,Neutral,62.0
2023-06-30,israel_hamas_war,2023-10-07,-0.7565004598194033,0.5315740234494449,110.53,0.139064681957828,846,-2.3511502685085324,0.0010472432791648364,0.0062136453694543944,0.011725799543736034,-0.004169631988002264,0.0121943502618858,0.014360745624171794,13.59000015258789,56.0,Greed,54.0
2023-07-03,israel_hamas_war,2023-10-07,0.3682285649667178,2.9633738154798874,107.45,0.0759139317903416,2279,-5.68985149381342,0.022040380150182646,0.00031225960354315117,-0.008389480407469565,0.0007770199620409859,0.0011699930926736418,0.002090197024492344,13.569999694824219,62.0,Greed,56.0
2023-07-05,israel_hamas_war,2023-10-07,0.5411258806256524,3.33719866306215,107.45,0.0759139317903416,3168,-4.997131332392051,-0.02082991257173677,-0.0010933672637802037,-0.009547798394109462,0.003682935755196144,-0.0019702580976127164,-0.0018196729568232474,14.180000305175781,61.0,Greed,62.0
2023-07-06,israel_hamas_war,2023-10-07,-0.0744127921509829,2.006329819582663,107.45,0.0759139317903416,2147,-4.036694044849642,-0.020020299639946313,-0.005694461811811971,-0.014243981039120255,-0.0019367157864437802,-0.007954061175894762,-0.008198627743426367,15.4399995803833,56.0,Greed,61.0
2023-07-07,israel_hamas_war,2023-10-07,0.0989375928889319,2.3811342578060164,107.45,0.0759139317903416,1989,-5.090322197777681,0.01437090998029806,0.009126768323334932,-0.006037434998971091,-0.008761753370652237,-0.002869212795733482,-0.0013401957734218836,14.829999923706055,55.0,Greed,56.0
2023-07-10,israel_hamas_war,2023-10-07,-0.4471237291772507,1.2004838254150434,107.45,0.0759139317903416,1723,-2.882170074388903,0.0023768594721202685,-0.0006231570554215221,0.001311183331908238,-0.002937677646362029,0.002402138610626312,0.001810909653066109,15.069999694824219,56.0,Greed,55.0
2023-07-11,israel_hamas_war,2023-10-07,-0.4589534675377554,1.1749065044329334,107.45,0.0759139317903416,1691,-2.8644111836885338,0.006765948365584515,0.0032674088391857186,0.005127464463029022,-0.0023563865432139302,0.006719583998254874,0.005481266469092892,14.84000015258789,57.0,Greed,56.0
2023-07-12,israel_hamas_war,2023-10-07,-0.6006830183804197,0.8684701231638547,107.45,0.0759139317903416,1686,-2.122472709145,-0.007516669538967959,0.012810414334619996,0.011069677668280306,-0.011965598524406462,0.007383905235389679,0.011435219167263116,13.539999961853027,64.0,Greed,57.0
2023-07-13,israel_hamas_war,2023-10-07,-0.629837901266624,0.8054337503336743,107.45,0.0759139317903416,1328,-2.402809333477104,0.03505911799946575,0.0015324108197861239,0.010457845430950713,-0.007489176001020683,0.008434482989627111,0.015654609250178142,13.609999656677246,57.0,Greed,64.0
2023-07-14,israel_hamas_war,2023-10-07,-0.704437405194072,0.6441406262668888,107.45,0.0759139317903416,1023,-2.407498744587922,-0.036955452769762046,0.00045927816023401885,-0.005906095258514676,0.0014023141203172327,-0.001024932196907484,-0.0017605752149814633,13.34000015258789,60.0,Greed,57.0
2023-07-17,israel_hamas_war,2023-10-07,-0.4586155709601786,1.1756370775834175,107.45,0.0759139317903416,1471,-3.2172872142915176,-0.006222897766458022,-0.003936082358076451,0.000493465173523033,-0.0007009494576735545,0.0038479695744204137,0.00925650095096097,13.479999542236328,54.0,Neutral,60.0
2023-07-18,israel_hamas_war,2023-10-07,-0.4452294740404888,1.20457943346473,107.45,0.0759139317903416,1799,-2.79202741773127,-0.009643886494910275,0.012622280219577665,0.004528970183493384,0.0010011624034429384,0.007092066941428338,0.00760107243221098,13.300000190734863,56.0,Greed,54.0
2023-07-19,israel_hamas_war,2023-10-07,-0.5925192478256498,0.8861211796403681,107.45,0.0759139317903416,1678,-2.174083330473489,0.0019193869502834365,0.0001517429045972916,0.011233269736295091,0.003396230772367105,0.002355134827233639,0.0003050943743141468,13.760000228881836,50.0,Neutral,56.0
2023-07-20,israel_hamas_war,2023-10-07,-0.6187224081282049,0.8294667870088533,107.45,0.0759139317903416,1616,-2.0991808981319053,-0.004083626307646249,-0.004663169815610156,-0.012216130783629158,0.005965403313288791,-0.006779827396257691,-0.020739390705699568,13.989999771118164,56.0,Greed,50.0
2023-07-21,israel_hamas_war,2023-10-07,-0.5358099831696166,1.0087334488693631,107.45,0.0759139317903416,1261,-3.145100773413926,0.003910458253167224,-0.002034278228194697,0.000295004757056479,0.0018816786366872118,0.0003240420146130911,-0.0021711192088946715,13.600000381469727,50.0,Neutral,56.0
2023-07-24,israel_hamas_war,2023-10-07,-0.1927809772586179,1.7504035283744277,107.45,0.0759139317903416,1856,-3.9559186383199534,-0.024773034600599125,-0.002038424953129538,-0.0036437357696137303,0.002766514775348219,0.004026038496874852,0.0018553931015154322,13.90999984741211,55.0,Greed,50.0
2023-07-25,israel_hamas_war,2023-10-07,-0.2788968642823767,1.5642105951968417,107.45,0.0759139317903416,1706,-3.78602316377825,0.0017284554802405464,0.0009177681383586431,-0.001876289915497288,0.0,0.0028107195758387046,0.006076545848761675,13.859999656677246,50.0,Neutral,55.0
2023-07-26,israel_hamas_war,2023-10-07,-0.5092521371496916,1.0661547147963373,107.45,0.0759139317903416,1383,-3.0730983576606103,0.004355653333464597,0.0034597077644024344,0.0009879320768334404,-0.0045490494718553,-0.00015545097867591856,-0.0012223682025672969,13.1899995803833,51.0,Neutral,50.0
2023-07-27,israel_hamas_war,2023-10-07,-0.5443725791705659,0.9902200836805268,107.45,0.0759139317903416,1307,-2.9943959505784554,-0.004927238584293436,-0.012007399562659367,-0.01964458241200765,0.008684523847732521,-0.006445393055197076,-0.005477449338194084,14.40999984741211,51.0,Neutral,51.0
2023-07-28,israel_hamas_war,2023-10-07,-0.6771884940014402,0.7030560584385612,107.45,0.0759139317903416,1037,-2.5965692899518635,0.0037094442045335473,0.007680922504028945,0.005122752454123636,-0.0014749390247942252,0.009829375810433848,0.018793655065515634,13.329999923706055,52.0,Neutral,51.0
2023-07-31,israel_hamas_war,2023-10-07,-0.5160191267552036,1.0515236671815702,107.45,0.0759139317903416,1292,-3.211206927019697,-0.003044775840808799,0.005138771146053185,0.002401737294111576,0.0023589342549690515,0.0014676354365687912,0.002048614127366774,13.630000114440918,50.0,Neutral,52.0
2023-08-01,israel_hamas_war,2023-10-07,-0.4709167239593223,1.149040501300752,101.14,-0.0534630920917489,1210,-3.711700677790129,0.01513023382608844,-0.015238610077067491,-0.019275067089504203,0.004310375340513245,-0.0026686453076827116,-0.004338779250386785,13.930000305175781,53.0,Neutral,50.0
2023-08-02,israel_hamas_war,2023-10-07,-0.56622724807687,0.9429676538685098,101.14,-0.0534630920917489,1392,-2.7031725484435487,-0.01780750751690934,-0.0017018269642495524,-0.010756678779220076,0.0028307236140326336,-0.013936200638336184,-0.02197462537127946,16.09000015258789,53.0,Neutral,53.0
2023-08-03,israel_hamas_war,2023-10-07,-0.5623581377423004,0.9513331370200973,101.14,-0.0534630920917489,1203,-3.0884321387557256,0.0009161807791750279,-0.0027911448212779625,-0.023341665369605816,-0.00048745111902339825,-0.0025512254502915274,-0.0009830942849843496,15.920000076293945,52.0,Neutral,53.0
2023-08-04,israel_hamas_war,2023-10-07,-0.690016735664576,0.6753198528983316,101.14,-0.0534630920917489,860,-2.943415250614186,-0.0035908335462961935,0.0039260178715701454,0.017557147920942782,-0.005084135693926122,-0.0053141693739379705,-0.003622635897704046,17.100000381469727,54.0,Neutral,52.0
2023-08-07,israel_hamas_war,2023-10-07,-0.4689937862323399,1.153198124569568,101.14,-0.0534630920917489,1236,-3.657729284266852,0.0036558939179262037,-0.0031499215966817747,-0.009890215907370244,0.0002940795702704096,0.008983618964856572,0.006103893165694263,15.770000457763672,49.0,Neutral,54.0
2023-08-08,israel_hamas_war,2023-10-07,-0.5991794548299014,0.8717210088873295,101.14,-0.0534630920917489,1108,-3.0386947551382573,0.01984638697905339,-0.004873518808943379,0.011546397437976322,0.004692507615797038,-0.004227205100058866,-0.00789710915259367,15.989999771118164,54.0,Neutral,49.0
2023-08-09,israel_hamas_war,2023-10-07,-0.7740025275833827,0.4937324422235657,101.14,-0.0534630920917489,1217,-1.5869948721452287,-0.006877101417061734,-0.004531822404694159,0.005157840890023623,-0.00039021477602060905,-0.007063619102045116,-0.011758360733579843,15.960000038146973,50.0,Neutral,54.0
2023-08-10,israel_hamas_war,2023-10-07,-0.6062764756825088,0.8563763939151251,101.14,-0.0534630920917489,1191,-2.804268841704413,-0.004471948989328098,-0.0005222204866973095,-0.01659967687023187,0.00029265675152226225,0.00025068252108086326,0.0011631973230925396,15.850000381469727,53.0,Neutral,50.0
2023-08-11,israel_hamas_war,2023-10-07,-0.5626094708167035,0.950789724602888,101.14,-0.0534630920917489,1059,-3.4475996212484894,-0.0010837469218066252,-0.0007838424255554935,-0.002304081375034657,0.0031164780362246446,-0.0010702648992294865,-0.006802872509670812,14.84000015258789,51.0,Neutral,53.0
2023-08-14,israel_hamas_war,2023-10-07,-0.7297606062720551,0.5893888116005122,101.14,-0.0534630920917489,1074,-2.111057940048442,0.000364877287408214,-0.0012031118637709465,-0.0022043684715837572,0.003397625999040487,0.005734004879419051,0.01046045545564118,14.819999694824219,50.0,Neutral,51.0
2023-08-15,israel_hamas_war,2023-10-07,-0.6077780513298869,0.8531298062779767,101.14,-0.0534630920917489,1046,-3.1270795186005933,-0.008129120118753778,-0.0042485053218494105,-0.0061136673428808875,0.00019376592035990066,-0.011618139396096483,-0.011472323526823919,16.459999084472656,53.0,Neutral,50.0
2023-08-16,israel_hamas_war,2023-10-07,-0.5936733718333983,0.8836258243501871,101.14,-0.0534630920917489,1253,-2.770078658051464,-0.016193584838703763,-0.0033696785716191323,-0.007854891255397,0.0020326105557280554,-0.007584081792624527,-0.011541614897787746,16.780000686645508,52.0,Neutral,53.0
2023-08-17,israel_hamas_war,2023-10-07,-0.730608102664305,0.5875564221938177,101.14,-0.0534630920917489,1394,-1.6822874502906249,-0.07362412009606191,-0.00634889183821112,-0.004271620112203193,0.0001934088027096891,-0.0077428113775290805,-0.011772514864461939,17.889999389648438,50.0,Neutral,52.0
2023-08-18,israel_hamas_war,2023-10-07,-0.6083535318084823,0.8518855480812687,101.14,-0.0534630920917489,1357,-2.4952329116077854,-0.023334248653811243,0.0010609517869105895,0.00352539442389872,-0.0005802648656852326,-0.00014871788395720285,-0.0019655522793719867,17.299999237060547,37.0,Fear,50.0
2023-08-21,israel_hamas_war,2023-10-07,-0.5220702299233138,1.0384404523791753,101.14,-0.0534630920917489,1006,-3.9387492917637377,0.002859066506290317,0.0038101719353384462,-0.013420138551969885,-0.00048372525334603947,0.006855634859799785,0.01544055709208412,17.1299991607666,38.0,Fear,37.0
2023-08-22,israel_hamas_war,2023-10-07,-0.5878655463870095,0.8961830433793334,101.14,-0.0534630920917489,1084,-3.1840869474275166,-0.0035464695192522202,0.0016360008536025392,0.007644793235703435,0.002223363361817772,-0.0027813310465456837,0.0006132750180161352,16.969999313354492,37.0,Fear,38.0
2023-08-23,israel_hamas_war,2023-10-07,-0.7318502403125684,0.5848707707985452,101.14,-0.0534630920917489,1570,-1.5159813421888062,0.015248455549160829,0.011586265785144559,0.02447542322886359,-0.0019330853691411304,0.010984330710791359,0.015805297863145672,15.979999542236328,37.0,Fear,37.0
2023-08-24,israel_hamas_war,2023-10-07,-0.4874105434487558,1.1133788744375,101.14,-0.0534630920917489,1349,-3.277548638785021,-0.01023956576112509,-0.0001564098483359136,-0.006615904817001674,0.00598055930058945,-0.01354935398400801,-0.01891250388136126,17.200000762939453,41.0,Fear,37.0
2023-08-25,israel_hamas_war,2023-10-07,-0.661808694866576,0.7363090389462394,101.14,-0.0534630920917489,1238,-2.332198820049036,-0.004393992436939317,-0.0037082411186100178,0.003260903858717012,0.0009612465570264075,0.006695501060295156,0.009364876634496849,15.680000305175781,39.0,Fear,41.0
2023-08-28,israel_hamas_war,2023-10-07,-0.6177926486571564,0.8314770391127001,101.14,-0.0534630920917489,1136,-2.8362946659229125,0.002242690879668796,0.0035518704503101632,0.0010496324427579082,-0.00019221939637929734,0.006245078594196461,0.008388121700637111,15.079999923706055,39.0,Fear,39.0
2023-08-29,israel_hamas_war,2023-10-07,-0.7046878039674593,0.6435992339211515,101.14,-0.0534630920917489,965,-2.532289376624872,0.060249892570851026,0.009651369784435556,0.010332481194366201,-0.0049130150876944625,0.014404068712056505,0.017261872808711956,14.449999809265137,39.0,Fear,39.0
2023-08-30,israel_hamas_war,2023-10-07,-0.6402788227537047,0.7828592189209035,101.14,-0.0534630920917489,1093,-2.7614907118742416,-0.015634289371322937,0.004019820260445598,-0.0010388373660690602,-0.0037734008004793452,0.003825854181192944,0.005403554782030011,13.880000114440918,49.0,Neutral,39.0
2023-08-31,israel_hamas_war,2023-10-07,-0.4365872211859497,1.2232650263775109,101.14,-0.0534630920917489,1384,-3.5238024817259928,-0.05132914544958933,-0.003142358107314131,0.004459435013534779,0.004449171380475575,-0.0015982129743398576,0.0011164184765422975,13.569999694824219,52.0,Neutral,49.0
2023-09-01,israel_hamas_war,2023-10-07,-0.6897058810043124,0.6759919581623746,98.63,-0.1049268527801875,1190,-2.215189405505746,-0.005054814300673318,0.0008252180232353599,-0.01869604757704196,0.0059655244302698725,0.001797512765518541,-0.0002251883787540095,13.09000015258789,40.0,Fear,52.0
2023-09-05,israel_hamas_war,2023-10-07,-0.4101093427382095,1.280513392769466,98.63,-0.1049268527801875,1386,-3.684217956259894,-0.0008042615082998516,-0.007035775353867591,-0.01412139902528149,0.005453251565242906,-0.004202997821381205,-0.0007742108536311733,14.010000228881836,40.0,Fear,40.0
2023-09-06,israel_hamas_war,2023-10-07,-0.592217650663085,0.8867732690779477,98.63,-0.1049268527801875,1492,-2.3981574162944,-0.001038013801593385,-0.004214024777917077,0.0024563835820627386,0.0004769690765724177,-0.006996014491432261,-0.010646372630262906,14.449999809265137,42.0,Fear,40.0
2023-09-07,israel_hamas_war,2023-10-07,-0.7284367044664922,0.5922512469644866,98.63,-0.1049268527801875,1244,-1.8681485655584529,0.01873210550195057,-0.0003128457579778613,0.002769517463377624,0.0019054593225865462,-0.003216433115732967,-0.008952545687614022,14.399999618530273,41.0,Fear,42.0
2023-09-08,israel_hamas_war,2023-10-07,-0.5945846039754519,0.881655630565992,98.63,-0.1049268527801875,1081,-3.1400487699820547,-0.012831149860508746,0.00046926375810114266,0.0038220728237413092,0.00028549874253551563,0.0014256060622570594,0.0009233027886535696,13.84000015258789,46.0,Fear,41.0
2023-09-11,israel_hamas_war,2023-10-07,-0.4572811719278712,1.178522209217562,98.63,-0.1049268527801875,1435,-3.292942376832557,-0.029100334535416654,0.0025509680494884674,-0.007231769116198552,-0.004960390338031698,0.006700951498135517,0.011297999643260736,13.800000190734863,40.0,Fear,46.0
2023-09-12,israel_hamas_war,2023-10-07,-0.5100812445374442,1.0643620846350492,98.63,-0.1049268527801875,1501,-2.863993781144042,0.0263051279529175,-0.006258821711373876,0.005747151822115979,0.0013379148638041805,-0.005712169023003997,-0.010420569666451177,14.229999542236328,30.0,Fear,40.0
2023-09-13,israel_hamas_war,2023-10-07,-0.2911124740193767,1.537798973763305,98.63,-0.1049268527801875,1721,-3.695519002456078,0.015173852958685846,-0.001151750325271196,-0.00021231450092243446,0.0005728237679779794,0.0012408621175346041,0.002898410849430943,13.479999542236328,41.0,Fear,30.0
2023-09-14,israel_hamas_war,2023-10-07,-0.5372350814919814,1.0056522144319318,98.63,-0.1049268527801875,1454,-2.77905156247794,0.011800835130971608,0.0004713280283196849,-0.007244095947635319,0.006090103684779919,0.00839458553366625,0.008108294015120471,12.819999694824219,45.0,Fear,41.0
2023-09-15,israel_hamas_war,2023-10-07,-0.6971941926816082,0.6598013252381731,98.63,-0.1049268527801875,1119,-2.280316585515372,0.0025972414093191217,0.00714714748905865,-0.006112944140013737,-0.0008542112781683579,-0.012234145842493929,-0.01575748993997658,13.789999961853027,45.0,Fear,45.0
2023-09-18,israel_hamas_war,2023-10-07,-0.4133339787864843,1.2735413407473712,98.63,-0.1049268527801875,1754,-3.013362736394986,0.005456526848982988,0.00404651357660179,0.005685172598410544,-0.001140060435999011,0.0007210276941755188,0.00013933303095828577,14.0,46.0,Fear,45.0
2023-09-19,israel_hamas_war,2023-10-07,-0.492575479654377,1.1022116594782625,98.63,-0.1049268527801875,2374,-2.050250719955895,0.016931102662432373,0.00025883266612720474,-0.0074077831759198996,0.0,-0.0021533273615331264,-0.0023403910731377756,14.109999656677246,46.0,Fear,46.0
2023-09-20,israel_hamas_war,2023-10-07,-0.4332368749632259,1.2305088789572014,98.63,-0.1049268527801875,1971,-2.649731971295691,-0.0029114788993918343,0.007014664451038297,0.0031200551114725153,-0.00038023660865774264,-0.009439204206291041,-0.015402233250557203,15.140000343322754,47.0,Neutral,46.0
2023-09-21,israel_hamas_war,2023-10-07,-0.6922842556314169,0.6704172012708987,98.63,-0.1049268527801875,1381,-1.934784032587244,-0.021020467716698094,-0.013661993139932882,-0.026009404314581083,0.0019000285421893555,-0.016536918318488084,-0.01836850809980194,17.540000915527344,47.0,Neutral,47.0
2023-09-22,israel_hamas_war,2023-10-07,-0.7336336360937779,0.5810148540450161,98.63,-0.1049268527801875,1485,-1.5774667511365563,0.0004491505408555205,0.003225343940292486,0.008016332039776242,0.002085913510251903,-0.0022982374027607495,-0.000920789526580765,17.200000762939453,43.0,Fear,47.0
2023-09-25,israel_hamas_war,2023-10-07,-0.8209300942885082,0.3922693836208775,98.63,-0.1049268527801875,918,-1.6131746597521976,-0.010631653191114088,-0.004580980852414224,-0.024916852892792163,0.003970117373779511,0.0040149942038066174,0.004494245402148282,16.899999618530273,47.0,Neutral,43.0
2023-09-26,israel_hamas_war,2023-10-07,-0.7575945171740813,0.5292085395071403,98.63,-0.1049268527801875,1364,-1.543349626770887,-0.003093569595525136,-0.008488367011878772,-0.003482143965352395,0.002167492280471816,-0.014844165482264943,-0.015774810335509794,18.940000534057617,46.0,Fear,47.0
2023-09-27,israel_hamas_war,2023-10-07,-0.6851109973180199,0.6859266508274412,98.63,-0.1049268527801875,1312,-2.0674908083524426,0.005153782852789497,-0.015270736211994373,-0.005189531816395589,0.00413335307925102,0.00022928777229479233,0.0022357207386172074,18.219999313354492,44.0,Fear,46.0
2023-09-28,israel_hamas_war,2023-10-07,-0.5884929656082888,0.8948264873572168,98.63,-0.1049268527801875,1349,-2.634177280459137,0.02506320623495958,-0.006002135474614082,0.003049261349822208,-0.00422751298532157,0.005875877143000698,0.008247565459463053,17.34000015258789,46.0,Fear,44.0
2023-09-29,israel_hamas_war,2023-10-07,-0.7101985927829604,0.6316842439101064,98.63,-0.1049268527801875,1018,-2.3711165771054947,-0.004072674570297436,-0.006633460391607215,0.0001127827263480869,-0.0004708607074283352,-0.002713259648289315,0.0013656042229136642,17.520000457763672,48.0,Neutral,46.0
2023-10-02,israel_hamas_war,2023-10-07,-0.798183489449528,0.4414502864853247,197.89,1.930249595799259,979,-1.7149844108385923,0.022742933188551962,-0.009842104245885983,-0.02004397031420834,0.00685226652584993,7.936440615299324e-05,0.0066686204218012355,17.610000610351562,50.0,Neutral,48.0
2023-10-03,israel_hamas_war,2023-10-07,-0.6948468107515523,0.6648766480612963,197.89,1.930249595799259,1082,-2.366074361384435,-0.0036683170659445614,-0.002955195304593962,-0.021746339478244253,0.0009350021570161637,-0.013839395863449198,-0.018834519788316916,19.780000686645508,50.0,Neutral,50.0
2023-10-04,israel_hamas_war,2023-10-07,-0.7769848132561825,0.4872843809402989,197.89,1.930249595799259,1022,-1.8228064342501908,0.013377719302482879,-0.0033487861038289848,0.014009154861393902,-0.0018708793613008015,0.008077047607828946,0.013427607709577042,18.579999923706055,49.0,Neutral,50.0
2023-10-05,israel_hamas_war,2023-10-07,-0.6195700368038836,0.8276341115894325,197.89,1.930249595799259,1170,-2.752063065703916,-0.013890662255842758,-0.0010453767983573286,-0.004997398921082094,-0.004410472217120931,-0.0013048811469951228,-0.0012231469205094174,18.489999771118164,48.0,Neutral,49.0
2023-10-06,israel_hamas_war,2023-10-07,-0.4096204784277752,1.2815703763648445,197.89,1.930249595799259,1230,-4.08190869283028,0.019171883788155934,0.007458615173471331,-0.012190994950134924,-0.002731092828867336,0.011745642093961117,0.015872789597602428,17.450000762939453,50.0,Neutral,48.0
2023-10-09,israel_hamas_war,2023-10-07,3.482154913345791,9.696058114994896,197.89,1.930249595799259,21116,-4.866875831294955,-0.013071251190806306,0.010490108470351069,0.023198544190065354,0.000377153644008798,0.006284068119387409,0.003930842923497506,17.700000762939453,50.0,Neutral,50.0
2023-10-10,israel_hamas_war,2023-10-07,3.1420159840510045,8.960636729672498,197.89,1.930249595799259,20375,-4.568302526223581,-0.0070090060125914885,0.006198645369741984,-0.001383707733442076,-0.0023594932911438103,0.005194476099985354,0.00581207512287195,17.030000686645508,50.0,Neutral,50.0
2023-10-11,israel_hamas_war,2023-10-07,2.862434174960374,8.356147141319092,197.89,1.930249595799259,18895,-4.404867413940898,-0.019081220842271783,0.0063206856067081355,0.020671066723106153,-9.451581541042123e-05,0.004283819500095073,0.007114716338778236,16.09000015258789,47.0,Neutral,50.0
2023-10-12,israel_hamas_war,2023-10-07,2.861327484019303,8.353754342039416,197.89,1.930249595799259,19504,-4.341748699825674,-0.00434538164717781,-0.0018706079095983437,-0.027502610177513855,0.007062508777175011,-0.006266024940654918,-0.006276019467433243,16.690000534057617,45.0,Fear,47.0
2023-10-13,israel_hamas_war,2023-10-07,2.905873761669893,8.450068766526714,197.89,1.930249595799259,21089,-4.243812800764371,0.0039380057832304975,0.03060790174466398,0.017734238529247187,0.000750415855463118,-0.005031495660219892,-0.012378236809596068,19.31999969482422,44.0,Fear,45.0
2023-10-16,israel_hamas_war,2023-10-07,2.6653481889683905,7.930023471363515,197.89,1.930249595799259,16846,-4.4047766084464826,0.05986029097890779,-0.003274031158004244,-0.01622501137853685,-0.0038517936041772755,0.010538642302589985,0.011918490887931534,17.209999084472656,47.0,Neutral,44.0
2023-10-17,israel_hamas_war,2023-10-07,2.468720626846016,7.504890969099183,197.89,1.930249595799259,17451,-4.101342431739863,-0.0036433994327744555,0.0008324968566677746,-0.011082026102797744,9.414218399375051e-05,-9.824987944376507e-05,-0.0025260738971380563,17.8799991607666,52.0,Neutral,47.0
2023-10-18,israel_hamas_war,2023-10-07,3.312837340923329,9.329973104000944,197.89,1.930249595799259,20279,-4.766456284598565,-0.0030807197496875486,0.016813236521731816,-0.008836581800498,0.0030072355647203807,-0.013490408251151898,-0.016347934715319135,19.219999313354492,50.0,Neutral,52.0
2023-10-19,israel_hamas_war,2023-10-07,2.4184726488303445,7.396248780807033,197.89,1.930249595799259,16857,-4.107045296418587,0.013724231161473081,0.006677383090401854,-0.020685898023195537,-0.0030072355647205343,-0.008519032328057976,-0.009669343186968733,21.399999618530273,52.0,Neutral,50.0
2023-10-20,israel_hamas_war,2023-10-07,2.162597941620949,6.843016805757771,197.89,1.930249595799259,17136,-3.7711059943309526,0.03298576898255148,0.007137632114181281,0.005662339521992039,-0.0008473832844427251,-0.012665149196155915,-0.0154661241245098,21.709999084472656,53.0,Neutral,52.0
2023-10-23,israel_hamas_war,2023-10-07,1.7963917169678765,6.051234784198452,197.89,1.930249595799259,12766,-3.843369823892186,0.10854453540047472,-0.0031322401557761035,0.01194186660493385,-0.00585738786786636,-0.0016869920654349177,0.0026552067299372116,20.3700008392334,53.0,Neutral,53.0
2023-10-24,israel_hamas_war,2023-10-07,2.047339942784911,6.593815112352,197.89,1.930249595799259,13788,-4.030442612769301,0.024342751787773464,-0.0006580360180047346,0.013090588895689178,0.006892957143663121,0.0072395235196288195,0.009292758124781704,18.969999313354492,66.0,Greed,53.0
2023-10-25,israel_hamas_war,2023-10-07,2.1692362811060035,6.857369696297118,197.89,1.930249595799259,14832,-4.045198037944811,0.017581001125127033,0.004597000160347399,-0.022512817824600247,0.00244363036845258,-0.014443434657238052,-0.024549539026552575,20.190000534057617,72.0,Greed,66.0
2023-10-26,israel_hamas_war,2023-10-07,2.0325793880804373,6.561901012982671,197.89,1.930249595799259,12726,-4.174308270025543,-0.010083818433932462,0.0015611896722705911,0.015222156291609909,0.0006568732533501358,-0.011903081205584871,-0.017753220983615987,20.68000030517578,71.0,Greed,72.0
2023-10-27,israel_hamas_war,2023-10-07,2.1108754844664634,6.731186615747782,197.89,1.930249595799259,13917,-4.095620666104867,-0.007253169256571986,0.0007042731011225338,-0.004257849098010167,-0.0003753135366989536,-0.00481183857862075,0.003756106282327187,21.270000457763672,70.0,Greed,71.0
2023-10-30,israel_hamas_war,2023-10-07,2.027214549710425,6.550301585436153,197.89,1.930249595799259,12087,-4.277402172865211,0.017323741403016818,0.003814487522985263,-0.004514202028354859,-0.0041376287295944916,0.011938474300285915,0.01151851990931157,19.75,68.0,Greed,70.0
2023-10-31,israel_hamas_war,2023-10-07,2.291265452760466,7.121211481928461,197.89,1.930249595799259,12808,-4.5154812854107,0.004782938801692802,-0.0055257086747362814,-0.0048934397756142415,0.005075684355487328,0.006454084821688244,0.0048173283252429125,18.139999389648438,66.0,Greed,68.0
2023-11-01,israel_hamas_war,2023-10-07,2.1292613006545222,6.770938967645105,156.7,1.0857108297606994,12463,-4.353007111925466,0.021952875620689455,-0.0032290150880346837,0.018022738721328226,0.002060444583647433,0.010451194990191868,0.016226331029161344,16.8700008392334,66.0,Greed,66.0
2023-11-02,israel_hamas_war,2023-10-07,1.7348006742061444,5.918067521970646,156.7,1.0857108297606994,12101,-3.862259467530986,-0.014181643038139046,0.003430498125606122,0.02254077597719288,-0.0071361289391347945,0.018682938934086474,0.017660475993818685,15.65999984741211,72.0,Greed,66.0
2023-11-03,israel_hamas_war,2023-10-07,1.7691623445924711,5.9923615973059725,156.7,1.0857108297606994,12289,-3.880090404757921,-0.005911206955145199,0.0029670004669155115,0.006755580098717414,-0.01041977890638448,0.00934988354455146,0.013752391190557722,14.90999984741211,65.0,Greed,72.0
2023-11-06,israel_hamas_war,2023-10-07,1.7933589349189296,6.0446775436601765,156.7,1.0857108297606994,11054,-4.134408332041131,0.008744450364181453,-0.004983536766927965,-0.00974720742125323,0.0019026316590922546,0.0017514577241005862,0.0030003288922018025,14.890000343322754,74.0,Greed,65.0
2023-11-07,israel_hamas_war,2023-10-07,1.9784152928655347,6.444791707028585,156.7,1.0857108297606994,11489,-4.320070323447143,0.011526405303600254,-0.0074967054908099675,0.01464220629969424,0.0030366287481197666,0.0028360934017119537,0.008916564124318953,14.8100004196167,68.0,Greed,74.0
2023-11-08,israel_hamas_war,2023-10-07,1.9157920277730829,6.309392655637473,156.7,1.0857108297606994,11999,-4.135540622672825,0.005955525293475274,-0.007809573743291399,0.016890391867288867,0.00047359848385494546,0.0010044110324198868,0.0007731550487935109,14.449999809265137,66.0,Greed,68.0
2023-11-09,israel_hamas_war,2023-10-07,1.844790463580924,6.155878711183909,156.7,1.0857108297606994,12937,-3.8837731290384254,0.02869223982446583,0.006486705243964605,-0.023269971106977656,0.003026076297065263,-0.008116690699068705,-0.009492241426999212,15.289999961853027,69.0,Greed,66.0
2023-11-10,israel_hamas_war,2023-10-07,1.6509715452650104,5.736818835546902,156.7,1.0857108297606994,11806,-3.7917228080473455,0.01677834605033404,-0.01621877893218127,0.005584354015795209,-0.0004722392376471513,0.015495759270772258,0.02025432391159351,14.170000076293945,70.0,Greed,69.0
2023-11-13,israel_hamas_war,2023-10-07,1.5028718426921504,5.416609418007475,156.7,1.0857108297606994,10479,-3.811132904150524,-0.021990961965519154,0.006652779492155402,-0.0022755380126403446,-0.0018910457999477405,-0.0008361884413700847,-0.0022034603561870247,14.760000228881836,72.0,Greed,70.0
2023-11-14,israel_hamas_war,2023-10-07,1.434786591005491,5.269400892893222,156.7,1.0857108297606994,10432,-3.716468953616378,-0.02678435783979465,0.008343430595057662,0.022414610390458244,-0.01477838804631668,0.01889537047457725,0.023447936669746226,14.15999984741211,69.0,Greed,72.0
2023-11-15,israel_hamas_war,2023-10-07,1.4412532658377504,5.283382623750756,156.7,1.0857108297606994,10877,-3.644556180473667,0.06384619927627835,-0.0008669641439555301,-0.014133742497216453,0.002685841224141987,0.0015957382078471765,0.0006709615985783734,14.180000305175781,60.0,Greed,69.0
2023-11-16,israel_hamas_war,2023-10-07,1.8037817313261004,6.067212886464327,156.7,1.0857108297606994,11852,-4.002070982244428,-0.046629756190665436,0.01206913677911117,0.0123500627450077,-0.00019157542558862563,0.0011897193967137305,0.0006967360765928144,14.319999694824219,70.0,Greed,60.0
2023-11-17,israel_hamas_war,2023-10-07,1.7438290594116637,5.937587979593163,156.7,1.0857108297606994,11277,-4.018886807241827,0.01214874696667944,-0.0011600298000505828,0.004675486201565482,-0.005283676688166168,0.0012812279371779871,0.0008364662109346188,13.800000190734863,63.0,Greed,70.0
2023-11-20,israel_hamas_war,2023-10-07,1.2564538213886411,4.883823938347272,156.7,1.0857108297606994,8213,-3.931952391804439,0.023768640830835394,-0.001970058216140758,0.006089765049561946,-0.003376900045101037,0.007363103793795633,0.01119686069787813,13.40999984741211,69.0,Greed,63.0
2023-11-21,israel_hamas_war,2023-10-07,1.4434238095616263,5.288075601045725,156.7,1.0857108297606994,9060,-4.027879315136682,-0.045392621921948366,0.010862615061766792,-0.0004415732242179218,0.0011590373035398362,-0.002022975931757968,-0.005936563472466541,13.350000381469727,71.0,Greed,69.0
2023-11-22,israel_hamas_war,2023-10-07,1.5662443927542922,5.553628513865574,156.7,1.0857108297606994,10840,-3.8378773180450354,0.04420138946783627,-0.00395922248666503,0.003527725900771973,0.0031805900244435636,0.004052905094313324,0.004628705742500489,12.850000381469727,62.0,Greed,71.0
2023-11-24,israel_hamas_war,2023-10-07,1.3909229524823508,5.1745624165246085,156.7,1.0857108297606994,8435,-4.103121481618134,0.007662881508198566,0.005408630384414501,-0.011844934640561031,-0.005016377911117127,0.0005966956096450322,-0.001052768260746464,12.460000038146973,66.0,Greed,62.0
2023-11-27,israel_hamas_war,2023-10-07,1.7514379197382768,5.9540392532351545,156.7,1.0857108297606994,10525,-4.17949290983865,-0.012434083649412852,0.004783316372955456,0.01656581173443472,-0.001936153355212706,-0.0019560693168983586,-0.0006900269312990103,12.6899995803833,66.0,Greed,66.0
2023-11-28,israel_hamas_war,2023-10-07,1.2615355367832384,4.894811219876784,156.7,1.0857108297606994,8252,-3.930130075346784,0.015367313611233842,0.013772846290545529,0.001969584823871527,-0.004369970099821316,0.0009796385280502918,0.002856682489211232,12.6899995803833,68.0,Greed,66.0
2023-11-29,israel_hamas_war,2023-10-07,1.2838334098026631,4.943021910431044,156.7,1.0857108297606994,8114,-4.007391401103361,0.0007241750284948421,0.0036214312587581126,0.012492627764429243,0.00019459559610863271,-0.0009466966151019382,-0.0016306469919610915,12.979999542236328,72.0,Greed,68.0
2023-11-30,israel_hamas_war,2023-10-07,1.436645627468366,5.273420353922651,156.7,1.0857108297606994,9946,-3.8160350323081422,-0.0038571889984724806,-0.004406156206906349,-0.011618565195013742,0.007078163732971052,0.003776931264994605,-0.0022658136005535984,12.920000076293945,74.0,Greed,72.0
2023-12-01,israel_hamas_war,2023-10-07,1.6639411439350824,5.764860671983547,142.28,0.7900504994311045,8616,-4.516536970709249,0.02555073011462817,0.016013593082084946,0.015497469097600415,-0.0022247275284891246,0.005856558953846637,0.005524521170196343,12.630000114440918,71.0,Greed,74.0
2023-12-04,israel_hamas_war,2023-10-07,1.5273632192038908,5.469562727644981,142.28,0.7900504994311045,7829,-4.526780792270268,0.08164678054577351,-0.022906437155782732,-0.003986806810501605,0.0035764646278238603,-0.005423188063826943,-0.008391615065211432,13.079999923706055,74.0,Greed,71.0
2023-12-05,israel_hamas_war,2023-10-07,1.2049966909151002,4.77256741661944,142.28,0.7900504994311045,8300,-3.819300826444224,0.04882523455973004,-0.0027704839468059126,0.021258054460676475,0.0039482323646085945,-0.0005690315939348026,0.0031264706776896784,12.850000381469727,75.0,Greed,74.0
2023-12-06,israel_hamas_war,2023-10-07,1.6257597586160035,5.682307912312367,142.28,0.7900504994311045,8935,-4.3618383560311065,-0.007610515703398493,0.005927406833356961,0.013229950570339743,0.0009606001883952166,-0.003913851944943747,-0.0058640129362425575,12.970000267028809,72.0,Greed,75.0
2023-12-07,israel_hamas_war,2023-10-07,1.3307566429076694,5.04447559926765,142.28,0.7900504994311045,8825,-3.899181489675016,-0.010427160036986542,-0.00029552536040616107,-0.005753486708980788,-0.005874162041749789,0.007936610684821922,0.013570068705602855,13.0600004196167,72.0,Greed,72.0
2023-12-08,israel_hamas_war,2023-10-07,1.379569650512874,5.150015208477335,142.28,0.7900504994311045,8551,-4.052144427884999,0.01998568323480024,-0.01568969924387106,-0.008216613979837825,0.004529048587731384,0.0040871341465037936,0.004451689880872765,12.350000381469727,72.0,Greed,72.0
2023-12-11,israel_hamas_war,2023-10-07,1.1249336823377951,4.599461536610123,142.28,0.7900504994311045,6538,-4.237672310001641,-0.06846730761514229,-0.01021061033941788,-0.0021177960112004897,0.0008648920593603039,0.003916813547781492,0.0019780872652739854,12.630000114440918,74.0,Greed,72.0
2023-12-12,israel_hamas_war,2023-10-07,1.212104158799764,4.787934619334845,142.28,0.7900504994311045,7594,-4.033668105480258,0.004991678164292342,-0.00010109265866683018,0.002963660192590666,-0.0022118172808891644,0.0045888127956924,0.006967544398602873,12.069999694824219,67.0,Greed,74.0
2023-12-13,israel_hamas_war,2023-10-07,1.2524293078919346,4.875122454817783,142.28,0.7900504994311045,8046,-3.971525071886047,0.03416274957103686,0.0022726708042306704,0.0231911950232736,-0.009674061839733645,0.01355834517501981,0.013705555086399328,12.1899995803833,65.0,Greed,67.0
2023-12-14,israel_hamas_war,2023-10-07,1.2734569255650947,4.920586700122744,142.28,0.7900504994311045,7405,-4.207256334276654,0.003101461159203954,0.0238764749712153,0.022463723926526853,-0.008885511313846623,0.002643565185154432,0.001871444739323751,12.479999542236328,72.0,Greed,65.0
2023-12-15,israel_hamas_war,2023-10-07,1.239146532730026,4.846403493037225,142.28,0.7900504994311045,7308,-4.176224816198302,-0.025761678809584642,-0.0044923807443041424,0.0011100521751036985,0.0057699437484844745,-7.625240044859478e-05,0.0035407984699557422,12.279999732971191,70.0,Greed,72.0
2023-12-18,israel_hamas_war,2023-10-07,1.422188789069815,5.242162925834406,142.28,0.7900504994311045,7189,-4.561454783655724,0.016410875652475804,0.0025695884133355284,-0.00799964680213148,-0.00039013864256993644,0.004518122263400515,0.006116676814060065,12.5600004196167,65.0,Greed,70.0
2023-12-19,israel_hamas_war,2023-10-07,1.083447985077013,4.509764456026475,142.28,0.7900504994311045,7302,-3.888026824347793,-0.008316570718615267,0.005953704386447858,0.005373891556600301,-0.0033223009528647574,0.005849267450818904,0.006580875686226759,12.529999732971191,73.0,Greed,65.0
2023-12-20,israel_hamas_war,2023-10-07,0.8499403427726531,4.004892772732588,142.28,0.7900504994311045,5596,-4.065481488770331,0.032164737244750545,-0.0019151099131709602,0.0067523378675574345,0.0023463251649554363,-0.014793147965305628,-0.015129269160860432,13.670000076293945,74.0,Greed,73.0
2023-12-21,israel_hamas_war,2023-10-07,0.9758915710566052,4.2772145177903695,142.28,0.7900504994311045,5752,-4.266915623304992,0.0049565656400486135,0.0022584336059977327,-0.0063479205575358464,-0.0055814815569299354,0.010248769307271876,0.012503079417649445,13.649999618530273,70.0,Greed,74.0
2023-12-22,israel_hamas_war,2023-10-07,1.238952633563961,4.845984259656276,142.28,0.7900504994311045,6618,-4.431850237117805,0.0029305657871948458,0.008788749383462259,-0.00455901645623305,-0.0013756452426480304,0.0016586821527610754,0.001942769576461438,13.029999732971191,74.0,Greed,70.0
2023-12-26,israel_hamas_war,2023-10-07,1.4004582350580232,5.1951788473923735,142.28,0.7900504994311045,6323,-4.88564006980175,-0.03415794288831661,0.0005345192470838028,0.0028391701438387155,-0.002264072725883453,0.004222761046978559,0.005427832550991476,12.989999771118164,71.0,Greed,74.0
2023-12-27,israel_hamas_war,2023-10-07,0.9875069549593616,4.302328378584038,142.28,0.7900504994311045,5368,-4.485163496417091,0.021462391204340153,0.011449100696166307,0.01756456018305624,-0.004741719435604707,0.0014294356164229985,0.0016311781238063138,12.430000305175781,73.0,Greed,71.0
2023-12-28,israel_hamas_war,2023-10-07,1.0922086335977588,4.528706034647915,142.28,0.7900504994311045,5267,-4.779323135041708,-0.018938483263033618,-0.0038500458433421737,-0.007289496091612638,0.002373707886535536,0.0003701061103271183,-0.000267602593829674,12.470000267028809,73.0,Greed,73.0
2023-12-29,israel_hamas_war,2023-10-07,1.1506333472083274,4.655027311396896,142.28,0.7900504994311045,5259,-4.917463765637469,-0.01247437935200907,-0.0055605396969713086,-0.009060784266486894,0.0009873467583291684,-0.0028304770367338357,-0.005566258801244885,12.449999809265137,65.0,Greed,73.0
2024-01-02,israel_hamas_war,2023-10-07,1.304486077302734,4.987675468243422,160.37,1.1609586392135165,6054,-4.818505416763359,0.06569448103967007,0.0009692741355228508,-0.005781239387378763,0.008549112378520523,-0.005676660799723162,-0.016483349279244195,13.199999809265137,71.0,Greed,65.0
2024-01-03,israel_hamas_war,2023-10-07,1.81668312654686,6.095107258818337,160.37,1.1609586392135165,6815,-5.4760651039301065,-0.04806495357875531,-0.014736982781769346,0.004161845977305144,0.002540821666635359,-0.008048618327197648,-0.011835384340913746,14.039999961853027,70.0,Greed,71.0
2024-01-04,israel_iran,2024-04-01,2.638214986139577,4.827883020049008,160.37,1.1609586392135165,7718,-5.060434446839868,0.030607357718285957,0.0039740504436172235,-0.015311108348984831,-0.0003904814190926662,-0.003434271663317429,-0.005629093380470519,14.130000114440918,68.0,Greed,
2024-01-05,israel_iran,2024-04-01,1.106176735089346,3.5845939878102864,160.37,1.1609586392135165,5502,-4.717690494012383,-0.0003900828451526924,4.895124937695209e-05,-0.00961198341318635,-9.758830986204218e-05,0.0018240216394339805,0.0009485660470300173,13.350000381469727,72.0,Greed,68.0
2024-01-08,israel_iran,2024-04-01,1.0670776110741835,3.5528640280492496,160.37,1.1609586392135165,6023,-4.391723185710768,0.06163948142758753,-0.007766098913480239,0.009817646719069786,-0.0019548884629722978,0.014015945436353141,0.021772922358117168,13.079999923706055,71.0,Greed,72.0
2024-01-09,israel_iran,2024-04-01,0.9204038569496704,3.43383444788356,160.37,1.1609586392135165,5682,-4.418880000570105,-0.01784541710643821,-9.866823194536253e-05,-0.006396339926382211,0.0035159779603586554,-0.0014789938523175842,0.0009387027817800393,12.760000228881836,76.0,Extreme Greed,71.0
2024-01-10,israel_iran,2024-04-01,1.06101559738185,3.5479445456983405,160.37,1.1609586392135165,6214,-4.293106523791107,0.01052203275194838,-0.0023221142671955622,-0.004668347868280803,-0.0020494720896451044,0.005649980650495912,0.007505924353859456,12.6899995803833,73.0,Greed,76.0
2024-01-11,israel_iran,2024-04-01,1.7615242686428318,4.11642561813231,160.37,1.1609586392135165,6927,-4.630603749174119,-0.005574241147522551,-0.0036669527431482853,0.005599360577522883,-0.0006840918351543993,-0.0006712808369611647,3.607494547478999e-05,12.4399995803833,76.0,Extreme Greed,73.0
2024-01-12,israel_iran,2024-04-01,3.0638173901611387,5.173270480611238,160.37,1.1609586392135165,9441,-4.778284284442759,-0.07884262883299366,0.015956951403282443,-0.001966594284980954,0.001074802087341216,0.0007506937530339595,0.00017161541712130247,12.699999809265137,71.0,Greed,76.0
2024-01-16,israel_iran,2024-04-01,1.2060956190216996,3.665680770350781,160.37,1.1609586392135165,7213,-4.0150502359560365,0.007017444532681459,-0.010165310319773104,-0.017769851721664554,0.009331318432827333,-0.0037383190523568345,-0.001899258677296852,13.84000015258789,64.0,Greed,71.0
2024-01-17,israel_iran,2024-04-01,1.2864334975331844,3.730877055860091,160.37,1.1609586392135165,6889,-4.212229656388566,-0.009599712825861542,-0.011617081726109013,-0.0015832134561437558,0.0008703287523220105,-0.005632731271107821,-0.005955023123457276,14.789999961853027,60.0,Greed,64.0
2024-01-18,israel_iran,2024-04-01,1.758570754054318,4.114028763946758,160.37,1.1609586392135165,8176,-4.1560887894544525,-0.03525390600438047,0.007957865627687473,-0.009338890517046549,0.0008696456242949234,0.008766720726243148,0.01337510925099604,14.130000114440918,63.0,Greed,60.0
2024-01-19,israel_iran,2024-04-01,0.8599794197855327,3.3847984398375006,160.37,1.1609586392135165,6026,-4.182547759278444,0.008599127738074015,0.0039059773581561485,0.0031934818150209697,-0.0024174454338117316,0.012238308232548512,0.016816185114498568,13.300000190734863,51.0,Neutral,63.0
2024-01-22,israel_iran,2024-04-01,0.4834269982795072,3.0792163204612764,160.37,1.1609586392135165,5706,-3.950945447766237,-0.05205536175226512,-0.003311646301174295,0.005934161679280764,0.0003871930645179271,0.0021919211872316853,0.0032160632062152934,13.1899995803833,55.0,Greed,51.0
2024-01-23,israel_iran,2024-04-01,1.4748944664598669,3.883818051628965,160.37,1.1609586392135165,7012,-4.333837679375819,0.008523584257922188,0.0019289741822805175,-0.007955491312350382,0.002802619946215392,0.002917115340764486,0.004264925529250139,12.550000190734863,50.0,Neutral,55.0
2024-01-24,israel_iran,2024-04-01,0.8398577320800754,3.368469165018691,160.37,1.1609586392135165,7412,-3.624476773401037,0.005793705727985713,-0.004854342213876016,-0.005874548822310872,-0.003674033734409057,0.0008115989762168653,0.0036223506099504646,13.140000343322754,48.0,Neutral,50.0
2024-01-25,israel_iran,2024-04-01,0.0302849536225146,2.7114797226432654,160.37,1.1609586392135165,5286,-3.670595329955431,-0.003581157289492955,0.0014885385122534204,0.006513296404965393,0.0031913554956967557,0.00524657813497798,0.0018443275032030081,13.449999809265137,52.0,Neutral,48.0
2024-01-26,israel_iran,2024-04-01,1.496916248495415,3.901689302595696,160.37,1.1609586392135165,6735,-4.47183583725411,0.04607657449481696,-4.9570163444326434e-05,-0.0019175494021409004,-0.0009659822397101762,-0.0006519977554263648,-0.0035613224428171814,13.260000228881836,49.0,Neutral,52.0
2024-01-29,israel_iran,2024-04-01,2.5388812142589186,4.747271071211918,160.37,1.1609586392135165,7519,-5.060702011728235,0.034581272575003895,0.004156315901078261,0.011450526238898738,0.001352128740004161,0.007528365505246204,0.011110847705336204,13.600000381469727,55.0,Greed,49.0
2024-01-30,israel_iran,2024-04-01,2.260154701882562,4.521077230689908,160.37,1.1609586392135165,7321,-4.904038272922479,-0.007783744989935841,0.003105999442300761,0.009025148909354954,-0.002028879323138098,-0.0006008303969786162,-0.007588184297703705,13.3100004196167,61.0,Greed,55.0
2024-01-31,israel_iran,2024-04-01,1.12340602564699,3.598576006842049,160.37,1.1609586392135165,6040,-4.439642866641474,-0.008651552809046921,0.008284516486208303,0.009772428510414434,-0.0012580916544433322,-0.016236851740733683,-0.022553713245458365,14.350000381469727,60.0,Greed,61.0
2024-02-01,israel_iran,2024-04-01,1.396262862923329,3.8200064528015183,146.6,0.8786255775880982,6705,-4.391283538249692,0.011514890294239742,0.0022431851049437793,0.016213738350374957,-0.0021325482261263158,0.012416286114049784,0.012948628313044795,13.880000114440918,63.0,Greed,60.0
2024-02-02,israel_iran,2024-04-01,0.931361511345302,3.442726870458396,146.6,0.8786255775880982,6311,-4.122192797434168,0.002552374530244358,-0.008265936631712222,-0.02233635340876604,0.008407017791686767,0.01062777072263312,0.017251506203250708,13.850000381469727,63.0,Greed,63.0
2024-02-05,israel_iran,2024-04-01,0.2335569065171417,2.8764402185201727,146.6,0.8786255775880982,6654,-3.3235298349957607,-0.012282624189248671,-0.005120905671782916,-0.02040031286452494,0.005087104042675575,-0.0031914247092839714,-0.002002810958638524,13.670000076293945,60.0,Greed,63.0
2024-02-06,israel_iran,2024-04-01,0.3720130784058241,2.9888010161940906,146.6,0.8786255775880982,6148,-3.642937436094973,0.009936804708699247,0.004334792726306237,0.0097263246607816,-0.0025882835388126735,0.0023077459317481074,0.0007255057641444836,13.0600004196167,64.0,Greed,60.0
2024-02-07,israel_iran,2024-04-01,1.185368127495688,3.6488598699180095,146.6,0.8786255775880982,7612,-3.858918994971354,0.02822864621028068,0.0003439817122514089,-0.004851377531835509,-0.0013447258661442025,0.008207682594008628,0.009414170441973667,12.829999923706055,62.0,Greed,64.0
2024-02-08,israel_iran,2024-04-01,0.2942982850025462,2.925733432721708,146.6,0.8786255775880982,6430,-3.459178749051079,0.021945671282114807,-0.0014751441294395143,-0.005831490102091673,0.0010567329775487348,0.000570420540090595,0.002349915612207548,12.789999961853027,66.0,Greed,62.0
2024-02-09,israel_iran,2024-04-01,0.8952167441940501,3.4133944484113825,146.6,0.8786255775880982,6572,-3.976856155450184,0.0399329954084116,-0.004389060106493958,-0.0020224866335598595,-0.0006723305607506835,0.0057259171287955156,0.012393054532285407,12.930000305175781,72.0,Greed,66.0
2024-02-12,israel_iran,2024-04-01,0.880162973691657,3.401177920693074,146.6,0.8786255775880982,7283,-3.701848794454445,0.057912503485299284,-0.002523865081532603,0.0011714032730945625,0.0008643106217829481,-0.0009494041426524416,-0.0030131883404176914,13.930000305175781,70.0,Greed,72.0
2024-02-13,israel_iran,2024-04-01,0.8719515247377979,3.3945141155197223,146.6,0.8786255775880982,7622,-3.5868846205945526,-0.004328588760117502,-0.012615124246704407,-0.01728345992444614,0.007555154054353228,-0.013768609419845444,-0.01816296771624397,15.850000381469727,79.0,Extreme Greed,70.0
2024-02-14,israel_iran,2024-04-01,0.6471480413900838,3.2120802206325187,146.6,0.8786255775880982,6492,-3.773249133187099,0.041046849510408934,-0.0013054709316034623,0.005076440402739292,-0.0022891832146745552,0.009534168304216807,0.012917989948268139,14.380000114440918,74.0,Greed,79.0
2024-02-15,israel_iran,2024-04-01,1.1576355935292992,3.626354194688973,146.6,0.8786255775880982,6846,-4.111276660647372,0.0021560092291083846,0.005911211825204104,0.005158010037178359,-0.004018741992324071,0.00580437267404004,0.0029604339026346196,14.010000228881836,72.0,Greed,74.0
2024-02-16,israel_iran,2024-04-01,0.5190509952307615,3.108126123897084,146.6,0.8786255775880982,5494,-4.0947825691154165,0.0042584326097615645,0.004684094906416618,-0.005804605145402459,-0.00019181390686223755,-0.0048150435759610425,-0.008239442579924369,14.239999771118164,72.0,Greed,72.0
2024-02-20,israel_iran,2024-04-01,1.6075372931224905,3.9914611679034655,146.6,0.8786255775880982,6655,-4.611396509597704,0.0023873204261984117,0.007922794599725029,0.0008620065438703379,-0.001919725562275209,-0.0060234264658172495,-0.009225572064600424,15.420000076293945,72.0,Greed,72.0
2024-02-21,israel_iran,2024-04-01,0.8884508646026101,3.4079037605100075,146.6,0.8786255775880982,5901,-4.2722071284903445,-0.00856090431522995,-0.002568005317217988,-0.007134351357839409,-0.0006727828932676143,0.0012634014951035982,-0.0031981774860892864,15.34000015258789,78.0,Extreme Greed,72.0
2024-02-22,israel_iran,2024-04-01,0.828812838903692,3.35950594589604,146.6,0.8786255775880982,6359,-4.001956205516954,-0.010358547640014263,-0.0012865403339371805,0.004869843011815828,-0.0004808679369894253,0.02090288866640342,0.029142714923544064,14.539999961853027,74.0,Greed,78.0
2024-02-23,israel_iran,2024-04-01,0.5632502721331858,3.143994990857811,146.6,0.8786255775880982,5394,-4.195813972292414,-0.011231806115512574,0.009314324420003009,0.013297841993494161,-0.0001923678978480697,0.000347887026502183,-0.0027966301283990805,13.75,76.0,Extreme Greed,74.0
2024-02-26,israel_iran,2024-04-01,0.8735649438615012,3.395823447254442,146.6,0.8786255775880982,6762,-3.881679032149531,0.07205579515540009,-0.004966682111913958,-0.0029873745684392715,-0.0010588691184226502,-0.003793939244668484,-0.0012867275577279128,13.739999771118164,72.0,Greed,76.0
2024-02-27,israel_iran,2024-04-01,0.5462190290705224,3.1301736925379515,146.6,0.8786255775880982,7140,-3.4514801316622403,0.045936216440473146,0.0027076939620032797,-0.007076976186703974,0.0,0.001704895538720964,0.003689285400060593,13.430000305175781,79.0,Extreme Greed,72.0
2024-02-28,israel_iran,2024-04-01,0.0149411669159462,2.69902783920484,146.6,0.8786255775880982,7506,-2.8804596490397643,0.09069529297704289,-0.0004917629801586159,0.006328756415277664,0.0014436412895011811,-0.001659531321112244,-0.005475388765894789,13.84000015258789,82.0,Extreme Greed,79.0
2024-02-29,israel_iran,2024-04-01,0.7351435720776227,3.283490890773976,146.6,0.8786255775880982,6774,-3.7488428303460526,-0.02112241427001975,0.006227470697706523,0.007032566787297136,0.0017296083787732286,0.0052154704557999644,0.009000136707943045,13.399999618530273,80.0,Extreme Greed,82.0
2024-03-01,israel_iran,2024-04-01,0.5216866618261802,3.1102650361393045,133.21,0.6040838422820458,6977,-3.482148928265229,0.0200954657884248,0.019939659139843434,0.003074488646883879,-0.002884369325909828,0.007975936433387976,0.011309250047783388,13.109999656677246,80.0,Extreme Greed,80.0
2024-03-04,israel_iran,2024-04-01,0.3323031474168247,2.9565753706296047,133.21,0.6040838422820458,5974,-3.675193350863384,0.09013873819592821,0.014650906546489963,-0.0040306046053100635,-0.0002888803423647147,-0.0011939745749630112,-0.004151827249441629,13.489999771118164,82.0,Extreme Greed,80.0
2024-03-05,israel_iran,2024-04-01,0.4697666844695559,3.0681306192229365,133.21,0.6040838422820458,6400,-3.6390121318747015,-0.06858298181492034,0.007433252615668022,0.014141265529736036,-0.00028896381833204253,-0.010245406275917994,-0.016668758831065094,14.460000038146973,90.0,Extreme Greed,82.0
2024-03-06,israel_iran,2024-04-01,0.3656191712551306,2.983612193638152,133.21,0.6040838422820458,7064,-3.313133108250541,0.03549970020086634,0.00784356635087546,0.005850999493662083,-0.004151188981361151,0.005127932853001643,0.005752092539473513,14.5,75.0,Greed,90.0
2024-03-07,israel_iran,2024-04-01,0.6703546603022429,3.23091299765297,133.21,0.6040838422820458,7226,-3.534670395949945,0.012308140052515397,0.0035744768391498196,-0.0009379993201879424,-0.005334927491490937,0.010251402284983627,0.014972602455950315,14.4399995803833,82.0,Extreme Greed,75.0
2024-03-08,israel_iran,2024-04-01,0.5531644954479755,3.135810119804014,133.21,0.6040838422820458,7941,-3.2272924668093914,0.020331312236987975,0.009500646655496024,-0.0017742337755938978,-0.0007783794127662577,-0.006549922992050337,-0.011636615575028668,14.739999771118164,81.0,Extreme Greed,82.0
2024-03-11,israel_iran,2024-04-01,-0.783410053690947,2.0511449839468074,133.21,0.6040838422820458,6895,-2.314443963805898,0.05447442087197233,0.001788495240181465,-0.0005224706330766984,0.001264577595948008,-0.0011228682680281005,-0.004101677893192638,15.220000267028809,82.0,Extreme Greed,81.0
2024-03-12,israel_iran,2024-04-01,0.0326722870263816,2.7134171060181846,133.21,0.6040838422820458,6849,-3.075364696455394,-0.008949836049347838,-0.010177664197878154,-0.008396387090408497,0.0008744725533212923,0.011139512586668012,0.015262542530885511,13.84000015258789,81.0,Extreme Greed,82.0
2024-03-13,israel_iran,2024-04-01,-0.2866372023408443,2.4542891203116435,133.21,0.6040838422820458,6456,-2.893888865853677,0.02216689906407544,0.006919166252700285,-0.004860010575975959,-0.001652473464197943,-0.0019263840021219723,-0.0054168371491861355,13.75,81.0,Extreme Greed,81.0
2024-03-14,israel_iran,2024-04-01,-0.2619985937587389,2.4742839943291526,133.21,0.6040838422820458,5793,-3.141623590034597,-0.0233524614583823,-0.0057163638155206895,-0.015476022127641268,0.005529965007790918,-0.002875221051495188,-0.0030482782762357463,14.399999618530273,88.0,Extreme Greed,81.0
2024-03-15,israel_iran,2024-04-01,-0.224314594328322,2.504865543550009,133.21,0.6040838422820458,5396,-3.3419927588928657,-0.028308923292000562,-0.0026386845425951824,-0.0003227236723825544,0.0006770124008702463,-0.0065040228597376655,-0.009679335585673908,14.40999984741211,83.0,Extreme Greed,88.0
2024-03-18,israel_iran,2024-04-01,0.4764950072085863,3.073590828758217,133.21,0.6040838422820458,5279,-4.164694404602208,-0.02709399205605508,0.0015747582428707817,-0.0030172304149487144,0.0014492203331648618,0.006298184238480456,0.008123112057246386,14.329999923706055,77.0,Extreme Greed,83.0
2024-03-19,israel_iran,2024-04-01,0.0801026738003512,2.7519081029828443,133.21,0.6040838422820458,5278,-3.729316162450063,-0.08712073185700822,-0.0020384080923120792,0.0028019686859861383,0.0022180030136969703,0.00563325304434312,0.003925593651015304,13.819999694824219,79.0,Extreme Greed,77.0
2024-03-20,israel_iran,2024-04-01,-0.7044558205030383,2.1152184051580947,133.21,0.6040838422820458,4721,-3.104856369125279,0.09251085296877404,0.0007416687251718953,-0.00032289736775934874,-0.0038605770767512954,0.008864765516360184,0.012455218210947248,13.039999961853027,74.0,Greed,79.0
2024-03-21,israel_iran,2024-04-01,-0.7067501567478176,2.113356491405324,133.21,0.6040838422820458,4934,-3.004890954403273,-0.03631867422621332,0.01128966261576579,0.002150736960210429,0.0056891945309959875,0.003231309094528888,0.0019791553929582907,12.920000076293945,78.0,Extreme Greed,74.0
2024-03-22,israel_iran,2024-04-01,0.2392951211412443,2.881096929474934,133.21,0.6040838422820458,5747,-3.678416398031117,-0.02649844665215931,-0.011196893703511956,0.009515301605380335,0.004126094272384448,-0.0014031718343267125,0.0016436145173748741,13.0600004196167,75.0,Greed,78.0
2024-03-25,israel_iran,2024-04-01,0.4678047473862503,3.066538456066472,133.21,0.6040838422820458,4944,-4.353845989842664,0.09248642951095913,0.00770847852509448,-0.005013624102031977,-0.00191696545554607,-0.0030596403820319297,-0.002703150766510057,13.1899995803833,75.0,Greed,75.0
2024-03-26,israel_iran,2024-04-01,0.7106241224085151,3.2635927173248254,133.21,0.6040838422820458,5384,-4.361115405502124,0.0004147786065640333,0.0003678047123048936,0.002776534339582158,0.0005754609535789789,-0.002803721982805726,-0.0042061314856176105,13.239999771118164,81.0,Extreme Greed,75.0
2024-03-27,israel_iran,2024-04-01,-0.0036609477516,2.683931737572421,133.21,0.6040838422820458,4458,-4.107927262141067,-0.007637444542951766,0.006870990033479146,0.009869028334622016,0.0005751299887180655,0.008593595582706042,0.005124191128412015,12.779999732971191,83.0,Extreme Greed,81.0
2024-03-28,israel_iran,2024-04-01,-0.0443097495490438,2.650944173839098,133.21,0.6040838422820458,5126,-3.66776437719647,0.018397189971880865,0.012159770828042574,-0.0008450687359993567,0.001914836163591765,0.0011158627007616052,-0.001223929062305774,13.010000228881836,80.0,Extreme Greed,83.0
2024-04-01,israel_iran,2024-04-01,1.3290854636344775,3.7654902397155214,163.95,1.2343611345380618,5742,-4.810460734239735,-0.014850058697841981,0.008576849575533693,-0.02211982723684289,0.004485321180905204,-0.0020156145269577246,0.0010599197647428984,13.649999618530273,79.0,Extreme Greed,80.0
2024-04-02,israel_iran,2024-04-01,1.441203158769439,3.856476675978211,163.95,1.2343611345380618,8862,-3.70366149651816,-0.06299090436988572,0.010895049405066982,-0.005525796879434063,-0.001906185782411976,-0.007265388203672426,-0.009582972492889119,14.609999656677246,79.0,Extreme Greed,79.0
2024-04-03,israel_iran,2024-04-01,0.3012587780461744,2.93138205451962,163.95,1.2343611345380618,7524,-3.123574481221296,0.00812374307331999,0.014664135564459967,-0.00021736686738064206,-0.005452729783682321,0.001090527523337898,0.002276270610711924,14.329999923706055,71.0,Greed,79.0
2024-04-04,israel_iran,2024-04-01,0.7917640284020967,3.3294398690715563,163.95,1.2343611345380618,7218,-3.6451062765450817,0.03759886271186141,-0.002443644773025144,0.007146794610121761,-0.0012477541735412166,-0.01241103561926225,-0.01412979441752408,16.350000381469727,70.0,Greed,71.0
2024-04-05,israel_iran,2024-04-01,1.029560622226296,3.522418012275671,163.95,1.2343611345380618,7991,-3.610664825758889,-0.009845630418288566,0.015993363911782323,-0.014016646251392997,0.0017272847607795903,0.011038050135699558,0.012350266927405954,16.030000686645508,79.0,Extreme Greed,70.0
2024-04-08,israel_iran,2024-04-01,-0.029172013032348,2.663228842169818,163.95,1.2343611345380618,5605,-3.459932655596292,0.05441574582321323,0.002576546332762105,-0.00010945052715613159,-0.001535249392271677,-0.0003747011900415767,0.00033477013589796743,15.1899995803833,76.0,Extreme Greed,79.0
2024-04-09,israel_iran,2024-04-01,-0.1333243116490283,2.578706533106188,163.95,1.2343611345380618,6109,-3.156775515935909,-0.035413761203788405,0.005047944048811655,0.009258887566625606,9.604048388484259e-05,0.0014444494736345207,0.0032357962750482324,14.979999542236328,80.0,Extreme Greed,76.0
2024-04-10,israel_iran,2024-04-01,0.1805566313330118,2.833429111717264,163.95,1.2343611345380618,6039,-3.4960608289646125,0.020739301242534747,-0.005948917440644637,-0.022034348134498203,0.010506290204728382,-0.009501981832212592,-0.008392406733888897,15.800000190734863,78.0,Extreme Greed,80.0
2024-04-11,israel_iran,2024-04-01,-0.1764041341526893,2.543746132611699,163.95,1.2343611345380618,5251,-3.459754439779701,-0.00749778258451207,0.010759197967561912,-0.004554845011810561,0.00028498341969159397,0.007417221983342437,0.016671194578158452,14.90999984741211,76.0,Extreme Greed,78.0
2024-04-12,israel_iran,2024-04-01,0.0077544097188531,2.6931955981401123,163.95,1.2343611345380618,5937,-3.3621274394838694,-0.041748970181434676,0.0005943121990892287,0.005330421960507844,0.007192934072434546,-0.014657587802248536,-0.016378758257585026,17.309999465942383,79.0,Extreme Greed,76.0
2024-04-15,israel_iran,2024-04-01,2.733533739721033,4.905236676730393,163.95,1.2343611345380618,9052,-4.649352026435975,-0.05773454771678428,0.00406612066202905,-0.01562707907202662,0.0016018676588580145,-0.012094195787459195,-0.018095897592593342,19.229999542236328,74.0,Greed,79.0
2024-04-16,israel_iran,2024-04-01,1.5529707849378895,3.9471790221365617,163.95,1.2343611345380618,8376,-3.927016701431121,0.0060619201772289105,0.010511806622644015,-0.006659501216056953,0.0004706834131283424,-0.0020586245275039964,-0.0012453143923983074,18.399999618530273,65.0,Greed,74.0
2024-04-17,israel_iran,2024-04-01,0.9036605042710144,3.42024678012526,163.95,1.2343611345380618,7543,-3.638535306917788,-0.04053958534994488,-0.00802108139040866,0.011037342789093251,-0.0029216852160503983,-0.005797375076004185,-0.011530260097776133,18.209999084472656,67.0,Greed,65.0
2024-04-18,israel_iran,2024-04-01,0.5328966302030962,3.1193622180962226,163.95,1.2343611345380618,6862,-3.531009357899145,0.03584120208614769,0.004459451082454631,-0.005053033565619959,0.001885946613454383,-0.0022106017004853043,-0.005233859291835651,18.0,57.0,Greed,67.0
2024-04-19,israel_iran,2024-04-01,2.781817987039591,4.944420603815708,163.95,1.2343611345380618,10386,-4.31165176604424,0.005195142876912206,0.006735379565596977,0.0035959100303784757,0.0,-0.008797129654056974,-0.02069075922604826,18.709999084472656,66.0,Greed,57.0
2024-04-22,israel_iran,2024-04-01,0.8141102597673906,3.347574419138628,163.95,1.2343611345380618,7115,-3.699722032874644,0.04583111116921355,-0.02798980048135961,-0.001683991692869308,-0.0006596588253816183,0.00869335115683908,0.011017457331085515,16.940000534057617,73.0,Greed,66.0
2024-04-23,israel_iran,2024-04-01,0.5123756369434784,3.102708896396952,163.95,1.2343611345380618,6329,-3.707904093442207,-0.006460398489914604,-0.001931372558694458,0.0003370081422962272,-0.0036832395776800484,0.01189356656772209,0.01575289272990773,15.6899995803833,71.0,Greed,73.0
2024-04-24,israel_iran,2024-04-01,0.9966519978250304,3.49571180454482,163.95,1.2343611345380618,9345,-3.2490576256799097,-0.03260630131627199,-0.0013756724603899396,-0.007101390969764769,0.0016071680745443683,0.00021298737793290078,0.0010258303746493779,15.970000267028809,72.0,Greed,71.0
2024-04-25,israel_iran,2024-04-01,1.484050123430262,3.89124810625484,163.95,1.2343611345380618,7040,-4.330720874008424,0.0031812827691917772,0.0022774857931127522,-0.00703831655097575,-0.0024591153729399125,-0.0045869342701194095,-0.006448023291431271,15.369999885559082,72.0,Greed,72.0
2024-04-26,israel_iran,2024-04-01,1.3164446726956185,3.755231907900157,163.95,1.2343611345380618,6761,-4.292932809555169,-0.011328935219016097,0.0021438073190774686,0.00522668038223055,0.003214562339009175,0.010157381332325343,0.020047851617305046,15.029999732971191,70.0,Greed,72.0
2024-04-29,israel_iran,2024-04-01,1.1977932877474713,3.6589432118021055,163.95,1.2343611345380618,6720,-4.199862219491362,0.0013448775410454016,0.004529666146779777,0.008351312368802044,-0.00340394242327154,0.0031734080766393944,0.0034583545654935256,14.670000076293945,67.0,Greed,70.0
2024-04-30,israel_iran,2024-04-01,1.7582859688900434,4.113797653352068,163.95,1.2343611345380618,7965,-4.225649531036854,-0.051494629716542104,-0.02329297954868033,-0.008577954590900532,0.006043449748180808,-0.015855551118928123,-0.02056017492343471,15.649999618530273,67.0,Greed,67.0
2024-05-01,israel_iran,2024-04-01,2.981338336139417,5.106336575283264,130.52,0.5489294533370659,8630,-4.985791141933476,-0.040089923480657194,0.0037026594091494527,0.0038465523187324394,-0.004340030184241663,-0.0034413534856316866,-0.003348327997483236,15.390000343322754,54.0,Neutral,67.0
2024-05-02,israel_iran,2024-04-01,2.9823127632665245,5.107127348332839,130.52,0.5489294533370659,9229,-4.783290996743499,0.014814392549697799,-0.0003043861623244103,0.00428175170002685,-0.004358948180741739,0.009087024725084856,0.014976823485291377,14.680000305175781,43.0,Fear,54.0
2024-05-03,israel_iran,2024-04-01,1.498236254728199,3.90276052211034,130.52,0.5489294533370659,7756,-4.077831216871992,0.06175720649824811,-8.696932457233537e-05,0.010068257135029462,-0.002567436109224526,0.012478557659508005,0.019712940031614574,13.489999771118164,48.0,Neutral,43.0
2024-05-06,israel_iran,2024-04-01,2.04209143457131,4.344113197059308,130.52,0.5489294533370659,8375,-4.322248828593256,0.0043174906822881914,0.00978239943094232,0.0038883135795897638,0.00019044432927504588,0.010273173691247842,0.011870096555387427,13.489999771118164,71.0,Greed,48.0
2024-05-07,israel_iran,2024-04-01,2.013643313823547,4.321026804477889,130.52,0.5489294533370659,9268,-4.036566994646754,-0.01318192999564668,-0.002760589407145369,0.0060796674462881345,0.003421086667136307,0.0013425282288256131,-0.001021389657301466,13.229999542236328,68.0,Greed,71.0
2024-05-08,israel_iran,2024-04-01,1.6396452798273171,4.017517637244236,130.52,0.5489294533370659,8384,-3.9945902088327503,-0.018569986258493817,-0.0006912606128823438,-0.006079667446288064,0.001327260198568957,-5.835635193424912e-06,-0.001826230818390843,13.0,64.0,Greed,68.0
2024-05-09,israel_iran,2024-04-01,0.9891850890289324,3.489652213144572,130.52,0.5489294533370659,7350,-3.77548756760624,0.02997730860417905,0.007964395898361993,0.004866670514044159,-0.003036340553602466,0.005078032639106711,0.00266470640554788,12.6899995803833,55.0,Greed,64.0
2024-05-10,israel_iran,2024-04-01,0.6310484715578729,3.1990149994590737,130.52,0.5489294533370659,7127,-3.5316175222686765,-0.036456454635488925,0.01498089474872309,-0.005643107720264422,0.0007598955558242859,0.001648040080166728,-0.0003297719013976678,12.550000190734863,66.0,Greed,55.0
2024-05-13,israel_iran,2024-04-01,-0.1208560082198118,2.588824886804957,130.52,0.5489294533370659,5776,-3.293752006125781,0.03409821525742737,-0.013267171767020015,0.0025488541087195712,-0.0008549503053652182,-0.00024133317386520824,0.0028946799809422656,13.600000381469727,57.0,Greed,66.0
2024-05-14,israel_iran,2024-04-01,-0.1025916008971303,2.603646930111685,130.52,0.5489294533370659,5935,-3.251090405205302,-0.021674038111579395,0.007378135479851928,0.005628866899046907,-0.001997803843080901,0.004826148527454041,0.007473689545830718,13.420000076293945,66.0,Greed,57.0
2024-05-15,israel_iran,2024-04-01,-0.0251234427616704,2.6665143626261973,130.52,0.5489294533370659,6097,-3.268657031528925,0.07380429766149847,0.014888214910604233,0.013555059644877132,-0.006304985160508351,0.01164782778729962,0.013906155718131655,12.449999809265137,64.0,Greed,66.0
2024-05-16,israel_iran,2024-04-01,-0.056068138403486,2.641401934348992,130.52,0.5489294533370659,5541,-3.4592099465675914,-0.015755724397151206,-0.0036487767790969396,-0.0009776366819866952,0.001053595343262585,-0.0020838374740880464,-0.0026357297304870817,12.420000076293945,70.0,Greed,64.0
2024-05-17,israel_iran,2024-04-01,0.1692141575466022,2.8242243981616912,130.52,0.5489294533370659,5745,-3.606675236836889,0.027522834905047706,0.013438686241467436,-0.006761233406069788,-9.575545859993252e-05,0.0011640956878937513,-0.0007398455718312675,11.989999771118164,74.0,Greed,70.0
2024-05-20,israel_iran,2024-04-01,2.892370131299682,5.034136554677131,130.52,0.5489294533370659,9849,-4.531824932116446,0.06350607246678787,0.008955695038778591,-0.0029587073241744725,0.0011482419069391472,0.0009159703084911664,0.0065051427639295075,12.149999618530273,70.0,Greed,74.0
2024-05-21,israel_iran,2024-04-01,2.40532731946764,4.638888599368976,130.52,0.5489294533370659,7896,-4.791620761481373,-0.01852885718229531,-0.005025116242057949,0.005144706149772215,0.0008603352424861966,0.0024987497668926086,0.0022451879570666907,11.859999656677246,76.0,Extreme Greed,70.0
2024-05-22,israel_iran,2024-04-01,0.2713163707661375,2.9070830094111995,130.52,0.5489294533370659,7422,-3.12528008848138,-0.014565869510184994,-0.01351119128257647,0.001200290551446701,0.002671745588751682,-0.0027097912093521476,-0.001848126347247909,12.289999961853027,76.0,Extreme Greed,76.0
2024-05-23,israel_iran,2024-04-01,-0.1716414720064028,2.547611157265409,130.52,0.5489294533370659,5383,-3.4047996524104147,-0.017406596587757724,-0.02294667031813439,-0.006454771557787591,0.0016186451187040834,-0.007408162283471933,-0.003906654665015459,12.770000457763672,76.0,Extreme Greed,76.0
2024-05-24,israel_iran,2024-04-01,0.0363514247469451,2.716402822316676,130.52,0.5489294533370659,5146,-3.74793000569172,0.008743394668047938,-0.0010712373814988035,0.002959031653587161,-0.0037172933835784216,0.0069766490766732595,0.010979149578957096,11.930000305175781,74.0,Greed,76.0
2024-05-28,israel_iran,2024-04-01,0.7120176056791417,3.264723565373685,130.52,0.5489294533370659,6521,-3.82360486992316,-0.003360314724807717,0.0096849750810076,-0.014439463670971726,-0.0010509780682607466,0.00024877090688591537,0.005839135093775014,12.920000076293945,72.0,Greed,74.0
2024-05-29,israel_iran,2024-04-01,1.070324311844343,3.555498810474384,130.52,0.5489294533370659,6186,-4.315496937159035,-0.010570529093847765,-0.0063464816760843545,-0.012175479302716726,0.004673108174339602,-0.007394317215742535,-0.005851485916469669,14.279999732971191,72.0,Greed,72.0
2024-05-30,israel_iran,2024-04-01,-0.1145931436986376,2.5939073648463733,130.52,0.5489294533370659,5450,-3.436655688393052,0.011577009906272178,0.001110289464388048,0.009618606562888002,-0.0036221301060789537,-0.005992957535754186,-0.010904015150558173,14.470000267028809,73.0,Greed,72.0
2024-05-31,israel_iran,2024-04-01,0.76331610491119,3.306353636569225,130.52,0.5489294533370659,5549,-4.325672301826137,-0.012860492770805693,-0.00857307357068379,0.006766908433966138,-0.00047760688527704177,0.007995824231928897,-0.00012312026443811233,12.920000076293945,73.0,Greed,73.0
2024-06-03,israel_iran,2024-04-01,-0.0493874234854573,2.6468235088948,113.09,0.1915536171619725,4774,-3.8538936212810144,0.01927284672350722,0.010151150585457774,0.012634076920435684,-0.005076384499318713,0.0011154602235352391,0.005580473135502162,13.109999656677246,73.0,Greed,73.0
2024-06-04,israel_iran,2024-04-01,-0.1160424205055365,2.592731238886424,113.09,0.1915536171619725,4629,-3.8606011542322776,0.025300225248925362,-0.009032443941432378,0.011613520817709867,-0.0002881035246518874,0.0015016810037827531,0.0016850383781543874,13.15999984741211,73.0,Greed,73.0
2024-06-05,israel_iran,2024-04-01,0.2618242864106677,2.8993799351804155,113.09,0.1915536171619725,5101,-4.025487982340472,0.007272217816602819,0.012223460620860391,0.007311077802220221,0.0015356182576500479,0.011778015849957281,0.019436657343803895,12.630000114440918,75.0,Greed,73.0
2024-06-06,israel_iran,2024-04-01,0.6555267039186932,3.2188797239866345,113.09,0.1915536171619725,4993,-4.53793653698185,-0.0045918902720176475,0.00685801971176186,-0.001500851391083,-0.0016316956437711864,-0.00019983660163685183,-0.0008603499612877353,12.579999923706055,78.0,Extreme Greed,75.0
2024-06-07,israel_iran,2024-04-01,0.1870278405935876,2.838680666953225,113.09,0.1915536171619725,4884,-4.065862351860538,-0.020194557079892095,-0.027849130615993235,-0.01851602996938921,0.007560215191439793,-0.0011158420502790662,-0.0023312544717371446,12.220000267028809,77.0,Extreme Greed,78.0
2024-06-10,israel_iran,2024-04-01,-0.138611760618096,2.5744156302470347,113.09,0.1915536171619725,5211,-3.520494966245718,0.0024442124416610925,0.0010839169709689002,-0.006688994866074003,0.0024757405056136084,0.002577529978240972,0.0034608800831574978,12.739999771118164,72.0,Greed,77.0
2024-06-11,israel_iran,2024-04-01,-0.0480387826309512,2.647917966152435,113.09,0.1915536171619725,5061,-3.697064519058102,-0.03186737491787959,-8.664897474244984e-05,0.010289084149642315,0.0007605459934801095,0.0027067148552095224,0.00874577813411807,12.850000381469727,74.0,Greed,72.0
2024-06-12,israel_iran,2024-04-01,0.2075004224608446,2.85529470154389,113.09,0.1915536171619725,4649,-4.2382386714964015,0.013412234174301008,0.012275377571110555,0.007485739514864887,-0.0055269991808469445,0.008467720241887338,0.015157577101674672,12.039999961853027,72.0,Greed,74.0
2024-06-13,israel_iran,2024-04-01,-0.4706150227283334,2.304986316608049,113.09,0.1915536171619725,4624,-3.43484899616417,-0.021998155421161833,-0.015444010517410593,0.014592540646607144,0.005241807821713123,0.00234191143711672,0.0033519191010258267,11.9399995803833,70.0,Greed,72.0
2024-06-14,israel_iran,2024-04-01,-0.5588387449605314,2.2333904630715105,113.09,0.1915536171619725,4147,-3.606218975901041,-0.011227334405387725,0.013472849167638714,0.00837979907283754,0.003321531912736334,-0.00039393828099749413,0.001206021547202862,12.65999984741211,74.0,Greed,70.0
2024-06-17,israel_iran,2024-04-01,-0.2270113185244858,2.5026770814709685,113.09,0.1915536171619725,4895,-3.5788039176978894,0.007233210338951813,-0.008182999621581656,-0.00997879622602769,-0.002181471476737344,0.007635164372320518,0.009460439828984528,12.75,71.0,Greed,74.0
2024-06-18,israel_iran,2024-04-01,-0.6327818591356351,2.173383695746699,113.09,0.1915536171619725,3778,-3.764297061533128,-0.020505771883152002,0.007753980763100305,0.009133378936144148,-0.0005698315100724346,0.0025181541815171163,0.00029177194576983107,12.300000190734863,74.0,Greed,71.0
2024-06-20,israel_iran,2024-04-01,-0.5031893713400906,2.2785513824061416,113.09,0.1915536171619725,3797,-3.931443332466,-0.004802521793038958,0.009991179448078678,-0.006682573462557127,0.0031301349156411073,-0.0025291273954115403,-0.00790479246468118,13.279999732971191,60.0,Greed,74.0
2024-06-21,israel_iran,2024-04-01,-0.6095461867505745,2.1922400504188064,113.09,0.1915536171619725,3727,-3.836416930393626,-0.011362664075990998,-0.016016849994939065,0.0,0.0019869131327182963,-0.0015633517188252497,-0.0018203679009663248,13.199999809265137,63.0,Greed,60.0
2024-06-24,israel_iran,2024-04-01,0.305567498290675,2.934878693470573,113.09,0.1915536171619725,4470,-4.483162855842976,-0.06142759353533451,0.005854053366742159,0.0040360889909975455,-0.003123984406330726,-0.0030698791558664423,-0.010944125561160688,13.329999923706055,51.0,Neutral,63.0
2024-06-25,israel_iran,2024-04-01,-0.1805765310593232,2.5403601236079365,113.09,0.1915536171619725,4821,-3.6727855132641496,0.025020978589857558,-0.0057676319065113404,0.0016945954617862324,0.001326505675220534,0.003925873679181344,0.012542171927287477,12.84000015258789,30.0,Fear,51.0
2024-06-26,israel_iran,2024-04-01,-0.5538205703295908,2.23746284277628,113.09,0.1915536171619725,4349,-3.4875565870999843,-0.016203198264060435,-0.0075394205654809275,-0.014388721071220396,0.004157640249605154,0.0015711962247204525,0.004926971785342618,12.550000190734863,46.0,Fear,30.0
2024-06-27,israel_iran,2024-04-01,-0.2474914904545645,2.486056887346197,113.09,0.1915536171619725,4327,-3.8895828122090776,0.01296454786345771,0.010943747042885628,0.003964167839980763,-0.0013209983541480016,0.0009069098567990731,0.0030013353390921206,12.239999771118164,40.0,Fear,46.0
2024-06-28,israel_iran,2024-04-01,-0.1935853697204457,2.529803111458632,113.09,0.1915536171619725,4890,-3.6202547815272905,-0.021073812008611803,0.0013756724603899051,-0.01878088560208742,-0.00037775913488106576,-0.0040920134623695995,-0.007084915631504494,12.4399995803833,47.0,Neutral,40.0
2024-07-01,israel_iran,2024-04-01,-0.6609995353912418,2.1504843148860653,92.39,-0.2328686323402896,3463,-3.9815619080254327,0.041116455323321845,-4.2898852745440194e-05,-0.02058518493885434,0.0002833147177817514,0.0026719909814295235,0.008238931374310436,12.220000267028809,53.0,Neutral,47.0
2024-07-02,israel_iran,2024-04-01,-0.6942758531694846,2.123479714381725,92.39,-0.2328686323402896,3143,-4.240300188105492,-0.01318017605629068,-0.0019782819678747557,0.0077553782424822654,-0.0017011657333817745,0.0061762057711850496,0.008324584798362462,12.029999732971191,51.0,Neutral,53.0
2024-07-03,israel_iran,2024-04-01,-0.6224115990876714,2.181799432475373,92.39,-0.2328686323402896,3946,-3.6565361779576295,-0.030363202506616574,0.01571743658704651,0.013047741899995358,-0.003031450698364612,0.0050715622695336636,0.008810325587084358,12.09000015258789,50.0,Neutral,51.0
2024-07-05,israel_iran,2024-04-01,-1.1539006081503995,1.7504822279146297,92.39,-0.2328686323402896,4375,-2.7165248411115326,-0.06012865679510068,0.012088663472560882,0.00824472563895541,-0.004945837316700313,0.00543397436096954,0.009001385967033043,12.479999542236328,29.0,Fear,50.0
2024-07-08,israel_iran,2024-04-01,-0.6225623895567847,2.181677062073533,92.39,-0.2328686323402896,3989,-3.626641110214204,0.0007537022264224105,-0.01403992502750996,0.0021584789080333977,0.0012387907934254191,0.0010161824764044329,0.002773958425887269,12.369999885559082,28.0,Fear,29.0
2024-07-09,israel_iran,2024-04-01,-0.5929178446044627,2.205734384127773,92.39,-0.2328686323402896,3665,-3.90975617825276,0.022737964112148894,0.002078403578812869,-0.00442984529451519,0.0010469768033470517,0.0007407974780654752,0.0013872783591356902,12.510000228881836,27.0,Fear,28.0
2024-07-10,israel_iran,2024-04-01,-0.6920257024899803,2.125305770394879,92.39,-0.2328686323402896,3582,-3.8338751920428105,-0.0046086733698468725,0.00511374163037859,0.003135317113794637,-0.0006661245228280181,0.010156314878105886,0.011768169699070368,12.850000381469727,28.0,Fear,27.0
2024-07-11,israel_iran,2024-04-01,-1.1497912520912308,1.7538170776250894,92.39,-0.2328686323402896,3028,-3.606701791744034,-0.006909245978268808,0.017881513074975274,0.0096681548490277,-0.005823689134446796,-0.008801649969266724,-0.01971526577853586,12.920000076293945,29.0,Fear,28.0
2024-07-12,israel_iran,2024-04-01,-1.0971182347000867,1.7965626061864266,92.39,-0.2328686323402896,3433,-3.3487410163809868,0.009623984558104185,-0.0004141644291962591,0.004267144502555149,-0.00335689286185645,0.00550186402496512,0.006272279628706599,12.460000038146973,25.0,Extreme Fear,29.0
2024-07-15,israel_iran,2024-04-01,-0.6694584773209847,2.143619662702359,92.39,-0.2328686323402896,3497,-3.939032015471143,0.11367947390056807,0.0036800068503831792,-0.011563317423254171,0.0009603045111108622,0.0028222164233526843,0.0040205665337876935,13.119999885559082,52.0,Neutral,25.0
2024-07-16,israel_iran,2024-04-01,-0.3882217697181661,2.371850592175443,92.39,-0.2328686323402896,3821,-4.072911947829716,0.0034931297826731934,0.016171314917783012,0.014008650913241197,0.0007674777505324555,0.0063690499714532745,0.00198851509891161,13.1899995803833,65.0,Greed,52.0
2024-07-17,israel_iran,2024-04-01,-0.5388765035515003,2.249590343058669,92.39,-0.2328686323402896,4072,-3.682229889553874,-0.01514324245482322,-0.00309113301982428,0.00021240467690932676,-0.0049994974960680914,-0.014025441523645543,-0.028074833303215987,14.479999542236328,69.0,Greed,65.0
2024-07-18,israel_iran,2024-04-01,-0.7614853290826136,2.068937470277817,92.39,-0.2328686323402896,3245,-4.029176338376513,-0.0022597141603525025,-0.0012228428297097356,-0.007673502500410132,0.004040003307987049,-0.007847112145350072,-0.007008990772892834,15.930000305175781,61.0,Greed,69.0
2024-07-19,israel_iran,2024-04-01,-0.4273403517943439,2.340104841689969,92.39,-0.2328686323402896,3798,-4.036841666825744,0.041879420109635544,-0.02323049125293214,-0.005901654057833715,0.002205527645441811,-0.007165879226406085,-0.008106151521439483,16.520000457763672,60.0,Greed,61.0
2024-07-22,israel_iran,2024-04-01,-1.1482084703205655,1.7551015463480777,92.39,-0.2328686323402896,4706,-2.5822073900710154,0.01303255502836275,-0.0014621412526544951,-0.0029099189958470325,-0.0008624787816513865,0.010734217246220293,0.015706756888307315,14.90999984741211,70.0,Greed,60.0
2024-07-23,israel_iran,2024-04-01,-0.6692213127952108,2.143812127905841,92.39,-0.2328686323402896,4623,-3.195173513919525,-0.024831503546284737,0.005253774082549602,-0.0014041681207410245,0.0013412475025854679,-0.0015593176939461904,-0.000567739265728805,14.720000267028809,71.0,Greed,70.0
2024-07-24,israel_iran,2024-04-01,0.2730537782771862,2.908492960958777,92.39,-0.2328686323402896,5306,-3.926803016559373,-0.008462196557576013,0.0036115155414233003,-0.01086731012820308,-0.0005745792118030661,-0.02342124222289286,-0.03706954742075602,18.040000915527344,69.0,Greed,71.0
2024-07-25,israel_iran,2024-04-01,-0.4413131927577201,2.3287655165085828,92.39,-0.2328686323402896,6015,-2.8812303502164225,0.006177613679945953,-0.025771655108934748,0.008161534257121565,-0.0002874134563198047,-0.005155889019717259,-0.009308886828263786,18.459999084472656,68.0,Greed,69.0
2024-07-26,israel_iran,2024-04-01,-0.6239735915857189,2.1805318347897864,92.39,-0.2328686323402896,4493,-3.318349641731813,0.03193999219319689,0.011877017079959726,0.007772912308588079,-0.0003833708640863391,0.011029420409570924,0.010200562586434092,16.389999389648438,68.0,Greed,68.0
2024-07-29,israel_iran,2024-04-01,-0.9339425170182916,1.928983960537328,92.39,-0.2328686323402896,3421,-3.605330990446808,-0.016212518920554246,-0.0011350772219737724,0.005362518335980233,0.0022979507136717497,0.0008129795718284517,0.0007094178465331572,16.600000381469727,74.0,Greed,68.0
2024-07-30,israel_iran,2024-04-01,-0.1262382257072767,2.584457076819337,92.39,-0.2328686323402896,3836,-4.424841838789973,-0.009305346230673276,0.011584493096314897,0.0038432909204231492,-9.559090253338395e-05,-0.0049725143613676215,-0.012908328893792865,17.690000534057617,67.0,Greed,74.0
2024-07-31,israel_iran,2024-04-01,2.1055347213662574,4.395599080383214,92.39,-0.2328686323402896,6526,-5.145419946250795,-0.024183450577486682,0.008899986305409351,0.010177116405534502,-0.004313494100995363,0.015669980701917767,0.02601711232800833,16.360000610351562,61.0,Greed,67.0
2024-08-01,israel_iran,2024-04-01,0.9520167724967912,3.459489154056778,140.98,0.7633959620227497,5311,-4.667605569770627,0.011359846111043197,0.0034968666714193194,0.005259848154755009,0.0030692494838229197,-0.013788123791990166,-0.02329560034310536,18.59000015258789,52.0,Neutral,61.0
2024-08-02,israel_iran,2024-04-01,0.1103199009283486,2.7764301715716355,140.98,0.7633959620227497,4141,-4.4878984743204615,-0.06221701386487153,-0.003826634135013617,0.030685823898203374,-0.011655471739614932,-0.01855290660855327,-0.024610392103780385,23.389999389648438,57.0,Greed,52.0
2024-08-05,israel_iran,2024-04-01,0.9691051587350058,3.4733568255552325,140.98,0.7633959620227497,5074,-4.840682674060356,-0.12882935533749523,-0.00994332279261066,0.005277100409747071,-0.005050973722581391,-0.0304270413923931,-0.034942654982122665,38.56999969482422,26.0,Fear,57.0
2024-08-06,israel_iran,2024-04-01,1.2499412674960717,3.701262658611215,140.98,0.7633959620227497,5765,-4.715324625887767,0.03713846509911699,-0.005260032745343863,-0.02262245736481456,0.002722930538867963,0.010300849493599515,0.010241738511857286,27.709999084472656,17.0,Extreme Fear,26.0
2024-08-07,israel_iran,2024-04-01,0.0342591138627878,2.714704857417612,140.98,0.7633959620227497,4465,-4.150244568337964,-0.018131945621423673,0.0005857822224360302,-0.007064888354615999,0.002231127952566383,-0.007764715388769489,-0.010505383553470892,27.850000381469727,29.0,Fear,17.0
2024-08-08,israel_iran,2024-04-01,-0.6833579162606956,2.132339905179224,140.98,0.7633959620227497,3967,-3.559396937003865,0.11461585743295792,0.013173648862206806,-0.006170640893678965,9.691523114725435e-05,0.02278113959089888,0.02825926880330347,23.790000915527344,20.0,Extreme Fear,29.0
2024-08-09,israel_iran,2024-04-01,-0.0041433214880212,2.683540278693688,140.98,0.7633959620227497,3912,-4.526848801917655,-0.013541633552667406,0.0040789238864625725,0.009813237038310685,-0.0006784560021994059,0.004660798434381699,0.005105859454376114,20.3700008392334,48.0,Neutral,20.0
2024-08-12,israel_iran,2024-04-01,0.2219836475231622,2.8670482167443625,140.98,0.7633959620227497,4604,-4.285941659205832,-0.025378371453210116,0.012381322610815695,0.003629375779843627,0.0,4.30330517200971e-05,0.0021063473975744124,20.709999084472656,25.0,Extreme Fear,48.0
2024-08-13,israel_iran,2024-04-01,0.4701327916562698,3.068427724761622,140.98,0.7633959620227497,4816,-4.439576106389391,0.02092453927711503,0.0017447607257966857,0.006911143822407113,-0.0056393133374165174,0.016707233419049988,0.023964723109008355,18.1200008392334,31.0,Fear,25.0
2024-08-14,israel_iran,2024-04-01,0.1669548188038834,2.8223908857953983,140.98,0.7633959620227497,4896,-4.035398527952264,-0.0313783013916643,-0.011129137775200023,0.006250987368752784,9.751997633030728e-05,0.00381643656119841,0.0002902969212499237,16.190000534057617,30.0,Fear,31.0
2024-08-15,israel_iran,2024-04-01,0.5045895938353406,3.096390319171971,140.98,0.7633959620227497,4502,-4.705204818125728,-0.02024486209713598,0.005600503269123787,-0.008103033455494,0.003989337871885919,0.01600448993130413,0.023107317241650587,15.229999542236328,29.0,Fear,30.0
2024-08-16,israel_iran,2024-04-01,-0.1020706829824399,2.60406966859722,140.98,0.7633959620227497,4319,-4.079796580274379,0.022911430101342656,0.01837804343675201,0.0034954694343001494,-0.0050623576403176105,0.0019878023683961516,0.002113239299231412,14.800000190734863,27.0,Fear,29.0
2024-08-19,israel_iran,2024-04-01,-0.098710976149984,2.606796158391758,140.98,0.7633959620227497,5598,-3.389571652610844,0.010125266266796436,0.0012798782157230325,0.004607564021193774,-0.005578675579700073,0.009675327436177775,0.013802485930620952,14.649999618530273,28.0,Fear,27.0
2024-08-20,israel_iran,2024-04-01,-0.0048747477435046,2.6829467071946014,140.98,0.7633959620227497,6693,-3.087870948819144,-0.008112024604757306,0.0037900744796478744,0.007936537273452254,-0.004426279239488796,-0.001986527237609709,-0.0033524190038980496,15.880000114440918,30.0,Fear,28.0
2024-08-21,israel_iran,2024-04-01,0.2047909453608541,2.853095890150499,140.98,0.7633959620227497,4882,-4.087714297279461,0.035987487774751865,-0.0011555060403106994,0.0006079553127929206,-0.003951027653131888,0.004230714721006796,0.005711397999205037,16.270000457763672,26.0,Fear,30.0
2024-08-22,israel_iran,2024-04-01,-0.4901658176266872,2.289120336204486,140.98,0.7633959620227497,4171,-3.680348043370967,-0.013052114105543453,-0.011830186756921601,-0.009975686759033129,0.00464084973759752,-0.00897294225665722,-0.016863349671452442,17.549999237060547,39.0,Fear,26.0
2024-08-23,israel_iran,2024-04-01,-0.5206736939748378,2.264362398186588,140.98,0.7633959620227497,5039,-3.171392789162293,0.05966667778992524,0.011830186756921704,0.006525967808808664,-0.007812934985011172,0.01141793740166443,0.014561400117446192,15.859999656677246,34.0,Fear,39.0
2024-08-26,israel_iran,2024-04-01,0.1091527798415689,2.775483022343806,140.98,0.7633959620227497,4477,-4.234814138770115,-0.019117655105505706,0.003700706198852698,-0.0025441422317191344,0.0012898474141776791,-0.0031587101696058145,-0.008539621380016271,16.149999618530273,55.0,Greed,34.0
2024-08-27,israel_iran,2024-04-01,-0.5931641534904224,2.205534498037301,140.98,0.7633959620227497,3577,-3.982870301668816,-0.05519287756090793,-0.0006754281156969496,-0.0017337026260452887,-0.002979102700727993,0.0015939251127232035,0.001637559458273849,15.430000305175781,48.0,Neutral,55.0
2024-08-28,israel_iran,2024-04-01,0.2047620997227363,2.853072481162195,140.98,0.7633959620227497,4262,-4.514082921765943,-0.00804021450926693,-0.005979686942712076,-0.001225643568495681,0.005356026370427454,-0.005993900794735212,-0.011259605363533444,17.110000610351562,30.0,Fear,48.0
2024-08-29,israel_iran,2024-04-01,-0.363507262910437,2.391907059584253,140.98,0.7633959620227497,3782,-4.139450422226888,0.006089656742738993,0.009827580801596993,-0.0032756677802810953,0.0024699909711655365,-3.937984343658622e-05,-0.002258160810459933,15.649999618530273,29.0,Fear,30.0
2024-08-30,israel_iran,2024-04-01,-1.1985767342174332,1.7142263854094046,140.98,0.7633959620227497,3743,-2.9901246409623323,-0.004534788620027655,-0.012710561536922458,-0.010720656574848027,0.003546109136159048,0.010042457079144168,0.011194506902239488,15.0,34.0,Fear,29.0
2024-09-03,israel_iran,2024-04-01,0.8515849297897519,3.3779860920806235,130.36,0.545648894886807,4773,-4.919244530505501,-0.028975787461358708,-0.0015651613535240963,0.01297384497258041,0.001277501117997129,-0.021377963372397696,-0.03313472053816067,20.719999313354492,26.0,Fear,34.0
2024-09-04,israel_iran,2024-04-01,0.269357493766837,2.905493329592784,130.36,0.545648894886807,4566,-4.369763734433307,0.009367548966836616,0.0014046919562063706,0.012807677844854102,-0.004626232130554466,-0.0016038290273809634,-0.003039107300813489,21.31999969482422,27.0,Fear,26.0
2024-09-05,israel_iran,2024-04-01,-0.6138693604407965,2.188731682119365,130.36,0.545648894886807,3453,-4.061443024012865,-0.031738730145491646,0.0071931259247034075,0.0056400346247267065,-0.0024695028946871414,-0.003022581014674196,0.0025347508314067417,19.899999618530273,29.0,Fear,27.0
2024-09-06,israel_iran,2024-04-01,-0.4889361372292724,2.290118253945911,130.36,0.545648894886807,3649,-4.072932029754655,-0.04017885990554018,-0.007152981683501989,-0.00010045835762411011,0.0006920727401390275,-0.017410944507424406,-0.025835238180480592,22.3799991607666,22.0,Extreme Fear,29.0
2024-09-09,israel_iran,2024-04-01,-0.5345754526467568,2.253080758140213,130.36,0.545648894886807,3489,-4.147494340211721,0.055359336917319674,0.0033231463116611603,0.00430970664588473,0.0036502061982117153,0.011513534435818254,0.011542469261140827,19.450000762939453,26.0,Fear,22.0
2024-09-10,israel_iran,2024-04-01,0.8356976374044681,3.3650931395965373,130.36,0.545648894886807,4997,-4.741346505780215,0.010973955159393974,0.004188195346663044,0.006976354550966383,0.0007874220461980366,0.004462699977793541,0.008332649110933212,19.079999923706055,33.0,Fear,26.0
2024-09-11,israel_iran,2024-04-01,0.5599309431656654,3.141301268754671,130.36,0.545648894886807,5370,-4.205402207568593,-0.005314110423381013,-7.959205722123827e-05,-0.0007948518038138143,0.0004918897581669893,0.01060855564984334,0.021478646377831197,17.690000534057617,37.0,Fear,33.0
2024-09-12,israel_iran,2024-04-01,-0.5205020423096808,2.2645016979935666,130.36,0.545648894886807,3748,-3.945959048218247,0.013576697629400721,0.015444721969289848,-0.004682461563653172,-0.003053413393602141,0.00746735215680267,0.009961435138671924,17.06999969482422,31.0,Fear,37.0
2024-09-13,israel_iran,2024-04-01,-0.9285176517611796,1.933386380301271,130.36,0.545648894886807,3428,-3.6078445313404,0.0411907229072504,0.011729349341314652,0.0026926395560884827,-0.0025681773491138178,0.0053931422343560355,0.006484500120561746,16.559999465942383,32.0,Fear,31.0
2024-09-16,israel_iran,2024-04-01,-0.5883030190581839,2.209479435521529,130.36,0.545648894886807,3812,-3.800879774857927,-0.04006458172414111,-0.0003487790851909712,0.00912069516753438,-0.003467566454233105,0.0012558408673102855,-0.005207479706829071,17.139999389648438,39.0,Fear,32.0
2024-09-17,israel_iran,2024-04-01,0.395067964817275,3.0075106583294726,130.36,0.545648894886807,4607,-4.49378383214066,0.035717088660707746,-0.00625883189495714,-0.004847469526759671,0.0012893356850294626,0.00026451509389645083,0.0020402898751755156,17.610000610351562,33.0,Fear,39.0
2024-09-18,israel_iran,2024-04-01,1.4469368935044842,3.861129751386061,130.36,0.545648894886807,6550,-4.508641290912538,0.02199433056839477,0.00249266043134922,-0.012473344831990273,-0.0028785658727580672,-0.0029006587083132912,-0.0031112325052644082,18.229999542236328,45.0,Fear,33.0
2024-09-19,israel_iran,2024-04-01,1.0920871136634438,3.573159892235185,130.36,0.545648894886807,6158,-4.350364947404523,0.020721119053916288,0.006707160271705417,-0.0033190294908303675,9.941987261286984e-05,0.016834356892725128,0.024767399967169895,16.329999923706055,49.0,Neutral,45.0
2024-09-20,israel_iran,2024-04-01,1.1327431559758356,3.60615333183539,130.36,0.545648894886807,5279,-4.886312928419362,0.0040040116474054175,0.01225073519220459,-0.0038357257484003806,0.001092739485391407,-0.0019429136300157343,-0.003651614484308679,16.149999618530273,54.0,Neutral,49.0
2024-09-23,israel_iran,2024-04-01,1.68780295924935,4.056598851177659,130.36,0.545648894886807,7170,-4.460694655539564,0.0021628401614281743,0.002516049581020544,-0.0021260356207430226,0.0019837037733707805,0.0028053344257131223,0.0014447300919227014,15.890000343322754,50.0,Neutral,54.0
2024-09-24,israel_iran,2024-04-01,1.5696759560268834,3.960735704538179,130.36,0.545648894886807,7366,-4.279082294625085,0.015234244172186632,0.009360187860914403,-0.0002026823754894302,-0.00546472043895139,0.002508031103345345,0.005561920998894578,15.390000343322754,54.0,Neutral,50.0
2024-09-25,israel_iran,2024-04-01,1.2265887544008058,3.682311484652829,130.36,0.545648894886807,6672,-4.246977109490804,-0.01818596455888868,0.003012958044237874,-0.008346950750189442,0.005464720438951408,-0.001862983206212128,0.00042544811249809725,15.40999984741211,59.0,Greed,54.0
2024-09-26,israel_iran,2024-04-01,0.1242623054145087,2.787744796757264,130.36,0.545648894886807,5655,-3.599356398530688,0.03176403065562404,0.004015674633472966,0.002348214139984788,-0.003573565625344722,0.004030542158199222,0.005959249836374187,15.369999885559082,50.0,Neutral,59.0
2024-09-27,israel_iran,2024-04-01,0.6301471121334163,3.1982835227575204,130.36,0.545648894886807,5388,-4.271609377698139,0.009309629648678252,-0.00963458348443632,0.005187441255295201,-0.0013931676312915248,-0.0012540029000721238,-0.003894218886177314,16.959999084472656,61.0,Greed,50.0
2024-09-30,israel_iran,2024-04-01,0.9297118617411614,3.4413881367430603,130.36,0.545648894886807,6341,-4.107370870767658,-0.03812668937142083,-0.0031058092325682647,-0.004779601564320377,0.0035785387673035155,0.004227603658441509,0.00383269292308732,16.729999542236328,61.0,Greed,61.0
2024-10-01,israel_iran,2024-04-01,2.590727030813822,4.789345304701835,130.69,0.5524150466904659,8584,-4.691960161325987,-0.04015297041725014,0.01176615388576509,0.003967647474793643,0.004060050728721441,-0.009367848694454447,-0.015447076249981173,19.260000228881836,50.0,Neutral,61.0
2024-10-02,israel_iran,2024-04-01,3.3358415396109886,5.394025178663472,130.69,0.5524150466904659,10221,-4.748852738910524,-0.0033625289659382266,-0.007602005078805537,-0.008462902359716253,0.00483066801391389,0.00013838132698647728,0.0008237516043319222,18.899999618530273,42.0,Fear,50.0
2024-10-03,israel_iran,2024-04-01,1.28363067172386,3.728602489552351,130.69,0.5524150466904659,7146,-4.109066979858783,0.0020860853737759526,0.003770601213994833,-0.009465150819420537,0.0030441184344031434,-0.0016828286544586894,-0.0003704244006326825,20.489999771118164,37.0,Fear,42.0
2024-10-04,israel_iran,2024-04-01,1.0296159126310571,3.522462881882406,130.69,0.5524150466904659,7598,-3.729684469343901,0.021300283559387175,-0.004261843753354774,-0.012377242687514195,0.005183120434750279,0.008930255699186382,0.012168284843376636,19.209999084472656,41.0,Fear,37.0
2024-10-07,israel_iran,2024-04-01,3.434114563024571,5.473776302430315,130.69,0.5524150466904659,10243,-4.812878091369679,0.0027220928069463246,-0.00037802895454220627,-0.007563868420690445,0.00019510653235701533,-0.009632263829388773,-0.011865853934136814,22.639999389648438,50.0,Neutral,41.0
2024-10-08,israel_iran,2024-04-01,1.389363814734339,3.814407695107069,130.69,0.5524150466904659,7193,-4.1855685862187135,-0.0016835665376192953,-0.011331369029670978,0.0016857662086387142,9.753899307532961e-05,0.009642706804694385,0.014347648026890931,21.420000076293945,49.0,Neutral,50.0
2024-10-09,israel_iran,2024-04-01,0.3468822874119412,2.968406723301756,130.69,0.5524150466904659,5886,-3.72777970284311,-0.025261155468464205,-0.0034476188142327953,-0.005701038776398154,0.0036986342262349922,0.007088231016994585,0.00596029687228056,20.860000610351562,49.0,Neutral,49.0
2024-10-10,israel_iran,2024-04-01,0.3606724360676415,2.979597788906561,130.69,0.5524150466904659,5215,-4.072361799896116,-0.005090366975952731,0.0055868577505378105,-0.0039250580236311365,0.0005827268922401394,-0.0020722685059824846,-0.0005232375976345674,20.93000030517578,39.0,Fear,49.0
2024-10-11,israel_iran,2024-04-01,0.0217357732204101,2.7045418395837006,130.69,0.5524150466904659,6093,-3.316759619514257,0.03537847936044716,0.014020160169731887,-0.004047346938135436,-0.0009714249399544881,0.00603360870729872,0.0033249826187866888,20.459999084472656,32.0,Fear,39.0
2024-10-14,israel_iran,2024-04-01,0.8963154017480145,3.414286037695197,130.69,0.5524150466904659,5425,-4.5382040407411095,0.056065753491188065,-0.0036943716604866234,0.0007467829569565476,0.0039769552126221125,0.007678114574594323,0.008671367852451498,19.700000762939453,48.0,Neutral,32.0
2024-10-15,israel_iran,2024-04-01,0.0804539104045576,2.7521931406556512,130.69,0.5524150466904659,5573,-3.5898271142406166,0.014952642422039789,0.0051231384715043505,0.012084173095595311,-0.0003873055288797857,-0.0076385660375134215,-0.010163496149682415,20.639999389648438,65.0,Greed,48.0
2024-10-16,israel_iran,2024-04-01,-0.0493922154463088,2.646819620093482,130.69,0.5524150466904659,5662,-3.4144621243735744,0.008490108547449185,0.004723215245810717,0.004205598606634091,0.0031906645786690287,0.004668232782779766,0.0028073348151276723,19.579999923706055,73.0,Greed,65.0
2024-10-17,israel_iran,2024-04-01,1.2165396847805714,3.6741564023404414,130.69,0.5524150466904659,6052,-4.5267291632433055,-0.0031535287872272158,0.006337393065017404,-0.015969822787198253,0.0023141992324326294,-0.00017117512853816633,0.00035542593462036903,19.110000610351562,71.0,Greed,73.0
2024-10-18,israel_iran,2024-04-01,0.6283700703211286,3.1968414069398947,130.69,0.5524150466904659,5624,-4.143387918857799,0.01500489704966544,0.00840012761358353,0.0007459870614131359,-0.0032799949123049964,0.003963686942774387,0.006290387913854662,18.030000686645508,73.0,Greed,71.0
2024-10-21,israel_iran,2024-04-01,-0.5984092987007995,2.2012779257826,130.69,0.5524150466904659,4121,-3.5710823047638134,-0.015479556460891207,0.0034579737223619676,-0.017625381963281013,0.00501209986556509,-0.001824432756419033,0.0027253369935606128,18.3700008392334,72.0,Greed,73.0
2024-10-22,israel_iran,2024-04-01,0.2143355711840892,2.860841603153889,130.69,0.5524150466904659,5402,-3.813952921028425,-9.56779931777652e-05,0.007718602631013913,0.0009753058091172018,0.0006727828932675225,-0.0004749666671957937,0.0021422423076643635,18.200000762939453,70.0,Greed,72.0
2024-10-23,israel_iran,2024-04-01,-0.2897694635222071,2.451747208600088,130.69,0.5524150466904659,4867,-3.520482252891735,-0.013890438213698968,-0.01091867720094922,-0.002711645469010808,0.003357141616745338,-0.009233824267679564,-0.016449018967182674,19.239999771118164,71.0,Greed,70.0
2024-10-24,israel_iran,2024-04-01,-0.4253096422690624,2.3417528154782965,130.69,0.5524150466904659,4766,-3.4138370032811856,0.02569154796745315,0.007523937915991553,0.006387765525362366,-0.003549361013124531,0.0021434731305568283,0.007567860802160167,19.079999923706055,69.0,Greed,71.0
2024-10-25,israel_iran,2024-04-01,-0.1804671726974418,2.540448870773236,130.69,0.5524150466904659,4275,-4.010394349054484,-0.02253213347279499,0.002191461563702766,-0.005627766626915683,0.0019201674287809163,-0.00029949201318627087,0.0055839676428747825,20.329999923706055,72.0,Greed,69.0
2024-10-28,israel_iran,2024-04-01,0.3799390756889562,2.9952331698853687,130.69,0.5524150466904659,5261,-4.068339588767477,0.04783540489337368,0.00072942126259476,-0.002716950012999372,0.0005752954235479461,0.002647934626732945,0.0026198764727676654,19.799999237060547,72.0,Greed,72.0
2024-10-29,israel_iran,2024-04-01,0.8280905320505403,3.3589197750299937,130.69,0.5524150466904659,6078,-4.1262172395375405,0.03944659057776213,0.009253781457162933,0.001522394715982775,-0.0003835178936744607,0.0016128259449012198,0.007809094581347394,19.34000015258789,72.0,Greed,72.0
2024-10-30,israel_iran,2024-04-01,-0.7281022091483978,2.096028743519636,130.69,0.5524150466904659,3800,-3.614349377920328,-0.00525236341818716,0.007234316137240295,0.002929576985692416,-0.0027848572297986805,-0.0033056916724881185,-0.005617292557496598,20.350000381469727,77.0,Extreme Greed,72.0
2024-10-31,israel_iran,2024-04-01,-0.4605998047237652,2.313113927450679,130.69,0.5524150466904659,3965,-3.862618168853924,-0.029806220896924952,-0.01816650912342701,0.00162375025104301,-9.611488950296706e-05,-0.018790134928745348,-0.027943849001064704,23.15999984741211,77.0,Extreme Greed,77.0
2024-11-01,israel_iran,2024-04-01,-0.284545259906585,2.455986786203997,128.9,0.5157137990281931,4280,-3.8737058767382657,-0.010490161236778449,0.0001095688511384859,-0.0175682478997986,0.0028809721193016552,0.004084158004525459,0.007968626237086074,21.8799991607666,75.0,Greed,77.0
2024-11-04,israel_iran,2024-04-01,-0.64895708891505,2.160257074551111,128.9,0.5157137990281931,3499,-3.9678543787950336,-0.024342560258044772,-0.0009132920834320161,0.015402605997121222,-0.0037469361518257123,-0.0028160448131902913,-0.003291579965893981,21.979999542236328,70.0,Greed,75.0
2024-11-05,israel_iran,2024-04-01,0.0760316700717814,2.7486043771897943,128.9,0.5157137990281931,5461,-3.636463049346375,0.022572112490931908,0.0015338367843668287,0.0052975730080599215,-0.004534291944420711,0.012191031029563081,0.014156187609964723,20.489999771118164,70.0,Greed,70.0
2024-11-06,israel_iran,2024-04-01,-1.6037082153616318,1.3854516131242345,128.9,0.5157137990281931,5593,-1.8026021555577216,0.08666903126846402,-0.02688819289182318,-0.0277704626933543,0.016018741767101052,0.024981280957186654,0.029091435503060304,16.270000457763672,70.0,Greed,70.0
2024-11-07,israel_iran,2024-04-01,-1.2990279101262183,1.63270763403537,128.9,0.5157137990281931,4586,-2.44771394232429,0.0035076496874788744,0.011479740190580862,0.01244994751702085,-0.005534309983288607,0.007403754173995657,0.014952870316724744,15.199999809265137,77.0,Extreme Greed,70.0
2024-11-08,israel_iran,2024-04-01,-0.574477780285914,2.2206989776719044,128.9,0.5157137990281931,3584,-4.004240513057448,0.008404323339316332,-0.004047575121093911,0.012621166716924917,0.0046775691106705096,0.0037497940357180464,0.0008983428069963518,14.9399995803833,75.0,Greed,77.0
2024-11-11,israel_iran,2024-04-01,-1.7579480473612827,1.2602819632619988,128.9,0.5157137990281931,4323,-1.9731335894007989,0.14739159487814152,-0.0288015263656269,-0.004877232355063617,0.005129686494693812,0.0009685941909569238,0.0006209823382581414,14.970000267028809,76.0,Extreme Greed,75.0
2024-11-12,israel_iran,2024-04-01,-1.1275363651410064,1.7718774993149258,128.9,0.5157137990281931,5237,-2.414495686764567,-0.008442066269106777,-0.00429842206071789,-0.01510698920763969,0.004537687244231887,-0.0028968514769364996,-0.0008999120844093291,14.710000038146973,80.0,Extreme Greed,76.0
2024-11-13,israel_iran,2024-04-01,-1.0152540143176347,1.862997557966844,128.9,0.5157137990281931,5231,-2.540725865412941,0.02944485048776148,-0.00741199771886598,-0.00953127661449141,0.004329481716830417,0.00023220076414018386,-0.002631883953142351,14.020000457763672,84.0,Extreme Greed,80.0
2024-11-14,israel_iran,2024-04-01,-0.9244474568304324,1.936689449733776,128.9,0.5157137990281931,4562,-2.914580890111026,-0.03749692231881138,-0.004894201906120731,0.005773907170484731,0.0017827338585106808,-0.006068108582244,-0.006420238092000108,14.3100004196167,88.0,Extreme Greed,84.0
2024-11-15,israel_iran,2024-04-01,-0.7407323793640711,2.085779030698373,128.9,0.5157137990281931,4193,-3.340322163237922,0.04280211829142622,-0.0009739185590534587,-0.0026607317442144517,0.0001875166147575576,-0.013291430866793769,-0.02262898810988457,16.139999389648438,80.0,Extreme Greed,88.0
2024-11-18,israel_iran,2024-04-01,-0.7485567293206438,2.079429366465946,128.9,0.5157137990281931,3576,-3.755949350682044,-0.005763697278361181,0.017348790536743833,0.0017745793586180468,-0.0038503466806624215,0.003910159746206537,0.0059613549637324535,15.579999923706055,83.0,Extreme Greed,80.0
2024-11-19,israel_iran,2024-04-01,-0.894732725319767,1.960803730012224,128.9,0.5157137990281931,3807,-3.376452306532636,0.019697543183651734,0.006300496006653572,0.005084559397385239,-0.0006588516924100278,0.003955750520596487,0.010358159242935323,16.350000381469727,90.0,Extreme Greed,83.0
2024-11-20,israel_iran,2024-04-01,-1.0196646062299497,1.8594182474982552,128.9,0.5157137990281931,3371,-3.515219790292073,0.021381444998432572,0.007999532098494133,-0.0032024022195139526,0.004415444461003719,2.19506213354446e-05,-0.0011240079467686812,17.15999984741211,83.0,Extreme Greed,90.0
2024-11-21,israel_iran,2024-04-01,0.9534492934396136,3.460651682195643,128.9,0.5157137990281931,4944,-4.913404695435251,0.04320463738221239,0.008984571185138249,-0.0007746315653602198,0.0027147305552004653,0.005326251844288491,0.00033102452184933655,16.8700008392334,82.0,Extreme Greed,83.0
2024-11-22,israel_iran,2024-04-01,0.0470222044930999,2.725062438625038,128.9,0.5157137990281931,4023,-4.501146273948218,0.004991722095061175,0.014046981134497769,0.0005533453684032604,0.004849367381532416,0.0034619595915364653,0.0016447449951172176,15.239999771118164,94.0,Extreme Greed,82.0
2024-11-25,israel_iran,2024-04-01,-0.6319132304757997,2.174088610578376,128.9,0.5157137990281931,3812,-3.739998343431425,-0.06139739949660548,-0.03495948190340738,0.02555844595539834,-0.006252628056503761,0.0030159278201245415,0.0026900428092867484,14.600000381469727,82.0,Extreme Greed,94.0
2024-11-26,israel_iran,2024-04-01,0.1784128250669713,2.831689356971594,128.9,0.5157137990281931,4875,-4.061237608257534,-0.012069852534281012,0.001336617767776714,-0.003889800674208122,0.0017771359471066138,0.005705697155263866,0.006249752120298399,14.100000381469727,79.0,Extreme Greed,82.0
2024-11-27,israel_iran,2024-04-01,0.3478731296472147,2.969210817640099,128.9,0.5157137990281931,5450,-3.9338934708199886,0.04232881330495687,0.007452166991228204,0.006904756883039582,-0.008728764303188913,-0.003808481083577712,-0.005953775332228389,14.100000381469727,75.0,Greed,79.0
2024-11-29,israel_iran,2024-04-01,-0.3434468469118347,2.4081866108135457,128.9,0.5157137990281931,3520,-4.402887845962684,0.015499852904074714,0.006456666117155565,0.01026855816319697,-0.003210313093993173,0.005592120396801623,0.008239075492084896,13.510000228881836,78.0,Extreme Greed,75.0
2024-12-02,israel_iran,2024-04-01,0.0841623599683139,2.755202644280034,142.37,0.7918958135593753,4172,-4.42890430853082,-0.016513538643168225,-0.008352473231234763,-0.0010647197769998915,0.006692132066393191,0.0024454638805813736,0.009620431704489101,13.34000015258789,80.0,Extreme Greed,78.0
2024-12-03,israel_iran,2024-04-01,-0.7157008094415347,2.106092803101296,142.37,0.7918958135593753,4044,-3.4652047443988776,0.0014266034685602644,0.003712425318383127,-0.008666455426575273,-0.000751754586431302,0.0004513472420221813,0.003958406394087544,13.300000190734863,76.0,Extreme Greed,80.0
2024-12-04,israel_iran,2024-04-01,-0.853573822159491,1.994205254316899,142.37,0.7918958135593753,3398,-3.7467670554690895,0.028408310872006196,0.003434974654697664,0.01068843037931448,-0.0002821344461435649,0.00603318162813612,0.012964726395351405,13.449999809265137,78.0,Extreme Greed,76.0
2024-12-05,israel_iran,2024-04-01,-0.0805563678771462,2.621529096903402,142.37,0.7918958135593753,3460,-4.856939788580035,-0.022266865312221884,-0.010302322170881693,0.0020179757670580017,-0.0059419865186241755,-0.0018715258393823342,-0.001767924389033991,13.539999961853027,84.0,Extreme Greed,78.0
2024-12-06,israel_iran,2024-04-01,-0.8851671603065099,1.968566435714902,142.37,0.7918958135593753,3003,-4.075017052887165,0.03386480176780916,0.004558239129528256,0.0014843025424592106,0.0024565595862451857,0.0024923453675383123,0.008064232150158133,12.770000457763672,72.0,Greed,84.0
2024-12-09,israel_iran,2024-04-01,-0.0632383270214206,2.6355831391187485,142.37,0.7918958135593753,4600,-3.942423195794488,-0.025214905161649506,0.00991798633808684,-0.00925984760212204,0.0016971558179353912,-0.006163167285227462,-0.006216741480440599,14.1899995803833,78.0,Extreme Greed,72.0
2024-12-10,israel_iran,2024-04-01,0.0397170233681883,2.7191340934516104,142.37,0.7918958135593753,4456,-4.163178159315555,-0.007802793553987951,0.012196028210303023,-0.004715923162528496,0.002352388724503724,-0.002968284314279252,-0.002508590344700015,14.180000305175781,78.0,Extreme Greed,78.0
2024-12-11,israel_iran,2024-04-01,-0.0762073027622635,2.625058476769812,142.37,0.7918958135593753,4404,-4.053977562372404,0.04547294957076326,0.013330075570755336,-0.0094992606427068,0.0029092748003790225,0.008132626411368235,0.01750456282244012,13.579999923706055,74.0,Greed,78.0
2024-12-12,israel_iran,2024-04-01,-0.6090656765661155,2.192629996976477,142.37,0.7918958135593753,4472,-3.34824449141725,-0.011232138149604486,-0.017081207143532985,-0.012221836163877002,0.0023400581852674692,-0.005428731461463251,-0.006612857611765095,13.920000076293945,83.0,Extreme Greed,74.0
2024-12-13,israel_iran,2024-04-01,-0.8441699265113027,2.001836761109693,142.37,0.7918958135593753,3846,-3.420589311435624,0.014057223472297039,-0.011790161839593786,-0.010263294724018875,0.00037391022774861226,-2.646698937187397e-05,0.0011991526850290708,13.8100004196167,76.0,Extreme Greed,83.0
2024-12-16,israel_iran,2024-04-01,-0.3858387714538231,2.3737844574714764,142.37,0.7918958135593753,3692,-4.184111670124327,0.04406210334614183,-0.0017334660635325901,0.002990495040583066,-0.0013092622205874702,0.0037921550087844295,0.012327645085648197,14.6899995803833,83.0,Extreme Greed,76.0
2024-12-17,israel_iran,2024-04-01,-0.7996174231813815,2.037992280536769,142.37,0.7918958135593753,3500,-3.742459659494761,0.0010452246330361938,-0.00264360600282425,0.002430148370042185,0.0009353519928387434,-0.0038714794806554956,-0.00321873806215598,15.869999885559082,87.0,Extreme Greed,83.0
2024-12-18,israel_iran,2024-04-01,-1.4798656901093623,1.4859530550858455,142.37,0.7918958135593753,2850,-3.2068453024970496,-0.059179154653770175,-0.0029918795594432402,-0.016463060394827894,0.009954030795068042,-0.02993650530451818,-0.036274324236556424,27.6200008392334,81.0,Extreme Greed,87.0
2024-12-19,israel_iran,2024-04-01,-1.0504286380517966,1.834452432626906,142.37,0.7918958135593753,3049,-3.7519485402463273,-0.025825905125142587,-0.01694536281780769,-0.015257188022502591,0.0035114144241547456,-0.0008654867505367934,-0.0010277150922584004,24.09000015258789,75.0,Greed,81.0
2024-12-20,israel_iran,2024-04-01,-1.0787075921970857,1.8115033231592297,142.37,0.7918958135593753,2782,-3.985866984079561,0.002714273553183173,0.01398249166131256,0.005677962266225322,-0.007313839870995534,0.010810479402397299,0.010262161393741207,18.360000610351562,74.0,Greed,75.0
2024-12-23,israel_iran,2024-04-01,-1.0600197644876477,1.826668983162551,142.37,0.7918958135593753,2821,-3.974574898253046,-0.031905147003256015,-0.006258330803749558,-0.00921453047127767,0.0038950078159964195,0.007260849585616372,0.009776059833409905,16.780000686645508,70.0,Greed,74.0
2024-12-24,israel_iran,2024-04-01,-1.500997292849498,1.4688042078541097,142.37,0.7918958135593753,2374,-3.6772392354293832,0.041273994068279446,0.00294323974486273,0.004219687401517728,0.002034223702858206,0.010982233165126825,0.013380937493453312,14.270000457763672,73.0,Greed,70.0
2024-12-26,israel_iran,2024-04-01,-0.7621381223486201,2.0684077115022848,142.37,0.7918958135593753,2834,-4.484012186219572,-0.02962683173406669,0.007149969097485895,-0.0005692191065296266,-0.0012015795445341668,-0.0004057410882578191,-0.0005378818401844608,14.729999542236328,79.0,Extreme Greed,73.0
2024-12-27,israel_iran,2024-04-01,-0.6695580813800892,2.1435388314083843,142.37,0.7918958135593753,3102,-4.324850746249364,-0.01716880486495554,-0.008219261513672152,-0.008232395318801447,-0.0012029544324855751,-0.01111730496491221,-0.015013475124037575,15.949999809265137,74.0,Greed,79.0
2024-12-30,israel_iran,2024-04-01,-2.263095951609078,0.8503412528527597,142.37,0.7918958135593753,5856,-1.0716452122122209,-0.01629139565341771,-0.004250136932791706,0.008004669059376569,0.0012029544324855157,-0.010759673941729728,-0.011999497401753979,17.399999618530273,65.0,Greed,74.0
2024-12-31,israel_iran,2024-04-01,-1.5611965680432036,1.419950924624564,142.37,0.7918958135593753,3087,-2.8759000039956097,0.00844829005287248,0.008824710411780469,-0.005367468006415335,0.0033238015870788733,-0.0042940064589823065,-0.009072793498939299,17.350000381469727,64.0,Greed,65.0
2025-01-02,israel_iran,2024-04-01,-0.8488348352758827,1.99805106587694,113.23,0.1944241058059492,2849,-4.313218749122709,0.036340097150492454,0.011232867866452192,0.002744402656481209,0.008261489408323308,-0.002226363149448992,-0.001554743677281043,17.93000030517578,70.0,Greed,64.0
2025-01-03,israel_iran,2024-04-01,-1.1185245031498254,1.7791908605616202,113.23,0.1944241058059492,2506,-4.260765429929497,0.01251903875349227,-0.005241401391997348,-0.003202550813597823,-0.004030439172105972,0.01251735670782609,0.01752584663334609,16.1299991607666,74.0,Greed,70.0
2025-01-06,israel_iran,2024-04-01,-1.2990462907381557,1.6326927176889852,113.23,0.1944241058059492,2618,-3.7731239073718994,0.03967496924864855,-0.0024984295005021796,-0.004477869405233031,-0.006353272278761988,0.005522766496818171,0.012323344610489095,16.040000915527344,76.0,Extreme Greed,74.0
2025-01-07,israel_iran,2024-04-01,-1.4078674606480668,1.5443814976971657,113.23,0.1944241058059492,2762,-3.4178881091632074,-0.05182428297869528,0.006912096917743294,-0.011341440380970553,0.002583015968949772,-0.011166021516637011,-0.019073327392674706,17.81999969482422,78.0,Extreme Greed,76.0
2025-01-08,israel_iran,2024-04-01,-1.0346280115031734,1.8472750535222635,113.23,0.1944241058059492,3398,-3.4707105990942555,-0.019578857696565647,0.0029316900271960217,0.0012794489945876233,0.005054418969859988,0.0015591440938312422,-0.0005542328610488935,17.700000762939453,70.0,Greed,78.0
2025-01-10,israel_iran,2024-04-01,-1.082705834699354,1.808258645000644,113.23,0.1944241058059492,3079,-3.669869203814579,-0.0036055835498765947,0.016378553361116682,-0.0066476389410392795,0.005120292739752158,-0.015531637650233373,-0.01642095897142068,19.540000915527344,50.0,Neutral,70.0
2025-01-13,israel_iran,2024-04-01,-0.9674573788549308,1.901785775302772,113.23,0.1944241058059492,3687,-3.3556201933232868,-0.00195467417779693,-0.013006500709167285,-0.00035108876718550897,0.002823166191240025,0.0015742043780551176,-0.0038448030707785895,19.190000534057617,61.0,Greed,50.0
2025-01-14,israel_iran,2024-04-01,-0.2517296149789483,2.482617538664912,113.23,0.1944241058059492,4487,-3.781768848211255,0.02112109307155958,0.001495047933117684,-0.0016401056704542132,-0.0062948021098447925,0.001145623334164268,-0.0022924809394271853,18.709999084472656,63.0,Greed,61.0
2025-01-15,israel_iran,2024-04-01,-0.202984247835335,2.522175676525085,113.23,0.1944241058059492,5271,-3.4211987862714377,0.04030666140622702,0.012987195526811112,0.01708848551566493,-0.0016486568211475621,0.018147132504516373,0.024217618433300336,16.1200008392334,70.0,Greed,63.0
2025-01-16,israel_iran,2024-04-01,0.1735285314110059,2.827725625172775,113.23,0.1944241058059492,6852,-3.2039887785339047,-0.007466135920999606,0.012420208736854522,0.003222083045129152,-0.0011923620412638027,-0.0021149243408667613,-0.008903201414791392,16.600000381469727,75.0,Greed,70.0
2025-01-17,israel_iran,2024-04-01,-0.2824782205580238,2.45766424259225,113.23,0.1944241058059492,4994,-3.4642875341212376,0.046087453886957834,-0.000764876477197021,0.001721879814613234,0.003572899169909148,0.009941478308394033,0.014982137074960508,15.970000267028809,75.0,Greed,75.0
2025-01-21,israel_iran,2024-04-01,-0.712976701480405,2.1083034878204177,113.23,0.1944241058059492,4732,-3.0894891167274827,0.015994264511626534,0.003891391478642485,0.008906187700227646,-0.011867127345836607,0.00873000944059605,0.006427531061296738,15.0600004196167,76.0,Extreme Greed,75.0
2025-01-22,israel_iran,2024-04-01,-0.7596359469715069,2.070438292136267,113.23,0.1944241058059492,3878,-3.515707405117098,-0.023768546993042258,0.004563111323176753,-0.005242764181927983,0.0010174408917753878,0.006119181086994129,0.01270246874817388,15.100000381469727,84.0,Extreme Greed,76.0
2025-01-23,israel_iran,2024-04-01,-1.1522953237189733,1.7517849581342229,113.23,0.1944241058059492,3396,-3.292804227196453,0.002958402684215798,-0.0016272807543716752,-0.007800891798646812,-0.0011099355177977988,0.005299419459529372,0.00221350574034492,15.020000457763672,75.0,Greed,84.0
2025-01-24,israel_iran,2024-04-01,-0.6058747614661966,2.1952195078740115,113.23,0.1944241058059492,3674,-3.88383299062272,0.00823181116278129,0.005125977145751084,0.004481471249934182,-0.00566153625841495,-0.002859215984467759,-0.004967964365128231,14.850000381469727,75.0,Greed,75.0
2025-01-27,israel_iran,2024-04-01,0.0740575388886357,2.747002318203001,113.23,0.1944241058059492,4872,-3.941525363009112,-0.026407548872376216,-0.014434155176814617,0.011740019403106832,-0.0009312423066507188,-0.014688059032112328,-0.03117458597795046,17.899999618530273,71.0,Greed,75.0
2025-01-28,israel_iran,2024-04-01,-0.9426236636481654,1.9219389834391525,113.23,0.1944241058059492,3849,-3.282128229098225,-0.007425167615395995,0.010646340249542608,-0.0006800902298354779,0.00492549121753131,0.009175644177716802,0.020052139844207402,16.40999984741211,72.0,Greed,71.0
2025-01-29,israel_iran,2024-04-01,-1.1306073557914575,1.7693853102385786,113.23,0.1944241058059492,3240,-3.449968752339231,0.023126120746530303,0.000830957531606674,-0.002043136925262659,0.0012044032749184798,-0.004689876056919602,-0.0051450483042052185,16.559999465942383,72.0,Greed,72.0
2025-01-30,israel_iran,2024-04-01,0.1610162065323614,2.817571546918683,113.23,0.1944241058059492,3850,-4.810669408694668,0.009903181107726793,0.019277756347583747,0.0037424960553581097,-0.001853540339881615,0.005261548152180238,0.0025146067630969766,15.84000015258789,70.0,Greed,72.0
2025-01-31,israel_iran,2024-04-01,-1.2804201799676818,1.647808292785311,113.23,0.1944241058059492,2906,-3.501286611185677,-0.022500491172309005,-0.0037263817408137866,-0.006587124404958923,0.005273636495052322,-0.005059603990267195,-0.0027632511475396892,16.43000030517578,76.0,Extreme Greed,70.0
2025-02-03,israel_iran,2024-04-01,-1.7411752371694582,1.2738935365611783,136.98,0.6813820007662739,2704,-2.86790916053339,-0.009809208513730662,0.007580052840268373,0.00454754663524944,0.005704792021586921,-0.007637690729495203,-0.012069963764117987,18.6200008392334,44.0,Fear,76.0
2025-02-04,israel_iran,2024-04-01,-0.6717044634434802,2.141796986335927,136.98,0.6813820007662739,3878,-3.6368780241933023,-0.03546789334061943,0.006822415916365941,0.003057895094730556,-0.00949533563141918,0.007198907403029114,0.01342327817091075,17.209999084472656,72.0,Greed,44.0
2025-02-05,israel_iran,2024-04-01,-0.3460285226660614,2.4060915135483003,136.98,0.6813820007662739,6664,-2.7772823000882885,-0.012920048753753386,0.006393163440626415,0.016375411756637676,-0.0035260058040610933,0.003901053915613614,0.0019473501029713715,15.770000457763672,54.0,Neutral,72.0
2025-02-06,israel_iran,2024-04-01,-0.8732874363324895,1.978207141821814,136.98,0.6813820007662739,5446,-2.622268766033472,-0.00022926951799646017,-0.005447355250461389,-0.0004450975482713443,0.0010219781459791803,0.003637674355266266,0.005048098440102982,15.5,49.0,Neutral,54.0
2025-02-07,israel_iran,2024-04-01,-0.3300405110316372,2.4190662023321856,136.98,0.6813820007662739,4715,-3.554140680998426,-0.0006649766736617645,0.00394879297438717,-0.0064761486600582565,0.003244785386905343,-0.0095098456936602,-0.013663556084043132,16.540000915527344,44.0,Fear,49.0
2025-02-10,israel_iran,2024-04-01,-0.0291939223984594,2.663211062147308,136.98,0.6813820007662739,4044,-4.38184470992875,0.009367336465827734,0.016258833046568513,-0.0030290778548555863,0.002588268948229605,0.006690112295455172,0.009728949069706547,15.8100004196167,43.0,Fear,44.0
2025-02-11,israel_iran,2024-04-01,0.1692454305019211,2.824249776981265,136.98,0.6813820007662739,4687,-4.167422247707169,-0.01749792436938306,-0.0006178516064746903,-0.006425087693452595,-0.003329026677052903,0.00033952514367385523,-0.0035779257459609974,16.020000457763672,47.0,Neutral,43.0
2025-02-12,israel_iran,2024-04-01,-0.7522848039176443,2.076403936614804,136.98,0.6813820007662739,4345,-3.2387115114088143,0.022088315919347463,-0.0012024393787544148,-0.013662935109855775,-0.00018523986088243266,-0.0027275831896475754,0.0003099645474288844,15.890000343322754,46.0,Fear,47.0
2025-02-13,israel_iran,2024-04-01,-0.8290355176849739,2.014118728932816,136.98,0.6813820007662739,3291,-3.87952982728778,-0.012976316589520155,0.005792712774394366,0.016486041260593845,-0.0058537206206066205,0.010372313214235747,0.014935850395990017,15.100000381469727,50.0,Neutral,46.0
2025-02-14,israel_iran,2024-04-01,-1.350436233683942,1.5909884375327483,136.98,0.6813820007662739,3023,-3.2761322446354963,0.009118577917229297,-0.014562544873085503,0.005285973235583678,-0.006919775818822242,-7.19463955744955e-05,0.00405925073484836,14.770000457763672,48.0,Neutral,50.0
2025-02-18,israel_iran,2024-04-01,-0.69949476832577,2.1192444285006147,136.98,0.6813820007662739,3944,-3.553054943303192,-0.02040409578005264,0.01650883496677148,-0.011847845802726813,0.004494000174224441,0.002442003655551809,0.0007232816417964617,15.350000381469727,47.0,Neutral,48.0
2025-02-19,israel_iran,2024-04-01,-1.068576929643694,1.8197246202667323,136.98,0.6813820007662739,2936,-3.835058617551366,0.01140703518992484,-0.004170300117599673,0.0012478092694413723,0.001120298095918986,0.0023741488668242434,0.0007476890789958515,15.270000457763672,44.0,Fear,47.0
2025-02-20,israel_iran,2024-04-01,-0.3847454770641237,2.3746716944074926,136.98,0.6813820007662739,3882,-4.02917076878849,0.01742191135803241,0.0070314990870447855,0.003734112752539334,-0.007774868000939309,-0.004343604884290259,-0.004692356818070892,15.65999984741211,49.0,Neutral,44.0
2025-02-21,israel_iran,2024-04-01,0.697359801327753,3.252828374523006,136.98,0.6813820007662739,4577,-4.883555212725951,-0.02271409470424543,-0.0008166266630073181,0.012012490063064199,0.002535848049020328,-0.017211396672539132,-0.022203490847514235,18.209999084472656,55.0,Greed,49.0
2025-02-24,israel_iran,2024-04-01,-1.3409715338749055,1.59866928848927,136.98,0.6813820007662739,3057,-3.262940481468541,-0.05021084130463632,0.003500064634192458,0.002897284524677007,-9.382426978808298e-05,-0.004981493566252351,-0.012217329979724747,18.979999542236328,49.0,Neutral,55.0
2025-02-25,israel_iran,2024-04-01,-1.1068920936911943,1.7886308644835274,136.98,0.6813820007662739,3852,-3.0526750942695333,-0.029776669354997204,-0.01483176087132524,0.01710004064255529,-0.0027241660821422085,-0.004690715138395557,-0.013600652541899481,19.43000030517578,25.0,Extreme Fear,49.0
2025-02-26,israel_iran,2024-04-01,-0.4811875750283101,2.2964064144363374,136.98,0.6813820007662739,3684,-4.054430286468668,-0.05072808622097089,0.0042258832321174136,0.005889437064708222,0.0010341806267557525,0.00013601502958346571,0.002565199508240402,19.100000381469727,21.0,Extreme Fear,25.0
2025-02-27,israel_iran,2024-04-01,-0.5256950991448092,2.260287396815067,136.98,0.6813820007662739,3282,-4.363004510830152,0.00422598066095089,-0.011586370186078948,-0.007093406048575778,0.007675781485371539,-0.015991742678524653,-0.028223264233800928,21.1299991607666,10.0,Extreme Fear,21.0
2025-02-28,israel_iran,2024-04-01,-1.259221708443751,1.6650114057806038,136.98,0.6813820007662739,2953,-3.4929158569087897,-0.003917962993897036,-0.016224097946286358,0.012191320687690235,0.003444292436517912,0.015729780420663385,0.016199638130260985,19.6299991607666,16.0,Extreme Fear,10.0
2025-03-03,israel_iran,2024-04-01,-1.5088717002053589,1.4624139207354885,174.11,1.442676596129511,4217,-2.33210363709113,0.019863093489824804,0.01864901343751476,0.0015135072040346994,-0.008023933775452064,-0.017753402648308866,-0.026728670225257444,22.780000686645508,33.0,Fear,16.0
2025-03-04,israel_iran,2024-04-01,-1.2693380197689967,1.656801755069358,174.11,1.442676596129511,3681,-2.9269936251958137,0.013348200634372372,0.00668996126638687,-0.012391456268273903,-0.00950642150410136,-0.012310288231505477,-0.003550088418212097,23.510000228881836,15.0,Extreme Fear,33.0
2025-03-05,israel_iran,2024-04-01,-1.1022541494030882,1.792394677339756,174.11,1.442676596129511,3759,-3.1163442013265303,0.03825541905303624,0.001957098953760298,-0.008016332039776185,0.0,0.011097472528735688,0.014527162852122182,21.93000030517578,20.0,Extreme Fear,15.0
2025-03-06,israel_iran,2024-04-01,-1.0962678979986005,1.7972526766164196,174.11,1.442676596129511,3219,-3.522187582058088,-0.007329931515325766,0.0004458405723709752,-0.0033130391970448143,-0.016015598204000028,-0.017979677107455568,-0.026404834361412367,24.8700008392334,25.0,Extreme Fear,20.0
2025-03-07,israel_iran,2024-04-01,-1.4556632969495995,1.5055939289013889,174.11,1.442676596129511,2957,-3.1550860930472653,-0.0364383782693103,-0.004088489842890409,-0.0032131312569707803,-0.0021164147117002097,0.005505435045454467,0.0070017799045282315,23.3700008392334,34.0,Fear,25.0
2025-03-10,israel_iran,2024-04-01,-0.5563284214073602,2.2354276561630595,174.11,1.442676596129511,3542,-4.067477348738015,-0.0994397561589308,-0.004727634903135915,0.01037768667064897,0.0006739574187112884,-0.027343541788428148,-0.04082494628796817,27.860000610351562,20.0,Extreme Fear,34.0
2025-03-11,israel_iran,2024-04-01,-0.5734945683841295,2.221496879795443,174.11,1.442676596129511,3443,-4.131497986383826,0.05367293406512474,0.007546651957820141,-0.007164555413678262,-0.00453341704189341,-0.007596646918536578,-0.001846225340473764,26.920000076293945,24.0,Extreme Fear,20.0
2025-03-12,israel_iran,2024-04-01,-0.7739276958149791,2.0588401648855807,174.11,1.442676596129511,3713,-3.613314890943764,0.010326959815815329,0.008954330271122598,-0.005991373843058445,0.0016420980887657981,0.004874967940490777,0.012105169341942034,24.229999542236328,34.0,Fear,24.0
2025-03-13,israel_iran,2024-04-01,-0.3641269190217732,2.39140419247473,174.11,1.442676596129511,3579,-4.316670489483776,-0.032233767760911476,0.015261784579635519,0.00875304359923721,0.0021211077959679683,-0.013988366806464148,-0.019767455295314512,24.65999984741211,45.0,Fear,34.0
2025-03-14,israel_iran,2024-04-01,-0.4211784855536188,2.345105356990396,174.11,1.442676596129511,4100,-3.81895380874486,0.03517658147592443,0.003412042879592822,-0.005309196828380751,-0.0010599915108042153,0.02104290595319694,0.02573544184917661,21.770000457763672,27.0,Fear,45.0
2021-01-29,russia_ukraine_war,2022-02-24,-0.5511228864168023,1.212611090534137,77.42,-0.5398058823426503,2628,-2.7313069881372773,0.025090070847817985,0.005101511241647846,-0.006034376007996973,0.001325704413947183,-0.019500377654792,-0.020181784212885377,33.09000015258789,77.0,Extreme Greed,
2021-02-01,russia_ukraine_war,2022-02-24,-0.2511121572659119,1.5381217041081243,73.96,-0.6107479588295021,2728,-3.361888313775027,-0.022968438634477485,0.007281389008044573,0.0,0.004845767364374155,0.015924300234678626,0.025135282035085423,30.239999771118164,77.0,Extreme Greed,77.0
2021-02-02,russia_ukraine_war,2022-02-24,0.2180050971466505,2.0471123183910414,73.96,-0.6107479588295021,3918,-3.3776746698970177,0.057167938879420434,-0.01641737544450263,-0.006468214180301069,0.0019756379108075155,0.013802528814310624,0.015501443657223484,25.559999465942383,76.0,Extreme Greed,77.0
2021-02-03,russia_ukraine_war,2022-02-24,-0.2576922426883954,1.5309823339619166,73.96,-0.6107479588295021,3208,-2.9435347883868928,0.053773897801538996,0.0009282503708198232,-0.008912673632656685,-0.0008775143366304055,0.0010082606153447803,-0.0001645820094199326,22.90999984741211,78.0,Extreme Greed,76.0
2021-02-04,russia_ukraine_war,2022-02-24,-0.1556518730339003,1.641695785542662,73.96,-0.6107479588295021,3498,-2.9520417920298567,-0.01467867670382311,-0.023916484486413037,-0.002675904111556705,0.004489424778644839,0.010794847643921975,0.012209767886113615,21.770000457763672,80.0,Extreme Greed,78.0
2021-02-05,russia_ukraine_war,2022-02-24,0.2018311005854253,2.02956358751902,73.96,-0.6107479588295021,3625,-3.5513499396923867,0.03245885330843299,0.012223053284327792,-0.008408781242683733,-0.005367793625702383,0.003889919607763825,0.0056857254196181605,20.8700008392334,81.0,Extreme Greed,80.0
2021-02-08,russia_ukraine_war,2022-02-24,-0.0926428240598082,1.7100603878697826,73.96,-0.6107479588295021,2828,-3.631581199186968,0.19152671498584967,0.011529720189568878,0.004381348488344745,-0.0012089973403572323,0.007372107476289037,0.009434068630380231,21.239999771118164,83.0,Extreme Greed,81.0
2021-02-09,russia_ukraine_war,2022-02-24,0.5499317602409023,2.407251610979589,73.96,-0.6107479588295021,3434,-4.390496353499061,0.0061426193854515,0.0018542895508146806,0.000739574549074441,-0.005403308689452706,-0.0011141454217211749,0.0014331349732101145,21.6299991607666,95.0,Extreme Greed,83.0
2021-02-10,russia_ukraine_war,2022-02-24,0.1944329276267614,2.021536595198055,73.96,-0.6107479588295021,3474,-3.6543186609459775,-0.03420320342962812,0.0028836096711605716,0.006631671954749482,-0.0007742900980358769,-0.0003452445223915674,-0.002513913560247768,21.989999771118164,92.0,Extreme Greed,95.0
2021-02-11,russia_ukraine_war,2022-02-24,-0.4952358670591547,1.2732483151207936,73.96,-0.6107479588295021,2854,-2.6842938433780126,0.06446761605839371,-0.008566387767498658,-0.0054896840708798045,0.000553077309414763,0.0016610748145877074,0.0038030396381908606,21.25,93.0,Extreme Greed,92.0
2021-02-12,russia_ukraine_war,2022-02-24,0.0385572115787746,1.85241197716966,73.96,-0.6107479588295021,2579,-4.236405776546411,-0.008478464657924508,-0.0018099820260786762,-0.012497248189299792,0.000663407293342946,0.004699970926162608,0.00495713132717145,19.969999313354492,92.0,Extreme Greed,93.0
2021-02-16,russia_ukraine_war,2022-02-24,-0.6422707428942943,1.1137159784429296,73.96,-0.6107479588295021,2548,-2.572129814831228,0.03505915946635456,-0.01348535131998669,-0.015343855562294607,0.0003314965319752256,-0.0005694345154154666,-0.0034090057648165353,21.459999084472656,95.0,Extreme Greed,92.0
2021-02-17,russia_ukraine_war,2022-02-24,-0.0085719692514022,1.8012769773891866,73.96,-0.6107479588295021,3180,-3.4869884261744586,0.058214152169521576,-0.014629062349107949,0.006330429216326522,0.004849505968666421,-0.0003204533489169501,-0.005855140720897463,21.5,95.0,Extreme Greed,95.0
2021-02-18,russia_ukraine_war,2022-02-24,-0.3600898242580552,1.41988130867669,73.96,-0.6107479588295021,2662,-3.165174756004737,-0.009038226589304248,0.0012978130348198413,-0.0040551026920194345,-0.003966080153793787,-0.004425614227243303,-0.00719563453798563,22.489999771118164,91.0,Extreme Greed,95.0
2021-02-19,russia_ukraine_war,2022-02-24,-0.4305399379418759,1.3434431766256063,73.96,-0.6107479588295021,3964,-2.197345955083464,0.07828513543693166,0.0013524313819186311,-0.013381089646755502,-0.002542092901632561,-0.0018566190956649255,0.000656068395460443,22.049999237060547,93.0,Extreme Greed,91.0
2021-02-22,russia_ukraine_war,2022-02-24,-0.4930788915021195,1.2755886262124063,73.96,-0.6107479588295021,2733,-2.783973749532476,-0.030536104024342006,0.017250896659106188,-0.007637182738694763,-0.003880899352217214,-0.007762892893710863,-0.024914909813228102,23.450000762939453,94.0,Extreme Greed,93.0
2021-02-23,russia_ukraine_war,2022-02-24,-0.7490497077690479,0.9978611672781764,73.96,-0.6107479588295021,2520,-2.3253430329626354,-0.10458524450100902,-0.0012738096892075683,-0.0028877527215239755,0.001775958202869379,0.0012555296115265332,-0.005026233345898543,23.110000610351562,94.0,Extreme Greed,94.0
2021-02-24,russia_ukraine_war,2022-02-24,-0.4011992387415758,1.3752777347642786,73.96,-0.6107479588295021,3087,-2.724929305834189,0.017881495738120444,-0.004443464260402694,-0.006581587981166729,0.00011091917189185196,0.011287667670985945,0.009811902804671906,21.34000015258789,76.0,Extreme Greed,94.0
2021-02-25,russia_ukraine_war,2022-02-24,-0.4422386604655702,1.330750102756224,73.96,-0.6107479588295021,2471,-3.1510722816876457,-0.053969759252051705,-0.012322324448977169,-0.016465424152060266,-0.0005546342822547459,-0.02478339442417185,-0.035826183155746434,28.889999389648438,79.0,Extreme Greed,76.0
2021-02-26,russia_ukraine_war,2022-02-24,-0.4577622203432878,1.3139070934580233,73.96,-0.6107479588295021,2335,-3.258898020734507,-0.016142075456887308,-0.02643982642289971,0.03252436095067218,0.008836940999226028,-0.004761532293798778,0.0055427728958437235,27.950000762939453,55.0,Greed,79.0
2021-03-01,russia_ukraine_war,2022-02-24,-0.1672008190631777,1.6291652186567285,78.62,-0.5152016939657075,2941,-3.353706252432989,0.06862014128038857,-0.0032458010444414774,-0.01449809061109083,0.0012089973403573277,0.02351217322569352,0.029611050964401076,23.350000381469727,38.0,Fear,55.0
2021-03-02,russia_ukraine_war,2022-02-24,0.1635518574201977,1.9880307397934496,78.62,-0.5152016939657075,2958,-4.0738147353731975,-0.025554925208490772,0.006134974480583479,7.09585329879732e-05,-0.002749822966663785,-0.00811367873950876,-0.017073539422115515,24.100000381469727,78.0,Extreme Greed,38.0
2021-03-03,russia_ukraine_war,2022-02-24,0.0781300197050999,1.8953483384474827,78.62,-0.5152016939657075,2867,-3.981392336653298,0.043664727693901485,-0.01032367748638774,-0.010905022608642638,0.0017607139422175999,-0.01315233589480116,-0.027398332509801126,26.670000076293945,78.0,Extreme Greed,78.0
2021-03-04,russia_ukraine_war,2022-02-24,-0.2824330141993065,1.5041386816112037,78.62,-0.5152016939657075,2730,-3.285678483597408,-0.0399061221991278,-0.008842158417799017,-0.006470609391875174,0.0074488275925241945,-0.013508038064390469,-0.021327967598413773,28.56999969482422,84.0,Extreme Greed,78.0
2021-03-05,russia_ukraine_war,2022-02-24,-0.6702631424327032,1.083344320819402,78.62,-0.5152016939657075,2236,-2.7848937570895225,0.007511420176535919,-0.0012947745929176705,0.0019456267675475314,0.003812499605701192,0.019308356338709188,0.015339840467456697,24.65999984741211,77.0,Extreme Greed,84.0
2021-03-08,russia_ukraine_war,2022-02-24,-0.8574253103908056,0.8802740096265039,78.62,-0.5152016939657075,2076,-2.4072457110721217,0.06563773283660573,-0.012027309199143453,-0.0078052127812527905,0.003581252946033692,-0.005373643224025429,-0.024364592076720797,25.469999313354492,81.0,Extreme Greed,77.0
2021-03-09,russia_ukraine_war,2022-02-24,-0.7692364642769992,0.9759586056079004,78.62,-0.5152016939657075,2252,-2.4940752367120744,0.048156840253235314,0.022921797389633937,0.013762537442969064,-0.0037987616148852333,0.014055400743930569,0.03618823486386172,24.030000686645508,81.0,Extreme Greed,81.0
2021-03-10,russia_ukraine_war,2022-02-24,-0.4989197162306616,1.2692513513871129,78.62,-0.5152016939657075,2836,-2.689389744945446,0.021374179798027783,0.002850427716795303,0.0020017076280761065,-0.0018503207341171804,0.006012203770988197,-0.00038176958809036163,22.559999465942383,68.0,Greed,81.0
2021-03-11,russia_ukraine_war,2022-02-24,-0.9564695162222198,0.7728113855317609,78.62,-0.5152016939657075,2229,-1.991792148584712,0.031573000390297756,0.00046463141365605257,-0.007239466589592661,-0.004039116330591091,0.010341825500657608,0.024925430841727946,21.90999984741211,73.0,Greed,68.0
2021-03-12,russia_ukraine_war,2022-02-24,-0.8985105205692218,0.8356966973022297,78.62,-0.5152016939657075,2271,-2.120846478079616,-0.008216872853115568,-0.0016270843199136934,-0.021449886499363212,0.0028400034205757637,0.0010148833275308508,-0.005899261528387364,20.690000534057617,70.0,Greed,73.0
2021-03-15,russia_ukraine_war,2022-02-24,-0.7891446398808621,0.9543583032644036,78.62,-0.5152016939657075,2349,-2.355493962092217,-0.02516733981439779,0.005451831359562948,0.005862563010715487,0.001634805269908301,0.006470939539413048,0.010444594822478183,20.030000686645508,76.0,Extreme Greed,70.0
2021-03-16,russia_ukraine_war,2022-02-24,-0.5958415205855246,1.1640915256250757,78.62,-0.5152016939657075,2753,-2.525822813175312,0.015929471547609108,0.000982772833472422,-0.004026824311969089,0.0004355026147282135,-0.0015709169785959108,0.0008807863724885604,19.790000915527344,71.0,Greed,76.0
2021-03-17,russia_ukraine_war,2022-02-24,-0.511398694677004,1.2557117025140805,78.62,-0.5152016939657075,2510,-2.935698002838272,0.03572418708035779,-0.0021981421073807767,-0.007511112682539252,-0.00512906902515026,0.0028752446501592592,0.003973064359211204,19.229999542236328,71.0,Greed,71.0
2021-03-18,russia_ukraine_war,2022-02-24,-0.391124248987182,1.3862090641403522,78.62,-0.5152016939657075,2927,-2.864380923174651,-0.017339151916613386,0.003122235750465632,-0.010177979921106486,0.004911299893786582,-0.014870560065947797,-0.030708812283836172,21.579999923706055,72.0,Greed,71.0
2021-03-19,russia_ukraine_war,2022-02-24,-0.5612699090271328,1.201601605756089,78.62,-0.5152016939657075,3187,-2.322121056665584,0.008394319050580128,0.0052971527058642155,0.006178616720691386,0.0007618185720016525,-0.0006028856737550234,0.007524912596326073,20.950000762939453,71.0,Greed,72.0
2021-03-22,russia_ukraine_war,2022-02-24,-0.5111758937517812,1.2559534407548407,78.62,-0.5152016939657075,2564,-2.8859352009078862,-0.06766666430965458,-0.002069427911533476,0.011143575242573122,-0.001306282750416477,0.007000556898342752,0.012206457407145275,18.8799991607666,70.0,Greed,71.0
2021-03-23,russia_ukraine_war,2022-02-24,-0.4894948716245292,1.2794772755041088,78.62,-0.5152016939657075,2659,-2.854781501456622,0.0038401154329438564,-0.007566879516500325,0.008986442110651803,0.0058650465498778625,-0.007660118119334028,-0.011264053751787925,20.299999237060547,66.0,Greed,70.0
2021-03-24,russia_ukraine_war,2022-02-24,-0.6652095260149651,1.0888274773237088,78.62,-0.5152016939657075,2718,-2.386887406873903,-0.036551757777657644,0.004743225748486408,0.005367706425586168,0.0020555256485557784,-0.00548233660034883,-0.020299643960345826,21.200000762939453,65.0,Greed,66.0
2021-03-25,russia_ukraine_war,2022-02-24,-0.2052262438620994,1.5879077629892573,78.62,-0.5152016939657075,3491,-2.85971344011722,-0.020485432915556448,-0.004627227810274516,-0.007916636162271952,0.0037754047499120994,0.005226583432729291,0.001217448201110361,19.809999465942383,60.0,Greed,65.0
2021-03-26,russia_ukraine_war,2022-02-24,-0.8018164872718794,0.9406093922469868,78.62,-0.5152016939657075,2398,-2.2825462024389647,0.06428841931989358,0.004223156783957694,-0.0035061812557841947,-0.0011850323387107644,0.016494418658716575,0.012333457913265084,18.860000610351562,54.0,Neutral,60.0
2021-03-29,russia_ukraine_war,2022-02-24,-0.8521080212253601,0.8860432501589782,78.62,-0.5152016939657075,1637,-2.966147828180532,0.046300134235436746,-0.011671575757386563,-0.00852447583010571,0.0018308744458312438,-0.0008683896263867381,-0.006037038603845355,20.739999771118164,72.0,Greed,54.0
2021-03-30,russia_ukraine_war,2022-02-24,-0.6140683582447853,1.144315469192789,78.62,-0.5152016939657075,2550,-2.6411170416449283,0.020014609919984168,-0.01660812683626846,0.0052262214300534526,0.003865990636925039,-0.0031628294096500294,-0.0010925663078661919,19.610000610351562,72.0,Greed,72.0
2021-03-31,russia_ukraine_war,2022-02-24,-0.1520485401930707,1.6456053893333311,78.62,-0.5152016939657075,2926,-3.401303524437075,1.935944759335448e-05,0.017600609611377438,-0.005595315749217003,-0.0007505462467723903,0.003615953592419885,0.015326519253013768,19.399999618530273,76.0,Extreme Greed,72.0
2021-04-01,russia_ukraine_war,2022-02-24,-0.4259209610813291,1.348454750699027,88.17,-0.3193933614658716,2644,-3.022440284673172,0.0029992328786879927,0.0073830821038836664,0.01509405578688166,-0.0032230694624324537,0.011755830427674127,0.01745398481063423,17.329999923706055,74.0,Greed,76.0
2021-04-05,russia_ukraine_war,2022-02-24,-0.5786539514831065,1.1827399792327449,88.17,-0.3193933614658716,2069,-3.243550669195181,-0.0006420398652886572,0.00028956131663167214,-0.00437279939351218,-0.0035573996792200506,0.0143349877622439,0.016588475641079674,17.90999984741211,71.0,Greed,74.0
2021-04-06,russia_ukraine_war,2022-02-24,-0.1215955015573485,1.678646831949607,88.17,-0.3193933614658716,3088,-3.325168914769013,-0.01476389754962159,0.008361011659377205,0.006769763257884651,-0.002811747754088444,-0.0009740049407969285,-0.0005261982972395711,18.1200008392334,75.0,Greed,71.0
2021-04-07,russia_ukraine_war,2022-02-24,-0.1577183121583725,1.6394537061702874,88.17,-0.3193933614658716,2814,-3.495450522231028,-0.037528870853164246,-0.000804242014787378,-0.006988900395695818,0.0012987312383333544,0.0014741456981068137,-0.0006966781983430409,17.15999984741211,72.0,Greed,75.0
2021-04-08,russia_ukraine_war,2022-02-24,-0.6754965451338113,1.0776660968134175,88.17,-0.3193933614658716,2320,-2.687168617194551,0.03978767570422682,0.009551431317729613,0.008221441241145096,-0.0043355967888385,0.004211750940591775,0.010209330907284998,16.950000762939453,73.0,Greed,72.0
2021-04-09,russia_ukraine_war,2022-02-24,-0.9097830308933946,0.8234660622095257,88.17,-0.3193933614658716,2650,-1.8423539291959217,-0.001354549836114697,-0.007714103350808669,-0.003629504709821694,0.0010857248146441691,0.007690288135687276,0.00511231819919195,16.690000534057617,70.0,Greed,73.0
2021-04-12,russia_ukraine_war,2022-02-24,-0.7269370325830518,1.0218533441177444,88.17,-0.3193933614658716,2362,-2.510667508323833,0.02790888348592423,-0.0069651153108131235,-0.00043640937889520575,-0.00021708380041506674,-0.0001960980747395339,-0.0036173073869727344,16.90999984741211,74.0,Greed,70.0
2021-04-13,russia_ukraine_war,2022-02-24,-0.1488253192893954,1.649102572974094,88.17,-0.3193933614658716,3594,-2.9045713724892908,0.05852714345026763,0.008627188966826281,0.007465687606826217,-0.0031523578351867953,0.0032890718770625686,0.010493458835551027,16.649999618530273,74.0,Greed,74.0
2021-04-14,russia_ukraine_war,2022-02-24,-0.4084562216227371,1.36740393319382,88.17,-0.3193933614658716,3023,-2.754353899749973,-0.006219938149170958,-0.006492181509603616,-0.003182430422717018,-0.0017434463598541732,-0.004096104320730151,-0.009927565283153712,16.989999771118164,75.0,Greed,74.0
2021-04-15,russia_ukraine_war,2022-02-24,0.8629425046917851,2.7468671966282368,88.17,-0.3193933614658716,4748,-3.935348600506164,0.003232251116976691,0.01742751851072938,0.01659589670302347,-0.0002181966892856798,0.011033101401119478,0.012970932728390193,16.56999969482422,79.0,Extreme Greed,75.0
2021-04-16,russia_ukraine_war,2022-02-24,0.0376123454214834,1.8513868006252217,88.17,-0.3193933614658716,3786,-3.134542035558064,-0.027886621874568536,0.007674101250506838,-0.007796696226694518,-0.001200683579453269,0.0036023233905179666,0.0009668599215943372,16.25,78.0,Extreme Greed,79.0
2021-04-19,russia_ukraine_war,2022-02-24,0.0591996377314969,1.8748089388438165,88.17,-0.3193933614658716,2978,-3.8213856477408337,-0.09980433631732111,-0.005410888818616735,-0.0028764143484438683,-0.005366030191090142,-0.005320689893757947,-0.009838086607325552,17.290000915527344,74.0,Greed,78.0
2021-04-20,russia_ukraine_war,2022-02-24,0.0858398233238398,1.903713448967276,88.17,-0.3193933614658716,3611,-3.3409729736513296,0.013347500558966063,0.004454866391931009,0.0045983655408475665,0.0018649357741515197,-0.006825561005077803,-0.00927769687163007,18.68000030517578,73.0,Greed,74.0
2021-04-21,russia_ukraine_war,2022-02-24,0.3303896687786171,2.169049193687832,88.17,-0.3193933614658716,2974,-4.425829227999364,-0.04651974554182734,0.00840435224167868,0.002005148054531316,-0.0008771294530661436,0.009263020919853236,0.011822123794619763,17.5,73.0,Greed,73.0
2021-04-22,russia_ukraine_war,2022-02-24,0.0912439120691046,1.9095768667465605,88.17,-0.3193933614658716,4262,-2.9596583995441432,-0.040581883746807136,-0.006212471446331363,0.004354510320365309,0.0018630962025528643,-0.009253337860554323,-0.009493486774554418,18.709999084472656,65.0,Greed,73.0
2021-04-23,russia_ukraine_war,2022-02-24,-0.289025731511642,1.4969856059077713,88.17,-0.3193933614658716,3292,-2.820881498428653,-0.013001302685204313,-0.002360717879845413,-0.0023533748400908793,-0.005159473703611282,0.01086940989553096,0.0142555205880894,17.329999923706055,55.0,Greed,65.0
2021-04-26,russia_ukraine_war,2022-02-24,-0.2136672912590886,1.5787492554746172,88.17,-0.3193933614658716,3052,-3.156244336704904,0.055726546342877416,0.001237248457746213,-0.0014289581564870925,-0.0005504822317883477,0.001780684564582624,0.00866410306412288,17.639999389648438,27.0,Fear,55.0
2021-04-27,russia_ukraine_war,2022-02-24,-0.4477511544652402,1.3247690656472042,88.17,-0.3193933614658716,2532,-3.075248216176789,0.01854831914865377,-0.0006746605385477973,-0.008761285634808588,0.0011006615996028458,-0.0002149189814442344,-0.0034404757359743554,17.559999465942383,50.0,Neutral,27.0
2021-04-28,russia_ukraine_war,2022-02-24,-0.3924391491007272,1.3847824020207673,88.17,-0.3193933614658716,3147,-2.7026706608402504,-0.0037942553737364284,-0.00270334073967916,0.0006489262907530892,-0.003305457446568389,-0.0008458975873960478,-0.002785198131482067,17.280000686645508,59.0,Greed,50.0
2021-04-29,russia_ukraine_war,2022-02-24,-0.0262528007618024,1.78209333575831,88.17,-0.3193933614658716,3378,-3.291758534447312,-0.023429673825133245,-0.002880286458205009,-0.0029596729693862067,0.0,0.0067400415367024095,0.002240706255666697,17.610000610351562,52.0,Neutral,59.0
2021-04-30,russia_ukraine_war,2022-02-24,0.0163510421993838,1.8283183594504813,88.17,-0.3193933614658716,2948,-3.7565924682708034,0.07541518772096198,-0.00045252405155806857,0.002310746678633161,0.007367103210650321,-0.0072207134171198275,-0.008548394812002466,18.610000610351562,51.0,Neutral,52.0
2021-05-03,russia_ukraine_war,2022-02-24,-0.8520135893721194,0.8861457083963097,93.01,-0.2201564683455358,2227,-2.285592420669408,-0.009567373024509737,0.013544464845169118,-0.0008658906270700642,-0.003621820770754076,0.002744321649512167,-0.00485032581429535,18.309999465942383,61.0,Greed,51.0
2021-05-04,russia_ukraine_war,2022-02-24,-1.045320904473534,0.6764079336004152,93.01,-0.2201564683455358,1899,-1.994027396234309,-0.06999363622377694,-0.00874639757494062,0.006763119556887625,0.0037313911958753746,-0.0067007374898472305,-0.01900770854616578,19.479999542236328,68.0,Greed,61.0
2021-05-05,russia_ukraine_war,2022-02-24,-0.99338237675318,0.7327610582844286,93.01,-0.2201564683455358,2133,-1.9589874895975672,0.07389708647447689,0.004663019601775825,0.001647829282027398,0.00021902128492277538,0.0007032164471135163,-0.0037536955024204876,19.149999618530273,48.0,Neutral,68.0
2021-05-06,russia_ukraine_war,2022-02-24,-0.9387248302077849,0.7920643090808097,93.01,-0.2201564683455358,2413,-1.912283567108564,-0.018055093557641698,0.017446839157978355,0.0016451184071313912,-0.003950412480798082,0.008132299498632055,0.0037052727031807427,18.389999389648438,65.0,Greed,48.0
2021-05-07,russia_ukraine_war,2022-02-24,-0.8996473918222767,0.8344631958865173,93.01,-0.2201564683455358,2114,-2.247607332012008,0.016877096781434925,0.00855595396027406,-0.004943606389065977,-0.007947868199300788,0.007346291419186351,0.008720160532364614,16.690000534057617,64.0,Greed,65.0
2021-05-10,russia_ukraine_war,2022-02-24,-0.4636081008052301,1.3075643331793068,93.01,-0.2201564683455358,2401,-3.1697744878097,-0.02643954949095339,0.003489086272326999,-0.010178672162413834,-0.0002217276908914321,-0.010490480503138024,-0.02580820745119892,19.65999984741211,72.0,Greed,64.0
2021-05-11,russia_ukraine_war,2022-02-24,0.3558877982539637,2.196714576835961,93.01,-0.2201564683455358,3371,-4.064124142404602,0.015009957344289306,-0.0008711143226879709,-0.0056757340485891145,-0.0007762650283509166,-0.008711750141781542,-0.0009279631504415267,21.84000015258789,61.0,Greed,72.0
2021-05-12,russia_ukraine_war,2022-02-24,-0.2200645691051768,1.5718082309226715,93.01,-0.2201564683455358,2740,-3.4234424401786727,-0.142967146773037,-0.007270798097461572,-0.01056338450636637,0.006303584042597337,-0.021682782358302413,-0.027082274299721897,27.59000015258789,68.0,Greed,61.0
2021-05-13,russia_ukraine_war,2022-02-24,-0.6363977080854305,1.1200882010950506,93.01,-0.2201564683455358,2133,-2.994480599621783,0.011442928110092723,0.00065822360546342,0.0015474116218744088,0.0004408786110115878,0.012099644578094055,0.007134772353231408,23.1299991607666,31.0,Fear,68.0
2021-05-14,russia_ukraine_war,2022-02-24,-0.4507981427803806,1.3214630937613945,93.01,-0.2201564683455358,2371,-3.2366759045042026,0.003300186759766157,0.00770136548279548,0.009307878224624744,-0.004749556682382034,0.014807778563623631,0.022971491804222758,18.809999465942383,26.0,Fear,31.0
2021-05-17,russia_ukraine_war,2022-02-24,-0.3172154346640743,1.4663998745388052,93.01,-0.2201564683455358,2625,-3.305993586824812,-0.13600794477198339,0.01597700925187108,-0.0021178563441832084,-0.0011077709520344369,-0.002533258183961915,-0.0037995201478089693,19.719999313354492,27.0,Fear,26.0
2021-05-18,russia_ukraine_war,2022-02-24,-0.672897139316647,1.0804864432219203,93.01,-0.2201564683455358,2294,-2.719353472675631,-0.014531934084628221,0.00016065581069687392,-0.0025618785757171303,-0.0052231181421554815,-0.0085537723840327,-0.005652380518701184,21.34000015258789,21.0,Extreme Fear,27.0
2021-05-19,russia_ukraine_war,2022-02-24,-0.6785026413302675,1.0744044927363223,93.01,-0.2201564683455358,2608,-2.434992736735792,-0.14810707635188664,0.007201759353874979,-0.0024215886158358195,0.0048905558788174585,-0.002947751811378411,-0.000293151780533333,22.18000030517578,23.0,Extreme Fear,21.0
2021-05-20,russia_ukraine_war,2022-02-24,-0.5840238146152924,1.1769136961264262,93.01,-0.2201564683455358,3215,-2.258944998047516,0.0972750161239599,0.00026573834868414716,0.008194932319728752,-0.0042222827484724775,0.01049942933450842,0.017589108169865243,20.670000076293945,11.0,Extreme Fear,23.0
2021-05-21,russia_ukraine_war,2022-02-24,-0.9011405874963744,0.8328430836944059,93.01,-0.2201564683455358,2249,-2.1306910401772705,-0.08913981683679192,-0.0027139022410788334,0.0032011846265713514,0.002335530075077542,-0.0007841880752528091,-0.004795110177569467,20.149999618530273,19.0,Extreme Fear,11.0
2021-05-24,russia_ukraine_war,2022-02-24,0.0131456015440984,1.8248404673183232,93.01,-0.2201564683455358,3078,-3.623979195628363,0.03687502846555331,0.004200694538999877,0.00369762628120105,-0.0021128149491412614,0.009862497481216075,0.014018994514065597,18.399999618530273,10.0,Extreme Fear,19.0
2021-05-25,russia_ukraine_war,2022-02-24,-0.0191300989254156,1.789821442855109,93.01,-0.2201564683455358,3373,-3.3098176097802634,-0.007878782581024249,0.007137789140429843,0.009220739879012474,-0.0021173735008629168,-0.002127545400828599,-0.00029284356600462895,18.84000015258789,22.0,Extreme Fear,10.0
2021-05-26,russia_ukraine_war,2022-02-24,-0.3342165053721534,1.4479537710502255,93.01,-0.2201564683455358,2448,-3.45487040974576,0.022961565812768543,0.001684515438402536,-0.0017224454260682622,0.004452384082731797,0.0018750575506104544,0.005901063064362278,17.360000610351562,22.0,Extreme Fear,22.0
2021-05-27,russia_ukraine_war,2022-02-24,-0.4142413963240509,1.3611270384574643,93.01,-0.2201564683455358,2762,-2.945635553492762,-0.02205718107153495,-0.002949750706768753,-0.004030504583623228,-0.0007777312096204108,0.001164636089862995,-0.00012518810666779708,16.739999771118164,27.0,Fear,22.0
2021-05-28,russia_ukraine_war,2022-02-24,-0.2101806549735435,1.5825322439024954,93.01,-0.2201564683455358,2923,-3.2735990707074536,-0.07393611150144239,0.0035806730456278716,-0.001587883522791341,0.0006666395646189669,0.000768586452887337,0.0009066729120702899,16.760000228881836,21.0,Extreme Fear,27.0
2021-06-01,russia_ukraine_war,2022-02-24,-0.5097047732998532,1.2575496014065068,74.13,-0.6072623654761018,2711,-2.762469314844452,0.027282316196181624,0.00021024040204428116,-0.0016627202090414442,-0.00222391893686749,-0.0004924547586291649,-0.0008920988170689088,17.899999618530273,20.0,Extreme Fear,21.0
2021-06-02,russia_ukraine_war,2022-02-24,-0.3038871912585267,1.4808609729837918,74.13,-0.6072623654761018,3138,-2.8966725226726435,0.02397778870231388,0.002414433020726898,0.002312583664731702,0.0007789428259739803,0.0014458890369002922,0.001443985713296368,17.479999542236328,23.0,Extreme Fear,20.0
2021-06-03,russia_ukraine_war,2022-02-24,-0.5427498945332988,1.2216957580497392,74.13,-0.6072623654761018,3153,-2.380824987926756,0.042556616951370016,-0.019213573983194728,-0.0037607933606599803,0.006651892255236875,-0.003635303056049319,-0.010362968947555073,18.040000915527344,24.0,Extreme Fear,23.0
2021-06-04,russia_ukraine_war,2022-02-24,-0.3817455263117028,1.3963849461205595,74.13,-0.6072623654761018,3285,-2.635662957317053,-0.06084038726712561,0.00989111901082882,0.013601731546436282,-0.003985840214529354,0.008795303383016323,0.014581939718846948,16.420000076293945,27.0,Fear,24.0
2021-06-07,russia_ukraine_war,2022-02-24,-0.8087441718568001,0.9330928782000826,74.13,-0.6072623654761018,2027,-2.603338870231908,-0.09470399835993068,0.0036972523073180667,-0.0030783049206864156,-0.00211008402207819,-0.0007970562694215079,0.004854788747373489,16.420000076293945,15.0,Extreme Fear,27.0
2021-06-08,russia_ukraine_war,2022-02-24,-0.8839346004653375,0.8515115206915442,74.13,-0.6072623654761018,1991,-2.411821283865574,-0.002627775063457771,-0.002428134028169905,0.007001998698778406,0.0014442582490908809,0.00017500954944121158,0.003106486805683189,17.06999969482422,13.0,Extreme Fear,15.0
2021-06-09,russia_ukraine_war,2022-02-24,-0.4420642995038649,1.3309392838024774,74.13,-0.6072623654761018,3704,-2.291037788669284,0.10947410238213756,0.0005283457753793965,0.008790057984929421,0.0004439613226216678,-0.0018255325906156837,-0.0009455270249078086,17.889999389648438,14.0,Extreme Fear,13.0
2021-06-10,russia_ukraine_war,2022-02-24,-0.4441467415667599,1.3286798412967251,74.13,-0.6072623654761018,4331,-2.0351383672952656,-0.017354742993128305,0.0005280667735240403,0.0059810251653343895,-0.00044396132262167307,0.004641454776462911,0.007774617912077727,16.100000381469727,21.0,Extreme Fear,14.0
2021-06-11,russia_ukraine_war,2022-02-24,-0.6084435300732602,1.1504183884935202,74.13,-0.6072623654761018,3775,-1.9520336016923647,0.017067578415986145,-0.008908706107218346,-0.0016148554320686923,0.005314402777517413,0.0019465389328083601,0.0034952175598347546,15.649999618530273,21.0,Extreme Fear,21.0
2021-06-14,russia_ukraine_war,2022-02-24,-0.1208680542332228,1.6794361098047328,74.13,-0.6072623654761018,4843,-2.372081954303708,0.07441139422057266,-0.007163137661542878,-0.007688792807836213,-0.00044180381553857363,0.0018135563851361702,0.007415510511536421,16.389999389648438,28.0,Fear,21.0
2021-06-15,russia_ukraine_war,2022-02-24,-0.245051496116638,1.5446975006969588,74.13,-0.6072623654761018,4380,-2.346568647350952,0.004658453327527578,-0.005109598315890978,-0.0012045076481775293,0.00022096843932471071,-0.00201371995427588,-0.007171007957286222,17.020000457763672,38.0,Fear,28.0
2021-06-16,russia_ukraine_war,2022-02-24,-0.0908121371353881,1.712046676912566,74.13,-0.6072623654761018,5478,-2.216509356617587,-0.052307031596144006,0.0026925164354793135,-0.0008511978512016928,0.006495276249203503,-0.005404703747026491,-0.00236056076213431,18.149999618530273,33.0,Fear,38.0
2021-06-17,russia_ukraine_war,2022-02-24,-0.4297794737251787,1.3442682776960873,74.13,-0.6072623654761018,4127,-2.133666257443045,-0.007684760787668957,-0.04718346889536021,0.014861003255408548,0.008305174501724853,-0.00043581054367264766,0.00862881106348217,17.75,26.0,Fear,33.0
2021-06-18,russia_ukraine_war,2022-02-24,-0.8844442219518601,0.8509585831241513,74.13,-0.6072623654761018,2381,-2.077076018883727,-0.06140159139173661,-0.003331750148147224,0.01863130073974436,0.003693290774446161,-0.013211355687284158,-0.009291424906852563,20.700000762939453,25.0,Extreme Fear,26.0
2021-06-21,russia_ukraine_war,2022-02-24,-0.2767130624604488,1.5103448096566865,74.13,-0.6072623654761018,2755,-3.275210175307194,-0.12201039035218071,0.007831701368745038,-0.016885063354545225,-0.004019808103027498,0.013905163512319857,0.007887385534521042,17.889999389648438,23.0,Extreme Fear,25.0
2021-06-22,russia_ukraine_war,2022-02-24,-0.8582135040357001,0.8794188222214039,74.13,-0.6072623654761018,1942,-2.543806826936739,0.025833047609393114,-0.00309153999585223,0.0024396632352957064,-0.001416169424641615,0.005111406378990611,0.007873965438681442,16.65999984741211,10.0,Extreme Fear,23.0
2021-06-23,russia_ukraine_war,2022-02-24,-0.512832707423347,1.254155803595878,74.13,-0.6072623654761018,2661,-2.796588930390868,0.03676667515561315,0.003372115731426366,-0.0025791733823824613,0.0007628147526204546,-0.0010838705186495853,0.0012943691552983075,16.31999969482422,14.0,Extreme Fear,10.0
2021-06-24,russia_ukraine_war,2022-02-24,-0.177589496336941,1.6178935393965377,74.13,-0.6072623654761018,3058,-3.22950794702775,0.027475699857643344,-0.0037663122158099844,0.0016040434733516663,0.00021780462745181454,0.005794429545916893,0.006841825894486804,15.970000267028809,22.0,Extreme Fear,14.0
2021-06-25,russia_ukraine_war,2022-02-24,-0.6281476604460454,1.1290394745268757,74.13,-0.6072623654761018,2765,-2.441248408377104,-0.09130465397426267,0.0005630313834598243,-0.010437596224284827,-0.00010893793377954368,0.003325063164687565,-0.0006488186921510073,15.619999885559082,27.0,Fear,22.0
2021-06-28,russia_ukraine_war,2022-02-24,-0.7355390116982312,1.0125202262400688,74.13,-0.6072623654761018,1976,-2.8862033014764505,0.08470225042447667,0.0016871946194519283,0.010228523643328286,0.0007621503640877158,0.0023122888604717494,0.009710107514307377,15.760000228881836,25.0,Extreme Fear,27.0
2021-06-29,russia_ukraine_war,2022-02-24,-0.6439047560665849,1.111943079747587,74.13,-0.6072623654761018,2509,-2.600427813003012,0.040785121124139886,-0.009485124546020829,0.0016714641855978866,0.0018485929045953247,0.0002772977426878152,0.0019167366775329048,16.020000457763672,25.0,Extreme Fear,25.0
2021-06-30,russia_ukraine_war,2022-02-24,-0.5505557372923502,1.2132264453916477,74.13,-0.6072623654761018,2346,-2.9975662507316674,-0.02332520296585249,0.004527967765016482,0.004443521587380575,0.00422787098454316,0.0013272784229071918,-0.0016795021482040031,15.829999923706055,28.0,Fear,25.0
2021-07-01,russia_ukraine_war,2022-02-24,-0.6850371613718585,1.067314560872319,58.42,-0.9293721983109102,2231,-2.7487809210071155,-0.04281824560087459,0.0028759009759461445,-0.0012478022685492014,0.0017293133570677275,0.005208041432254744,0.0012698601529681952,15.479999542236328,28.0,Fear,28.0
2021-07-02,russia_ukraine_war,2022-02-24,-0.4830816278765101,1.2864356230049654,58.42,-0.9293721983109102,2451,-3.06641309535005,0.00963202091343982,0.0037656085928761485,0.00601637403368329,-0.004003631528917665,0.007472095894691671,0.008020848054384128,15.069999694824219,21.0,Extreme Fear,28.0
2021-07-06,russia_ukraine_war,2022-02-24,-0.1226274233582883,1.6775272003299817,58.42,-0.9293721983109102,3096,-3.3162087316201565,0.009926319850057437,0.006096058971480818,0.011652830563689624,0.003463578348616495,-0.0020239027700217787,0.0016591885475208373,16.440000534057617,20.0,Extreme Fear,21.0
2021-07-07,russia_ukraine_war,2022-02-24,-0.3911112280949262,1.3862231917638523,58.42,-0.9293721983109102,2737,-3.0218866765274344,-0.011157826650301255,0.0044506332158106765,0.008820111445722378,0.0009719352426031079,0.0033533465536629346,9.68281522149407e-05,16.200000762939453,28.0,Fear,20.0
2021-07-08,russia_ukraine_war,2022-02-24,-0.5929977389371355,1.1671770189734552,58.42,-0.9293721983109102,2265,-2.968568340534357,-0.029311778537964177,-0.001055246787513598,0.003910217708735324,-0.003027016141569704,-0.008597881009556396,-0.007204812950373256,19.0,20.0,Extreme Fear,28.0
2021-07-09,russia_ukraine_war,2022-02-24,-0.2720462203844204,1.5154083173249635,58.42,-0.9293721983109102,2920,-3.137301431766011,0.02761736344787324,0.005762440859237031,-0.014162502555784235,-0.002493397785878349,0.011214825902413766,0.009715140642014022,16.18000030517578,20.0,Extreme Fear,20.0
2021-07-12,russia_ukraine_war,2022-02-24,-0.6336874803941555,1.1230287888573918,58.42,-0.9293721983109102,2044,-3.1113597633555417,-0.01918287490754943,-0.0024892835423589803,-0.0012975208879758226,0.001084900336228455,0.0034452326955940497,0.002128089275134582,16.170000076293945,25.0,Extreme Fear,20.0
2021-07-13,russia_ukraine_war,2022-02-24,-0.7709160842075143,0.9741362237360904,58.42,-0.9293721983109102,2312,-2.4359397786034243,-0.013782086425800635,0.0021577503670339305,-0.007682814073230183,0.005622207842502494,-0.0035230111811655838,-0.0037802262201118934,17.1200008392334,20.0,Extreme Fear,25.0
2021-07-14,russia_ukraine_war,2022-02-24,-0.7832495231140768,0.9607544847652376,58.42,-0.9293721983109102,2407,-2.324286797865021,0.0036725998364308425,0.008201066475030334,0.011297966161968837,-0.003672463958666739,0.0011642565654693257,-0.0022303757657827017,16.329999923706055,21.0,Extreme Fear,20.0
2021-07-15,russia_ukraine_war,2022-02-24,-0.5836927906123126,1.1772728560358825,58.42,-0.9293721983109102,2762,-2.547753944283748,-0.032249468356842406,0.0022449022507048935,0.010969844381506435,0.0022698931780359122,-0.0032675735627459117,-0.006976870369710398,17.010000228881836,20.0,Extreme Fear,21.0
2021-07-16,russia_ukraine_war,2022-02-24,-0.619949136165454,1.1379348452908804,58.42,-0.9293721983109102,2487,-2.6803657740783104,-0.01136653085848622,-0.007631333157156481,-0.0018874206329509173,0.0007554875203056658,-0.007567415006813217,-0.008000606560420802,18.450000762939453,22.0,Extreme Fear,20.0
2021-07-19,russia_ukraine_war,2022-02-24,-0.3391439512651242,1.4426075091331496,58.42,-0.9293721983109102,2544,-3.335957342616401,-0.019400130658189026,-0.003201619485910015,0.021691375744820787,0.002155372601518178,-0.015996781399983978,-0.01060971521825127,22.5,24.0,Extreme Fear,22.0
2021-07-20,russia_ukraine_war,2022-02-24,-0.533839674475471,1.2313633162944446,58.42,-0.9293721983109102,2123,-3.304902865160652,-0.033338555734212405,0.0012156445618103438,-0.009686313917078585,0.000860882769104438,0.0150488060047999,0.015563009653950955,19.729999542236328,19.0,Extreme Fear,24.0
2021-07-21,russia_ukraine_war,2022-02-24,-0.7180694257887094,1.0314746671175212,58.42,-0.9293721983109102,1958,-2.9630289545002544,0.07443417235693212,-0.0044274796393197775,-0.012747531610379132,-0.0023691721102975303,0.008208041662144044,0.009136110281803774,17.90999984741211,10.0,Extreme Fear,19.0
2021-07-22,russia_ukraine_war,2022-02-24,-0.7274090564525103,1.021341199836092,58.42,-0.9293721983109102,2080,-2.7885170842785114,0.006283788882169604,0.0011640986772757504,0.009408630344864416,0.0007544290376617758,0.0020146392092429753,0.0035917917364502736,17.690000534057617,21.0,Extreme Fear,10.0
2021-07-23,russia_ukraine_war,2022-02-24,-0.8726176131484283,0.8637904131690307,58.42,-0.9293721983109102,1576,-2.988383919345477,0.038503942271904575,-0.00199643786451196,-0.006711434587986804,0.0009691915436784198,0.010094332386254415,0.010324103774715527,17.200000762939453,23.0,Extreme Fear,21.0
2021-07-26,russia_ukraine_war,2022-02-24,-1.0473242619082384,0.6742342976453801,58.42,-0.9293721983109102,1278,-2.8043953389812697,0.10602229284594052,-0.001499999314886413,-0.0029673777171054473,-0.0028023528682347702,0.0023793669227295928,0.00025067485401496296,17.579999923706055,26.0,Fear,23.0
2021-07-27,russia_ukraine_war,2022-02-24,-0.8966797812916955,0.837683043147954,58.42,-0.9293721983109102,1938,-2.4273101337012792,0.0539428534880362,0.0004446939315025321,0.01061482487549709,-0.002377364622267452,-0.004723583382178003,-0.012211813185677227,19.360000610351562,32.0,Fear,26.0
2021-07-28,russia_ukraine_war,2022-02-24,-0.6176737755834245,1.140403603729136,58.42,-0.9293721983109102,2363,-2.800968344514091,0.01483512651645551,0.0,6.678811229136349e-05,-0.001190805124223257,-0.000186279231552706,0.0069333414944833804,18.309999465942383,50.0,Neutral,32.0
2021-07-29,russia_ukraine_war,2022-02-24,-0.9670311209960228,0.7613520805263138,58.42,-0.9293721983109102,1945,-2.199415061095582,0.00031287370059631146,0.017462614454720644,-0.005561622329038118,-0.004995113912144747,0.004197331845272641,0.0010615601354192633,17.700000762939453,50.0,Neutral,50.0
2021-07-30,russia_ukraine_war,2022-02-24,-1.0143993971699197,0.7099576631168207,58.42,-0.9293721983109102,1439,-2.6591526711474187,0.0541722306526184,-0.010209197822209233,0.004692620537419055,0.0033689925974988775,-0.005420713608261166,-0.007169926147606483,18.239999771118164,53.0,Neutral,50.0
2021-08-02,russia_ukraine_war,2022-02-24,-1.0085560857473812,0.7162976359965831,89.49,-0.2923287542512347,1278,-2.979352665278766,-0.07453583859567312,0.0030297211452917027,0.007661810938629647,-0.0013027373071645913,-0.001844505670060361,0.0005716901744087198,19.459999084472656,48.0,Neutral,53.0
2021-08-03,russia_ukraine_war,2022-02-24,-0.6774334006444229,1.0755646152182503,89.49,-0.2923287542512347,1686,-3.510117716398729,-0.0271224912051319,-0.004409907432068376,0.0005308329468467593,0.0003258434667547592,0.008169961338918062,0.005449286274133681,18.040000915527344,48.0,Neutral,48.0
2021-08-04,russia_ukraine_war,2022-02-24,-0.9113274761127952,0.8217903444362935,89.49,-0.2923287542512347,1376,-3.201676972077193,0.04094316463847637,0.00022097134087597074,0.002054257116175589,0.0020612409097236274,-0.004643150661295458,0.0013025762726798043,17.969999313354492,42.0,Fear,48.0
2021-08-05,russia_ukraine_war,2022-02-24,-0.9670240473202018,0.761359755440352,89.49,-0.2923287542512347,1438,-2.8534200798986724,0.027838357371246687,-0.0029870718363273446,-0.005110376450215736,-0.0003251724075043607,0.005987485990419113,0.007722857748811717,17.280000686645508,50.0,Neutral,42.0
2021-08-06,russia_ukraine_war,2022-02-24,-0.8031942951559532,0.9391144754118412,89.49,-0.2923287542512347,1803,-2.8934332843984705,0.04653814062641624,-0.02530216933717106,-0.016842043173026046,0.006052819876152756,0.0016738645485288822,-0.003993183563626058,16.149999618530273,52.0,Neutral,50.0
2021-08-09,russia_ukraine_war,2022-02-24,-1.0338399508835383,0.688864728922606,89.49,-0.2923287542512347,1314,-2.7954640964076107,0.07962999964675452,-0.021014711060311712,-0.0035928505685325763,0.0016150086577248935,-0.0009403502649549345,0.001644664410637183,16.719999313354492,65.0,Greed,52.0
2021-08-10,russia_ukraine_war,2022-02-24,-0.9166185902305518,0.8160495037409106,89.49,-0.2923287542512347,1809,-2.5071459565874994,-0.01697414139260822,0.0031284564647309984,-0.004628642521697623,0.0011827388465470963,0.0009921869538634502,-0.004863014736458184,16.790000915527344,71.0,Greed,65.0
2021-08-11,russia_ukraine_war,2022-02-24,-0.4672971845615683,1.3035616899390128,89.49,-0.2923287542512347,2140,-3.4754741449613062,0.0001887605723412682,0.012416792738750166,-0.0006143088112813948,-0.0016130981128629257,0.0012749307180154837,-0.0015531432821608683,16.170000076293945,70.0,Greed,71.0
2021-08-12,russia_ukraine_war,2022-02-24,-0.6317618468595309,1.1251180946470491,89.49,-0.2923287542512347,2114,-3.030479584209242,-0.025891753544200504,-0.0008001511567647293,-0.001639725930213327,0.0013981959816719556,0.00413780773547866,0.003456237303733469,15.59000015258789,70.0,Greed,70.0
2021-08-13,russia_ukraine_war,2022-02-24,-0.7635217497676653,0.982159051277288,89.49,-0.2923287542512347,1615,-3.326623338339304,0.07300947971891747,0.014868869094078072,0.01567247718375333,-0.005604716970647877,0.0016060163209228441,0.0004480980618955497,15.449999809265137,70.0,Greed,70.0
2021-08-16,russia_ukraine_war,2022-02-24,-0.5792861422606711,1.1820540544043785,89.49,-0.2923287542512347,2041,-3.278930309322325,-0.038147009165564225,0.006569223434738159,0.0024204987426263472,0.0011882325349199946,0.0026174222619943593,-0.0019678541908548695,16.1200008392334,72.0,Greed,70.0
2021-08-17,russia_ukraine_war,2022-02-24,-0.7495970630675348,0.9972672886540428,89.49,-0.2923287542512347,2071,-2.73269645830449,-0.02886919903458737,-0.0010638733336789578,-0.0004029927286270048,0.005383303426822316,-0.007085743507137991,-0.009343386204551867,17.90999984741211,72.0,Greed,72.0
2021-08-18,russia_ukraine_war,2022-02-24,-0.8842595730821825,0.851158926515318,89.49,-0.2923287542512347,1516,-3.0458731995764325,0.002364966650012081,-0.0019065919740294643,0.0033534570630569627,0.00010739395952473966,-0.01080665284525433,-0.008928106059121912,21.56999969482422,73.0,Greed,72.0
2021-08-19,russia_ukraine_war,2022-02-24,-0.8580862715859605,0.8795568689935925,89.49,-0.2923287542512347,2001,-2.480766862629492,0.04188585333234935,-0.0007861331433283399,0.007338197262541115,0.004606085025175294,0.001255903256156918,0.0010926137455380398,21.670000076293945,70.0,Greed,73.0
2021-08-20,russia_ukraine_war,2022-02-24,-0.5264948435971814,1.239332432640903,89.49,-0.2923287542512347,1987,-3.51623892842168,0.05459790698385328,0.0004493141932800512,0.0006644924066141062,-0.0007483797317099128,0.00810860389074176,0.011817710482579196,18.559999465942383,70.0,Greed,70.0
2021-08-23,russia_ukraine_war,2022-02-24,-0.5967148142283532,1.1631440050136896,89.49,-0.2923287542512347,2379,-2.84103715199001,0.004186120845078069,0.012387832917253414,-0.0006644924066141555,-0.005792153039656248,0.008487667984412181,0.015375279925668669,17.149999618530273,79.0,Extreme Greed,70.0
2021-08-24,russia_ukraine_war,2022-02-24,-0.2866067906900852,1.499610148414143,89.49,-0.2923287542512347,3593,-2.6418306263017834,-0.03784489433094968,0.0013300957751090471,-0.007807053870092577,-0.0007532924262474436,0.0014946188019620721,0.005149751376094609,17.219999313354492,79.0,Extreme Greed,79.0
2021-08-25,russia_ukraine_war,2022-02-24,-0.7522332491427947,0.9944070357914812,89.49,-0.2923287542512347,2556,-2.2907511595709944,0.02596012195042943,-0.00968343298654714,-0.008341266755517964,-0.0006461076920804238,0.00221765740325088,0.001467686795765664,16.790000915527344,73.0,Greed,79.0
2021-08-26,russia_ukraine_war,2022-02-24,-0.0573607421091369,1.7483413259430156,89.49,-0.2923287542512347,3049,-3.4979998396902108,-0.0421022974523753,0.0022343882098449877,0.0027657184860452317,0.0024745370450904103,-0.0058419498276026565,-0.006406040214026778,18.84000015258789,75.0,Greed,73.0
2021-08-27,russia_ukraine_war,2022-02-24,-0.8145032958254812,0.9268442484194084,89.49,-0.2923287542512347,1578,-3.2029965951726016,0.04409943030226678,0.013522720423364637,0.006780662770683399,-0.003983801954528375,0.008769071540452218,0.01221551608138887,16.389999389648438,71.0,Greed,75.0
2021-08-30,russia_ukraine_war,2022-02-24,-0.6739125264777153,1.079384751629923,89.49,-0.2923287542512347,2332,-2.680044090874096,-0.04170008914425767,-0.004192402233391229,0.002605991070533848,-0.00043164902656945344,0.0042973241068746,0.008974424438640551,16.190000534057617,73.0,Greed,71.0
2021-08-31,russia_ukraine_war,2022-02-24,-0.5294848182504096,1.2360883203829929,89.49,-0.2923287542512347,2284,-3.1222097927200987,0.002371071858731938,0.003311261303656005,-0.006830107209444619,-0.00021593558582103445,-0.0013500269158932096,-0.0004356681981830696,16.479999542236328,73.0,Greed,73.0
2021-09-01,russia_ukraine_war,2022-02-24,-0.7036380153443139,1.0471326980212443,80.7,-0.4725544341123401,2208,-2.7200819446722133,0.03500565378801719,-0.0010473937325582944,0.0004030468840517681,-0.0019451087915149806,0.00031164006095334113,0.0032804682193685467,16.110000610351562,71.0,Greed,73.0
2021-09-02,russia_ukraine_war,2022-02-24,-0.6759206297025913,1.0772059665088063,80.7,-0.4725544341123401,2184,-2.823721305489664,0.00979272478817146,-0.0024297457991779466,0.004356096506856763,-0.00238243117827191,0.002838605754404257,0.001422938005798582,16.40999984741211,74.0,Greed,71.0
2021-09-03,russia_ukraine_war,2022-02-24,-1.079857855575867,0.6389354599455107,80.7,-0.4725544341123401,1469,-2.350241272390478,0.014044128006187486,0.012199334385803619,-0.009136169114310332,-0.002062218530817531,-0.0003350872611813474,0.0021071948277449955,16.40999984741211,74.0,Greed,74.0
2021-09-07,russia_ukraine_war,2022-02-24,-0.7917739022623776,0.9515055625858404,80.7,-0.4725544341123401,1849,-2.8693180516890666,-0.06640940489713842,-0.019301359933995132,-0.008471468521161008,0.005201525965684434,-0.0034013524523203464,0.0007034029678793704,18.139999389648438,79.0,Extreme Greed,74.0
2021-09-08,russia_ukraine_war,2022-02-24,-0.7058648406465153,1.044716600195366,80.7,-0.4725544341123401,2301,-2.622727355823105,-0.015494793572991005,-0.002899725043928858,0.006782906353262214,0.0014041681207409436,-0.001319436813816666,-0.00572001926631112,17.959999084472656,47.0,Neutral,79.0
2021-09-09,russia_ukraine_war,2022-02-24,-0.8568927339998204,0.8808518531866169,80.7,-0.4725544341123401,2189,-2.304625915139232,0.006488390533953229,0.0037346122321662177,0.012027751796707278,-0.001836527977560789,-0.004616247150002522,-0.0025144789522003152,18.799999237060547,45.0,Fear,47.0
2021-09-10,russia_ukraine_war,2022-02-24,-0.5475540105388353,1.2164833086381173,80.7,-0.4725544341123401,2412,-2.9379567651176,-0.03303518664446581,-0.00434907227353077,-0.00885560158500061,0.0010807141581155692,-0.0077525522862761,-0.008744681031034734,20.950000762939453,46.0,Fear,45.0
2021-09-13,russia_ukraine_war,2022-02-24,-1.0407975422872349,0.6813157660797632,80.7,-0.4725544341123401,1579,-2.35320230136986,0.0017621978864763577,0.0013401970011455836,0.006046435381117648,0.00043197532570908435,0.002273900346369644,-0.0006558441843883908,19.3700008392334,44.0,Fear,46.0
2021-09-14,russia_ukraine_war,2022-02-24,-0.7813552752835923,0.9628097371734008,80.7,-0.4725544341123401,2031,-2.6818029453710945,0.046272006777909304,0.007062031376286556,0.012050327479204469,0.0003238384937360811,-0.005763213966258604,-0.0044998614812588895,19.459999084472656,30.0,Fear,44.0
2021-09-15,russia_ukraine_war,2022-02-24,-0.9344263965629334,0.7967280948630806,80.7,-0.4725544341123401,2422,-1.9176907815939908,0.022754601314508963,-0.0068388283782960125,-0.0035135358828010423,-0.0017284617313619013,0.008438294222079725,0.008196960965974533,18.18000030517578,49.0,Neutral,30.0
2021-09-16,russia_ukraine_war,2022-02-24,-0.8741073202365175,0.86217408608079,80.7,-0.4725544341123401,2929,-1.780581455972169,-0.0081907394359386,-0.021314620752901005,-0.004592828911480895,0.003992481695302197,-0.0015523447127638308,0.001343924397200967,18.690000534057617,53.0,Neutral,49.0
2021-09-17,russia_ukraine_war,2022-02-24,-0.7750374088180617,0.9696646006494302,80.7,-0.4725544341123401,2586,-2.2127286931572776,-0.010854079709278335,-0.002968010838533277,-0.004815104779621485,0.003654699782772291,-0.0091526302757993,-0.009128012757075737,20.809999465942383,48.0,Neutral,53.0
2021-09-20,russia_ukraine_war,2022-02-24,-0.3715266331903308,1.407472410156927,80.7,-0.4725544341123401,2554,-3.244362822898605,-0.0982624069184959,0.007063155449170932,0.012325723775088953,0.00042910230909895726,-0.017123077726381844,-0.022184576493189646,25.709999084472656,50.0,Neutral,48.0
2021-09-21,russia_ukraine_war,2022-02-24,-0.3432146883407787,1.438190773348583,80.7,-0.4725544341123401,2399,-3.4888184531139714,-0.051488267863326775,0.008027603161512306,-0.0008612161854252616,-0.0004291023090990229,-0.0008126886585469564,0.0022063599028096692,24.360000610351562,27.0,Fear,50.0
2021-09-22,russia_ukraine_war,2022-02-24,-0.6261884666426771,1.131165193093174,80.7,-0.4725544341123401,2481,-2.669670373291443,0.06839960199678301,0.0003940390072630704,0.005946851926928965,0.002785838528990561,0.009474585224220084,0.010150743293994458,20.8700008392334,21.0,Extreme Fear,27.0
2021-09-23,russia_ukraine_war,2022-02-24,-0.8150795118572395,0.9262190559985252,80.7,-0.4725544341123401,2250,-2.36870628156899,0.02985630902322461,-0.01645707372556822,-0.022856185672098933,-0.0038593595830085066,0.012061680369935969,0.0103770779164636,18.6299991607666,27.0,Fear,21.0
2021-09-24,russia_ukraine_war,2022-02-24,-0.8546986617816164,0.8832324140285394,80.7,-0.4725544341123401,1981,-2.512306864053736,-0.04686219528987527,0.0011437069101939464,-0.00982157742547429,0.002467451303454375,0.0014599428113642636,-0.000301664324388619,17.75,33.0,Fear,27.0
2021-09-27,russia_ukraine_war,2022-02-24,-0.7684189634652416,0.976845591188668,80.7,-0.4725544341123401,2390,-2.376982146973196,-0.014199853523481503,0.00017147117355570008,-0.0036825501734312122,0.0005355409330335053,-0.002780243920187674,-0.005178992419633922,18.760000228881836,26.0,Fear,33.0
2021-09-28,russia_ukraine_war,2022-02-24,-0.6372387942022675,1.1191756255390528,80.7,-0.4725544341123401,2311,-2.799625650517277,-0.028852332947741827,-0.008147357577374788,-0.015699550207062745,0.00416777950204647,-0.020574317739894057,-0.02868340875171894,23.25,25.0,Extreme Fear,26.0
2021-09-29,russia_ukraine_war,2022-02-24,-0.6428207228690576,1.1131192520540258,80.7,-0.4725544341123401,2312,-2.7834828418640973,0.012828924814572349,-0.008272426561606493,0.0017335233433045125,0.006060299406031902,0.0015679543362838073,-0.002356525147302429,22.559999465942383,24.0,Extreme Fear,25.0
2021-09-30,russia_ukraine_war,2022-02-24,-0.8519164734003342,0.8862510788930685,80.7,-0.4725544341123401,2494,-2.0827590650293617,0.05218276011816411,0.01944380650125953,-0.00013849520855146894,-0.0009544127097906373,-0.011981202945014901,-0.004410097016206169,23.139999389648438,20.0,Extreme Fear,24.0
2021-10-01,russia_ukraine_war,2022-02-24,-0.8507560469354397,0.8875101376329488,79.03,-0.5067952629369188,2257,-2.263885892740857,0.09420841893127979,0.0009679989072590911,0.007111561932570565,-0.0022305929207415798,0.011425952113334161,0.008141969927935398,21.100000381469727,27.0,Fear,20.0
2021-10-04,russia_ukraine_war,2022-02-24,-0.7698456755583216,0.9752976134542506,79.03,-0.5067952629369188,2364,-2.394615795310581,0.02048744985142254,0.005222509201740211,-0.002548896593316944,-0.0024487992945298764,-0.013070952048643704,-0.02159668809301126,22.959999084472656,54.0,Neutral,27.0
2021-10-05,russia_ukraine_war,2022-02-24,-0.8114554685941069,0.9301511305264588,79.03,-0.5067952629369188,2319,-2.320162841504051,0.047747610534684515,-0.0037438217890526193,-0.009703388502228438,0.001810595281479932,0.010469517498601526,0.012433335170893687,21.299999237060547,59.0,Greed,54.0
2021-10-06,russia_ukraine_war,2022-02-24,-0.2638563670466189,1.5242942801457395,79.03,-0.5067952629369188,3146,-2.975695014908193,0.07201410137731079,0.0005113629953223071,0.005625583854833334,0.003080940403953685,0.004094399349624824,0.004705613417671806,21.0,68.0,Greed,59.0
2021-10-07,russia_ukraine_war,2022-02-24,-0.5480915590443873,1.2159000703507292,79.03,-0.5067952629369188,2321,-3.0307799719432893,-0.028498794333346032,-0.001477930901064451,-0.010512816453615589,-0.0005304835705060195,0.008264039225065405,0.01043429290005829,19.540000915527344,76.0,Extreme Greed,68.0
2021-10-08,russia_ukraine_war,2022-02-24,-0.9039160133137882,0.8298317561885117,79.03,-0.5067952629369188,3242,-1.582422463426658,0.0030037607441677503,-0.0009105774646536376,-0.007023486981900746,-0.0015933034880511287,-0.0019155566024214522,-0.005095489870618854,18.770000457763672,74.0,Greed,76.0
2021-10-11,russia_ukraine_war,2022-02-24,-0.6374255283425073,1.1189730196364682,79.03,-0.5067952629369188,2434,-2.682454498513651,0.06313191930151357,-0.000968454449423833,-0.0025405842791747283,0.0026540702538542737,-0.006889441644339833,-0.00642269309919565,20.0,71.0,Greed,74.0
2021-10-12,russia_ukraine_war,2022-02-24,-0.8969333711551098,0.8374078990147099,79.03,-0.5067952629369188,2383,-2.042593071602238,-0.02543576350608531,0.00210656414060376,0.016955482999602724,0.0021181638095369793,-0.0024197056865549256,-0.001400952791876198,19.850000381469727,78.0,Extreme Greed,71.0
2021-10-13,russia_ukraine_war,2022-02-24,-0.6789459421103511,1.0739235129082634,79.03,-0.5067952629369188,2172,-2.82804650510358,0.023978814816483514,0.019933037412385866,0.009679236950709626,-0.004665913190058471,0.0030179558702319183,0.0072816169987170295,18.639999389648438,70.0,Greed,78.0
2021-10-14,russia_ukraine_war,2022-02-24,-0.7871170401476463,0.9565582420302924,79.03,-0.5067952629369188,2030,-2.6654928113251697,-0.0013872457018979745,0.0016711234290114187,0.0037085994202657544,-0.001276353566144664,0.016919162285711567,0.0171318662008978,16.860000610351562,70.0,Greed,70.0
2021-10-15,russia_ukraine_war,2022-02-24,-0.3987522784035601,1.37793267835004,79.03,-0.5067952629369188,2187,-3.607908484700933,0.0718874583745788,-0.01655527628627928,-0.00584379025665309,-0.00021284345906875498,0.007432520637190081,0.0049736470337934414,16.299999237060547,71.0,Greed,70.0
2021-10-18,russia_ukraine_war,2022-02-24,-0.9524196332403144,0.7772054946960362,79.03,-0.5067952629369188,1945,-2.245212844784003,0.006991272784242626,-0.001358948308654003,0.004677781947418656,0.00010638678884283328,0.0033690878018038262,0.008320453427676443,16.309999465942383,78.0,Extreme Greed,71.0
2021-10-19,russia_ukraine_war,2022-02-24,-0.7905817146875235,0.9527990820212434,79.03,-0.5067952629369188,2391,-2.317674063589541,0.03541344366049976,0.0027726159189181846,-0.013890619254703739,-0.0017044430943799318,0.007366142784235753,0.007116253793701611,15.699999809265137,75.0,Greed,78.0
2021-10-20,russia_ukraine_war,2022-02-24,-0.0635752215518492,1.7415986370326373,79.03,-0.5067952629369188,3381,-3.214755302805888,0.026577834542035658,0.008104059610460861,-0.006773068140163706,-0.0024553346608808483,0.003657333598560689,-0.0004899152327717522,15.489999771118164,82.0,Extreme Greed,75.0
2021-10-21,russia_ukraine_war,2022-02-24,-0.656889589706517,1.0978545797220944,79.03,-0.5067952629369188,2832,-2.3288398486306985,-0.059027668390729156,-0.0016268056619152453,-0.001191757110774622,0.002242024010452385,0.002991393168360022,0.006198347332167434,15.010000228881836,84.0,Extreme Greed,82.0
2021-10-22,russia_ukraine_war,2022-02-24,0.0814124103684859,1.898909721074872,79.03,-0.5067952629369188,4026,-3.0700749274382897,-0.02470225108270476,0.00799626763164088,0.010952757375812512,-0.0017077177280720903,-0.0010731292246643565,-0.008282262911190018,15.430000305175781,75.0,Greed,84.0
2021-10-25,russia_ukraine_war,2022-02-24,-0.9579784969544932,0.7711741466055936,79.03,-0.5067952629369188,2287,-1.9457827097622584,0.03795038687769316,0.005830920310793144,-0.001527574343545255,0.0021342122090419174,0.004736959440853509,0.009005580549215842,15.239999771118164,72.0,Greed,75.0
2021-10-26,russia_ukraine_war,2022-02-24,-0.8184528154867698,0.9225590331142518,79.03,-0.5067952629369188,2221,-2.384840034808993,-0.04337718610106227,-0.0073916189533362806,0.008235072325041204,0.001491259263838429,0.0018181414322441137,0.0005908920095611327,15.979999542236328,76.0,Extreme Greed,72.0
2021-10-27,russia_ukraine_war,2022-02-24,-1.0175005966932036,0.7065928722558519,79.03,-0.5067952629369188,2032,-1.9673246563436413,-0.03166384386368273,0.0028964946878651475,0.018030807327540217,-0.0009583765076287842,-0.0050643703711055294,8.524857667788918e-06,16.979999542236328,73.0,Greed,76.0
2021-10-28,russia_ukraine_war,2022-02-24,-0.6235897040228352,1.1339848416347849,79.03,-0.5067952629369188,3008,-2.293156684334831,0.03593449158802419,0.0020558146825891866,-0.0033900634635105164,-0.005448463227110494,0.009781288424184026,0.013836783815929735,16.530000686645508,66.0,Greed,73.0
2021-10-29,russia_ukraine_war,2022-02-24,-0.8451438034349898,0.8935994026086665,79.03,-0.5067952629369188,2027,-2.4931516610807503,0.026144375505153635,-0.0103778065309083,0.003051553150459394,0.00821473939891801,0.0019474372317175562,0.0032488042009141153,16.260000228881836,70.0,Greed,66.0
2021-11-01,russia_ukraine_war,2022-02-24,-0.415907388077504,1.3593194431110895,86.57,-0.3521989459684621,3654,-2.364168588421357,-0.01985839909486791,0.006763378213492534,-0.008499694045079456,-0.0025532513143497375,0.0017984589459023885,0.006273211698793726,16.40999984741211,74.0,Greed,70.0
2021-11-02,russia_ukraine_war,2022-02-24,-0.8167515666254884,0.9244048823018628,86.57,-0.3521989459684621,2829,-1.9625651829167816,0.0357758773484733,-0.003571645375540873,0.004428814510433304,0.0022343903708122413,0.003673607120388547,0.0034359960159072674,16.030000686645508,73.0,Greed,74.0
2021-11-03,russia_ukraine_war,2022-02-24,-0.5651107435928809,1.1974343134073409,86.57,-0.3521989459684621,2730,-2.615705723935841,-0.004062805617150114,-0.014131911060620329,-0.010387498543550422,-0.002447415228269999,0.00644049461289024,0.010297255324539309,15.100000381469727,76.0,Extreme Greed,73.0
2021-11-04,russia_ukraine_war,2022-02-24,-0.6444059285957772,1.1113993092699597,86.57,-0.3521989459684621,2632,-2.5002635048622577,-0.02439903425460908,0.01653303396466099,0.010455548209044058,0.005206938772963419,0.004173222342817036,0.008108506228736543,15.4399995803833,73.0,Greed,76.0
2021-11-05,russia_ukraine_war,2022-02-24,-0.9677709170076568,0.7605494043875368,86.57,-0.3521989459684621,1891,-2.250117226383321,-0.005328129187967981,0.012966339059569584,0.014845055885905971,-0.0003180026484424563,0.003725850045284445,0.00196041501947168,16.479999542236328,73.0,Greed,73.0
2021-11-08,russia_ukraine_war,2022-02-24,-0.2434603879822282,1.5464238475731529,86.57,-0.3521989459684621,2726,-3.382024395217057,0.1001851509422912,0.006037671259816749,-0.001877171189618116,-0.0028666647982914274,0.0008873940607025194,0.0006741268703589966,17.219999313354492,75.0,Greed,73.0
2021-11-09,russia_ukraine_war,2022-02-24,-0.1401328070245361,1.6585339190090909,86.57,-0.3521989459684621,3199,-3.195765900218702,-0.008845099182201409,0.0015310188776383894,0.012934391738804509,-0.0009574381483746513,-0.0035049109264001276,-0.006013423750049305,17.780000686645508,84.0,Extreme Greed,75.0
2021-11-10,russia_ukraine_war,2022-02-24,-0.4826936815664178,1.2868565434226762,86.57,-0.3521989459684621,2862,-2.706944268974211,-0.02995816542044536,0.009462262540359543,-0.01845225326494334,0.009427530246825844,-0.008259842163861058,-0.016746589905313844,18.729999542236328,75.0,Greed,84.0
2021-11-11,russia_ukraine_war,2022-02-24,-0.4203403650666605,1.3545096782610666,86.57,-0.3521989459684621,2914,-2.8087772393122945,-0.0006967481072823624,0.00840792702102006,-0.0014855916443047622,0.0034731586055271276,0.0005507883329889288,0.005207681697998991,17.65999984741211,77.0,Extreme Greed,75.0
2021-11-12,russia_ukraine_war,2022-02-24,-0.3745949453872607,1.4041433019324112,86.57,-0.3521989459684621,2779,-3.023840703632222,-0.012300437518712916,0.002519404872046127,-0.004402119478006557,-0.0005254905527815986,0.007196697564130407,0.00992743746721808,16.290000915527344,74.0,Greed,77.0
2021-11-15,russia_ukraine_war,2022-02-24,-0.7745417190809832,0.9702024223163932,86.57,-0.3521989459684621,1883,-2.8807319059835206,-0.009365857500370903,-0.0009641397790913792,-0.012636390396758741,0.002939084800136806,-1.0739878017001878e-05,-0.00044839314994891624,16.489999771118164,72.0,Greed,74.0
2021-11-16,russia_ukraine_war,2022-02-24,-0.2595408654534871,1.528976584593436,86.57,-0.3521989459684621,2836,-3.239716028171605,-0.05492245425158357,-0.006720997509486058,-0.002546511041626538,0.005331058483243259,0.0038577790571266367,0.0075413098271098315,16.3700008392334,71.0,Greed,72.0
2021-11-17,russia_ukraine_war,2022-02-24,-0.4608417585568677,1.310565805043892,86.57,-0.3521989459684621,2490,-3.08396134709495,0.00343096492223367,0.008648283108735479,0.00789374257614461,-0.0009386841668716006,-0.0026050154828958787,-0.0032788449518043354,17.110000610351562,52.0,Neutral,71.0
2021-11-18,russia_ukraine_war,2022-02-24,0.0156434280889348,1.827550600564265,86.57,-0.3521989459684621,3299,-3.438119293419611,-0.058423750403308876,-0.004663986413490948,0.003753394836392568,-0.00303078991851706,0.0033790647401719144,0.004520704231817726,17.59000015258789,54.0,Neutral,52.0
2021-11-19,russia_ukraine_war,2022-02-24,-0.7482683180176058,0.9987089724821844,86.57,-0.3521989459684621,2034,-2.7783491594647174,0.02046697304630566,-0.005279926579310966,0.010502539613711113,0.005532071700573137,-0.001399644604988097,0.003976802827012146,17.90999984741211,34.0,Fear,54.0
2021-11-22,russia_ukraine_war,2022-02-24,-0.7970086778701967,0.9458258489807772,86.57,-0.3521989459684621,1612,-3.208723281790568,-0.03199831049826213,-0.02471959608600904,-0.011797584242439804,0.0044659190998912884,-0.003202258316960725,-0.012702564418120836,19.170000076293945,50.0,Neutral,34.0
2021-11-23,russia_ukraine_war,2022-02-24,-0.8139312979979544,0.9274648641031482,86.57,-0.3521989459684621,2047,-2.5663872955146463,0.022481248103212805,-0.012536729177984571,-0.014564664940453434,-0.0001036544520456188,0.001655761383195201,-0.005034495008473966,19.3799991607666,33.0,Fear,50.0
2021-11-24,russia_ukraine_war,2022-02-24,-0.8732465976337909,0.863107967156722,86.57,-0.3521989459684621,2344,-2.134011118394608,-0.02263871996463873,0.0003363468974658657,0.015927889015849177,0.003620740360880322,0.0022912237766672798,0.004433277336696435,18.579999923706055,42.0,Fear,33.0
2021-11-26,russia_ukraine_war,2022-02-24,-0.4585996206347929,1.3129985170098863,86.57,-0.3521989459684621,2242,-3.367769819601848,-0.049361962860501804,0.0006724229725988722,0.024954995194708923,-0.0077748800758427,-0.022987011159321162,-0.02256671355415229,28.6200008392334,47.0,Neutral,42.0
2021-11-29,russia_ukraine_war,2022-02-24,-0.9476933279774384,0.782333519718378,86.57,-0.3521989459684621,1816,-2.3956521048380006,0.07611754010353453,-0.00168180324307445,-0.008070688666175684,0.002598349011796134,0.013113836082824229,0.01862082053947445,22.959999084472656,33.0,Fear,47.0
2021-11-30,russia_ukraine_war,2022-02-24,-0.8040316067003502,0.9382059952540128,86.57,-0.3521989459684621,2262,-2.3888259228773188,-0.013955922421075117,-0.0048933268890934195,0.015087780717069623,-0.00363956606900207,-0.019143381187850562,-0.015653932329884056,27.190000534057617,40.0,Fear,33.0
2021-12-01,russia_ukraine_war,2022-02-24,-0.7911242028069312,0.9522104842697404,105.35,0.0328566021306917,1994,-2.693622207066795,0.003928780734843055,0.00450045770286688,0.004935357091649752,0.0006249238664344374,-0.011885541457955926,-0.018423684134611772,31.1200008392334,34.0,Fear,40.0
2021-12-02,russia_ukraine_war,2022-02-24,-0.5586763803080511,1.2044155755333013,105.35,0.0328566021306917,2569,-2.763143843728893,-0.013227302108743101,-0.011800393739534874,0.0012464491032168831,0.0008324925190247657,0.014094638396057768,0.008308777697790867,27.950000762939453,32.0,Fear,34.0
2021-12-03,russia_ukraine_war,2022-02-24,-0.5654157233825766,1.1971034113800951,105.35,0.0328566021306917,2395,-2.9079540882171533,-0.05233158566534184,0.012024899530579426,0.011861500482709222,-0.00010397406340636346,-0.00848445514173865,-0.01942179568122206,30.670000076293945,31.0,Fear,32.0
2021-12-06,russia_ukraine_war,2022-02-24,-0.7683468124138642,0.9769238748322908,105.35,0.0328566021306917,2604,-2.2168159020550764,-0.05790820753128771,-0.0025284463533586377,-0.013830283486179875,0.0017670413174344897,0.011662599309686139,0.00921668064270508,27.18000030517578,16.0,Extreme Fear,31.0
2021-12-07,russia_ukraine_war,2022-02-24,-0.5244474225660876,1.2415538774471,105.35,0.0328566021306917,3398,-2.2828873803815424,0.002319467736866812,0.0028650763234604835,-0.008112670190410334,0.0008304976033663046,0.020495603186252546,0.029878547695961613,21.889999389648438,25.0,Extreme Fear,16.0
2021-12-08,russia_ukraine_war,2022-02-24,-0.3056141854726986,1.478987190176474,105.35,0.0328566021306917,3811,-2.491634158289904,-0.0038592862213869153,0.0004487093895392277,-0.017435897910047574,-0.004993283563112237,0.003080535586585806,0.006358958846203535,19.899999618530273,28.0,Fear,25.0
2021-12-09,russia_ukraine_war,2022-02-24,-0.5130128524310184,1.253960346879562,105.35,0.0328566021306917,3411,-2.298920996783924,-0.057721555808476536,-0.004946636746660119,0.005577796319051211,0.003955014119420443,-0.007206988232523656,-0.017226148778454936,21.579999923706055,29.0,Fear,28.0
2021-12-10,russia_ukraine_war,2022-02-24,-0.4011769693302777,1.375301896999263,105.35,0.0328566021306917,3071,-2.736124503347404,-0.009035819421615396,0.004666234090444804,-0.002415464191991693,-0.00228778793272734,0.009503769118209724,0.00727045723703465,18.690000534057617,24.0,Extreme Fear,29.0
2021-12-13,russia_ukraine_war,2022-02-24,-0.672041364123163,1.0814149563757691,105.35,0.0328566021306917,2082,-2.950158608649645,-0.010764521753285895,0.001905203055442121,0.014670821691534074,0.0028070574049968754,-0.009178158342793815,-0.014001013198686334,20.309999465942383,28.0,Fear,24.0
2021-12-14,russia_ukraine_war,2022-02-24,-0.4570809842733058,1.3146462322606791,105.35,0.0328566021306917,2636,-2.9538754813389034,-0.002674827620426481,-0.008940945262643642,-0.002386007341570344,0.0025921524265177876,-0.0074987228546236715,-0.011460833670692826,21.889999389648438,21.0,Extreme Fear,28.0
2021-12-15,russia_ukraine_war,2022-02-24,-0.4566523728102759,1.3151112742300468,105.35,0.0328566021306917,2434,-3.152646303081102,0.04783877809998121,-0.00441554571258348,-0.009668333109188545,-0.0006214787648215598,0.016216267351890877,0.021293411756569507,19.290000915527344,28.0,Fear,21.0
2021-12-16,russia_ukraine_war,2022-02-24,-0.5584857521498127,1.2046224064320772,105.35,0.0328566021306917,2302,-3.0230821189430404,-0.025504064198459072,0.019105998391674383,-0.0007372942495366682,-0.0048818711680303295,-0.008781863311112446,-0.025054993582380974,20.56999969482422,29.0,Fear,28.0
2021-12-17,russia_ukraine_war,2022-02-24,-0.8973613926096239,0.8369434972025613,105.35,0.0328566021306917,2173,-2.2031446415103124,-0.031180093256039692,0.003999601595126616,0.011267928896843395,0.005503349932851982,-0.01034096458405368,-0.0007083994536383065,21.56999969482422,23.0,Extreme Fear,29.0
2021-12-20,russia_ukraine_war,2022-02-24,-0.8654873011548659,0.8715267772603,105.35,0.0328566021306917,1772,-2.725303167087265,0.014570845851164436,-0.0056150794682417494,-0.007520115880259526,-0.00020709033609644367,-0.01145339832325659,-0.012519923136243588,22.8700008392334,25.0,Extreme Fear,23.0
2021-12-21,russia_ukraine_war,2022-02-24,-0.913577851636428,0.8193486947008229,105.35,0.0328566021306917,2153,-2.1734964370341667,0.042928792887466996,-0.0032387379200195265,-0.0038148295230814753,-0.0006216865896843751,0.017621755385195486,0.02375608415585359,21.010000228881836,27.0,Fear,25.0
2021-12-22,russia_ukraine_war,2022-02-24,-0.6431520281640657,1.1127597869436825,105.35,0.0328566021306917,2035,-3.0943539540574463,-0.006315834406489169,0.007633384981113343,0.004616180889847518,-0.004258157063561704,0.010128728029127596,0.01171642374947772,18.6299991607666,45.0,Fear,27.0
2021-12-23,russia_ukraine_war,2022-02-24,-0.697221573345914,1.05409451561281,105.35,0.0328566021306917,2048,-2.9155888446738936,0.043381939329586325,0.005314436655823481,-0.008714964330739443,-0.0006247286873139679,0.006204412685251626,0.008434973712733093,17.959999084472656,34.0,Fear,45.0
2021-12-27,russia_ukraine_war,2022-02-24,-0.8838930015976798,0.8515566553204742,105.35,0.0328566021306917,1752,-2.688870180099663,-0.0028419275682950926,-0.001713025395370446,0.00242098705517676,0.0007287460359134823,0.013744051573605864,0.013823674950027278,17.68000030517578,40.0,Fear,34.0
2021-12-28,russia_ukraine_war,2022-02-24,-0.4768319127843971,1.2932165424742592,105.35,0.0328566021306917,2262,-3.2927408438909938,-0.062151426511976506,0.0011607527646842581,-0.003970874419237966,0.001144111770673744,-0.0010106653988873737,-0.005657620820348277,17.540000915527344,41.0,Fear,40.0
2021-12-29,russia_ukraine_war,2022-02-24,-0.7622561038438224,0.9835322727697444,105.35,0.0328566021306917,2066,-2.7005246026153604,-0.024336011956341844,-0.0028213310498173137,-0.010984617937240346,-0.002810563937515839,0.0014009134018576786,-0.0009826316086487233,16.950000762939453,27.0,Fear,41.0
2021-12-30,russia_ukraine_war,2022-02-24,-0.6514760858896663,1.1037282128218024,105.35,0.0328566021306917,2454,-2.6282755854494178,0.01566773871313257,0.004201441162821637,0.008351175674415451,0.00041689333807850074,-0.002994233841904309,-0.0015653379473690395,17.329999923706055,22.0,Extreme Fear,27.0
2021-12-31,russia_ukraine_war,2022-02-24,-0.651400796475955,1.1038099015778084,105.35,0.0328566021306917,2731,-2.410481777032444,-0.018649172756865187,0.00813149309174338,0.0019589222280259485,-0.0031309047983704877,-0.0026296343734744394,-0.006154879232333314,17.219999313354492,28.0,Fear,22.0
2022-01-03,russia_ukraine_war,2022-02-24,-1.0651818835351263,0.654858839343631,138.67,0.7160328993971349,1697,-2.125207234451598,0.003270042051984305,-0.015495623073024625,-0.026600763748397278,0.0059402989187165,0.006353824170388397,0.011934283162888783,16.600000381469727,29.0,Fear,28.0
2022-01-04,russia_ukraine_war,2022-02-24,-0.9528020040500634,0.7767906236771013,138.67,0.7160328993971349,1888,-2.301266142822571,-0.012138934663861074,0.00808106212417286,-0.004166715080555048,0.0005194312906987,-0.0006298202522032699,-0.013357477786139719,16.90999984741211,23.0,Extreme Fear,29.0
2022-01-05,russia_ukraine_war,2022-02-24,-0.7543466997503976,0.9921139491209272,138.67,0.7160328993971349,1788,-3.0786225887878307,-0.05206628845481275,0.005826419855790741,-0.005442751504509346,-0.001039053214607986,-0.019583264304501073,-0.034020250610684456,19.729999542236328,24.0,Extreme Fear,23.0
2022-01-06,russia_ukraine_war,2022-02-24,-0.0897192814600792,1.71323242157718,138.67,0.7160328993971349,2760,-3.7097835678106215,-0.009410297303589778,-0.019871699829780518,0.002585481529947713,0.0006235456222880722,-0.0009642337401809882,-0.0012795834186070055,19.610000610351562,15.0,Extreme Fear,24.0
2022-01-07,russia_ukraine_war,2022-02-24,-0.0782379175269702,1.7256896621202436,138.67,0.7160328993971349,2653,-3.8573926404557537,-0.037847988650375176,0.0046295360824668225,-0.007214171181595683,-0.005312811516362239,-0.004058441082336512,-0.009658676305817711,18.760000228881836,18.0,Extreme Fear,15.0
2022-01-10,russia_ukraine_war,2022-02-24,-0.3068565665126944,1.477639211003308,138.67,0.7160328993971349,2934,-3.047531612124542,0.006317171772508446,0.0007787864912479449,0.002457305336725378,0.002607835469195086,-0.0014420705375388979,0.0004638542210820489,19.399999618530273,23.0,Extreme Fear,18.0
2022-01-11,russia_ukraine_war,2022-02-24,-0.4937881739821156,1.2748190571509457,138.67,0.7160328993971349,2621,-2.8776178556166165,0.021633410637439378,0.011169566592358682,0.006639413244692226,-0.0038619651988411473,0.009118286452399373,0.013996650333214698,18.40999984741211,21.0,Extreme Fear,23.0
2022-01-12,russia_ukraine_war,2022-02-24,-0.6403130620722306,1.1158400554296946,138.67,0.7160328993971349,2264,-2.839035667223017,0.027993907251911834,0.004717752871602087,-0.003838529799438332,-0.006505140321344484,0.0028137920146670695,0.0023030553683197528,17.6200008392334,22.0,Extreme Fear,21.0
2022-01-13,russia_ukraine_war,2022-02-24,-0.2365494179217501,1.5539222264182848,138.67,0.7160328993971349,2875,-3.2569612693736545,-0.03137582795207003,-0.0032891160891035777,0.008841328100889726,-0.002212963477110414,-0.014346029234400533,-0.025444116004150107,20.309999465942383,21.0,Extreme Fear,22.0
2022-01-14,russia_ukraine_war,2022-02-24,-0.1714958770659917,1.6245050954345062,138.67,0.7160328993971349,3126,-3.1872003787151213,0.011859664695822615,-0.0025840249884074937,-0.01522476951937412,0.0040008187209907,0.0008196442695905652,0.005854480809005953,19.190000534057617,21.0,Extreme Fear,21.0
2022-01-18,russia_ukraine_war,2022-02-24,-0.6303893006706557,1.1266073025609258,138.67,0.7160328993971349,2434,-2.700755758878526,-0.016942519184628902,-0.002314788905823573,-0.014174581146927979,0.005867017180523348,-0.0185591053980085,-0.026317236629027907,22.790000915527344,24.0,Extreme Fear,21.0
2022-01-19,russia_ukraine_war,2022-02-24,-0.5361180653268546,1.2288912700243186,138.67,0.7160328993971349,3041,-2.4637986426539378,-0.01500991044287061,0.016852139555948643,0.006899776097065591,-0.0023007876117351906,-0.009736790941460195,-0.0115534754708123,23.850000381469727,24.0,Extreme Fear,24.0
2022-01-20,russia_ukraine_war,2022-02-24,0.2915100289810843,2.126864917672605,138.67,0.7160328993971349,4540,-3.1474481155325784,-0.02581674309560386,-0.00032557824789001627,0.006148177291658195,0.0024051852383221925,-0.011098742304330734,-0.013072300202161257,25.59000015258789,24.0,Extreme Fear,24.0
2022-01-21,russia_ukraine_war,2022-02-24,0.2839591490935533,2.11867223885685,138.67,0.7160328993971349,4637,-3.087618861818629,-0.10960468291543993,-0.00582422843878814,0.011836132142394916,-0.0010450254431677937,-0.019095995324635427,-0.027584776944810815,28.850000381469727,19.0,Extreme Fear,24.0
2022-01-24,russia_ukraine_war,2022-02-24,0.2527842829933739,2.08484761591394,138.67,0.7160328993971349,4398,-3.157619964605336,0.005389352048233743,0.005389914964327385,-0.008249542918945325,0.0029233554215008957,0.0027679047582695165,0.0062416800890232665,29.899999618530273,13.0,Extreme Fear,19.0
2022-01-25,russia_ukraine_war,2022-02-24,0.482633900740272,2.334233663920608,138.67,0.7160328993971349,5100,-3.1776908894452607,0.008142486826951165,0.005954976611818967,-0.0016158764819809797,0.00031269901813458834,-0.012246590556866267,-0.023059720935797518,31.15999984741211,12.0,Extreme Fear,13.0
2022-01-26,russia_ukraine_war,2022-02-24,0.2066454176491123,2.034787105043796,138.67,0.7160328993971349,4499,-3.0311296053199235,-0.0027608244495656064,-0.01238267432546163,-0.012167674264774322,0.0056121632448956965,-0.0014977569258856588,0.0002090052267569828,31.959999084472656,23.0,Extreme Fear,12.0
2022-01-27,russia_ukraine_war,2022-02-24,-0.0559695073324976,1.7498508109106068,138.67,0.7160328993971349,4173,-2.754699456830404,0.007733837890785913,-0.02020380869292505,0.018196438414435266,0.007948473046866394,-0.005398635199970923,-0.01408021365238414,30.489999771118164,20.0,Extreme Fear,23.0
2022-01-28,russia_ukraine_war,2022-02-24,0.2055379608086396,2.0335855181649887,138.67,0.7160328993971349,4623,-2.970112283781282,0.017247505090414967,-0.004695120268889005,0.0003494151224176805,0.00010275543008731461,0.024055967914736694,0.030809105566975335,27.65999984741211,24.0,Extreme Fear,20.0
2022-01-31,russia_ukraine_war,2022-02-24,-0.1782482281717428,1.6171788176119737,138.67,0.7160328993971349,3438,-2.946870391327979,0.018325313348447322,0.005642617008805025,-0.005183574804228019,-0.00753314265410261,0.018709826222984446,0.03351274183982503,24.829999923706055,20.0,Extreme Fear,24.0
2022-02-01,russia_ukraine_war,2022-02-24,-0.245382700956396,1.5443381445802178,216.16,2.304848363838212,3836,-2.5889408598334245,0.006737318502634114,0.002948322863412963,-0.00471647889566906,-0.0015549842519736819,0.006839560348317067,0.007424686951740739,21.959999084472656,26.0,Fear,20.0
2022-02-02,russia_ukraine_war,2022-02-24,-0.0876601188423972,1.7154666059646095,216.16,2.304848363838212,4257,-2.6611075178189925,-0.04731073995912287,0.0049313868291021275,0.0033812072973584515,-0.004679433942635032,0.009378400448324454,0.004975043257946109,22.09000015258789,28.0,Fear,26.0
2022-02-03,russia_ukraine_war,2022-02-24,-0.384060162184391,1.3938735741264596,216.16,2.304848363838212,3386,-2.5699684770084623,0.005441215831991581,-0.0034327874115770577,-0.007836537238888235,-0.0058541374472642115,-0.024693471720120656,-0.038082241390358755,24.350000381469727,20.0,Extreme Fear,28.0
2022-02-04,russia_ukraine_war,2022-02-24,-0.6809992609307361,1.0716956690208856,216.16,2.304848363838212,2843,-2.26633607144238,0.11062688345744714,0.0019946679986083213,-0.014852125196549161,0.0010479525552560794,0.005143678439863626,0.015669676475386397,23.219999313354492,20.0,Extreme Fear,20.0
2022-02-07,russia_ukraine_war,2022-02-24,-0.3217879412046513,1.461438720603388,216.16,2.304848363838212,3959,-2.392598830841944,0.05483863574338118,0.007719491459363494,0.0006473093353358288,-0.0008382421803503835,-0.003708580927828488,-0.005857652225023406,22.860000610351562,45.0,Fear,20.0
2022-02-08,russia_ukraine_war,2022-02-24,-0.3440647320684559,1.437268478815504,216.16,2.304848363838212,3716,-2.468009351058152,0.006324808965338507,0.003290198230438897,-0.00670834499162229,0.0025125417595850096,0.00836611346663433,0.01267507307453662,21.440000534057617,48.0,Neutral,45.0
2022-02-09,russia_ukraine_war,2022-02-24,-0.5093260121122131,1.2579605559978166,216.16,2.304848363838212,3363,-2.3316194881375614,0.00498211368199733,0.004697138876945367,0.0018799319740641506,-0.0015696286175007012,0.014412842079264784,0.020633242048742065,19.959999084472656,54.0,Neutral,48.0
2022-02-10,russia_ukraine_war,2022-02-24,-0.1769381617910014,1.618600235148022,216.16,2.304848363838212,4081,-2.590573324554303,-0.01760339378138894,0.0005447513489833872,-0.016020127374601394,0.0006281950342758991,-0.01828182448505601,-0.02125413840295057,23.90999984741211,50.0,Neutral,54.0
2022-02-11,russia_ukraine_war,2022-02-24,-0.2069715680411349,1.5860140922328436,216.16,2.304848363838212,4071,-2.543055770885215,-0.026921126055171853,0.002502094128990784,0.014719037986590383,0.005531494204194163,-0.019151682638086528,-0.028203050126456884,27.360000610351562,50.0,Neutral,50.0
2022-02-14,russia_ukraine_war,2022-02-24,0.6664754816066637,2.533701149492209,216.16,2.304848363838212,6179,-3.019912646588492,0.004211566272222369,0.014668053542140463,-0.012519278646698976,0.0030137815342469367,-0.0038479907556283146,-1.671149028291235e-05,28.329999923706055,46.0,Fear,50.0
2022-02-15,russia_ukraine_war,2022-02-24,0.8532397215079027,2.7363397101063383,216.16,2.304848363838212,6862,-3.040798458673444,0.045630604487240684,-0.007091439946204802,-0.011417774093033382,-0.0039509812428535395,0.015643717646064172,0.024980271697116627,25.700000762939453,46.0,Fear,46.0
2022-02-16,russia_ukraine_war,2022-02-24,0.6218549168232196,2.4852879895302813,216.16,2.304848363838212,5999,-3.0222969141444804,-0.01385529504989858,0.008268451050258554,0.005909332220487723,-0.0030257305506146844,0.0008808197202838003,-0.0011088315071790878,24.290000915527344,51.0,Neutral,46.0
2022-02-17,russia_ukraine_war,2022-02-24,0.796085640441774,2.674327727905742,216.16,2.304848363838212,6574,-3.05757755884711,-0.08108233071910446,0.016176862774401283,0.007410934136587796,0.0010444502622120751,-0.021400504136936647,-0.029266332389069793,28.110000610351562,52.0,Neutral,51.0
2022-02-18,russia_ukraine_war,2022-02-24,1.0287553113620909,2.9267735239467174,216.16,2.304848363838212,6177,-3.4891791736138265,-0.012586526423760572,-0.0011054540785265011,0.01047207954812998,0.002502064053499768,-0.007191961663866342,-0.012371381904165955,27.75,30.0,Fear,52.0
2022-02-22,russia_ukraine_war,2022-02-24,2.8135017825267914,4.863217332296784,216.16,2.304848363838212,13734,-3.559471036316892,-0.04456856016148078,0.003942497337925904,0.002600974088741333,-0.00010415094762741463,-0.010194735435016016,-0.0123695092126878,28.809999465942383,20.0,Extreme Fear,30.0
2022-02-23,russia_ukraine_war,2022-02-24,2.557999024189177,4.585997714612733,216.16,2.304848363838212,12150,-3.592801186858657,-0.026183634615420347,0.0016250236299235957,-0.013877533996185621,0.0016647976074093411,-0.018583735748788438,-0.026045544324412112,31.020000457763672,25.0,Extreme Fear,20.0
2022-02-24,russia_ukraine_war,2022-02-24,5.805262485925705,8.109267448524882,216.16,2.304848363838212,26965,-4.251835704137148,0.027399579951549815,0.008293621186042542,0.0006583404712762298,0.009827803088777518,0.014846105252724002,0.03290239021903263,30.31999969482422,23.0,Extreme Fear,25.0
2022-02-25,russia_ukraine_war,2022-02-24,4.529664642951718,6.725248157897172,216.16,2.304848363838212,26543,-3.551148363229533,0.022738450595305906,-0.020254641338243038,0.0007308204166058794,-0.005367443081482192,0.022126080551265786,0.016271602029804714,27.59000015258789,27.0,Fear,23.0
2022-02-28,russia_ukraine_war,2022-02-24,3.831860154738671,5.968132678208212,216.16,2.304848363838212,23205,-3.351296956194762,0.09664446705281778,0.006814799258052393,0.021681850333208567,0.0009310127092420202,-0.0024455914631261143,0.004137601983257069,30.149999618530273,20.0,Extreme Fear,27.0
2022-03-01,russia_ukraine_war,2022-02-24,3.5651630011202906,5.678767179986005,318.95,4.412402133226498,24886,-3.0874049103064403,0.026533380332524757,0.022386274771780384,0.010171926406637739,0.007212112115519748,-0.015594467786613053,-0.01604942456646288,33.31999969482422,51.0,Neutral,20.0
2022-03-02,russia_ukraine_war,2022-02-24,3.6107819304065503,5.72826356201403,318.95,4.412402133226498,26056,-3.050007835179858,-0.009753715935407227,-0.011130495531632012,-0.03478049209333302,-0.00020538267164137,0.018471046780652183,0.016094447376489046,30.739999771118164,52.0,Neutral,51.0
2022-03-03,russia_ukraine_war,2022-02-24,3.2103493375598777,5.293795570281021,318.95,4.412402133226498,22534,-3.013823235613312,-0.03409447865241336,0.007003374578962224,0.010133862689966371,0.004098801980339983,-0.005268520744245652,-0.01568954248067703,30.479999542236328,39.0,Fear,52.0
2022-03-04,russia_ukraine_war,2022-02-24,3.2414037557894786,5.327489507696894,318.95,4.412402133226498,21859,-3.0769666156894613,-0.0812852755652355,0.015745908688366235,0.017116597897881766,0.008755916249864687,-0.007965684543001903,-0.01672206226662008,31.979999542236328,33.0,Fear,39.0
2022-03-07,russia_ukraine_war,2022-02-24,3.416108646587749,5.517043715838296,318.95,4.412402133226498,20752,-3.266767212934606,-0.027866346094458493,0.014549409887335826,-0.007659085507918453,0.006466622330017505,-0.029962586814416495,-0.03691308616650448,36.45000076293945,23.0,Extreme Fear,33.0
2022-03-08,russia_ukraine_war,2022-02-24,3.101289951495617,5.175466509936232,318.95,4.412402133226498,22652,-2.939223039102824,0.01758473821596099,0.022906282220362194,-0.010110535206742875,-0.002319167751884464,-0.007260043975698096,-0.0027635584486704087,35.130001068115234,21.0,Extreme Fear,23.0
2022-03-09,russia_ukraine_war,2022-02-24,3.030985226929916,5.099186124580341,318.95,4.412402133226498,22047,-2.9331583098141465,0.08046083301385845,-0.026926590113771603,-0.009847310263668273,-0.011064380697839504,0.025373598122141117,0.03531887895665381,32.45000076293945,22.0,Extreme Fear,21.0
2022-03-10,russia_ukraine_war,2022-02-24,3.2271676626294177,5.3120433953777,318.95,4.412402133226498,21672,-3.080616325303505,-0.06254685680053026,0.00612449262362708,-0.014471541831419417,0.005496765736485601,-0.004301049920247209,-0.009519679045179046,30.229999542236328,28.0,Fear,22.0
2022-03-11,russia_ukraine_war,2022-02-24,3.150020477973545,5.22833896425981,318.95,4.412402133226498,20742,-3.0965390207323327,-0.016425482290646415,-0.007737189270018215,0.0033411096225907573,0.006173177477547135,-0.013046278933238144,-0.022034689112895123,30.75,22.0,Extreme Fear,28.0
2022-03-14,russia_ukraine_war,2022-02-24,3.1441924995750314,5.222015627658598,318.95,4.412402133226498,19019,-3.226797720032742,0.02222273623921667,-0.011719169211706966,-0.023625872416854453,-0.0006055625161930736,-0.007448675095533314,-0.02065674559501737,31.770000457763672,23.0,Extreme Fear,22.0
2022-03-15,russia_ukraine_war,2022-02-24,3.155016685640798,5.233759832466469,318.95,4.412402133226498,20207,-3.139259883368745,-0.00830247189817811,-0.015997859657440227,-0.0017470909788125531,0.00010096539017436418,0.021182629724144964,0.028784023642266437,29.829999923706055,21.0,Extreme Fear,23.0
2022-03-16,russia_ukraine_war,2022-02-24,2.3941645451537026,4.408237866002153,318.95,4.412402133226498,19560,-2.6865118109782657,0.044865467674200424,-0.010686925640050688,0.009759930056619867,-0.006989164455433316,0.022136921648393443,0.036989363367493,26.670000076293945,24.0,Extreme Fear,21.0
2022-03-17,russia_ukraine_war,2022-02-24,2.5694865638128,4.598461655758852,318.95,4.412402133226498,18089,-2.9134927083615305,-0.004690916877794194,0.017714276252213116,-0.007481655597118063,-0.003767967371965736,0.012272205068700267,0.013177396252139886,25.670000076293945,27.0,Fear,24.0
2022-03-18,russia_ukraine_war,2022-02-24,2.4221058082128595,4.438554040720838,318.95,4.412402133226498,15977,-2.9968216535555645,0.020538517974936225,-0.007182949353329487,0.01213872924695376,0.00224216578386301,0.011594814411888112,0.020289577765698643,23.8700008392334,25.0,Extreme Fear,27.0
2022-03-21,russia_ukraine_war,2022-02-24,2.64222796615307,4.677385828154383,318.95,4.412402133226498,14436,-3.332313063809766,-0.017451397341420618,0.00020743851021229863,-0.02342876970278158,0.002744846317045894,-0.0004347548543014596,-0.003993895696870011,23.530000686645508,30.0,Fear,25.0
2022-03-22,russia_ukraine_war,2022-02-24,2.5082993063569234,4.53207369098925,318.95,4.412402133226498,14293,-3.2461330692606483,0.03070379130997368,-0.004104660928568712,-0.012894541750822714,-0.00010154968625342597,0.011240699554074212,0.019348486385421537,22.940000534057617,26.0,Fear,30.0
2022-03-23,russia_ukraine_war,2022-02-24,2.366286567179112,4.377990355383468,318.95,4.412402133226498,15373,-3.0162996609652817,0.012531246090632069,0.008244168082008863,0.021678206165076947,0.0013191101543423302,-0.012348630252495208,-0.013286764867687723,23.56999969482422,31.0,Fear,26.0
2022-03-24,russia_ukraine_war,2022-02-24,2.186922347056889,4.183380790884061,318.95,4.412402133226498,17329,-2.708709811200644,0.024593725965785046,0.012826608725129677,-0.007863526983964817,0.0017222856776596017,0.014242012281618024,0.01915374951960988,21.670000076293945,40.0,Fear,31.0
2022-03-25,russia_ukraine_war,2022-02-24,2.362210056195848,4.373567354928921,318.95,4.412402133226498,15725,-2.977593566113047,0.008782716407665668,-0.0039842350856929614,-0.013970030187535787,0.00020239517499074362,0.005053380704237665,-0.0015895019796491015,20.809999465942383,47.0,Neutral,40.0
2022-03-28,russia_ukraine_war,2022-02-24,1.355033088614114,3.28078379474422,318.95,4.412402133226498,13137,-2.4605431171650345,0.06078330404132472,-0.007294465566171339,0.008513253587521316,0.002829701614618768,0.007119551020042568,0.013013735989846374,19.6299991607666,60.0,Greed,47.0
2022-03-29,russia_ukraine_war,2022-02-24,1.79361244816869,3.7566408977003416,318.95,4.412402133226498,14204,-2.699804965041848,0.00714059973919024,-0.014331939032686957,0.007524112166683076,-0.006987671548294082,0.01218204410139109,0.01827443162131458,18.899999618530273,56.0,Greed,60.0
2022-03-30,russia_ukraine_war,2022-02-24,1.5696481116904202,3.513640359712695,318.95,4.412402133226498,13000,-2.650507312548207,-0.0085279952347302,0.011182017436005276,0.007771383978180271,-0.006218487878745843,-0.006313588999088777,-0.012206515299213513,19.329999923706055,55.0,Greed,56.0
2022-03-31,russia_ukraine_war,2022-02-24,1.6704922220011305,3.6230558740026937,318.95,4.412402133226498,14083,-2.615871123353488,-0.03291800954258311,0.00808717487165785,0.0024257692963933304,0.005303394858718424,-0.015776335226881762,-0.015473331911616312,20.559999465942383,52.0,Neutral,55.0
2022-04-01,russia_ukraine_war,2022-02-24,1.4729243604310944,3.408695420880972,191.14,1.791851036178956,12413,-2.638459450366318,0.016183454010017757,-0.015562693516428947,0.0022687981004994202,0.003249720573493351,0.0034044209614630277,0.0028776398376052607,19.6299991607666,50.0,Neutral,52.0
2022-04-04,russia_ukraine_war,2022-02-24,2.36011281508619,4.371291855508119,191.14,1.791851036178956,13331,-3.252028875138021,0.007341591448509382,0.005249070482197901,-0.006973937668608124,0.003643366232877342,0.008058382532133647,0.01882734891709176,18.56999969482422,52.0,Neutral,50.0
2022-04-05,russia_ukraine_war,2022-02-24,2.958788803624414,5.020853252570949,191.14,1.791851036178956,13984,-3.638973444349188,-0.02314486060589607,-0.003270908031756635,-0.02285155085991433,0.004837290084945272,-0.01263115907400537,-0.022855369743380975,21.030000686645508,53.0,Neutral,52.0
2022-04-06,russia_ukraine_war,2022-02-24,2.9983197066936977,5.063744147005409,191.14,1.791851036178956,14443,-3.606626938673409,-0.05294570510057487,-0.0023429578535094993,-0.008127016169695142,0.0013060458340874033,-0.009764433912479721,-0.022451355514771204,22.100000381469727,48.0,Neutral,53.0
2022-04-07,russia_ukraine_war,2022-02-24,2.38689339600807,4.400348694083264,191.14,1.791851036178956,13503,-3.250688963720335,0.0068529242315328075,0.007995486299766241,-0.007560870106460868,0.0015049064994896637,0.004244365552037262,0.0006103401565218556,21.549999237060547,34.0,Fear,48.0
2022-04-08,russia_ukraine_war,2022-02-24,2.1442236872880067,4.137052891280292,191.14,1.791851036178956,12515,-3.187575254469486,-0.028353972258937266,0.004025358538914993,-0.010889938022334435,0.0005011581261806145,-0.0026545466755523947,-0.013496132235896121,21.15999984741211,37.0,Fear,34.0
2022-04-11,russia_ukraine_war,2022-02-24,1.7773870559132474,3.739036402676128,191.14,1.791851036178956,10743,-3.1440074320152576,-0.06764040584223363,0.0013896773770587837,-0.015951384222085634,0.001301730031439985,-0.017021334584696127,-0.022051587091313125,24.3700008392334,32.0,Fear,37.0
2022-04-12,russia_ukraine_war,2022-02-24,1.756612197250704,3.716495752182404,191.14,1.791851036178956,11983,-2.934504246918947,0.015198991801760953,0.014196912221042413,-0.001381481415305234,0.0035960543013233825,-0.0034233005304522353,-0.003016008617351031,24.260000228881836,20.0,Extreme Fear,32.0
2022-04-13,russia_ukraine_war,2022-02-24,2.5116597406497245,4.53571975068725,191.14,1.791851036178956,13115,-3.404879122200994,0.02557641749549052,0.004502815262256247,0.002030952381928298,-0.004096560316163609,0.011112603268901934,0.020138968148018722,21.81999969482422,25.0,Extreme Fear,20.0
2022-04-14,russia_ukraine_war,2022-02-24,2.2054312903733493,4.20346293098818,191.14,1.791851036178956,12107,-3.299717059691636,-0.030364373354540806,-0.0051114641128363805,-0.020249092960438822,0.004395635929833935,-0.012218480383508163,-0.021672516511760467,22.700000762939453,28.0,Fear,25.0
2022-04-18,russia_ukraine_war,2022-02-24,1.5879495665618464,3.5334973755646124,191.14,1.791851036178956,8799,-3.350115297684628,0.022058351869867824,0.006070128331346491,-0.0049813176504214475,0.004574837297311401,-0.0002048892724065068,-0.0014030971518028627,22.170000076293945,24.0,Extreme Fear,28.0
2022-04-19,russia_ukraine_war,2022-02-24,1.8850440204576588,3.8558438404752575,191.14,1.791851036178956,11338,-3.142349068546193,0.016435294339235306,-0.013812271285541397,-0.007518845113810089,0.0017844785847858184,0.01593004474938665,0.021320159442574815,21.3700008392334,27.0,Fear,24.0
2022-04-20,russia_ukraine_war,2022-02-24,1.477484984842095,3.413643682746496,191.14,1.791851036178956,10202,-2.959114618041302,-0.003097867846210707,-0.001739970932198888,0.019925952004269734,-0.005661795101053662,-0.0006186664061825758,-0.01230699257373767,20.31999969482422,27.0,Fear,27.0
2022-04-21,russia_ukraine_war,2022-02-24,1.5095746988319825,3.448460912516329,191.14,1.791851036178956,11392,-2.8026728382614623,-0.020684439708319406,-0.0037976152973985644,-0.007425789240038167,0.0018908543251458386,-0.014862855551311067,-0.02091279775974048,22.68000030517578,27.0,Fear,27.0
2022-04-22,russia_ukraine_war,2022-02-24,1.2725909312127737,3.191334336333096,191.14,1.791851036178956,10429,-2.7306263826808204,-0.019611085251918917,-0.007172570973407727,-0.0063139043597889195,0.006342928897055712,-0.028132076377366966,-0.02578455443420475,28.209999084472656,26.0,Fear,27.0
2022-04-25,russia_ukraine_war,2022-02-24,0.4857066883195851,2.3375676279196806,191.14,1.791851036178956,9780,-2.0780587274547213,0.01790572916517265,-0.019769510187740744,0.009951193952780723,0.005222446476871968,0.0056817651441118085,0.012812330946650451,27.020000457763672,23.0,Extreme Fear,26.0
2022-04-26,russia_ukraine_war,2022-02-24,1.6442929087666671,3.594629708877519,191.14,1.791851036178956,10610,-3.044722941946292,-0.05959955698854747,0.0043219765242018485,0.010016513878496782,0.005390878466330695,-0.028550008928597752,-0.04033474622760437,33.52000045776367,27.0,Fear,23.0
2022-04-27,russia_ukraine_war,2022-02-24,1.3867617308602258,3.3152092629087497,191.14,1.791851036178956,11774,-2.643967923469724,0.029052734994520196,-0.008185296301079753,-0.012908769791139937,0.006333701041656429,0.0020958490249645954,-0.00014496163350704284,31.600000381469727,21.0,Extreme Fear,27.0
2022-04-28,russia_ukraine_war,2022-02-24,1.7968970525108876,3.76020468216166,191.14,1.791851036178956,12277,-2.9286256945400755,0.013483906721524785,0.0014835623851351678,0.0014884672424763025,0.006486984062242926,0.024445655340832175,0.030175289993965515,29.989999771118164,24.0,Extreme Fear,21.0
2022-04-29,russia_ukraine_war,2022-02-24,1.46258722244914,3.3974796615758684,191.14,1.791851036178956,11482,-2.748780805042569,-0.02970235366082905,0.010847972444223454,-0.013057945232100892,-0.006389833497131495,-0.03695915978469415,-0.04260638109656845,33.400001525878906,23.0,Extreme Fear,24.0
2022-05-02,russia_ukraine_war,2022-02-24,1.2195868134226395,3.1338250500730807,142.26,0.789640429624822,8539,-3.026991208636675,-0.002087036751700428,-0.02519292038456543,-0.01918663150243027,0.0075471939352929965,0.005659199293818601,0.01619452725729173,32.34000015258789,28.0,Fear,23.0
2022-05-03,russia_ukraine_war,2022-02-24,0.8721799788465386,2.7568898244472417,142.26,0.789640429624822,9011,-2.5757640002084496,-0.02042224184090012,0.0037527518532821575,0.0067191484803476266,-0.0026060209165841316,0.004825465075359521,0.0022103975769239867,29.25,27.0,Fear,28.0
2022-05-04,russia_ukraine_war,2022-02-24,1.11001100638965,3.0149356747459937,142.26,0.789640429624822,9821,-2.6735085902779314,0.050312677532991644,-0.0009636752202483986,0.005494764363716562,-0.00854130101144413,0.029425221557325833,0.031426187103416124,25.420000076293945,21.0,Extreme Fear,27.0
2022-05-05,russia_ukraine_war,2022-02-24,1.367644364989676,3.294466986417328,142.26,0.789640429624822,10555,-2.7990101889115016,-0.08194136472907673,0.003742319256644968,-0.027780750819115695,0.011243732707740027,-0.03630067756409906,-0.05120617233694545,31.200000762939453,27.0,Fear,21.0
2022-05-06,russia_ukraine_war,2022-02-24,1.0328348024584362,2.9311997578137508,142.26,0.789640429624822,9856,-2.5937192211958098,-0.014713780107637159,0.003834661316685816,-0.01484488115581863,-0.0008678110211619636,-0.00569038441395277,-0.014146895540515174,30.190000534057617,22.0,Extreme Fear,27.0
2022-05-09,russia_ukraine_war,2022-02-24,1.4658193128703527,3.4009864686127806,142.26,0.789640429624822,11003,-2.820168171128227,-0.17360786110208729,-0.012893727062383077,0.008758924492071047,-9.649448640132322e-05,-0.03256151953960419,-0.04388217736122383,34.75,11.0,Extreme Fear,22.0
2022-05-10,russia_ukraine_war,2022-02-24,1.378327651514503,3.306058315705868,142.26,0.789640429624822,10355,-2.840704729071605,0.023678692386482958,-0.00930488248338918,0.009028630893811514,0.002601501139250629,0.002454881760409255,0.009795918759569098,32.9900016784668,10.0,Extreme Fear,11.0
2022-05-11,russia_ukraine_war,2022-02-24,0.6867359748205352,2.5556837152358565,142.26,0.789640429624822,8790,-2.4245812526141526,-0.06962706368652095,0.006878809072376239,0.019088988296778638,-0.0006738191134784396,-0.016600232095697796,-0.03233171754963604,32.560001373291016,12.0,Extreme Fear,10.0
2022-05-12,russia_ukraine_war,2022-02-24,0.871330341294806,2.755967970613672,142.26,0.789640429624822,9641,-2.4711967850790404,0.0038423156405122537,-0.015667781369351496,-0.0018671075379475652,0.00958320716594217,-0.0012968049941124407,0.0005911297635777632,31.770000457763672,12.0,Extreme Fear,12.0
2022-05-13,russia_ukraine_war,2022-02-24,1.046510252442756,2.946037574207502,142.26,0.789640429624822,8687,-2.815378889769839,0.008069582993285078,-0.009032901296614637,-0.014891142342452195,-0.0027696968283255044,0.023589267956869442,0.03746043705688076,28.8700008392334,10.0,Extreme Fear,12.0
2022-05-16,russia_ukraine_war,2022-02-24,0.4160201764644816,2.261958001237373,142.26,0.789640429624822,8679,-2.1628740491817577,0.019606831133801978,0.003369317747265814,-0.0010352204558797724,-0.003544867110290127,-0.003954208517722458,-0.012119735300261386,27.469999313354492,14.0,Extreme Fear,10.0
2022-05-17,russia_ukraine_war,2022-02-24,1.144458924063846,3.0523115474363136,142.26,0.789640429624822,9372,-2.784184548109508,0.018675310971867837,0.0025882941096002548,-0.012157161954197509,-0.007998132916947438,0.01996891958146264,0.02721234267157295,26.100000381469727,8.0,Extreme Fear,14.0
2022-05-18,russia_ukraine_war,2022-02-24,1.37262262354827,3.299868379902568,142.26,0.789640429624822,10290,-2.8459652431747045,-0.05768962303395388,-0.0012657478221988101,0.021093472548589186,0.004344235747732309,-0.041233809291248875,-0.048411549090263566,30.959999084472656,12.0,Extreme Fear,8.0
2022-05-19,russia_ukraine_war,2022-02-24,1.6392293268893805,3.5891357398837345,142.26,0.789640429624822,9909,-3.165724922903101,0.054017472510896065,0.013836280412998598,0.002392335190096888,-0.010555429861684978,-0.005850864777347809,-0.0026001545007437324,29.350000381469727,13.0,Extreme Fear,12.0
2022-05-20,russia_ukraine_war,2022-02-24,0.8087756085601118,2.688096299850237,142.26,0.789640429624822,8495,-2.604832158169171,-0.03742660999960213,0.00032587437499885286,0.011286146505121279,0.004177402484633121,0.0001461310919903067,-0.0029793544332796817,29.43000030517578,13.0,Extreme Fear,13.0
2022-05-23,russia_ukraine_war,2022-02-24,1.706346949013059,3.661958130006047,142.26,0.789640429624822,9292,-3.3577363014679658,-0.0034933376443547284,0.003252387863293797,-0.016591222284637566,-0.010427416776148505,0.018384995412060758,0.015784537853141906,28.479999542236328,10.0,Extreme Fear,13.0
2022-05-24,russia_ukraine_war,2022-02-24,1.34696394358885,3.272028800029114,142.26,0.789640429624822,9239,-3.0106756683081763,0.01894978176706928,0.009318889191803466,0.019540194132100803,-0.002157510085405724,-0.008153950903558081,-0.023757491497016416,29.450000762939453,12.0,Extreme Fear,10.0
2022-05-25,russia_ukraine_war,2022-02-24,0.9842066478653512,2.8784383766345973,142.26,0.789640429624822,7893,-2.921452080230966,-0.0031485281301596416,-0.01018521174530886,0.003946444652466027,0.001961524266019214,0.009406385648931585,0.015004344262053887,28.3700008392334,11.0,Extreme Fear,12.0
2022-05-26,russia_ukraine_war,2022-02-24,0.733645642794839,2.606580544319552,142.26,0.789640429624822,7602,-2.709820357465288,-0.010033699544872113,0.0006498122657287857,-0.00453554371747045,-0.0022560775494814803,0.019688166007720866,0.026401101904935817,27.5,12.0,Extreme Fear,11.0
2022-05-27,russia_ukraine_war,2022-02-24,0.6312406867687768,2.4954715177743862,142.26,0.789640429624822,6600,-2.845597205325955,-0.022097889022563728,0.0021088629963046065,0.0024383155156964403,-0.0015725178877736038,0.024441130195822013,0.03271765401023228,25.719999313354492,12.0,Extreme Fear,12.0
2022-05-31,russia_ukraine_war,2022-02-24,1.1061424749309972,3.010738331363308,142.26,0.789640429624822,8091,-3.008107705453676,0.10485406697380163,-0.004656260527504244,-0.021389410582792704,0.0007865680454184721,-0.006294135193666945,-0.004108643405132058,26.190000534057617,16.0,Extreme Fear,12.0
2022-06-01,russia_ukraine_war,2022-02-24,0.8477011332490715,2.730330360815503,130.71,0.5528251164967485,8523,-2.640335410560291,-0.06474693067083527,0.00032560914897010034,-0.002921183791117678,0.007831689954415202,-0.007510905041155451,-0.007221349748960588,25.690000534057617,17.0,Extreme Fear,16.0
2022-06-02,russia_ukraine_war,2022-02-24,0.3627846729182306,2.204197662224481,130.71,0.5528251164967485,7102,-2.394782707800096,0.02218263391098452,0.0125075493629948,0.0005161080423700908,-0.007635182058772788,0.018263225415545106,0.026527461517075714,24.719999313354492,13.0,Extreme Fear,17.0
2022-06-03,russia_ukraine_war,2022-02-24,0.533650860461293,2.3895868904817705,130.71,0.5528251164967485,7220,-2.568444881722797,-0.02536528971019155,-0.011368949980497233,-0.002152297353840208,0.0036290830255138835,-0.016482405609817057,-0.02500537492444788,24.790000915527344,10.0,Extreme Fear,13.0
2022-06-06,russia_ukraine_war,2022-02-24,0.5730709083421573,2.432357507416482,130.71,0.5528251164967485,7377,-2.578162936716371,0.054578572354957146,-0.003365401473737211,-0.018615702911744497,0.0029328699200116574,0.003132489407036025,0.004040833380051373,25.06999969482422,13.0,Extreme Fear,10.0
2022-06-07,russia_ukraine_war,2022-02-24,0.7801252955366883,2.6570108083488617,130.71,0.5528251164967485,6895,-2.943322673853701,-0.006883334658869973,0.004502705921952788,0.01074202151041083,-0.0011721308758476294,0.00947833153171984,0.009395805224512494,24.020000457763672,15.0,Extreme Fear,13.0
2022-06-08,russia_ukraine_war,2022-02-24,0.60026584436696,2.461863919859107,130.71,0.5528251164967485,6792,-2.7543670421759496,-0.030672946983430784,0.0023787784288539122,-0.008899842942680375,0.0021478209960193377,-0.010852623040155319,-0.007333539657388945,23.959999084472656,17.0,Extreme Fear,15.0
2022-06-09,russia_ukraine_war,2022-02-24,0.8166992228946816,2.696693394264391,130.71,0.5528251164967485,6721,-3.0381590145418995,-0.0033934595457949636,-0.001675345880327806,0.003324921076656211,0.006609669262763562,-0.02408645766515553,-0.02785684311858304,26.09000015258789,11.0,Extreme Fear,17.0
2022-06-10,russia_ukraine_war,2022-02-24,0.8535123182707959,2.736635476660417,130.71,0.5528251164967485,7052,-2.987033060984562,-0.03474221923780006,0.012203441973600668,-0.006221327526205875,0.008969537810954704,-0.029542414811409477,-0.03587519505440121,27.75,13.0,Extreme Fear,11.0
2022-06-13,russia_ukraine_war,2022-02-24,0.4279443237837194,2.274895660237827,130.71,0.5528251164967485,5749,-2.8483240082941,-0.2572268307057922,-0.02351777533038834,-0.031881968019396856,0.008889799884915986,-0.03953993199003993,-0.04793757849301919,34.02000045776367,11.0,Extreme Fear,13.0
2022-06-14,russia_ukraine_war,2022-02-24,0.6408744791308373,2.5059241494909057,130.71,0.5528251164967485,6267,-2.9584032725181184,-0.012556416941057361,-0.01017190901029815,-0.012693649500324575,0.004178494353135296,-0.003780818039489633,0.001767216623283269,32.689998626708984,8.0,Extreme Fear,11.0
2022-06-15,russia_ukraine_war,2022-02-24,0.502183864569788,2.3554453077158346,130.71,0.5528251164967485,7193,-2.5379326251470125,0.01634917508386348,0.00320020619069026,0.0184844674295892,-0.00341744190996728,0.014487058836534478,0.024700905242873508,29.6200008392334,7.0,Extreme Fear,8.0
2022-06-16,russia_ukraine_war,2022-02-24,0.4408436837259349,2.28889142159405,130.71,0.5528251164967485,7281,-2.4467907932488115,-0.10211240133010355,0.016607812663686532,0.007908065048251008,-0.014656197993455643,-0.033052207113840666,-0.04167497278977937,32.95000076293945,7.0,Extreme Fear,7.0
2022-06-17,russia_ukraine_war,2022-02-24,0.1982143745997671,2.025639452212084,130.71,0.5528251164967485,6724,-2.281458718051456,0.004397810882562394,-0.00548719263781298,0.003217166362357488,0.010272252036460785,0.0021984473410133873,0.01419971729224132,31.1299991607666,9.0,Extreme Fear,7.0
2022-06-21,russia_ukraine_war,2022-02-24,0.3842187959460372,2.2274536122964954,130.71,0.5528251164967485,6354,-2.605352454581822,0.011612717039855384,-0.0005449294523729552,-0.01709752355142128,-0.002486321521762925,0.024182474960671992,0.024782184604825667,30.190000534057617,9.0,Extreme Fear,9.0
2022-06-22,russia_ukraine_war,2022-02-24,0.3752953658006784,2.217771721152064,130.71,0.5528251164967485,6654,-2.515263995909516,-0.03556200532463169,-0.00016349682819632593,0.027129098188671576,-0.0023006671753256704,-0.0013024200953574458,-0.0014663638862324317,28.950000762939453,11.0,Extreme Fear,9.0
2022-06-23,russia_ukraine_war,2022-02-24,0.3494518262429639,2.189731569247616,130.71,0.5528251164967485,6648,-2.4849519464838146,0.053519949652552336,-0.004699515565206118,0.008181266758132922,0.002204893381994091,0.00948707248555652,0.016074672125036583,29.049999237060547,11.0,Extreme Fear,11.0
2022-06-24,russia_ukraine_war,2022-02-24,0.193816429377069,2.0208676967086823,130.71,0.5528251164967485,5611,-2.573086589641292,0.006889809613761697,0.0004381188607517011,-0.01393936864485549,-0.0023008145574139054,0.030105539729901033,0.032877987747878264,27.229999542236328,11.0,Extreme Fear,11.0
2022-06-27,russia_ukraine_war,2022-02-24,0.6258609732843565,2.4896345470696315,130.71,0.5528251164967485,8142,-2.477610555816129,-0.023647116165469398,-0.003070669489849738,-0.008565354841851947,-0.002402345787436545,-0.0029774998903406716,-0.007182263477929095,26.950000762939453,12.0,Extreme Fear,11.0
2022-06-28,russia_ukraine_war,2022-02-24,0.5605282694734853,2.4187487872032625,130.71,0.5528251164967485,6923,-2.6722478353005257,-0.022179692795419582,-0.001868967337812985,0.00464871451893411,0.005468947977946237,-0.0203486731494949,-0.030215317910469004,28.360000610351562,10.0,Extreme Fear,12.0
2022-06-29,russia_ukraine_war,2022-02-24,0.3283879815119074,2.16687736985935,130.71,0.5528251164967485,7747,-2.225594707594964,-0.00874651225988825,-0.0020929997061283,0.01548772014944927,0.00572464559519891,-0.0007119988201726959,-0.00032651912042938266,28.15999984741211,13.0,Extreme Fear,10.0
2022-06-30,russia_ukraine_war,2022-02-24,0.6823407950321537,2.5509149602192167,130.71,0.5528251164967485,8411,-2.48729016724493,-0.016009711756282033,-0.005307091775332891,0.008743607124819818,-0.004003800990449824,-0.008797866246367652,-0.013433074504863985,28.709999084472656,11.0,Extreme Fear,13.0
2022-07-01,russia_ukraine_war,2022-02-24,0.496734577529114,2.349532849940838,117.18,0.2754128925467191,6280,-2.7699002387540705,-0.02639361166796203,-0.0028864583859110646,0.008236181095065749,0.00428916393456827,0.010498511296639174,0.008946325831791413,26.700000762939453,11.0,Extreme Fear,11.0
2022-07-05,russia_ukraine_war,2022-02-24,0.1713023127874431,1.9964399573211369,117.18,0.2754128925467191,5678,-2.521196617099416,0.0466764971768411,-0.02083933914969923,0.007826345259947137,0.0128521955633097,0.0015828751061934918,0.017318013842684263,27.540000915527344,19.0,Extreme Fear,11.0
2022-07-06,russia_ukraine_war,2022-02-24,0.747969300086097,2.622121663421182,117.18,0.2754128925467191,6510,-3.017526497646766,0.017582449257883936,-0.015386252486003978,-0.016933507979325305,0.005617978056987879,0.003566795705066178,0.0034922640078442068,26.729999542236328,18.0,Extreme Fear,19.0
2022-07-07,russia_ukraine_war,2022-02-24,0.5723350147987047,2.431559065442315,117.18,0.2754128925467191,7643,-2.519154498765918,0.05165639338861742,0.0017277129141139384,-0.008839111610023381,0.0002800614301565808,0.014853723180930391,0.022582672298213594,26.079999923706055,18.0,Extreme Fear,18.0
2022-07-08,russia_ukraine_war,2022-02-24,0.6801679678381939,2.5485574501558337,117.18,0.2754128925467191,6793,-2.851083447262594,0.0043132227124235666,0.0015523655104664287,-0.011137763188852944,-0.001120716634809592,-0.00083061639612735,0.0012005131524928253,24.639999389648438,20.0,Extreme Fear,18.0
2022-07-11,russia_ukraine_war,2022-02-24,0.3097584481715718,2.1466643899923543,117.18,0.2754128925467191,5548,-2.7547500825303706,-0.08448618428363866,-0.006108458837354837,0.01709746787093889,0.009394056085966329,-0.011594417660525545,-0.022837484000211364,26.170000076293945,22.0,Extreme Fear,20.0
2022-07-12,russia_ukraine_war,2022-02-24,0.2908607147959828,2.1261604140057098,117.18,0.2754128925467191,6272,-2.508718270995329,-0.03291562138901987,-0.003880322870210738,0.005924396922124625,0.0004627984034218187,-0.00928686849749371,-0.009530272050264044,27.290000915527344,16.0,Extreme Fear,22.0
2022-07-13,russia_ukraine_war,2022-02-24,0.2760656240969317,2.110107791271312,117.18,0.2754128925467191,6319,-2.477285488386861,0.044936759944821686,0.0063050981654516405,0.011401053406959316,-0.0010183828216448385,-0.00446686411181668,-0.001523645820998285,26.81999969482422,15.0,Extreme Fear,16.0
2022-07-14,russia_ukraine_war,2022-02-24,0.3565855200726986,2.197471602619549,117.18,0.2754128925467191,6522,-2.525731861631296,0.017549651263241726,-0.017274371209107783,-0.008192212214605036,0.00535799740063118,-0.003003138812764307,0.0003209376789931849,26.399999618530273,18.0,Extreme Fear,15.0
2022-07-15,russia_ukraine_war,2022-02-24,0.4675585189102206,2.317876926269088,117.18,0.2754128925467191,6403,-2.6971659559113665,0.012868197042892807,-0.0012327780896654707,0.005612427058702403,-0.004432171247331337,0.01901923165863364,0.01772711553375125,24.229999542236328,15.0,Extreme Fear,18.0
2022-07-18,russia_ukraine_war,2022-02-24,0.1860599958336164,2.012451992880286,117.18,0.2754128925467191,5667,-2.544824752786073,0.07618107481235152,0.003986361713753098,-0.01047310465260896,-0.006405766796279031,-0.008398742485835936,-0.008098257059443914,25.299999237060547,20.0,Extreme Fear,15.0
2022-07-19,russia_ukraine_war,2022-02-24,0.3649831764741733,2.2065830310526726,117.18,0.2754128925467191,5995,-2.684591264832666,0.03940528200341783,0.0004679742946601952,-0.005409215356065358,-0.006447136852099755,0.02725351764373082,0.03060937813978008,24.5,30.0,Fear,20.0
2022-07-20,russia_ukraine_war,2022-02-24,0.2056775283355947,2.033736948453708,117.18,0.2754128925467191,6058,-2.456750467743325,-0.006765243636369361,-0.006159280360534849,0.002621031154152333,0.0037425335775484662,0.0058784939410571665,0.01562875881783332,23.8799991607666,31.0,Fear,30.0
2022-07-21,russia_ukraine_war,2022-02-24,0.256481138832129,2.0888586918370367,117.18,0.2754128925467191,6831,-2.3282204199263887,-0.0028926217700481673,0.007736953992708003,0.01712840970097673,-0.0015888424724861694,0.00981306668950467,0.013520947163292205,23.110000610351562,34.0,Fear,31.0
2022-07-22,russia_ukraine_war,2022-02-24,0.157266725865426,1.9812113935834748,117.18,0.2754128925467191,5358,-2.604974782916942,-0.019601945764881813,0.008372643085123987,0.0166713627187332,-0.001685080901090523,-0.009376287293813849,-0.01887581244991872,23.030000686645508,33.0,Fear,34.0
2022-07-25,russia_ukraine_war,2022-02-24,-0.2636608506808882,1.5245064147329022,117.18,0.2754128925467191,4990,-2.10775688185712,-0.061424899588963196,-0.004700960831153482,-0.009833118562701,-0.0023451067651711743,0.001314302973305868,-0.00435626791128548,23.360000610351562,30.0,Fear,33.0
2022-07-26,russia_ukraine_war,2022-02-24,0.0078999202529308,1.8191489210841791,117.18,0.2754128925467191,5122,-2.468949174747461,-0.0057250438268413185,-0.000756568166326809,0.0007664152138483863,0.006645777866585077,-0.011610342599263359,-0.018856617357409886,24.690000534057617,26.0,Fear,30.0
2022-07-27,russia_ukraine_war,2022-02-24,0.0576009651970154,1.873074384619453,117.18,0.2754128925467191,5660,-2.370600639935426,0.07659542154936112,0.0008147256292718839,-0.005633848905125987,-0.006927620808838823,0.025820048778629066,0.03983148311913546,23.239999771118164,28.0,Fear,26.0
2022-07-28,russia_ukraine_war,2022-02-24,0.3147800338827352,2.1521127932897346,117.18,0.2754128925467191,6321,-2.526061623562662,0.03905783089201425,0.017986345847998488,0.007929446896722935,-0.0009398353724892211,0.012060319791912806,0.010760167412154466,22.329999923706055,32.0,Fear,28.0
2022-07-29,russia_ukraine_war,2022-02-24,0.3395232191515855,2.1789590645595447,117.18,0.2754128925467191,5910,-2.676965491761163,-0.001647644691440151,0.007172964446712137,-0.002721318920748418,-0.004240260282498767,0.014107775781753557,0.01858058440888473,21.329999923706055,39.0,Fear,32.0
2022-08-01,russia_ukraine_war,2022-02-24,0.0878655599219052,1.905911366237908,132.86,0.5969076206721043,5062,-2.6083900627467345,-0.020817634234079986,0.003454221019280375,0.021982614223239865,-0.0042583890315847734,-0.002827076544916728,-0.0017536554981110995,22.84000015258789,33.0,Fear,39.0
2022-08-02,russia_ukraine_war,2022-02-24,0.2878403027781466,2.1228832773114497,132.86,0.5969076206721043,5083,-2.896815902556072,-0.01452024708261338,0.001186393518112395,-0.021386694614804937,0.0074637876360794395,-0.00668468837887098,-0.0016361291480556579,23.93000030517578,31.0,Fear,33.0
2022-08-03,russia_ukraine_war,2022-02-24,0.1770880318261823,2.0027174426617345,132.86,0.5969076206721043,5654,-2.536538879400111,-0.005744061707541017,-0.007424009432775246,0.015622006415716138,0.0025382318911604355,0.015517456270090707,0.025536136985009224,21.950000762939453,34.0,Fear,31.0
2022-08-04,russia_ukraine_war,2022-02-24,0.3831145553627534,2.2262555150457226,132.86,0.5969076206721043,6031,-2.697499333310738,-0.009479525568520927,0.01720048045395003,-0.0003352125749338356,-0.007728593390747095,-0.0007776424495837734,0.004129389318189665,21.440000534057617,30.0,Fear,34.0
2022-08-05,russia_ukraine_war,2022-02-24,0.3979336544497367,2.242334186798797,132.86,0.5969076206721043,5528,-2.884750381035264,0.028675899088160428,-0.008760642024044224,-0.024091387829598236,0.008760833034145493,-0.0016270690189191196,-0.004967300847592398,21.149999618530273,31.0,Fear,30.0
2022-08-08,russia_ukraine_war,2022-02-24,0.1317202942698611,1.9534936028003465,132.86,0.5969076206721043,4825,-2.766543940361752,0.022089438261568943,0.007809700130070115,0.016012583471659566,-0.0016896681086786434,-0.0012383171221209141,-0.001034688156321375,21.290000915527344,30.0,Fear,31.0
2022-08-09,russia_ukraine_war,2022-02-24,0.1102453876269491,1.930193402645629,132.86,0.5969076206721043,5062,-2.641621945189504,-0.02747099349637511,0.004021425813643075,-0.003894341940318563,-0.0006578609618183475,-0.004257744235926498,-0.011976270140181816,21.770000457763672,42.0,Fear,30.0
2022-08-10,russia_ukraine_war,2022-02-24,0.1178635461964693,1.9384590786009088,132.86,0.5969076206721043,5333,-2.557127932341705,0.03325679505388167,0.0008914506924313416,-0.00655290746272997,-0.01106033679008999,0.021067158460407496,0.028474365900256364,19.739999771118164,31.0,Fear,42.0
2022-08-11,russia_ukraine_war,2022-02-24,0.3373475905797922,2.176598515010807,132.86,0.5969076206721043,5413,-2.841507500506776,0.00041276206736784357,-0.003291233570665182,-0.02358541646213418,-0.0010461802643627963,-0.0007057229222018175,-0.005842848357210813,20.200000762939453,41.0,Fear,31.0
2022-08-12,russia_ukraine_war,2022-02-24,0.0721883952890362,1.8889016963064733,132.86,0.5969076206721043,4725,-2.7156494435109115,0.018415982056898608,0.004960590165981755,0.010089705929226919,0.005125304803016323,0.017174046951492668,0.020698398948348268,19.530000686645508,42.0,Fear,41.0
2022-08-15,russia_ukraine_war,2022-02-24,-0.102224999930715,1.6996637598693751,132.86,0.5969076206721043,3834,-2.8504494168278245,-0.010953832132927634,-0.009608985203734186,-0.0008658537641863995,0.008671991353024091,0.003961684056233163,0.0061783297106621305,19.950000762939453,45.0,Fear,42.0
2022-08-16,russia_ukraine_war,2022-02-24,0.0792227737209611,1.896533972811944,132.86,0.5969076206721043,4832,-2.6830867167345,-0.010565706274135412,-0.0046137893685845414,0.004149053947809006,-0.0004694020367021172,0.0018739228259478625,-0.0019442947102120529,19.690000534057617,44.0,Fear,45.0
2022-08-17,russia_ukraine_war,2022-02-24,0.0571642407958573,1.872600540140004,132.86,0.5969076206721043,4502,-2.7881737044142403,-0.023181944883864696,-0.007301519543719817,-0.010492175822696462,0.000657058219766783,-0.007264114867648021,-0.012628851205907204,19.899999618530273,41.0,Fear,44.0
2022-08-18,russia_ukraine_war,2022-02-24,-0.0559772207046568,1.7498424419282328,132.86,0.5969076206721043,4493,-2.6091958761951863,-0.005295957030778942,-0.002844466510612898,0.0014807560607592641,0.008502771611143434,0.0022669896063847975,0.0021016294056721476,19.559999465942383,30.0,Fear,41.0
2022-08-19,russia_ukraine_war,2022-02-24,0.216083592465688,2.0450274923934657,132.86,0.5969076206721043,4489,-3.0513269273330748,-0.10602664190168617,-0.00439640617260913,-0.016233397077370173,0.006399231734243194,-0.012983928713038868,-0.020266719927997855,20.600000381469727,33.0,Fear,30.0
2022-08-22,russia_ukraine_war,2022-02-24,0.4317496668713024,2.2790244444543264,132.86,0.5969076206721043,4882,-3.2005248336508205,0.024665352243595076,-0.00781252576674173,-0.0033672805029967326,0.008102473917945333,-0.021632366466494565,-0.02580380921543823,23.799999237060547,29.0,Fear,33.0
2022-08-23,russia_ukraine_war,2022-02-24,0.2951591782882835,2.130824232172361,132.86,0.5969076206721043,5405,-2.7846262732556024,0.0060185938546632,0.007354692223817934,-0.005518507409079474,-0.003950942739725914,-0.002240370434437464,-2.184785618389193e-05,24.110000610351562,28.0,Fear,29.0
2022-08-24,russia_ukraine_war,2022-02-24,0.5159528562585035,2.370384616538469,132.86,0.5969076206721043,7013,-2.596690488073912,-0.00620033327852915,0.0005723115660449006,-0.007345725828350783,0.0005522094733157412,0.002911916698724165,0.004048755197081572,22.81999969482422,25.0,Extreme Fear,28.0
2022-08-25,russia_ukraine_war,2022-02-24,0.4750971082074517,2.326056269836464,132.86,0.5969076206721043,5733,-2.917978063934828,0.009577016652955654,0.005648226308946638,0.013840083741239293,-0.0019341390602106753,0.013993241836107048,0.016572587556265537,21.780000686645508,25.0,Extreme Fear,25.0
2022-08-26,russia_ukraine_war,2022-02-24,0.2476798733085071,2.079309348888769,132.86,0.5969076206721043,5138,-2.815820019992352,-0.06408571655966329,-0.012364904253983925,0.007509254826154155,0.0030377141651286737,-0.03426857631703952,-0.04016196763265662,25.559999465942383,27.0,Fear,25.0
2022-08-29,russia_ukraine_war,2022-02-24,-0.1178790574754922,1.6826791610493774,132.86,0.5969076206721043,3963,-2.7527224896497566,0.0018726075088009268,0.0002879603826907875,-0.00830762558587128,0.0003675177972352032,-0.0066886751973248065,-0.01026856894481552,26.209999084472656,24.0,Extreme Fear,27.0
2022-08-30,russia_ukraine_war,2022-02-24,0.4702034998864252,2.320746721569052,132.86,0.5969076206721043,5549,-2.977771941404832,-0.02500132778356697,-0.007746165501607033,0.0024818199235388753,-0.0006433500252420874,-0.011089416492117008,-0.011257501031956954,26.209999084472656,27.0,Fear,24.0
2022-08-31,russia_ukraine_war,2022-02-24,0.2149991564320773,2.0438508830112565,132.86,0.5969076206721043,6965,-2.2490974162991777,0.012696624168793951,-0.006053512283144235,-0.009606921855649072,-0.0006437641909649366,-0.007847738208153028,-0.005649071373346147,25.8700008392334,23.0,Extreme Fear,27.0
2022-09-01,russia_ukraine_war,2022-02-24,0.1252489370653217,1.9464722023982075,131.99,0.5790695840988207,4964,-2.7011914463133992,0.0038518173635346637,-0.009503252799611197,-0.02058948319273962,0.00906646162845554,0.0029917522671948716,-0.0026329304616535217,25.559999465942383,20.0,Extreme Fear,23.0
2022-09-02,russia_ukraine_war,2022-02-24,-0.0928835078299276,1.7097992468035594,131.99,0.5790695840988207,4883,-2.4007874497920434,-0.007849479691159277,0.0077501991662910705,0.005641018938577712,-0.001459754489835148,-0.010794552570724387,-0.013176616642207473,25.469999313354492,25.0,Extreme Fear,20.0
2022-09-06,russia_ukraine_war,2022-02-24,0.0626322642554484,1.878533326865352,131.99,0.5790695840988207,7654,-1.9444122015768304,-0.05836122378176011,-0.0055129013074622065,-0.025080579419028217,0.006189155205598967,-0.004103464690895143,-0.007417279985272838,26.90999984741211,22.0,Extreme Fear,25.0
2022-09-07,russia_ukraine_war,2022-02-24,-0.1057546989447174,1.6958340485286134,131.99,0.5790695840988207,5706,-2.1343169641641047,0.02374515374913594,0.00872448903953951,0.01569170627401044,-0.0033629002770171786,0.018174848666169877,0.021168227484257913,24.639999389648438,24.0,Extreme Fear,22.0
2022-09-08,russia_ukraine_war,2022-02-24,-0.0998750420722238,1.7022134560970918,131.99,0.5790695840988207,5958,-2.079727877886574,0.00204607030353663,-0.004264925533494193,-0.010310343894019422,-0.001184215634893301,0.006588966880442448,0.005938074631465721,23.610000610351562,20.0,Extreme Fear,24.0
2022-09-09,russia_ukraine_war,2022-02-24,-0.4218831848914419,1.3528357240354292,131.99,0.5790695840988207,4741,-1.940224125791455,0.10086009766789074,0.004789420573202699,0.002218300815530084,-0.006492630255279525,0.01515601498121106,0.0208712925006743,22.790000915527344,22.0,Extreme Fear,20.0
2022-09-12,russia_ukraine_war,2022-02-24,-0.2073171796404862,1.585639104831288,131.99,0.5790695840988207,4678,-2.296151917647045,0.04523105424810847,0.0069100090105372255,-0.008251095875171753,-0.00616574136910446,0.010528651483995635,0.012642389768791437,23.8700008392334,25.0,Extreme Fear,22.0
2022-09-13,russia_ukraine_war,2022-02-24,0.1342490433281744,1.956237286867499,131.99,0.5790695840988207,5549,-2.51006645810342,-0.09728219892342403,-0.013457414214637989,0.002324609389890978,0.013660518211814765,-0.04419916303197406,-0.05296973407806453,27.270000457763672,34.0,Fear,25.0
2022-09-14,russia_ukraine_war,2022-02-24,0.4735450018561729,2.3243722397613835,131.99,0.5790695840988207,5700,-2.9274975448677028,-0.0027439686753737906,-0.004997805493332346,0.003430560576929345,-0.0014579557008275166,0.003381289078844715,0.007374542322497632,26.15999984741211,27.0,Fear,34.0
2022-09-15,russia_ukraine_war,2022-02-24,0.2602261062357973,2.092921968643279,131.99,0.5790695840988207,6180,-2.494275739707351,-0.02703458624126178,-0.018501955762987212,-0.0006481153333850552,0.0007292087935142861,-0.011382272168149512,-0.014379677825398337,26.270000457763672,28.0,Fear,27.0
2022-09-16,russia_ukraine_war,2022-02-24,0.4478125599793182,2.296452628460152,131.99,0.5790695840988207,5938,-2.812208777320932,0.0036162281734326176,0.003775694038622129,-0.00837059874506305,0.00018227127577511766,-0.007208049775663175,-0.009039759166689318,26.299999237060547,20.0,Extreme Fear,28.0
2022-09-19,russia_ukraine_war,2022-02-24,0.035435526049132,1.8490249590619567,131.99,0.5790695840988207,5647,-2.343887130928166,-0.011621401308850393,-0.003295488264191871,0.0023321993938843146,-0.00018227127577513015,0.006833697724705768,0.007537568475374207,25.760000228881836,21.0,Extreme Fear,20.0
2022-09-20,russia_ukraine_war,2022-02-24,0.4574415077479943,2.3069000038094423,131.99,0.5790695840988207,6519,-2.6523216881059493,-0.03400047754708742,-0.0039087215289053045,-0.010020214909291265,0.004364467365699095,-0.011336114736600402,-0.00957928879738599,27.15999984741211,23.0,Extreme Fear,21.0
2022-09-21,russia_ukraine_war,2022-02-24,1.14611708250795,3.0541106436688743,131.99,0.5790695840988207,8245,-3.015392342764498,-0.018344813515223775,0.002948005938547933,0.01661414722469934,0.0038033023097084587,-0.01726467409850635,-0.018093423749759585,27.989999771118164,23.0,Extreme Fear,23.0
2022-09-22,russia_ukraine_war,2022-02-24,1.1162333779521394,3.021686926579299,131.99,0.5790695840988207,7434,-3.1869166677593705,0.045641677549128984,0.0037177432020477504,-0.025880508654789035,0.006396698159980396,-0.008463293830453985,-0.013764372142429614,27.350000381469727,22.0,Extreme Fear,23.0
2022-09-23,russia_ukraine_war,2022-02-24,1.0033432615816575,2.899201536972741,131.99,0.5790695840988207,6638,-3.293367124040889,-0.00598857629671097,-0.015379814777475905,0.0040764176298741656,0.016389464213498177,-0.017382828767330778,-0.01813427828946782,29.920000076293945,20.0,Extreme Fear,22.0
2022-09-26,russia_ukraine_war,2022-02-24,1.351224161241998,3.2766511215912786,131.99,0.5790695840988207,7299,-3.497080073735941,-0.003892330589122083,-0.013461623673598822,-0.019295628456906785,0.008007399281431156,-0.010394360890280502,-0.005999761136317181,32.2599983215332,21.0,Extreme Fear,20.0
2022-09-27,russia_ukraine_war,2022-02-24,1.0845749919828758,2.9873376862345173,131.99,0.5790695840988207,7350,-3.1739390816232254,-0.005850034170169328,0.0020922483593887654,-0.02668392101894713,8.765730053012171e-05,-0.0021226109548247284,0.002457431170192182,32.599998474121094,20.0,Extreme Fear,21.0
2022-09-28,russia_ukraine_war,2022-02-24,1.4195798544009637,3.3508168145464103,131.99,0.5790695840988207,7564,-3.4947718353400976,0.016409099157190264,0.020505159126874725,0.03293365550202677,-0.013321198641120732,0.019481144181152356,0.020304909534442923,30.18000030517578,20.0,Extreme Fear,20.0
2022-09-29,russia_ukraine_war,2022-02-24,0.937332160100506,2.8275797179576707,131.99,0.5790695840988207,6861,-3.1424922730293283,0.007504185755091534,-0.0011449724954999327,-0.0051893342323267935,-0.00311317553190382,-0.0213527948230975,-0.028835604632119892,31.84000015258789,22.0,Extreme Fear,20.0
2022-09-30,russia_ukraine_war,2022-02-24,0.7344400334728922,2.607442455484404,131.99,0.5790695840988207,7315,-2.778900568822509,-0.007243323491751529,0.002348776643889567,-0.0129947909010259,-0.0011587758289691957,-0.0151813515462093,-0.01519183366148024,31.6200008392334,21.0,Extreme Fear,22.0
2022-10-03,russia_ukraine_war,2022-02-24,0.3899391753768466,2.233660204386281,143.16,0.8080935709075291,5071,-3.053090632412228,0.009821571864517866,0.01818069303365146,0.013380119053353443,-0.003305517299716246,0.02555457753093017,0.02242242617762695,30.100000381469727,24.0,Extreme Fear,21.0
2022-10-04,russia_ukraine_war,2022-02-24,0.2514049845986273,2.08335108187982,143.16,0.8080935709075291,5216,-2.7914472835105446,0.035702295702777984,0.016520558026136455,-0.002796943634471377,-0.015147709230938796,0.030125341416799834,0.03283153170340019,29.06999969482422,20.0,Extreme Fear,24.0
2022-10-05,russia_ukraine_war,2022-02-24,0.6870390506901416,2.5560125515163263,143.16,0.8080935709075291,6443,-2.961877435023358,-0.00869820607502516,-0.005651843841279974,-0.009607506038893135,0.00904410616869055,-0.0020199875589381176,-0.002487835178764641,28.549999237060547,25.0,Extreme Fear,20.0
2022-10-06,russia_ukraine_war,2022-02-24,0.7961956707768657,2.674447110442456,143.16,0.8080935709075291,7322,-2.848543405566441,-0.010234041758595132,0.00017523692601385205,-0.005573765732542442,0.010656998111934142,-0.010297922911395202,-0.006779816291948933,30.520000457763672,26.0,Fear,25.0
2022-10-07,russia_ukraine_war,2022-02-24,0.3421180314992216,2.181774427069342,143.16,0.8080935709075291,7821,-2.22733736078632,-0.02068782806747579,-0.006564674728268202,-0.009755267659002951,0.00479873757518458,-0.028403196531478058,-0.038752413996293464,31.360000610351562,23.0,Extreme Fear,26.0
2022-10-10,russia_ukraine_war,2022-02-24,1.3555329953109785,3.281326191798107,143.16,0.8080935709075291,6800,-3.668337129098178,-0.020956191575108456,-0.01971674459509101,-0.01566819863641544,0.0030096184018033796,-0.007520673133652772,-0.010408528350005655,32.45000076293945,22.0,Extreme Fear,23.0
2022-10-11,russia_ukraine_war,2022-02-24,1.3624992170459491,3.2888845185208235,143.16,0.8080935709075291,7181,-3.5475477129231376,-0.004716403712704758,0.006814074389340839,0.004415928935376974,0.0007068548698534303,-0.006540518412323781,-0.011055776136494085,33.630001068115234,24.0,Extreme Fear,22.0
2022-10-12,russia_ukraine_war,2022-02-24,0.7056191445534101,2.5761718897200376,143.16,0.8080935709075291,6014,-3.1274912490895788,0.005549896374470987,-0.005016375012451831,0.004894848852241829,0.0008828328790661354,-0.0032961996501662937,-0.0008723019131725166,33.56999969482422,20.0,Extreme Fear,24.0
2022-10-13,russia_ukraine_war,2022-02-24,0.3615118109023604,2.2028166112968908,143.16,0.8080935709075291,6074,-2.656230715268322,0.011700026522297709,-0.00017965381824740632,-0.009612561197838869,-0.00850766460112135,0.025634259307631132,0.022031464294424444,31.940000534057617,20.0,Extreme Fear,20.0
2022-10-14,russia_ukraine_war,2022-02-24,-0.1049296617655856,1.6967292110421697,143.16,0.8080935709075291,5527,-2.1831071808311515,-0.010228526229371489,-0.01709136585274509,-0.008284546257622035,0.008419396178068988,-0.023947120744528417,-0.03126170660055093,32.02000045776367,24.0,Extreme Fear,20.0
2022-10-17,russia_ukraine_war,2022-02-24,1.0831196092265922,2.985758600928723,143.16,0.8080935709075291,5866,-3.686980664283494,0.018851118942692438,0.009276477868507263,-0.004881565339269479,-0.011271445282878403,0.026135524557561848,0.03376107261934901,31.3700008392334,20.0,Extreme Fear,24.0
2022-10-18,russia_ukraine_war,2022-02-24,1.022143637149166,2.9195998800710745,143.16,0.8080935709075291,6446,-3.3821433806638743,-0.011127327349328565,-0.004839694866963967,0.0023420749118289847,0.0008029294148257124,0.011362768207087462,0.009007864366329112,30.5,22.0,Extreme Fear,20.0
2022-10-19,russia_ukraine_war,2022-02-24,0.5791302378717657,2.43893185920254,143.16,0.8080935709075291,7230,-2.6191229937027893,-0.010130621895940859,-0.013123948476874548,-0.01837363393919433,0.007551953631585036,-0.006694455239684375,-0.008566780573424134,30.760000228881836,23.0,Extreme Fear,22.0
2022-10-20,russia_ukraine_war,2022-02-24,0.7295417753024496,2.6021278621463013,143.16,0.8080935709075291,6294,-3.063087902285309,-0.004492679159130498,0.00202562680358335,-0.017240921913222435,-0.0008855583970680282,-0.007982686738766696,-0.006167555944960749,29.979999542236328,23.0,Extreme Fear,23.0
2022-10-21,russia_ukraine_war,2022-02-24,0.4416476485268049,2.289763720649366,143.16,0.8080935709075291,5779,-2.856687550517146,0.00621191065339352,0.012310443033820328,-0.01818714449196143,-0.0077371111172519986,0.023447759860447268,0.022807498993816972,29.690000534057617,23.0,Extreme Fear,23.0
2022-10-24,russia_ukraine_war,2022-02-24,0.2446199840986704,2.0759893795764,143.16,0.8080935709075291,4628,-3.029672476031588,0.008988239092956648,-0.0013940959691325695,-0.008298766648018482,-0.00017860957601886166,0.011811940205111494,0.00851730981750136,29.850000381469727,22.0,Extreme Fear,23.0
2022-10-25,russia_ukraine_war,2022-02-24,0.2761108229029073,2.1101568318209867,143.16,0.8080935709075291,6022,-2.559426887838588,0.038050125599863024,0.0024837799570480903,0.028696777877838184,-0.009329940646513522,0.01613577001587496,0.022257398126483773,28.459999084472656,20.0,Extreme Fear,22.0
2022-10-26,russia_ukraine_war,2022-02-24,0.2468235680870885,2.0783802606564263,143.16,0.8080935709075291,6416,-2.415190939203696,0.033017194358947406,0.006753493473110318,0.014304632110244174,-0.011330282410837927,-0.007415140398989885,-0.02058067654541453,27.280000686645508,33.0,Fear,20.0
2022-10-27,russia_ukraine_war,2022-02-24,0.2855888937210616,2.1204405061957234,143.16,0.8080935709075291,6241,-2.510348147225504,-0.023607984321621485,-0.001985171570581598,0.010416245723442559,0.008080296510916771,-0.006101185053184453,-0.016387344940021444,27.389999389648438,32.0,Fear,33.0
2022-10-28,russia_ukraine_war,2022-02-24,-0.044831954211252,1.7619350179003712,143.16,0.8080935709075291,4498,-2.6250993056203207,0.015142492579417856,-0.012786876070645195,-0.006897625064049609,0.0007231477585397116,0.024328036770856338,0.02829862951147536,25.75,30.0,Fear,32.0
2022-10-31,russia_ukraine_war,2022-02-24,0.385301012688298,2.228627813755191,143.16,0.8080935709075291,4844,-3.147309799968315,-0.004846706919258906,-0.002259168215868315,-0.007153650623209489,0.007740818329862942,-0.007482327030336412,-0.010348367330187258,25.8799991607666,31.0,Fear,30.0
2022-11-01,russia_ukraine_war,2022-02-24,0.3448241394631816,2.1847105449416566,116.72,0.2659812870022242,4941,-3.0418597746214573,-0.0005124320157945651,0.005547257675413403,0.006843619017288504,-0.0004483693352041757,-0.0041096637203590055,-0.008894503653947118,25.809999465942383,30.0,Fear,31.0
2022-11-02,russia_ukraine_war,2022-02-24,0.0247087641843272,1.8373864591784463,116.72,0.2659812870022242,4789,-2.616138906841305,-0.01603042401585493,0.0004254117317392756,-0.00434961517949174,-0.001166852726247293,-0.025319843737482882,-0.034188592836237104,25.860000610351562,30.0,Fear,30.0
2022-11-03,russia_ukraine_war,2022-02-24,0.3800171610480025,2.222894852822979,116.72,0.2659812870022242,6055,-2.686157674284434,0.002501116490787244,-0.011243566259035888,-0.005411571560548953,0.014089780437994661,-0.010642422531956597,-0.017430155557210118,25.299999237060547,30.0,Fear,30.0
2022-11-04,russia_ukraine_war,2022-02-24,0.217041845191375,2.046067193318763,116.72,0.2659812870022242,5039,-2.809271372784998,0.04533199824767065,0.02739728333020796,-0.0169433212352167,-0.018319649767092237,0.013526823285563951,0.012711128973822672,24.549999237060547,30.0,Fear,30.0
2022-11-07,russia_ukraine_war,2022-02-24,0.4884500484059964,2.340544164217264,116.72,0.2659812870022242,6228,-2.774829372683873,-0.026081164613568644,0.0023887739038996633,-0.010026776712034035,-0.006877805454706664,0.00956806167935914,0.00848584076023989,24.350000381469727,33.0,Fear,30.0
2022-11-08,russia_ukraine_war,2022-02-24,-0.0701855395382795,1.7344264646580958,116.72,0.2659812870022242,5365,-2.2784085051887506,-0.10542864681146098,0.02101238604477114,0.01087551248589414,-0.004550840542671772,0.005582282828760321,0.004879982105508411,25.540000915527344,31.0,Fear,33.0
2022-11-09,russia_ukraine_war,2022-02-24,0.1029452954911613,1.9222728276815524,116.72,0.2659812870022242,5521,-2.475172815818265,-0.15488954817014716,-0.0011688389084410285,0.0032819631659540315,0.008448070235228642,-0.020996784712303443,-0.025088409273188356,26.09000015258789,29.0,Fear,31.0
2022-11-10,russia_ukraine_war,2022-02-24,0.3146763402702699,2.152000286075366,116.72,0.2659812870022242,5858,-2.6598968781830994,0.1020374090112842,0.023235395651179536,0.03775206558178036,-0.02139415978577811,0.05395251566479769,0.0709263609397886,23.530000686645508,22.0,Extreme Fear,29.0
2022-11-11,russia_ukraine_war,2022-02-24,-0.9304304392365804,0.8010636948757802,116.72,0.2659812870022242,1780,-2.4953260514054456,-0.03191845360130116,0.008929872470112414,-0.0036708577111074442,-0.017902558963927975,0.009198312304769028,0.018646099622218023,22.520000457763672,25.0,Extreme Fear,22.0
2022-11-14,russia_ukraine_war,2022-02-24,-0.0500348731800676,1.7562898686395156,116.72,0.2659812870022242,5624,-2.2326296508129952,-0.024730112327480614,0.004294263372937783,-0.0024547200895752973,0.003475023347901319,-0.008975940544918012,-0.011289009113619023,23.729999542236328,24.0,Extreme Fear,25.0
2022-11-15,russia_ukraine_war,2022-02-24,0.7642914298806132,2.639831118343959,116.72,0.2659812870022242,7379,-2.7975824322874834,0.01590431717951544,0.00011279993292139435,0.016050748807287307,-0.002440648258365769,0.008675376414669186,0.014382255551813614,24.540000915527344,22.0,Extreme Fear,24.0
2022-11-16,russia_ukraine_war,2022-02-24,1.4314422662639943,3.363687490788327,116.72,0.2659812870022242,9148,-3.113775797054488,-0.012825680370738035,-0.0004511383955566457,0.021632684449222863,-0.001128481842625985,-0.008286283111873759,-0.01550465403623706,24.110000610351562,23.0,Extreme Fear,22.0
2022-11-17,russia_ukraine_war,2022-02-24,1.45200980194573,3.386003196557968,116.72,0.2659812870022242,7716,-3.486684615285597,0.0010839194206494296,-0.006904748131308381,-0.010608335017356066,0.0038503466806623084,-0.0030941046442292835,-0.003466424155320649,23.93000030517578,20.0,Extreme Fear,23.0
2022-11-18,russia_ukraine_war,2022-02-24,0.6418032454554238,2.5069318577720017,116.72,0.2659812870022242,6431,-2.908634232075204,0.0006146278457023498,-0.005067351765360675,-0.006901086919430074,0.0022469615359948184,0.00474729564815821,9.865940625549977e-05,23.1200008392334,23.0,Extreme Fear,20.0
2022-11-21,russia_ukraine_war,2022-02-24,-0.0613324662937483,1.7440320188061056,116.72,0.2659812870022242,4151,-2.7563083774203907,-0.05607080012181531,-0.008311170299651035,0.004206297392223801,0.008474195582724574,-0.003891249800275618,-0.0109650790379792,22.360000610351562,21.0,Extreme Fear,23.0
2022-11-22,russia_ukraine_war,2022-02-24,0.1939774227105648,2.021042373924113,116.72,0.2659812870022242,4497,-3.011629957705705,0.02517471508039186,0.0005178953391911294,0.014091786150200259,-0.005765803420843452,0.01348860626982839,0.01350540202677874,21.290000915527344,22.0,Extreme Fear,21.0
2022-11-23,russia_ukraine_war,2022-02-24,0.2034789945748036,2.0313515468533594,116.72,0.2659812870022242,4473,-3.0388212701791493,0.025667956985737504,0.0037896091787737837,0.017291464030305997,-0.010689266085797716,0.0058972660417383116,0.00987643711527507,20.350000381469727,22.0,Extreme Fear,22.0
2022-11-25,russia_ukraine_war,2022-02-24,-0.3646385682360054,1.4149459370403348,116.72,0.2659812870022242,3768,-2.404254820997931,-0.005364238527359941,0.004802492929499426,-0.0033955741723832042,-0.0011318879350677698,-0.0002830842622024787,-0.005238178049141875,20.5,20.0,Extreme Fear,22.0
2022-11-28,russia_ukraine_war,2022-02-24,-0.245144947122514,1.5445961066756586,116.72,0.2659812870022242,3527,-2.7599206138958388,-0.018603304167175486,-0.007557185534083681,0.0028143151181936822,0.006772046410920948,-0.015564696794064813,-0.01587943766302241,22.209999084472656,28.0,Fear,20.0
2022-11-29,russia_ukraine_war,2022-02-24,-0.2194577475061804,1.5724666302791823,116.72,0.2659812870022242,5115,-2.1362184672662448,0.01394046411034608,0.004758529161550502,-0.011795224242375394,0.0013114698802291762,-0.0015931337016243704,-0.005965514044760644,21.889999389648438,26.0,Fear,28.0
2022-11-30,russia_ukraine_war,2022-02-24,-0.3758213925251404,1.4028126109884669,116.72,0.2659812870022242,4531,-2.07895426582166,0.043059766583943886,-0.001373640553271435,0.007327471360841674,-0.008177916144155122,0.030478643521294944,0.043140883994661386,20.579999923706055,29.0,Fear,26.0
2022-12-01,russia_ukraine_war,2022-02-24,-0.2849797168869533,1.501375517917716,111.2,0.1528020204682877,5052,-2.057636342289774,-0.011802068595367332,0.0310701183883798,0.029068176396807914,-0.0115816140722804,-0.0008680098296065889,0.0012592517444334579,19.84000015258789,27.0,Fear,29.0
2022-12-02,russia_ukraine_war,2022-02-24,0.0964954821881303,1.915274802338761,111.2,0.1528020204682877,5275,-2.5460119253815217,0.007136986045805121,-0.002891273168903714,0.012497171913998439,-0.001720186774172561,-0.001195374663761461,-0.0018262069919628943,19.059999465942383,27.0,Fear,27.0
2022-12-05,russia_ukraine_war,2022-02-24,0.2412147012721686,2.072294659372943,111.2,0.1528020204682877,5177,-2.791368583848605,-0.006683661621584689,-0.015996748721572914,-0.01410593308015323,0.007053001499860474,-0.01805624963097222,-0.019520048171959785,20.75,26.0,Fear,27.0
2022-12-06,russia_ukraine_war,2022-02-24,0.0180665638029148,1.8301796945145483,111.2,0.1528020204682877,4667,-2.65478012135144,0.006733035250819497,0.0010744618189316108,0.012797771857907203,0.0027505201743272616,-0.014503869422986057,-0.020225582696421822,22.170000076293945,25.0,Extreme Fear,26.0
2022-12-07,russia_ukraine_war,2022-02-24,0.1837268570015923,2.00992054523868,111.2,0.1528020204682877,5442,-2.6141425246046284,-0.014224977832437721,0.009114472318120768,0.023289143273515316,-0.004556713373735436,-0.001864107253381664,-0.0051280062305779995,22.68000030517578,29.0,Fear,25.0
2022-12-08,russia_ukraine_war,2022-02-24,-0.0382636668568605,1.769061587183108,111.2,0.1528020204682877,5256,-2.357621783904595,0.022614200081039638,0.0017905836665891154,-0.0027442667478246633,-0.0031448240406603246,0.007493634413933237,0.011202214770523496,22.290000915527344,25.0,Extreme Fear,29.0
2022-12-09,russia_ukraine_war,2022-02-24,0.1434481845396374,1.9662183235743265,111.2,0.1528020204682877,4657,-2.856536793180126,-0.005838370505888547,0.005241466558799575,-0.026358800636185637,0.00038172456455525525,-0.0073767194642132125,-0.007006975173162702,22.829999923706055,26.0,Fear,25.0
2022-12-12,russia_ukraine_war,2022-02-24,0.0221231820955588,1.8345811114679065,111.2,0.1528020204682877,4333,-2.809074615233796,0.004268266909601006,-0.009836314542059353,0.0031924565883056323,0.003048489573713823,0.01417830729965003,0.01256273102490969,25.0,27.0,Fear,26.0
2022-12-13,russia_ukraine_war,2022-02-24,-0.0636192299332965,1.7415508880894983,111.2,0.1528020204682877,4581,-2.5604679815716795,0.03286478873072886,0.01858501310552256,0.009609616354825252,-0.010999048222175697,0.007263223255457212,0.010095314375200275,22.549999237060547,27.0,Fear,27.0
2022-12-14,russia_ukraine_war,2022-02-24,0.0028484336649352,1.813668075437848,111.2,0.1528020204682877,4920,-2.532930940940299,0.0019289306421712124,-0.0035345617904352757,0.004262090326297739,-0.0020217259725492077,-0.006071116623835963,-0.0076619845282555905,21.139999389648438,30.0,Fear,27.0
2022-12-15,russia_ukraine_war,2022-02-24,0.0378134938948307,1.8516050460298576,111.2,0.1528020204682877,4901,-2.593070816410496,-0.02562838102102438,-0.0169056104459163,0.001478160193697676,0.007584166699197067,-0.02523747790182607,-0.032790571723822604,22.829999923706055,31.0,Fear,30.0
2019-09-24,soleimani_assassination,2020-01-03,-0.5580285249677599,0.327498296846704,90.37,-0.2742856827748098,5,-4.681615731274699,-0.1209936495214672,0.005497771957127581,0.01198211207813473,-0.002640421388617224,-0.00845198896355148,-0.014756186696055464,17.049999237060547,39.0,Fear,
2019-09-25,soleimani_assassination,2020-01-03,-0.6053625124537543,0.1971038080253182,90.37,-0.2742856827748098,6,-2.3640263754099777,-0.015616015371176536,-0.01811226148683577,-0.01473508305501825,0.007092993435774775,0.0061396852419639035,0.010422588172031753,15.960000038146973,15.0,Extreme Fear,39.0
2019-09-26,soleimani_assassination,2020-01-03,-0.4967082494135034,0.4964218633991664,90.37,-0.2742856827748098,65,-0.7479598744759253,-0.04433175093227527,0.0019255837015005862,0.006411884870407365,0.0017149882533332049,-0.002431871009613191,-0.005800812197732245,16.06999969482422,12.0,Extreme Fear,15.0
2019-09-27,soleimani_assassination,2020-01-03,-0.6303003441994269,0.1284056907633218,90.37,-0.2742856827748098,6,-1.5400739476237726,0.01623387232043621,-0.0055877378688848015,0.0024551297378520897,-0.0010084558566931963,-0.005330534579128577,-0.011400075901401402,17.219999313354492,24.0,Extreme Fear,12.0
2019-09-30,soleimani_assassination,2020-01-03,-0.5299980034651736,0.4047160787588678,90.37,-0.2742856827748098,8,-3.6895664515889313,0.005079569443804041,-0.022532001013061617,0.0024492234804268003,0.002720507960061469,0.005034910215248393,0.007492358826448481,16.239999771118164,27.0,Fear,24.0
2019-10-01,soleimani_assassination,2020-01-03,-0.4912226468657836,0.5115334645567674,97.84,-0.1211246101283413,22,-1.848446203853683,0.005939522648697366,0.011059616136638108,0.0012571956540502916,-0.0025187661990677145,-0.012334126945412846,-0.011398106033724459,18.559999465942383,38.0,Fear,27.0
2019-10-02,soleimani_assassination,2020-01-03,-0.502768665865255,0.4797267792272552,97.84,-0.1211246101283413,11,-3.2433468619093584,0.005947039319423827,0.012739025777429712,0.0024401734803042342,-0.0009082741576337149,-0.01806540418764383,-0.015729994901695184,20.559999465942383,39.0,Fear,38.0
2019-10-03,soleimani_assassination,2020-01-03,0.412520071706675,3.0011413778806504,97.84,-0.1211246101283413,57,-4.984080332559358,-0.01597938661828606,0.004055705592803874,0.009080557069351571,-0.0018191041275906017,0.007940304773866787,0.011114240079303,19.1200008392334,37.0,Fear,39.0
2019-10-04,soleimani_assassination,2020-01-03,-0.1512361281643548,1.4481198513544735,97.84,-0.1211246101283413,33,-3.705101058068184,-0.00656542608285994,-0.0005973679771035407,0.007356310446934429,-0.0005059245539288802,0.014116785239259274,0.01390275640552845,17.040000915527344,30.0,Fear,37.0
2019-10-07,soleimani_assassination,2020-01-03,-0.3943773176645778,0.7783205633547836,97.84,-0.1211246101283413,11,-5.262085974817814,0.004824304161504971,-0.005659324852886079,-0.008322823405315804,0.001820023852667955,-0.00448835227368152,-0.00328509857838617,17.860000610351562,27.0,Fear,30.0
2019-10-08,soleimani_assassination,2020-01-03,-0.4981457031472457,0.4924620016851879,97.84,-0.1211246101283413,6,-5.906497558491792,-0.0020443649815999844,-0.00033390097896368473,0.002690116426600659,0.001514173084516282,-0.01568315955210993,-0.01679502944726602,20.280000686645508,39.0,Fear,27.0
2019-10-09,soleimani_assassination,2020-01-03,-0.3754720692027153,0.8304002705621103,97.84,-0.1211246101283413,14,-4.495382456726049,0.04362860415666088,0.005926847590369729,-0.005664508468463513,-0.00020172140541462153,0.009063296514845923,0.01016830855394172,18.639999389648438,37.0,Fear,39.0
2019-10-11,soleimani_assassination,2020-01-03,-0.0638537646763007,1.6888386080913904,97.84,-0.1211246101283413,46,-3.306267431328417,-0.03131474095669686,-0.008127734184569402,-0.01245412722390285,-0.004162190956407235,0.010879579673789056,0.013276238218730554,15.579999923706055,39.0,Fear,37.0
2019-10-14,soleimani_assassination,2020-01-03,0.3807748897590977,2.913690541970808,97.84,-0.1211246101283413,141,-2.6179732032047025,0.0063402562653607835,0.006051659334595071,0.007236670384871944,0.001524715888616756,-0.0013880816732189801,-0.001041884887669971,14.569999694824219,37.0,Fear,39.0
2019-10-15,soleimani_assassination,2020-01-03,0.1920356499400219,2.393756388863016,97.84,-0.1211246101283413,64,-3.647846788503908,-0.02042493372661194,-0.00949724306442893,-0.012161927033875407,-0.0016264721939960077,0.009906445376489171,0.012355264352186026,13.539999961853027,39.0,Fear,37.0
2019-10-16,soleimani_assassination,2020-01-03,-0.4886364423121346,0.5186578763942525,97.84,-0.1211246101283413,10,-3.8324576074813854,-0.019423891941978407,0.007013803030788963,0.0012157055886980821,-0.0028527658159559956,-0.002001544553193733,-0.003014806039927553,13.680000305175781,40.0,Fear,39.0
2019-10-17,soleimani_assassination,2020-01-03,-0.5324865309862448,0.3978607451759104,97.84,-0.1211246101283413,9,-3.2453343262441128,0.006981979739066776,0.0028856502644308848,-0.002432890916584044,-0.004089582637299097,0.002759021969775287,0.004013255325415509,13.789999961853027,40.0,Fear,40.0
2019-10-21,soleimani_assassination,2020-01-03,-0.5637191704445604,0.3118218485392229,97.84,-0.1211246101283413,5,-4.457519582642907,0.03336492268169223,-0.0039048907125390424,-0.007551026849367178,0.0005138795817415408,0.006848114105333746,0.009038678179387092,14.0,37.0,Fear,40.0
2019-10-22,soleimani_assassination,2020-01-03,-0.5241251640917102,0.420894430271287,97.84,-0.1211246101283413,9,-3.433219182456485,-0.02028232136663908,-0.0004723681798664878,0.005830063462192963,0.002052725216490631,-0.003575049258376838,-0.007215791223046239,14.460000038146973,39.0,Fear,37.0
2019-10-23,soleimani_assassination,2020-01-03,-0.5044752040234181,0.4750256504484109,97.84,-0.1211246101283413,9,-3.874765399549668,-0.07231210270483085,0.005518975719105269,0.0010042278559498968,-0.0006153595947385376,0.002843103345830729,0.001909535663455155,14.010000228881836,33.0,Fear,39.0
2019-10-24,soleimani_assassination,2020-01-03,-0.365656714759188,0.857439364313575,97.84,-0.1211246101283413,13,-4.96771829559542,-0.0028228801699561206,0.006022502044866212,-0.0020094651993266903,0.0016401442320135907,0.0019186046591713529,0.00809662537386103,13.710000038146973,20.0,Extreme Fear,33.0
2019-10-25,soleimani_assassination,2020-01-03,-0.5067392180683835,0.4687888009929313,97.84,-0.1211246101283413,12,-2.923847550228164,0.14476109386093217,0.00040019716452753957,-0.004896975598911299,0.002046502081018899,0.004064429510656049,0.006978005293321289,12.649999618530273,24.0,Extreme Fear,20.0
2019-10-28,soleimani_assassination,2020-01-03,-0.087393669368953,1.62399146542861,97.84,-0.1211246101283413,30,-4.498674897123784,0.06649245338975195,-0.006355599249558961,-0.009137852917509763,-0.0007157799109669424,0.0055658199161177,0.010003048616786143,13.109999656677246,52.0,Neutral,24.0
2019-10-29,soleimani_assassination,2020-01-03,0.2865450979120292,2.6541086602778767,97.84,-0.1211246101283413,55,-4.528069754220417,0.018362811918533402,-0.0020154524793497153,0.0006555595186134861,-0.0007162926188557948,-0.0008327519564807664,-0.005919561828936592,13.199999809265137,54.0,Neutral,52.0
2019-10-30,soleimani_assassination,2020-01-03,-0.3624365263832145,0.8663102589813416,97.84,-0.1211246101283413,15,-4.404255027063952,-0.023825095718831422,0.004160767879948392,0.014528060504904166,-0.00040955170752591836,0.0032480894008573105,0.0032725603556233293,12.329999923706055,53.0,Neutral,54.0
2019-10-31,soleimani_assassination,2020-01-03,-0.2525905116372796,1.1689113222469434,97.84,-0.1211246101283413,20,-4.592701201152869,-0.0006673727616756513,0.012114954399792637,0.013400092468727453,-0.0030769568046334138,-0.0030274386345390905,-0.001400323024471336,13.220000267028809,50.0,Neutral,53.0
2019-11-01,soleimani_assassination,2020-01-03,0.1988707654363106,2.412585594651719,73.08,-0.6287910303059265,39,-5.385225766266373,0.006664947063719231,-0.0022521201719947464,-0.004826183442893321,-0.0011305886647711926,0.009615930559647514,0.011276741367460671,12.300000190734863,49.0,Neutral,50.0
2019-11-04,soleimani_assassination,2020-01-03,0.5951504151979757,3.504246895662531,73.08,-0.6287910303059265,89,-4.229876992363353,0.01622720733621763,0.0,-0.013248955332318783,0.002772831275553376,0.0036972458053124275,0.005564927089038472,12.829999923706055,49.0,Neutral,49.0
2019-11-05,soleimani_assassination,2020-01-03,-0.4050820920727074,0.7488313176556054,73.08,-0.6287910303059265,12,-4.670479774738655,-0.007473715309565572,-0.018201754334461643,-0.011310298296255704,0.0048084517170082835,-0.0011864027118206639,0.0001754212386587244,13.100000381469727,54.0,Neutral,49.0
2019-11-06,soleimani_assassination,2020-01-03,-0.5215079424328783,0.4281042872569595,73.08,-0.6287910303059265,8,-3.9027834547333495,0.0019624814591623348,0.0063277911200314285,0.006033543272485062,-0.0003062972375773831,0.0007022505922896238,-0.0028553729959383727,12.619999885559082,53.0,Neutral,54.0
2019-11-07,soleimani_assassination,2020-01-03,-0.5495613793973991,0.3508233784014776,73.08,-0.6287910303059265,8,-3.198257334753392,-0.010018996001742247,-0.017601321488917986,-0.018284719739773952,0.0019379112082973135,0.002726375244280665,0.00283638498732845,12.729999542236328,54.0,Neutral,53.0
2019-11-08,soleimani_assassination,2020-01-03,-0.593356675550392,0.2301771882544837,73.08,-0.6287910303059265,6,-2.76070234006545,-0.05121408380627322,-0.001982500969778094,-0.004216079818280739,0.002137504877720227,0.002557403145115828,0.00482442701620296,12.069999694824219,42.0,Fear,54.0
2019-11-11,soleimani_assassination,2020-01-03,-0.41862651184696,0.7115194876863152,73.08,-0.6287910303059265,11,-4.810455862589159,-0.005362839378222878,-0.003976999709097086,0.0006668618428714695,-0.0015263450368287173,-0.0019643954133371925,-0.0013021919108158375,12.6899995803833,40.0,Fear,42.0
2019-11-12,soleimani_assassination,2020-01-03,3.375206834158478,11.162677019518632,73.08,-0.6287910303059265,227,-7.665609219739044,0.0065865532404471615,-0.00233871646192102,0.004582042813634499,0.001119542261623349,0.0015634233012630327,0.0025733458558323285,12.680000305175781,39.0,Fear,40.0
2019-11-13,soleimani_assassination,2020-01-03,2.8619400641329618,9.748742515769417,73.08,-0.6287910303059265,180,-7.59662860745784,-0.0008397010971480578,0.00658934076646455,0.0064677933729504105,0.0006101809005178846,0.0007112815701162954,-0.00047031941263694395,13.0,38.0,Fear,39.0
2019-11-14,soleimani_assassination,2020-01-03,2.411276094894264,8.50726464711353,73.08,-0.6287910303059265,146,-7.485582976953268,-0.011437202181483985,0.006886066178064791,0.010276710415574054,-0.0021370697353896044,0.0008366926144567594,-0.00036319279798935583,13.050000190734863,41.0,Fear,38.0
2019-11-15,soleimani_assassination,2020-01-03,-0.2817175287478415,1.0886729415665226,73.08,-0.6287910303059265,18,-4.69684928824143,-0.02512939756383665,-0.003062164177331961,-0.0010883242360529475,-0.0016313590396361444,0.007666028777973181,0.007263380116360165,12.050000190734863,38.0,Fear,41.0
2019-11-18,soleimani_assassination,2020-01-03,-0.4470677370435132,0.6331703094757153,73.08,-0.6287910303059265,9,-5.164745114001168,-0.021749923275093754,0.0024504644323866277,0.0018131056927598683,-0.002145146984210623,0.0005030263228096366,0.0010661137157317857,12.460000038146973,38.0,Fear,38.0
2019-11-20,soleimani_assassination,2020-01-03,-0.2148930401422314,1.272759377028088,73.08,-0.6287910303059265,21,-4.790433488685226,-0.022039071560940312,0.0,0.010294646187498818,0.0007150487510028528,-0.0037632564209410676,-0.005138770603571181,12.779999732971191,32.0,Fear,38.0
2019-11-21,soleimani_assassination,2020-01-03,-0.1553653371770791,1.4367448092959494,73.08,-0.6287910303059265,27,-4.350831044817982,-0.049086768125686187,-0.006947360157733074,-0.006278594111646001,0.000612469998264637,-0.0015840060861895076,-0.0024095097173930805,13.130000114440918,30.0,Fear,32.0
2019-11-22,soleimani_assassination,2020-01-03,-0.9416515156156487,-0.7292967551328869,73.08,-0.6287910303059265,74,1.00081359963018,-0.04635206471928927,0.0,0.0012874093683190309,0.002853347366793373,0.002172573942375937,0.001605762090737615,12.34000015258789,20.0,Extreme Fear,30.0
2019-11-26,soleimani_assassination,2020-01-03,0.6185345216590379,3.5686648492405446,73.08,-0.6287910303059265,36,-8.500238214727842,0.010057835510045162,0.0021945374432130837,0.005827243018074976,-0.0007122114045053861,0.0021931636449402277,0.001786930792554682,11.539999961853027,21.0,Extreme Fear,20.0
2019-11-27,soleimani_assassination,2020-01-03,-0.0036416632792328,1.854709404099338,73.08,-0.6287910303059265,17,-8.421780329743582,0.04248662643530125,-0.0043938174856029385,-0.002909376919894057,0.0016272113742997409,0.0041657356252997445,0.006598265068343938,11.75,20.0,Extreme Fear,21.0
2019-11-29,soleimani_assassination,2020-01-03,-0.0276017273517084,1.7887048168504285,73.08,-0.6287910303059265,24,-5.992794551382783,0.03002664222916121,0.008359042281367265,-0.002134190554737897,-0.00142370390964475,-0.004019286229989053,-0.004572083537637643,12.619999885559082,31.0,Fear,20.0
2019-12-02,soleimani_assassination,2020-01-03,-0.5197291863312552,0.4330043602262547,74.28,-0.6041868419289838,6,-5.193373677036733,-0.058260671619511754,-0.0022541262526476727,-0.015140393564341,-0.0041808661160609665,-0.008668483693963605,-0.011312937975991403,14.90999984741211,28.0,Fear,31.0
2019-12-03,soleimani_assassination,2020-01-03,-0.5490298903260133,0.3522875112467827,74.28,-0.6041868419289838,6,-4.225270818755349,-0.0002517083198087148,0.010814526309483834,0.020750666641507626,-0.0012270221122121542,-0.006660225258045148,-0.005541779235127626,15.960000038146973,28.0,Fear,28.0
2019-12-04,soleimani_assassination,2020-01-03,-0.4824243848710745,0.5357706973835213,74.28,-0.6041868419289838,8,-4.884316918845252,-0.00934813254089389,-0.0028453045693533395,-0.010035339997262043,-0.0009211970370645112,0.006303657608769993,0.0053876690875585805,14.800000190734863,24.0,Extreme Fear,28.0
2019-12-05,soleimani_assassination,2020-01-03,0.0319174826543006,1.952666852926148,74.28,-0.6041868419289838,29,-5.565668408393607,0.026704767756073822,0.0019655192135956674,-0.004876016680984865,-0.00246076057102523,0.0014991269266302707,0.0004703491240769736,14.520000457763672,21.0,Extreme Fear,24.0
2019-12-06,soleimani_assassination,2020-01-03,-0.4082688610841332,0.7400524858202431,74.28,-0.6041868419289838,13,-4.287617791437905,0.013162839304284675,-0.01212552242517598,-0.0055500845987613845,0.002972615435067598,0.009094246030426013,0.009964548679817702,13.619999885559082,29.0,Fear,21.0
2019-12-09,soleimani_assassination,2020-01-03,-0.6139884125058485,0.1733413935815743,74.28,-0.6041868419289838,6,-2.079024400809782,-0.019548145146261,0.00013711159596173993,0.0021659776913390055,-0.0006142885390111692,-0.003167833684474369,-0.0040166128334494155,15.859999656677246,32.0,Fear,29.0
2019-12-10,soleimani_assassination,2020-01-03,-0.6200480008233475,0.1566485907332589,74.28,-0.6041868419289838,6,-1.8788140314197213,-0.016728999152694785,0.0022587550109528006,7.219188429901112e-05,-0.0023583268960564625,-0.0010975361689841293,-0.000655573457051218,15.680000305175781,26.0,Fear,32.0
2019-12-11,soleimani_assassination,2020-01-03,-0.3058671662855186,1.022146122061217,74.28,-0.6041868419289838,15,-5.196512623289848,-0.008373983817170333,0.0046385136565482935,0.007830192110152248,-0.0025697705521583207,0.0029039375293507703,0.004385602160358097,14.989999771118164,20.0,Extreme Fear,26.0
2019-12-12,soleimani_assassination,2020-01-03,-0.5507166247610442,0.347640937270771,74.28,-0.6041868419289838,7,-3.5979949469691848,0.0035554716584630377,-0.0018392248396021497,-0.016594919626630074,0.002467084489092802,0.008538667375555057,0.007284490188919363,13.9399995803833,23.0,Extreme Fear,20.0
2019-12-13,soleimani_assassination,2020-01-03,-0.4684402905794028,0.5742937317535315,74.28,-0.6041868419289838,9,-4.684491203530304,0.0036588787977558162,0.006049724215781696,0.011501420821195086,-0.0023642233070768786,7.25791502146863e-05,0.002012305158251767,12.630000114440918,22.0,Extreme Fear,23.0
2019-12-16,soleimani_assassination,2020-01-03,-0.4195634328146765,0.7089384811592911,74.28,-0.6041868419289838,12,-4.421667149491748,-0.047495221593679464,-0.0004066804034237166,-0.00903087494932182,-0.001029638427258675,0.007122360942542787,0.009043321870158121,12.140000343322754,24.0,Extreme Fear,22.0
2019-12-17,soleimani_assassination,2020-01-03,1.803466180303263,6.832885045413707,74.28,-0.6041868419289838,78,-9.03473044133353,-0.043028139847750044,-0.00027123977476679824,-0.001379768424264552,0.0014412128346793487,0.0003352360284609262,0.001035275590749401,12.289999961853027,23.0,Extreme Fear,24.0
2019-12-18,soleimani_assassination,2020-01-03,-0.0235036750168677,1.7999940292693684,74.28,-0.6041868419289838,28,-5.285000987540292,0.09150203958984561,-0.0013572206434196252,-0.008246150661318938,0.002055334962721688,-0.0004323936405227425,0.0004962730659278205,12.579999923706055,15.0,Extreme Fear,23.0
2019-12-19,soleimani_assassination,2020-01-03,-0.3827567556040117,0.8103325980508476,74.28,-0.6041868419289838,18,-3.4960087103086948,-0.01021559978849091,0.0037955689629014283,0.0,0.00010259720526384372,0.004449378821864254,0.0067151961767694555,12.5,21.0,Extreme Fear,15.0
2019-12-20,soleimani_assassination,2020-01-03,-0.4984652067974588,0.4915818409939207,74.28,-0.6041868419289838,6,-5.895941075034672,0.002215025702357289,-0.002370552172288522,0.0013180485138902117,0.0029723890034826007,0.004932595804334098,0.004237582543243408,12.510000228881836,23.0,Extreme Fear,21.0
2019-12-23,soleimani_assassination,2020-01-03,-0.0762560367734969,1.654673138072281,74.28,-0.6041868419289838,17,-7.513464726911931,0.018774784509871374,0.005275305725533864,-0.0014646429198038658,-0.0005118024543353672,0.0008657687142985109,0.002315582794935925,12.609999656677246,33.0,Fear,23.0
2019-12-24,soleimani_assassination,2020-01-03,0.3690120717448085,2.881286624119474,74.28,-0.6041868419289838,39,-6.431431491012775,-0.004509590580982912,0.011135059860575142,0.002854108558468574,-0.00010242318338562411,-0.00019546730246814044,0.0008078308632286349,12.670000076293945,25.0,Extreme Fear,33.0
2020-01-02,soleimani_assassination,2020-01-03,-0.05678492543166,1.708311670235969,138.42,0.7109070268186052,22,-6.17305111129478,-0.029359311413479375,0.0032851540714616823,0.011229879358016248,0.004760918634158697,0.008343895362316707,0.01324040491523017,12.470000267028809,39.0,Fear,25.0
2020-01-03,soleimani_assassination,2020-01-03,7.708179187055955,23.09904124829695,138.42,0.7109070268186052,3388,-5.901668189278282,0.050171745960031294,0.016072149694003442,0.015282959176324872,-0.00010327984415574736,-0.007084909364954553,-0.007886206201894253,14.020000457763672,38.0,Fear,39.0
2020-01-06,soleimani_assassination,2020-01-03,2.53961822545552,8.860818349170309,138.42,0.7109070268186052,1557,-2.804315200708692,0.05616562099224594,0.010913635018349008,-0.0056946868245971154,-0.0017569967185531493,0.003527145194272564,0.00560464929813982,13.850000381469727,41.0,Fear,38.0
2020-01-07,soleimani_assassination,2020-01-03,4.458527093009172,14.14698066443096,138.42,0.7109070268186052,1317,-4.715647968803495,0.04952688932640552,0.0035692183565126895,-0.004927960875800049,0.003201708756683483,-0.0028071750845948405,-0.0003185932225164833,13.789999961853027,40.0,Fear,41.0
2020-01-08,soleimani_assassination,2020-01-03,5.3751650342548665,16.672112015732935,138.42,0.7109070268186052,2146,-4.806253999601882,-0.010321673202805576,-0.009203710678121977,-0.006632834589807974,0.003294214264470894,0.004890473485641129,0.006666774358978516,13.449999809265137,51.0,Neutral,40.0
2020-01-09,soleimani_assassination,2020-01-03,3.949059063712086,12.743510836948357,138.42,0.7109070268186052,983,-4.677753601814481,-0.02516485111441786,-0.0036667071971181846,0.0035041335007264716,0.001540374081053393,0.006633214116906491,0.008093731948921294,12.539999961853027,44.0,Fear,51.0
2020-01-10,soleimani_assassination,2020-01-03,3.383516973386479,11.185569583915203,138.42,0.7109070268186052,1017,-4.058495040606806,0.0358370170573265,0.0037308990396736773,0.008851550243564078,-0.0009239396891402586,-0.0028592624875049015,-0.0026731544890028105,12.5600004196167,41.0,Fear,44.0
2020-01-13,soleimani_assassination,2020-01-03,2.954060445675352,10.002513446536769,138.42,0.7109070268186052,503,-4.729378258075738,-0.0027417352722783027,-0.00585981619083129,-0.0030384032544341806,-0.00010273880423501726,0.006951994045933256,0.010304152044722969,12.319999694824219,49.0,Neutral,41.0
2020-01-14,soleimani_assassination,2020-01-03,2.6504873478369344,9.166237843846892,138.42,0.7109070268186052,321,-5.292328617023582,0.0805965063783667,-0.003882494785876494,0.005130934147852357,0.00020546705429241687,-0.0015156808368957204,-0.002439870843610679,12.390000343322754,56.0,Greed,49.0
2020-01-15,soleimani_assassination,2020-01-03,2.061407424545841,7.543455155293318,138.42,0.7109070268186052,379,-4.032573063239119,-0.0023537488141357047,0.006269176242541576,0.006609681389696781,-0.0014388428510839087,0.0018684502436879626,0.0007963377118361008,12.420000076293945,54.0,Neutral,56.0
2020-01-16,soleimani_assassination,2020-01-03,2.0452982481153423,7.49907799761967,138.42,0.7109070268186052,244,-4.959559737739634,-0.009494746324859216,-0.001999275510573253,-0.0031556160565656146,0.000925174432261699,0.008331747422232019,0.010574935886487256,12.319999694824219,55.0,Greed,54.0
2020-01-17,soleimani_assassination,2020-01-03,3.442112492791644,11.346987060148765,138.42,0.7109070268186052,418,-5.806756204561617,0.023255338715640103,0.006306764371860662,-0.008584999480983674,0.0029754386603104773,0.003854723247485144,0.0033938395490808416,12.100000381469727,54.0,Neutral,55.0
2020-01-21,soleimani_assassination,2020-01-03,0.8127009497129238,4.103549685212841,138.42,0.7109070268186052,96,-4.706982658435815,-0.02072427811237768,-0.0015408479920918832,0.010450899975214343,-0.0008199429720924455,-0.002655500369585384,-0.0019329537995132332,12.850000381469727,49.0,Neutral,54.0
2020-01-22,soleimani_assassination,2020-01-03,0.6836222983247087,3.747967033941377,138.42,0.7109070268186052,80,-4.868727248160796,-0.007461951294768086,-0.0007069933514569245,0.0035071823463407896,0.0,0.00028903429668107475,0.0013820585287682805,12.90999984741211,52.0,Neutral,49.0
2020-01-23,soleimani_assassination,2020-01-03,1.0248718464042466,4.688032782586079,138.42,0.7109070268186052,113,-4.8337256408492575,-0.03211536772319544,0.00596170020177131,0.006977569751799373,0.0016392141884711308,0.001140326193358241,0.0019919828264902454,12.979999542236328,49.0,Neutral,52.0
2020-01-24,soleimani_assassination,2020-01-03,0.9848534212161976,4.5777910224263945,138.42,0.7109070268186052,137,-4.185502095945171,0.00461893300829455,0.004145810767128866,0.008056006910165187,0.0016364535918099031,-0.009083289426193788,-0.009357175174791791,14.5600004196167,40.0,Fear,49.0
2020-01-27,soleimani_assassination,2020-01-03,0.0132973585371305,1.901372599156221,138.42,0.7109070268186052,63,-2.931214130033972,0.05352795690272566,0.0036215123910229036,0.015434824647441996,0.0011235444900128861,-0.015855752356844034,-0.01903151568560962,18.229999542236328,50.0,Neutral,40.0
2020-01-28,soleimani_assassination,2020-01-03,0.1269592554227778,2.214485559420944,138.42,0.7109070268186052,52,-3.9427819261641472,0.04914065669354804,-0.004831603586278797,-0.007862205300432967,0.0006122824959291072,0.010003383500352516,0.01416398205332688,16.280000686645508,54.0,Neutral,50.0
2020-01-29,soleimani_assassination,2020-01-03,0.0219311222721526,1.9251566762776748,138.42,0.7109070268186052,46,-3.768911243789436,-0.004493658672814258,0.0003823495785668443,0.00973171791708083,-0.00030609438673345773,-0.0008672501435846315,0.0005910505516059476,16.389999389648438,57.0,Greed,54.0
2020-01-30,soleimani_assassination,2020-01-03,0.455787196389759,3.1203325744281893,138.42,0.7109070268186052,74,-4.282030948139564,0.020437036918080173,0.00868933318130266,0.00013837084135766677,-0.0012253153459300177,0.0031294569302110597,0.0025594303059273717,15.489999771118164,57.0,Greed,57.0
2020-01-31,soleimani_assassination,2020-01-03,-0.0067415981084029,1.8461697809047184,138.42,0.7109070268186052,48,-3.496266939211184,-0.01680504867594127,-0.000378963863372795,0.00908841345838626,-0.004916565795280975,-0.01786444357136295,-0.0160426529637304,18.84000015258789,55.0,Greed,57.0
2020-02-03,soleimani_assassination,2020-01-03,0.2133227144858536,2.4523974636463914,75.96,-0.5697409782012641,60,-3.919602010648682,-0.0061154081625973055,-0.0036075310705902057,-0.002470496906980179,0.004201078538817561,0.007228425761232584,0.013293475790294685,17.969999313354492,59.0,Greed,55.0
2020-02-04,soleimani_assassination,2020-01-03,1.2125892835873322,5.205152099262952,75.96,-0.5697409782012641,121,-5.138985476204838,-0.0121854536490776,-0.017138114161285474,-0.013558532887013964,0.0016346144931978252,0.014869315917506062,0.02076436520151893,16.049999237060547,56.0,Greed,59.0
2020-02-05,soleimani_assassination,2020-01-03,-0.2320124814082296,1.225599166968708,75.96,-0.5697409782012641,38,-2.79371424271134,0.04602834799275258,0.004761622946685296,-0.010994944925799261,0.0031595354759889898,0.011187778658972936,0.004290538598330176,15.149999618530273,53.0,Neutral,56.0
2020-02-06,soleimani_assassination,2020-01-03,-0.141029356352938,1.476237211914051,75.96,-0.5697409782012641,32,-3.8747090679217977,0.012033084493942919,0.0046751032672821095,0.004496595897467052,0.002337789964017686,0.003320155057001924,0.006652848641086346,14.960000038146973,61.0,Greed,53.0
2020-02-07,soleimani_assassination,2020-01-03,0.7275265109374851,3.868913264436798,75.96,-0.5697409782012641,66,-5.764723859952268,0.0067748353927720014,0.002233782116915276,0.012400875529015119,0.0018257465756925959,-0.005415491009458352,-0.005409487259016194,15.470000267028809,56.0,Greed,61.0
2020-02-10,soleimani_assassination,2020-01-03,-0.1201255608451187,1.5338224667053444,75.96,-0.5697409782012641,30,-4.248894636765036,0.0061740737967538074,0.0038812607041441385,0.002765743053677671,0.001518926161673082,0.007299690120573207,0.01126759526329323,15.039999961853027,57.0,Greed,56.0
2020-02-11,soleimani_assassination,2020-01-03,0.969088719819409,4.534362815988805,75.96,-0.5697409782012641,96,-5.201147489166681,0.03505244674627077,-0.005795625430667941,-0.0050531080939640585,-0.0011136483930240843,0.0016870486860021178,0.0010951992063065923,15.180000305175781,52.0,Neutral,57.0
2020-02-12,soleimani_assassination,2020-01-03,-0.1679502370969474,1.4020762407033482,75.96,-0.5697409782012641,25,-4.534958644307642,0.011475404940052,0.0011490897071122928,-0.005078878160832074,0.0033372314324503645,0.006441853105203067,0.00898740662053927,13.739999771118164,61.0,Greed,52.0
2020-02-13,soleimani_assassination,2020-01-03,0.1455626399693556,2.265733699439074,75.96,-0.5697409782012641,53,-3.975768002612861,-0.010873762642183454,0.004900535612764321,0.003828909718797262,0.0002018639496980783,-0.0016317763599886593,-0.0014394780736095318,14.149999618530273,65.0,Greed,61.0
2020-02-14,soleimani_assassination,2020-01-03,0.2157487484936018,2.459080641656637,75.96,-0.5697409782012641,52,-4.37827136314187,0.009523015160699344,0.004813471680398959,0.004367912654929054,0.0005045971260188074,0.0018418360984854144,0.001976013944968778,13.680000305175781,63.0,Greed,65.0
2020-02-18,soleimani_assassination,2020-01-03,0.0782037804602698,2.0801751923329985,75.96,-0.5697409782012641,36,-4.954789931299023,-0.016634702842213897,0.010871410739791924,0.0068254272137234125,0.003424279051060143,-0.0029242139861477136,0.00016035278449633917,14.829999923706055,53.0,Neutral,63.0
2020-02-19,soleimani_assassination,2020-01-03,-0.2912203410238047,1.0624948311874542,75.96,-0.5697409782012641,22,-3.83936667569607,-0.05144998404328957,0.004676547883901803,-6.867425095208791e-05,0.0014066051888710213,0.004694748284284925,0.00863839632568898,14.380000114440918,50.0,Neutral,53.0
2020-02-20,soleimani_assassination,2020-01-03,-0.2954061846775442,1.0509637734316055,75.96,-0.5697409782012641,17,-4.77216862911066,-0.0025892656683303506,0.005644986085864686,0.007802910237231623,0.0027072184861321323,-0.0038228174279975285,-0.006767141052087833,15.5600004196167,44.0,Fear,50.0
2020-02-21,soleimani_assassination,2020-01-03,0.4266877574779755,3.040170165482316,75.96,-0.5697409782012641,119,-3.033213273898805,0.008081532009711982,0.01717201549417072,0.009297309391760098,-0.006126676075756423,-0.010573809232819777,-0.01804517679251584,17.079999923706055,44.0,Fear,44.0
2020-02-24,soleimani_assassination,2020-01-03,-0.4054519845810926,0.7478123469939003,75.96,-0.5697409782012641,18,-3.226278302336068,-0.003751084852839228,0.01676255638881947,0.01481811124907313,0.0003021785853846842,-0.03408807942044074,-0.03780767618713989,25.030000686645508,46.0,Fear,44.0
2020-02-25,soleimani_assassination,2020-01-03,-0.0706708021271454,1.6700592032516406,75.96,-0.5697409782012641,33,-4.272946134407706,-0.03248723753845248,-0.015364987376213718,0.005310354620990624,-0.0032280840235715614,-0.030747904375353224,-0.028117699877271,27.850000381469727,44.0,Fear,46.0
2020-02-26,soleimani_assassination,2020-01-03,0.3395028462695376,2.799995345363348,75.96,-0.5697409782012641,54,-4.843873649277746,-0.057407687925487366,-0.004198505886171601,-0.00531035462099057,0.0003030638919179913,-0.00378569732353003,0.0016905823354723237,27.559999465942383,41.0,Fear,44.0
2020-02-27,soleimani_assassination,2020-01-03,-0.181025888117016,1.366055763212979,75.96,-0.5697409782012641,22,-4.936295989845755,-0.004092966388449268,0.0,0.010790194097431477,-0.005672599810777739,-0.045168136352261155,-0.047229800845702434,39.15999984741211,39.0,Fear,41.0
2020-02-28,soleimani_assassination,2020-01-03,-0.3614207480387542,0.8691084998441237,75.96,-0.5697409782012641,16,-4.167740524347423,-0.012836217768337236,-0.047385678747064744,0.02233233634960223,-0.003154148094629094,-0.008272463109653077,0.00010384687713207947,40.11000061035156,40.0,Fear,39.0
2020-03-02,soleimani_assassination,2020-01-03,0.0433676157394301,1.9842093941290009,81.54,-0.4553315022484801,32,-5.207993722173478,0.022485662721176948,0.017868979456354687,-0.008860171896713025,-0.007877647280893692,0.0450108687694132,0.04393513756355843,33.41999816894531,38.0,Fear,40.0
2020-03-03,soleimani_assassination,2020-01-03,-0.349507177567383,0.9019277068063866,81.54,-0.4553315022484801,20,-3.543711472004759,-0.009274764811755473,0.030796353102671873,0.015406237336348293,-0.002159263418418368,-0.02851048492291458,-0.03040335441489717,36.81999969482422,38.0,Fear,38.0
2020-03-04,soleimani_assassination,2020-01-03,-0.3367600432295242,0.937043194729614,81.54,-0.4553315022484801,17,-4.254883232948377,-0.0037097436703969933,-0.0006091618212690988,-0.010675366090398061,0.0019537752536019633,0.041336349360633136,0.037739944805450905,31.989999771118164,40.0,Fear,38.0
2020-03-05,soleimani_assassination,2020-01-03,-0.1483840889469574,1.455976577897132,81.54,-0.4553315022484801,35,-3.548893476428125,0.03628484201142127,0.01529889178860684,0.024586992062834545,-0.005356385423915853,-0.034510782439981125,-0.03148371112150072,39.619998931884766,41.0,Fear,40.0
2020-03-06,soleimani_assassination,2020-01-03,-0.5534091965465133,0.3402235076345078,81.54,-0.4553315022484801,11,-2.3001902199656974,0.004811004368074786,0.002636957249874577,0.05073484797794694,-0.00902639071155808,-0.01720094365238617,-0.018825524230783725,41.939998626708984,39.0,Fear,41.0
2020-03-09,soleimani_assassination,2020-01-03,-0.1366898394738432,1.4881916048404606,81.54,-0.4553315022484801,48,-2.818329690493332,-0.14089765259142104,0.0022120303868409007,0.026742344061614753,-0.011003468953308716,-0.07901041294037148,-0.07566582560192374,54.459999084472656,17.0,Extreme Fear,39.0
2020-03-10,soleimani_assassination,2020-01-03,-0.4298852600437873,0.6805041688030625,81.54,-0.4553315022484801,13,-3.942614662085449,-0.0017576850801850666,-0.009239341300194449,-0.05261848277807399,0.015786246966343988,0.048215052425859106,0.04831519719020057,47.29999923706055,16.0,Extreme Fear,17.0
2020-03-11,soleimani_assassination,2020-01-03,-0.4017719050076141,0.7579501384687414,81.54,-0.4553315022484801,15,-3.853360471039591,0.00021498848832731012,-0.010725720864527515,-0.03749182743430377,0.001036683392819497,-0.05010289280860541,-0.04814294639913276,53.900001525878906,17.0,Extreme Fear,16.0
2020-03-12,soleimani_assassination,2020-01-03,-0.3057661490169426,1.0224244019146098,81.54,-0.4553315022484801,17,-4.642578345514833,-0.46473017533977296,-0.03225585264372553,0.006177781164081252,0.009897998819150069,-0.09994485240247351,-0.09909876484232598,75.47000122070312,14.0,Extreme Fear,17.0
2020-03-13,soleimani_assassination,2020-01-03,-0.0944909577044611,1.6044400324376669,81.54,-0.4553315022484801,25,-5.189496108090676,0.11268622219754491,-0.047416352203101815,-0.022862526300050208,0.013046752908227162,0.08880840694923595,0.08934696396191795,57.83000183105469,10.0,Extreme Fear,14.0
2020-03-16,soleimani_assassination,2020-01-03,-0.2474862063423215,1.182972535237319,81.54,-0.4553315022484801,16,-5.67285048435592,-0.10393489512484634,-0.019856680529920206,0.06275458707782698,-0.0067060165391842055,-0.12765219747281742,-0.13149154641354951,82.69000244140625,9.0,Extreme Fear,10.0
2020-03-17,soleimani_assassination,2020-01-03,-0.4593959279364226,0.5992089165115365,81.54,-0.4553315022484801,9,-4.887723377903569,0.04124552567019178,0.02590818443844778,-0.06901035307797711,0.015075972359764923,0.05822631263569171,0.06044100346504696,75.91000366210938,8.0,Extreme Fear,9.0
2020-03-18,soleimani_assassination,2020-01-03,-0.3571966425527111,0.8807449603418408,81.54,-0.4553315022484801,25,-2.848733795908966,0.002448204386069575,-0.03171271975140128,-0.0580662175737897,0.01574209840111209,-0.053222272332080246,-0.048169744883439794,76.44999694824219,11.0,Extreme Fear,8.0
2020-03-19,soleimani_assassination,2020-01-03,-0.3820923916145116,0.8121627714083707,81.54,-0.4553315022484801,18,-3.503904606406996,0.1671043242496126,0.0008795472315558977,0.026861421658414528,0.015692735027299457,0.004696760970401053,0.022735839435527472,72.0,12.0,Extreme Fear,11.0
2020-03-20,soleimani_assassination,2020-01-03,-0.4145607538382732,0.7227197365005744,81.54,-0.4553315022484801,12,-4.507621185900752,0.0012244500086869695,0.0036454671159334207,0.07250253842913218,0.0005836906290763782,-0.04432762405336681,-0.03864459831419054,66.04000091552734,9.0,Extreme Fear,12.0
2020-03-23,soleimani_assassination,2020-01-03,-0.4390928172615259,0.6551394196985016,81.54,-0.4553315022484801,9,-5.343946275180127,0.034491728712804336,0.05442181862869502,0.04038287987729893,-0.003214671659135032,-0.02973150100957679,-0.0027437916888404575,61.59000015258789,10.0,Extreme Fear,9.0
2020-03-24,soleimani_assassination,2020-01-03,-0.4930168486435308,0.5065908422239035,81.54,-0.4553315022484801,8,-4.618300765028701,0.04844470857364082,0.05777508425392426,-0.01878986479912492,-0.007344693602503864,0.08968323251796326,0.07808549422695203,61.66999816894531,12.0,Extreme Fear,10.0
2020-03-25,soleimani_assassination,2020-01-03,-0.4393974166764903,0.6543003168229764,81.54,-0.4553315022484801,8,-5.964884087672701,-0.00801155993972081,-0.016947954536260905,-0.0022738395382985964,-0.006805044347558383,0.011468990420822226,-0.004534489135443038,63.95000076293945,13.0,Extreme Fear,12.0
2020-03-26,soleimani_assassination,2020-01-03,-0.5618842999841231,0.3168765039454039,81.54,-0.4553315022484801,6,-3.800557790230087,0.005281211361417012,0.010845784249569976,0.0049098114908468484,-0.01626219180094399,0.06054383107424656,0.054452206034325344,61.0,14.0,Extreme Fear,13.0
2020-03-27,soleimani_assassination,2020-01-03,-0.5626480458188621,0.3147725559579306,81.54,-0.4553315022484801,5,-4.499700193665372,-0.03741337669931112,-0.016005198817997043,0.02634275512147528,-0.010617374803561131,-0.0342678455416263,-0.038588016429585224,65.54000091552734,12.0,Extreme Fear,14.0
2020-03-30,soleimani_assassination,2020-01-03,-0.5732774347531292,0.2854909802829982,81.54,-0.4553315022484801,12,-1.7806144292369053,-0.006195005493668929,-0.0011707228298990415,-0.008262963044776186,0.00820047669237915,0.032966590569974794,0.03558382685242369,57.08000183105469,10.0,Extreme Fear,12.0
2020-03-31,soleimani_assassination,2020-01-03,-0.5780651210680763,0.2723019813663233,81.54,-0.4553315022484801,8,-2.482422389126212,0.001368107409615196,-0.02408550651926629,-0.008150040999286626,-0.0013115801831416923,-0.016142310788415843,-0.009570786297645892,53.540000915527344,12.0,Extreme Fear,10.0
2020-04-01,soleimani_assassination,2020-01-03,-0.4741063326248954,0.5586850603653226,69.34,-0.7054740840807313,11,-3.777169663637076,0.025777803165675912,-0.003289523008281446,0.012469617913723552,0.006239906653357665,-0.04514636273278691,-0.04509458387307495,57.060001373291016,12.0,Extreme Fear,12.0
2020-04-02,soleimani_assassination,2020-01-03,1.5157964908565489,6.040419755733431,69.34,-0.7054740840807313,98,-6.834225463819215,0.02788875596596145,0.0296535360572285,0.006325812222304377,0.0051038603675523705,0.022572657056960366,0.017070850721613982,50.90999984741211,14.0,Extreme Fear,12.0
2020-04-03,soleimani_assassination,2020-01-03,-0.1671883958372438,1.40417494201499,69.34,-0.7054740840807313,17,-6.3760138812275615,-0.008906283829348233,0.00490888893936245,0.002376673069009462,0.0039848779730313096,-0.015252860825944299,-0.01537405537456306,46.79999923706055,14.0,Extreme Fear,14.0
2020-04-06,soleimani_assassination,2020-01-03,-0.3742332823565145,0.8338128496865038,69.34,-0.7054740840807313,19,-3.428280921031025,0.07692295853833193,0.02615913167880727,-0.002614705819336201,0.001093065225506391,0.06796824414483035,0.07070179567744019,45.2400016784668,12.0,Extreme Fear,14.0
2020-04-07,soleimani_assassination,2020-01-03,-0.4819019829029191,0.5372097973033638,69.34,-0.7054740840807313,10,-3.9695411333613073,-0.013201383140758695,-0.007301457414060284,-0.01052763942327952,-0.0070763146128082245,-0.001604339048362459,-0.0032885658256597,46.70000076293945,20.0,Extreme Fear,12.0
2020-04-09,soleimani_assassination,2020-01-03,-0.4285324677186646,0.68423080737895,69.34,-0.7054740840807313,11,-4.625961980919456,-0.004373997983961782,0.041633439372849586,0.0018155600220501257,-0.0060108987368511415,0.014383470303699339,0.007717142922286236,41.66999816894531,22.0,Extreme Fear,20.0
2020-04-14,soleimani_assassination,2020-01-03,-0.4988306294138483,0.4905751838792634,69.34,-0.7054740840807313,12,-3.059729768607983,-0.0003813508563592871,0.006797057351607868,-0.00024416297431716565,-0.0046408385293312685,0.03011455957230757,0.03870691634419553,37.7599983215332,15.0,Extreme Fear,22.0
2020-04-15,soleimani_assassination,2020-01-03,-0.4922133053164533,0.5088044233512301,69.34,-0.7054740840807313,10,-3.759648646520025,-0.029712937076683203,-0.016935449293475353,0.02614447135547049,0.005747428971737732,-0.022276732672369248,-0.01449680924053312,40.84000015258789,18.0,Extreme Fear,15.0
2020-04-16,soleimani_assassination,2020-01-03,-0.4918959705106329,0.5096786093640273,69.34,-0.7054740840807313,8,-4.646450182974874,0.06902911272643515,-0.003944735829989091,0.011292896340707377,0.005714584712106837,0.0057998378395412884,0.01644660093364213,40.11000061035156,13.0,Extreme Fear,18.0
2020-04-17,soleimani_assassination,2020-01-03,-0.526776809617663,0.4135897432745608,69.34,-0.7054740840807313,6,-4.960518376055481,-0.0029015210954838368,-0.018301820946780283,-0.01349531473114233,-0.002502378594773782,0.026440932021320578,0.013709430126289494,38.150001525878906,15.0,Extreme Fear,13.0
2020-04-21,soleimani_assassination,2020-01-03,-0.1191066643918994,1.5366292972564102,69.34,-0.7054740840807313,29,-4.37984038205801,-0.00023764284804566149,-0.013847209197883095,0.012512953060906284,0.0029967363344493643,-0.031155115236330667,-0.03536991266150571,45.40999984741211,17.0,Extreme Fear,15.0
2020-04-22,soleimani_assassination,2020-01-03,-0.4601420971144324,0.5971533882598832,69.34,-0.7054740840807313,11,-4.037247140989282,0.033849812461733006,0.029647891342731346,-0.010269139734216141,0.001295761481367019,0.02267130058213675,0.027706863538931873,41.97999954223633,19.0,Extreme Fear,17.0
2020-04-23,soleimani_assassination,2020-01-03,-0.3226412547475466,0.975937281297526,69.34,-0.7054740840807313,15,-4.961590414856591,0.04297334717626114,0.0026574814347122173,0.005294495376082222,0.00039837582030818376,-0.0005395676601955963,-7.414690966266654e-05,41.380001068115234,19.0,Extreme Fear,19.0
2020-04-24,soleimani_assassination,2020-01-03,-0.4160168446049783,0.7187085339527598,69.34,-0.7054740840807313,14,-3.890737815925217,0.016178084496425684,-0.005670027160958046,0.0023440815815141264,-0.000498013578997181,0.013822090566839217,0.01631974242637881,35.93000030517578,20.0,Extreme Fear,19.0
2020-04-27,soleimani_assassination,2020-01-03,-0.3043174857529883,1.0264151433629938,69.34,-0.7054740840807313,20,-4.032827787777075,0.03189273191170586,-0.006753227914803885,-0.018789283485178106,-0.003392841703910894,0.014606868181735996,0.011015647145940062,33.290000915527344,28.0,Fear,20.0
2020-04-29,soleimani_assassination,2020-01-03,-0.5627601482893054,0.3144637388667571,69.34,-0.7054740840807313,5,-4.495285627342295,0.11984140644428902,-0.004159457378130776,-0.005202433348214345,-0.0030084564215593027,0.02623670404507307,0.03504202574609027,31.229999542236328,26.0,Fear,28.0
2020-04-30,soleimani_assassination,2020-01-03,-0.5872246296355067,0.2470695954859117,69.34,-0.7054740840807313,6,-2.963306727262943,-0.01632197818592355,-0.011335623435517613,-0.011745558486239685,-0.005539095303350765,-0.009255143319054839,-0.00282630935849451,34.150001525878906,44.0,Fear,26.0
2020-05-01,soleimani_assassination,2020-01-03,-0.4811754914624566,0.5392111178141329,68.51,-0.7224919810414501,10,-3.9843292554849454,0.02353691044657035,0.006097067443094948,0.007230551960712997,-0.0022241803896464697,-0.028460211014775954,-0.03253876583189108,37.189998626708984,40.0,Fear,44.0
2020-05-04,soleimani_assassination,2020-01-03,2.190834805338894,7.899998477636371,68.51,-0.7224919810414501,61,-12.472430063868918,0.005387486904253573,0.007291162026340241,-0.004714838400145029,0.006859017037953738,0.0042408225788494016,0.012215656788142112,35.970001220703125,44.0,Fear,40.0
2020-05-05,soleimani_assassination,2020-01-03,0.6655804208308205,3.698265719555183,68.51,-0.7224919810414501,38,-8.43007884837785,0.010093566989645255,-0.001465717123550518,-0.0064216714255619575,0.0023093109787881917,0.008999935197779802,0.01123426321224527,33.61000061035156,40.0,Fear,44.0
2020-05-06,soleimani_assassination,2020-01-03,-0.1689582818886071,1.399299304039045,68.51,-0.7224919810414501,20,-5.497905163651777,0.029084126239824877,-0.011922512345884834,-0.016267385587710546,0.003803780983961886,-0.007003880399042588,0.005125779753495446,34.119998931884766,42.0,Fear,40.0
2020-05-07,soleimani_assassination,2020-01-03,-0.30730370841298,1.018188771617497,68.51,-0.7224919810414501,16,-4.88264308273001,0.07107536685466279,0.02207963897860998,0.01656840026295615,-0.0020001702089409,0.011438955754890805,0.01404869555944823,31.440000534057617,49.0,Neutral,42.0
2020-05-08,soleimani_assassination,2020-01-03,-0.4473206161282799,0.6324736844765744,68.51,-0.7224919810414501,11,-4.276041339805203,-0.010998547172291293,-0.006935380050009182,-0.013086359623944289,-0.0016030063598269273,0.016730795065226244,0.015652527632974287,27.979999542236328,55.0,Greed,49.0
2020-05-11,soleimani_assassination,2020-01-03,-0.2094180956104404,1.2878416177490832,68.51,-0.7224919810414501,16,-6.175741809217893,-0.13475560405655748,-0.00857515842664911,-0.007836447645233476,0.0051007212026602895,0.0001330693667907644,0.007755946834984667,27.56999969482422,40.0,Fear,55.0
2020-05-12,soleimani_assassination,2020-01-03,-0.4261630955651888,0.6907578947254687,68.51,-0.7224919810414501,6,-8.284821579621228,0.0232893964825246,0.005353411843933332,0.010211959044177515,-0.003097345349061247,-0.020713365772047604,-0.020862662707353558,33.040000915527344,39.0,Fear,40.0
2020-05-13,soleimani_assassination,2020-01-03,-0.4481276631021102,0.6302504515905094,68.51,-0.7224919810414501,7,-6.522931269114255,0.05152160673099469,0.0055583326933722026,0.0069721047374351345,0.00309734534906125,-0.017616996624280044,-0.01560336922099055,35.279998779296875,41.0,Fear,39.0
2020-05-14,soleimani_assassination,2020-01-03,-0.4441302298764794,0.6412624809955534,68.51,-0.7224919810414501,10,-4.7384053834664375,0.048814308336527425,0.014021058879757815,0.009739721671909816,0.0022918983474946534,0.01145891780407149,0.00904709982416418,32.61000061035156,40.0,Fear,41.0
2020-05-15,soleimani_assassination,2020-01-03,-0.5448358166440634,0.3638412408791934,68.51,-0.7224919810414501,7,-3.765663953329821,-0.04255454133663077,0.008764225555300193,-0.002575964688880711,-0.0006969651685236173,0.003918675203723029,0.007889420809050467,31.889999389648438,44.0,Fear,40.0
2020-05-18,soleimani_assassination,2020-01-03,-0.452958995568168,0.6169412173447326,68.51,-0.7224919810414501,9,-5.032365052848943,0.04182007312762387,-0.012395415869611638,-0.022198895280643716,-0.007297511847432846,0.031015208770073424,0.024141213456802212,29.299999237060547,50.0,Neutral,44.0
2020-05-20,soleimani_assassination,2020-01-03,-0.4466428396365031,0.634340806261033,68.51,-0.7224919810414501,11,-4.288664615892023,-0.021407053865041548,0.0036626025539089747,0.0029894792894901144,-0.002519019852671667,0.0165139906134157,0.020547234163804128,27.989999771118164,52.0,Neutral,50.0
2020-05-21,soleimani_assassination,2020-01-03,-0.3159505683250558,0.9943686174739472,68.51,-0.7224919810414501,17,-4.515183912178989,-0.04743978112005262,-0.01734362611469108,0.002494623743686823,0.002519019852671609,-0.007803968309953686,-0.009742539531042435,29.530000686645508,49.0,Neutral,52.0
2020-05-22,soleimani_assassination,2020-01-03,-0.4570202013941329,0.6057535087699621,68.51,-0.7224919810414501,10,-4.476023113894256,0.011039704675422358,0.008161878938069567,0.005998051918572516,0.004918926301312116,0.002350945686812366,0.004267721949334718,28.15999984741211,42.0,Fear,49.0
2020-05-26,soleimani_assassination,2020-01-03,-0.588280891246604,0.2441598323293335,68.51,-0.7224919810414501,9,-1.9916020732280328,-0.0385808258006758,-0.017328994749641426,-0.013500577151494634,-0.009558828408124451,0.01221428502146052,0.001674797313847317,28.010000228881836,39.0,Fear,42.0
2020-05-28,soleimani_assassination,2020-01-03,-0.4983768370657475,0.4918252797280269,68.51,-0.7224919810414501,10,-3.63418665874564,0.03686071480897355,0.001752541583290877,-0.003687130824200753,-0.006888199065259023,-0.0021101393249195488,-0.0046184318938187014,28.59000015258789,41.0,Fear,39.0
2020-06-01,soleimani_assassination,2020-01-03,-0.4680642513333323,0.575329635294991,71.23,-0.6667224873870465,10,-4.251215566077179,0.07431041356890641,0.0005180443866920326,-0.008040044404136337,-0.005199527558490491,0.003744216478364391,0.006530844448660929,28.229999542236328,50.0,Neutral,41.0
2020-06-02,soleimani_assassination,2020-01-03,-0.4681059292044363,0.5752148221345876,71.23,-0.6667224873870465,8,-5.243906584371072,-0.06474947480283666,-0.007277016031962099,-0.003642293965017503,-0.0016368664740114463,0.008177307282398658,0.005879851478662662,26.84000015258789,56.0,Greed,50.0
2020-06-03,soleimani_assassination,2020-01-03,-0.5065771170536215,0.469235352827669,71.23,-0.6667224873870465,6,-5.62792145658052,0.013229694990896244,-0.016009633407297864,-0.013386304450700827,-0.004001025042514643,0.01355667081256392,0.007726869908895607,25.65999984741211,48.0,Neutral,56.0
2020-06-04,soleimani_assassination,2020-01-03,-0.4703480593541605,0.5690382578882136,71.23,-0.6667224873870465,9,-4.6416225115505165,0.014793539385652563,0.012351241473905206,-0.014584958091459705,-0.006186846677672824,-0.003374389083608904,-0.006953917906105185,25.809999465942383,54.0,Neutral,48.0
2020-06-05,soleimani_assassination,2020-01-03,-0.437727184128494,0.6589014318119313,71.23,-0.6667224873870465,7,-6.819461599724019,-0.013881075272663914,-0.025155268002861633,-0.007148783430536906,0.0026856966101067147,0.025874012821635813,0.02040952303844324,24.520000457763672,53.0,Neutral,54.0
2020-06-08,soleimani_assassination,2020-01-03,-0.4541613807200361,0.6136289167004936,71.23,-0.6667224873870465,8,-5.594106050162437,0.010902606554412915,0.013098481927345721,0.0038361154994166744,-0.003306468049043464,0.011969656405806002,0.011213540124008055,25.809999465942383,53.0,Neutral,53.0
2020-06-09,soleimani_assassination,2020-01-03,-0.3889807892463762,0.7931867853207585,71.23,-0.6667224873870465,16,-3.803663994945493,0.002474647666023554,0.009610330246712897,0.011294528125961755,-0.0031098091607432428,-0.007829743419721978,0.0029177272503861356,27.56999969482422,52.0,Neutral,53.0
2020-06-10,soleimani_assassination,2020-01-03,-0.4574533059793166,0.6045604030547942,71.23,-0.6667224873870465,12,-3.7706584493757247,0.00756591700730524,-0.0008167458702274134,0.014718524756718008,-0.0037445499613823646,-0.005327255735182077,0.006668621613708711,27.56999969482422,54.0,Neutral,52.0
2020-06-11,soleimani_assassination,2020-01-03,0.0734453475333204,2.067066779920374,71.23,-0.6667224873870465,70,-2.9515437976286467,-0.05715571914128428,0.010855446283993906,0.018724423213293213,0.007992198467841808,-0.06075269299628893,-0.05409169433805573,40.790000915527344,52.0,Neutral,54.0
2020-06-12,soleimani_assassination,2020-01-03,-0.3129911782613806,1.002521071451973,71.23,-0.6667224873870465,16,-4.80750987563919,0.01691958379014404,-0.0015600795547297869,-0.00968798914998228,0.006080887880907707,0.012976286605211731,0.01007045692808463,36.09000015258789,38.0,Fear,52.0
2020-06-15,soleimani_assassination,2020-01-03,1.208885047835666,5.194947762950585,71.23,-0.6667224873870465,137,-4.749772246840253,-0.003184275303545611,-0.005218007981163413,0.0005543523947064642,-0.0065979557876870015,0.00827786081817526,0.014207971334584998,34.400001525878906,37.0,Fear,38.0
2020-06-16,soleimani_assassination,2020-01-03,-0.431033818014945,0.6773401499344823,71.23,-0.6667224873870465,10,-5.004989856735078,0.00919733936802677,0.005391431183017847,-0.015452264049363992,0.002891953886846593,0.018784852866710527,0.01731279009726497,33.66999816894531,39.0,Fear,37.0
2020-06-19,soleimani_assassination,2020-01-03,-0.5236141431816373,0.4223021779360217,71.23,-0.6667224873870465,6,-5.065013695248322,-0.013243316204145586,0.0121590659502639,0.0008008926056102916,0.0020509090115185353,-0.005665513565673728,0.00030874214825953055,35.119998931884766,39.0,Fear,39.0
2020-06-22,soleimani_assassination,2020-01-03,-0.5151018015978228,0.4457517643420465,71.23,-0.6667224873870465,11,-3.0136478693103546,0.03809979120458693,0.006166825249584587,0.00012317901661508952,-0.0059591445241145916,0.006474093296658384,0.011034712303594674,31.770000457763672,38.0,Fear,39.0
2020-06-23,soleimani_assassination,2020-01-03,-0.5347683839605406,0.3915747534825865,71.23,-0.6667224873870465,8,-3.569764458504112,-0.0019773010491619188,0.008728248980421311,-0.0068580206841311235,-0.0036132643250425932,0.004298169191483789,0.007419313081496757,31.3700008392334,41.0,Fear,38.0
2020-06-24,soleimani_assassination,2020-01-03,-0.5002431193288635,0.486684091870836,71.23,-0.6667224873870465,8,-4.43682223695027,-0.033370923273779836,-0.0035613970847807024,0.01066822141303858,0.004746181784583317,-0.0261952655956623,-0.022175979372722567,33.84000015258789,50.0,Neutral,41.0
2020-06-25,soleimani_assassination,2020-01-03,-0.4535879822596311,0.6152085004859836,71.23,-0.6667224873870465,8,-5.60850621770777,-0.005253081495321345,-0.0020976074000182165,0.002878764873343215,0.002877983039635605,0.01089982772821816,0.010823066463442527,32.220001220703125,43.0,Fear,50.0
2020-06-26,soleimani_assassination,2020-01-03,-0.115553963494852,1.546416189128616,71.23,-0.6667224873870465,50,-2.837517207760144,-0.011059043986902698,0.005884713686692411,0.010646488394487485,0.0007182034342949106,-0.024525204274831163,-0.026276153867816572,34.72999954223633,40.0,Fear,43.0
2020-06-29,soleimani_assassination,2020-01-03,0.0741674256041198,2.0690559425904085,71.23,-0.6667224873870465,33,-5.293803102639377,0.003044229198297584,0.0012967886103743235,-0.0031517347090487214,0.0004101816642783301,0.01457888811353358,0.011912774931627259,31.780000686645508,41.0,Fear,40.0
2020-06-30,soleimani_assassination,2020-01-03,-0.1626807268593072,1.4165925561517236,71.23,-0.6667224873870465,19,-5.824421193503385,-0.005768117633966839,0.010202426588476162,-0.004868281263323777,-0.0015390299620584962,0.015292349435755562,0.01852457350029294,30.43000030517578,44.0,Fear,41.0
2020-07-01,soleimani_assassination,2020-01-03,-0.443951819616315,0.6417539611329812,66.47,-0.7643191012822528,11,-4.338783628696583,0.00983678469207803,-0.011104398270962212,-0.0031159000074555345,-0.001952849636313679,0.005009563975870565,0.009484903380965458,28.6200008392334,42.0,Fear,44.0
2020-07-02,soleimani_assassination,2020-01-03,-0.5015428208921159,0.4831037064023437,66.47,-0.7643191012822528,11,-3.26617766191986,-0.011433924918011266,0.006072237805783904,0.0010397124682118744,0.0012338347098170114,0.0045309704768169146,0.005205720808945402,27.68000030517578,42.0,Fear,42.0
2020-07-06,soleimani_assassination,2020-01-03,0.5197531274888549,3.2965443269267203,66.47,-0.7643191012822528,66,-4.91188776742741,0.02725354073828613,0.0025192455591178196,-0.004104003678948355,-0.005460822159623259,0.01575693083216329,0.021900728910419467,27.940000534057617,40.0,Fear,42.0
2020-07-07,soleimani_assassination,2020-01-03,1.4953116934475534,5.983988746460317,66.47,-0.7643191012822528,113,-6.169956819790548,-0.013227475028494522,0.00873997345987791,0.013958161039650205,0.0009293782745837542,-0.010877477869643567,-0.008640224052571775,29.43000030517578,43.0,Fear,40.0
2020-07-08,soleimani_assassination,2020-01-03,0.3450560236616108,2.81529310001772,66.47,-0.7643191012822528,40,-6.157453730531065,0.01884958505462196,0.006243658695440093,-0.004002938645450738,-0.004655711207453064,0.007796986263430269,0.01426474298411986,28.079999923706055,44.0,Fear,43.0
2020-07-09,soleimani_assassination,2020-01-03,0.6835967407275827,3.747896628509895,66.47,-0.7643191012822528,55,-6.394138122334279,-0.016076772716190905,-0.009018817348082771,0.015796753825859256,0.0027960112131901233,-0.005659591476194623,0.005251850808975774,29.260000228881836,44.0,Fear,44.0
2020-07-10,soleimani_assassination,2020-01-03,1.803491044037303,6.832953539408456,66.47,-0.7643191012822528,106,-7.342214004672378,9.051613040455209e-05,-0.0005559571095256041,-0.00503746995028115,-0.0005171494582061529,0.010411809774443004,0.0065854055769100335,27.290000915527344,41.0,Fear,44.0
2020-07-13,soleimani_assassination,2020-01-03,-0.4600899404416196,0.5972970681620267,66.47,-0.7643191012822528,10,-4.413536932511248,-0.0038000863994744,0.0070930414866313,0.0033012427008759695,-0.0019678162924543765,-0.009406645216058874,-0.021573338837342963,32.189998626708984,43.0,Fear,41.0
2020-07-14,soleimani_assassination,2020-01-03,-0.1208828479650206,1.531736311024506,66.47,-0.7643191012822528,26,-4.790384381411728,-4.331631390260929e-05,-0.0002209103260360273,0.0014370675190214358,-0.0020755190823018837,0.01331730058290395,0.00936241990348403,29.520000457763672,43.0,Fear,43.0
2020-07-15,soleimani_assassination,2020-01-03,-0.3736076858352686,0.8355362273888457,66.47,-0.7643191012822528,15,-4.247802206681048,-0.005465061808117076,0.00044177186147791053,-0.0046782236061722925,-0.0018716892379267032,0.009041056936355048,0.005885272878119101,27.760000228881836,44.0,Fear,43.0
2020-07-16,soleimani_assassination,2020-01-03,-0.4647300550652981,0.5845145960619058,66.47,-0.7643191012822528,11,-3.951798529845113,-0.006614939463274875,-0.007035885831272417,0.004738117491754856,0.002806182194208918,-0.0034119152141152374,-0.007292554037522689,28.0,43.0,Fear,44.0
2020-07-17,soleimani_assassination,2020-01-03,-0.4363895082776818,0.6625864279011997,66.47,-0.7643191012822528,9,-5.404691225872238,0.002096417007004295,0.005323049805576425,-0.0020964105768912487,-0.004264357502404642,0.0028445625875835605,0.0027992889384761436,25.68000030517578,41.0,Fear,43.0
2020-07-20,soleimani_assassination,2020-01-03,-0.2823014894297945,1.087064261236399,66.47,-0.7643191012822528,20,-4.271120694351561,0.001401958161398814,0.004194021617199042,0.0024553335125424157,-0.0011472140581443113,0.008371797255140334,0.024815183704461265,24.459999084472656,44.0,Fear,41.0
2020-07-21,soleimani_assassination,2020-01-03,0.0234882797852526,1.9294462949791444,66.47,-0.7643191012822528,47,-3.714353180038953,0.022726572419009328,0.014487856747344773,0.0005978883579433137,-0.007436526205550686,0.0016776293345600682,-0.00808767141532253,24.84000015258789,44.0,Fear,44.0
2020-07-22,soleimani_assassination,2020-01-03,-0.2173428630536546,1.2660106659389905,66.47,-0.7643191012822528,25,-4.094860070095465,0.015923467431184803,0.011709267020525905,0.002984364278010293,-0.0015782161490156016,0.005730630594473862,0.002409889929494511,24.31999969482422,50.0,Neutral,44.0
2020-07-23,soleimani_assassination,2020-01-03,-0.4285651759592165,0.6841407035332033,66.47,-0.7643191012822528,15,-3.4781189550937497,0.005831453188377249,0.013322162460929807,0.011613608950712142,-0.0029526413298705746,-0.012396378412246847,-0.023122266462265197,26.079999923706055,55.0,Greed,50.0
2020-07-24,soleimani_assassination,2020-01-03,-0.5669861324306249,0.3028221030963142,66.47,-0.7643191012822528,10,-2.237607728611452,-0.004621806400934839,0.0043313363665133785,-5.8879535050257555e-05,-0.0026436857098438593,-0.006209640024276134,-0.00943508782908084,25.84000015258789,53.0,Neutral,55.0
2020-07-27,soleimani_assassination,2020-01-03,-0.523160937873059,0.4235506566229418,66.47,-0.7643191012822528,10,-3.1296930211745986,0.1418974985396613,0.017606154822841998,-0.003718492532963426,-0.008186790395604068,0.007367928821482373,0.016564436663143643,24.739999771118164,58.0,Greed,53.0
2020-07-28,soleimani_assassination,2020-01-03,-0.4299355317683837,0.6803656815092795,66.47,-0.7643191012822528,12,-4.24345787895692,-0.007126663372121388,0.007069694974014618,0.006894739420360453,0.0009604009396220613,-0.006494435418646306,-0.012816813572435633,25.440000534057617,76.0,Extreme Greed,58.0
2020-07-29,soleimani_assassination,2020-01-03,-0.5438678911182834,0.366507657989913,66.47,-0.7643191012822528,8,-3.341241996900484,0.01704870717725163,0.004514937092596289,-0.0017044896858439216,-0.005347034326374444,0.012351783351742583,0.013449749880064083,24.100000381469727,71.0,Greed,76.0
2020-07-30,soleimani_assassination,2020-01-03,-0.6076110228339658,0.1909096676790392,66.47,-0.7643191012822528,5,-2.729069775519994,0.0009676074745081875,-0.005749772517706172,0.006566984005583291,-0.0025768265787047538,-0.0037573017634548516,0.004246816422629563,24.760000228881836,76.0,Extreme Greed,71.0
2020-08-03,soleimani_assassination,2020-01-03,-0.4174994239437827,0.7146243613468124,65.47,-0.7848225915963718,13,-4.140295701472436,-0.006833770034439107,0.0016289716145934227,-0.006159298317332965,0.00010698044124570928,0.007155362664358673,0.014554004945439012,24.280000686645508,75.0,Greed,76.0
2020-08-04,soleimani_assassination,2020-01-03,-0.3211979498063518,0.9799132617719402,65.47,-0.7848225915963718,15,-4.981803995165032,-0.0036037470015529804,0.017745954507515056,0.009487131099397318,-0.001284276164808909,0.003605423026133557,0.0035131120516395916,23.760000228881836,72.0,Greed,75.0
2020-08-05,soleimani_assassination,2020-01-03,-0.1588064702181612,1.4272652617722796,65.47,-0.7848225915963718,26,-4.463659422914904,0.04716003790353572,0.01483052996269477,-0.008781229214496467,-0.00590727699317517,0.006409160435517922,0.005217112071407082,22.989999771118164,75.0,Greed,72.0
2020-08-06,soleimani_assassination,2020-01-03,0.1252391922608094,2.209747172298757,65.47,-0.7848225915963718,58,-3.622237300529971,0.002784144331385825,0.009993726704919284,0.005570373639810983,-0.0004309979049096572,0.006407126020664802,0.00992205613198398,22.649999618530273,79.0,Extreme Greed,75.0
2020-08-07,soleimani_assassination,2020-01-03,-0.363217439651012,0.8641590185772147,65.47,-0.7848225915963718,12,-5.389781547944151,-0.015251902049187646,-0.020386772968585872,-0.00668819952225323,0.00698065997623259,0.0006328292699566697,-0.008778899986397169,22.209999084472656,77.0,Extreme Greed,79.0
2020-08-10,soleimani_assassination,2020-01-03,0.6734875634018593,3.720048118806746,65.47,-0.7848225915963718,100,-4.152984018771482,0.023565279002469953,0.007088912486168325,-0.004483840937739252,0.0014971597968210537,0.0027384652733919213,-0.0038782028046023096,22.1299991607666,78.0,Extreme Greed,77.0
2020-08-11,soleimani_assassination,2020-01-03,-0.3333042809555522,0.9465630424993828,65.47,-0.7848225915963718,14,-5.124231104304164,-0.04016111286278769,-0.04640713846737035,-0.011956211382360903,0.0005341106115732474,-0.008001055401377298,-0.017060640731592937,24.030000686645508,84.0,Extreme Greed,78.0
2020-08-12,soleimani_assassination,2020-01-03,-0.4935534785222693,0.5051125476106493,65.47,-0.7848225915963718,9,-4.12018302698516,0.015169300755772669,0.001189424227168705,-0.009137450328815211,-0.002031270408394264,0.013899502293613534,0.021053246932805986,22.280000686645508,75.0,Greed,84.0
2020-08-13,soleimani_assassination,2020-01-03,-0.5282215487299476,0.4096098119813784,65.47,-0.7848225915963718,8,-3.734179835806757,0.017048853955416797,0.011203697670107498,-0.010746522742473853,-0.0010708439203949483,-0.002049272676156681,0.0027440617564400446,22.1299991607666,75.0,Greed,75.0
2020-08-14,soleimani_assassination,2020-01-03,-0.4553160399538515,0.6104480902256311,65.47,-0.7848225915963718,17,-2.771894997258773,-0.001296361228177031,-0.010118971422733294,-0.003914467680034951,-0.0025745333942405785,-0.00017189739627902921,-0.002103201377038824,22.049999237060547,78.0,Extreme Greed,75.0
2020-08-17,soleimani_assassination,2020-01-03,-0.2122728409694436,1.2799774363949856,65.47,-0.7848225915963718,28,-3.758169141329111,0.04042724462886005,0.02447852971429491,0.0025094341038185363,-0.0026888965284360593,0.002706177507423456,0.009971685238515328,21.350000381469727,83.0,Extreme Greed,78.0
2020-08-18,soleimani_assassination,2020-01-03,-0.5629464244517307,0.3139505899378558,65.47,-0.7848225915963718,9,-2.560882516367448,-0.02170941475499902,0.007228233622483832,0.007126561007301284,-0.006266246156081086,0.0023007404198168474,0.007261205084750445,21.510000228881836,82.0,Extreme Greed,83.0
2020-08-19,soleimani_assassination,2020-01-03,0.4016960587567595,2.971323656818847,65.47,-0.7848225915963718,191,-2.239927830926847,-0.01961788699136637,-0.020566184811920643,-0.0062711326706319384,0.006696965619910175,-0.004414123345182018,-0.005759198232592773,22.540000915527344,80.0,Extreme Greed,82.0
2020-08-20,soleimani_assassination,2020-01-03,0.6314673990245503,3.604292017426294,65.47,-0.7848225915963718,82,-4.602375052167397,0.01016132774175868,-0.012793958632575233,0.008998729024032563,-0.0010771055969901347,0.0031536547683461333,0.010574197483840368,22.719999313354492,75.0,Greed,80.0
2020-08-21,soleimani_assassination,2020-01-03,1.3641599808249276,5.622695277775965,65.47,-0.7848225915963718,95,-6.494807727362604,-0.024361862793125022,0.0004135698294723892,0.005974431478505715,0.004945173292177445,0.0034351999829724668,0.004150258706174642,22.540000915527344,81.0,Extreme Greed,75.0
2020-08-24,soleimani_assassination,2020-01-03,-0.4615063174780882,0.5933952680083144,65.47,-0.7848225915963718,9,-4.840301677529781,0.01558689348865654,-0.0035730170549382228,-0.0016258955251050547,0.0005360820384595766,0.009993615364903508,0.005986388405382567,22.3700008392334,78.0,Extreme Greed,81.0
2020-08-25,soleimani_assassination,2020-01-03,-0.5606265444196896,0.3203413376219475,65.47,-0.7848225915963718,10,-2.367060546530245,-0.035306004408532356,-0.008282324903757287,-0.00768320442357152,-0.0030056528547335207,0.003589899745540117,0.007594300757090449,22.030000686645508,75.0,Greed,78.0
2020-08-26,soleimani_assassination,2020-01-03,0.1572317957173248,2.29787959881389,65.47,-0.7848225915963718,76,-3.094401616979673,0.010696334763965401,0.015003475387935178,-0.0038334336282668203,-0.00010745048552533449,0.010144001344841499,0.01717091166200958,23.270000457763672,76.0,Extreme Greed,75.0
2020-08-27,soleimani_assassination,2020-01-03,-0.0079161541381671,1.842934143232348,65.47,-0.7848225915963718,37,-4.292786860521109,-0.014463477673961746,-0.009890547937341882,-0.01715535816523301,0.0,0.0016716460318091384,-0.0034108272995897445,24.469999313354492,75.0,Greed,76.0
2020-08-28,soleimani_assassination,2020-01-03,-0.3642262415953058,0.8613799961277091,65.47,-0.7848225915963718,15,-4.379189948204802,0.01916471859560327,0.02213049019313123,-0.0007445736523992498,-0.006904756883039733,0.006710002849570254,0.006028072823256856,22.959999084472656,74.0,Greed,75.0
2020-08-31,soleimani_assassination,2020-01-03,-0.2083611482155071,1.290753270085878,65.47,-0.7848225915963718,14,-6.987509291607149,0.011912331769495294,0.0015258636993629058,0.006619103887540852,-0.002493127455491018,-0.002197375175508541,0.006802443899218424,26.40999984741211,75.0,Greed,74.0
2020-09-01,soleimani_assassination,2020-01-03,-0.377228218559675,0.8255624740894907,80.38,-0.4791155510128583,22,-2.983202325965176,0.02449528784504093,0.0003048811432237371,0.010243905886151683,0.002168224536276038,0.007496831420705943,0.013848761208684371,26.1200008392334,75.0,Greed,75.0
2020-09-02,soleimani_assassination,2020-01-03,-0.4450124628853424,0.6388321274943599,80.38,-0.4791155510128583,19,-2.62660379394969,-0.04759982836281475,-0.017322181174838722,0.009475274756130834,0.0055078939450372375,0.01524905014386973,0.009732529800003371,26.56999969482422,83.0,Extreme Greed,75.0
2020-09-03,soleimani_assassination,2020-01-03,-0.4634371173862108,0.588076348550905,80.38,-0.4791155510128583,10,-4.345403354234622,-0.108024907829682,-0.0035215203808738388,0.002837231230293931,-0.0011854154362119266,-0.0357575941421853,-0.05090212326493307,33.599998474121094,79.0,Extreme Greed,83.0
2020-09-04,soleimani_assassination,2020-01-03,-0.5382473170819317,0.3819910752399321,80.38,-0.4791155510128583,7,-3.9535101052558304,0.02568095890557451,-0.0019213045878463265,-0.019171045402184176,-0.00021564373172236047,-0.008166280754275102,-0.012732881658740678,30.75,40.0,Fear,79.0
2020-09-08,soleimani_assassination,2020-01-03,-0.4687911661188512,0.5733271485638131,80.38,-0.4791155510128583,9,-4.676606822769451,-0.03684869679616905,0.004718811695522806,0.006125968473645638,0.008163333384396777,-0.02814882908646679,-0.04201179402005574,31.459999084472656,41.0,Fear,40.0
2020-09-09,soleimani_assassination,2020-01-03,-0.1938290591583129,1.33078590677596,80.38,-0.4791155510128583,32,-3.492940144600256,0.010879835709758444,0.006034498194198085,-0.00269081883192571,-0.002356231295015289,0.019944760662180386,0.026730028330959367,28.809999465942383,38.0,Fear,41.0
2020-09-10,soleimani_assassination,2020-01-03,-0.5134322002896136,0.4503511404073709,80.38,-0.4791155510128583,9,-3.6734963993017615,0.011724294913524443,0.004873179121465835,0.005069807829044036,0.0008573870012291349,-0.017741245925395586,-0.020123812520272386,29.709999084472656,38.0,Fear,38.0
2020-09-11,soleimani_assassination,2020-01-03,-0.2894480258483558,1.067377160853879,80.38,-0.4791155510128583,23,-3.71047988937714,0.003638635248421432,-0.008427543375380205,0.0021301297977261904,-0.00010708209078612866,0.0005329301580873496,-0.006066212098539381,26.8700008392334,41.0,Fear,38.0
2020-09-14,soleimani_assassination,2020-01-03,0.269450312110178,2.6070163704765363,80.38,-0.4791155510128583,60,-4.166725320421898,0.026557497830895387,0.007864507194070882,-6.0766116015988395e-05,-0.002789724278171819,0.012661335025022992,0.018539894816271767,25.850000381469727,39.0,Fear,41.0
2020-09-15,soleimani_assassination,2020-01-03,1.6795160828875266,6.491430406785,80.38,-0.4791155510128583,168,-5.260876092118751,0.010812510742824319,0.0016371176840063052,-0.002434979507612415,-0.00021487903340062237,0.005205785930499657,0.012017054569503307,25.59000015258789,47.0,Neutral,39.0
2020-09-16,soleimani_assassination,2020-01-03,0.3101058233787359,2.719013159490018,80.38,-0.4791155510128583,51,-4.913668024714608,0.016347532426243053,0.0019915248986203523,-0.0029910321671442253,0.0017179863656381284,-0.0046296468921518345,-0.012576210550994475,26.040000915527344,43.0,Fear,47.0
2020-09-17,soleimani_assassination,2020-01-03,0.1015438869414971,2.1444719358633604,80.38,-0.4791155510128583,38,-4.888255436019885,-0.002364091830582051,-0.010358510867938483,0.0030519464231869163,-0.0025781286530227113,-0.008447949528552457,-0.012767447145469032,26.459999084472656,48.0,Neutral,43.0
2020-09-18,soleimani_assassination,2020-01-03,0.8201231633514885,4.123996214329158,80.38,-0.4791155510128583,109,-4.351875547447078,-0.0004023369137903027,0.006217730605110695,-0.00311304687594152,-0.0004303487446622587,-0.011245576947828505,-0.010781745524561539,25.829999923706055,49.0,Neutral,48.0
2020-09-21,soleimani_assassination,2020-01-03,0.665438372787779,3.697874409147075,80.38,-0.4791155510128583,65,-5.571595215316673,-0.04507042497530537,-0.026420463605422984,0.005061367448363932,0.006542637232109398,-0.011638564027297718,-0.0013425196710261304,27.780000686645508,48.0,Neutral,49.0
2020-09-22,soleimani_assassination,2020-01-03,1.090835998930251,4.869749185661339,80.38,-0.4791155510128583,121,-4.807846122578738,0.0072569445920738825,-0.00136848046834515,-0.0007910039341915042,0.004799208818646536,0.010463016398376152,0.017003087193005365,26.860000610351562,39.0,Fear,48.0
2020-09-23,soleimani_assassination,2020-01-03,-0.1618409049026456,1.4189060767435029,80.38,-0.4791155510128583,22,-5.12727266720277,-0.028125828810467837,-0.020594023641089643,0.0013383699173109887,0.004246757966643636,-0.02400733891437413,-0.03062285686099566,28.579999923706055,43.0,Fear,39.0
2020-09-24,soleimani_assassination,2020-01-03,-0.4033019868161868,0.7537351072431812,80.38,-0.4791155510128583,10,-5.569486124190552,0.04893613643511954,0.00450621665322058,0.0038226412427099406,-0.00042387322855773867,0.0029830055546290505,0.0036872905386653764,28.510000228881836,39.0,Fear,43.0
2020-09-28,soleimani_assassination,2020-01-03,-0.4842261217529866,0.5308073175335336,80.38,-0.4791155510128583,11,-3.588693235708156,0.001582586516326838,0.008095526135782653,-0.0028504809691646334,-0.003389112416825154,0.0159821918538544,0.018517153054660295,26.190000534057617,43.0,Fear,39.0
2020-09-29,soleimani_assassination,2020-01-03,-0.5072378995700529,0.467415045622879,80.38,-0.4791155510128583,6,-5.606089030882689,0.01252558330751577,0.0114147396616161,0.0011533125017350017,-0.003933066389008079,-0.004824282704443997,-0.0029077706291231915,26.270000457763672,45.0,Fear,43.0
2020-09-30,soleimani_assassination,2020-01-03,-0.5352558271429618,0.390231957154259,80.38,-0.4791155510128583,7,-4.038801129147023,-0.0055619032310387645,-0.0035962007873952123,-0.009631295877985205,0.0,0.00821984256837961,0.007393252898568956,26.3700008392334,49.0,Neutral,45.0
2020-10-01,soleimani_assassination,2020-01-03,-0.4351939170266717,0.6658800128767082,76.08,-0.5672805593635697,13,-3.857887170000746,-0.015421675401221661,0.011012005311720377,0.0006123697761057968,-0.0019189804038083074,0.0052789495642950775,0.014137326409649195,26.700000762939453,45.0,Fear,49.0
2020-10-02,soleimani_assassination,2020-01-03,0.6812350715356249,3.741390761089753,76.08,-0.5672805593635697,82,-4.777438513859593,-0.004102545378274992,-0.004306089358559664,-0.00374107706391307,0.0013862679542446295,-0.009623812866370861,-0.022453895648064447,27.6299991607666,41.0,Fear,45.0
2020-10-05,soleimani_assassination,2020-01-03,-0.5115804449809904,0.4554523097724421,76.08,-0.5672805593635697,9,-3.715106435590039,0.02034438044114984,0.006452168624350489,-0.019732537766621074,-0.0035227600278867426,0.017813109002900934,0.022981762622676614,27.959999084472656,42.0,Fear,41.0
2020-10-06,soleimani_assassination,2020-01-03,-0.4673540913591317,0.5772859662896004,76.08,-0.5672805593635697,8,-5.262788028405057,-0.017659664062251813,-0.005978633545181685,0.005374921387253,0.0034162485242590543,-0.014072064387523205,-0.015821908233435027,29.479999542236328,47.0,Neutral,42.0
2020-10-09,soleimani_assassination,2020-01-03,-0.4051360514085192,0.7486826718223677,76.08,-0.5672805593635697,11,-5.061709496668916,0.013537193923190284,0.016228934538952623,-0.0001873694149786799,-0.005892801722059076,0.008755095180752877,0.013822271940788958,25.0,48.0,Neutral,47.0
2020-10-13,soleimani_assassination,2020-01-03,-0.4624592818481922,0.5907700655163108,76.08,-0.5672805593635697,10,-4.365307719995423,-0.011267025530866026,-0.017843559227287458,0.00713509386389334,0.004930332476371583,-0.006326891629163268,-0.0010412209551462835,26.06999969482422,56.0,Greed,48.0
2020-10-14,soleimani_assassination,2020-01-03,-0.3526051007608362,0.893393625215695,76.08,-0.5672805593635697,15,-4.541944787344205,0.000315673400463534,0.006755025244470127,0.002284838260589519,-0.0016050672651663613,-0.0066451720840594065,-0.008054155029021843,26.399999618530273,53.0,Neutral,56.0
2020-10-15,soleimani_assassination,2020-01-03,-0.5661365196335449,0.3051625952512196,76.08,-0.5672805593635697,7,-3.1583549519160905,0.005744241377636975,0.0009987659359625074,-0.0017286014100717543,0.00512715673922596,-0.001528923514213078,-0.004672434057660353,26.969999313354492,56.0,Greed,53.0
2020-10-16,soleimani_assassination,2020-01-03,-0.5562188177461008,0.3324836331899483,76.08,-0.5672805593635697,7,-3.44112071943827,-0.01518396829079633,-0.0012617784764216624,-0.002784377965639146,-0.001919594321955695,0.00013491045663045577,-0.003618543136280358,27.40999984741211,52.0,Neutral,56.0
2020-10-19,soleimani_assassination,2020-01-03,-0.2358053574807591,1.2151506465099848,76.08,-0.5672805593635697,18,-5.242510612006233,0.03641671453287679,0.0029417837343790644,-0.0037868289584555353,-0.0026722264758808198,-0.016464663514942676,-0.016646261694777693,29.18000030517578,55.0,Greed,52.0
2020-10-20,soleimani_assassination,2020-01-03,-0.4367162256799528,0.6616863949455822,76.08,-0.5672805593635697,17,-3.0045555670850423,0.014734826605249336,0.002095997386936684,-0.009561668855160382,-0.003860601152594575,0.0047161953200011274,0.003271126744868158,29.350000381469727,56.0,Greed,55.0
2020-10-21,soleimani_assassination,2020-01-03,-0.4736313872076429,0.5599934281616976,76.08,-0.5672805593635697,13,-3.244415540356154,0.07338405430586939,0.007405484259196327,-0.003459686149637362,-0.004954761145891666,-0.0021981140115702774,-0.002765060229954817,28.649999618530273,61.0,Greed,56.0
2020-10-22,soleimani_assassination,2020-01-03,-0.5442839661150208,0.3653614649604966,76.08,-0.5672805593635697,7,-3.781397884453501,0.011027987566796663,-0.012285488081525436,-0.010451362886220596,0.0036645475624652473,0.0052053540034913415,0.001854605720326243,28.110000610351562,73.0,Greed,61.0
2020-10-26,soleimani_assassination,2020-01-03,-0.5456863206378332,0.361498293677862,76.08,-0.5672805593635697,5,-5.167648549034806,0.011051764795366648,0.0003679402784737119,0.00926020832445945,0.0030137404055984125,-0.018764472985322012,-0.0165313948989565,32.459999084472656,75.0,Greed,73.0
2020-10-27,soleimani_assassination,2020-01-03,-0.5847386301436132,0.2539179649171073,76.08,-0.5672805593635697,6,-3.045444795147548,0.04332755896265355,0.003200893540376839,0.006686943820462844,-0.0011828659597670666,-0.003030205350445511,0.00635440998874726,33.349998474121094,61.0,Greed,75.0
2020-10-28,soleimani_assassination,2020-01-03,-0.4333608421835158,0.6709297217611623,76.08,-0.5672805593635697,13,-3.8871435025844687,-0.02844584941845549,-0.017226369257346583,0.0009338142093947642,0.00504429516397936,-0.03592554210857772,-0.038021634152105084,40.279998779296875,70.0,Greed,61.0
2020-10-30,soleimani_assassination,2020-01-03,-0.6049401887893109,0.1982672147287691,76.08,-0.5672805593635697,5,-2.834246530157386,0.008052075583308513,0.006305149837346229,-0.009914463657806197,0.0008510833604655255,-0.012203713445259962,-0.0248008160379465,38.02000045776367,74.0,Greed,70.0
2020-11-03,soleimani_assassination,2020-01-03,-0.5045481946302571,0.4748245777441442,70.07,-0.6905065361514248,8,-4.3287057875416535,0.02907841515337467,0.009529133397826345,-0.005818370531166909,-0.0053305028535134726,0.01764273768407783,0.01835283478752179,35.54999923706055,71.0,Greed,74.0
2020-11-04,soleimani_assassination,2020-01-03,-0.4678804116402499,0.575836072298881,70.07,-0.6905065361514248,11,-3.893124584525337,0.013061444695718672,-0.00730987162998074,0.02146030849096199,-0.0014976402523354752,0.021807525655091704,0.03782291915609089,29.56999969482422,74.0,Greed,71.0
2020-11-05,soleimani_assassination,2020-01-03,-0.4001685992040185,0.7623668853305197,70.07,-0.6905065361514248,12,-4.75490145098907,0.09741581080424415,0.026408510349030297,0.0017367500778864193,-0.00946554202101199,0.01927326577670128,0.02556592027829524,27.579999923706055,72.0,Greed,74.0
2020-11-09,soleimani_assassination,2020-01-03,-0.4816090805912049,0.5380166772904318,70.07,-0.6905065361514248,9,-4.388580708384394,-0.015118674009752538,-0.051069383720258016,-0.021238989573859283,0.005406587368252306,0.011631974746344153,-0.01537156894135578,25.75,90.0,Extreme Greed,72.0
2020-11-12,soleimani_assassination,2020-01-03,-0.6326260702104834,0.1219988387219625,70.07,-0.6905065361514248,7,-1.2626568340996014,0.03596670089126322,0.006375091715476151,0.016874506090613153,-0.000860234795571637,-0.01002865154706935,-0.006540692357346141,25.350000381469727,87.0,Extreme Greed,90.0
2020-11-17,soleimani_assassination,2020-01-03,-0.5078885819746296,0.4656225619544591,70.07,-0.6905065361514248,9,-3.7980647794655216,0.054102475844138374,-0.001484728408849857,0.0065068538192266405,-0.0016217261526176997,-0.004803443784647531,-0.0020811450468390816,22.709999084472656,86.0,Extreme Greed,87.0
2020-11-18,soleimani_assassination,2020-01-03,-0.3348580503097673,0.9422827574135516,70.07,-0.6905065361514248,19,-3.874262672579286,0.008947999876361636,-0.005854194473448053,0.002892398339532098,-0.0010825861756400778,-0.011631210647481315,-0.008247840862843197,23.84000015258789,91.0,Extreme Greed,86.0
2020-11-19,soleimani_assassination,2020-01-03,-0.411336785953977,0.7316010428636556,70.07,-0.6905065361514248,14,-3.96053157736269,0.0007346200168832048,-0.006640641601906184,0.005135232125725875,-0.0003249962565596812,0.003938675690732779,0.008699034447352096,23.110000610351562,94.0,Extreme Greed,91.0
2020-11-20,soleimani_assassination,2020-01-03,-0.4947713890838738,0.5017574779546737,70.07,-0.6905065361514248,9,-4.092815856804389,0.04414876269819295,0.006160128835431433,0.008830892024440788,0.0010829378788029204,-0.006815737372918576,-0.004186950976923717,23.700000762939453,86.0,Extreme Greed,94.0
2020-11-23,soleimani_assassination,2020-01-03,-0.4686623222868006,0.5736820843406267,70.07,-0.6905065361514248,10,-4.239041511703102,-0.013908042524277029,-0.018758595831691597,-0.0045922274892704175,0.0012980287987114857,0.005620108181849693,0.0021621670965970737,22.65999984741211,90.0,Extreme Greed,86.0
2020-11-24,soleimani_assassination,2020-01-03,-0.4651936232913655,0.5832375698682054,70.07,-0.6905065361514248,13,-3.3790843610642765,0.03968026776556164,-0.01811942127724579,-0.010001996811861523,-0.0030312762300720403,0.016032458814031775,0.01305846331541535,21.639999389648438,88.0,Extreme Greed,90.0
2020-11-27,soleimani_assassination,2020-01-03,1.3855160495159995,5.681526443458567,70.07,-0.6905065361514248,132,-5.314034663778953,-0.09067004787981404,-0.013268076746218986,0.009658328916924648,-0.0021764830614942315,0.0023941110259011363,0.00917274515173675,20.84000015258789,86.0,Extreme Greed,88.0
2020-11-30,soleimani_assassination,2020-01-03,1.3630275137130838,5.6195755856055225,70.07,-0.6905065361514248,141,-5.049231579187392,0.13727715034283158,-0.0034855405676794873,-0.0012490442843682557,0.0008711949746213347,-0.004606140636972006,-0.0005826260753920736,20.56999969482422,88.0,Extreme Greed,86.0
2020-12-01,soleimani_assassination,2020-01-03,1.269895897484226,5.363018930731165,64.07,-0.8135274780361383,144,-4.758073119222801,-0.04283053060242915,0.02139477962249914,-0.015873375855833188,-0.0061142802890798535,0.011208140661592923,0.012737084203664711,20.770000457763672,95.0,Extreme Greed,88.0
2020-12-02,soleimani_assassination,2020-01-03,0.3200299784793628,2.746351974579562,64.07,-0.8135274780361383,50,-5.039277939030568,0.020950814137308933,0.0063739848852561315,-0.007968169649176845,-0.0020829346092942,0.0017895645286042845,-0.0004647120173658341,21.170000076293945,92.0,Extreme Greed,95.0
2020-12-03,soleimani_assassination,2020-01-03,0.2132497572489222,2.4521964828687146,64.07,-0.8135274780361383,55,-4.183595378616107,0.012643316046180679,0.006061505333917496,0.00803162482211466,-0.004509754747449625,-0.0006243520802942291,0.002249370191778369,21.280000686645508,92.0,Extreme Greed,92.0
2020-12-04,soleimani_assassination,2020-01-03,0.6376231135472359,3.621249626348497,64.07,-0.8135274780361383,109,-3.8213487309593503,-0.039099467524232566,-0.0004901159441992974,-0.014774325352895372,-0.00011027105958152141,0.00879746371518688,0.007008550402608025,20.790000915527344,92.0,Extreme Greed,92.0
2020-12-07,soleimani_assassination,2020-01-03,-0.0295688036586369,1.7832859640738583,64.07,-0.8135274780361383,32,-4.680626013170125,0.025963300904456692,0.014008950144385123,0.008980234446167383,0.0009918339933096278,-0.001937513438963252,0.004460407943046254,21.299999237060547,94.0,Extreme Greed,92.0
2020-12-08,soleimani_assassination,2020-01-03,-0.0561448364391511,1.7100749714368892,64.07,-0.8135274780361383,34,-4.26877743220242,-0.04641845955624486,0.00482238504317269,0.004714223094065979,0.0019806377850375553,0.002783271170170473,0.005004992905696638,20.68000030517578,95.0,Extreme Greed,94.0
2020-12-09,soleimani_assassination,2020-01-03,-0.2818391658217923,1.088337858787278,64.07,-0.8135274780361383,20,-4.276124712099001,0.012625041029578565,-0.019539712183873674,-0.0033103481185671477,0.0013181933008047464,-0.00798096494847171,-0.019567439014662603,22.270000457763672,86.0,Extreme Greed,95.0
2020-12-10,soleimani_assassination,2020-01-03,0.8209520971941384,4.126279740615868,64.07,-0.8135274780361383,60,-6.59492378685191,-0.01569464022080565,-0.0005452265623923936,0.008824609390002848,-0.0032988310858422898,-0.0012859345277717227,0.00540393508268819,22.520000457763672,94.0,Extreme Greed,86.0
2020-12-11,soleimani_assassination,2020-01-03,0.0558676745076906,2.018644244432008,64.07,-0.8135274780361383,29,-5.753723161830991,-0.011347356530151446,0.0033756623773700503,0.0035333341017703386,0.002090581571670238,-0.0012657980842328352,-0.002254666402502766,23.309999465942383,89.0,Extreme Greed,94.0
2020-12-14,soleimani_assassination,2020-01-03,-0.0485156014251858,1.7310917978776907,64.07,-0.8135274780361383,30,-4.795357230325042,0.0636978594887227,-0.0060515914033823295,-0.002775166921027228,-0.002972144505398307,-0.0043687882451469585,0.005010095654933727,24.719999313354492,95.0,Extreme Greed,89.0
2020-12-15,soleimani_assassination,2020-01-03,-0.3549290026938304,0.8869917980991127,64.07,-0.8135274780361383,14,-4.801741412891805,0.008816158477203611,0.012822831309901658,-0.0033530463269653686,-0.0026492770033932304,0.012838482022218645,0.012384333592815155,22.889999389648438,91.0,Extreme Greed,95.0
2020-12-16,soleimani_assassination,2020-01-03,-0.1749497238798209,1.3827942289916813,64.07,-0.8135274780361383,19,-5.685456964049374,0.0930515975767781,0.0020493625621477644,-0.0026651336187173197,-0.00022113942897322524,0.0017712256203230642,0.004999830983234035,22.5,92.0,Extreme Greed,91.0
2020-12-17,soleimani_assassination,2020-01-03,-0.4629156415543012,0.5895128971737033,64.07,-0.8135274780361383,9,-4.808633332538364,0.06778242711074886,0.01661672416851431,-0.0036921667534111214,-0.006989513839627397,0.0057411428089832834,0.008382995243409958,21.93000030517578,92.0,Extreme Greed,92.0
2020-12-18,soleimani_assassination,2020-01-03,-0.5274854989671748,0.4116374635201861,64.07,-0.8135274780361383,7,-4.260342655143817,0.014487680725324005,-0.0007951443811694825,-0.0030019580770624544,0.002224166311855897,-0.003517296952148704,-0.0007139665244144211,21.56999969482422,95.0,Extreme Greed,92.0
2020-12-21,soleimani_assassination,2020-01-03,-0.0632967830831827,1.6903729671001055,64.07,-0.8135274780361383,26,-5.286507998847979,-0.014578895731103592,-0.003452950477738774,0.003958094541836223,0.00022219563272770309,-0.003913928486909485,-0.0010291031797981889,25.15999984741211,92.0,Extreme Greed,95.0
2020-12-22,soleimani_assassination,2020-01-03,-0.3319612330361946,0.9502628374291692,64.07,-0.8135274780361383,18,-4.099708150364415,0.04207656794577848,-0.006727547309021927,0.005147592190750659,0.00675192782696248,-0.0020752446917703606,0.005119327483719073,24.229999542236328,88.0,Extreme Greed,92.0
2020-12-23,soleimani_assassination,2020-01-03,-0.2774992107403825,1.1002934588625022,64.07,-0.8135274780361383,20,-4.323098762038425,-0.023039436663009637,0.004330039505094346,-0.00693318531651156,-0.0026510327786479215,0.0007455332718186887,-0.002878107209565686,23.309999465942383,93.0,Extreme Greed,88.0
2020-12-24,soleimani_assassination,2020-01-03,0.357752540099406,2.850269147011616,64.07,-0.8135274780361383,57,-4.733522553393777,0.021057908650393337,0.002769976349498633,0.003949521849848067,-0.0008852698223750133,0.0035303499794869524,0.002629054253870497,21.530000686645508,86.0,Extreme Greed,93.0
2020-12-28,soleimani_assassination,2020-01-03,0.136334220772723,2.240311480275087,64.07,-0.8135274780361383,42,-4.7124901216444055,0.13198225864487778,-0.0014373179976945852,0.00044498539159012476,0.00011063825701472132,0.0086847075384115,0.007367672536775503,21.700000762939453,92.0,Extreme Greed,86.0
2020-12-29,soleimani_assassination,2020-01-03,1.0550530631153303,4.771175246047745,64.07,-0.8135274780361383,55,-8.139913277496357,0.010198176486275929,0.0013308847368819284,-0.0012717599674502778,-0.0036594906872421005,-0.002229864827278697,-0.003821432521633665,23.079999923706055,91.0,Extreme Greed,92.0
2020-12-30,soleimani_assassination,2020-01-03,0.0858048342613356,2.101114385870984,64.07,-0.8135274780361383,37,-4.8941717539071545,0.05262518188935121,0.005993626012460182,0.002161040273638637,-0.00423074427653805,0.0013406480950792154,0.001538111069613442,22.770000457763672,91.0,Extreme Greed,91.0
2020-12-31,soleimani_assassination,2020-01-03,0.406469845454954,2.9844743654177703,64.07,-0.8135274780361383,54,-5.163014559838881,0.005558802229052879,0.001109894461065988,0.0014592251465143976,0.0034527537616808692,0.006418204711703793,0.0014193708828709752,22.75,95.0,Extreme Greed,91.0
2021-01-04,soleimani_assassination,2020-01-03,0.3129401858028599,2.7268211904432005,77.42,-0.5398058823426503,61,-4.305075082071941,0.09750266904460965,0.026892014283005597,-0.0012053317539295922,-0.0006673917285882162,-0.014864762712025787,-0.014838438338012048,26.969999313354492,94.0,Extreme Greed,95.0
2021-01-05,soleimani_assassination,2020-01-03,1.3145924596052592,5.486147905900856,77.42,-0.5398058823426503,92,-6.475164179890574,0.06128001171320478,0.0041053068384807835,-0.007454389028872476,-0.004907380055435235,0.007057631383362026,0.00944536775678754,25.34000015258789,93.0,Extreme Greed,94.0
2021-01-06,soleimani_assassination,2020-01-03,0.710222922441062,3.8212457701773226,77.42,-0.5398058823426503,71,-5.40103608740803,0.08002182823088061,-0.02373410559741736,-0.020741812109955404,0.0010057143081235833,0.005693603382474094,-0.00611666120307647,25.06999969482422,95.0,Extreme Greed,93.0
2021-01-07,soleimani_assassination,2020-01-03,-0.2206980528322586,1.2567678727724678,77.42,-0.5398058823426503,20,-4.937893242198461,0.06687092425852742,0.002827831959051613,-0.008853427656806679,0.0033452646131757638,0.014738260107752971,0.025318076254018988,22.3700008392334,91.0,Extreme Greed,95.0
2021-01-08,soleimani_assassination,2020-01-03,-0.436202156408041,0.6631025401615236,77.42,-0.5398058823426503,16,-3.179855367798796,0.0355928898794487,-0.04175284695685227,-0.003232874695624877,0.003001132054229774,0.00547683739351537,0.010240116888862949,21.559999465942383,93.0,Extreme Greed,91.0
2021-01-11,soleimani_assassination,2020-01-03,-0.1150503433203495,1.5478035494314812,77.42,-0.5398058823426503,17,-7.028196146576059,-0.13721490918110596,0.008415501632621867,-0.0016534941290960096,0.004871604440768277,-0.006576327616621317,-0.012619131811072886,24.079999923706055,90.0,Extreme Greed,93.0
2021-01-12,soleimani_assassination,2020-01-03,-0.3523781473118633,0.8940188309196057,77.42,-0.5398058823426503,12,-5.57601794903277,-0.04731647785882869,-0.003628955192789631,-0.0007947181020804746,-0.005426646608110303,0.000415702030569564,0.0027576863697822587,23.329999923706055,84.0,Extreme Greed,90.0
2021-01-13,soleimani_assassination,2020-01-03,-0.4209380937957815,0.7051515993550285,77.42,-0.5398058823426503,11,-4.767403709716775,0.09533972073625589,0.005789249861382061,0.011199043261324424,0.0029938109510210544,0.0022730563867261076,0.00431432204983459,22.209999084472656,78.0,Extreme Greed,84.0
2021-01-14,soleimani_assassination,2020-01-03,-0.1050150054964972,1.5754486479154897,77.42,-0.5398058823426503,30,-4.364204760284548,0.048921612778852486,-0.001781866470034287,-0.009411940994671682,-0.0008861523855963913,-0.003760513068743101,-0.001243106768494415,23.25,83.0,Extreme Greed,78.0
2021-01-15,soleimani_assassination,2020-01-03,0.3061142775821582,2.7080173486277723,77.42,-0.5398058823426503,64,-4.126749252498804,-0.06216649897230796,-0.011414407787474065,0.003959918628910969,0.005966219504508901,-0.007216000798278504,-0.008742657500701419,24.34000015258789,88.0,Extreme Greed,83.0
2021-01-19,soleimani_assassination,2020-01-03,0.6903482107060681,3.766495409711205,77.42,-0.5398058823426503,79,-4.935973377071496,-0.02073085336392192,0.005560388855331254,0.0032222447668201304,-0.0030891328756101786,0.008103457635761657,0.015169180537053515,23.239999771118164,80.0,Extreme Greed,88.0
2021-01-20,soleimani_assassination,2020-01-03,1.626073345265049,6.3442076853618286,77.42,-0.5398058823426503,232,-4.30713589563185,-0.014579216975338103,0.014249727942710165,0.0009844089988157061,-0.0003315331753251212,0.013839417376510862,0.019514847552860103,21.579999923706055,78.0,Extreme Greed,80.0
2021-01-21,soleimani_assassination,2020-01-03,-0.2133855330181996,1.2769122200753993,77.42,-0.5398058823426503,26,-3.993442155452764,-0.14252813081835994,-0.0003215992599331132,-0.007043026004899109,-0.0037652754357980836,0.00031667316131354906,0.00545871513517469,21.31999969482422,75.0,Greed,78.0
2021-01-22,soleimani_assassination,2020-01-03,-0.3590545557962871,0.8756268272510619,77.42,-0.5398058823426503,15,-4.4516197468182215,0.06833341147530216,-0.0051599671898233754,0.003231482920611393,0.0012197219822246497,-0.0030151526629377105,0.0008974978550052238,21.90999984741211,40.0,Fear,75.0
2021-01-25,soleimani_assassination,2020-01-03,-0.4996945090334379,0.4881953898373413,77.42,-0.5398058823426503,10,-3.607364740562133,-0.0195615254057358,-0.00043115764322087933,0.01171666663899371,0.0016608709809143483,0.0036093175130174657,0.00683843084154067,23.190000534057617,74.0,Greed,40.0
2021-01-26,soleimani_assassination,2020-01-03,-0.535767472844638,0.3888224883291896,77.42,-0.5398058823426503,8,-3.5446736214733923,0.006266383460683916,-0.002266879894457694,-0.0018888999802890048,-0.002436877852775829,-0.001489943161153501,-0.0007285339563885573,23.020000457763672,71.0,Greed,74.0
2021-01-27,soleimani_assassination,2020-01-03,-0.4551797396298396,0.6108235669606301,77.42,-0.5398058823426503,17,-2.7735999449848707,-0.06787434522440919,-0.003138830803113128,0.002539473140897374,0.005309196828380764,-0.02601331512610035,-0.026433071497332063,37.209999084472656,78.0,Extreme Greed,71.0
2021-01-28,soleimani_assassination,2020-01-03,-0.5278890400631607,0.4105257985681244,77.42,-0.5398058823426503,8,-3.74253036487624,0.0950202595471698,-0.0038014599418898284,-0.005543110458077264,-0.002098200104601342,0.009713298778760395,0.005003103327843935,30.209999084472656,55.0,Greed,78.0
2025-03-17,us_israel_iran,2026-02-28,0.9388219961637296,3.581230573444812,174.11,1.442676596129511,893,-5.339966275166676,0.0012685421831618304,0.0018350159457296321,0.0049782123426558725,-0.0033801612888890308,0.0063956349746060355,0.003068961502188627,20.510000228881836,32.0,Fear,
2025-03-18,us_israel_iran,2026-02-28,0.1615338668517708,2.177762540997431,174.11,1.442676596129511,847,-3.3755664269482084,-0.01627415768219446,0.011632116405335577,0.0009926249861725435,-0.0012584569922655913,-0.010710667074319702,-0.017248631918486492,21.700000762939453,34.0,Fear,32.0
2025-03-19,us_israel_iran,2026-02-28,0.140917336906218,2.140537425075244,174.11,1.442676596129511,774,-3.5479487789193005,0.048787879453061046,0.00026348367390129166,0.0051679835983065355,0.0018387041817408138,0.010740608172953766,0.013993736462363066,19.899999618530273,32.0,Fear,34.0
2025-03-20,us_israel_iran,2026-02-28,-0.1620104237055605,1.5935723909689872,174.11,1.442676596129511,405,-4.426446586828344,-0.0314259156183106,0.001349626670783865,0.0006577958706213994,0.004052477288750489,-0.002187283513782985,-0.003338274203285806,19.799999237060547,49.0,Neutral,32.0
2025-03-21,us_israel_iran,2026-02-28,-0.2634592862257097,1.410396770364552,174.11,1.442676596129511,429,-3.7334897521647,-0.0014737866362900664,-0.007196904393713174,-0.005936050528509383,0.0023083387162157326,0.0008243136078323211,0.005210337148293775,19.280000686645508,31.0,Fear,49.0
2025-03-24,us_israel_iran,2026-02-28,-0.204900332902786,1.5161305592943417,174.11,1.442676596129511,613,-3.0061248531858045,0.04029492824038569,-0.0016911295043418105,-0.010306517100597302,0.0016319254841812877,0.01749211712863917,0.022492433713106542,17.479999542236328,45.0,Fear,31.0
2025-03-25,us_israel_iran,2026-02-28,-0.49446626616624,0.993291581963266,174.11,1.442676596129511,480,-2.3964308944829624,-0.0003110343685901033,0.0035117493782604987,-0.00011134080002468885,-0.0007676245830555696,0.0015730954906538206,0.004567671425313369,17.149999618530273,46.0,Fear,45.0
2025-03-26,us_israel_iran,2026-02-28,-0.4529486701637282,1.0682555709607162,174.11,1.442676596129511,473,-2.608509661781502,-0.006547157036869115,-0.0009264629905246514,-0.006594825961382199,0.003545279817741976,-0.011219640357598032,-0.020616200686132007,18.329999923706055,47.0,Neutral,46.0
2025-03-27,us_israel_iran,2026-02-28,-0.5453548080402741,0.9014074542572544,174.11,1.442676596129511,331,-2.97311323958734,0.0031735085032361422,0.012925489441903849,-0.0029199762903679,-0.004601708346740648,-0.0033124610071321114,-0.00532113988168519,18.690000534057617,40.0,Fear,47.0
2025-03-28,us_israel_iran,2026-02-28,-0.444081136364455,1.084266751042603,174.11,1.442676596129511,422,-2.9098279921462504,-0.032929565500329085,0.008557505502098309,0.013739347169356127,-0.00028829733714552295,-0.019934601126853548,-0.02739026211519937,21.649999618530273,44.0,Fear,40.0
2025-03-31,us_israel_iran,2026-02-28,-9.333842891254037e-05,1.885929169006992,174.11,1.442676596129511,494,-4.4444229892901,-0.021621118796224203,0.01169228804819296,0.009825098615947138,0.001632635838714539,0.005523240357645722,-0.0013691285529826567,22.280000686645508,34.0,Fear,44.0
2025-04-01,us_israel_iran,2026-02-28,-0.5754063908999258,0.8471464482319873,140.97,0.7631909271196087,339,-2.7372543353739984,0.03124852053156838,-0.0012497066576345498,0.005040544234812673,0.0004797146104852751,0.0037741045552120668,0.008667974714337516,21.770000457763672,34.0,Fear,34.0
2025-04-02,us_israel_iran,2026-02-28,-0.6827432090971924,0.6533395607167652,140.97,0.7631909271196087,249,-2.766043400882752,-0.03201445832298525,0.006710576935193882,-0.0006559978279675115,-0.004325518142285579,0.006705661429484109,0.008625223021554626,21.510000228881836,44.0,Fear,34.0
2025-04-03,us_israel_iran,2026-02-28,-0.6830089389737803,0.6528597600186801,140.97,0.7631909271196087,266,-2.606632660006335,0.007453656492041082,-0.013757020186500003,0.004583139534265138,-0.01690343226158858,-0.04960591182899663,-0.06153568235512255,30.020000457763672,25.0,Extreme Fear,44.0
2025-04-04,us_israel_iran,2026-02-28,-0.8670470576331614,0.3205613412600737,140.97,0.7631909271196087,166,-1.9606905116031847,0.008876865806506007,-0.02782959105341858,0.010828476316500276,0.009264262126638117,-0.061609061898230934,-0.05993500339669423,45.310001373291016,28.0,Fear,25.0
2025-04-07,us_israel_iran,2026-02-28,-0.6073233131416137,0.7895173936110593,140.97,0.7631909271196087,252,-3.30713540980578,-0.05653323973337051,-0.02035854214521939,-0.03062016585335139,0.002326988587205086,-0.0023341946059635883,0.0009919337712453334,46.97999954223633,23.0,Extreme Fear,28.0
2025-04-08,us_israel_iran,2026-02-28,-0.7199501105115933,0.5861589429350996,140.97,0.7631909271196087,202,-2.9954925431050925,-0.03811707626174969,0.0057772864227977104,-0.019058924016694054,-0.0029095457435796713,-0.015825083277054855,-0.02172660134366121,52.33000183105469,24.0,Extreme Fear,23.0
2025-04-09,us_israel_iran,2026-02-28,-0.4843785108768976,1.0115059886084263,140.97,0.7631909271196087,263,-4.079326387599717,0.07938900944238107,0.02924741627141751,0.005868477161135532,-0.0005828967270440143,0.09089487983303646,0.11478442296259717,33.619998931884766,18.0,Extreme Fear,24.0
2025-04-10,us_israel_iran,2026-02-28,-0.6449808999359804,0.721523020286731,140.97,0.7631909271196087,247,-3.076741339400451,-0.0363518545774045,0.03178139946409088,-0.027955549340069795,-0.019925071373086668,-0.03522060702411168,-0.044030385188837375,40.720001220703125,39.0,Fear,18.0
2025-04-11,us_israel_iran,2026-02-28,-0.6601338510805083,0.6941629182517152,140.97,0.7631909271196087,301,-2.486287910271684,0.04636385379527456,0.0210124709703548,0.005423834510769,-0.010864836096726943,0.01793038083577807,0.020365086361595133,37.560001373291016,25.0,Extreme Fear,39.0
2025-04-14,us_israel_iran,2026-02-28,-0.6509627129870443,0.7107222849137667,140.97,0.7631909271196087,209,-3.521561368036911,0.013546780227140301,-0.00541463975573675,0.007110153132314049,-0.0014040659305332658,0.007913319326342991,0.006378595838402952,30.889999389648438,31.0,Fear,25.0
2025-04-15,us_israel_iran,2026-02-28,-0.8046297298825585,0.4332617941105559,140.97,0.7631909271196087,190,-2.34111697331756,-0.010384627625774925,0.004327834993182707,0.003536164699544787,0.00580409744340135,-0.001729275225300909,-0.0004938721363887879,30.1200008392334,38.0,Fear,31.0
2025-04-16,us_israel_iran,2026-02-28,-0.7704220348827071,0.4950270579625829,140.97,0.7631909271196087,230,-2.2499500505412,0.004351453244225117,0.03297325457193712,0.005564062176289695,-0.008416923174809922,-0.022663253964902527,-0.031152813505197465,32.63999938964844,29.0,Fear,38.0
2025-04-17,us_israel_iran,2026-02-28,-0.5358503331283543,0.9185686924146996,140.97,0.7631909271196087,340,-2.96052205067482,0.010204134780153822,-0.005395442489893157,-0.00887174603661123,0.0,0.0013259586237727749,-0.00127079900024651,29.649999618530273,30.0,Fear,29.0
2025-04-21,us_israel_iran,2026-02-28,-0.1320231939274777,1.6477172013528112,140.97,0.7631909271196087,512,-3.77175199235684,0.030430808280572548,0.029041937846947277,-0.017634281544727497,-0.011130323304691825,-0.02384964833401801,-0.025846217431704902,33.81999969482422,39.0,Fear,30.0
2025-04-22,us_israel_iran,2026-02-28,-0.0556138398590182,1.785681595470037,140.97,0.7631909271196087,681,-3.262421278489173,0.06548491099549585,-0.0015865736672474797,0.005565915894900354,0.006490888910443837,0.02480695212545062,0.026703601241075597,30.56999969482422,47.0,Neutral,39.0
2025-04-23,us_israel_iran,2026-02-28,-0.6214510242635735,0.7640084604579531,140.97,0.7631909271196087,332,-2.513382336710833,0.0027489316822658697,-0.03729596062718759,0.00966631603842241,0.009257443798579927,0.016523864366879457,0.02469981640865242,28.450000762939453,72.0,Greed,47.0
2025-04-24,us_israel_iran,2026-02-28,-0.8174477117179332,0.4101177024049953,140.97,0.7631909271196087,182,-2.304975616350549,0.0026080137382399186,0.016857972511505684,0.010480822549095464,-0.00552399767509208,0.020056628082583162,0.027042272899494603,26.469999313354492,63.0,Greed,72.0
2025-04-25,us_israel_iran,2026-02-28,-0.1724917169051164,1.574647414001558,140.97,0.7631909271196087,457,-3.955455355673913,0.008233751969906927,-0.01499789191023496,0.007339292651288382,0.001811233170152248,0.0073460847957005125,0.01255627515759258,24.84000015258789,60.0,Greed,63.0
2025-04-28,us_israel_iran,2026-02-28,0.3410548758699149,2.5019048864269005,140.97,0.7631909271196087,644,-4.772984806278778,0.002722732530990899,0.015147940676365497,0.00628013245060098,-0.004635226726066582,0.0006405015390019333,-0.0009674270367403356,25.149999618530273,54.0,Neutral,60.0
2025-04-29,us_israel_iran,2026-02-28,-0.650933901396002,0.7107743069960126,140.97,0.7631909271196087,466,-1.7569864467863985,-0.0073333094254447225,-0.004119486550149282,0.008349617397526987,0.002320260587369365,0.005785641545556399,0.005466359836985999,24.170000076293945,60.0,Greed,54.0
2025-04-30,us_israel_iran,2026-02-28,-0.5682150209981619,0.860131154142219,140.97,0.7631909271196087,414,-2.3455498916750392,-0.0008220669855229902,-0.004166813216927875,-0.008126006032123313,0.002314966138697308,0.0014788972519335208,-0.000858291251981748,24.700000762939453,56.0,Greed,60.0
2025-05-01,us_israel_iran,2026-02-28,-0.6325945061029833,0.7438878385907268,166.05,1.2774184641977122,288,-2.7692998210633744,0.023965778896188162,-0.02916553616172506,-0.008756216287445419,0.00781096275028283,0.006279345716451974,0.015041372884847503,24.600000381469727,53.0,Neutral,56.0
2025-05-02,us_israel_iran,2026-02-28,0.1770474077185405,2.2057737222512217,166.05,1.2774184641977122,879,-3.3271756360014666,0.004319853436324106,0.006799232227835648,-0.01088321651110706,-0.0024968801985871545,0.014619191109112719,0.01496254729863649,22.68000030517578,67.0,Greed,53.0
2025-05-05,us_israel_iran,2026-02-28,0.1791797532512812,2.2096238759799074,166.05,1.2774184641977122,536,-4.874400852126317,-0.0225621255413818,0.024270706904035648,-0.005601037558061839,-0.0017014282980299447,-0.006402047029318447,-0.00745301554740299,23.639999389648438,52.0,Neutral,67.0
2025-05-06,us_israel_iran,2026-02-28,-0.1470400988630545,1.6206027437551644,166.05,1.2774184641977122,548,-3.512064450760924,0.021451265529472022,0.029781859324395553,0.0033186609516305827,-0.005927620392362942,-0.007722985278391797,-0.008700483287600138,24.760000228881836,59.0,Greed,52.0
2025-05-07,us_israel_iran,2026-02-28,-0.0696629326073429,1.7603146153070752,166.05,1.2774184641977122,589,-3.6019050920762488,0.002371543824223951,-0.008832939557882192,0.004218244252155428,0.0037214299867884006,0.004336938106710132,0.00273796298334519,23.549999237060547,67.0,Greed,59.0
2025-05-08,us_israel_iran,2026-02-28,-0.5732980799128672,0.8509532052905489,166.05,1.2774184641977122,358,-2.624001852876327,0.062026403533745514,-0.025398132101867026,-0.011211687728138613,0.01028721960294191,0.005783021147465641,0.010653320438434548,22.479999542236328,65.0,Greed,67.0
2025-05-09,us_israel_iran,2026-02-28,-0.7461229324595647,0.5389014105765,166.05,1.2774184641977122,494,-1.2699871540712038,-0.002624571996284568,0.011700918988177024,0.0014945669494734444,-0.002985404328326501,-0.0007117341348763632,4.346685775346467e-05,21.899999618530273,73.0,Greed,65.0
2025-05-12,us_israel_iran,2026-02-28,-0.400270743238593,1.1633706044560426,166.05,1.2774184641977122,474,-2.8358476023433004,-0.0015346053954782288,-0.03521122337030222,-0.009348618881800157,0.014347493899422074,0.03203997667702081,0.04255435818867549,18.389999389648438,70.0,Greed,73.0
2025-05-13,us_israel_iran,2026-02-28,-0.7713446561614101,0.4933611770338958,166.05,1.2774184641977122,340,-1.590089729398618,0.013111031807523908,0.006284573623097743,-0.004066681717992425,-0.007791359617264837,0.007222059020245977,0.016000477230359692,18.219999313354492,70.0,Greed,70.0
2025-05-14,us_israel_iran,2026-02-28,-0.8303034047865002,0.3869055194624098,166.05,1.2774184641977122,258,-1.5871401301309882,-0.006070027639406428,-0.018344612393290653,-0.00665851064562064,0.00039597026201491843,0.001023891242276054,0.0071662680583072435,18.6200008392334,73.0,Greed,70.0
2025-05-15,us_israel_iran,2026-02-28,-0.6699062529948634,0.6765179122754041,166.05,1.2774184641977122,318,-2.310027918658534,0.0019801487371228356,0.012277391287757004,0.008752025089401295,-0.001584822672840023,0.004123817438757677,-0.001802981037128443,17.829999923706055,70.0,Greed,73.0
2025-05-16,us_israel_iran,2026-02-28,-0.6933493378145963,0.6341891812865857,166.05,1.2774184641977122,299,-2.2847362426735565,-0.002464381118651062,-0.012088782158285714,0.0026687183358676692,0.0020795085093034274,0.006980849368100189,0.005155047009229439,17.239999771118164,71.0,Greed,70.0
2025-05-19,us_israel_iran,2026-02-28,-0.2296923913449708,1.471366127457497,166.05,1.2774184641977122,514,-3.357452445744346,0.0202487692965376,0.014631561796196542,-0.0029010753290965347,-0.006550202495798609,0.0008757295660482738,0.0002269954990328149,18.139999389648438,74.0,Greed,71.0
2025-05-20,us_israel_iran,2026-02-28,-0.5450035253135833,0.9020417288057389,166.05,1.2774184641977122,407,-2.4952500236338206,0.011157568710076757,0.015793404801633753,-0.0072312273867252645,-0.0030914764474651068,-0.0038877770695725784,-0.003793198876446559,18.09000015258789,71.0,Greed,74.0
2025-05-21,us_israel_iran,2026-02-28,-0.3682041186254277,1.2212699610214195,166.05,1.2774184641977122,466,-3.01889748723574,0.026675054496876065,0.008801804902702907,-0.017237724002915605,-0.005609041019042132,-0.016266719267758897,-0.01420872595121063,20.8700008392334,70.0,Greed,71.0
2025-05-22,us_israel_iran,2026-02-28,-0.3248236183264175,1.2995976018347783,166.05,1.2774184641977122,436,-3.3941853211338056,0.01802796394236439,-0.005150277910234424,0.005226314647565007,0.0040096438303826925,-0.0004449700224211693,0.0028096253383560026,20.280000686645508,72.0,Greed,70.0
2025-05-23,us_israel_iran,2026-02-28,-0.1281126442675047,1.6547780726437806,166.05,1.2774184641977122,504,-3.836618114711877,-0.04006256233899459,0.021425434503964738,0.001657190058299566,-0.008539746230872808,-0.006730899591473139,-0.010011476301874645,22.290000915527344,78.0,Extreme Greed,72.0
2025-05-27,us_israel_iran,2026-02-28,-0.8313635559833854,0.3849913151174828,166.05,1.2774184641977122,178,-2.2082995342172875,0.015783798304086733,-0.019362124406121534,0.01385975040900194,0.00412824468268098,0.02025258080218437,0.02435509985663494,18.959999084472656,74.0,Greed,78.0
2025-05-28,us_israel_iran,2026-02-28,-0.6848568349735544,0.6495232071174206,166.05,1.2774184641977122,251,-2.7303694998684254,-0.010999457493792041,-0.0016685124798728683,-0.004325247703889429,0.0036108426531303267,-0.005586802576444734,-0.005129016344575387,19.309999465942383,71.0,Greed,74.0
2025-05-29,us_israel_iran,2026-02-28,-0.6189202944463851,0.7685779351009394,166.05,1.2774184641977122,447,-1.9662602104186475,-0.020245528009254558,0.007109715550713264,0.009212366542002824,-0.006025309311960788,0.0040031708706317415,0.003915153115719521,19.18000030517578,74.0,Greed,71.0
2025-05-30,us_israel_iran,2026-02-28,-0.7036411584344231,0.6156063151769547,166.05,1.2774184641977122,242,-2.673431045087725,-0.015676574887611795,-0.008537804000789136,0.0015078266869732965,0.0005035300605269822,-8.118845699520562e-05,-0.0032436798035814646,18.56999969482422,60.0,Greed,74.0
2025-06-02,us_israel_iran,2026-02-28,-0.2942546539572045,1.3547927896413772,221.13,2.4067507106993835,501,-3.1563764059786545,0.017943687329571766,0.02453766635895122,-0.013065924344825681,-0.006362743141416125,0.004093651490626028,0.006718065260305265,18.360000610351562,64.0,Greed,60.0
2025-06-03,us_israel_iran,2026-02-28,-0.3079611638639687,1.3300443755525182,221.13,2.4067507106993835,327,-4.433173993213961,-0.004250198055930138,-0.006070768059979941,-0.0017629612695372835,0.005557004047396422,0.005783533535368979,0.00809244626929679,17.690000534057617,64.0,Greed,64.0
2025-06-04,us_israel_iran,2026-02-28,-0.3141277168722095,1.318910074524251,221.13,2.4067507106993835,606,-2.638803154892572,-0.006666084188030525,0.006930750112583484,0.016102999547286976,-0.004645525243508145,7.368474471916267e-05,0.0031667636283816986,17.610000610351562,62.0,Greed,64.0
2025-06-05,us_israel_iran,2026-02-28,-0.6241849381948303,0.7590721174709862,221.13,2.4067507106993835,320,-2.577872789576188,-0.030597731847037197,-0.006781516425104247,0.0006942555227358707,-0.0005062831279795834,-0.005291357978698112,-0.00836152701820704,18.479999542236328,57.0,Greed,62.0
2025-06-06,us_israel_iran,2026-02-28,-0.6209498158281741,0.7649134402076098,221.13,2.4067507106993835,300,-2.747663640439548,0.02733035306445883,-0.008391573926159246,-0.012805745465908859,0.004547116175521301,0.010228196215376713,0.011924403396403802,16.770000457763672,45.0,Fear,57.0
2025-06-09,us_israel_iran,2026-02-28,1.0059324584454616,3.702404929392521,221.13,2.4067507106993835,1435,-3.9795156038155706,0.055013270160228916,0.0028250744326858415,0.0010539724238477677,-0.002523596896147004,0.0009195251863913659,0.0031333947985159494,17.15999984741211,62.0,Greed,45.0
2025-06-10,us_israel_iran,2026-02-28,0.947537157368438,3.5969666302391707,221.13,2.4067507106993835,1380,-3.966303554731098,-0.00033431842692466013,-0.003366964044300687,0.005136537242558219,0.001111173479648963,0.005468012541646841,0.006296732472312674,16.950000762939453,71.0,Greed,62.0
2025-06-11,us_israel_iran,2026-02-28,-0.2217328170565934,1.4857378998342554,221.13,2.4067507106993835,630,-2.8834044530610647,-0.01434738860972619,0.000120486130438958,0.0030229315114340353,-0.004249356836262151,-0.002747660318287345,-0.005039785899507384,17.260000228881836,72.0,Greed,71.0
2025-06-12,us_israel_iran,2026-02-28,-0.3226410126071755,1.3035385051354689,221.13,2.4067507106993835,474,-3.1775227345365376,-0.02569916684533185,0.01778563010253441,0.011886341477536297,-0.007224647054053646,0.0038151330716763875,0.002373285631726697,18.020000457763672,71.0,Greed,72.0
2025-06-13,us_israel_iran,2026-02-28,-0.2464720401323346,1.4410688673030092,221.13,2.4067507106993835,484,-3.4532204373459376,0.0015273471943905203,0.014768122634469274,-0.009683030560546523,0.00265173167371636,-0.01136066859010289,-0.013087701730480492,20.81999969482422,61.0,Greed,71.0
2025-07-02,us_israel_iran,2026-02-28,0.210552620122101,2.26627058661268,134.22,0.6247923674993058,854,-3.4915330549345973,0.02946777720135706,0.003380872641776682,-0.00637377020856828,-0.0004132326075602726,0.0047338743064907745,0.009372427149916592,16.639999389648438,63.0,Greed,61.0
2025-07-03,us_israel_iran,2026-02-28,-0.6282252709568165,0.7517769103810277,134.22,0.6247923674993058,345,-2.3927636482259,0.007218611789243165,-0.004910454236063616,-0.0069894366428920945,0.004124583366074667,0.00830437821066394,0.01014633190005933,16.3799991607666,73.0,Greed,63.0
2025-07-07,us_israel_iran,2026-02-28,0.649049814319315,3.0580191945817945,134.22,0.6247923674993058,967,-4.30501421149173,-0.012371237699285565,0.0001800334682463348,-0.009589373097196133,0.0030823310760854585,-0.007893368104244017,-0.009196038342746111,17.790000915527344,73.0,Greed,73.0
2025-07-08,us_israel_iran,2026-02-28,0.108835935093368,2.0826113868630176,134.22,0.6247923674993058,555,-4.467693242604777,0.005987787747688724,-0.007591297859755788,-0.0012778140964039763,0.00030769556067941503,-0.0007161432504695748,0.00029102442428397744,16.809999465942383,65.0,Greed,73.0
2025-07-09,us_israel_iran,2026-02-28,-0.2819067328441064,1.3770881417712952,134.22,0.6247923674993058,416,-3.740160222815026,0.021576245274881944,0.0013900517720019155,0.010407142157581132,-0.0004103078818324033,0.00604380277677969,0.00940196264179075,15.9399995803833,66.0,Greed,65.0
2025-07-10,us_israel_iran,2026-02-28,0.1838662492959034,2.218085792655054,134.22,0.6247923674993058,618,-4.369985570849628,0.04101205071842649,0.0017498283805606845,0.0006899443606880937,0.0018450220756838643,0.0027424410729257912,0.0009369241992786678,15.779999732971191,71.0,Greed,66.0
2025-07-11,us_israel_iran,2026-02-28,-0.2655566652541957,1.406609752002376,134.22,0.6247923674993058,463,-3.495573156014879,0.013103070357299034,0.011568474452741711,-0.013890684705653737,0.0020460052993358695,-0.0033029717732258423,-0.002189958752170591,16.399999618530273,71.0,Greed,71.0
2025-07-14,us_israel_iran,2026-02-28,-0.5970693756934377,0.8080318580323402,134.22,0.6247923674993058,252,-3.384688914486857,0.019655546332406647,-0.0013417817890844313,-0.0021003543727628345,0.002347812608868964,0.0014064243309367943,0.0026585650054752013,17.200000762939453,74.0,Greed,71.0
2025-07-15,us_israel_iran,2026-02-28,-0.6069929441220715,0.7901139064617688,134.22,0.6247923674993058,332,-2.5992622323845267,-0.017443885857792257,-0.006495750023279325,-0.007033184125402736,0.0054906177892393776,-0.003964145065672561,0.001813766141791804,17.3799991607666,73.0,Greed,74.0
2025-07-16,us_israel_iran,2026-02-28,-0.5358048215098574,0.9186508679931712,134.22,0.6247923674993058,353,-2.867018743049921,0.008129063950949825,0.006794079381100563,0.0014105458741453796,-0.0023349419718482222,0.0031885685253844154,0.002544875930358159,17.15999984741211,70.0,Greed,73.0
2025-07-17,us_israel_iran,2026-02-28,-0.7891578148979401,0.4611978158543545,134.22,0.6247923674993058,314,-1.5921883035356574,0.0046325315439855776,-0.0037055602760010316,-0.0002349229723836251,0.0034497189502243992,0.005359380240011013,0.007456764268426637,16.520000457763672,74.0,Greed,70.0
2025-07-18,us_israel_iran,2026-02-28,-0.5683643832883918,0.859861466246977,134.22,0.6247923674993058,253,-3.5891283572938826,-0.010844225617985717,0.003854691586396078,0.001526237508858791,-0.0025353696608453294,-9.049030280841674e-05,0.00047868304739012973,16.40999984741211,73.0,Greed,74.0
2025-07-21,us_israel_iran,2026-02-28,-0.4425392370734882,1.0870507976303732,134.22,0.6247923674993058,265,-4.354688130318468,-0.0047883278598608685,0.01447860287732854,0.008876514084453311,-0.006417837715639151,0.001398157005673256,0.003751120499413275,16.649999618530273,71.0,Greed,73.0
2025-07-22,us_israel_iran,2026-02-28,-0.4640939469785962,1.0481317080936865,134.22,0.6247923674993058,389,-3.0119091912584977,0.021529885923986695,0.010904801640990577,0.00602826603183967,-0.004712148542002449,0.0006373284966667569,-0.003892831680858845,16.5,72.0,Greed,71.0
2025-07-23,us_israel_iran,2026-02-28,-0.4158086347118551,1.1353154558541163,134.22,0.6247923674993058,370,-3.403868283907716,-0.010391307548023082,-0.013200213092493647,-0.005563247245100522,-0.00184995229108039,0.007781532145702873,0.0060759837737400105,15.369999885559082,74.0,Greed,72.0
2025-07-24,us_israel_iran,2026-02-28,-0.7601562207786298,0.513562966821597,134.22,0.6247923674993058,262,-2.0781614295770896,-0.0032638027078905844,-0.006829222657993172,-0.0017449143683139893,0.0017472451348277392,0.0006979799969332514,0.0018033858141519737,15.390000343322754,71.0,Greed,74.0
2025-07-25,us_israel_iran,2026-02-28,-0.6437381163071494,0.7237669849486603,134.22,0.6247923674993058,383,-2.107328689112106,-0.0062043007703418435,-0.011036651923321424,0.006267440623515021,0.002768850398919155,0.003966451001680552,0.002388609924836688,14.930000305175781,70.0,Greed,71.0
2025-07-28,us_israel_iran,2026-02-28,-0.2012238898804494,1.5227687286685876,134.22,0.6247923674993058,470,-3.737831864649477,0.00245027554852747,-0.0074965057238816635,-0.0065002846257047504,0.010289959975385099,0.00017684247126657597,0.0033230068711044146,15.029999732971191,75.0,Greed,70.0
2025-07-29,us_israel_iran,2026-02-28,-0.3052570195480996,1.3349269666526886,134.22,0.6247923674993058,437,-3.479827178889208,-1.9742703547879838e-05,0.0043120472958143976,0.016744971517087266,0.0025307498523383116,-0.002963830197466829,-0.0037983471240847764,15.979999542236328,73.0,Greed,75.0
2025-07-30,us_israel_iran,2026-02-28,-0.5787831364410988,0.8410494113134632,134.22,0.6247923674993058,355,-2.612179089529734,-0.0007716619716275345,-0.008339380490785232,-0.005166748297849294,0.010359647568367186,-0.0012502139385094711,0.0014862600943239056,15.479999542236328,74.0,Greed,73.0
2025-07-31,us_israel_iran,2026-02-28,-0.0678499165330331,1.7635881891681084,134.22,0.6247923674993058,600,-3.556255746167573,-0.01774942596736902,-0.0007892237945701002,0.0005753544332710234,0.0009000984489406349,-0.003701662046374567,-0.00034179129199466893,16.719999313354492,72.0,Greed,74.0
2025-08-01,us_israel_iran,2026-02-28,-0.4851792081847381,1.0100602530660403,138.56,0.7137775154625821,545,-2.1985875844401908,-0.0212871264623786,0.01641380667687466,0.010301127336304668,-0.01348647987167153,-0.0161213871855698,-0.022614762508605054,20.3799991607666,65.0,Greed,72.0
2025-08-04,us_israel_iran,2026-02-28,-0.2017995492859348,1.521729320574331,138.56,0.7137775154625821,450,-3.871570690770517,0.01534056770113364,0.007943973509988255,0.0027291109447007095,0.0009114938326347447,0.014629564491414495,0.019348964234889524,17.520000457763672,64.0,Greed,65.0
2025-08-05,us_israel_iran,2026-02-28,-0.5304052961318204,0.928400227301117,138.56,0.7137775154625821,358,-2.862817721941768,-0.008118573366820805,0.0022201510582657955,0.003061448883486325,0.0,-0.004869703780462017,-0.006529871647800629,17.850000381469727,60.0,Greed,64.0
2025-08-06,us_israel_iran,2026-02-28,-0.7420345635589228,0.5462833515074418,138.56,0.7137775154625821,250,-2.3045596355354707,0.007737149330479471,-0.0005619433653809127,-0.005790559828187115,-0.006092611016446497,0.007255522219852605,0.012016934830932753,16.770000457763672,54.0,Neutral,60.0
2025-08-07,us_israel_iran,2026-02-28,0.414432636689499,2.6343954490886707,138.56,0.7137775154625821,732,-4.554405036023524,0.021236359971131914,0.005987967888747476,-0.001709516943823998,0.0022382878268711326,-0.0007977981718278668,0.0034555863408517766,16.56999969482422,62.0,Greed,54.0
2025-08-08,us_israel_iran,2026-02-28,-0.0694262010430247,1.7607420567798866,138.56,0.7137775154625821,713,-3.1055733804386265,-0.006902004196733544,0.01134616025997749,-0.004343825479132793,-0.0022382878268711833,0.0077694548163894745,0.009712285759821885,15.149999618530273,74.0,Greed,62.0
2025-08-11,us_israel_iran,2026-02-28,0.0903386725804876,2.049212810909472,138.56,0.7137775154625821,616,-4.047557592037934,0.01735424794395111,-0.025324517441945554,0.001144933419626246,0.003457007440475086,-0.0025072683938851073,-0.0030170914519336107,16.25,70.0,Greed,74.0
2025-08-12,us_israel_iran,2026-02-28,-0.7061710792895615,0.6110383011922931,138.56,0.7137775154625821,249,-2.586952577684584,0.012067410412961721,-0.0012534156557426127,-0.005047646952782045,-0.004272188161714821,0.011281559075170764,0.013769364654526871,14.729999542236328,68.0,Greed,70.0
2025-08-13,us_israel_iran,2026-02-28,-0.5623577497197996,0.8707070174373788,138.56,0.7137775154625821,343,-2.7851619809988204,0.02604611531030144,0.002922075262479989,0.008246539012288502,-0.002653897067652444,0.0032248733840464015,0.0014398069014667778,14.489999771118164,73.0,Greed,68.0
2025-08-14,us_israel_iran,2026-02-28,-0.6718375076247095,0.6730308473977965,138.56,0.7137775154625821,414,-1.835333394919494,-0.04125044324166835,-0.007021346864233285,-0.007441805998774859,0.004181796800026985,0.00030304487855445177,-0.00011379485570471084,14.829999923706055,75.0,Greed,73.0
2025-08-15,us_israel_iran,2026-02-28,-0.5634172790625201,0.8687939359096001,138.56,0.7137775154625821,333,-2.850697121320518,-0.008154397097906272,0.0002398515522892742,-0.007150245245312639,-0.004079572501346859,-0.0029013399163647113,-0.004047181441131818,15.09000015258789,60.0,Greed,75.0
2025-08-18,us_israel_iran,2026-02-28,-0.614444977855421,0.7766585470820581,138.56,0.7137775154625821,315,-2.673859879424409,-0.009809929347405074,-0.0012898149154139478,-0.002897712784821643,0.00326497280452983,-0.00010076825773579619,0.00031392512872619957,14.989999771118164,60.0,Greed,60.0
2025-08-19,us_israel_iran,2026-02-28,-0.3018971970288584,1.3409934474371383,138.56,0.7137775154625821,482,-3.2243113604935325,-0.029870220205219213,-0.005507846531911064,0.005787053085472871,0.001018107161472012,-0.005875329112207127,-0.0146619170614956,15.569999694824219,56.0,Greed,60.0
2025-08-20,us_israel_iran,2026-02-28,-0.5538631660043228,0.8860448004859541,138.56,0.7137775154625821,245,-3.80579305513582,0.012712851606869349,0.009013401028552843,0.0021902690680270323,-0.0005088851746730002,-0.002434630632264957,-0.006688524457611112,15.6899995803833,44.0,Fear,56.0
2025-08-21,us_israel_iran,2026-02-28,-0.4184920364186092,1.130470317517863,138.56,0.7137775154625821,332,-3.71894327782991,-0.016372327846506683,-0.0019460210593331287,-0.004963850605396553,0.004064235606779435,-0.004012219728951123,-0.003432385103151328,16.600000381469727,50.0,Neutral,44.0
2025-08-22,us_israel_iran,2026-02-28,-0.6066301837519107,0.7907689049928928,138.56,0.7137775154625821,249,-3.347877953202816,0.03886392642477823,0.011175298783647576,0.007379249037798444,-0.009167849764747094,0.015072285158779139,0.018604190103640533,14.220000267028809,50.0,Neutral,50.0
2025-08-25,us_israel_iran,2026-02-28,-0.5947994618776999,0.8121304044486073,138.56,0.7137775154625821,260,-3.3087286423847044,-0.05948697067887762,-0.00017778178523024962,-0.0028760444469214607,0.007239379860169711,-0.004275512539646319,-0.0022004474533695723,14.789999961853027,47.0,Neutral,50.0
2025-08-26,us_israel_iran,2026-02-28,-0.0347594790316336,1.8233361377879096,138.56,0.7137775154625821,595,-3.7010931824884223,0.01512512333952803,0.004377165544111227,-0.0005762379978354182,-0.002033936880557363,0.00412547371011636,0.004418365279526587,14.619999885559082,48.0,Neutral,47.0
2025-08-27,us_israel_iran,2026-02-28,-0.1579376365009022,1.6009261976580953,138.56,0.7137775154625821,508,-3.6880197598886526,-0.00520655346926939,0.0047106015210283785,-0.0011533850556721447,0.0,0.0023881304533030262,0.0021268917727619236,14.850000381469727,51.0,Neutral,48.0
2025-08-28,us_israel_iran,2026-02-28,-0.358213405500882,1.2393091487600307,138.56,0.7137775154625821,392,-3.5382570009726457,0.011822640333317674,0.007957432015570034,0.006556642639002758,-0.004284905519297913,0.003151747441466755,0.005313269558857934,14.430000305175781,48.0,Neutral,51.0
2025-08-29,us_israel_iran,2026-02-28,-0.6522501986441924,0.7083976064658387,138.56,0.7137775154625821,337,-2.3006192057310697,-0.03742335971466304,0.012135375150160638,-0.00713387846175877,-0.00040904915912666473,-0.006418740402792551,-0.01156663791899624,15.359999656677246,50.0,Neutral,48.0
2025-09-02,us_israel_iran,2026-02-28,-0.1695258541925759,1.5800025626892948,125.87,0.4535882233764127,489,-3.754491163392752,0.025407604492033574,0.02155825335719171,-0.011264140985437772,0.00642307238253446,-0.006946350061030363,-0.008233072088405999,17.170000076293945,49.0,Neutral,50.0
2025-09-03,us_israel_iran,2026-02-28,-0.377156810411587,1.2051050200524238,125.87,0.4535882233764127,416,-3.2730554592658336,0.004688830576405435,0.012264609179004047,0.010917674739388617,-0.002645795122542308,0.005087112302941308,0.010197052479683938,16.350000381469727,55.0,Greed,49.0
2025-09-04,us_israel_iran,2026-02-28,-0.1882715616587489,1.5461553956192506,125.87,0.4535882233764127,423,-4.1412012338624855,-0.00898746169776838,-0.007654710471889562,0.0075950152263400406,0.002137504877720227,0.008311847102873571,0.009719180488114628,15.300000190734863,51.0,Neutral,55.0
2025-09-05,us_israel_iran,2026-02-28,-0.1761637589697406,1.5680171909772287,125.87,0.4535882233764127,441,-4.056641895558268,-0.0006560571512495267,0.013205346467745164,0.015131913903728417,-0.005914782137712255,-0.00317017266993674,-0.00033628892043362734,15.180000305175781,48.0,Neutral,51.0
2025-09-08,us_israel_iran,2026-02-28,-0.4387664491369713,1.0938629269585176,125.87,0.4535882233764127,352,-3.4221362150467503,0.012755470324236847,0.00686780141163577,0.013236315910613966,-0.0032783525451430197,0.0021037644508885675,0.004520037613638097,15.109999656677246,51.0,Neutral,48.0
2025-09-09,us_israel_iran,2026-02-28,0.2980360766367357,2.42423033146942,125.87,0.4535882233764127,922,-3.531855568098736,-0.004837916692699648,0.0014282835584511465,-0.005699233209982636,0.0034829370489315808,0.0026845470300734414,0.0036993798861499464,15.039999961853027,48.0,Neutral,51.0
2025-09-10,us_israel_iran,2026-02-28,0.008184362130961,1.9008753487823573,125.87,0.4535882233764127,564,-4.025803523465552,0.02150827089182057,8.235294082891736e-05,0.005699233209982743,-0.00010228702004190965,0.0029790282293981275,0.00030025042217333737,15.350000381469727,49.0,Neutral,48.0
2025-09-11,us_israel_iran,2026-02-28,-0.2024380328450722,1.520576477464163,125.87,0.4535882233764127,448,-3.8829177397721657,0.013529013824572132,-0.001840587103648067,0.006663712946318781,-0.0024574849982395976,0.008450087623093565,0.0071483514988247,14.710000038146973,54.0,Neutral,49.0
2025-09-12,us_israel_iran,2026-02-28,-0.2968529942519882,1.350101237816989,125.87,0.4535882233764127,415,-3.674255566055376,0.005129680319349263,0.0034311001737597525,-0.004326363220219862,0.00010253868507699651,-0.00048287788142832935,0.004437311276677773,14.760000228881836,57.0,Greed,54.0
2025-09-15,us_israel_iran,2026-02-28,-0.3699411087762234,1.2181336592339784,125.87,0.4535882233764127,370,-3.652171303444124,-0.005672338115693367,0.008947642619622902,0.002331983880141607,-0.002566077796780523,0.004695577726559718,0.009334798849960082,15.6899995803833,53.0,Neutral,57.0
2025-09-16,us_israel_iran,2026-02-28,-0.1409865321398431,1.631533037243417,125.87,0.4535882233764127,512,-3.73470519016644,0.012039614740681204,0.0018178977764950366,0.0021050898002902617,-0.006909796968858478,-0.0012887604333313247,-0.0006619590767767367,16.360000610351562,52.0,Neutral,53.0
2025-09-17,us_israel_iran,2026-02-28,-0.6591708553671749,0.6959016990822465,125.87,0.4535882233764127,285,-2.61457318858153,-0.003211840787451935,-0.0019265078645296421,-0.0025488541087195387,0.0024806782040533468,-0.0009706390782443865,-0.003257336007461618,15.720000267028809,53.0,Neutral,52.0
2025-09-18,us_israel_iran,2026-02-28,-0.281296222699867,1.378190476206382,125.87,0.4535882233764127,604,-2.764593503580121,0.005725006775122414,-0.01040214079746196,-0.010373192989775815,0.004942814352483446,0.004777687836708263,0.009362063698576874,15.699999809265137,52.0,Neutral,53.0
2025-09-19,us_israel_iran,2026-02-28,-0.6128805885298961,0.7794832015774503,125.87,0.4535882233764127,334,-2.551048755490354,-0.012441583362179643,0.007600662414640123,-0.0019079271733829005,0.002974523129664807,0.004873523937481177,0.007128718432655025,15.449999809265137,53.0,Neutral,52.0
2025-09-22,us_israel_iran,2026-02-28,-0.3410306636671622,1.27033423194864,125.87,0.4535882233764127,757,-2.1410705224164777,-0.02574459685359176,0.018672448725779663,-0.0036011709676802657,-0.0031799540224671263,0.004400350714762291,0.006935228222120819,16.100000381469727,45.0,Fear,53.0
2025-09-23,us_israel_iran,2026-02-28,-0.0430984833860259,1.808279268150406,125.87,0.4535882233764127,657,-3.396583283838138,-0.006531416615244119,0.010610006389506373,0.006965568645153936,-0.0007194583114909327,-0.005517351828739721,-0.009501752284814055,16.639999389648438,43.0,Fear,45.0
2025-09-24,us_israel_iran,2026-02-28,0.0786876416240468,2.028175760585683,125.87,0.4535882233764127,648,-3.8506420307732574,0.011663525697123141,-0.01291164894810577,-0.003813760450572396,0.006252268561541021,-0.0028506771652953692,-0.0033551882726987627,16.18000030517578,44.0,Fear,43.0
2025-09-25,us_israel_iran,2026-02-28,-0.2230517261190568,1.483356483423701,125.87,0.4535882233764127,658,-2.782980854838573,-0.038491879643615556,0.001285260502940439,0.0,0.006923969064020212,-0.005021648742526333,-0.005042510925025924,16.739999771118164,44.0,Fear,44.0
2025-09-26,us_israel_iran,2026-02-28,-0.2549728912167484,1.4257197679206075,125.87,0.4535882233764127,447,-3.6474323849817902,0.00606632543055882,0.010223498096000606,-0.0008995034208770501,-0.00406712829645509,0.005884489130413512,0.004429417488274046,15.289999961853027,28.0,Fear,44.0
2025-09-29,us_israel_iran,2026-02-28,-0.4364907393129368,1.0979719386219096,125.87,0.4535882233764127,326,-3.669351048342372,0.041838126518113,0.012006108728818521,0.00817789504186174,-0.002448209500075601,0.002632077259912619,0.0047511815976770105,16.1200008392334,50.0,Neutral,28.0
2025-09-30,us_israel_iran,2026-02-28,-0.397213186165876,1.1688913160777936,125.87,0.4535882233764127,469,-2.8742189169288905,-0.0030141158842399056,0.005194719543134664,-0.0029049685997054684,-0.001430979586219124,0.004082503613507919,0.003043432606498969,16.280000686645508,50.0,Neutral,50.0
2025-10-01,us_israel_iran,2026-02-28,0.4139755968314726,2.633570219928331,154.51,1.0408081859727791,1035,-3.5327459393114764,0.03947865276779501,0.006927612517481628,-0.0008955763434680749,-0.0006138485961637263,0.0033941541712235066,0.004190253169206553,16.290000915527344,49.0,Neutral,50.0
2025-10-02,us_israel_iran,2026-02-28,0.917127410742029,3.5420589252896963,154.51,1.0408081859727791,1750,-3.356838930057702,0.016983874858595087,-0.0072140776340165556,0.0029076528029952165,0.0014317796616148805,0.0006181636213842448,0.003898784025909038,16.6299991607666,64.0,Greed,49.0
2025-10-03,us_israel_iran,2026-02-28,0.5279917128122777,2.83943721818613,154.51,1.0408081859727791,1002,-3.897235530911977,0.013050507216426515,0.010647104699776156,-0.00190024980949811,-0.0013294193666388184,6.55106568658717e-05,-0.0027853882183053783,16.649999618530273,63.0,Greed,64.0
2025-10-06,us_israel_iran,2026-02-28,0.1257234409534733,2.113103393274341,154.51,1.0408081859727791,696,-3.796515137254599,0.02012868084515186,0.017294429424654912,-0.007975320034337303,0.00398304551500883,0.003639959282762629,0.007049568711487335,16.3700008392334,71.0,Greed,63.0
2025-10-07,us_israel_iran,2026-02-28,0.2164315211394764,2.2768855044696035,154.51,1.0408081859727791,763,-3.814785863880801,-0.02681798376519831,0.007091447444070091,0.005735209879651924,0.004779115455139772,-0.003818687706853079,-0.006705052395823876,17.239999771118164,70.0,Greed,71.0
2025-10-08,us_israel_iran,2026-02-28,0.0878898987889495,2.04479131570645,154.51,1.0408081859727791,654,-3.854495748264616,0.015551259305387295,0.016633994907520277,0.0007846180383974459,0.0027351143287856552,0.005810748494187323,0.011128711895381229,16.299999237060547,60.0,Greed,70.0
2025-10-09,us_israel_iran,2026-02-28,-0.464876209318813,1.0467192586478755,154.51,1.0408081859727791,596,-2.121864917224837,-0.01346040236705057,-0.024282758867578195,-0.0007846180383974055,0.006956048447671245,-0.0027593739802789824,-0.0008140139040430602,16.43000030517578,70.0,Greed,60.0
2025-10-10,us_israel_iran,2026-02-28,-0.5312621188471993,0.926853151969382,154.51,1.0408081859727791,683,-1.689531993357186,-0.07232182184699049,0.007472669571045818,0.016018166926424916,-0.005641739188979238,-0.027485975439899807,-0.03627274540007827,21.65999984741211,64.0,Greed,70.0
2025-10-13,us_israel_iran,2026-02-28,-0.7628075388458928,0.5087757585638973,154.51,1.0408081859727791,326,-1.7002956062800507,0.018003479276781566,0.03283124863445809,-0.0005519405304206562,0.0029255333464246066,0.015478263036934031,0.02183561937269372,19.030000686645508,38.0,Fear,64.0
2025-10-14,us_israel_iran,2026-02-28,-0.5323142591812561,0.9249534120031944,154.51,1.0408081859727791,525,-2.074799416459368,-0.01884916344559421,0.007299414410765657,0.003196838031396499,-0.0022185728306005847,-0.00156555149694257,-0.007648169631026499,20.809999465942383,38.0,Fear,38.0
2025-10-15,us_israel_iran,2026-02-28,-0.1338272217081278,1.6444598567153337,154.51,1.0408081859727791,550,-3.5533848900908325,-0.020862578290898413,0.009187545165353398,-0.0022035811421670776,-0.002628409631043551,0.004017918503427979,0.006566742663874027,20.639999389648438,34.0,Fear,38.0
2025-10-16,us_israel_iran,2026-02-28,-0.5172643652258535,0.9521274344301512,154.51,1.0408081859727791,366,-2.8811658954756285,-0.02372248478317967,0.02443046188439831,0.007472481757105829,-0.004057227649507828,-0.006314280275141975,-0.004755029458653198,25.309999465942383,28.0,Fear,34.0
2025-10-17,us_israel_iran,2026-02-28,-0.353138405284341,1.248472546861689,154.51,1.0408081859727791,347,-3.9539971034756114,-0.016009839805348834,-0.02132293911227755,-0.0015339040456621793,0.0004064720672707441,0.0052568739445263,0.005191219715838388,20.780000686645508,22.0,Extreme Fear,28.0
2025-10-20,us_israel_iran,2026-02-28,-0.5303274735173675,0.9285407434719772,154.51,1.0408081859727791,374,-2.758602432534071,0.03797750155231343,0.03436764429162454,0.0038304408368196527,0.0016241607005587312,0.010615724136144117,0.013600599085468807,18.229999542236328,29.0,Fear,22.0
2025-10-21,us_israel_iran,2026-02-28,-0.710957897824465,0.6023952426693094,154.51,1.0408081859727791,270,-2.373623989600428,-0.019282830173496076,-0.059062035540049886,0.004903272594192155,0.0034427329777827467,3.269591641698797e-05,-0.001604953022555176,17.8700008392334,34.0,Fear,29.0
2025-10-22,us_israel_iran,2026-02-28,-0.6422603965185774,0.726435149308782,154.51,1.0408081859727791,302,-2.5943601160559115,-0.007293562270818725,-0.01064926865576389,0.0006519348203257548,-0.00030327836272713623,-0.005351834774743029,-0.009334737677512504,18.600000381469727,25.0,Extreme Fear,34.0
2025-10-23,us_israel_iran,2026-02-28,-0.174771406861571,1.5705312158285492,154.51,1.0408081859727791,548,-3.403552704804682,0.021870444424777702,0.019854040473195667,-0.006866856355222878,0.0004043764180174248,0.0058104798620133855,0.008817512744081431,17.299999237060547,27.0,Fear,25.0
2025-10-24,us_israel_iran,2026-02-28,-0.6959639931256348,0.6294681711405031,154.51,1.0408081859727791,303,-2.24158505555935,0.008721714285261932,-0.0017225098547725875,0.0004374074995230809,0.00010101073197491472,0.007871361975244856,0.01140152516343663,16.3700008392334,30.0,Fear,27.0
2025-10-27,us_israel_iran,2026-02-28,-0.4382473252033621,1.0948002548530575,154.51,1.0408081859727791,419,-2.955657170168269,0.027408881782039717,-0.028695490766858036,0.003383332652703708,-0.0017194984524789793,0.012215141327379352,0.01847064801613215,15.789999961853027,51.0,Neutral,30.0
2025-10-28,us_israel_iran,2026-02-28,-0.6715363616765154,0.6735745951992272,154.51,1.0408081859727791,337,-2.1875266602592647,-0.010244824086811922,-0.008960778782097539,0.0026115125804738173,-0.0009114938326348074,0.0022853305022299255,0.008007184564314413,16.420000076293945,50.0,Neutral,51.0
2025-10-29,us_israel_iran,2026-02-28,-0.4381546584682968,1.0949675735029003,154.51,1.0408081859727791,334,-3.5835482535531207,-0.02601680546576632,0.004402578266743398,-0.010157919693324868,0.005355970253849773,-4.3579204733175357e-05,0.005481978145875163,16.920000076293945,51.0,Neutral,50.0
2025-10-30,us_israel_iran,2026-02-28,-0.4187683819107775,1.1299713493109094,154.51,1.0408081859727791,659,-2.1174880116931565,-0.01602663895461955,0.004408297096619672,-0.005835401057637749,0.00311947481739951,-0.009954191424534511,-0.015874677627816365,16.90999984741211,34.0,Fear,51.0
2025-10-31,us_israel_iran,2026-02-28,-0.6783837916281534,0.6612109057523635,154.51,1.0408081859727791,265,-2.6487881607681816,0.01148096119628519,-0.0047849023856938715,-0.002985865036640254,0.0027091199028566174,0.0026145009178832708,0.006080431523864712,17.440000534057617,29.0,Fear,34.0
2025-11-03,us_israel_iran,2026-02-28,-0.4387614374796338,1.093871975984995,104.34,0.0121480769134317,388,-3.150190193549892,-0.027846216495197102,0.0045349523774452045,-0.006110145716067107,0.0007011538604617659,0.0017192339969181521,0.004615672632901388,17.170000076293945,42.0,Fear,29.0
2025-11-04,us_israel_iran,2026-02-28,-0.5084855633186591,0.9679784005974096,104.34,0.0121480769134317,357,-2.992001590016367,-0.04764085753760775,-0.013236252040332198,0.0022262317442198034,0.003498413955198091,-0.011806250392326715,-0.020604605582112023,19.0,21.0,Extreme Fear,42.0
2025-11-05,us_israel_iran,2026-02-28,-0.7978337203531436,0.4455326390688912,104.34,0.0121480769134317,254,-1.8531770241522096,0.022400061321748738,0.008224087134207535,-0.010955988276570888,-0.0001996235177140679,0.0036468976756877185,0.006453178645105735,18.010000228881836,23.0,Extreme Fear,21.0
2025-11-06,us_israel_iran,2026-02-28,-0.4314380176826463,1.1070951106060811,104.34,0.0121480769134317,346,-3.514934707785059,-0.025251182491850755,-0.0001005367923334668,0.008952645362922224,-0.004701590120104617,-0.011241134514722728,-0.019153077139688994,19.5,27.0,Fear,23.0
2025-11-07,us_israel_iran,2026-02-28,-0.8587649021919916,0.3355155647495421,104.34,0.0121480769134317,428,-0.8898781679341469,0.02023892596873405,0.004887656635851291,-0.0021190264937615212,-0.0013044188035114378,0.0012610463474931072,-0.0021473195793028036,19.079999923706055,24.0,Extreme Fear,27.0
2025-11-10,us_israel_iran,2026-02-28,-0.8001244032730268,0.4413965920493965,104.34,0.0121480769134317,273,-1.7223584642117464,0.025068896821942147,0.027716515886168476,-0.00022327649444905335,0.00020082594524243618,0.015283626703501816,0.02246437319061486,17.600000381469727,29.0,Fear,24.0
2025-11-11,us_israel_iran,2026-02-28,-0.4670019823208789,1.04288097225171,104.34,0.0121480769134317,370,-3.126734025362002,-0.028702546476841843,-0.0012167524528548244,0.004567954328531328,-0.0016074311341133444,0.0020731999523923177,-0.0025053125561115795,17.280000686645508,26.0,Fear,29.0
2025-11-12,us_israel_iran,2026-02-28,-0.5855535670107436,0.8288247516125465,104.34,0.0121480769134317,336,-2.698618004417294,-0.013039146642676998,0.02348748385555354,0.0017770291269196257,0.00020110859840013023,0.0006293191259445972,-0.0026385149431680547,17.510000228881836,24.0,Extreme Fear,26.0
2025-11-13,us_israel_iran,2026-02-28,-0.6743619808023186,0.6684726697157555,104.34,0.0121480769134317,267,-2.660126602554307,-0.019524742976585432,-0.004170992761122764,-0.008245233264949046,-0.0030202685420353567,-0.01669545163092778,-0.023170370964449502,20.0,15.0,Extreme Fear,24.0
2025-11-14,us_israel_iran,2026-02-28,-0.5935540967680255,0.8143790302210099,104.34,0.0121480769134317,312,-2.827118290716477,-0.05462287113659148,-0.024002555332014903,-0.005722254120037686,0.0009069926474588239,-0.0005018514712717733,0.0013209458690174583,19.829999923706055,16.0,Extreme Fear,15.0
2025-11-17,us_israel_iran,2026-02-28,-0.4680353442568909,1.0410151384785575,104.34,0.0121480769134317,449,-2.653419231284168,-0.024709214679518844,-0.0047327908648018505,0.0024723949708240853,0.0032183443862534504,-0.009204497894305158,-0.008442285918061654,22.3799991607666,14.0,Extreme Fear,16.0
2025-11-18,us_israel_iran,2026-02-28,-0.875413107293407,0.305455638737104,104.34,0.0121480769134317,282,-1.1583462866125709,0.009241173563305538,-0.0017221023533426794,-0.00033678114631710413,-0.00040166000595633875,-0.008290709844169318,-0.01219399666148866,24.690000534057617,11.0,Extreme Fear,14.0
2025-11-19,us_israel_iran,2026-02-28,-0.7631374464500135,0.5081800788428467,104.34,0.0121480769134317,215,-2.4543460569025,-0.016082377699808928,0.004029960569867122,-0.0020231580512697304,0.006807517363345193,0.00374680773726533,0.005839544810036285,23.65999984741211,15.0,Extreme Fear,11.0
2025-11-20,us_israel_iran,2026-02-28,-0.7398431246419397,0.5502402039911781,104.34,0.0121480769134317,334,-1.8007951739970645,-0.05429914313161118,-0.0052125591455094164,0.003930229103955097,-0.0006986346146965667,-0.01568972611631523,-0.02178199215065168,26.420000076293945,11.0,Extreme Fear,15.0
2025-11-21,us_israel_iran,2026-02-28,-0.6414276295605277,0.7279387896707359,104.34,0.0121480769134317,378,-2.1432006891359974,-0.017950490472289502,0.004967292782076356,0.00302128174761844,0.00019962706136399537,0.009775103041592069,0.008794840185939387,23.43000030517578,14.0,Extreme Fear,11.0
2025-11-24,us_israel_iran,2026-02-28,-0.7647557394576763,0.5052580960957304,104.34,0.0121480769134317,253,-2.108986425876924,0.03668907199615916,0.0037215603622990662,0.00568217372144098,-0.0003993701689292362,0.015348818899081837,0.02653510412523563,20.520000457763672,19.0,Extreme Fear,14.0
2025-11-25,us_israel_iran,2026-02-28,-0.8123018775992704,0.4194089978892233,104.34,0.0121480769134317,209,-2.078131719976907,-0.01057647695675446,0.01149319363831883,0.0025519650747311507,-0.004804771207528,0.009020886000832944,0.006692317360051027,18.559999465942383,20.0,Extreme Fear,19.0
2025-11-26,us_israel_iran,2026-02-28,-0.7093679468530797,0.605266051160201,104.34,0.0121480769134317,329,-2.0068180887866527,0.03572258791333639,0.006261760929431564,0.00442284590896977,-0.0006022803288050176,0.006882969436149685,0.008179045041631156,17.190000534057617,15.0,Extreme Fear,20.0
2025-11-28,us_israel_iran,2026-02-28,-0.8838150260941418,0.2902851710516039,104.34,0.0121480769134317,146,-1.9998309210623333,0.004419139334075751,0.012667816416397979,-0.004755334466249721,-0.001406605188870993,0.005340487341137372,0.0064834392714480165,16.350000381469727,25.0,Extreme Fear,15.0
2025-12-01,us_israel_iran,2026-02-28,-0.7217551322082278,0.5828998036872854,130.96,0.5579509890752782,221,-2.746174483455982,-0.05189240925415532,0.004965958221290471,-0.01609155825555662,-0.0005027950191184382,-0.005337548746055966,-0.0038493372462395942,17.239999771118164,24.0,Extreme Fear,25.0
2025-12-02,us_israel_iran,2026-02-28,-0.5932535644933771,0.8149216699761817,130.96,0.5579509890752782,337,-2.646570835363276,0.05662099387030378,-0.01250914319860585,0.0004505115160492051,-0.0005031247344953009,0.002454221195936617,0.005900690074341228,16.59000015258789,23.0,Extreme Fear,24.0
2025-12-03,us_israel_iran,2026-02-28,-0.2804332130923493,1.3797487225633902,130.96,0.5579509890752782,520,-3.1189765235197324,0.023558262011831657,0.0030288262173034956,0.002811043700311187,-0.005146090147679137,0.0029753605210852863,0.0017248501783856216,16.079999923706055,28.0,Fear,23.0
2025-12-04,us_israel_iran,2026-02-28,-0.3341684606309505,1.2827245956121267,130.96,0.5579509890752782,534,-2.838194163360232,-0.014931972865932171,0.0029722651693542806,-0.005404153314256199,0.0014152791711311394,0.001079738711974404,0.002174260559719459,15.779999732971191,26.0,Fear,28.0
2025-12-05,us_israel_iran,2026-02-28,-0.381056657577948,1.198063473136915,130.96,0.5579509890752782,523,-2.695714744186143,-0.030343059975675362,0.00026116008896670296,-0.004639370834635069,0.0,0.0019347688846794776,0.003100476689271952,15.40999984741211,28.0,Fear,26.0
2025-12-08,us_israel_iran,2026-02-28,-0.8340304577526542,0.3801759689958855,130.96,0.5579509890752782,213,-1.8516998142168613,0.013914122143271371,-0.006118924040939417,-0.003294532068983739,0.0010096777619507662,-0.0034833153316476935,-0.0013678996860299055,16.65999984741211,20.0,Extreme Fear,28.0
2025-12-09,us_israel_iran,2026-02-28,-0.6028638440876661,0.7975693913489431,130.96,0.5579509890752782,338,-2.583620929620257,0.022381192698197744,0.0046462393338665645,0.0010236448783093963,0.0013111280624961959,-0.0008767431610132386,0.0012983147773778915,16.93000030517578,22.0,Extreme Fear,20.0
2025-12-10,us_israel_iran,2026-02-28,-0.602885540309418,0.7975302167462374,130.96,0.5579509890752782,397,-2.252771667117939,-0.007262832846635849,-0.002451547168984526,0.0038574626939063476,-0.004343224852105771,0.006726880659139976,0.0032885527365627476,15.770000457763672,26.0,Fear,22.0
2025-12-11,us_israel_iran,2026-02-28,0.2960484488448004,2.4206414794579345,130.96,0.5579509890752782,852,-3.7358042796790967,0.0053149701081481185,0.021010239753042382,-0.001359718251275789,-0.0044638650035066525,0.00207719198371703,-0.002552109544860977,14.850000381469727,29.0,Fear,26.0
2025-12-12,us_israel_iran,2026-02-28,0.4093475272699636,2.625213797854485,130.96,0.5579509890752782,934,-3.789102214861456,-0.024521421452147512,0.003401069596484952,-0.009685099455506047,0.0005082902448220087,-0.010720913458554537,-0.017042418225683295,15.739999771118164,29.0,Fear,29.0
2025-12-15,us_israel_iran,2026-02-28,-0.2662879841807801,1.4052892857604775,130.96,0.5579509890752782,397,-3.969499613420816,-0.043593166975371536,0.001533693992035725,0.0006867939919936583,-0.002543883296239742,-0.0015978388918367072,-0.005956864363041882,16.5,16.0,Extreme Fear,29.0
2025-12-16,us_israel_iran,2026-02-28,-0.4908458021178512,0.9998286759480106,130.96,0.5579509890752782,320,-3.39550232269318,0.016345736935078115,-0.0005110078294488002,0.005476916142572348,0.0,-0.00238676400843967,0.0023414393578722295,16.479999542236328,11.0,Extreme Fear,16.0
2025-12-17,us_israel_iran,2026-02-28,1.2232462847902743,4.094785819801514,130.96,0.5579509890752782,1250,-4.822632621191602,-0.019544833040854463,0.009939980130428714,-0.0009106808634986644,0.0022389711767302712,-0.01165985661137129,-0.018258017145947006,17.6200008392334,16.0,Extreme Fear,11.0
2025-12-18,us_israel_iran,2026-02-28,-0.1920276761347683,1.5393733718181508,130.96,0.5579509890752782,977,-2.151212929987091,-0.007939728497768105,-0.0018418331441386099,0.004772173114695455,0.0006097312959568807,0.007902951520479156,0.013700050453446659,16.8700008392334,17.0,Extreme Fear,16.0
2025-12-19,us_israel_iran,2026-02-28,-0.1630296971201944,1.5917319953681583,130.96,0.5579509890752782,646,-3.0292940574239133,0.030433154968407768,0.005033950243312225,-0.0076236149246534865,0.001725607391589653,0.008779407421828872,0.013009636585010245,14.90999984741211,16.0,Extreme Fear,17.0
2025-12-22,us_israel_iran,2026-02-28,-0.1835858924444208,1.5546158193732496,130.96,0.5579509890752782,494,-3.6636425167412647,0.004378798230188246,0.018896813791643464,-0.0021725746059539567,-0.0031489442400540555,0.006415870575561936,0.005187009766115591,14.079999923706055,25.0,Extreme Fear,16.0
2025-12-23,us_israel_iran,2026-02-28,-0.2958137190454886,1.351977748565363,130.96,0.5579509890752782,439,-3.510938760471097,-0.012234274952953525,0.008557909489307347,0.001601274380348884,-0.003567230691348714,0.004540067046788208,0.005661128946444711,14.0,24.0,Extreme Fear,25.0
2025-12-24,us_israel_iran,2026-02-28,-0.3362065269062603,1.2790446720965851,130.96,0.5579509890752782,279,-4.896224570462982,0.002262076104062497,-0.0004908198003828014,0.006038858242346948,0.00040833927010335686,0.003216304344700708,0.0021821116889900443,13.470000267028809,24.0,Extreme Fear,24.0
2025-12-26,us_israel_iran,2026-02-28,-0.8175486599841059,0.4099354306589573,130.96,0.5579509890752782,183,-2.292417614435746,-0.003550689574303598,0.010766277995574931,-0.00329978021512937,0.000408094762120937,-0.00030440987710828846,-0.0008562794191727863,13.600000381469727,20.0,Extreme Fear,24.0
2025-12-29,us_israel_iran,2026-02-28,-0.3424424082763248,1.267785192082698,130.96,0.5579509890752782,493,-2.992629446093021,-0.0018721567577939823,-0.04608798173882948,0.003754077961431671,0.00020406276425030386,-0.003498162923937312,-0.005045960804586283,14.199999809265137,24.0,Extreme Fear,20.0
2025-12-30,us_israel_iran,2026-02-28,0.4428452632762809,2.6856971628659165,130.96,0.5579509890752782,801,-4.33879668401935,0.01471809780879094,0.010350630404542907,-0.0023873038577193954,0.002037874655599212,-0.0013766142506534472,-0.0023572409700380196,14.329999923706055,23.0,Extreme Fear,24.0
2025-12-31,us_israel_iran,2026-02-28,0.3344130109137623,2.4899123642330467,130.96,0.5579509890752782,920,-3.633252800469764,-0.010473099349299821,-0.010235032825325435,-0.00799909340213976,0.00040709257849640764,-0.007384867434248815,-0.0075905114404161336,14.949999809265137,21.0,Extreme Fear,23.0
2026-01-02,us_israel_iran,2026-02-28,-0.3308030723385394,1.2888011259321672,168.63,1.3303174692081388,369,-3.872948475818505,0.027455303790744942,-0.0025926392560806856,-0.001492679317170303,0.0014234816010223847,0.0018929140261155547,-0.0002736532072869648,14.510000228881836,28.0,Fear,21.0
2026-01-05,us_israel_iran,2026-02-28,0.0756538918652578,2.0226980353453987,168.63,1.3303174692081388,674,-3.724998793244193,0.042849597956119735,0.027997669976117596,0.0049286627416310225,-0.0015252586193083848,0.006334024511051582,0.006870473863578686,14.899999618530273,26.0,Fear,28.0
2026-01-06,us_israel_iran,2026-02-28,-0.4279629458361844,1.1133696850695871,168.63,1.3303174692081388,456,-2.8018023353854424,-0.00163660971149983,0.010158128512449065,-0.0020602079780619818,0.003149661637507837,0.0061775920038938375,0.0064482527868346354,14.75,44.0,Fear,26.0
2026-01-07,us_israel_iran,2026-02-28,0.694817976774303,3.140657987697409,168.63,1.3303174692081388,1309,-3.586347803133102,-0.026168967250151644,-0.007367304357957669,0.005826281827966157,0.001013874902202199,-0.0034458535710101927,0.0015747185067967705,15.380000114440918,42.0,Fear,44.0
2026-01-08,us_israel_iran,2026-02-28,-0.0370952251051159,1.819118724936193,168.63,1.3303174692081388,805,-2.927933171839233,-0.003081466892755565,8.998553214307117e-05,-0.00502459025522034,0.0025302376661600922,7.654532942294603e-05,-0.004430531794552931,15.449999809265137,28.0,Fear,42.0
2026-01-09,us_israel_iran,2026-02-28,-0.007406600383326,1.872724375341844,168.63,1.3303174692081388,686,-3.4022400819412324,-0.005662930149506993,0.009082749101682023,0.006618027750074845,0.002019559918039706,0.006454611138321038,0.008115612833512054,14.489999771118164,27.0,Fear,28.0
2026-01-12,us_israel_iran,2026-02-28,-0.4497012219460344,1.0741191491998383,168.63,1.3303174692081388,307,-3.781567071786991,0.007483445204275806,0.025071135876622564,-0.00296130214684531,-0.0027273782852244126,0.0015763900591805138,0.0026389827097841345,15.119999885559082,27.0,Fear,27.0
2026-01-13,us_israel_iran,2026-02-28,0.1539481533377717,2.164065809992899,168.63,1.3303174692081388,612,-4.296331947680703,0.044280285031478225,-0.003284847544970745,0.001709516943824046,0.002727378285224404,-0.0019410055882070072,-0.0010130414295748075,15.979999542236328,26.0,Fear,27.0
2026-01-14,us_israel_iran,2026-02-28,-0.0898839469607971,1.7238036406008828,168.63,1.3303174692081388,587,-3.536703178501357,0.016723797821879046,0.008051610829708839,0.005790559828187191,0.0,-0.005347633584135448,-0.010093810542736566,16.75,48.0,Neutral,26.0
2026-01-15,us_israel_iran,2026-02-28,-0.1345074300530979,1.6432316755151208,168.63,1.3303174692081388,616,-3.2456730742165294,-0.014320038274756287,-0.002163894212595402,-0.00022649765189744158,0.0019148652293783496,0.002576603920444464,0.0024794624408080754,15.84000015258789,61.0,Greed,48.0
2026-01-16,us_israel_iran,2026-02-28,-0.3588871951628086,1.2380925571057304,168.63,1.3303174692081388,447,-3.167423914573812,-0.00027287855188963723,-0.0060621179774391735,-0.0057917884357144775,0.000704541271624515,-0.0006425086684515026,-0.0006219058000732541,15.859999656677246,49.0,Neutral,61.0
2026-01-20,us_israel_iran,2026-02-28,-0.8024577627415426,0.4371834884411258,168.63,1.3303174692081388,505,-1.0119835182952417,-0.07852560653253439,0.036632293474919336,-0.013184501627835495,-0.007574646170517677,-0.020842460953261224,-0.024148959295600177,20.09000015258789,32.0,Fear,49.0
2026-01-21,us_israel_iran,2026-02-28,-0.4844650818490414,1.011349676441342,168.63,1.3303174692081388,395,-2.8689250939896582,0.011999327760148783,0.015055377008505682,0.0075879420889151256,0.0012158334390808274,0.01152111763356032,0.011715380155568009,16.899999618530273,24.0,Extreme Fear,32.0
2026-01-22,us_israel_iran,2026-02-28,-0.5351271844177296,0.9198744065505448,168.63,1.3303174692081388,419,-2.483405875476634,0.0009560777691027553,0.015810444337397162,0.004342919772382546,-0.004058462554227607,0.0054725007079021405,0.00905258721267034,15.640000343322754,20.0,Extreme Fear,24.0
2026-01-23,us_israel_iran,2026-02-28,0.336670670685098,2.4939887848005613,168.63,1.3303174692081388,869,-3.793556485764788,0.00046290133092210693,0.013637113842028292,0.0027331512289840367,-0.007756745768232539,0.0003268164274822459,0.0027790606194988167,16.09000015258789,24.0,Extreme Fear,20.0
2026-01-26,us_israel_iran,2026-02-28,-0.1753016018873257,1.5695738980186555,168.63,1.3303174692081388,431,-4.138793310641076,-0.013914015434039318,0.02058565637353524,0.004765134633284896,-0.005754203714711162,0.00499359426016032,0.004251115319940694,16.149999618530273,20.0,Extreme Fear,24.0
2026-01-27,us_israel_iran,2026-02-28,-0.439954339001158,1.0917180782369371,168.63,1.3303174692081388,366,-3.303571329580472,0.00942027656458104,3.931395514705028e-05,-0.006244646095731012,-0.008486025112438676,0.004073587840441241,0.009099482674549624,16.350000381469727,29.0,Fear,20.0
2026-01-28,us_israel_iran,2026-02-28,-0.3209751054511142,1.3065464597798129,168.63,1.3303174692081388,472,-3.1959241547219848,0.0009198645005418251,0.04271712307880896,-0.002280554875495356,0.0023874587530184044,-8.172639170147053e-05,0.0016927111006272242,16.350000381469727,29.0,Fear,29.0
2026-01-29,us_israel_iran,2026-02-28,-0.3865439653368582,1.1881556143476035,168.63,1.3303174692081388,348,-3.753696751825146,-0.053227949504083015,0.0031638076649501356,0.00022833320863480057,-0.0017641074747170135,-0.0012934674424623016,-0.007249538206147129,16.8799991607666,26.0,Fear,29.0
2026-01-30,us_israel_iran,2026-02-28,-0.2821798789538395,1.3765949503552148,168.63,1.3303174692081388,382,-4.016990608884401,-0.005132847429550004,-0.1206569177115754,-0.005608089011881738,0.00734725814399296,-0.0043111794144580756,-0.009472534183946597,17.440000534057617,16.0,Extreme Fear,26.0
2026-02-02,us_israel_iran,2026-02-28,-0.5774759078458596,0.8434097375236979,120.75,0.3486103529681236,314,-2.911694446526576,-0.06684685326137574,-0.0195798858862585,-0.006678907838116403,0.0063720950596490725,0.005376785277364613,0.005537875214300259,16.34000015258789,14.0,Extreme Fear,16.0
2026-02-03,us_israel_iran,2026-02-28,-0.2566000603019717,1.4227817585668314,120.75,0.3486103529681236,635,-2.7442314239496866,-0.03960046937497693,0.05905437776175919,0.0024233936986968727,-0.0017431244227656569,-0.008439495590663714,-0.014383998195300382,18.0,17.0,Extreme Fear,14.0
2026-02-04,us_israel_iran,2026-02-28,-0.1740501437171884,1.571833525394269,120.75,0.3486103529681236,682,-2.868480308564681,-0.035170615941758965,0.0033997461243729043,-0.0025389652049923805,0.0018455895773753915,-0.005085300155013826,-0.015191415438637374,18.639999389648438,14.0,Extreme Fear,17.0
2026-02-05,us_israel_iran,2026-02-28,-0.5269932921583371,0.934560926690166,120.75,0.3486103529681236,437,-2.436171112176232,-0.1523344080304475,-0.012063365980342067,0.010803488806315091,0.002046633396997335,-0.01232667785383289,-0.016019216948970093,21.770000457763672,12.0,Extreme Fear,14.0
2026-02-06,us_israel_iran,2026-02-28,-0.2170000043885081,1.494283445601305,120.75,0.3486103529681236,507,-3.4478569283570075,0.118003181433477,0.018303568705588632,0.0006856080388451493,-0.0019442568864246413,0.019504344282200718,0.021532616298262724,20.3700008392334,9.0,Extreme Fear,12.0
2026-02-09,us_israel_iran,2026-02-28,-0.7555872885509444,0.521812610785221,120.75,0.3486103529681236,291,-1.9250086245408249,-0.006178882349973049,0.01993641500519393,-0.00022854190365578317,-0.008331213745460569,0.004680117860123293,0.0089674047455147,17.360000610351562,14.0,Extreme Fear,9.0
2026-02-10,us_israel_iran,2026-02-28,-0.5507367368803935,0.891689867180889,120.75,0.3486103529681236,387,-2.573541341971302,-0.01910323758989731,-0.009368841148208894,0.0114741635168939,-0.0002065555506026158,-0.0033091822845107053,-0.005878129415047189,17.790000915527344,9.0,Extreme Fear,14.0
2026-02-11,us_israel_iran,2026-02-28,-0.5352204740610412,0.9197059631803082,120.75,0.3486103529681236,362,-2.8092424916630634,-0.026543221212374526,0.013458784179660236,-0.005323091231118559,0.00030985672447881836,-4.89572699497733e-05,-0.0015594902633464173,17.649999618530273,11.0,Extreme Fear,9.0
2026-02-12,us_israel_iran,2026-02-28,-0.7821507106698521,0.4738498124734892,120.75,0.3486103529681236,210,-2.337756243280184,-0.01156236827483507,-0.02959604886955879,0.013198970929933572,0.0010321891194974397,-0.01578494138611745,-0.020556268972196902,20.81999969482422,5.0,Extreme Fear,11.0
2026-02-13,us_israel_iran,2026-02-28,0.3869345197283383,2.5847449698749334,120.75,0.3486103529681236,943,-3.704996766543434,0.03903376935715579,0.01976794067778529,0.005476379724513155,-0.0005160007584456148,0.0004989646444475858,-0.002236429679229216,20.600000381469727,9.0,Extreme Fear,5.0
2026-02-17,us_israel_iran,2026-02-28,-0.1901772515166366,1.542714490381611,120.75,0.3486103529681236,783,-2.5349804224837724,-0.020002197823066656,-0.028088975078812035,0.00167048897430002,0.0028860709310192215,0.0010307906306565179,0.0014054695638450018,20.290000915527344,10.0,Extreme Fear,9.0
2026-02-18,us_israel_iran,2026-02-28,-0.52753426193176,0.9335841540432052,120.75,0.3486103529681236,449,-2.379590898150445,-0.015963632260214883,0.020994975203204404,-0.0037904612205106967,0.005542385987225995,0.005550636821134019,0.007731881574222182,19.6200008392334,8.0,Extreme Fear,10.0
2026-02-19,us_israel_iran,2026-02-28,-0.0592896188926751,1.7790446249908347,120.75,0.3486103529681236,1029,-2.396268133250126,0.007980125994704771,-0.0021280217137131566,0.0010047889934793172,0.002351413036237314,-0.0028261153915347848,-0.00312086822531345,20.229999542236328,9.0,Extreme Fear,8.0
2026-02-20,us_israel_iran,2026-02-28,-0.1939729096971943,1.5358610666412722,120.75,0.3486103529681236,587,-3.1511040980475173,0.015528995656632263,0.016621856057854087,-0.0023459662991365355,-0.00132833260412881,0.006915755702175204,0.008924579532416817,19.09000015258789,7.0,Extreme Fear,9.0
2026-02-23,us_israel_iran,2026-02-28,-0.4981431252249526,0.9866526613955666,120.75,0.3486103529681236,403,-2.752034490210315,-0.05111395170628924,0.028334005840505903,0.003684003037337434,-0.0010230804321085239,-0.01043995947145646,-0.011372646855227238,21.010000228881836,5.0,Extreme Fear,7.0
2026-02-24,us_israel_iran,2026-02-28,-0.2965505182727815,1.3506473871165745,120.75,0.3486103529681236,539,-2.966175326398125,-0.00834051043874472,-0.009439844361431814,0.0017813817074696838,0.0018406827010329107,0.007622488962383376,0.010393816291662564,19.549999237060547,8.0,Extreme Fear,5.0
2026-02-25,us_israel_iran,2026-02-28,-0.3183167056358,1.3113464548106903,120.75,0.3486103529681236,810,-2.100951048770217,0.05878816281087323,0.009766362602618253,0.00011125227687214205,-0.001840682701032965,0.0081034339701294,0.012535017062258312,17.93000030517578,11.0,Extreme Fear,8.0
2026-02-26,us_israel_iran,2026-02-28,-0.2288747207836232,1.472842509831869,120.75,0.3486103529681236,893,-2.1961527385176685,-0.007478610812400483,-0.0057594670615880765,0.003995931394848043,0.0009208038736310302,-0.005380026995566101,-0.01189223131078958,18.6299991607666,11.0,Extreme Fear,11.0
2026-02-27,us_israel_iran,2026-02-28,-0.550019974287486,0.8929840505706319,120.75,0.3486103529681236,441,-2.3102530587387906,-0.023580345399758597,0.010377723577647786,0.006074380187214567,-0.0018423782465261309,-0.004348795128037643,-0.009228853588942867,19.860000610351562,13.0,Extreme Fear,11.0
2026-03-02,us_israel_iran,2026-02-28,3.5559870459550984,8.306772292796825,326.99,4.577250195352015,5305,-4.375292591500799,0.04299050868799882,0.012142763938335153,-0.01341259460225115,0.007857550009264892,0.0003982754131349892,0.0035514629945327643,21.440000534057617,10.0,Extreme Fear,13.0
2026-03-03,us_israel_iran,2026-02-28,3.1246527215360604,7.527956931039964,326.99,4.577250195352015,4383,-4.32972278892396,-0.007035921401254354,-0.0359591903930027,-0.002010727936783294,0.006787300505735298,-0.009488908731312503,-0.010258219057951072,23.56999969482422,14.0,Extreme Fear,10.0
2026-03-04,us_israel_iran,2026-02-28,2.7952924538616224,6.93326547827256,326.99,4.577250195352015,4937,-3.772641487396189,0.06267011054362281,0.0025030895869677847,-0.003135838345534885,-0.002830923022180618,0.00772612574014956,0.012831785165597012,21.149999618530273,10.0,Extreme Fear,14.0
2026-03-05,us_israel_iran,2026-02-28,3.0504544746237485,7.393984902292727,326.99,4.577250195352015,4638,-4.141107011309393,-0.026047184090688055,-0.01078021153640931,-0.004046320069620024,0.0055530766346594575,-0.005662707772703004,-0.002567813775343574,23.75,22.0,Extreme Fear,10.0
2026-03-06,us_israel_iran,2026-02-28,2.2738990140150936,5.991839773238161,326.99,4.577250195352015,3952,-3.622320568912505,-0.03892676222985379,0.015825837818907902,-0.003723579264828011,-0.003328144215863656,-0.013365720432496335,-0.016009965512762212,29.489999771118164,18.0,Extreme Fear,22.0
2026-03-09,us_israel_iran,2026-02-28,2.7915350410403144,6.926481110184909,326.99,4.577250195352015,4089,-4.118507214690722,0.0038947290448369185,-0.010666682586894306,0.008666881442630076,0.0019175707865264793,0.008269871665388671,0.013675666453368,25.5,8.0,Extreme Fear,18.0
2026-03-10,us_israel_iran,2026-02-28,2.4099438645962343,6.237481757940441,326.99,4.577250195352015,4252,-3.639719948435317,0.022043063053682945,0.02678146977213648,-0.010703775972285067,-0.0035351632225681076,-0.002137402505887721,5.068576158451099e-05,24.93000030517578,13.0,Extreme Fear,8.0
2026-03-11,us_israel_iran,2026-02-28,2.8318059413215764,6.999194070863541,326.99,4.577250195352015,4535,-3.961390213301123,0.003967140831024369,-0.01198431063117268,-0.012997553875874092,0.004039200840566423,-0.0008379521856348736,0.000838136856490555,24.229999542236328,15.0,Extreme Fear,13.0
2026-03-12,us_israel_iran,2026-02-28,3.657543155985137,8.490141559034088,326.99,4.577250195352015,6357,-4.13272061470525,0.004102088510358853,-0.010035890037833716,-0.0019527680474479218,0.0051263569440097275,-0.015344808189494536,-0.017951507713337186,27.290000915527344,18.0,Extreme Fear,15.0
2026-03-13,us_israel_iran,2026-02-28,2.962498542138691,7.235172056898898,326.99,4.577250195352015,5664,-3.701791850830897,0.006712861238543366,-0.012450581437074204,-0.004956500261606359,0.006196948879858502,-0.006077546398501344,-0.009303690174976419,27.190000534057617,15.0,Extreme Fear,18.0
2026-03-16,us_israel_iran,2026-02-28,1.571540554377972,4.723664423265634,326.99,4.577250195352015,4511,-2.680161084564213,0.053401394520661095,-0.011645978438057513,0.007712247364953624,-0.00649776392104277,0.010079909746818997,0.012087516697605948,23.510000228881836,23.0,Extreme Fear,15.0
2026-03-17,us_israel_iran,2026-02-28,2.185243553506345,5.831763863117073,326.99,4.577250195352015,3897,-3.549839052900392,-0.012617278563279094,0.0014007005791852262,0.002748173826505813,-0.0013046040569885684,0.002491149384952951,0.004697484577481607,22.3700008392334,28.0,Fear,23.0
2026-03-18,us_israel_iran,2026-02-28,1.742073349669122,5.031577689465749,326.99,4.577250195352015,3810,-3.097014408237741,-0.03688417423341742,-0.022466059027850406,-0.005618934282626429,0.005108385040950412,-0.013700999383730839,-0.01465834397961231,25.09000015258789,26.0,Fear,28.0
2026-03-19,us_israel_iran,2026-02-28,2.507838429376825,6.414239754156754,326.99,4.577250195352015,3662,-4.026606951443959,-0.01888416104762736,-0.0609633251253208,0.006076244416509265,-0.008629322886787194,-0.002752582623899739,-0.0027905140339274923,24.059999465942383,23.0,Extreme Fear,26.0
2026-03-20,us_israel_iran,2026-02-28,2.002326894016531,5.5014903461096045,326.99,4.577250195352015,3094,-3.765395832723757,0.008684431647448684,-0.006607801222592188,-0.019155859637687057,0.004223640215210761,-0.015253934307770224,-0.02026120116808113,26.780000686645508,11.0,Extreme Fear,23.0
2026-03-23,us_israel_iran,2026-02-28,2.173742956358565,5.8109984354175,326.99,4.577250195352015,3248,-3.8776701804332734,0.005546967317594367,-0.037064759654085296,0.0065033042420881365,-0.007049420764024754,0.0113881090950741,0.013724482872770678,26.149999618530273,8.0,Extreme Fear,11.0
2026-03-24,us_israel_iran,2026-02-28,1.198508960840858,4.0501202163244185,326.99,4.577250195352015,2361,-3.2137836240637743,-0.005613991531695598,-0.001090554444362892,-0.004408327905331824,0.004839240854073393,-0.0037495954593205535,-0.008459206192806353,26.950000762939453,11.0,Extreme Fear,8.0
2026-03-25,us_israel_iran,2026-02-28,1.4733168886208388,4.546312203771483,326.99,4.577250195352015,3699,-2.839703705550039,0.011168924480813245,0.03363784006254085,0.009603709438934543,0.001708267209248284,0.005404493759949214,0.007687065158274941,25.329999923706055,14.0,Extreme Fear,11.0
2026-03-26,us_israel_iran,2026-02-28,2.375380856849469,6.175074942953115,326.99,4.577250195352015,3626,-3.895697520552325,-0.03595291880741613,-0.03906243403134702,-0.008441747043204639,0.0030075516580878097,-0.017559440961209507,-0.024078944202841894,27.440000534057617,10.0,Extreme Fear,14.0
2026-03-27,us_israel_iran,2026-02-28,1.473612278088023,4.546845557696084,326.99,4.577250195352015,2734,-3.32503852098038,-0.03631346968520713,0.026277237882447974,-0.005473099201581743,0.0024993764191914153,-0.01686323194605131,-0.021708092663138657,31.049999237060547,13.0,Extreme Fear,10.0
2026-03-30,us_israel_iran,2026-02-28,1.71993156022807,4.991598571697407,326.99,4.577250195352015,2852,-3.5676828095817585,0.00530815031836984,0.007540510335148854,0.013223709709026114,0.003588168942795709,-0.003953553833355896,-0.007365040598763585,30.610000610351562,8.0,Extreme Fear,13.0
2026-03-31,us_israel_iran,2026-02-28,2.237982621902289,5.926989293383559,326.99,4.577250195352015,4204,-3.4774066498964613,0.022856210162579323,0.026512431127413087,-0.0010376012605247502,-0.005487149482743471,0.028714893309798716,0.03756417283310194,25.25,11.0,Extreme Fear,8.0
2026-04-01,us_israel_iran,2026-02-28,2.000428861155779,5.498063266312363,230.77,2.6044043573274904,3880,-3.353908844234853,-0.002270644254019965,0.02875884107881785,-0.004972549058323618,-0.0031060348366285786,0.0071429450037592815,0.01152714824908398,24.540000915527344,8.0,Extreme Fear,11.0
2026-04-02,us_israel_iran,2026-02-28,1.6284809012480856,4.826475663493127,230.77,2.6044043573274904,3819,-2.967309656818251,-0.017634149228875802,-0.02792007119110018,0.006125402220203763,0.003806066822533115,0.0011202481362370179,0.0017488730912092417,23.8700008392334,12.0,Extreme Fear,8.0
2026-04-06,us_israel_iran,2026-02-28,2.91847115208692,7.155676394789085,230.77,2.6044043573274904,4265,-4.169418015982992,0.029044856709546853,0.0011387268075569185,-0.0016143844336221947,-0.0004999292322441652,0.004417013131605809,0.005340583358103871,24.170000076293945,13.0,Extreme Fear,12.0
2026-04-07,us_israel_iran,2026-02-28,3.657551386170859,8.49015641942128,230.77,2.6044043573274904,5253,-4.491682748391079,0.043769250088650125,6.448275631096513e-05,-0.00011543812324694381,-0.003406515293062941,0.0007589600331270599,0.0009774014973188314,25.780000686645508,11.0,Extreme Fear,13.0
2026-04-08,us_israel_iran,2026-02-28,2.7100022837581883,6.779265921727001,230.77,2.6044043573274904,6773,-3.213143065004302,-0.011426386592901714,0.01964639155775591,0.003226538674202428,-0.005131591930476323,0.024772038357183543,0.027643479172834034,21.040000915527344,17.0,Extreme Fear,11.0
2026-04-09,us_israel_iran,2026-02-28,2.3674743281817743,6.160798949516085,230.77,2.6044043573274904,4398,-3.5376670889160016,0.00902047398791368,0.00895028757749345,-0.0025342857348085385,-0.0031320820085302577,0.006151066869514015,0.008246433266360539,19.489999771118164,14.0,Extreme Fear,17.0
2026-04-10,us_israel_iran,2026-02-28,1.4032571729917689,4.419812688932898,230.77,2.6044043573274904,3477,-2.848029617531929,0.01673607145352826,-0.006342909169258469,-0.0024250729681846357,-0.001721762393179433,-0.0011391696991393636,0.0035197480449816656,19.229999542236328,16.0,Extreme Fear,14.0
2026-04-13,us_israel_iran,2026-02-28,2.9868113232097646,7.279071107619444,230.77,2.6044043573274904,5222,-3.861223019784321,0.020420567184914765,-0.004103411668917365,0.0030016432077096863,-0.0028423404906282247,0.010121875493741075,0.012188050234090007,19.1200008392334,12.0,Extreme Fear,16.0
2026-04-14,us_israel_iran,2026-02-28,2.23196989802976,5.916132745567117,230.77,2.6044043573274904,4237,-3.458049347269464,-0.004076670658997154,0.017267418703531354,0.005288573913962617,-0.0025446600632382803,0.011713988916143619,0.019450097001719804,18.360000610351562,21.0,Extreme Fear,12.0
2026-04-15,us_israel_iran,2026-02-28,1.6368862805645767,4.841652379470678,230.77,2.6044043573274904,4224,-2.834172417844292,0.00836950468372944,-0.005194816877104023,-0.004366787580566055,-0.0006117360563381438,0.00794414491156507,0.01581981015484745,18.170000076293945,23.0,Extreme Fear,21.0
2026-04-16,us_israel_iran,2026-02-28,1.9098879120226664,5.334582926212162,230.77,2.6044043573274904,3747,-3.310758910860588,0.004628724487070657,-0.003046322343529432,-0.006354397787568364,0.0016303617133312145,0.002606555815286028,0.0036027468523132347,17.940000534057617,23.0,Extreme Fear,23.0
2026-04-17,us_israel_iran,2026-02-28,1.587053366463404,4.7516742886350425,230.77,2.6044043573274904,4021,-2.8484429635729467,0.025937296578403095,0.014974913312609497,0.00911458196277985,-0.0012225220223565552,0.011968553928737802,0.015061942801738181,17.479999542236328,21.0,Extreme Fear,23.0
2026-04-20,us_israel_iran,2026-02-28,2.877136700098301,7.0810430898187535,230.77,2.6044043573274904,4359,-4.083302835530806,-0.016397184299168158,-0.010554515098820284,-0.00022968806385129957,-0.0005097672501352728,-0.0023771959102520377,-0.0026227180459560263,18.8700008392334,29.0,Fear,21.0
2026-04-21,us_israel_iran,2026-02-28,2.6417155077589203,6.655967618897261,230.77,2.6044043573274904,3928,-4.035826440864242,0.006309747501944813,-0.022767989342933774,-0.0055293695692339665,0.0036648783568095536,-0.00636845358085314,-0.005935766404931626,19.5,33.0,Fear,29.0
2026-04-22,us_israel_iran,2026-02-28,2.594565779293327,6.570834276260715,230.77,2.6044043573274904,3703,-4.102043626069633,0.02394495237334366,0.007231599660169754,0.001961782076754311,0.001827337318442917,0.010405756011537825,0.01625667205455709,18.920000076293945,32.0,Fear,33.0
2026-04-23,us_israel_iran,2026-02-28,2.4244759305426897,6.263720792388736,230.77,2.6044043573274904,4241,-3.6595648288932088,0.0008417038623198857,-0.00580655654933497,-0.0021927968969725612,0.0021278361999452116,-0.004141432170939999,-0.0089242077839389,19.309999465942383,46.0,Fear,32.0
2026-04-24,us_israel_iran,2026-02-28,1.657071561784445,4.878098834587807,230.77,2.6044043573274904,3461,-3.150715807840284,-0.010449855400701123,0.003648880135128687,0.001846889948298029,-0.0029395480890536487,0.007942067917632457,0.016158598338197022,18.709999084472656,39.0,Fear,46.0
2026-04-27,us_israel_iran,2026-02-28,1.0261547755125544,3.738918256272738,230.77,2.6044043573274904,2428,-2.920207280742303,-0.001145671099751661,-0.00998122799658474,-0.004971399457774342,-0.0003045715893419883,0.0012316180005498539,0.0020312252771418756,18.020000457763672,47.0,Neutral,39.0
2026-04-28,us_israel_iran,2026-02-28,1.1333906744493645,3.932542924414516,230.77,2.6044043573274904,2294,-3.172187014188295,-0.013218654490737211,-0.01810793161911003,0.0010426177195824746,0.0014205926824692504,-0.0049061878687959495,-0.009012967997611908,17.829999923706055,33.0,Fear,47.0
2026-04-29,us_israel_iran,2026-02-28,1.0677373610797958,3.813999590142831,230.77,2.6044043573274904,1868,-3.472977772166852,-0.0075534590417408835,-0.010134994038567446,-0.007787635098421907,0.0030373154966233475,-0.00039925174351248426,0.00038265177829322915,18.809999465942383,26.0,Fear,33.0
2026-04-30,us_israel_iran,2026-02-28,1.4307926786377985,4.469530676991824,230.77,2.6044043573274904,2340,-3.5646689974309487,0.006946186875134918,0.015175128715866765,-0.0009338571984142075,-0.008527933285862791,0.010186184168105012,0.008839677378989984,16.889999389648438,29.0,Fear,26.0
