Date,BTC,Gold,TLT,DXY,SP500,NASDAQ
2019-07-01,100.0,100.0,100.0,100.0,100.0,100.0
2019-07-02,102.06501167744597,99.88641781793005,101.37124713732516,100.77131652397323,100.29281258874232,100.22159600296814
2019-07-03,113.02199013945575,99.92771613230965,102.31668419107494,101.48971652969642,101.06229702511041,100.97723716613956
2019-07-05,103.73542626138101,100.42338256672254,100.80109524982083,100.1436684624359,100.87978846137374,100.87292652040686
2019-07-08,116.08997031501882,100.55762178433298,100.82275004438,100.27979060936036,100.39198985067901,100.08922980664178
2019-07-09,118.80990631283375,100.67121184475363,100.85883549536223,100.24197826084198,100.51613026499322,100.62500090521243
2019-07-10,114.86684205135494,100.26848631357159,101.76818709812979,99.68995489634143,100.96952732917495,101.37644188270667
2019-07-11,107.32795491057135,100.21685948142174,101.34960115269054,98.35904561493875,101.20026559278716,101.29622799187192
2019-07-12,111.64920970773626,99.96902232503994,101.75375644170673,98.47247112178519,101.66782848411813,101.89069909918086
2019-07-15,102.94766234233603,100.09294090323084,101.86201279465344,99.03962173343483,101.68570872292105,102.06435505183367
2019-07-16,89.55419931291772,100.57827881987349,101.70323152437683,98.74470387692537,101.33959309155671,101.62695640545213
2019-07-17,91.59670503168275,100.39240489176248,102.57650648608671,99.81094979611679,100.6777195258467,101.16237724715968
2019-07-18,100.7875516857323,99.94837316785016,102.92292152956148,99.81850765033697,101.038346894093,101.43465307673256
2019-07-19,99.5048504539486,100.32012102407215,102.85075062759701,99.58408724371517,100.41425984870898,100.68383367844054
2019-07-22,97.73197331765883,100.4337110844928,102.86519009394463,99.77313744759839,100.69830115494318,101.39633241717789
2019-07-23,93.55231505020241,100.89839196559494,102.48989611777459,99.22867193731804,101.38783102737825,101.98043582478371
2019-07-24,92.712849250678,100.91904900113542,102.68476283903343,99.65970040204323,101.86315217985724,102.84680860719429
2019-07-25,93.65695530089609,101.01198202601557,102.04244004956465,99.18330173457946,101.32710739739494,101.82149259150009
2019-07-26,93.26446208544144,101.20818447189681,102.37442443661632,99.41772214120125,102.07568076682587,102.95445646942048
2019-07-29,89.94636956463566,101.23916214685687,102.45381066679235,99.44796509679072,101.91071476810541,102.49865183695361
2019-07-30,90.78051107627203,101.24949066462712,103.1827350146487,99.68995489634143,101.64792220259504,102.25493244218589
2019-07-31,95.29905980642476,101.73482070291907,102.92292152956148,100.49152591461285,100.54143109115743,101.0413805189595
2019-08-01,98.26643216423537,101.60058148530862,102.547636363316,102.28371815503894,99.63667947740616,100.24668849153953
2019-08-02,99.38619357708176,101.30111749677697,104.33025411786888,103.22896917445502,98.91105145357858,98.92363603797934
2019-08-05,111.5515731563615,100.68154036252388,105.701501255194,105.0136035606609,95.96569596708784,95.48741947833695
2019-08-06,108.45717454713564,100.81577958013432,106.26443781448678,105.85298692745071,97.21488307921597,96.81269271972643
2019-08-07,112.8396171311039,100.7228465552542,108.78320405503207,105.8907992759691,97.28943486256183,97.17803042189658
2019-08-08,113.07053620285075,100.80545894071477,108.09035634823341,106.1176618283707,99.1148087580391,99.35732331339612
2019-08-09,112.09284192401495,100.67121184475363,108.0109701180574,105.90592652311821,98.45900508454363,98.3683425246592
2019-08-12,107.55429712479227,100.55762178433298,108.6388622511031,108.1140315198291,97.2462537975947,97.18519970434555
2019-08-13,102.95465681411962,101.00165350824533,108.41512540707359,107.74348896628285,98.71775380055965,99.07553068380471
2019-08-14,94.97851368397352,101.18752743635633,109.40387204994171,110.17089866117516,95.82603903047762,96.0794223730856
2019-08-15,97.43375783071717,101.34242368950726,109.67090086324045,111.3959402899516,96.06218007467697,95.98895544278888
2019-08-16,98.02708835272807,101.34242368950726,109.15848922127755,110.50362886620302,97.44798505933505,97.5878623323969
2019-08-19,103.14574984336258,101.5592752925783,108.28522306949225,108.92316039232071,98.62767725897174,98.90806638417602
2019-08-20,101.70174206639582,101.39405840000781,108.58833733377324,110.0499037613998,97.8470660595347,98.23758157170947
2019-08-21,95.79439390318285,101.50764846042846,108.58833733377324,109.31638804723625,98.65399110649605,99.12311468389741
2019-08-22,95.72830629511688,101.37340136446731,108.06149503538727,108.59044172600159,98.604064801741,98.7669256620241
2019-08-23,98.34482007690228,100.82610809790458,110.17609717699182,110.37507611220747,96.04565053102085,95.80542060514537
2019-08-26,97.99384154291772,101.28046833958717,110.1544511923572,109.92890886162445,97.10051873282394,97.06568752453126
2019-08-27,96.2427506175528,101.19785595412655,111.21535992726525,111.6228028423532,96.78948823149202,96.7345849564798
2019-08-28,92.16950428757428,101.41470755719762,110.98441656494875,111.76648284349784,97.42302190695753,97.10449096404884
2019-08-29,89.86184534097127,101.7245000634995,110.16888184878029,111.34301223299283,98.65905621329651,98.54446065512276
2019-08-30,90.69310786158327,102.14787475187134,109.6348154122582,111.3732551885823,98.72247299762739,98.4145626713567
2019-09-03,100.38178927446657,102.1788524268314,111.56899910887613,111.32032713162354,98.04137673391371,97.31806075013385
2019-09-04,100.10732546347603,101.6625368352287,111.88655283950474,111.48668069542876,99.10434910659752,98.58759101005775
2019-09-05,99.92817286495594,101.6212385208491,109.36778659895946,109.46762590260106,100.3936782196125,100.31725885261548
2019-09-06,97.82831801408676,101.60058148530862,108.70380901493151,110.2465118195032,100.48509722040116,100.14719357593671
2019-09-09,97.65513563092811,101.48699142488795,108.41512540707359,108.28795447656321,100.47565059031966,99.95402124328393
2019-09-10,95.58581469448092,101.53862613538851,107.5562987216359,106.3898945835109,100.5080343300585,99.91348583064948
2019-09-11,96.17539883714599,101.86906779888021,107.85219765770535,106.20084437962767,101.23467537524617,100.97044203816183
2019-09-12,98.36524984013295,101.517969099848,108.16252725019788,105.5051410139825,101.5261455047877,101.2768202373636
2019-09-13,97.89676787119838,101.46634226769817,107.59959950082967,103.25165427582431,101.45259850685594,101.05732432723404
2019-09-16,97.10538675830225,101.86906779888021,108.48008098082651,104.5674478487866,101.1344850919494,100.77096339224376
2019-09-17,96.7697443880437,101.46634226769817,108.62442278475548,105.13459846043625,101.39558928852628,101.1723888966402
2019-09-18,96.36320686380988,101.81743308837964,108.79763471145513,105.58075417231055,101.43033674477198,101.06573073333793
2019-09-19,97.00731651276676,101.47666290711771,108.1408812655633,105.8983571301893,101.43236278749217,101.13357942237309
2019-09-20,96.20629262544604,101.7245000634995,108.78320405503207,107.29733325440856,100.93579289428934,100.3276386218177
2019-09-23,91.93234740194129,101.81743308837964,109.96679979930992,107.2746481530393,100.92600859042113,100.26324784426677
2019-09-24,81.45569906423565,101.54894677480806,110.57303713779648,108.5677566246323,100.07657782606604,98.7946070581465
2019-09-25,80.19356600871264,102.27179333006224,108.58833733377324,106.97973029652981,100.69290661030206,99.82968729859023
2019-09-26,76.71609549760868,102.447338740403,108.79763471145513,107.6678758079548,100.44833195738127,99.2522703934705
2019-09-27,77.9716585479735,102.34407719775258,108.1913973729686,107.93253917016608,99.91431321763916,98.12721203744248
2019-09-30,78.36872862095407,102.62288415074374,105.78088748537002,108.19721407108607,100.41864137199002,98.86517741922246
2019-10-01,78.83558654366978,102.36472635494238,106.95727671136088,108.3333246793018,99.18767217245149,97.7446994380924
2019-10-02,79.30582174431791,102.27179333006224,108.32852384868603,108.59799958022178,97.41189514388856,96.21920527659188
2019-10-03,78.04863464773423,102.08591940195124,108.76876458868445,109.58862080237641,98.18845425788525,97.29457350493908
2019-10-04,77.53789056696745,102.03428469145071,108.70380901493151,110.39776121357676,99.58438945614425,98.65668285749736
2019-10-07,77.91286069282181,102.22015861956169,108.09035634823341,109.48275314975018,99.13842121526983,98.33311769161658
2019-10-08,77.753741073513,102.37505487271264,108.05427089725117,109.77767100625964,97.595746166826,96.69540132774146
2019-10-09,81.22111666096097,102.35440571552283,108.69659368671995,109.15759233765124,98.48430591070785,97.68364587703498
2019-10-10,81.13355657817152,101.93102314880029,107.88106778047606,107.53175366103036,99.11615121723987,98.26501554310092
2019-10-11,78.63224857503785,101.50764846042846,107.0077928187662,106.20084437962767,100.20038056659355,99.57830377191156
2019-10-14,79.1323809901699,101.6625368352287,107.65733093644651,106.97217244230963,100.0613907416107,99.47460867063158
2019-10-15,77.53250168633208,101.49731994265821,106.63972298073226,105.6790639707166,101.05756959209667,100.71126764983195
2019-10-16,76.04105053644277,101.20818447189681,107.39030212314778,105.80761672471215,100.8555006565696,100.40809993738344
2019-10-17,76.57382535782075,100.79513042294452,107.70064052556485,105.55051121672108,101.13414741816268,100.81187295934943
2019-10-18,75.33880741487829,100.4543602416826,107.40473277957084,105.55051121672108,100.73776780825663,99.97997670103899
2019-10-21,77.89488545399013,100.50599495218313,106.98614683413159,104.75649805266983,101.42999907098529,100.88775993476678
2019-10-22,76.33091049013899,100.71251803748393,106.93562191680172,105.36901886705803,101.06802924353823,100.16239511001832
2019-10-23,71.00610586013086,100.65056268756382,107.5274285988652,105.47488651968429,101.35578496142612,100.35384150430373
2019-10-24,70.8059467774217,100.81577958013432,108.17696671654554,105.26315121443179,101.55043330959184,101.16966722459937
2019-10-25,81.83492308387922,101.02231054378584,108.2202674957393,104.74894019844965,101.96401781072741,101.87809854214936
2019-10-28,87.4613112512261,100.95002667609548,107.53464392707673,103.79611978610465,102.53311344455594,102.90230416392889
2019-10-29,89.08218319795002,100.87774280840513,107.31813122118328,103.86418662892125,102.44776433598179,102.29496697060884
2019-10-30,86.98487514683315,100.83643661567483,107.76558728939325,105.38414611420714,102.78106483534368,102.63028179383653
2019-10-31,86.92684317711424,100.52664410937294,109.07910299110154,106.8058073397957,102.47037200779845,102.4866668243748
2019-11-01,87.5081409930489,100.41305404895229,108.8337201624374,106.2915847851048,103.46047273012387,103.64892337654375
2019-11-04,88.93973773499071,100.69186888029414,108.8337201624374,104.89262019959426,103.84369953424077,104.22732998058741
2019-11-05,88.2775052066368,101.17720679693679,106.87067515297332,103.71293723484769,103.72057214128667,104.24561527168201
2019-11-06,88.45091827817882,101.14622124362602,107.5490745834998,104.34058529638502,103.79343555569905,103.94837971802752
2019-11-07,87.56915345668087,101.34242368950726,105.67263113242329,102.45008325755288,104.07680151435987,104.24363587383414
2019-11-08,83.197285628206,101.5592752925783,105.46334256466594,102.01905479282767,104.34330849152389,104.74776678058663
2019-11-11,82.75230619176848,101.40437903942737,105.04474780930212,102.08711009693555,104.13853816570328,104.61145385806365
2019-11-12,83.29915761829932,101.517969099848,104.799364980638,102.5559509101791,104.30147812170357,104.88100198084618
2019-11-13,83.22924058306951,101.57993232811882,105.4922038775121,103.22141132023481,104.37569223126273,104.83168600763662
2019-11-14,82.2827538287351,101.36308072504777,106.22113703529298,104.28765723942624,104.46305914661104,104.79361880756247
2019-11-15,80.24080176209016,101.19785595412655,105.89636797645284,104.17422019387108,105.26695336543814,105.55754568184703
2019-11-18,78.51441294881579,100.98100435105553,106.15618146154004,104.36327039775428,105.31991873427347,105.67014203869289
2019-11-19,77.53983757692305,101.05328821874589,106.32939338823972,105.2329082588423,105.25750673535666,105.92622060051069
2019-11-20,75.84962531592774,101.12557208643622,106.32939338823972,106.32183927940302,104.86214014681067,105.38328625424063
2019-11-21,72.21631557432642,101.18752743635633,105.59324490224728,105.65637886934731,104.69616936267614,105.12966987023358
2019-11-22,68.94533423517112,101.47666290711771,105.59324490224728,105.79248947756304,104.9238767981541,105.29861871824818
2019-11-25,67.52379089297628,101.52829761761825,105.12413403947815,106.1025345812216,105.71157091116577,106.69038886477671
2019-11-26,68.2063609092075,101.45601374992792,105.35508621171923,106.72262478853874,105.94366810587077,106.88120764511038
2019-11-27,71.16666036118419,101.6212385208491,104.89319067716163,106.41257968488019,106.38592193509153,107.58876995872714
2019-11-29,73.33596164298112,101.47666290711771,105.77367215715847,106.18571713247857,105.95918462816681,107.09798791794864
2019-12-02,69.18543931834351,101.05328821874589,105.53551346663043,104.59013295015589,105.04464871054735,105.89322259004692
2019-12-03,69.16802695916722,100.92936964055497,106.68302375992602,106.78312223842642,104.34735234101824,105.30800878852644
2019-12-04,68.5244478934921,100.83643661567483,106.37990949564504,105.71687631923498,105.00719986400806,105.8769046273011
2019-12-05,70.37903024140155,100.58860733764374,106.58920687332693,105.20265376454412,105.1647370394212,105.92671544997265
2019-12-06,71.3115418934718,100.88806344782468,105.30456129438936,104.6203874444541,106.12549308608803,106.98750372344045
2019-12-09,69.93107031105099,100.82610809790458,105.319000760737,104.84723845814696,105.7898371061653,106.55863821290306
2019-12-10,68.77092458981299,100.58860733764374,105.55715945126505,104.85480785107588,105.6737926267858,106.48880409127052
2019-12-11,68.19744249630668,100.3304495418424,106.04792510859333,105.6790639707166,105.98110871646405,106.95684719579673
2019-12-12,68.4403481364531,100.57827881987349,105.8530583873345,103.9397997872493,106.8899206516017,107.73881797119445
2019-12-13,68.69122175336089,100.34077018126195,106.49538117680328,105.14215631465645,106.89767891274971,107.95583963401415
2019-12-16,65.50498148495035,100.23750863861154,106.45208039760952,104.19690529524037,107.66176056853065,108.93654678113703
2019-12-17,62.74620217714468,100.38207637399223,106.42321027483881,104.05323683280446,107.69785871992315,109.0493845279643
2019-12-18,68.75848125841436,100.58860733764374,106.27886847090986,103.19872621886554,107.65130091708906,109.10351623130374
2019-12-19,68.059647711156,100.59892797706328,106.68302375992602,103.19872621886554,108.13134950258181,109.83863321130265
2019-12-20,68.21056866532005,100.89839196559494,106.43042560305034,103.33483682708126,108.66603535395132,110.30507107245225
2019-12-23,69.50330484178006,100.84676513344507,106.99336216234312,103.18359897171644,108.76015574503354,110.56078754929788
2019-12-24,69.19057905552485,100.83643661567483,108.1913973729686,103.47851682822589,108.7388987683637,110.65013805093038
2019-12-26,68.40096962941296,100.77447338740404,108.92754585896103,103.72806448199678,109.29652996533655,111.50922085590129
2019-12-27,68.8840172628731,100.08261238546059,109.25231491780121,103.84150152755196,109.30024437699022,111.31432258488117
2019-12-30,68.91148302179636,99.8967384573496,109.30283102520653,103.46340111978553,108.6683990704582,110.56498773497505
2019-12-31,67.9722906341439,99.53531911889786,109.66368553502892,102.45008325755288,108.9885385280849,110.8938574456981
2020-01-02,66.00568139350548,100.01032851777025,110.02454004485132,103.60706958222143,109.90173198650359,112.37190037159574
2020-01-03,69.40178349802946,100.0,111.80715779940418,105.20265376454412,109.12583998413427,111.48919755694027
2020-01-06,73.41132292405831,99.82445458965925,113.03406313280036,104.605260197305,109.51142226881205,112.11580974027886
2020-01-07,77.13869816085993,100.1445756137314,113.43822723174111,104.09103764261411,109.20443561697448,112.0800960925238
2020-01-08,76.34659268644003,100.4750172772231,112.39896448146767,103.40290366989787,109.7398050518634,112.82980509690117
2020-01-09,74.44931453253767,100.62990565202334,111.98758505431539,103.76587683051517,110.47015227275871,113.74672494142672
2020-01-10,77.1657394531578,100.53697262714319,112.4061798096792,104.68844274856195,110.15474024814576,113.44306841426577
2020-01-13,76.95446119037051,100.52664410937294,111.74942636378734,104.3708397906832,110.92320342720774,114.61804621845697
2020-01-14,83.41351446370025,100.54730114491343,111.31640095200044,104.90773590803464,110.75520660035303,114.33873387092493
2020-01-15,83.21741088277062,100.40273340953274,112.0164551770861,105.60343927367984,110.96234064268052,114.42982238042386
2020-01-16,82.43102186649048,100.49566643441288,111.79272714298112,105.27072060736072,111.89071294960853,115.64633133092298
2020-01-17,84.37044678803336,100.79513042294452,112.50000550620285,104.3708397906832,112.3228530371204,116.03948319370532
2020-01-21,82.63992403892912,100.71251803748393,112.32679357950319,105.46732866546411,112.02497534157763,115.8154008739283
2020-01-22,82.02556396389082,100.71251803748393,112.24740734932716,105.83787121901034,112.05735908131646,115.97557519611729
2020-01-23,79.43313404932856,100.87774280840513,112.91859145164211,106.5789447873941,112.18521390728434,116.20682679834329
2020-01-24,79.80087901501597,101.04295970097563,113.38770231441121,107.4410132555532,111.17081714420878,115.12453067752857
2020-01-27,84.18884889264963,101.15654976139628,113.7990817415635,109.11221059620392,109.42202107479756,112.95425370183607
2020-01-28,88.42927970781932,101.21850511131636,113.2505758386938,108.25771152097374,110.52210462023393,114.56551975849416
2020-01-29,88.03280019710016,101.18752743635633,113.29388542781214,109.31638804723625,110.42629586021822,114.6332537872881
2020-01-30,89.85044010729779,101.06361673651611,114.28262326075571,109.33151529438534,110.77241149158252,114.92702539470882
2020-01-31,88.35311563116804,100.56795030210324,114.23932248156193,110.32969437076017,108.8110950711487,113.09800143578761
2020-02-03,87.81444902847895,100.99133286882578,113.82794305440966,110.05746161562,109.60047755309385,114.61150454995976
2020-02-04,86.7508833058199,101.15654976139628,111.8937681677163,108.57531447885249,111.2423380994204,117.01621947563336
2020-02-05,90.83720505336746,101.47666290711771,112.42783460423837,107.38807365988572,112.49388069210937,117.51936068346194
2020-02-06,91.93685966671988,101.71417154572926,112.95467690262436,107.8720417202784,112.86799853993148,118.3038057061695
2020-02-07,92.56183140739292,101.90004547384027,113.20727505950003,109.21807824883018,112.2584149954834,117.66557059522424
2020-02-10,93.13508281251586,102.05494172699119,113.64751579949845,109.52056549826857,113.08086480068683,118.99887608824638
2020-02-11,96.45758609521155,101.94135166657054,112.99076235360658,108.96854213376801,113.27179873719886,119.12927495622392
2020-02-12,97.57085132318242,102.2821218478325,113.12067350111248,108.41650723055875,114.00383432702768,120.20476387956185
2020-02-13,96.51563652000115,102.3027710050223,113.67638592226916,108.83241998684356,113.81795726137005,120.03185623585154
2020-02-14,97.43914671135255,102.35440571552283,114.22488301521429,109.30883019301605,114.02778445804512,120.2692753521035
2020-02-18,95.83168237346973,102.70549653620434,115.47344314316965,110.05746161562,113.69482986841595,120.28856241162109
2020-02-19,91.02583433067612,102.85006427158503,116.01472490790326,110.0499037613998,114.22985339357214,121.33216371840989
2020-02-20,90.79044913182733,103.12887910292687,116.67147835379512,110.91197222955891,113.79400713035261,120.51386375080443
2020-02-21,91.52714787033098,102.49897345090353,118.69226360880059,111.94796365445214,112.59711003948642,118.35867364895233
2020-02-24,91.18446489061218,102.52995112586359,120.69861820738299,113.6191725338116,108.82357252936443,113.96734331496998
2020-02-25,88.26973562188513,102.19950946237188,118.85826020728871,114.22413549397963,105.52839523580172,110.80747604083739
2020-02-26,83.34508306165931,102.23048713733193,118.36027922174888,113.6191725338116,105.12965190938878,110.99496363942708
2020-02-27,83.00465160056214,101.65221619580916,118.36027922174888,114.85178355551693,100.48678558933463,105.87456314448107
2020-02-28,81.94599492670108,101.33209517173702,112.88250600065986,117.44554681421444,99.6589412394901,105.88555845813599
2020-03-02,83.80947723244068,100.53697262714319,114.91773072201296,116.40955538932123,104.24716205772147,110.64136352510481
2020-03-03,83.03575762217488,100.32012102407215,118.51183635388938,118.21687487689641,101.31699365568608,107.32811705676093
2020-03-04,82.72828691729268,100.51631559160268,118.4396654519249,116.96157875382175,105.59283327743871,111.45607885148578
2020-03-05,85.78519405045432,99.9793508428102,120.26559279559609,119.87295650910674,102.01090505140218,108.00169166098999
2020-03-06,86.19890136964307,99.08095887721528,120.58314652622472,126.11161323725281,100.27122617423177,105.9875215862991
2020-03-09,74.87048692781207,97.99670086186005,120.85017533952347,129.52963261559103,92.65365145608232,98.26378445419553
2020-03-10,74.73900377683022,99.55597615443837,119.73874168728555,122.89019037830926,97.23039960151199,103.1279796575835
2020-03-11,74.75507352961532,99.65923769708877,118.46132024648406,118.36811273226122,92.47890115349365,98.28071192664449
2020-03-12,46.96895764838108,100.65056268756382,114.70121801611953,119.1016284464248,83.68298493085429,89.00824684732615
2020-03-13,52.571446499211504,101.9723293415306,109.38943258359406,116.40955538932123,91.45472832249592,97.32695597095017
2020-03-16,47.38180219301605,101.29078897900672,107.23874499100728,123.94887844328049,80.49474316037627,85.33497929115349
2020-03-17,49.376952200444215,102.82941511439523,110.05341016762202,115.68359752937785,85.32079339174047,90.65176864025506
2020-03-18,49.4979851676597,104.46097427466387,106.61807699609764,109.15759233765124,80.89855159358966,86.38859828217234
2020-03-19,58.500557804510976,106.11318259212234,106.71189388269673,112.12945600411517,81.27940644525368,88.37521369048108
2020-03-20,58.57223268522201,106.17513794204243,107.10161851528986,120.56109048182302,77.75517102106623,85.02513714571795
2020-03-23,60.62773538750573,105.8343677607805,113.09180337834177,125.52933537845408,75.47742131871333,84.79216563987416
2020-03-24,63.6371345549975,105.05989437337647,119.81812791746158,123.19267762774764,82.55929716413318,91.67856920433518
2020-03-25,63.12933867177011,104.34738421424323,117.80456680059221,122.91287547967855,83.51161960207862,91.26379483396472
2020-03-26,63.46361998056681,102.66419034347403,119.08920356960525,123.51783843984659,88.72392746569399,96.37109992241726
2020-03-27,61.133099815172464,101.57993232811882,117.19832946210565,126.8148744571182,85.73505324044943,92.72316624479744
2020-03-30,60.75555059319211,102.41636106544294,117.06120298638822,125.77132517800477,88.60855009794187,96.08201731538615
2020-03-31,60.83872759669765,102.2821218478325,114.27540793254416,124.75044946155191,87.18968602597155,95.16682340922796
2020-04-01,62.42740467263934,102.92234813927537,113.90011395637414,126.31577914957639,83.34092138493033,90.9706387709967
2020-04-02,64.19293207703515,103.44899224864832,117.32823179968699,127.11736170655657,85.24354021810103,92.53691576986265
2020-04-03,63.62375001499474,103.86204629760061,117.90559901540283,127.41983741728622,83.95319808372597,91.12512835912263
2020-04-06,68.71103327172415,103.97563635802125,121.03060259443468,127.08710721225836,89.85773721006998,97.80105796401068
2020-04-07,67.80991369486202,103.24246916334752,120.15012111443784,125.75619793085566,89.7136905142327,97.4799610106902
2020-04-08,69.29986998402714,103.38703689872821,120.19342189363162,124.84118986702907,92.76902058788842,99.99678347849722
2020-04-09,68.99741444459926,102.76745188612443,125.30311646676213,125.06805241943069,94.11300343867218,100.77145824170573
2020-04-13,64.67873412979267,102.59190647578369,125.92379327159632,123.92619334191122,93.16202345992751,101.25148635881077
2020-04-14,64.65407354161111,102.1168970769113,126.78261995703399,123.89593884761301,96.01022772720175,105.24745611168052
2020-04-15,62.761270742345985,102.70549653620434,124.65357834908181,127.1778476177355,93.89508030706241,103.73270983910392
2020-04-16,67.24665571050637,103.29409599549737,124.16282150167808,128.62219394469335,94.4412388312336,105.45286691639264
2020-04-17,67.05182091568524,103.03593819969603,121.91108407443151,126.89805700837513,96.97165912144199,106.90852092151108
2020-04-20,65.02759955818561,103.22181212780701,122.80600502077601,127.918932724828,95.23770422675338,105.80349793394315
2020-04-21,65.01214805026792,103.5316046341089,121.11720415282224,129.52963261559103,92.3163071072261,102.12664573654602
2020-04-22,67.25046668259954,103.66584385171936,124.76183470202852,128.20628118840852,94.43314289629889,104.99581912552134
2020-04-23,70.2034394715206,103.70715004444966,125.09382789900478,128.88686884561335,94.38220357018376,104.9880342986197
2020-04-24,71.3484335797393,103.6555153339491,124.38654953578305,129.189344556343,95.69582048800285,106.71546928384903
2020-04-27,73.6606047911209,103.30442451326762,123.54936883497997,126.7846315015287,97.1038954706909,107.89750774499755
2020-04-28,73.76886684943338,103.12887910292687,123.44832781024479,128.24409353692693,96.59483988332629,106.38437878529665
2020-04-29,83.16097527666457,102.81908659662497,122.9359161682819,127.57864466557996,99.16270902007398,110.17838961018897
2020-04-30,81.8146409612139,102.25113629452174,121.55022956460913,126.08892813588352,98.24917788786858,109.86743103608924
2020-05-01,83.76314577752598,102.02396405203116,122.29359337881309,127.00392466100139,95.49240085732905,106.35001692143771
2020-05-04,84.2156364277258,102.72615357174485,123.18851432515758,126.40653109376228,95.8982270973166,107.65711953197379
2020-05-05,85.06997701420948,102.96365433200567,123.00808707024638,125.59739068256192,96.7652004266879,108.87338709249146
2020-05-06,87.58049409760702,103.35605134541746,121.55022956460913,123.57077803551407,96.08983638140205,109.43288079148878
2020-05-07,94.0318608340031,103.14952826011667,124.26386252641326,125.63520303108031,97.19531447147958,110.98111992399112
2020-05-08,93.00331360793864,102.98431136754618,123.40502703105103,124.00180650023927,98.83514897508593,112.73192145942453
2020-05-11,81.27833660757045,103.5109475985684,122.35133362435451,123.0338703794539,98.84830178087508,113.60966370996124
2020-05-12,83.19347465611283,103.19083445284696,123.00808707024638,124.29672435674873,96.82188020717687,111.26401691274765
2020-05-13,87.59207465445186,103.5109475985684,123.69371063890895,125.16636221783675,95.13110637745538,109.54139765764816
2020-05-14,91.97389899355272,103.74845623717997,125.44024294247956,126.39140384661319,96.22747551123811,110.53692614963187
2020-05-15,88.14210035313778,103.6761723694896,126.54446126650593,126.06624303451423,96.60529953476788,111.41244761233928
2020-05-18,91.90637188997457,102.92234813927537,124.98557154605807,123.2985452803739,99.64848158804853,114.13480761459869
2020-05-19,91.92964373408827,102.61256351132417,125.880483682478,123.75982823939728,98.60372712795431,113.52018044383894
2020-05-20,89.98261532342973,102.35440571552283,126.34237921703557,124.13035925423479,100.24558767428084,115.87683462420648
2020-05-21,85.81353181146669,102.61256351132417,124.17003682988961,124.44040435789336,99.46631893404458,114.75338151155509
2020-05-22,86.7661364217279,103.11855058515663,125.18764478560387,125.18904731920604,99.70043393552375,115.24416355233357
2020-05-26,83.48237955990193,102.1375541124518,123.03695719301709,123.51028058562639,100.92567091663445,115.43733588498637
2020-05-27,86.75140004779863,102.29244248725205,123.43389715382172,123.28341803322478,102.42212583603087,116.32893392045813
2020-05-28,90.00878461363848,101.59025296753836,123.65040985971515,122.82969292842158,102.2062287471413,115.79291539715652
2020-05-29,89.19024686425281,101.54894677480806,125.35364138409201,123.70688864372978,102.6980794432764,117.28689006182964
2020-06-01,96.07048176039228,101.02231054378584,125.41859695784494,122.71626742157515,103.08332405416749,118.05537920676355
2020-06-02,90.04707888527682,100.85708577286464,124.50923654515285,122.27011170970086,103.92972399038831,118.75157205225418
2020-06-03,91.24628937735359,100.4543602416826,122.53176087926572,120.64427303307998,105.34825862451795,119.67270415195597
2020-06-04,92.60617894221072,99.8347831074295,124.05456514873134,118.89745099539249,104.9933717106455,118.84339680119653
2020-06-05,91.32958633881849,100.1032694210011,120.97286234889329,118.05050977438248,107.7454213081713,121.2938551283543
2020-06-08,92.33076469508072,99.7728277575094,122.56784633024796,118.50423487918569,109.04284635612098,122.6616431802261
2020-06-09,92.55953375109462,99.46303525120751,123.7514420745258,119.85027140773748,108.1924025704058,123.02005902467828
2020-06-10,93.26248739287985,99.09128739498553,123.65040985971515,121.62733640101445,107.61756648220344,123.8431747224136
2020-06-11,88.08147544598985,99.88641781793005,125.00000220248113,123.92619334191122,101.27415026450564,117.32224162461252
2020-06-12,89.58445640127968,100.49566643441288,124.80514429114686,122.73139466872425,102.59687613861954,118.50969929084452
2020-06-15,89.29964852317912,99.8347831074295,124.15560617346652,122.79944997283212,103.4496836408416,120.20550011900526
2020-06-16,90.12475627772297,100.1239185781909,124.82679027578148,120.91650578822015,105.41133773506213,122.30471188415983
2020-06-17,89.57889219747295,100.3304495418424,124.79792015301076,121.41560109576193,105.03182534259888,122.48589920423379
2020-06-18,88.93244798207644,100.59892797706328,124.4803752323067,122.70114017442604,105.09423734151568,122.88781352334266
2020-06-19,87.7624518668688,100.80545894071477,126.00317950177234,122.79944997283212,104.50050799315034,122.92576002842608
2020-06-22,91.17069740789306,100.20653096365149,126.78261995703399,122.81457721998122,105.17924877630314,124.28972204909196
2020-06-23,90.99060360076884,99.84511162519976,127.89405360927191,121.9751938531914,105.63229993075215,125.21529572445237
2020-06-24,88.00426865784576,100.32012102407215,127.43938221285043,123.28341803322478,102.90116140016355,122.46908639202603
2020-06-25,87.54318717224947,100.60925649483355,127.17234458962712,123.63883333962194,104.028901252325,123.80177634059547
2020-06-26,86.58037690790827,100.68154036252388,127.92292373204262,124.96218476680443,101.5086029397715,120.59110854486738
2020-06-29,86.84434901122346,100.7228465552542,128.08892033053075,124.56895711188889,102.99932564074012,122.03627415529196
2020-06-30,86.34486252356481,100.56795030210324,129.4024272223145,123.96399415172085,104.58653244929788,124.31801295491753
2020-07-01,87.19840954200974,100.37174785622199,127.97343983944793,123.57833588973426,105.1117799065319,125.50276705335732
2020-07-02,86.20706773841414,100.49566643441288,128.75288910463416,123.70688864372978,105.58911886578504,126.15780290701126
2020-07-06,88.58882379375352,99.94837316785016,129.07765816347433,123.20023548196784,107.26605630619798,128.9512281198086
2020-07-07,87.42473330115999,100.0413061927303,130.21073780034683,124.93194181121497,106.10559504051098,127.84186011257464
2020-07-08,89.08828259880615,99.57662531162816,131.02627251651532,124.43284650367316,106.93613254470307,129.67856027290586
2020-07-09,87.66748207320573,99.85543226461931,129.84988329052445,126.41408894798248,106.33262712841554,130.36140425242246
2020-07-10,87.67541775359344,99.80380543246946,129.77771238855996,125.77888303222495,107.44552580585437,131.22271991472175
2020-07-13,87.3428758352073,99.6076029865882,130.70150345767516,126.19479578850978,106.43956265150022,128.42212541947544
2020-07-14,87.33909254572013,99.40107990128742,130.67263333490445,126.37627659946406,107.86653089435126,129.6301133036295
2020-07-15,86.86308090795258,99.21520597317642,130.73037358044584,125.78644088644515,108.84618020118111,130.39527126681944
2020-07-16,86.2903831549497,99.49401292616756,129.81379783954222,126.38384599239299,108.47543909122595,129.4478155896409
2020-07-17,86.47147353589004,99.07063823779573,130.50664554634085,126.11917109147299,108.78444354983769,129.81068507925076
2020-07-20,86.59278794293324,98.95704817737507,131.055142639286,126.42921619513157,109.69898770340316,133.07226202206596
2020-07-21,88.58327804501745,98.22388098270135,132.96767154134474,126.50482935345961,109.8831764001273,132.0003577399525
2020-07-22,90.00512128211066,98.06898472955041,134.53377659000415,126.88292976122604,110.51468403287264,132.3188476814734
2020-07-23,90.53151526280482,97.77984925878901,136.3380491391162,128.36508843670228,109.15315861707266,129.2944363954296
2020-07-24,90.11406156427024,97.52169146298768,136.92985582117967,128.3575305824821,108.47745689800013,128.08026892775052
2020-07-27,103.85271746301834,96.72656104004314,139.36201169341288,127.88112037630961,109.27966274789374,130.21951522132807
2020-07-28,103.11522515647593,96.81950194327399,140.35074952635642,128.765873945838,108.57225263665575,128.56116604878878
2020-07-29,104.88827761593707,96.3031863516713,140.9858569876137,128.54658078636533,109.92163003208066,130.3019619694912
2020-07-30,104.98981741475835,96.05534919528951,140.1775464095813,129.3935220073753,109.50939622609188,130.85650717386886
2020-07-31,106.99539453711454,96.54068711193214,141.6570498998532,129.31033945611833,110.3493885963115,132.80258113479363
2020-08-03,106.26670529928126,96.55101562970239,141.8879932621697,128.5163262920671,111.14181014233691,134.74952409965158
2020-08-04,105.88443619297729,96.4270970515115,144.4284054873496,129.74137945955226,111.54324662309743,135.22374678770282
2020-08-05,110.99757038994642,95.85915462775895,146.58631721807248,128.607078236253,112.26044103820358,135.93106771133813
2020-08-06,111.30703424246087,95.81784843502867,148.05860538013283,129.32546670326747,112.9820169765908,137.28649659615988
2020-08-07,109.62227084108062,96.4890602797823,145.0707282768184,128.46339823510834,113.05353793180242,136.086546998388
2020-08-10,112.23622859557835,96.63362801516298,146.1027756988803,127.88867823052979,113.36355541177423,135.55979785037394
2020-08-11,107.81801085711808,96.68525484731283,139.47748337457114,126.3687187452439,112.46014625722376,133.26667751312317
2020-08-12,109.46600253019018,96.4890602797823,139.64347997305927,125.2192902747955,114.03420025999233,136.1021166521913
2020-08-13,111.34827209787093,96.38579085878119,141.2168003499302,123.88082313917263,113.80075237014053,136.4761021504468
2020-08-14,111.20401803798607,96.1379615807501,139.79503710519975,123.39684354007123,113.78119199835017,136.18936706098526
2020-08-17,115.79180096575385,95.87980378494876,143.25924039949484,123.70688864372978,114.08952110938853,137.55419808558435
2020-08-18,113.30511860612542,95.28087580788547,144.2985031497683,124.59164221325818,114.35231367489888,138.55664240053648
2020-08-19,111.103973099889,95.92110997767905,141.36114215385916,123.81275629635604,113.84866086812141,137.76096067419257
2020-08-20,112.23869234751267,95.81784843502867,139.56409374288324,124.93194181121497,114.20826697906159,139.22540127463566
2020-08-21,109.53738674353819,96.29285783390105,139.62182517850007,125.68057323381889,114.60126985110068,139.80442342313202
2020-08-24,111.25810985011715,96.34449254440159,139.12384419296023,125.47639578278658,115.75229272265221,140.64385708361314
2020-08-25,107.39856401095125,96.05534919528951,137.97633389966467,124.51602905493013,116.16857861408137,141.7160148252071
2020-08-26,108.55350078849288,96.04502855586995,140.0620659184985,124.03961884875766,117.35299001078579,144.17041987856152
2020-08-27,106.99473938210578,96.04502855586995,138.68360345296182,121.92982365045282,117.549326727885,143.67951714279232
2020-08-28,109.06503843729844,95.38414522888658,141.78695223743452,121.83907170626694,118.34073525255033,144.548243477522
2020-08-31,110.37202654208265,95.14663659027502,142.00346494332797,122.64821211746728,118.08098175112025,145.53487674868936
2020-09-01,113.10900579766046,95.35315967557581,142.04676572252174,123.9110660947621,118.96954149500209,147.56437508720214
2020-09-02,107.85116539157507,95.87980378494876,139.607394522077,125.09073752079996,120.79761678077294,149.00756129977884
2020-09-03,96.80777106115734,95.76621372452811,139.11662886474872,125.44615282719711,116.55449857254582,141.6125671486581
2020-09-04,99.32608541191257,95.74556456733832,138.84960005144995,123.0641248737521,115.60655765788144,139.82086208086855
2020-09-08,95.73266169179479,96.5303664725126,139.50635349734182,123.82032568928496,112.39774249425297,134.06841812800138
2020-09-09,96.77990390444702,96.3031863516713,140.35074952635642,123.4875954842571,114.66199348108401,137.70039592784758
2020-09-10,97.92125774997625,96.38579085878119,141.036373095019,124.11524354579441,112.64568564909467,134.9570349972023
2020-09-11,98.27820649932224,96.37547021936165,139.85277735074115,124.3799069080057,112.7057339315046,134.14083512243542
2020-09-14,100.92319645515002,96.10698390579006,140.956986864843,124.37234905378548,114.14181113065042,136.65098919200497
2020-09-15,102.02035040642679,96.08633474860025,141.18793903708408,124.06987334305586,114.73755828578996,138.3030380860285
2020-09-16,103.70183803276329,96.25155164117075,141.46939850680587,123.69933078950962,114.20759163148819,136.57460133237612
2020-09-17,103.45696692759061,96.00372236313966,140.01154981109318,124.07743119727603,113.24683558482135,134.8419764625457
2020-09-18,103.41535074323183,95.96241617040936,140.8848159628785,123.6917729352894,111.98044358146373,133.39595391768697
2020-09-21,98.85785258643202,96.5923218224327,137.21131529090152,124.31940945811802,110.68470690244752,133.21698738544234
2020-09-22,99.57786794105081,97.05700270353482,137.0236727077788,124.22111119842067,111.8488825797882,135.50145389185826
2020-09-23,96.8161773458471,97.47005675248712,134.2306623257232,124.38747630093461,109.19566433446637,131.41490254845058
2020-09-24,101.67182639684123,97.42875055975682,134.83689966420974,124.86387496839836,109.52188192025365,131.9003619401382
2020-09-25,101.03544019495936,97.66625919836837,134.0718810554466,124.86387496839836,111.27168277507894,134.8825058404306
2020-09-28,101.19546411273095,97.33581753487667,135.1616687230499,124.50845966200121,113.0643352570307,137.4034138336736
2020-09-29,102.47096786695371,96.95374116088443,136.71334311528622,124.65213966314586,112.52019453963369,137.00445654183747
2020-09-30,101.90261628309341,96.95374116088443,136.22257745795793,123.45734098995891,113.44890452034839,138.0211187266968
2020-10-01,100.3431628115562,96.76786723277343,137.7309510710005,123.53296568699568,114.04937910850168,139.98622628765864
2020-10-02,99.93234371092716,96.90210645038388,137.139144388937,123.07168272797229,112.95705382421329,136.87801646955566
2020-10-05,101.98622698075968,96.56134414747264,138.02685000706995,120.666969673158,114.98719804551118,140.06013989997766
2020-10-06,100.20099417465696,96.89178581096434,137.20409996268995,121.31729129735587,113.38042262921707,137.8615599489605
2020-10-07,100.81104499069401,96.68525484731283,135.94110917831154,120.43253772782747,115.35287404866588,140.45698502947613
2020-10-08,103.14227106254145,96.66460569012304,136.30196368813395,121.08287089073409,116.27686483231285,141.15380548891852
2020-10-09,104.54802147801125,96.0966553880198,138.53204632082134,121.0601857893648,117.29934929437708,143.11841820041838
2020-10-12,109.186583532725,96.10698390579006,138.74855902671476,121.44585559006013,119.22491347315113,146.78067837343707
2020-10-13,107.96327994588972,96.58199330466243,136.2947483599224,122.31548191243944,118.47297160179926,146.62792679317755
2020-10-14,107.99736646141551,96.4270970515115,137.21853942903758,122.5952725217998,117.68830831692183,145.4517058305819
2020-10-15,108.61951457627619,96.92276348592438,137.35565709483046,122.3835372165473,117.50850937942477,144.77367758119516
2020-10-16,106.9826974484942,96.73688955781338,137.18245397805535,122.04324915729924,117.52436357550748,144.25075446438703
2020-10-19,110.9504638220636,96.47873176201203,137.58660926707154,121.58196619827586,115.60520696273464,141.8693940194184
2020-10-20,112.59740355610757,96.10698390579006,137.87529287492944,120.4249798736073,116.15171139663856,142.33422663719134
2020-10-21,121.17099268902376,95.63197450691766,138.90011615885527,120.00906711732246,115.8966770922762,141.9412075388988
2020-10-22,122.51466024676274,95.98306532759916,137.20409996268995,118.76134038717676,116.50153320371052,142.204696773147
2020-10-23,122.19006323629964,95.79719139948816,137.26905553644292,119.4872867084114,116.90296968447103,142.72712504049315
2020-10-26,123.54796888105983,96.08633474860025,137.31957164384823,120.5989028303414,114.72980002464195,140.38704228235193
2020-10-27,129.01866084470703,95.9727446881796,137.75982119377122,121.40804324154175,114.38267137191754,141.2819594300686
2020-10-28,125.400322779186,96.45808260482225,135.40704274178947,121.52146874838819,110.34634953223122,136.01102814269237
2020-10-29,126.97450339711713,97.02602502857478,134.6420329429509,120.34179732235033,111.66469388306406,138.2445734325221
2020-10-30,128.0010390204787,97.10863741403539,135.4936531101016,119.15456804209228,110.31025138083872,134.8581616608017
2020-11-02,128.03852126900756,97.11896593180562,136.43187483563986,119.91832671184532,111.6690754063451,135.42693680458564
2020-11-03,131.81633882771547,96.60265034020294,137.73816639921205,119.22262334620015,113.65670567430325,137.93535286628878
2020-11-04,133.54934378382467,96.45808260482225,136.73498909992082,121.80882875067746,116.1625004859208,143.25238964012132
2020-11-05,147.21393025644244,95.54936212145707,140.39405911547476,122.02056405592995,118.42304529704421,146.96198638850174
2020-11-06,147.08194881855252,95.23957749350588,140.75491362529718,120.54597477338265,118.38897318837189,147.0151404624163
2020-11-09,144.87498996505533,95.75589308510855,133.74711199660644,118.01269742586409,119.7741110614026,144.7725671872805
2020-11-10,144.48367787412352,95.77654224229836,135.34931130617264,117.33212130736801,119.60645190833459,142.7960901581925
2020-11-11,148.36190024480652,96.07600623083,134.28839376134002,117.75559191787302,120.52166317352744,145.67045343176895
2020-11-12,153.79510995992482,95.9933938453694,135.14722925670227,119.75951946355158,119.31903386423339,144.7207769667611
2020-11-13,154.18691111022937,95.78687076006861,136.09266631045205,119.60072375396658,120.94300593581102,146.20017167655482
2020-11-16,157.9504721268454,95.59066831418737,136.20814680153487,119.31336375167729,122.35175626607244,147.37231314846403
2020-11-17,166.7313762961227,95.43577206103642,136.0060647520645,120.09224966857943,121.76545574101442,147.0659289145127
2020-11-18,168.22998339966392,95.33251051838603,135.21218483045521,120.4401071207564,120.35738075832639,145.85794103035866
2020-11-19,168.3536139180761,95.30153284342597,134.31726388411073,121.0601857893648,120.83236423701867,147.1322990899115
2020-11-20,175.95272918198822,95.40479438607638,135.14722925670227,122.1339895627764,120.01160280074873,146.51755122416102
2020-11-23,173.52251011107185,95.52871296426727,132.63568715429307,121.57440834405568,120.68797986739467,146.83468938178578
2020-11-24,180.54636236715808,95.23957749350588,130.25404738946517,120.36448242371962,122.63849896260024,148.76469883944526
2020-11-25,176.9997407062571,94.99174033712407,130.31899415329357,119.99393987017338,122.44418828822121,149.4767147982197
2020-11-27,161.657228435942,94.78521725182328,128.60133197249365,121.15849558777086,122.73768446048294,150.85413431035124
2020-11-30,185.44444885315576,94.86782963728389,128.15386709435913,121.00725773240603,122.17363746156285,150.7662683571046
2020-12-01,177.66945676576734,94.2895508174104,130.92523149178012,119.1016284464248,123.55067939965882,152.69887275706463
2020-12-02,181.43104308982174,94.09335624987986,131.76241219258318,118.15637742700874,123.77197926913557,152.62792824151742
2020-12-03,183.73949560446354,93.66997368315731,132.56351625232858,119.10918630064498,123.69472609549612,152.9716313666004
2020-12-04,176.69401400555313,93.65964516538706,132.49856067857564,117.36236426295747,124.78772672735789,154.04750651390864
2020-12-07,181.34164672750072,93.75258606861792,134.3677888014406,118.42105232792872,124.5461829025714,154.73615592247904
2020-12-08,173.11642473606943,93.93845999672891,135.01732691912093,118.98063354664944,124.89331155529581,155.51255058930536
2020-12-09,175.31588160333965,94.0623706965691,132.404734982052,118.58741743044266,123.90050944267684,152.49914668641557
2020-12-10,172.5858414543334,93.75258606861792,132.33256408008748,119.63853610248496,123.74128389833021,153.32547287090415
2020-12-11,170.63851776254415,93.94878851449916,132.780028958222,120.06200671298997,123.58475150833115,152.98016450244455
2020-12-14,181.86147070303667,93.66997368315731,131.97892489847663,119.72927650796213,123.0460135715213,153.74853295238776
2020-12-15,183.47187862469124,93.42214440512622,133.68216523277803,119.32849099882641,124.63592177037259,155.66444523513076
2020-12-16,201.3637559021623,93.40148736958572,133.9564093742883,119.01088804094763,124.85687573011661,156.44469007216114
2020-12-17,215.4858897143432,92.75093256037259,136.20092266339879,118.57229018329353,125.57575851415628,157.76167760243746
2020-12-18,218.63050457085964,92.95745564567338,136.09266631045205,118.21687487689641,125.1348471441363,157.64908124559162
2020-12-21,215.46623506408062,92.97811268121389,135.62355544768292,118.68571569013997,124.64603551208147,157.48692752555476
2020-12-22,224.72575303608983,93.60801833323723,134.71420384491537,119.2982365045282,124.38763270579818,158.29522187842923
2020-12-23,219.60738682658604,93.36018905520612,135.29878638884276,118.47398038488748,124.48040240173364,157.8402862498956
2020-12-24,224.28089355761168,93.27757666974551,135.67408036501277,118.94282119813104,124.92063842418023,158.255802894459
2020-12-28,255.92425300794582,93.28789730916507,135.47921364375398,118.99576079379854,126.01026231817502,159.42608566351106
2020-12-29,258.54756748327276,92.94713500625383,135.65964089866515,118.84452293843373,125.72958951386175,158.8180122307476
2020-12-30,272.51805597976585,92.55473011449135,136.47517561483363,119.1016284464248,125.89826168828986,159.0624799344578
2020-12-31,274.0371482117498,92.87485113856349,136.6267327469741,119.27555140315891,126.70890114690489,159.2884088875929
2021-01-04,302.1024939259749,92.81288791029269,140.35074952635642,119.13187140201427,124.83933316510041,156.94226724091735
2021-01-05,321.19433835342016,92.3585355469608,140.9281167420723,118.24711783248587,125.72351962164723,158.431667565442
2021-01-06,347.95326807005176,92.45146857184095,137.62269471805376,115.81971967630228,126.44138114838077,157.46555244269763
2021-01-07,372.0168347154643,92.76126107814284,138.0124193506469,114.79884395984945,128.31870739133328,161.50317403686606
2021-01-08,385.49645524230124,93.04006803113398,132.36864953106974,114.42831294501194,129.0234161122777,163.16548200510107
2021-01-11,336.06919913298077,93.49442827281656,133.48729851151919,114.23926274112873,128.17769975957626,161.11941224436197
2021-01-12,320.5379283998623,92.98844119898413,133.003756992327,114.14851079694284,128.23099456625226,161.56434225816466
2021-01-13,352.6021372817342,93.26724815197528,133.77598211937712,115.43404987560695,128.5228023695805,162.2628886559744
2021-01-14,370.28091385818936,93.18463576651467,133.53782342884907,114.35268824797515,128.0403983035269,162.06130388246817
2021-01-15,347.96275397637567,93.74225755084767,132.02223448759497,114.80641335277836,127.1197842577469,160.65063290039237
2021-01-19,340.8234467981837,93.45312208008627,132.75837416366286,115.17694436761587,128.1540790663995,163.10614834766145
2021-01-20,335.8905540489041,93.42214440512622,134.66368773751006,115.29038141317105,129.93998630856333,166.32040078461398
2021-01-21,291.27191424297763,93.07104570609404,134.6203869583163,114.4812410019707,129.98114133081026,167.23077896064234
2021-01-22,311.8713164832387,93.18463576651467,133.9275392515176,114.85178355551693,129.58981859175864,167.3809355986013
2021-01-25,305.82991991422085,93.33953201966563,133.86980781590077,116.2053779382889,130.05839450444972,168.52948119982406
2021-01-26,307.7523846258188,93.11235189882433,133.5666847416952,115.98608477881622,129.8647591776441,168.40674646375746
2021-01-27,287.55701924771597,93.60801833323723,133.14809879625597,116.28100263532568,126.5301069948219,164.01355742691797
2021-01-28,316.2210289993753,93.41181588735597,132.64290248250458,115.63822732663927,127.76512004385476,164.8361903446904
2021-01-29,324.25540710501764,93.53573446554687,133.32131072295564,114.9425239609941,125.29778710013659,161.54284648031683
2021-02-01,316.8926459311644,93.99008682887876,134.29561789947613,114.9425239609941,127.3090380612715,165.6547317022773
2021-02-02,335.53658579347115,94.17596075698975,132.1088360459825,114.20145039261034,129.07840752383316,168.2426254153718
2021-02-03,354.0736338864626,94.09335624987986,132.2315230553523,113.18813253037767,129.2086178303619,168.21493798449987
2021-02-04,348.91426050993203,94.5167309382517,129.10652828624504,112.88565681964802,130.61096059462213,170.28139312917213
2021-02-05,360.4254262890636,94.01074386441925,130.6942881294636,111.94040580023194,131.12001618198676,171.25232398204636
2021-02-08,436.5102199567597,93.8971538039986,132.2098770707177,112.43193171484482,132.09021885873508,172.8755750512833
2021-02-09,439.1997881357887,93.39116673016618,132.45525989938184,112.51511426610176,131.9431330988175,173.12350670122726
2021-02-10,424.4317453052607,93.31888286247583,132.8377603938389,113.26375722741444,131.89758831734352,172.68883576163608
2021-02-11,452.69509547269433,93.37050969462567,131.70468075696633,112.64367855880604,132.11686214410005,173.34682864256274
2021-02-12,448.873161067552,93.43247292289647,131.46651325651374,111.24470243458677,132.73926905649662,174.20826499985276
2021-02-16,464.88939414771255,93.46345059785652,129.70554148659548,109.55080845385802,132.66370425179065,173.6153991359204
2021-02-17,492.7557757450542,93.91780296118841,127.82188270730744,110.2465118195032,132.62119853439694,172.60182674282362
2021-02-18,488.32220338779734,93.54605510496641,127.98787930579556,109.80035610762893,132.03556512096628,171.36430479443953
2021-02-19,528.0867535962012,93.30855434470557,128.16109123249524,108.34089407223071,131.79065279425882,171.47676838679558
2021-02-22,512.2047627000876,92.94713500625383,130.39116505525806,107.51662641388124,130.77153683411552,167.25722323310984
2021-02-23,461.3418128231367,93.11235189882433,130.22517726669446,107.20659284893142,130.9358274852626,166.4186585765619
2021-02-24,469.6654926165876,93.12268041659458,129.64781005097862,106.50332009035732,132.42216042700414,168.05957939244075
2021-02-25,444.9896236365163,93.07104570609404,128.06005020776007,104.76405590689,129.18062384985015,162.14522310951816
2021-02-26,437.8642315816088,93.8971538039986,124.71853392283477,108.22745702667554,128.56698821996167,163.04645260524967
2021-03-01,468.96541796582676,94.01074386441925,124.31437863381858,106.66968519287126,131.62569503148438,167.94662095062273
2021-03-02,457.13287558606385,93.75258606861792,125.07938843265715,106.67725458580017,130.5620473112272,165.10351767964363
2021-03-03,477.5356575034165,93.91780296118841,123.79475166364413,105.52025672242287,128.85609463299636,160.6413635251048
2021-03-04,458.85429075779285,94.6199924809021,122.70496399604083,104.8396806039268,127.12720484510822,157.25148780715062
2021-03-05,462.31391521555986,94.98141969770452,122.54619153568878,105.0438580549591,129.60567278784137,159.68229698981867
2021-03-08,493.6772005134201,95.32218200061577,121.08111870184,104.22715978953856,128.91108604455187,155.83871673223624
2021-03-09,518.0328740173828,94.96076266216403,123.88856855024322,105.67150611649643,130.73577635650972,161.58152922484365
2021-03-10,529.2245825232326,94.78521725182328,124.24220773185408,105.88324142174892,131.5241540530408,161.519854084584
2021-03-11,546.2003685477613,94.40314087783105,124.2999479773955,105.11947121328716,132.8914116872686,165.59639981326072
2021-03-12,541.7306980722756,94.67162719140264,124.09786592792513,102.88868111520696,133.0263494268111,164.62237916862395
2021-03-15,528.2669119960727,94.82652344455359,124.77627416837616,103.493644075375,133.88994601831544,166.3508038527772
2021-03-16,536.7493053972777,94.86782963728389,124.89896117774595,103.07773131909018,133.67978114785367,166.49738791901078
2021-03-17,556.2708576901819,94.38249172064126,124.62471703623565,102.30640325640823,134.06469632090406,167.16020859956637
2021-03-18,546.7087319244117,94.84717260174338,125.01443285890421,101.27041183151499,132.085829099508,162.1049351216147
2021-03-19,551.3172952617529,94.91945646943373,125.67841044293218,101.89805989305232,132.00622044530772,163.32936166350527
2021-03-22,515.2456785145145,94.79554576959353,125.41859695784494,103.03991897057179,132.93357973087564,165.33525206183253
2021-03-23,517.2280852956457,95.35315967557581,124.4731510941706,103.97005428154749,131.9191829678001,163.48335640216922
2021-03-24,498.663834428488,95.54936212145707,125.06495777623408,104.52963550026821,131.19793646725356,160.19815944966948
2021-03-25,488.5524119393234,95.9107814599088,124.48759056051824,103.70537938062749,131.88544853291447,160.39331118017012
2021-03-26,520.9922553295937,95.79719139948816,125.01443285890421,103.34240622001019,134.0788621480533,162.38376468918386
2021-03-29,545.6814119605467,95.9727446881796,123.56379949140306,102.46521050470196,133.96247999488713,161.40640079330404
2021-03-30,556.7130411834129,96.34449254440159,121.52858357997451,103.00211816076215,133.53944886367006,161.23014989835067
2021-03-31,556.7238189446837,96.27220867671124,123.6864953106974,102.42739815618359,134.02319538892442,163.72028066895922
2021-04-01,558.3960698081503,95.96241617040936,124.6030622416765,103.98516998998785,135.6080467169213,166.60293568839836
2021-04-05,558.0376723357568,95.62164598914742,124.63914769265874,103.53145642389339,137.5659863994882,169.38967439870962
2021-04-06,549.859381589037,95.35315967557581,125.6856257711437,104.23471764375876,137.43206168130578,169.30056528705853
2021-04-07,529.6061964745278,95.47707825376672,125.58458474640852,103.5087713225241,137.6348059644062,169.18265835062087
2021-04-08,551.1028104304369,95.06402420481443,126.7898440951701,104.36327039775428,138.2157119448231,170.91874716668508
2021-04-09,550.3568195638513,95.16729362581553,125.8155369186496,103.98516998998785,139.28272816700127,171.79477554835356
2021-04-12,565.9330099389783,95.14663659027502,124.94226195693973,103.9397997872493,139.2554177700089,171.17446364353071
2021-04-13,600.0439230681924,94.84717260174338,126.02482548640694,104.71868570415144,139.71419290693973,172.98013312174697
2021-04-14,596.3232700908819,94.6819557091729,125.20929958016305,104.38595549912357,139.14307946633707,171.27135758208345
2021-04-15,598.2538550335744,94.66129867363239,127.41051209007972,106.13278907551982,140.68675930019495,173.507377119223
2021-04-16,581.8010488016661,94.54770861321174,128.39203459481175,105.30852141717035,141.1944724283588,173.67521557332293
2021-04-19,526.5383731670655,94.04172153937931,127.69919569793764,105.00604570644072,140.44521547540845,171.9749611000045
2021-04-20,533.613456699329,94.21726694972004,128.26934758544195,105.49001376683339,139.48986220932875,170.38680813406992
2021-04-21,509.3584371507955,94.13466244261015,129.35191111490917,105.70174907208589,140.78796260485183,172.41309598582944
2021-04-22,489.1015241120112,94.3102078529509,128.55080705516377,106.16303203110928,139.49121290447556,170.78403948753873
2021-04-23,482.7837259495826,93.82486993630826,128.2476927908828,105.91348437733839,141.01567004032978,173.23609098857403
2021-04-26,510.4513464358184,93.77323522580771,128.40646525123483,105.76224652197357,141.2669981689845,174.74354728371097
2021-04-27,520.0077142195397,93.87650464680881,128.31986369284726,104.8396806039268,141.2366404719658,174.14337937283986
2021-04-28,518.0384105385835,93.56671214050691,127.97343983944793,104.90773590803464,141.11721925471937,173.65903037506695
2021-04-29,506.0420240414206,93.56671214050691,127.60537000141399,104.5977023430848,142.07156773538497,174.0485855271257
2021-04-30,545.6811904996988,94.25857314245036,127.54763856579714,104.8396806039268,141.04940447521543,172.5670907244934
2021-05-03,540.4853499035261,93.91780296118841,129.28695554115623,104.74894019844965,141.43702103855938,171.73211070916997
2021-05-04,503.94840700443757,94.2689016602206,128.16109123249524,105.45977081124391,140.49245686176195,168.49870397718962
2021-05-05,542.5992306081038,94.2895508174104,128.76010443284568,105.63369376797802,140.59128821396592,167.8673967587119
2021-05-06,532.8904608507972,93.91780296118841,131.02627251651532,105.80761672471215,141.7392802573832,168.4905449958167
2021-05-07,541.9604267919642,93.17431512709513,132.1521368251763,105.28583631580106,142.7843723912641,169.9662343693952
2021-05-10,527.8190074309342,93.15365809155463,132.61403235973387,104.21960193531838,141.29432503786887,165.63583086673003
2021-05-11,535.8013053271484,93.08137422386427,132.49856067857564,103.62975468359072,140.06875038297147,165.48219821303826
2021-05-12,464.4232190626116,93.66997368315731,131.5386841584782,102.54083520173876,137.06435963543092,161.0607062008741
2021-05-13,469.7681028095077,93.71127987588761,131.62529452679033,102.69963091132375,138.73286346712243,162.21394683723605
2021-05-14,471.3209862758867,93.26724815197528,132.64290248250458,103.66000917788894,140.80247434173378,165.983372092518
2021-05-17,411.38578202900584,93.16398660932488,134.7791594186683,103.4407044797075,140.44623673271457,165.35391150739835
2021-05-18,405.4507789423953,92.67864869268224,134.80081421322748,103.17604111749625,139.25001498942174,164.4219047890324
2021-05-19,349.6359275933757,93.13300893436482,135.775121389748,102.92649346372535,138.84014489993984,164.37371127923655
2021-05-20,385.3559383342269,92.74060404260234,135.81120684073022,103.77343468473536,140.30556677474425,167.29047470305412
2021-05-21,352.4918866895571,92.95745564567338,135.44312819277172,104.1061648897632,140.19558395163324,166.4902186365618
2021-05-24,365.73266169179476,92.76126107814284,136.01328008027602,104.49182315174983,141.585103347945,168.84068116390526
2021-05-25,362.8624552810569,92.5650586322616,136.98758725679653,105.45977081124391,141.28419482426798,168.79124449570494
2021-05-26,371.29073841506005,92.97811268121389,137.21853942903758,105.27827846158088,141.54935934223124,169.7902369339224
2021-05-27,363.1907709882598,92.90582881352354,136.81437533009685,104.85480785107588,141.71430886905966,169.76898254605598
2021-05-28,337.3065378010599,92.96778416344364,137.30514098742515,104.68844274856195,141.82327043486453,169.92297728471996
2021-06-01,346.6357236648448,92.76126107814284,137.33401111019586,104.51451979182784,141.75344608453244,169.77145679336581
2021-06-02,355.04772942651795,92.8335449458332,137.66599549724756,104.75649805266983,141.95855408413973,170.01678143151017
2021-06-03,370.48347671385324,93.45312208008627,135.04618823196708,104.36327039775428,141.4434286045606,168.2640004982289
2021-06-04,348.61510381438626,93.08137422386427,136.38857405644606,105.79248947756304,142.69295339047542,170.73559251826237
2021-06-07,317.1149926225855,92.88517177798303,136.89377037019744,105.46732866546411,142.57926439165678,171.56649304289934
2021-06-08,316.282779665834,93.01941887394418,136.56177717322117,106.20840223384786,142.6042193080883,172.10029077837166
2021-06-09,352.8739066524071,93.06072506667448,136.63394807518566,107.14609539904374,142.3441281328715,171.93764220887283
2021-06-10,346.8027051442587,93.01941887394418,136.70611897715014,107.78885916902144,143.0063476083142,173.27960153272983
2021-06-11,352.7725883144338,93.51507743000637,135.4936531101016,107.61493621228733,143.28498613396127,173.88631111209813
2021-06-14,380.0242315077885,93.47377123727607,134.52656126179264,106.79068009264661,143.54507730917808,175.18055970612218
2021-06-15,381.7986865526205,93.49442827281656,133.84093769313006,106.66212733865106,143.2563085699301,173.92883195732998
2021-06-16,362.34124717522076,94.10367688929941,134.20179220295248,106.57137539446518,142.48413921516047,173.51874658734914
2021-06-17,359.5674131435168,94.88847879447368,128.01674942856627,108.16695957678786,142.42205665408434,175.02248547677178
2021-06-18,338.15355172448795,95.23957749350588,127.59093934499093,110.20114161676464,140.55284281795858,173.40380874768326
2021-06-21,299.3129546291315,94.85750111951363,128.5941166442821,108.35600978067109,142.52090447818034,174.77691944864597
2021-06-22,307.14585872827956,94.72326190190319,128.19717668347747,108.62068468159107,143.25125169907565,176.15853914645467
2021-06-23,318.64875663575134,94.79554576959353,128.63020209526437,108.34089407223071,143.0960700042234,176.38670095691816
2021-06-24,327.5252396160238,94.81619492678334,128.14665176614758,108.51481702896481,143.92763700166762,177.59764586834496
2021-06-25,298.94525580112077,94.80586640901308,128.2188226681121,107.38807365988572,144.40700200364094,177.48245456919852
2021-06-28,325.36990882272335,94.87815027670344,128.43533537400555,108.49213192759552,144.74129905247088,179.21422250459486
2021-06-29,338.91449119831543,95.05370356539487,127.22286950695698,108.67362427725855,144.78144105335772,179.55805839416763
2021-06-30,331.1007250074512,95.45642909657693,127.80023672267282,109.15759233765124,144.9737339209626,179.2567433498267
2021-07-01,317.2228071454343,95.62164598914742,128.16830656070678,109.02147019072679,145.7307326631689,179.48451893631986
2021-07-02,320.293066522225,95.23957749350588,128.65184807989897,109.67936120785357,146.82372505908467,180.9299259367259
2021-07-06,323.48822981730405,95.57001915699756,129.4385126732967,110.96491182522641,146.526868620848,181.23037197713361
2021-07-07,319.8988662127334,95.66295218187771,130.01587988901258,111.94796365445214,147.01904875482379,181.2479210287848
2021-07-08,310.65815395773603,95.37381671111632,129.87875341329516,112.38656151210624,145.76041501261417,179.9467566117923
2021-07-09,319.35728370887864,95.13630807250478,130.62933255571065,110.80610457693267,147.40429336571486,181.70348427127018
2021-07-12,313.28947793373334,95.23957749350588,130.3045634968705,110.66242457578804,147.9130112792928,182.09057724551823
2021-07-13,309.0013130782781,95.77654224229836,130.58603177651688,109.81548335477802,147.39282892885922,181.40353308032445
2021-07-14,310.1382377068467,95.42545142161687,131.66137997777255,111.06321008492375,147.56453193142158,180.9993859038872
2021-07-15,300.29600087846137,95.64230302468792,131.957278913842,112.28826325240891,147.08314088672807,179.74097165260892
2021-07-16,296.90200265199366,95.71458689237826,130.95410161455084,112.0765279471564,145.9743025306756,178.30867212819547
2021-07-19,291.1975772183226,95.92110997767905,130.535506859187,114.53418059763818,143.65776152258263,176.4268682498309
2021-07-20,281.6495142164023,96.00372236313966,130.6942881294636,113.43012232992837,145.83598805326614,179.19407851064312
2021-07-21,303.4138189723663,95.77654224229836,130.11692091374775,111.99334539589944,147.03794201498678,180.83871673223624
2021-07-22,305.3264102211563,95.8488261099887,130.26847804588826,113.05202192216196,147.33446901538275,181.4894196357232
2021-07-23,317.3119451367659,95.94176701321956,130.00866456080104,112.2958211066291,148.82924380179173,183.37284082696345
2021-07-26,352.80222715792837,95.67328069964796,129.81379783954222,111.96309090160123,149.18378480593145,183.41881354893
2021-07-27,372.356038914362,95.44610057880666,129.8715380850836,113.1578895747882,148.48076445392053,181.19255823653998
2021-07-28,377.9211654746229,95.33251051838603,129.8715380850836,113.16544742900838,148.45310814719545,182.45319327564758
2021-07-29,378.03942556747035,94.85750111951363,132.15935215338783,112.5378109061798,149.07752463042016,182.64698115275303
2021-07-30,399.08352119057355,95.17761426523508,130.81697513883339,113.06714916931104,148.2716043688729,181.34209933004624
2021-08-02,370.41903160707676,95.05370356539487,131.21391509963806,113.93677549169034,147.99836862381295,181.44580046607578
2021-08-03,360.5073668028343,95.08468124035493,130.63654788392222,113.99727294157802,149.21246236996265,182.43724946737302
2021-08-04,375.5740126767881,95.28087580788547,130.6654180066929,114.2316933481998,148.5212523645401,182.6750427380962
2021-08-05,386.17626622546743,95.24989813292542,130.27569337409977,113.64941548940106,149.4131888462889,184.09127775924438
2021-08-06,404.5729450509499,95.8281769527989,127.02078745748662,111.75135559634874,149.66349571763752,183.3576332581323
2021-08-09,438.1065097493525,95.98306532759916,124.37933420757152,111.35057008721303,149.5228257596672,183.65944315193522
2021-08-10,430.7327862635218,96.0966553880198,124.76905884016463,110.83635907123086,149.6712539787855,182.7684727304152
2021-08-11,430.81409930488974,95.94176701321956,126.3279485606125,110.76829222841428,149.86219615124358,182.48482743271617
2021-08-12,419.8027337496182,96.07600623083,126.2269075358773,110.58681141745998,150.48358180633403,183.11662950065585
2021-08-13,451.5989011850924,95.53903360368682,128.1177816433769,112.33363345514749,150.72545506896122,183.19870209434777
2021-08-16,434.69619724041326,95.65262366410747,128.96218648231604,112.60586621028766,151.1204839837205,182.8385482420292
2021-08-17,422.32628011290814,96.16893925571016,128.82506000659865,112.56049600754909,150.05346776154235,181.13817307372003
2021-08-18,423.3262496620415,96.1792677734804,128.57967717793449,112.93859641531552,148.44062245303368,179.52815017546638
2021-08-19,441.4342173619769,96.62329949739274,128.4786361531993,113.77041038917642,148.6271666303187,179.72441229988166
2021-08-20,466.20568360811393,96.55101562970239,128.5363763987407,113.84603508621318,149.83722476292004,181.86094295616792
2021-08-23,468.1613674469163,95.9933938453694,130.13856689838238,113.77041038917642,151.11440585555997,184.67871234859416
2021-08-24,450.77491918985936,95.92110997767905,130.31177882508203,112.88565681964802,151.34043315805044,185.63221484480798
2021-08-25,462.6303089471105,95.85915462775895,129.05600336891513,111.94796365445214,151.67642681175988,185.90486482885208
2021-08-26,443.55684577005167,96.0966553880198,129.3446869767731,112.25800875811069,150.79292393873246,184.71775717809317
2021-08-27,463.5551663586208,95.71458689237826,131.10565874669135,113.02177896657248,152.12105259343352,186.98801788410094
2021-08-30,444.62236773020163,95.67328069964796,130.5571616537462,113.31669682308194,152.77617268340958,188.67368033304092
2021-08-31,445.6778501319076,95.65262366410747,130.99018706553306,112.54536876039998,152.5700598983882,188.59149911385737
2021-09-01,461.55537490091933,95.46674973599647,130.85306058981564,112.59073896313856,152.61761425069034,189.21118340472844
2021-09-02,466.09746307371046,95.23957749350588,130.535506859187,113.08226487775141,153.0514509430817,189.48061083252026
2021-09-03,472.68957740656424,95.04337504762464,132.13770616875323,112.05383130707838,153.00017394317987,189.8803043637998
2021-09-07,442.3181783368844,95.53903360368682,129.6117245999964,111.1085802876623,152.48065046842768,190.0139137185306
2021-09-08,435.5173740649047,95.67328069964796,129.23643062382635,111.86478110319517,152.2795945542607,188.93013304932998
2021-09-09,438.3523682008059,95.49773528930722,129.7199809529431,113.21838702467588,151.57825433523726,188.45566897129729
2021-09-10,424.1078957251597,95.60099683195762,129.15704439365035,112.2201964095923,150.40767932784138,186.8148688504092
2021-09-13,424.85591664951886,95.64230302468792,129.33025632035,112.90078406679713,150.75008054755205,186.69238757382308
2021-09-14,444.9767789073307,95.67328069964796,130.2468232513291,114.26950569671818,149.88377432980812,185.85418500224733
2021-09-15,455.21812509400553,95.50805592872676,129.35912644312072,113.86872018758247,151.15388898076546,187.38388538417456
2021-09-16,451.50478032468004,95.89013230271901,126.63106282489349,113.34693977867141,150.91942806955356,187.63588445530593
2021-09-17,446.6306116102695,96.2412231234005,126.25577765864801,112.80247426839105,149.54442041012373,185.93093494684834
2021-09-20,404.8309100287622,96.28252931613079,127.15069860499251,114.20145039261034,147.00555827524795,181.85155288588965
2021-09-21,384.5143871117168,96.2412231234005,128.1755218889183,114.10314059420428,146.88613705800148,182.25322581501706
2021-09-22,411.73535797761957,96.50970943697209,128.2260379963236,114.78371671270034,148.28443597276734,184.1126528421015
2021-09-23,424.2136063699522,96.1379615807501,126.13308183935368,112.18995345400285,150.083825458561,186.033151534492
2021-09-24,404.7926342121945,96.37547021936165,126.27742364328263,111.09346457922196,150.30309928531756,185.97704043330467
2021-09-27,399.0852559672164,96.4270970515115,126.2990784378418,110.68510967715733,149.8858003725283,185.01635658514283
2021-09-28,387.7352398651673,96.82982258269354,125.27425515391599,108.96097274083911,146.83350936295287,179.78484428173687
2021-09-29,392.7415099754271,97.41842204198656,124.24220773185408,109.15002294472231,147.0639181887244,179.36167557476162
2021-09-30,413.77999525704683,97.32548901710642,126.68158774222337,109.13490723628195,145.31242896496562,178.57241482192418
2021-10-01,454.65679566453485,97.10863741403539,126.80427475159317,109.91379315318409,146.9822834918039,180.03228108221887
2021-10-04,464.06762676095974,96.87112877542383,127.46824352569656,109.63399100511499,145.07358653047265,176.18586449235445
2021-10-05,486.7632666582389,97.04668206411527,126.99191733471591,108.57531447885249,146.6004156187798,178.3901171079356
2021-10-06,523.110122329436,97.34613817429621,127.05687290846885,109.1878352932407,147.20188675640114,179.23153016626458
2021-10-07,508.4125409587225,97.29451134214638,126.86923032534611,108.04597621572123,148.4234093258582,181.111475341772
2021-10-08,509.9419864853518,97.13961508899543,126.75375864418785,107.28977540018838,148.13936801962396,180.19097085602198
2021-10-11,543.1735524073256,97.39777288479678,126.63106282489349,107.01754264504821,147.12227810220085,179.03736813468788
2021-10-12,529.5317487194488,97.60429597009757,126.89810044811681,108.84754723399266,146.766715840755,178.78672084745264
2021-10-13,542.3827526291556,97.14994360676567,129.4529433297198,109.90622376025516,147.21032036512253,180.09332860852675
2021-10-14,541.6308561399559,97.02602502857478,129.66945603561325,110.31457866231979,149.72218506895462,183.20524376284496
2021-10-15,582.000991037295,97.00537587138498,127.54041442766105,109.67180335363338,150.83914406777984,184.11871173063582
2021-10-18,586.0841754228287,97.01569651080453,127.36721131088593,110.18602590832427,151.34819141919843,185.65705387389883
2021-10-19,607.2113188639428,96.85047961823403,127.72084168257226,108.66605488432964,152.46715998885182,186.98294869449057
2021-10-20,623.5660548503155,96.61297097962249,128.76010443284568,107.93253917016608,153.02580420718476,186.89136533552966
2021-10-21,587.8236765638135,96.82982258269354,128.55080705516377,107.80398641617053,153.48424990627493,188.05338049771717
2021-10-22,573.4809862020664,96.66460569012304,129.58285447722568,108.9912272351373,153.3196298172872,186.50230503293284
2021-10-25,595.6630583927663,96.87112877542383,130.34064894785274,108.8248621326234,154.04762155762165,188.1894520302587
2021-10-26,570.3772493270819,97.01569651080453,129.38077242775532,109.72474294930088,154.3279566881482,188.3006845337094
2021-10-27,552.5998488529713,96.92276348592438,129.75606640392533,111.72111264075926,153.54835851007124,188.302289777086
2021-10-28,572.8183384346224,96.39611937655145,130.0230952172241,111.34301223299283,155.05762856147015,190.92589713793555
2021-10-29,587.9918022576088,97.19124979949598,128.68071820266965,111.68330029224087,155.35988778029395,191.54718667218322
2021-11-01,576.430401776116,96.94341264311419,129.55398435445497,110.7380492728248,155.6395475632471,192.75257961403673
2021-11-02,597.4260343836422,97.16026424618522,129.0920888198974,111.22957518743767,156.21235760872932,193.41601583904503
2021-11-03,595.0037325380429,96.92276348592438,127.28060094257383,110.08015825569801,157.22168926500441,195.41795951117564
2021-11-04,580.6618911095466,97.42875055975682,129.4024272223145,111.2371445803666,157.87918130743336,197.0089488093922
2021-11-05,577.5762771139591,97.39777288479678,131.09122809026826,112.90078406679713,158.46851266062566,197.39554693417827
2021-11-08,638.4387010213959,97.11896593180562,131.88510801187755,112.68904876154463,158.609199090488,197.52866143944706
2021-11-09,632.8165482927676,97.02602502857478,132.08718125142335,114.15608018987176,158.05426104786272,196.34440219046925
2021-11-10,614.1396845843872,97.94506615135951,133.34295670759025,112.06895855422749,156.75413460961946,193.08368218208818
2021-11-11,613.7119329564193,98.28583633262144,134.4688210162512,111.90259345171356,156.84049673955369,194.09182330060247
2021-11-12,606.2092454367531,98.23420162212089,134.80802954143903,111.4110675371007,157.97330169851563,196.02825373176842
2021-11-15,600.558081337033,98.523344971233,134.67811839393312,110.01209141288142,157.97160509363613,195.94037570902273
2021-11-16,568.4633846784158,99.04998120225522,133.77598211937712,109.73230080352106,158.5822016594443,197.42360851952145
2021-11-17,570.4171122797271,98.95704817737507,134.93793187902034,110.60192712590036,158.16963017966881,196.77734719169308
2021-11-18,538.0460324827699,98.65758418884344,134.3100485558992,111.01783988218517,158.70499961455772,197.6689331576658
2021-11-19,549.1716718356245,99.20487745540618,133.60277019267747,112.18995345400285,158.48302439750762,198.4565886671266
2021-11-22,531.8772774710648,99.64890917931851,130.34064894785274,110.87415988104053,157.97633252664986,195.95162448215814
2021-11-23,543.969962526979,99.63858066154826,128.7168036536519,109.27101784449766,158.23812030674617,194.96758615329134
2021-11-24,531.7935283603684,100.0,128.76010443284568,111.02540927511409,158.60109491960728,195.83385031021027
2021-11-26,506.1805108917214,99.22552661259597,128.8467148011578,113.83090783906408,154.99691316743284,191.46401575407575
2021-11-29,546.2140253000564,99.48368440839731,128.63020209526437,112.91591131394622,157.04290334886744,195.062633458486
2021-11-30,538.6440505927308,99.12226506994557,128.00230996221865,114.63247885733551,154.06516412263784,192.0329115928504
2021-12-01,540.7644274821839,99.18422829821637,128.57967717793449,115.19962946898517,152.24485533396103,188.5273497262879
2021-12-02,533.6586716224683,99.26683280532626,127.0713035648919,115.34330947012981,154.40588520936106,190.1003071928904
2021-12-03,506.4496227322178,99.25651216590671,128.6085473007052,116.71960049297981,153.10137724783675,186.44384037942643
2021-12-06,477.95503052930064,99.43205757624747,128.28377824186504,115.1164469177282,154.89738999576343,188.1701770402402
2021-12-07,479.06491847933904,99.51466996170807,128.65184807989897,114.18632314546122,158.10486270019112,193.8772638155935
2021-12-08,477.21963287327924,99.01900352729518,128.70958832544036,112.21263855537214,158.5926613108859,195.11404952453415
2021-12-09,450.4536902297933,99.41140054070696,128.0744808641831,112.84028661690945,157.45379469565543,191.7817694561532
2021-12-10,446.4018056441143,99.18422829821637,128.67350287445814,112.56805386176927,158.9573325286265,193.1811916650936
2021-12-13,441.62227453209476,99.46303525120751,128.9188857031223,114.2316933481998,157.50507169555726,190.4953056890308
2021-12-14,440.4425895047859,99.72119304700885,127.77136659990211,113.95946059305963,156.32840208810882,188.32453386387633
2021-12-15,462.02494571902344,99.65923769708877,127.20843004060936,112.86297171827873,158.88413144042744,192.3776044168573
2021-12-16,450.3904262475397,99.17389978044612,129.6622407074017,112.77978916702176,157.49494148195635,187.61746639972154
2021-12-17,436.56388730226547,99.72119304700885,130.18187648750072,114.0577703914657,155.8746838220324,187.48460535393323
2021-12-20,442.9715616588525,99.70054388981906,129.4529433297198,113.20325977752677,154.09957390509686,185.1519453377215
2021-12-21,462.40187208236864,99.63858066154826,129.03435738428053,112.77223131280158,156.8391460444069,189.60309210910634
2021-12-22,459.49062159446277,99.21520597317642,130.0230952172241,113.29401172171265,158.43579948304614,191.83762709785998
2021-12-23,479.86291573507003,99.15324274490563,130.71593411409822,112.3109483537782,159.4218563558772,193.46261617496333
2021-12-27,478.50111607039867,99.22552661259597,130.49220607999322,112.58318110891837,161.62808510301852,196.15555073848435
2021-12-28,449.6669136570291,99.33911667301662,130.64376321213373,112.13701385833534,161.46481570917754,195.04891043804074
2021-12-29,438.8558963489411,99.06030972002547,130.27569337409977,110.91197222955891,161.6911724495087,194.8573433487646
2021-12-30,445.7859230257458,99.10161591275578,130.82419046704496,111.84209600182588,161.207755362095,194.5525643581899
2021-12-31,437.54942498613565,98.79182340645389,131.89232334008906,112.0614007000073,160.78439479303725,193.3587943439431
2022-01-03,438.9825719540137,99.38042286574692,129.86432275687207,109.11977998913285,161.8092429716084,195.68021765651847
2022-01-04,433.6860035821292,99.43205757624747,130.91801616356858,108.66605488432964,161.70736431937814,193.0838028770789
2022-01-05,411.68335158847407,99.32879603359707,131.68302596240719,108.07621917131071,158.57141257016204,186.62552254896235
2022-01-06,407.82745985330064,99.39075138351716,129.0920888198974,108.35600978067109,158.41858635587062,186.386872343805
2022-01-07,392.68046060165375,98.86410727414423,129.6911108301724,107.57712386376892,157.7769567454704,184.59528797100617
2022-01-10,395.16894233067245,99.12226506994557,129.7921518549076,107.84179876468892,157.54959521972515,184.68093313642348
2022-01-11,403.81093518302356,98.74019657430402,131.25000055062029,108.5601872317034,158.99274709649958,187.28402234885004
2022-01-12,415.2748928913836,98.09996240451045,131.87066854552992,108.14427447541857,159.4407496160402,187.71584488666016
2022-01-13,402.44758529241597,97.88311080143941,131.43764313374302,109.10465274198373,157.16973691752918,182.99983295813286
2022-01-14,407.24889338782504,98.2755078148512,131.09844341847977,107.45614050270231,157.29861300080316,184.0743442520459
2022-01-18,400.40719267924254,98.85378663472468,130.79532915419878,105.9437388716366,154.40621464720172,179.29320530652424
2022-01-19,394.4419970970174,98.62660651388339,133.01818764875006,106.67725458580017,152.91008916564596,177.23366598482045
2022-01-20,384.3891140920151,98.86410727414423,132.9748868695563,107.33514560292696,151.22236263595076,174.93189181673478
2022-01-21,344.485043549353,98.76084573149383,132.20266174250617,108.61312682737088,148.36201858424747,170.17238141355077
2022-01-24,346.34660652774306,99.04998120225522,132.9171466240149,107.72080386491356,148.77323936887618,171.23786472215772
2022-01-25,349.17824184078256,99.08095887721528,133.71102654562418,107.54688090817946,146.96238544622685,167.33434733218206
2022-01-26,348.21555153440073,99.63858066154826,132.06553526678874,106.24621458236625,146.7424362718969,167.3693247404937
2022-01-27,350.91903483671416,100.4337110844928,129.42408201687365,108.19721407108607,145.95236197048632,165.02924198235246
2022-01-28,357.02400912418693,100.44403172391235,128.8178446783871,108.23502641960445,149.50595854222436,170.19277886698302
2022-01-31,363.6269012183115,99.69021537204881,129.54676902624345,107.675433662175,152.32952085901576,175.99305424467383
2022-02-01,366.0850428111502,99.53531911889786,129.929278330625,107.16878050041304,153.37495890262937,177.30461050036763
2022-02-02,349.1686082938933,99.07063823779573,130.57159231016925,107.53175366103036,154.820136822124,178.18890648890064
2022-02-03,351.07368832892104,98.49235941792223,130.1241362419593,106.69237029424052,151.04390615765448,171.5306587001536
2022-02-04,392.14160944825795,98.59562883892335,130.3839497270465,105.11947121328716,151.82282898815802,174.2396577669399
2022-02-07,414.24668708412656,98.51301645346274,131.39434235454925,105.18753805610375,151.26082450385013,173.22200588315664
2022-02-08,416.8750213386755,98.76084573149383,131.82736776633612,104.48426529752963,152.53159803048882,175.43158114782867
2022-02-09,418.95712241156093,98.6059494783429,132.44803576124576,104.68087335563305,154.74593094851085,179.08890489572678
2022-02-10,411.6465890877013,98.66791270661369,132.52020666321025,103.0172338692025,151.9425961151372,175.32269012719803
2022-02-11,400.71243954810916,99.21520597317642,132.85219986018652,104.54476274741734,149.06032797513666,170.44713149043346
2022-02-14,402.40362531408226,99.51466996170807,134.81524486965054,103.2440964216041,148.48784736749516,170.4442830886524
2022-02-15,421.19092416534636,99.12226506994557,133.86259248768923,102.07198284978645,150.82901385417895,174.7556529912805
2022-02-16,415.39544141299405,98.82280108141394,134.9740173300026,102.67694580995446,150.96192555100126,174.56198580916578
2022-02-17,383.0435179793912,98.92607050241503,137.17522983991927,103.4407044797075,147.76558784558853,169.52723047963707
2022-02-18,378.25254472355687,99.17389978044612,137.0236727077788,104.52963550026821,146.7066757942911,167.44286419834145
2022-02-22,361.764526216812,99.16357126267587,137.56495447251237,104.80186825540841,145.21863801172404,165.3844352705523
2022-02-23,352.4151505057151,99.32879603359707,137.78868250661736,103.35752192845054,142.54485460919776,161.13251972035454
2022-02-24,362.20467965226953,100.3097925063019,138.9362016098375,103.42558877126713,144.67687748272593,166.52234764309236
2022-02-25,370.53500327116126,99.7728277575094,136.15040655599347,103.50120192959518,147.9136866268662,169.25409771563005
2022-02-28,408.13270672216726,99.86576078238956,137.08141295332018,105.76980437619375,147.55239214699253,169.95585460019302
2022-03-01,419.1067930346872,100.58860733764374,140.18476173779285,106.85117754253429,145.26923966405246,167.24993325567013
2022-03-02,415.03881562738474,100.56795030210324,138.63308734555653,103.19872621886554,147.97744932092976,169.96350666260486
2022-03-03,401.12679279477135,100.98100435105553,139.607394522077,104.24984489090785,147.199877185573,167.31766728446408
2022-03-04,369.811084669096,101.86906779888021,141.82303768841675,106.04960652426286,146.03198709657866,164.54303428172238
2022-03-07,359.64806180234064,102.52995112586359,143.90156318896362,105.2404661130625,141.72139178263427,158.57997757004293
2022-03-08,366.0283119239134,102.29244248725205,147.23585533575283,104.1817895868,140.69621416622246,158.14233753367995
2022-03-09,396.69650544009346,101.16687827916653,143.32419597324778,103.16091387034714,144.31186035525258,163.82755437671418
2022-03-10,372.64441784863703,101.7245000634995,144.20467745324464,101.67876673357964,143.69250074288234,162.27536851801517
2022-03-11,366.5735485317607,102.35440571552283,143.0932438010067,102.01905479282767,141.83002391059847,158.73878803883673
2022-03-14,374.8110062350456,102.29244248725205,141.4260977276121,99.63701530067394,140.77750295341025,155.49339629427757
2022-03-15,371.7120307682938,102.3027710050223,139.18158443850166,99.46309234393983,143.79134856697831,160.03415909627455
2022-03-16,388.7688345530597,101.59025296753836,137.7020809482298,100.4385978576541,147.009939798529,166.06456361277765
2022-03-17,386.94942295607785,101.20818447189681,140.1631069432337,99.68995489634143,148.82519171635138,168.26734374947196
2022-03-18,394.97896583320494,101.43536459273813,139.1599296439425,100.90743867089769,150.5608349799735,171.71628759588614
2022-03-21,388.14582827741293,101.71417154572926,139.1887997667132,98.57078092019125,150.4953921529224,171.0318383729929
2022-03-22,400.24822070049913,101.70384302795901,138.61864787920888,97.3079154041877,152.19660916219345,174.3732671216707
2022-03-23,405.29538724736165,101.83809012392015,139.76616698242904,99.44040724257054,150.3287460212145,172.0717343435665
2022-03-24,415.38669370949685,102.0136355342609,141.57043953154107,98.6615213256684,152.48504846360075,175.3993193768083
2022-03-25,419.0509849009839,102.03428469145071,141.00751178217286,97.29279969574732,153.2575637281031,175.12074326871968
2022-03-28,445.31232900223586,102.3234201622121,139.9826796883225,98.12461366960822,154.35258216673904,177.4146119149129
2022-03-29,448.5035060020504,101.61091000307887,137.99076455608773,98.86569877670071,156.24441191062746,180.68656862693032
2022-03-30,444.6949330680725,100.98100435105553,139.54243894832408,99.63701530067394,155.26105642808997,178.49442171891874
2022-03-31,430.29477361626186,101.517969099848,140.6755185851966,99.87900510022465,152.8308264211784,175.75377642556472
2022-04-01,437.3150824987796,101.8484107633397,138.50317619805062,100.10586765262626,153.352013557026,176.26026088463635
2022-04-04,440.5374854781662,102.22015861956169,139.23210054590697,99.41016428698107,154.59277529637876,179.6102106996592
2022-04-05,430.4583962728139,102.71582505397458,138.77742914948547,97.16424694175178,152.65236994288207,175.55170887209565
2022-04-06,408.2603050807732,102.85006427158503,138.4526600906453,96.37779163192073,151.16905959332877,171.65425037065432
2022-04-07,411.0676904309536,103.00496052473598,139.56409374288324,95.65183954133171,151.81203989887575,171.75904983109942
2022-04-08,399.57597629630726,103.05659523523651,140.12702149225146,94.6158481164385,151.40958216080915,169.45653942357038
2022-04-11,373.442304373944,103.19083445284696,140.32188821351028,93.11856796316752,148.85419871822324,165.76065362613616
2022-04-12,379.1616045945744,103.56258230906896,142.32823400216813,92.99001520917199,148.34549727653737,165.2614712140033
2022-04-13,388.98427904805055,103.13919974234642,142.9705567916369,93.1790654130552,150.0031955470546,168.62340604160502
2022-04-14,377.3505346895349,103.59355998402901,142.24163244378056,91.31124847559235,148.181536063231,165.0082289844675
2022-04-18,385.7667482073206,104.06856938290139,143.10768326735433,90.8575291401435,148.15117836621232,164.77686875674985
2022-04-19,392.1593263161003,104.2544433110124,141.14462944796574,90.17694725229306,150.5301313732221,168.32765503633644
2022-04-20,390.9463483413044,103.66584385171936,140.89925542922612,91.99183036344279,150.43703223944595,166.26874332858438
2022-04-21,382.94290093410336,103.86204629760061,140.36518899270408,91.31124847559235,148.21764245056949,162.82770500406258
2022-04-22,375.50613492686716,104.52292962458398,139.36201169341288,90.73653424036814,144.10607700807188,158.68293039712998
2022-04-25,382.29040345552744,105.07022289114671,136.63394807518566,91.6439786806202,144.9271843540745,160.72910878336072
2022-04-26,360.1717428876464,105.63817319324995,137.22575475724915,92.56654459866698,140.84801912320776,154.37514513572634
2022-04-27,370.78920341455716,106.3093771596529,136.10710577679967,91.37930377970021,141.14352486629764,154.35276828444623
2022-04-28,375.8227501192659,107.00124603994703,136.3091790163455,91.51542015727028,144.63638957210637,159.08139283950416
2022-04-29,364.82408165261467,106.31970567742313,137.79590664475344,90.32818510765789,139.3883294668312,152.4458719175103
2022-05-02,364.0634743700592,107.12515673978722,134.3677888014406,88.61161179491423,140.17939208176384,154.93475952971437
2022-05-03,356.70388746836113,106.84634978679608,134.87298511519197,89.2090111315077,140.85745751734328,155.27760572036323
2022-05-04,375.10975691903667,105.9376293034309,134.7430739676861,89.70054281547493,145.06380222660448,160.2348748658475
2022-05-05,345.5983641425359,107.13548525755748,135.24827028143744,87.24289016499314,139.89231994739538,152.23639369161077
2022-05-06,340.5505332131293,107.04255223267731,135.76789725161188,85.95734531697468,139.09853947027713,150.09788363747668
2022-05-09,286.2757944215858,107.03222371490706,134.0285802762528,86.71354613250753,134.64222556345402,143.6536884147775
2022-05-10,293.1353227284346,107.3110306678982,132.78724428643355,87.49999567298423,134.973162346309,145.0678233430871
2022-05-11,273.4195123616677,107.23874680020786,133.70381121741264,89.18632603013842,132.75107116713897,140.4525434538175
2022-05-12,274.47209731727867,108.27137798341325,131.62529452679033,89.01996092762448,132.5790304907899,140.53559367693427
2022-05-13,276.6959333329027,107.97191399488159,130.4416899725879,87.70417312401653,135.7436515680912,145.89996702612854
2022-05-16,282.17459788707896,107.58984549924004,130.88193071258632,87.61342694918503,135.2079526953616,144.14237036271743
2022-05-17,287.4938106306744,106.73275972637543,131.22113042784957,86.55474465356816,137.93504737645588,148.11867890159834
2022-05-18,271.3777356181941,107.19744060747756,131.055142639286,88.39987648966172,132.36312516595433,141.11882808060687
2022-05-19,286.44002609546993,106.07187639939204,132.88106117303263,88.61161179491423,131.59094757523866,140.75237394977253
2022-05-20,275.9176830027876,106.51590812330438,132.92437076215097,89.61736026421796,131.61017850918836,140.33364681845592
2022-05-23,274.95549098331384,105.41099307240867,133.35739617393787,88.14276521231628,134.0522106267423,142.5663231043524
2022-05-24,280.2155183152735,105.18381295156736,134.60594749196866,89.88202939578359,132.96359975410758,139.21922169111062
2022-05-25,279.3346393371677,105.39033603686816,133.24191568285505,90.23744470218074,134.22020745359703,141.32386473084776
2022-05-26,276.5458936083631,105.15283527660732,133.32852605116716,89.82909556947047,136.88894222121488,145.10465945425588
2022-05-27,270.501839509169,104.98761050568612,133.60999433081355,90.04839449829753,140.27588442529898,149.9306607278294
2022-05-31,300.40542099245835,105.07022289114671,132.98931752597935,88.14276521231628,139.3957418182465,149.31591286207896
2022-06-01,281.5713939022601,105.8963309890513,133.03262711509768,87.8856597043252,138.3526757270858,148.24153433265568
2022-06-02,287.8871804619858,105.09087204833651,134.70698851670383,87.93102990706377,140.90265638908454,152.22662946686125
2022-06-03,280.6766736211525,105.47294842232876,133.1841842472382,87.74197970318056,138.59927642272675,148.46734259080006
2022-06-06,296.42135879148816,105.78274092863064,132.73671936910367,86.1237104194886,139.03411790053218,149.06848813109602
2022-06-07,294.3879975602397,105.65882235043975,133.3357413793787,87.05383996110993,140.35819446979286,150.47570723643716
2022-06-08,285.4953294829904,105.88600247128103,133.65329511000732,86.28251189842798,138.8431757280741,149.3762241489434
2022-06-09,284.528154594436,106.58819199099474,133.42956707590236,86.56987190071726,135.53888947821656,145.2724979083558
2022-06-10,274.8127594667592,107.54853930650977,135.06784302652625,86.03296424465708,131.59331129174555,140.15319573782537
2022-06-13,212.48324971648395,108.50888662202478,131.92840879107132,83.33332756397897,126.49164512692252,133.5930850460355
2022-06-14,209.83190198881067,108.96323898535667,130.59324710472842,82.28220889193665,126.01430616766937,133.82938169887373
2022-06-15,213.2906775133269,108.59149900748537,131.01184186009223,83.81729562437165,127.8531705427225,137.17625379163314
2022-06-16,192.5861367354641,107.01156667936658,133.2058302318728,84.48275603442735,123.69641446442961,131.57692350399765
2022-06-17,193.43495925581772,108.1164817302623,132.47690588401645,84.75498878956753,123.96865366002147,133.45860668737149
2022-06-21,195.6943581926211,107.84800329504141,132.404734982052,83.31820608618423,127.00306443079401,136.80732541348897
2022-06-22,188.85736352705928,107.60016613865959,132.3830889974174,85.60949363415209,126.83776075828686,136.6068631033965
2022-06-23,199.24037083619,107.83767477727115,131.76241219258318,86.31276062337182,128.04680586952813,138.820517858755
2022-06-24,200.61783885585945,107.58984549924004,131.82015243812458,85.11796195018485,131.96033799004704,143.46051608212474
2022-06-27,195.9294573378745,107.3316877034387,131.41599714910842,84.39200985959585,131.56801046558132,142.43383621303536
2022-06-28,191.6316404804593,107.92028716273174,131.17061432044426,84.78523751451137,128.91783128433977,138.1945212198691
2022-06-29,189.96284071520782,108.53986429698483,130.8963613690094,86.10858894169387,128.82607460976442,138.1494054323367
2022-06-30,186.9458057622267,108.10616109084275,130.20352247213532,86.86478975722672,127.69765117408352,136.30604290851753
2022-07-01,182.07617699520077,108.57084197194489,129.82823730588984,87.58317822424118,129.04534843652095,137.530952230371
2022-07-05,190.77632177523017,109.97522101137224,127.15069860499251,88.27132373566619,129.24977285260886,139.9334584377144
2022-07-06,194.16029889832456,110.59479814562532,125.20929958016305,86.78916506018994,129.71160352551198,140.42299732008843
2022-07-07,204.4534853785089,110.62577582058537,125.4258122860565,86.0254063904369,131.65268422658207,143.63020116958273
2022-07-08,205.3372433476391,110.50186512074518,125.62067019739077,85.07259174744628,131.5433767510445,143.8027346588218
2022-07-11,188.7017134610363,111.54481694337011,124.85566039855217,86.53962317577341,130.02701555012496,140.55585836587673
2022-07-12,182.5915902088468,111.59645165387064,124.37211887935997,87.05383996110993,128.8250615884043,139.2226856373444
2022-07-13,190.98381213476262,111.48286159345,125.15877466283318,88.05202480683914,128.25090084777534,139.01072109463598
2022-07-14,194.36509481753933,112.0817895705133,123.0153023984579,87.3336305704703,127.86632334851163,139.05534203270642
2022-07-15,196.8823849118724,111.58612313610038,122.86374526631741,87.82516225443753,130.32151650780074,141.54237094205337
2022-07-18,212.46719380500187,110.87361297696717,123.35450211372114,86.9101599599653,129.23156317596528,140.4007532332981
2022-07-19,221.0066687397863,110.16109493948323,123.41224235926256,86.44131337736735,132.8020104932541,144.76478236037883
2022-07-20,219.5165509687528,110.57414898843551,122.6544478886355,86.66817592976895,133.58498540919803,147.04504868111755
2022-07-21,218.88249010577522,110.3986035780948,123.60710027059683,88.16545031368557,134.90231673867078,149.04673889376764
2022-07-22,214.6337452812691,110.21272964998379,124.64636302087027,89.64760898916181,133.6433453226745,146.25974672397587
2022-07-25,201.84663282621872,109.95457185418245,124.0617804769429,88.77041327385359,133.81910864662322,145.62398586034044
2022-07-26,200.69435357885345,110.68773904885619,123.96795478041925,88.83847434731582,132.27440755545922,142.9037380204187
2022-07-27,216.67066834115673,109.92358630087169,124.06899580515443,88.33937903977404,135.7342131739557,148.71068783109652
2022-07-28,225.30079458306767,109.8203247582213,126.32073323240095,89.04264602899377,137.38112235519066,150.3194796404448
2022-07-29,224.9298845727605,109.35564387711916,127.23008483516851,88.80066199879744,139.333000381489,153.13861288626623
2022-08-01,220.29577941761335,108.89095511766631,127.67032557516693,90.77434658888653,138.93965159971722,152.87029585238906
2022-08-02,217.1201415873022,109.70673469780066,127.82188270730744,88.85359582511056,138.01398068308276,152.62038480459722
2022-08-03,215.87656510533694,109.9855495291425,126.87644565355765,90.25256617997547,140.1723091681892,156.56790758819062
2022-08-04,213.839826596156,109.13879227404813,129.07765816347433,90.22231745503163,140.06334760238434,157.2157741593956
2022-08-05,220.06064336221857,110.09913958956315,127.95179385481332,88.07470990820842,139.8356401669064,156.43677248076966
2022-08-08,224.97574542337318,109.91326566145214,128.95497115410453,89.49636536444262,139.66258646919724,156.27499291520402
2022-08-09,218.87955574953884,109.8409817937618,129.47459812427897,89.14851368162002,139.06920303056458,154.4145641196966
2022-08-10,226.28118330222117,108.63279732186497,129.59006980543722,88.56624159217564,142.03007503935135,158.87461818139684
2022-08-11,226.37460286994803,108.51920726144432,129.16425972186187,86.50181082725503,141.92987652010856,157.94904450603644
2022-08-12,230.58213752165008,109.07682904577732,129.80658251133065,87.37900654256325,144.38843818131863,161.25240605464006
2022-08-15,228.0701624876697,110.02685572187278,128.56524652151143,87.30338184552646,144.96159413653353,162.25176057782969
2022-08-16,225.67312563381634,109.97522101137224,127.97343983944793,87.66636077549815,145.23349565833868,161.9366018180528
2022-08-17,220.50175646135096,110.04750487906259,127.04244225204577,86.75135848102592,144.18232539629724,159.90438784224875
2022-08-18,219.337075406496,110.98720303738783,126.68158774222337,86.87991123502145,144.5095560034446,160.24080098989205
2022-08-19,197.2719160884847,111.69971319652106,126.12586651114212,85.48094088015655,142.64538256628126,157.0259330084868
2022-08-22,202.1982019224647,112.60843367988622,125.14434400641011,85.19358664722164,139.59276211886512,153.02589583442966
2022-08-23,203.41882029651762,112.16440195597389,126.06813507552528,84.72474006462369,139.2803726864404,153.0225525831866
2022-08-24,202.1614578767626,112.22635730589398,126.14030597748976,84.10465562666093,139.68653660021465,153.6433593374714
2022-08-25,204.10686224120224,112.00950570282293,126.85479085899848,85.27676342912423,141.65494417016916,156.21084352763458
2022-08-26,191.43684720954718,112.35027588408488,125.2959011385506,85.91953873781065,136.88286409305434,150.06142168077915
2022-08-29,191.7956691485661,112.39157419846448,125.33198658953285,85.20870812501637,135.97035421815505,148.52839011710793
2022-08-30,187.05996882938564,112.31929033077412,124.36489474122388,85.42044343026886,134.47085199873231,146.86570799440167
2022-08-31,189.4501403969501,112.24700646308379,123.61432440873293,84.60374516484835,133.4196899726369,146.03839211098918
2022-09-01,190.18127493164704,113.2693170068696,122.4451505109536,82.87960822853012,133.81944632040992,145.65438892850366
2022-09-02,188.6942945226273,113.10409223594841,123.39781170283948,83.34845481112806,132.3826937736907,143.74774602104824
2022-09-06,177.99705272521416,113.8062817556621,122.71940346238846,81.28402404620745,131.84057909901387,142.68547319919455
2022-09-07,182.27419990347997,113.42420538166984,123.79475166364413,82.56956889422594,134.25866932149643,145.7380667655722
2022-09-08,182.64752752804478,113.2899661640594,123.26790055533358,81.72262190386157,135.14621604401816,146.60604479135938
2022-09-09,202.03042687501213,112.55679896938568,123.85969842747251,81.90410848417022,137.2100947002017,149.6980573417073
2022-09-12,211.37828927031416,111.86493796744223,124.71853392283477,81.23109021989433,138.6623637692169,151.60261222582324
2022-09-13,191.78350725699516,113.40355622448006,123.05138784944015,81.42014042377754,132.6670727537116,143.78123888097397
2022-09-14,191.25798066462244,113.23833933190957,122.43793518274207,81.69993680249227,133.116417732453,144.8454790311765
2022-09-15,186.15666694041687,113.32094383901945,120.19342189363162,81.64700297617914,131.60984083540166,142.7775514076174
2022-09-16,186.83107058787704,113.34160087455996,120.64809329005311,80.9664210883287,130.66460131103085,141.49269288387163
2022-09-19,184.67239942678552,113.32094383901945,120.25115332924847,81.15547129221191,131.560581642274,142.5632333125899
2022-09-20,178.49899373727175,113.81661027343235,119.78204246647934,80.34633665036594,130.07761720245338,141.20409909155293
2022-09-21,175.25431548758758,114.25031347957444,120.13568164809021,81.69237317891772,127.8511445000023,138.6722078541541
2022-09-22,183.43856722213354,114.98348067424816,120.58314652622472,79.60525731262781,126.77366862638257,136.7765481908545
2022-09-23,182.3433141431357,116.88352614808841,118.74278852613045,79.93042389408112,124.58902629375181,134.31855849627559
2022-09-26,181.63495316564442,117.82321642806292,117.15502868291188,78.40290078522067,123.30071020209694,133.51509194303003
2022-09-27,180.57548446867392,117.83354494583318,117.40040270165146,76.33847002030005,123.03926833173335,133.84359956878095
2022-09-28,183.56300976365515,116.27426965325486,119.8325673838092,78.8944324691879,125.45971403477678,136.58906059226481
2022-09-29,184.94568211325324,115.91285031480314,119.69544090809178,78.48608333647763,122.80919717974854,132.70667689516483
2022-09-30,183.6109006720414,115.7786110971927,119.97690918773817,77.47277124359934,120.95886836783976,130.70585568644793
2022-10-03,185.42313324653298,115.39653472320046,122.17812169765484,78.51633206142147,124.0897550102554,133.66970222614668
2022-10-04,192.16275895924474,113.66171402028141,124.21333760908337,78.29703313259442,127.88487893488794,138.13112014124212
2022-10-05,190.49853605151918,114.69434520348676,123.51328338399775,77.54839594063611,127.62681380239131,137.78789979612202
2022-10-06,188.55890812419892,115.9231788325734,123.53492936863235,77.11736170655657,126.31926677678675,136.85688277668
2022-10-07,184.69810734022752,116.48080061690638,122.72661879059999,76.3687187452439,122.78187031086414,131.6547959120124
2022-10-10,180.86781278807211,116.83189143758786,120.33054836934905,75.18148369563148,121.86193161265753,130.29157013078992
2022-10-11,180.0167756592382,116.91450382304846,121.15328960380447,75.51421390065933,121.06749225985793,128.85902921639502
2022-10-12,181.01862762557982,117.01776536569885,120.5470610752425,75.88475068485121,120.66908660723168,128.7466742495306
2022-10-13,183.14898870826502,116.02644037522379,120.52540628068331,75.1587985942622,123.80233696615421,131.61462861909965
2022-10-14,181.285192666324,117.0074368479286,118.48296623111867,74.53871415629942,120.87284391169221,127.56377885394797
2022-10-17,184.73503593663636,115.69599871173209,119.58718455514506,74.17573522632773,124.07356314038597,131.9439931792847
2022-10-18,182.69082312383443,115.78893173661224,119.00981733942922,74.34966395241621,125.49142242694222,133.13789595802132
2022-10-19,180.84939462754437,116.66667454501737,117.45814294719288,72.99606380028987,124.65413144701618,132.00220437331055
2022-10-20,180.03871873826373,116.56340512401626,117.69631044764549,71.74833130078979,123.66301770333068,131.19057883869212
2022-10-21,181.1605840291664,115.66502103677206,119.15415914335819,70.45522859855113,126.59690051701975,134.21709021757445
2022-10-24,182.79623848749623,115.64436400123155,118.98816254487005,69.87295650910676,128.10112193351023,135.36514096933527
2022-10-25,189.88568006474037,114.57042662529587,119.28407029086408,71.90713277972917,130.1848986352708,138.41179634216934
2022-10-26,196.2598215579217,113.27963764628915,120.09238086889641,72.94312997397675,129.22312956724386,135.59230101137572
2022-10-27,191.68078633365107,114.19867876907388,119.85421336844382,73.70689441308416,128.43711558721967,133.38841048076677
2022-10-28,194.60539829272142,114.28129115453447,118.33140909897818,73.2002412513222,131.60005653153345,137.21703662899856
2022-10-31,193.66448496972907,115.16935460235915,118.06438028567942,72.67846084241111,130.61905652955684,135.80438624907487
2022-11-01,193.56527050981208,115.1177277702093,118.7211337315713,73.17755038059853,130.08335765682725,134.60182963950336
2022-11-02,190.4870754526337,114.98348067424816,118.77164983897661,72.85994742271978,126.83101551849892,130.07775895472344
2022-11-03,190.96410211928804,116.61503983451682,117.4437122907698,72.46672553715862,125.48838336286194,127.83012855947631
2022-11-04,199.8200999711178,114.49814275760552,120.70583353559452,71.24924176260238,127.19737510517304,129.46536464129207
2022-11-07,194.67593357281862,113.71334873078195,120.99451714345244,70.53841114980808,128.42024836977683,130.56866169049266
2022-11-08,175.19640347582802,113.19703313917925,123.56379949140306,71.30973921249006,129.1391311538165,131.20739165089986
2022-11-09,150.0574321799222,114.15738045469428,123.4194576874741,71.54415961911184,126.45589288526273,127.95655656225907
2022-11-10,166.17733661956623,111.74101938925133,126.32073323240095,74.29673012610309,133.4659101016843,137.36164129738424
2022-11-11,160.95696923447446,109.75836940830119,127.45381286927349,74.0244973709629,134.69923478178367,139.94692799867912
2022-11-14,157.02530097913376,110.14044578229343,128.00230996221865,73.84301079065425,133.49559245112954,138.37594992992447
2022-11-15,159.54264643867887,109.87195946872184,128.01674942856627,75.03780946384121,134.65875510711012,140.38048854435564
2022-11-16,157.50946975813707,109.74804089053094,127.95900918302485,76.67876384890245,133.54754479860475,138.22072410235515
2022-11-17,157.68028989225007,110.17142345725348,127.07852770302802,75.86962920705648,133.13497331882928,137.74242192361746
2022-11-18,157.77723437847476,110.41925273528459,126.43620491355922,75.3478487981454,133.7685069942948,137.7560121795729
2022-11-21,149.17398794699335,111.3589430152591,125.38972683507426,75.66545175602415,133.2489917554886,136.25375783853616
2022-11-22,152.9770704974472,110.71871672381621,125.4546824088272,76.73926129879013,135.05851145488316,138.10640180714196
2022-11-23,156.95450732804719,109.54151780523016,125.93100859980785,78.07773420376736,135.8573405669098,139.47715895578557
2022-11-25,156.11482006767474,109.41759922703926,126.5372459382944,77.81306507220174,135.81888693495645,138.74846294929313
2022-11-28,153.23741617937588,110.16109493948323,125.58458474640852,78.03236400102878,133.72127384388733,136.5626163197973
2022-11-29,155.38857612670515,110.30566267486392,126.18360675668355,77.11736170655657,133.50840758313197,135.75037524072616
2022-11-30,162.2257184328323,109.40727070926901,126.01039482998387,77.6845123182062,137.64020874499337,141.73492773025345
2022-12-01,160.32237317444748,108.14746728357305,129.98700976624187,79.97579986617406,137.5207875277469,141.91352010802686
2022-12-02,161.47068458161894,107.96159335546204,129.6117245999964,80.98154256612344,137.35649687659983,141.65459314442796
2022-12-05,160.39506769781298,108.72573822509581,127.55485389400867,79.84724134282415,134.89861056296314,138.91630140339308
2022-12-06,161.478657172148,109.02520221362747,127.69198036972611,80.87567491349719,132.9561791667463,136.13486120317458
2022-12-07,159.1978872635098,108.52953577921458,128.86114545758088,82.78130419947843,132.70856544974527,135.43854766269322
2022-12-08,162.83903579637783,108.18876559795262,129.0920888198974,82.55444164707683,133.7067703429514,136.96428924892473
2022-12-09,161.89109109146057,108.23007179068294,129.77049706034842,80.4068341002536,132.72408197204126,136.00793835092986
2022-12-12,162.58356225310575,108.56051345417464,128.5002909477585,80.66393960824469,134.61928845379668,137.7273471192761
2022-12-13,168.0156092987719,107.372993896169,130.91080083535704,81.44282552514682,135.600617893614,139.12478993036865
2022-12-14,168.34001253099296,107.15613441474727,130.44890530079948,81.79068297732378,134.77986469329008,138.0628912629862
2022-12-15,164.08054531042814,107.97191399488159,128.26212344730584,81.91167210774478,131.42092470566377,133.60914954930075
2022-12-16,157.30201630874595,108.1164817302623,129.18591451642104,80.99666981327253,129.95719119979285,132.30995246065703
2022-12-19,155.3384706098386,108.1371387658028,129.0199179179329,79.63550603757164,128.78659972050494,130.34014986455608
2022-12-20,159.74760845352966,107.36266537839876,131.055142639286,78.22141420491201,128.92019500084666,130.35349873053008
2022-12-21,158.90882549162,107.55886782428001,131.055142639286,78.4180222630154,130.8369796611666,132.35889427939537
2022-12-22,159.02983538999717,107.83767477727115,128.96940181052761,78.40290078522067,128.94616293863825,129.47611856496553
2022-12-23,158.71434595690926,107.71375619908025,129.6117245999964,77.25347808412664,129.70283224300388,129.74480975331392
2022-12-27,157.96051168528936,107.57951698146981,130.97575640910998,75.72594920591183,129.17758478576985,127.95730487120154
2022-12-28,156.40519214958204,107.8686524522312,130.47777542357017,75.27979349403755,127.62478775967114,126.22775772363455
2022-12-29,157.25342410767428,107.22841828243762,131.31495612437323,76.1342983386221,129.8532865048424,129.50046274459444
2022-12-30,156.87777114420516,106.8979766189459,131.3293867807963,75.28735134825773,129.5233627433475,129.35698053962247
2023-01-03,157.60790910508592,107.93060780215129,132.77280482008592,76.72413405164103,129.0051981996881,128.37442675914156
2023-01-04,159.34067414527647,107.65180084916015,133.71825068376026,77.77525272368335,129.9777645929433,129.26155907995658
2023-01-05,159.09025729136775,108.46758042929447,132.41917444839962,78.10041930513665,128.46410478231735,127.3641855477887
2023-01-06,160.17908800577274,107.26972447516792,134.54099191821572,79.53720200851994,131.3983252697931,130.62762119346104
2023-01-09,162.4901795955202,106.36101187015343,135.1544445849138,79.96067261902495,131.29745963892293,131.44777986392364
2023-01-10,164.84995566169272,106.60884114818452,135.0750583547378,78.63732119184246,132.2136839254759,132.7699572788011
2023-01-11,169.46676841562297,106.55721431603469,135.29157106063124,79.91530241628638,133.91255369013209,135.1063347007271
2023-01-12,178.29866394515892,105.58653848274942,136.7999446736738,81.48820149723977,134.36998636786214,135.96442780677407
2023-01-13,188.1254907895356,105.53490377224885,138.4526600906453,80.72443705813235,134.90704417168456,136.92919114562235
2023-01-17,199.9551172681328,105.73110621813011,137.6443407026884,80.2026566492213,134.63311660715922,137.12632227397089
2023-01-18,195.4882150532475,105.70012854317005,137.4422674631426,82.14609251436656,132.53787546854298,135.41951406265616
2023-01-19,199.24902626433382,105.39033603686816,138.71968890394407,81.63187572903004,131.52550474818761,134.12501200915156
2023-01-20,214.27066022092566,105.3387092047183,139.03002730636115,80.30852430184754,134.01375699478893,137.68643151742089
2023-01-23,216.70735702164689,105.47294842232876,139.08054341376646,79.93042389408112,135.60602067420115,140.4546435466561
2023-01-24,213.89190680558414,105.24576830148746,139.57130907109476,81.0798523645295,135.50953656661198,140.08213052728743
2023-01-25,218.44056498353348,104.95663283072606,140.09815136948075,81.27646619198727,135.4849110880212,139.8237104826496
2023-01-26,217.636625195047,105.16315591602688,139.22488521769546,80.89836578422084,136.97630913656317,142.2838002700671
2023-01-27,218.07081764267843,105.25609681925772,139.1887997667132,80.69418833318852,137.31804324464647,143.63465481474043
2023-01-30,215.81638311988507,105.61751615770945,138.77742914948547,80.39927047667906,135.5372011092831,140.81799581622886
2023-01-31,218.6429986537026,105.43164222959847,139.25375534046614,81.04204001601111,137.52180054910698,143.1753862360398
2023-02-01,224.1658077369193,104.52292962458398,139.13106833109634,81.80580445511852,138.9592202074536,146.03987665937507
2023-02-02,221.78562036258677,105.07022289114671,138.30110295850483,81.91167210774478,141.0018336510212,150.7919763901287
2023-02-03,221.57255657171225,106.27839948469284,134.4471750316166,80.68662470961398,139.54181455680398,148.39590322579087
2023-02-06,215.06018659921952,107.00124603994703,134.68533372214466,80.08923114237486,138.68496320508757,146.91898276330699
2023-02-07,219.82419699680636,106.80504359406578,135.0822736829493,79.44645583368843,140.47018686373198,149.71635470230098
2023-02-08,216.75428826635837,106.78439443687597,135.4936531101016,79.82455624145487,138.91367542597962,147.20410053989283
2023-02-09,206.16801680887838,106.58819199099474,134.68533372214466,79.06835542592201,137.68709598566812,145.70938963577632
2023-02-10,204.58195112543635,107.01156667936658,134.43995970340507,78.18360185639361,137.98935520449197,144.82620404115795
2023-02-13,206.06466841313153,106.72243120860519,133.65329511000732,78.84149864287477,139.56914142568837,146.97261961718448
2023-02-14,209.96429866579066,106.59852050876498,133.80485224214783,78.66000629321175,139.5300042102156,147.8174966217472
2023-02-15,229.6847043451541,107.3110306678982,132.37586485928128,77.92649634840254,139.91694542598617,149.18243627183793
2023-02-16,223.2181214029914,107.24907531797811,132.93880141857406,76.82243808069272,137.98766683555849,146.52818445284373
2023-02-17,232.12027538656454,107.24907531797811,132.8233297374158,77.4198374172862,137.60579896253435,145.68083320097116
2023-02-21,230.89901108503818,107.57951698146981,132.2892633008937,75.91499940979504,134.84800891063472,142.03525307567045
2023-02-22,228.5602922544991,108.00289166984165,132.21709239892925,76.61070277544023,134.6358179974528,142.21780424913956
2023-02-23,226.27976226177964,108.0132201876119,131.2066997714265,77.3593457367529,135.35335008634567,143.2476946049822
2023-02-24,219.19901302282062,108.64312583963522,130.5427309973231,76.35359726744916,133.927057191068,140.83197229615462
2023-02-27,222.26751916789777,108.08550405530224,131.13452886946203,76.56533257270165,134.33861564948342,141.72232717322194
2023-02-28,218.71925500570723,108.29203501895373,131.99336436482426,76.91318425552424,133.93076336677566,141.5809329915895
2023-03-01,223.43616806294654,107.88930948777168,132.62846301615696,75.89987793200031,133.29790503888356,140.64090005634043
2023-03-02,221.81959614768854,108.45725191152422,132.32534875187596,75.22685966772443,134.30859562625145,141.67289050502163
2023-03-03,211.3048749991926,107.93060780215129,133.35017203580176,77.04930063309433,136.47737552685345,144.46642434331062
2023-03-06,211.93869594625144,107.75506239181054,133.3646115021494,76.45190129650086,136.57115824414902,144.3024239899157
2023-03-07,209.95451747833607,109.06650840635777,130.91080083535704,76.9207478790988,134.47794314825296,142.50527557804452
2023-03-08,205.214055750923,109.10781459908807,130.82419046704496,76.9963668067812,134.66820173719162,143.0697177716615
2023-03-09,192.4101122714224,108.74638738228562,132.02223448759497,77.18541701066442,132.18231320709714,140.1325568944117
2023-03-10,190.7491928213466,107.9925710304221,134.38221945786367,79.84724134282415,130.26855937491146,137.6673979173838
2023-03-13,228.64239886390587,106.98058900440653,137.96910976152856,80.02873369248718,130.07188498402556,138.28474072543483
2023-03-14,233.8255608265288,106.98058900440653,137.5721698007239,78.71294011952486,132.21503462062267,141.24241975110763
2023-03-15,230.32836184487962,108.06485489811244,139.04445796278424,80.23290537416513,131.2920568583358,141.3153315950036
2023-03-16,236.7237082142597,107.8273462595009,138.49596086983908,79.60525731262781,133.5978087771465,144.81582427195573
2023-03-17,259.12860692821806,107.09417906482716,142.16224621360456,80.80005598581478,132.12563342660818,143.74341307088127
2023-03-20,262.37251006493415,106.65014734091483,142.84064564413103,80.08923114237486,133.3039831670441,144.29994974260586
2023-03-21,266.2331816634109,106.62949818372502,139.86720800716424,79.40108563094986,135.03456132386574,146.5810850672778
2023-03-22,258.02787269323153,105.6898000253998,140.5023154684215,80.45976792656674,132.8114571233356,144.2309846249065
2023-03-23,267.72759946591026,105.87567395351081,143.8943478607521,80.45976792656674,133.20783673324166,145.68245051384685
2023-03-24,259.7839464876771,106.48493044834433,143.04994302181294,80.80005598581478,133.95910325702016,146.134296350618
2023-03-27,256.44470445588456,106.21644413477273,140.90647075743766,78.90199032340807,134.17972777892348,145.45305761447798
2023-03-28,257.6564643960163,105.7724124108604,142.3498887967273,79.04567032455272,133.96854988710166,144.80099085759582
2023-03-29,267.8643146294268,105.98926401393145,141.89520859038123,78.88686884561335,135.8758961532861,147.39839533595932
2023-03-30,264.88902504629914,105.47294842232876,142.9200406842316,79.24984777558504,136.65246350322883,148.4764792015978
2023-03-31,269.09309014471546,105.855024796321,142.10450596806314,80.43708282519745,138.62525259646435,151.0526292920949
2023-04-03,262.58968933656786,105.42131371182822,143.17985416931882,80.61100578193155,139.13800612359057,150.65145121242946
2023-04-04,266.160173403844,104.90499812022551,145.9439944286037,81.01179129106727,138.33142698636195,149.87133913988887
2023-04-05,266.25366679185356,105.17348443379713,145.85017754200462,81.85873828143164,137.98665381419838,148.2712011613755
2023-04-06,264.9889777090429,105.14250675883707,145.2006394243243,82.07047358668414,138.48053055305365,149.39711645183763
2023-04-10,280.1908992510009,105.92730866401135,143.5551393355643,80.74712215950164,138.6184991207304,149.352628278257
2023-04-11,285.6909532320826,105.53490377224885,144.6882277823614,80.91348726201556,138.61276690230258,148.70401339810954
2023-04-12,284.78379423334405,104.81206509534537,145.1284685223598,80.83030471075861,138.0396191830337,147.43670392601493
2023-04-13,287.2406624263066,104.30607802151295,147.32246570406494,80.1950987950011,139.87039585909812,150.36495751294936
2023-04-14,288.0592555409043,104.86369980584594,144.5005763893141,79.46158308083754,139.58095177227676,149.83598757710598
2023-04-17,278.22611706235875,105.43164222959847,143.92320917359825,78.51633206142147,140.04242829950118,150.25928904857105
2023-04-18,287.22635974653804,105.07022289114671,144.87587036548413,78.79612267078183,140.16219542648034,150.20602634916483
2023-04-19,272.34539033858596,105.29740301198802,143.9953800755627,78.72050374309943,140.15038507989198,150.2532422295358
2023-04-20,266.89623544240953,105.16315591602688,144.89030102190722,79.39352200737531,139.31613316404622,149.04611127981588
2023-04-21,257.7394199386738,105.14250675883707,142.8623004386902,78.94736629550103,139.4419619472939,149.20554936256147
2023-04-24,260.086831107498,104.65716884219442,143.5551393355643,79.71113073460843,139.56070781696695,148.76976802905563
2023-04-25,267.478382191595,105.18381295156736,143.90877851717516,80.88323853707173,137.35413316009294,145.82779142167595
2023-04-26,268.5659948713359,104.78108742038532,143.30975650690016,80.02117006891262,136.82653022229806,146.50988709225007
2023-04-27,278.4977018823249,104.81206509534537,143.61287958110572,79.22715690486139,139.50369859863733,150.0679754187754
2023-04-28,277.23602097603333,104.98761050568612,143.62731023752877,80.50513812930531,140.65505090802952,151.11034563665885
2023-05-01,265.4371221901001,105.483276940099,143.1437687183366,77.98698802893585,140.60074307999344,150.93755868793923
2023-05-02,271.00228566050237,105.28707449421776,145.37385135102397,79.93042389408112,138.97170590161537,149.30503824341477
2023-05-03,274.08049917275144,104.64684032442418,146.40588996316131,80.37658537530977,137.99913950836014,148.62306326783136
2023-05-04,272.5819105242809,104.70880355269499,147.80600722325715,79.58257221125852,137.00296065787418,147.8947414158102
2023-05-05,279.0702889049038,104.51260110681373,145.59757938512894,79.3179030796929,139.53405629565597,151.2194780472709
2023-05-08,261.68308398994935,104.67782587773493,146.23990217459772,78.2062869577629,139.59714364214616,151.48532083383824
2023-05-09,261.3476630805389,104.95663283072606,146.95438705610644,77.92649634840254,138.95786951230681,150.52909063083408
2023-05-10,260.9978656710771,104.79141593815558,146.54301643887874,78.6826971639354,139.58095177227676,152.09735306229743
2023-05-11,255.13035277790337,105.39033603686816,145.4027126638701,79.51451690715066,139.344135380504,152.3701116718332
2023-05-12,253.28025039839886,106.03057020666174,145.38828200744703,78.84905649709496,139.12351085860067,151.82915672341102
2023-05-15,256.9436557464938,105.7724124108604,145.6408801643227,78.03236400102878,139.53506108107004,152.82369551647076
2023-05-16,255.46920633045835,105.90665162847084,143.50462322815898,77.79793782505263,138.64515064204141,152.54981444352126
2023-05-17,258.89118244406035,106.23709329196254,142.94890199707774,77.5710810420054,140.29375642815586,154.4966367133885
2023-05-18,253.53744026324313,106.95993984721672,141.20236969350714,76.9963668067812,141.6188377828306,156.82349130054646
2023-05-19,254.08472538393468,106.56753495545424,142.80456019314877,76.45190129650086,141.41407569295603,156.44110543093663
2023-05-22,253.71761711818536,106.56753495545424,142.52310072342695,76.17966854136068,141.4359997812533,157.2182484067054
2023-05-23,257.2557863567199,106.86699894398588,142.3498887967273,76.39896747018773,139.84880120864156,155.23422794069722
2023-05-24,248.83759814637273,107.28005299293817,141.6570498998532,76.02086706242129,138.82530372521722,154.29382085097694
2023-05-25,250.17357916717802,107.61049465642985,140.23527784519817,75.83181685853808,140.04107760435437,156.93781359575965
2023-05-26,252.47047880758097,107.61049465642985,140.30744874716265,76.4443376729263,141.86848577849787,160.36872561055975
2023-05-30,261.759395707166,107.56918846369956,141.31062604645385,77.2081021120337,141.87084125905872,160.88458807041056
2023-05-31,257.1984464521511,107.72408471685051,141.7364361300292,77.8811203763096,141.0042056034741,159.86941043393713
2023-06-01,253.42181924550133,106.93928281167622,142.7540440857435,77.97943017471567,142.39372499978586,161.91720613304355
2023-06-02,257.48127041015476,107.41429221054861,140.90647075743766,77.12491956077673,144.46333587439722,163.64488250825434
2023-06-05,243.40706441650138,107.39364305335882,141.31062604645385,76.98124532898647,144.17389178757585,163.50473148502633
2023-06-06,257.37915850414265,107.52788227096926,141.85190781118746,77.43496466443531,144.51326217915226,164.0854916413891
2023-06-07,248.94323497088254,107.4969045960092,140.20640772242749,76.28553619398693,143.9623762219673,161.9656531023199
2023-06-08,250.4760393203736,106.71210269083493,141.71478133547004,77.17785338708987,144.85330791830205,163.61707438239165
2023-06-09,250.21296228798585,106.93928281167622,141.61374031073487,77.07198573446362,145.01960814027728,163.8719218553041
2023-06-12,244.752623618984,107.01156667936658,141.11576813511957,77.29884828686522,146.37135748815507,166.37811712917792
2023-06-13,244.90596680117335,106.71210269083493,140.34353419814488,76.53508384775782,147.38607545312527,167.75493316635584
2023-06-14,237.40296554530582,106.37134038792368,141.11576813511957,77.14760466214602,147.50684736551852,168.41194841785764
2023-06-15,241.6712542896505,105.45229926513895,141.2961953900308,77.88868399988415,149.30320602317792,170.34417866334644
2023-06-16,248.76809635023295,105.63817319324995,141.33949616922456,77.58620251980014,148.75502145628656,169.191686335927
2023-06-20,267.6663286312889,105.88600247128103,139.68678075225301,78.12310440650595,148.05065040912885,168.9163207145916
2023-06-21,283.72781354473,105.40066455463841,139.528008291901,78.31215461038916,147.27408305918615,166.87594775741465
2023-06-22,282.6410313431693,105.73110621813011,138.04128066349304,77.36690359097308,147.82058749309004,168.46299032943458
2023-06-23,290.04136704090473,106.25775032750305,138.50317619805062,78.13823165365504,146.6884578817015,166.75630281311055
2023-06-26,286.0317999322699,106.04089872443198,138.83516058510233,78.22141420491201,146.03029049169916,164.81913614250118
2023-06-27,289.9723450766024,105.8343677607805,138.1351063600167,78.01723675387969,147.70319231856374,167.5367890401224
2023-06-28,284.2848244876642,106.2680788452733,138.0124193506469,78.34996695890754,147.65089406135584,167.982708752849
2023-06-29,287.67801069102245,106.71210269083493,137.78868250661736,76.93586935689353,148.31141693191904,167.9775188682479
2023-06-30,287.97943736026053,106.2680788452733,138.6475180019796,77.84331379714557,150.13105037302245,170.40720558750218
2023-07-03,294.3970774550088,106.35068335238319,138.69081878117336,77.19298063423898,150.3068054610252,170.76376272909718
2023-07-05,288.3282381959061,106.74308824414567,138.53926164903288,76.4594649200754,150.0109538082026,170.4533110739585
2023-07-06,282.61321955167097,106.53655728049418,137.7525970556351,75.37809752308925,148.82249032605782,169.06154092742995
2023-07-07,286.7039520611084,105.60718763993921,139.01558784001352,74.9243781876404,148.3960989288658,168.8351171248329
2023-07-10,287.3862175686736,105.29740301198802,138.92898628162598,75.0226822166921,148.7529954135664,169.14113927381203
2023-07-11,289.33725072966735,105.04957373395692,139.38366648797202,75.40834624803308,149.75591950384026,170.0707924398589
2023-07-12,287.17055161283474,103.8000830693298,141.18071489894797,76.2477296148229,150.86579558909085,172.02675132052389
2023-07-13,297.417065219297,103.02560968192577,141.39722760484142,77.04930063309433,152.14365202930415,174.7409523414104
2023-07-14,286.6264961295103,103.17018529565718,141.46218317859436,76.59558129764548,151.9877949868785,174.43357840853517
2023-07-17,284.84838698068586,103.09789354961612,140.90647075743766,76.63338787680951,152.57376607409586,176.0557190838574
2023-07-18,282.11454508712177,103.2011629706172,142.69630384020206,76.98124532898647,153.65967555643698,177.39903019161054
2023-07-19,282.65655205760197,103.55225379129871,142.71795863476123,77.85087165136576,154.02199129361676,177.45316189494997
2023-07-20,281.50464191165,104.1718309255518,142.05398986065782,76.90562063194969,152.98128068301688,173.8107922564025
2023-07-21,282.60760921018755,104.36803337143303,141.76530625279992,76.92831150267334,153.0308610780392,173.43383766137524
2023-07-24,275.6925680507662,104.65716884219442,141.47662264494198,76.64851512395862,153.64821111958133,173.75592431361966
2023-07-25,276.1695024420672,104.65716884219442,141.6065249825233,76.50483512281397,154.08068064493386,174.81497457922106
2023-07-26,277.3750245683128,104.18215944332204,142.09729063985162,76.5804540504964,154.05673051391645,174.60141686263512
2023-07-27,276.0116931327759,105.09087204833651,140.4012744436863,75.09074329015432,153.06696746537773,173.64766090694079
2023-07-28,277.03744441563407,104.93598367353627,141.48383797315353,75.47640155214094,154.5789389070702,176.9419944702383
2023-07-31,276.19521035550923,105.18381295156736,142.21276232100985,75.65789390180397,154.80597099497476,177.30485189034908
2023-08-01,280.4058823692251,105.63817319324995,140.0620659184985,74.21354757484613,154.3933995151993,176.53723174934836
2023-08-02,275.45674915775675,105.9376293034309,139.82390722797044,73.41953441079487,152.25666568054942,172.70020522976222
2023-08-03,275.70923297958035,105.88600247128103,139.43418259537734,71.7256461994205,151.86871967936472,172.53050807280513
2023-08-04,274.7209824003219,105.34902984413786,139.9826796883225,72.99606380028987,151.0638042032315,171.9066235962569
2023-08-07,275.7271713082707,105.38001539744862,139.54243894832408,72.2776753332754,152.42701798796497,172.95913219336109
2023-08-08,281.25402205196394,105.87567395351081,138.86403070787304,73.11705870006523,151.78403768241796,171.59863411892897
2023-08-09,279.3264452857906,105.8343677607805,138.23614738475186,73.49515910783165,150.71567076509302,169.59273165110264
2023-08-10,278.080100543225,105.86534543574055,138.1639764827874,72.28523318749559,150.75345728541902,169.7901162389317
2023-08-11,277.778895334835,106.19578709923223,138.05572012984067,72.11887385433603,150.5921974624062,168.63897569540833
2023-08-14,277.88026903802023,106.55721431603469,137.88972353135253,71.96007237539665,151.45817424230944,170.41227477711257
2023-08-15,275.6305036481061,106.57786347322448,137.30514098742515,71.52147451774256,149.70869458937878,168.46842160401712
2023-08-16,271.2030030090993,106.79471507629552,136.84324545286756,70.96188176031309,148.57758623529637,166.5352016596044
2023-08-17,251.9532385419387,106.81537211183603,135.9771946292938,70.65940604958345,147.43162023459928,164.58615860190784
2023-08-18,246.142161254871,106.75340888356521,136.12153643322276,70.90894793399997,147.40969614630202,164.26297362524784
2023-08-21,246.8469050385111,106.70178205141538,136.64117221332174,69.9636969145839,148.42375523559087,166.81896765229413
2023-08-22,245.97302053218888,106.93928281167622,136.86490024742673,70.50060457064407,148.01151319365607,166.9213049349285
2023-08-23,249.75247136465097,106.73275972637543,138.45987541885685,72.24742660833157,149.64628259046196,169.58050524854235
2023-08-24,247.20816304685832,107.372993896169,138.43822062429768,71.77102217151344,147.63234671092553,166.40345100773075
2023-08-25,246.124315201534,107.47625543881941,137.9258089823348,72.00544257813523,148.62413580218444,167.96911849689354
2023-08-28,246.67691538257822,107.4555984032789,138.41657463966308,72.08106150581764,149.555209499406,169.38398966464655
2023-08-29,261.99602662328493,106.92896217225667,139.7589516542175,72.82969869777595,151.72500242136812,172.3332562494659
2023-08-30,257.93175868518694,106.52623664107463,140.32188821351028,72.75407977009354,152.30659198530444,173.26698890619923
2023-08-31,245.02638613728914,107.00124603994703,139.88163866358732,73.07924635154683,152.06336802753046,173.46053539332325
2023-09-01,243.79094834148893,107.64147233138989,139.99711915467012,71.7256461994205,152.3369496823231,173.42147849432516
2023-09-05,243.59495549098332,108.23007179068294,139.01558784001352,70.71989773011676,151.69802146221645,173.28726566464076
2023-09-06,243.34223175324095,108.28170650118349,138.43100529608614,70.89382645620523,150.64044363417378,171.45217074768615
2023-09-07,247.94350533766783,108.48822958648428,138.38770451689237,71.090440283663,150.1566971089194,169.92408767863463
2023-09-08,244.78242855811456,108.51920726144432,138.4526600906453,71.36267303880318,150.3709140648215,170.08105151407037
2023-09-11,237.76182439446606,107.98224251265185,138.80629927225618,70.84845625346667,151.38192585408407,172.01352314954062
2023-09-12,244.09916647673322,108.12681024803254,137.9402484486824,71.25680538617692,150.51967172178053,170.2303512175952
2023-09-13,247.83133541814112,108.18876559795262,137.78146717840582,71.24167813902783,150.70656180879823,170.72446444011766
2023-09-14,250.77327668856975,108.84965680328673,137.84642275215876,70.72746135369131,151.97700589759623,172.11437588378905
2023-09-15,251.4254419758737,108.75671590005587,138.83516058510233,70.29642711961176,150.1290243303023,169.4235414131066
2023-09-18,252.8011013986175,108.63279732186497,139.3980971443951,70.69721262874748,150.23731054853377,169.4471493532921
2023-09-19,257.1177424281152,108.63279732186497,139.43418259537734,70.17543798919077,149.91414849871882,169.05104046323703
2023-09-20,256.3702382457348,108.59149900748537,140.41570510010936,70.39473114866345,148.50573584224406,166.46722624082898
2023-09-21,251.03746102519762,108.79802209278617,138.51039152626217,68.58741166108828,146.07010305474532,163.4373836802027
2023-09-22,251.1502399620564,109.02520221362747,138.9578564043967,69.13944079494318,145.7347847486093,163.28696151326415
2023-09-25,248.49424155657448,109.45890541976955,138.32274894313943,67.43798895999426,146.3210852736673,164.02246471723336
2023-09-26,247.72669516744745,109.69641405838111,137.15358385528464,67.20356855337248,144.16511226912172,161.4553426120424
2023-09-27,249.00672041398414,110.15076642171297,135.0750583547378,66.85571687054988,144.19817135643396,161.81671548376724
2023-09-28,255.32649326897436,109.68608554061086,134.26674777670542,67.05988855222783,145.0479562664678,163.15682817426617
2023-09-29,254.28874619018137,109.6344508301103,133.37904215857247,67.06745217580237,144.65493692253665,163.3797880306295
2023-10-02,260.1382838445234,110.38827506032453,132.0727505950003,65.73653712504533,144.66641783128432,164.47294670060933
2023-10-03,259.1857622820802,110.49153660297493,131.68302596240719,64.32243952303132,142.6781122157528,161.40416793597566
2023-10-04,262.67637280350056,110.28501351767413,131.24278522240874,65.22988396328337,143.83519674357282,163.58605576977575
2023-10-05,259.0528488631215,109.7996756010315,131.10565874669135,64.90471738183007,143.64763130898172,163.38608830914524
2023-10-06,264.0672945696877,109.50021161249985,132.08718125142335,64.11826784135337,145.34481270470442,166.00017283522672
2023-10-09,260.63806561331273,109.54151780523016,133.48008318330767,65.62310584884453,146.2610452272034,166.6539775999753
2023-10-10,258.81763898744407,109.28336000942882,134.3100485558992,65.53236544336738,147.02277140242347,167.6254033023115
2023-10-11,253.92590104575658,109.27303149165857,135.1616687230499,66.90108707328845,147.6539413613821,168.82226310832084
2023-10-12,252.82488998470996,110.04750487906259,134.9090705661742,65.08620396213873,146.7316307107226,167.76604917500146
2023-10-13,253.82247882972706,110.1301172645232,139.10219820832563,66.25075391038186,145.99520536166673,165.70220104212882
2023-10-16,269.4803328925647,109.70673469780066,138.6475180019796,65.18450799119042,147.54193249555095,167.6889371454283
2023-10-17,268.50029481975395,109.7170632155709,138.76298968313785,64.46611952417595,147.52743723056102,167.26587706394469
2023-10-18,267.6743934971713,110.04750487906259,141.11576813511957,63.89896891252632,145.55059605188515,164.55365544090603
2023-10-19,271.37334331137487,109.7170632155709,142.06120518886937,62.59073896313856,144.31591244069295,162.9701975101106
2023-10-20,280.47407385534734,109.62413019069075,143.07881314458365,62.94615426953569,142.4996557374565,160.46907142584718
2023-10-23,312.63170230494603,108.98389602089718,142.63135707637366,63.702355085068554,142.25946260781677,160.89571614855527
2023-10-24,320.3354024543398,109.73771237276068,142.53753137985004,64.54173845185838,143.293090304842,162.39784979460126
2023-10-25,326.017017420664,110.0061986863323,143.1942848257419,63.10495574847508,141.2383206049533,158.45959638629543
2023-10-26,322.74604069527635,110.07848255402264,143.41801285984687,64.0728976386148,139.5671153829682,155.67125243260753
2023-10-27,320.4135781336941,110.03717636129234,143.51905388458206,63.800664883474624,138.8971541182695,156.25706970908163
2023-10-30,326.0126989341274,109.58282399796045,144.06755097752722,63.51330488118534,140.56531204022832,158.06732559694535
2023-10-31,327.57573268937443,110.14044578229343,143.2736710559179,63.20326554688114,141.47546643456673,158.83062485727817
2023-11-01,334.8464768808716,110.36761802478404,142.81178433128488,64.35268824797515,142.9618076122543,161.42888627007582
2023-11-02,330.13131705534585,109.58282399796045,143.3025411786886,65.81971967630228,145.65786101281054,164.30512031600847
2023-11-03,328.1855989547048,108.44692339375399,143.72835126226397,66.26587538817658,147.02613166839842,166.5803174471368
2023-11-06,331.0679857120843,108.65345435740548,143.01385757083068,65.62310584884453,147.28386736305436,167.0808637126648
2023-11-07,334.90608675913273,108.98389602089718,141.9457335077111,66.59104196962988,147.70217106125764,168.57731262464773
2023-11-08,336.9065795095196,109.03552285304701,140.84151518368472,67.72534319292916,147.85059928037597,168.70769942312623
2023-11-09,346.71319805151364,109.36597239488941,141.7580821146638,66.16757135912489,146.65539879438927,167.1138617231286
2023-11-10,352.57954827523525,109.31433768438885,139.47748337457114,66.53810814331676,148.94563419090397,170.53315081032204
2023-11-13,344.910617478982,109.10781459908807,140.40848977189785,66.38687028795194,148.821139630911,170.1578014586714
2023-11-14,335.79503060312095,107.50723311377945,141.5848789978887,67.8917082954431,151.6599055040498,174.19479543888804
2023-11-15,357.9334750067592,107.79636858454084,141.46218317859436,66.93889365245248,151.90210820451765,174.31171267640175
2023-11-16,341.62627928242995,107.77571942735105,143.17985416931882,67.77071916502211,152.08293663526683,174.43320425406392
2023-11-17,345.8019235720158,107.20776912524781,143.01385757083068,68.08832212290086,152.27791442127327,174.57917277584477
2023-11-20,354.11962392256993,106.84634978679608,142.7323892911843,68.50422910983131,153.40329055692786,176.5448958812593
2023-11-21,338.40457759572877,106.97026048663628,144.29128782155672,68.47398615424184,153.09327307695602,175.49993072107532
2023-11-22,353.69803628820546,107.3110306678982,143.72113593405243,68.71597018443818,153.7150046417792,176.31415119799433
2023-11-24,356.4187935366652,106.77406591910572,144.5005763893141,67.9068355425922,153.80675308040853,176.12863092775345
2023-11-27,352.01449092148937,106.56753495545424,145.19342409611275,69.04113676589148,153.5061904664642,176.00713935009128
2023-11-28,357.46578660586334,106.1028540743521,147.20698521298212,69.17725314346157,153.65664472830275,176.51065471239107
2023-11-29,357.7247481574919,106.12350323154189,147.7410516495042,70.04687946584086,153.51124733731865,176.2230626884954
2023-11-30,356.34759387402386,106.87732746175614,147.0915135318239,69.23774482399489,154.0921450817895,175.82422609165
2023-12-01,365.5698510583522,106.63981882314457,149.46593796844022,70.31911222098104,154.9972426052735,176.79825880578585
2023-12-04,396.66978249776463,107.02189519713683,146.08112090432112,70.03932161162068,154.1589386039874,175.32084349383996
2023-12-05,416.5178788110874,107.44527776385935,145.67696561530494,71.54415961911184,154.0712422507984,175.86983672864434
2023-12-06,413.35999475875997,107.54853930650977,146.54301643887874,72.49697426210247,153.4694087315523,174.84155161617835
2023-12-07,409.0722174597887,106.91863365448641,146.49971565968497,72.08106150581764,154.6922819961561,177.23033480307646
2023-12-08,417.3300495610923,107.40397157112906,144.21911691959227,71.49122579279872,155.32582390756764,178.02106803480072
2023-12-11,389.7128114177831,107.4969045960092,142.7540440857435,71.33998216807952,155.93539921606973,178.37355775520837
2023-12-12,391.66299564552605,107.25940383574837,142.7396134293204,71.55172324268639,156.65260186712192,179.6207232333512
2023-12-13,405.27445919722294,106.22677265254299,143.06438248816056,73.23048420691165,158.79101583475926,182.09947246633456
2023-12-14,406.5333533878435,105.28707449421776,146.52136164431957,74.89412946269657,159.21134557568274,182.44058064911698
2023-12-15,396.1941215063398,105.8963309890513,145.8646081984277,74.97731201395354,159.1992057912537,183.0877109808785
2023-12-18,402.7496578891275,105.855024796321,146.23990217459772,74.37991267736005,159.9201146180135,184.21103132904014
2023-12-19,399.4140515062567,105.5039260972888,147.11316832638303,74.78069818649577,160.85827122880974,185.4272988895578
2023-12-20,412.4699436105316,105.75176325367059,146.83170004673664,75.28735134825773,158.49618543924277,182.64303442655637
2023-12-21,414.51945302861554,105.16315591602688,147.16368443378835,74.8109469114396,160.1289287933285,184.94097049393702
2023-12-22,415.73601128712124,105.01858818064618,148.4627694790736,74.47065885219156,160.3947521869731,185.30061742729453
2023-12-26,401.775119427376,104.78108742038532,148.54214689932505,74.68239415744407,161.07349297012593,186.30913270028006
2023-12-27,410.4913754840996,104.28542098597245,150.2525937519134,76.00574558462657,161.30390179589745,186.61328407690297
2023-12-28,402.79044359530616,104.53325814235424,149.67522653619756,75.45371645077165,161.3636124045207,186.5633525592407
2023-12-29,397.79709203451466,104.63651968500463,148.84526116360604,74.77313456292121,160.90752218599138,185.527777469335
2024-01-02,424.8076750947899,105.53490377224885,148.98960296753498,74.34210032884167,159.99669244407957,182.49472442195548
2024-01-03,404.872249387061,105.80339008582045,146.8100452521775,74.65214543250023,158.71410857085252,180.34756053698652
2024-01-04,417.4559131430554,105.76208389309014,147.39463660602942,73.51784420920094,158.16997608940153,179.33521923279505
2024-01-05,417.2931025096128,105.75176325367059,147.40185193424097,72.81457721998122,158.45874482864951,179.50541123921408
2024-01-08,443.8241121034813,105.54523229001911,146.26154815923235,73.53296568699568,160.69533127280945,183.45662728952362
2024-01-09,435.9741370639644,105.91698014624109,146.24711750280926,73.0641248737521,160.4578395334633,183.62891938878124
2024-01-10,440.5856901227539,105.70012854317005,145.90790897762147,72.7238310451497,161.36698914238764,185.01240985894617
2024-01-11,438.13659151454306,105.6278446754797,145.37385135102397,73.13218017785996,161.25870292415615,185.01908429193318
2024-01-12,404.9194205476911,105.74143473590034,147.7121815267335,72.98850017671532,161.3798042743901,185.0508391439925
2024-01-16,407.7709135167706,106.73275972637543,146.21824738003858,71.70296109805122,160.77764131730333,184.69971327698002
2024-01-17,403.87515882895195,106.82569275125557,144.5294465120848,71.58952982185042,159.87456983653954,183.60309066076644
2024-01-18,389.885034137267,106.91863365448641,145.68418094351648,70.92407518114908,161.28230714544088,186.07529822525257
2024-01-19,393.2521617808405,106.66047585868507,146.2543328310208,71.1509319641963,163.26825728041158,189.2308325492182
2024-01-22,373.3049617380247,106.70178205141538,145.7707913118286,71.57440834405567,163.62652093215095,189.84039053036759
2024-01-23,376.50045722437585,107.00124603994703,146.05225078155044,71.00725773240603,164.1045352389775,190.65177467500462
2024-01-24,378.6881213014885,106.60884114818452,145.34498122825326,70.59134497612122,164.2377763736405,191.34363457032825
2024-01-25,377.3344049577702,106.94961132944647,145.5614939341467,71.05262793514461,165.10172711082356,191.6968605301793
2024-01-26,395.12745533180833,106.84634978679608,145.55427860593514,70.91651155757452,164.99411624016545,191.01538040405785
2024-01-29,409.03047208993524,106.99091752217677,146.16050713449715,71.73320982299506,166.2409396357867,193.149557508025
2024-01-30,405.85904201573663,106.77406591910572,146.6151873408432,72.38354298590166,166.1410870262766,191.68944985774888
2024-01-31,402.3628765180449,106.63981882314457,147.83486853610327,73.09437359869594,163.46526110913814,187.41452984231924
2024-02-01,407.02281877212874,106.41264658065398,148.16686173307957,74.28916650252853,165.50754511486508,189.85707057808557
2024-02-02,408.0630203753207,107.3110306678982,146.9471717278949,72.64821211746728,167.27590155606669,193.16080628116043
2024-02-05,403.08159079018156,107.85832393446096,146.19659258547938,71.18118068914015,166.74290407363068,192.77432885136508
2024-02-06,407.10690007409715,107.57951698146981,146.83170004673664,71.8768898241397,167.12814868452176,192.91423848461162
2024-02-07,418.76271669713293,107.43494924608912,146.88221615414196,71.52903237196274,168.50552829640444,194.73894156286497
2024-02-08,428.0543280370356,107.54853930650977,146.6657034482485,71.11312538503228,168.6016747302069,195.19709974765092
2024-02-09,445.49370543677156,107.47625543881941,146.02338946870427,70.96944538388766,169.56984312828902,197.63124011206287
2024-02-12,472.05505516682,107.56918846369956,145.6553108207458,71.05262793514461,169.40892921500892,197.03663624026413
2024-02-13,470.0161389593001,108.38496804383388,143.82939228699917,69.83514416058836,167.09238820691596,193.49017084134547
2024-02-14,489.7102461629602,108.1371387658028,143.64174970387643,70.1905594669855,168.69309373099554,196.0058889499874
2024-02-15,490.7672049703196,107.7034355596607,144.49336106110255,70.5535383969572,169.67509851838625,196.58701119132232
2024-02-16,492.8615602101295,107.68277852412021,145.17176930155358,70.14518926424694,168.86006930054415,194.97389850130617
2024-02-20,494.0395842810781,107.47625543881941,146.3265037329853,70.20568094478024,167.8460102112553,193.183424522422
2024-02-21,489.8282109746769,107.40397157112906,145.9512185667398,69.70659140659282,168.05820112443723,192.56657656383294
2024-02-22,484.7804907756943,107.35233686062851,145.7635671736925,70.04687946584086,171.6080750485756,198.2610627821547
2024-02-23,479.36599450223446,107.3316877034387,147.12759898280612,70.98457263103674,171.66778565719883,197.70737451221117
2024-02-26,515.1819716105648,107.21809764301807,146.39867463494974,70.77283155642988,171.01772243807721,197.45314258375146
2024-02-27,539.3994535453575,107.21809764301807,146.79561459575442,70.27374201824247,171.30953847735148,198.18294898415854
2024-02-28,590.6075132438201,107.372993896169,146.72344369378993,70.71989773011676,171.02548069922523,197.10078562783363
2024-02-29,578.2632855746863,107.55886782428001,147.64001062476902,71.21899303765854,171.91978913342695,198.88272647087365
2024-03-01,590.0013010824821,107.24907531797811,150.6134482617358,71.4382919664856,173.29649339773624,201.14470750051777
2024-03-04,645.6538216298965,107.21809764301807,152.83631556621165,71.1509319641963,173.08970526514145,200.31132065907192
2024-03-05,602.8572878612695,107.18711996805801,153.97661934122027,72.16424405707461,171.32538443748817,197.0000535885759
2024-03-06,624.6429451339977,106.74308824414567,155.18909401819337,72.5877146675796,172.206185920222,198.13648141273003
2024-03-07,632.3786463759317,106.17513794204243,155.74480643935004,72.51965936347175,173.98062048958417,201.1254204410002
2024-03-08,645.3673251128297,106.09252555658185,157.231534067758,72.39110660947621,172.844784702488,198.79856585384223
2024-03-11,681.4985148281879,106.22677265254299,157.51299353747984,72.35329426095782,172.65081170189563,197.98482815688612
2024-03-12,675.4264274766474,106.31970567742313,155.91800955612516,71.74833130078979,174.58480948939112,201.02975759135285
2024-03-13,690.5657125087546,106.1441602670824,157.00057308559238,71.4004796179672,174.24881583568168,199.9437561343229
2024-03-14,674.6261417921535,106.73275972637543,156.10566094917246,70.3039907431863,173.74853153082518,199.33519992159654
2024-03-15,655.7959902667958,106.80504359406578,155.69429033194476,70.28130564181701,172.62213413786446,197.4150753836773
2024-03-18,638.2664044816294,106.95993984721672,155.93966435068432,70.06957033656451,173.71277105321937,199.02523104642074
2024-03-19,585.0135598631741,107.19744060747756,155.62211942998024,70.26617839466792,174.69410049303667,199.8080587562526
2024-03-20,641.7160262910936,106.78439443687597,155.73758230121396,70.24349329329863,176.249607145375,202.31227463227856
2024-03-21,618.8279000067361,107.39364305335882,157.50576939934376,70.39473114866345,176.82004523840428,202.7130785574728
2024-03-22,602.6452760094232,107.83767477727115,155.75203057748615,71.06775518229371,176.5721103195086,203.04653467784334
2024-03-25,661.0405522495347,107.63115169197035,156.95728111632317,70.71233987589657,176.0326887991793,202.49841044697217
2024-03-26,661.3147945996773,107.69310704189046,157.01502136186457,70.90894793399997,175.53983331763013,201.64846425279904
2024-03-27,656.2832779527421,107.75506239181054,158.0975848913318,71.6122149232197,177.0548520593489,202.68440142767693
2024-03-28,668.4687920141218,107.96159335546204,160.0317509681006,71.55172324268639,177.25253123564886,202.436481847232
2024-04-01,658.6153345027697,108.44692339375399,161.4102222435618,69.98638778530756,176.89561827905624,202.6511620272317
2024-04-02,618.40819478958,108.24040030845319,163.1784093416916,69.60072375396658,175.61506044854937,200.71843693228092
2024-04-03,623.4524454352767,107.65180084916015,165.58891041936562,69.58559650681747,175.80667796858086,201.1758468081244
2024-04-04,647.3398030659408,107.51756163154971,165.184763940274,70.08469181435926,173.6382192698735,198.3532616855683
2024-04-05,640.9976073000878,107.7034355596607,167.8478631748237,69.10919206999935,175.56546358163502,200.81816720311565
2024-04-08,676.8444412865767,107.5382107887395,168.2808885866106,69.10162844642478,175.49969131674328,200.88540638244768
2024-04-09,653.294294707178,107.54853930650977,169.1325087537613,69.74440375511122,175.75337492595884,201.53648344040587
2024-04-10,666.9846352309145,108.68443203236554,168.12934026439464,68.22443850047095,174.09127866026856,199.85218484486106
2024-04-11,662.0024305328071,108.71540970732558,169.94804346992976,67.91439339681239,175.38735301307145,203.2118868151344
2024-04-12,634.9334925390763,109.50021161249985,170.04907568474036,68.27737232678408,172.8353463083525,199.9106374288684
2024-04-15,599.3140250232303,109.6757570228406,170.74192339153905,67.2186900311672,170.75763126286043,196.32560998041362
2024-04-16,602.9580525471227,109.72739173334114,172.54619594065105,66.77253431929292,170.40646699658768,196.08127504119318
2024-04-17,579.0032231780923,109.40727070926901,171.16772466518984,67.51360788767667,169.4214149091707,193.83339118646555
2024-04-18,600.1317692045772,109.6138016729205,171.93274327395298,67.17331982842863,169.0473052972946,192.82154473173608
2024-04-19,603.2576521643646,109.6138016729205,173.09468422367163,67.41530385862498,167.56669633803486,188.87291155422804
2024-04-22,631.5489802189325,109.54151780523016,168.31697403759281,67.30187258242417,169.02976273227839,190.9653161219058
2024-04-23,627.4820732057289,109.13879227404813,167.99220497875268,67.32455768379346,171.05213222053624,193.99739153986047
2024-04-24,607.3521679632892,109.31433768438885,167.76126161643614,66.84815324697533,171.08856804571545,194.19650206605687
2024-04-25,609.2874035837901,109.04585137081726,168.1437709208177,66.3793066643774,170.3055931297715,192.94834688899005
2024-04-26,602.4237782512529,109.39695006984947,168.50462543064012,66.72715834719997,172.04426722152783,196.85558168467998
2024-04-29,603.2345095057456,109.02520221362747,169.26962641955416,67.28675110462945,172.5911010932724,197.5375566602634
2024-04-30,572.9574158471846,109.68608554061086,165.3723977134722,66.71203686940524,169.8761544325532,193.51761688223596
2024-05-01,550.4419343497771,109.21107614173846,165.98585038017026,66.96914237739632,169.29255529778874,192.87074000995491
2024-05-02,558.6570983276938,108.73606674286607,165.93533427276495,67.2565023796856,170.83793173652614,195.78107039076693
2024-05-03,594.2458196958052,108.45725191152422,165.9209036163419,67.93707849818166,172.98309917989744,199.6787823516888
2024-05-06,596.8170170515625,108.47790894706473,167.5519730486788,68.20175339910166,174.76934409584797,202.0631118934292
2024-05-07,589.0014422637728,108.84965680328673,167.09006870419665,68.61766038603211,175.00413444490053,201.85683208478386
2024-05-08,578.1646247668893,108.99422453866742,166.97460583296296,68.20175339910166,175.00311318759444,201.4885313205915
2024-05-09,595.7588402095388,108.66378287517573,168.30976751930584,68.53447783477516,175.89404488392915,202.02615508726973
2024-05-10,574.4307210488386,108.74638738228562,170.85017974448576,68.14881957278854,176.18416431832392,201.9595435218895
2024-05-13,594.3555535460034,108.65345435740548,168.59845112716377,68.32274252952266,176.1416503649842,202.54499871339138
2024-05-14,581.6120688780147,108.43660275433442,169.84699363527,68.70840656086364,176.99379075557886,204.06442795160808
2024-05-15,626.1612807080842,107.75506239181054,172.39462999858603,69.64609395670514,179.06743724373854,206.9220025519749
2024-05-16,616.3729695961938,107.8686524522312,171.76674667546484,69.57803865259729,178.69467832700923,206.3773301978384
2024-05-17,633.572910909069,107.85832393446096,174.09064619475132,69.10919206999935,178.90281715475078,206.22469931256958
2024-05-20,675.1137247592305,107.98224251265185,175.65675124341072,68.90502038832139,179.06676189616516,207.5705932931242
2024-05-21,662.7198160398556,108.07518341588269,174.77626976341386,69.26042992536418,179.51476441570574,208.03715184926452
2024-05-22,653.136688403664,108.36431888664409,172.43071544956825,69.34361247662113,179.02897537583914,207.65302797178828
2024-05-23,641.8661767460574,108.53986429698483,168.51905608706318,68.89745676474685,177.70760019687205,206.84338183501768
2024-05-24,647.5028720703729,108.1371387658028,168.338628832152,69.10162844642478,178.95173867409176,209.12685864250963
2024-05-28,645.3307102526222,108.02354870538213,169.9769047827759,68.11100722427015,178.99626219825964,210.35155071337982
2024-05-29,638.5451498690151,108.52953577921458,168.90156539144476,67.28675110462945,177.67758840958612,209.1242757697082
2024-05-30,645.9805502010219,108.1371387658028,169.08919916464296,67.93707849818166,176.61595849610308,206.8563686160195
2024-05-31,637.7261138327214,108.08550405530224,167.64578112535332,68.39836145720506,178.03380954671331,206.83090197297687
2024-06-03,650.1361153737198,107.5382107887395,169.35624559779083,69.26799354893872,178.23250998031938,207.988342795016
2024-06-04,666.7945480030229,107.50723311377945,167.83343251840063,70.0771281907847,178.50035941668418,208.33910657705624
2024-06-05,671.6612977790245,107.67245000634995,169.89752736252444,70.59134497612122,180.61516916303682,212.42813216777375
2024-06-06,668.584173115945,107.4969045960092,171.0666924503792,70.48547732349498,180.57907924759033,212.24544822981483
2024-06-07,655.2178298128748,108.31268417614352,166.36835968455185,69.19237462125632,180.3776938955827,211.75122638180076
2024-06-10,656.8212801728871,108.58117048971512,166.54878693946304,68.73109166223291,180.84322250824746,212.48534159337663
2024-06-11,636.2201062458419,108.66378287517573,166.53435628303995,69.4419222750272,181.33337659950308,214.35184134691747
2024-06-12,644.8107201814503,108.06485489811244,168.5912269890277,69.9636969145839,182.87537630037352,217.62564469229292
2024-06-13,630.7809539979681,108.63279732186497,166.00750517472943,70.99213048525694,183.30415612191044,218.35633216613232
2024-06-14,623.73857285093,108.99422453866742,168.25923379205142,71.58952982185042,183.23195981912545,218.61983346987958
2024-06-17,628.2665613497301,108.75671590005587,166.8879866547263,70.8787049784105,184.63632039015982,220.6978874031604
2024-06-18,615.5146611695163,108.69476055013578,168.18706289008693,71.52903237196274,185.1018490028246,220.76229025021038
2024-06-20,612.5657254273041,109.03552285304701,169.87587256796525,71.05262793514461,184.63429434743963,219.0240892718085
2024-06-21,605.6447417351274,109.25238233446876,167.1766702625842,71.05262793514461,184.3458715179244,218.62574752442504
2024-06-24,569.5610553716713,108.91161215320682,168.1582015772408,71.33998216807952,183.78081973359022,216.24612508732284
2024-06-25,583.9918133306512,109.05617988858751,167.1911185388564,71.46097706785488,184.5037381311782,218.97540091255067
2024-06-26,574.6055274782161,109.5105401302701,165.93533427276495,70.4401071207564,184.79385756557295,220.0569487244229
2024-06-27,582.1035274099323,109.36597239488941,167.76126161643614,70.71989773011676,184.961524954587,220.71840555158334
2024-06-28,569.9647415874867,109.32466620215911,167.99220497875268,69.40410992650881,184.20620634536812,219.16016080435003
2024-07-01,593.888123516097,109.35564387711916,167.98499846046568,67.99001809384917,184.6990618269173,220.97326509399485
2024-07-02,586.1119318491151,109.16976994900816,167.65300526348943,68.51935635698042,185.84333122273492,222.82045364901992
2024-07-03,568.5831580870581,108.83932828551647,170.30889797975215,69.4192371736579,186.78824130926503,224.79224771246783
2024-07-05,535.4025650702723,108.3023556583733,172.38019934216294,69.99394563952774,187.80600657426154,226.82482377324408
2024-07-08,535.8062512860878,108.43660275433442,169.9769047827759,70.14518926424694,187.99694874671962,227.4548999028164
2024-07-09,548.1289603428214,108.55019281475509,170.33055277431131,69.83514416058836,188.13626800954316,227.7706621375469
2024-07-10,545.608625161828,108.47790894706473,171.20381011617206,70.05444308941541,190.05677531746278,230.46693995231098
2024-07-11,541.8518740662888,107.84800329504141,174.29272824422168,70.73502497726587,188.3913023139055,225.967720366121
2024-07-12,547.0918222813605,107.48657607823895,174.22055734225722,71.03750645734988,189.43066222935857,227.38950735684247
2024-07-15,612.9578218587394,107.58984549924004,174.86287132180144,70.22080819192934,189.9660316642475,228.30558233643293
2024-07-16,615.1027070820411,107.67245000634995,177.71362194939843,71.21142941408398,191.17979597255652,228.7600231155046
2024-07-17,605.8582299926272,107.13548525755748,177.16513366637784,71.22655666123309,188.5171310971532,222.42693970126544
2024-07-18,604.4907092560484,107.56918846369956,176.9486209604844,70.68209115095273,187.04360505146806,220.8734020586703
2024-07-19,630.3440117448071,107.8066971023111,172.8853956559143,70.26617839466792,185.70806404535173,219.09020598772676
2024-07-22,638.6127692479466,107.71375619908025,172.63279749903862,70.06200671298997,187.71223209291202,222.55856965814834
2024-07-23,622.9503198725124,107.85832393446096,173.54215791173073,69.9636969145839,187.41975717795637,222.43225028085726
2024-07-24,617.7010333916821,107.79636858454084,174.17004123485188,69.20749609905104,183.08115964755422,214.337744172001
2024-07-25,621.5287626890145,107.76539090958079,169.73873728232329,69.77464671070068,182.13964277078307,212.351756377644
2024-07-26,641.7008193128623,107.72408471685051,171.76674667546484,70.31911222098104,184.15965677848007,214.528949176305
2024-07-29,631.3811128961266,107.97191399488159,171.57188876413056,70.69721262874748,184.30943569274518,214.68119383760342
2024-07-30,625.5331439227914,107.96159335546204,173.57101922457687,70.96944538388766,183.3952292129664,211.9278272922272
2024-07-31,610.587046570448,107.4969045960092,175.1226936168132,71.69539747447666,186.2916631801162,217.5139294088794
2024-08-01,617.5627680022294,107.8273462595009,175.73614628351132,72.07349788224309,183.74067773270335,212.5053769618367
2024-08-02,580.3107280248553,106.57786347322448,175.06495337127183,74.31941522747238,180.36318215870074,207.33936582989637
2024-08-05,510.16507137959957,106.04089872443198,173.33285172412428,74.7126428823879,174.95791431585315,200.21949591012955
2024-08-06,529.4680418154991,106.33003419519338,172.42350893128128,73.04143400302846,176.76944358607585,202.2806284057109
2024-08-07,519.954268334882,106.56753495545424,172.5245411460919,72.5272229870463,175.40219418779407,200.1667159906862
2024-08-08,583.0988462812571,106.57786347322448,174.81235521439612,72.08106150581764,179.44391880806754,205.9039644442213
2024-08-09,575.2559579888772,106.50557960553412,175.52685771575395,72.79189211861193,180.28222280935367,206.95796965921045
2024-08-12,560.8405915588352,106.50557960553412,177.71362194939843,73.05656125017755,180.28998107050168,207.39435446766993
2024-08-13,572.6995615997962,105.90665162847084,178.02396035181553,73.56321441193951,183.32743090535448,212.4245354570502
2024-08-14,555.0082355752861,105.91698014624109,176.05369120421537,74.0244973709629,184.0284252146452,212.48621059730985
2024-08-15,543.8851430221839,106.34036271296364,177.04244665700804,73.42709803436944,186.9974013943127,217.45336466253437
2024-08-16,556.4901777500131,105.80339008582045,180.32622269639194,73.68420931171487,187.36948496346864,217.91338155017746
2024-08-19,562.1534114659509,105.21479062652742,180.55716605870848,74.0244973709629,189.19114444729226,220.94198095239938
2024-08-20,557.6116554844318,104.75010974542526,181.24278962737102,74.61433308398185,188.81568414026935,220.20253102223347
2024-08-21,578.0441500655617,104.33705569647299,181.03348343976455,74.65970905607477,189.6162016212295,221.46379367529283
2024-08-22,570.5484754727497,104.82239361311562,178.9044418318124,73.91862971833666,187.92239696337376,217.76048513592912
2024-08-23,605.6273201484156,104.0066140329813,181.03348343976455,74.40259777872934,190.0803795387475,220.95458150943088
2024-08-26,594.1591177738017,104.14085325059175,181.70467635200407,74.21354757484613,189.4809179719543,219.0757467278381
2024-08-27,562.2543237923694,103.83106862264056,181.58198934263424,74.08499482085058,189.7831771907781,219.43479018624203
2024-08-28,557.7518032910928,104.38868252862284,180.49942581316705,73.99424864601907,188.64903800856143,216.9778988160787
2024-08-29,561.1586831568875,104.64684032442418,182.2820435677199,73.75226461582272,188.6416091852541,216.48848062869538
2024-08-30,558.6197083545181,105.01858818064618,179.9797988429926,72.96581507534604,190.5455787135716,218.92557802038007
2024-09-03,542.6655212219472,105.15283527660732,179.69832175342165,73.91862971833666,186.5153350020458,211.79040397578953
2024-09-04,547.7728512991908,104.66749735996468,179.95091991029736,74.87144436132728,186.21643604919694,211.1477272891857
2024-09-05,530.6602393807217,104.40933956416333,181.249996145658,75.29491497183228,185.65443156488902,211.6836130479975
2024-09-06,509.7615697144908,104.48162343185368,179.95814404843344,75.28735134825773,182.4499896885956,206.28475713995357
2024-09-09,538.7773700232442,104.86369980584594,180.55716605870848,75.61251792971103,184.56277339222805,208.67958714588696
2024-09-10,544.7224495784401,104.94630431295582,181.3149605293355,76.14186196219666,185.3882622615117,210.42570571568024
2024-09-11,541.835412143252,104.99793902345638,181.30052987291242,76.08136451230898,187.36543287802826,214.99425250454175
2024-09-12,549.241911834591,104.67782587773493,184.12240156781417,75.72594920591183,188.76979344906263,217.14660627411183
2024-09-13,572.3379898552477,104.40933956416333,186.2947527648847,75.93012665694415,189.79060601408543,218.55926872353461
2024-09-16,549.8607841744077,104.0479202257116,186.22978838120721,76.62583002258933,190.02910253884565,217.42408405778488
2024-09-17,569.8551553778537,104.18215944332204,185.06784743148853,76.25528746904308,190.0793747533334,217.86814506765438
2024-09-18,582.5275880237665,103.88269545479041,185.52973415612155,75.31003644962702,189.52881823398914,217.19135997667206
2024-09-19,594.7241382174063,103.89302397256066,186.7782942840769,75.06049456521049,192.74642115201777,222.63779385005918
2024-09-20,597.1101943042115,104.0066140329813,189.08053900880418,74.77313456292121,192.37229506824966,221.82628901043145
2024-09-23,598.4030458248633,104.21313711828208,189.55687400970942,74.61433308398185,192.912721373993,222.1469997397816
2024-09-24,607.5890572503976,103.64519469452955,191.33949176426228,74.5992116061871,193.39715971871277,223.3860062365516
2024-09-25,596.6393316311606,104.21313711828208,191.91685897997812,73.97912716822434,193.0371994620939,223.48106561124527
2024-09-26,615.8952047267127,103.8413892620601,192.68908410702826,74.15305012495844,193.81681411206287,224.81682121257913
2024-09-27,621.6557335752178,103.6968215266794,190.841519588647,74.53871415629942,193.57391959212958,223.94303775773813
2024-09-30,598.4002037439802,104.06856938290139,190.24972171650808,74.18329884990229,194.39400568082613,224.80298956664222
2024-10-01,574.8486545792106,104.49195194962392,192.50145033383006,74.47821670641174,192.58145515329733,221.3571234424915
2024-10-02,572.9189554799102,104.99793902345638,191.04360163811737,73.8505744142288,192.60810667460834,221.53954185147083
2024-10-03,574.1153608012453,105.31805216917782,191.7653106577622,73.15486527922926,192.28425280532792,221.45749339677704
2024-10-04,586.4753491007306,105.86534543574055,190.9497759415937,72.25499023190612,194.00909050777574,224.16871325139272
2024-10-07,588.0739642322276,105.88600247128103,190.87760503962926,71.71052472162577,192.14931506578546,221.52447911662853
2024-10-08,587.0847355342235,105.8963309890513,188.7269086371179,71.83151385204675,194.0111165504959,224.72574477257928
2024-10-09,572.4400463960476,106.2887280024631,188.07737051943755,71.42316471933648,195.39119755267217,226.0691765753231
2024-10-10,569.5335204062329,106.35068335238319,189.13107273605863,71.14337410997612,194.98671377188538,225.95091962341232
2024-10-11,590.043415553749,106.24742180973278,191.80139610874443,70.85601410768685,196.16674364530877,226.7034528905726
2024-10-14,624.0695829984506,106.67080437645534,191.0941177455227,70.90894793399997,197.67873155889328,228.67782982682198
2024-10-15,633.4711865595411,106.62949818372502,192.07563144033014,71.77102217151344,196.17450190645678,226.36543449955272
2024-10-16,638.8723213618365,106.97026048663628,192.98499185302228,72.07349788224309,197.09243103383525,227.00181090764082
2024-10-17,636.8607924791896,107.21809764301807,194.21189718641844,70.93163880472363,197.0586965989496,227.08250757843848
2024-10-18,646.488876667531,106.86699894398588,195.85017313704233,70.98457263103674,197.84132560516085,228.5154467863028
2024-10-21,636.5585722419128,107.40397157112906,196.52859018741793,69.74440375511122,197.4807064728606,229.13907780337047
2024-10-22,636.4976705087048,107.47625543881941,198.051385646959,69.81245905921908,197.38693199151106,229.63047538860164
2024-10-23,627.7175599074662,107.83767477727115,195.90068924444765,69.62340885533587,195.57268485910274,225.88417529354228
2024-10-24,644.0535455420393,107.4555984032789,197.38019273471951,70.06957033656451,195.99233925245284,227.6001201156548
2024-10-25,629.7039160737206,107.6621293669304,197.81321814650641,69.67634268164899,195.9336499011357,228.87458680069926
2024-10-28,660.558136702245,107.72408471685051,197.95755995043535,69.48729247776578,196.45315690399588,229.47499610155182
2024-10-29,687.1356530741996,107.68277852412021,199.79791795052964,69.59316013039202,196.77025729754232,231.2740032162801
2024-10-30,683.536028450337,107.38331453558855,201.24856012795536,69.79733758142434,196.1208694259941,229.9785114638516
2024-10-31,663.4630386458407,107.372993896169,197.62558437330821,69.91076308827078,192.47013810693156,223.64098647395377
2024-11-01,656.5395819741942,107.68277852412021,197.64723916786738,68.69327931371453,193.2578239839972,225.43021729443348
2024-11-04,640.7506784545354,107.28005299293817,197.4668119129562,69.75952523290594,192.71436685011963,224.6894155803715
2024-11-05,655.3782412871304,106.79471507629552,197.76992617723718,70.13006201709783,195.07813277267405,227.8927813291608
2024-11-06,714.7133604561355,108.51920726144432,192.52310512838923,68.20931125332184,200.01281513200246,234.6198856101156
2024-11-07,717.2247264727838,107.92028716273174,194.74595481301594,69.06382186726077,201.49915630969,238.15448669144615
2024-11-08,723.2779158319591,108.4262742365642,193.95929902954276,69.94101181321462,202.25615505189634,238.368527187995
2024-11-11,838.1399872475461,108.98389602089718,188.45265568568303,69.60072375396658,202.45215409520884,238.51659580261443
2024-11-12,831.0941365472224,109.47955457695934,187.64434510765068,68.55716870549881,201.8665289177242,238.30204838710455
2024-11-13,855.9294204277332,109.95457185418245,186.25866731390246,67.9068355425922,201.913407922453,237.67568966324652
2024-11-14,824.4289770446603,110.15076642171297,185.34930690121035,68.30005742815337,200.69188535299594,236.15464311215413
2024-11-15,860.4823601820777,110.17142345725348,185.16887964629916,68.11857084784471,198.0420520814871,230.87071297427698
2024-11-18,855.5370656253085,109.74804089053094,188.40936371641382,68.23955997826569,198.81794408385642,232.25112572217847
2024-11-19,872.5561103354854,109.6757570228406,189.60018359882775,68.58741166108828,199.60597587065482,234.66932227831586
2024-11-20,891.4135015451509,110.16109493948323,191.12297905836883,68.3681185016156,199.61035739393586,234.40570027957784
2024-11-21,930.7707852540295,110.46055892801488,192.8478741872294,68.3151789059481,200.67636883069991,234.48330715861303
2024-11-22,935.4285498097744,110.99752367680738,195.5759201856075,68.35299125446649,201.3723062691362,234.86928973894638
2024-11-25,879.7232477602465,110.30566267486392,188.85681978462375,70.12250416287765,201.98054735438356,235.50194874132023
2024-11-26,869.1689404851653,110.50186512074518,189.10941794149946,69.85027140773747,203.13628118705677,236.97838642384124
2024-11-27,906.7495914508731,109.54151780523016,190.52395704809382,70.33423946813015,202.36411183228716,235.57166216796205
2024-11-29,920.9135629082608,109.19041910619795,191.7580865196261,71.06019155871917,203.4989263620772,237.52057246116883
2024-12-02,905.8308980329663,109.92358630087169,190.16310253827143,70.98457263103674,203.99718462421356,239.8166498256923
2024-12-03,907.1240817448901,109.8409817937618,190.87038090149315,70.37204604729416,204.08927897257564,240.76782290858515
2024-12-04,933.2634747391606,109.80999624045104,191.52714315730955,71.12824686282703,205.32430849350055,243.90963421210552
2024-12-05,912.7122771434873,109.15944143123791,189.56409814784553,71.27192686397166,204.94039810586418,243.47880137321934
2024-12-06,944.1504162079813,109.42792774480952,190.43014897141927,71.37779451659792,205.45181740973567,245.45020921269693
2024-12-09,920.6413875260331,109.6138016729205,192.32822959720585,70.71989773011676,204.1894774918184,243.92904196661385
2024-12-10,913.4857660653697,109.87195946872184,194.68823218732368,70.38717329444327,203.5842837065974,243.3178908115869
2024-12-11,955.9835860601469,110.19207261444328,197.30081531446805,69.72171288438757,205.24670941012837,247.61456006434491
2024-12-12,945.3059250927137,110.45023041024461,193.95929902954276,68.87477166337756,204.135499101623,245.9825223997833
2024-12-13,958.6881397565592,110.49153660297493,191.6859156176616,68.17150467415783,204.13009632103586,246.27766993009828
2024-12-16,1001.8744077075758,110.34696886759423,191.35392242068534,68.37567635583578,204.9056588855645,249.33248428430525
2024-12-17,1002.9221389796007,110.45023041024461,190.84872610693398,68.5420414583497,204.11390445116643,248.531238518889
2024-12-18,945.2921206998532,111.55514546114036,190.27858302935422,67.42286748219952,198.09400442896234,239.67748850138824
2024-12-19,921.1916439131026,111.94755035290285,187.0814085483579,66.40199176574667,197.92263086424066,239.4312948593107
2024-12-20,923.6954064406351,111.13177077276852,189.71564647006144,66.78009217351311,200.0738764357725,241.901028176487
2024-12-23,894.6899409714565,111.56547397891059,188.53205072578362,66.16757135912489,201.53186948726955,244.27746426583408
2024-12-24,932.3900331545344,111.7926540997519,189.0877631469403,66.44736773783961,203.75733740430655,247.5680924929164
2024-12-26,905.1714614478188,111.65840700379076,190.44457962784236,66.40955538932123,203.67468145007996,247.43496591814852
2024-12-27,889.763396766487,111.5241677861803,188.88568109746993,65.86508987904087,201.42290792146466,243.74785464653988
2024-12-30,875.385346489338,111.65840700379076,188.08459465757366,66.39443391152649,199.26728082665178,240.8404812930006
2024-12-31,882.8121836685543,112.03015486001273,189.7517319210437,66.03901860512936,198.41346030306963,238.6652678921875
2025-01-02,915.4837120160042,112.95952450056772,191.89520418541898,66.220505185438,197.97221125926296,238.29449288068528
2025-01-03,927.016728598808,112.50516425888513,190.89203569605232,66.00876988018551,200.4658745223975,242.50761706086456
2025-01-06,964.5354443473502,111.7926540997519,190.4157006951471,65.71385202367604,201.57606357359677,245.5146120597469
2025-01-07,915.8222518323578,112.0817895705133,191.73643172506692,64.97277268593793,199.33778052455727,240.87620701025472
2025-01-08,898.0658901388099,112.64973199426582,192.2993682843597,65.05595523719488,199.64881926183523,240.7427424895128
2025-01-10,894.8336690618273,113.22801081413931,195.47488797079686,64.62492100311533,196.57190277366897,236.8217967428767
2025-01-13,893.0862691505961,113.54812395986076,192.94890640204002,64.60223590174606,196.8815908158001,235.9130117407259
2025-01-14,912.1498404097764,112.83560592237683,193.23759000989796,64.4963682491198,197.10727220855787,235.3728051012462
2025-01-15,949.6665630106864,112.64973199426582,195.7635715786548,65.6079843710498,200.71685674131948,241.1425567157831
2025-01-16,942.6026263411069,112.51549277665538,198.21015810731103,65.81971967630228,200.29280435279628,239.00514498606458
2025-01-17,987.0614083248979,112.91821830783742,198.05860978509511,65.9331509525031,202.29394157222234,242.6129113707716
2025-01-21,1002.975658684541,111.58612313610038,198.83083491214524,66.52298666552203,204.06770079401107,244.17733570152998
2025-01-22,979.4174656943305,111.69971319652106,199.74019532483734,66.17513498269943,205.32025640806015,247.29877369061626
2025-01-23,982.3192671860539,111.57580249668084,199.41542626599718,65.66091819736292,206.41122276125574,247.84677722649667
2025-01-24,990.4389077181874,110.94589684465753,200.44024954992298,65.95583605387239,205.82189140806344,246.61853672289928
2025-01-27,964.6261694747595,110.84262742365642,197.56784412776682,66.73472197077453,202.82086092649783,239.04890898970086
2025-01-28,957.4901842092879,111.38992856856986,199.68245507929592,66.68935176803595,204.6904371442483,243.89073337655822
2025-01-29,979.8912442685472,111.5241677861803,199.84845167778406,66.55323539046587,203.73271192571573,242.63912632275674
2025-01-30,989.6434941723501,111.3176447008795,203.73845624572994,66.80277727488239,204.8074864090419,243.25003608780221
2025-01-31,967.6246755367888,111.90624416017255,202.98066177510287,66.36418518658265,203.77385871201662,242.5788029663932
2025-02-03,958.1794441886366,112.54647045161543,204.52511202920314,66.66666666666666,202.2234254024248,239.66848465508028
2025-02-04,924.7904565138557,111.48286159345,205.92523809922355,66.87083834834462,203.68446575394813,242.9073105921441
2025-02-05,912.918973934981,111.09046458003822,207.24596912914336,67.97489084670006,204.48060171162723,243.38079704075196
2025-02-06,912.7096934335937,111.20405464045886,206.1200960105578,67.94464212175623,205.2257901072452,244.6125135600822
2025-02-07,912.102964530277,111.56547397891059,206.93563072672626,67.50604426410212,203.28337518292034,241.29296681322256
2025-02-10,920.6870822810098,111.85460944967198,210.3276631190569,67.30187258242417,204.64792319090859,243.6519504069111
2025-02-11,904.717097607946,111.48286159345,210.19775197155099,66.87083834834462,204.71741810339998,242.7817395237955
2025-02-12,924.923111561825,111.4622124362602,209.9451538146753,65.96339967744693,204.15979514237316,242.85700492001058
2025-02-13,912.9985521997061,110.81164974869637,211.16483500993542,67.05988855222783,206.2884248061423,246.51150440512578
2025-02-14,921.361873484954,110.04750487906259,208.11201995271716,67.41530385862498,206.27358363141965,247.51419011005936
2025-02-18,902.7528137062118,110.54317131347548,211.57622324701225,66.62129069457373,206.77792002171654,247.69327733729472
2025-02-19,913.1095040845685,110.66708201331568,210.69572414716626,66.70447324583068,207.2694248081189,247.8785441480551
2025-02-20,929.1570000544425,109.80999624045104,212.1824517755742,66.95402089960159,206.37108076036887,246.7181342292442
2025-02-21,908.2899254691972,110.08881107179289,212.00924865879912,67.76315554144756,202.84953849052897,241.3004981806437
2025-02-24,863.8099570642781,110.07848255402264,212.752594853154,67.95976936890533,201.84155752940066,238.37038589085213
2025-02-25,838.467749302629,109.77901856549099,209.62038475583515,69.13187717136863,200.89699335260326,235.15034009434487
2025-02-26,796.9947024719645,109.89260862591163,210.5080903739681,69.5402263040789,200.92432022148765,235.75432196692282
2025-02-27,800.369913436491,110.73936588100601,208.08314102002186,69.04869462011168,197.736745562637,229.19358366118115
2025-02-28,797.2402287321459,111.12144225499827,204.7344182168096,69.89564161047605,200.871692526439,232.9366732694873
2025-03-03,813.2342049970795,110.2333788071736,208.5883373337732,70.00150926310229,197.33700568675602,226.79305685168566
2025-03-04,824.1621905430682,109.19041910619795,209.98846340379362,69.13944079494318,194.92262163998112,225.98934890845865
2025-03-05,856.3016961132698,109.19041910619795,210.39983402102135,68.58741166108828,197.09781734253036,229.29629509828678
2025-03-06,850.0480108663456,107.4555984032789,210.493659717545,68.36055487804104,193.58572993871798,223.32099991454797
2025-03-07,819.6311754126784,107.22841828243762,209.6348154122582,68.14125594921398,194.65444276577563,224.8901313499445
2025-03-10,742.0485682094798,107.30071002847865,208.64607757931464,68.85208656200828,189.40401070804757,215.8938888263957
2025-03-11,782.9647148276342,106.81537211183603,210.22661328439716,68.36055487804104,187.9706266632493,215.49566777400298
2025-03-12,791.0922541300141,106.99091752217677,212.11750501174583,67.95220574533077,188.88921466630913,218.12013206928665
2025-03-13,765.9989683615496,107.21809764301807,215.37962625657053,68.54960508192426,186.2653575685379,213.85078816242844
2025-03-14,793.4237201177802,107.10450758259742,216.11576593263842,68.18662615195257,190.22645227730496,219.4257622009359
2025-03-17,794.4308502343333,106.74308824414567,216.51270589344307,68.52691998055496,191.4469700613479,220.10020580909816
2025-03-18,781.6067907278034,106.60884114818452,219.04591160033598,68.59497528466282,189.40738744591454,216.33633252338947
2025-03-19,820.6852552290135,106.80504359406578,219.10363422602833,68.95039059105997,191.45270227977576,219.3849672940714
2025-03-20,795.295507205321,107.23874680020786,219.39954197202232,68.99576079379854,191.03439858157242,218.65382117926728
2025-03-21,794.1242746003785,107.48657607823895,217.8262127852268,68.58741166108828,191.19193575698557,219.79605443247524
2025-03-24,826.7769049554634,107.6621293669304,217.45815175711743,67.88414467186855,194.5657086833885,224.79582028419327
2025-03-25,826.5197889109016,107.57951698146981,218.22315274603147,67.87658681764836,194.87201998765266,225.82496233109342
2025-03-26,821.1261099571566,107.96159335546204,218.02107069656108,67.4304253364197,192.6978455424095,221.2169724192635
2025-03-27,823.7360998714605,107.46592692104915,220.857390667735,67.23381727831631,192.06059745529035,220.04297224449715
2025-03-28,797.0525775735827,107.43494924608912,222.75548891337067,68.16394105058328,188.26985505393884,214.09773011344848
2025-03-31,780.0043738517486,107.61049465642985,225.37529617865118,68.83695931485917,189.3125917072589,213.8048033709628
2025-04-01,804.7631799194066,107.6621293669304,225.09381908908023,69.18481099768175,190.02842719127227,215.66611323990253
2025-04-02,779.4071677648972,107.19744060747756,226.60940803033435,69.13944079494318,191.306975450951,217.53432686231164
2025-04-03,785.2383057137821,105.40066455463841,223.51328338399776,69.45704375282193,182.04855320783508,204.55174604615277
2025-04-04,792.2397904242175,106.38166102734323,217.37875671701684,70.2132445683548,171.17122399994201,192.65210103425952
2025-04-07,748.6943867979807,106.62949818372502,212.99798649174267,68.09588574647542,170.77214299974236,192.84329396906443
2025-04-08,720.6933939151787,106.31970567742313,214.23209834342583,66.81034089845694,168.0909307739088,188.6986521266216
2025-04-09,780.2409678577262,106.25775032750305,220.59036185443625,67.20356855337248,184.0854344329749,211.6503736475523
2025-04-10,752.387098798298,104.16151028613226,227.7136263543607,65.35087309370435,177.71468311044666,202.53350855027455
2025-04-11,788.0919763812005,103.03593819969603,232.54907678598093,65.7062884001015,180.92991407602238,206.70040654900674
2025-04-14,798.8407262808512,102.89137046431533,231.29331013973862,66.17513498269943,182.36735020626102,208.02307881334613
2025-04-15,790.5879877790521,103.4902984413786,232.29647862910525,66.40955538932123,182.05225938354272,207.92036737624056
2025-04-16,794.0356902611669,102.62288415074374,240.08372952298225,66.78009217351311,177.9727647148353,201.54291648341146
2025-04-17,802.1796176663009,102.62288415074374,238.79185980590853,66.19025646049417,178.20890575903468,201.28695861658437
2025-04-21,826.9658110588321,101.48699142488795,245.82852274744545,65.0332701358256,174.00896861577465,196.15110916282575
2025-04-22,882.9320678076206,102.14787475187134,245.4388069247769,65.39624906579729,178.37958750429092,201.45961280081414
2025-04-23,885.3625267944557,103.09789354961612,236.453529630199,66.03145498155479,181.35159451209267,206.49759068659517
2025-04-24,887.674578047878,102.52995112586359,240.4734453456508,66.72715834719997,185.02561708649128,212.15794436154042
2025-04-25,895.0136429109922,102.71582505397458,236.89376156027288,67.2186900311672,186.3898356566388,214.83865252250118
2025-04-28,897.4538461751404,102.2408156551022,240.50953079663304,67.6421606416722,186.50925687388528,214.63091230446807
2025-04-29,890.8966119258512,102.47831641536305,239.52079296368947,68.20931125332184,187.59146018051877,215.80737465704522
2025-04-30,890.1645361825501,102.71582505397458,238.5248309926098,67.65728788882132,187.86909392075174,215.62222854127552
2025-05-01,911.7557139205676,103.52127611633865,231.6685953059841,67.06745217580237,189.05250053204213,218.88999713711482
2025-05-02,915.7028844352702,103.26311832053732,233.24913101106657,66.34150008521337,191.83659619552006,222.189774044494
2025-05-05,895.2740070479915,103.08757291019657,238.97951119895583,65.97095753166712,190.61237223576944,220.53994593829978
2025-05-06,914.6862315022521,102.47831641536305,246.20380791369092,66.19025646049417,189.14594557555097,218.62946493013933
2025-05-07,916.8580242185893,102.86039278935529,244.0386808547565,66.4700528392089,189.96804123507565,219.22888453206792
2025-05-08,975.528170281246,103.9240016475207,237.91860246404778,65.72897350147078,191.06981314944554,221.57688488160062
2025-05-09,972.9711833299037,103.61420914121882,240.71881936439036,65.82728329987685,190.93387062448897,221.58651634186035
2025-05-12,971.4792015967328,105.11152908387702,232.39030432562893,65.21475671613427,197.15044503757898,231.21949735846945
2025-05-13,984.3001606513901,104.2957495037427,233.8553771594777,64.95008758456864,198.57943108720417,234.9488760158294
2025-05-14,978.3435282219555,104.33705569647299,229.6045004618603,64.51905335048909,198.78285895382402,236.63863002495492
2025-05-15,980.2827132275796,104.1718309255518,232.4408204330342,65.08620396213873,199.60429573766734,236.21235945671805
2025-05-16,977.8698972883042,104.38868252862284,229.64781005097862,65.2601326882272,201.00257818054118,237.43318928788506
2025-05-19,997.8723887228446,103.70715004444966,233.03261830517314,65.07108248434399,201.17867917827658,237.4870916707421
2025-05-20,1009.0685633557962,103.38703689872821,236.74221323805696,64.60223590174606,200.39805974289357,236.58796226784924
2025-05-21,1036.3477415145892,102.80875807885472,238.8351693950269,63.498183403390605,197.16461086472822,233.2501181603959
2025-05-22,1055.2004082261633,103.22181212780701,237.60826406163068,63.83091360841846,197.07689803964718,233.90638510295526
2025-05-23,1013.7619831080738,102.34407719775258,242.75405289566802,63.93678126104471,195.75484751310668,231.576320029044
2025-05-27,1029.889943186065,102.76745188612443,238.099029718959,64.82909845414765,199.75980687036028,237.28562759222663
2025-05-28,1018.6237869251361,103.13919974234642,237.70208975815436,64.54930207543292,198.64689995697543,236.071701514529
2025-05-29,998.2085662901525,102.51962260809333,239.39810595431967,65.1467014120264,199.4437112622279,236.9977700393514
2025-05-30,982.682093875408,102.5712573185939,237.362872423042,65.2450054410781,199.4275193923585,236.2302705933414
2025-06-02,1000.4741845857714,101.92069463103005,243.25924920941938,64.3980642200681,200.24557943833483,237.82262374495312
2025-06-03,996.2309947375365,102.48864493313327,241.78695223743452,64.2846329438673,201.40706196132797,239.7549988244308
2025-06-04,989.6121205522127,102.0136355342609,243.46853777717678,65.32818799233506,201.4219031360506,240.51544968298253
2025-06-05,959.7907933188953,101.96200082376035,241.82303768841678,65.37355819507364,200.35892252742076,238.51275770190944
2025-06-06,986.3839595907773,102.42668958321319,239.80225243341127,64.54173845185838,202.41874909816394,241.37390487400165
2025-06-09,1042.1685446238994,102.16853178741185,240.48066948378687,64.6097995253206,202.6049638376082,242.13141077477977
2025-06-10,1041.82018670995,102.2821218478325,239.6723412859054,64.9425239609941,203.71584470827293,243.66085769722648
2025-06-11,1026.9795047212683,101.8484107633397,239.70122021860067,65.13913778845185,203.15687105209926,242.435948375373
2025-06-12,1000.9232333652914,101.11524356866597,244.00259540377425,65.918023705354,203.93342193014993,243.01200142709754
2025-06-13,1002.4531587237581,101.38372988223756,247.63279529655748,65.28281778959649,201.62971252595145,239.85225484795566
2025-06-16,1009.1221568810192,101.19785595412655,245.1212443842237,64.62492100311533,203.52355184066803,243.49055706531578
2025-06-17,988.3755569971017,102.04461320922096,244.4139836408511,65.41137054359203,201.82368552654378,241.26441037841744
2025-06-18,991.0421670682183,102.1375541124518,244.6449270031676,65.52480181979283,201.761273527627,241.57561034249858
2025-06-20,976.1720307867488,101.93102314880029,243.0788219545082,65.40380692001749,201.32170461680778,240.35379081240765
2025-06-23,997.6039781750334,101.63155916026865,243.77165204145777,65.61554222526999,203.25570240430326,242.62244627503878
2025-06-24,1002.0247796233873,101.05328821874589,239.41974312902968,66.09195243144246,205.51625545137267,246.10227596957907
2025-06-25,1014.4561152260792,100.86741429063488,240.11981497396445,66.17513498269943,205.5155801037993,246.8564506886132
2025-06-26,1010.6646316875409,100.32012102407215,240.58170169859753,66.50785941837293,207.16383998018105,249.25857067198626
2025-06-27,1011.8781633144569,100.57827881987349,236.2658782371517,66.08438880786792,208.24502202950842,250.56309040972087
2025-06-30,1012.3213802916455,100.0413061927303,237.75981238384665,66.73472197077453,209.32048833230002,251.75290162827199
2025-07-01,998.7426560353157,99.9793508428102,240.812645060914,66.65153941951758,209.08635685892878,249.69090012875742
2025-07-02,1028.6113020698285,99.9380446500799,241.62817977708247,66.22806880901257,210.07849185992038,252.04211096504335
2025-07-03,1036.0633119654374,100.35109869903218,240.4445840328046,65.76678584998918,211.83032699341192,254.61243148748852
2025-07-07,1023.324883986812,100.66089120533408,240.48787600207385,65.13913778845185,210.16485398985463,252.28173879962554
2025-07-08,1029.4707178007461,100.69186888029414,238.66917279653873,65.05595523719488,210.01439972801612,252.35516963198168
2025-07-09,1051.9241902607055,100.65056268756382,239.001165993515,65.73653712504533,211.28752873521566,254.73899225476106
2025-07-10,1095.9626395549374,100.83643661567483,239.41974312902968,65.78190732778391,211.8677676040052,254.9777752244082
2025-07-11,1110.4176105666352,101.04295970097563,242.20554699279836,64.87446865688624,211.1691287752753,254.41999539427917
2025-07-14,1132.459387310109,101.28046833958717,241.88077793395814,64.73835227931613,211.46633112324466,255.0972874042225
2025-07-15,1112.87619508117,101.83809012392015,240.31467288529873,64.2846329438673,210.62970725494603,255.5603940836281
2025-07-16,1121.9597070442082,101.60058148530862,241.95294883592265,64.37537334934444,211.30238638183033,256.21159183657704
2025-07-17,1127.1692782129585,101.9516801843408,241.0580366995027,64.3602518715497,212.43787625919376,258.12924212718644
2025-07-18,1115.0120373198438,101.69352238853946,241.98903428690488,64.45855590060141,212.4186535611901,258.2528337976872
2025-07-21,1109.6857562841824,101.04295970097563,245.51818434502835,65.0332701358256,212.7158559091595,259.2233904960902
2025-07-22,1133.8362094023048,100.56795030210324,248.2101625122733,65.42649202138676,212.85146899627537,258.21623907649985
2025-07-23,1122.1151725595246,100.38207637399223,244.9552654055847,65.06351886076945,214.51424060953906,259.7899327825458
2025-07-24,1118.4587801382838,100.55762178433298,243.28811052226555,64.95008758456864,214.66401952380417,260.25885696050426
2025-07-25,1111.5410076284033,100.83643661567483,240.61778714957973,65.3584367172789,215.51716469981295,260.8812568886666
2025-07-28,1114.2679288704667,101.87939631665046,238.82073873860384,64.9349661067739,215.5552806579796,261.74960906892505
2025-07-29,1114.245930426229,102.1375541124518,239.85276854081658,66.03145498155479,214.917357223287,260.75727899419553
2025-07-30,1113.3864408750287,103.2011629706172,237.86086221850638,65.69116692230675,214.64883243934884,261.14512027738607
2025-07-31,1093.7988194291293,103.29409599549737,237.6732108254591,65.72897350147078,213.85574378169605,261.0558784012452
2025-08-01,1070.7610594317869,101.9103739916105,241.6065249825233,66.40955538932123,210.4357342543537,255.2184168969125
2025-08-04,1087.3137814162976,102.00330701649065,243.53348454100515,66.59104196962988,213.53694678327008,260.20471318766573
2025-08-05,1078.5220810306787,102.00330701649065,244.07476630573873,66.79521942066219,212.4996129105372,258.51114521683337
2025-08-06,1086.8991328885047,101.38372988223756,243.93764863994588,66.40955538932123,214.0470153919948,261.6363971676265
2025-08-07,1110.2277447995918,101.61091000307887,245.40272147379466,66.29612411312043,213.87631717484652,262.5420682390166
2025-08-08,1102.5913318378575,101.38372988223756,248.20295599398636,66.00876988018551,215.54449156869734,265.10437461407776
2025-08-11,1121.8929735086688,101.73482070291907,241.996258425041,66.08438880786792,215.00474061052736,264.30573586046114
2025-08-12,1135.5133324044282,101.30111749677697,241.6931265409109,65.75165860284007,217.44406310184178,267.97022889080824
2025-08-13,1165.4775757050068,101.03263118320538,242.4004049041326,66.29612411312043,218.14642457817132,268.35633216613235
2025-08-14,1118.3792018735587,101.45601374992792,240.7043887079673,65.8045924291532,218.21254275279577,268.32579633347933
2025-08-15,1109.2965757539127,101.04295970097563,240.76212895350872,65.33575161590961,217.58035153653103,267.2420277337777
2025-08-18,1098.4676570272757,101.37340136446731,240.45179055109162,65.1467014120264,217.5584274482338,267.32593489132864
2025-08-19,1066.1413861419028,101.47666290711771,239.1310595211718,65.52480181979283,216.28394774588747,263.4350180583845
2025-08-20,1079.781602693702,101.42503607496786,241.29618658010622,65.6684760515831,215.75801670513403,261.67890594335927
2025-08-21,1062.2469971293137,101.83809012392015,240.8270757173371,65.34331523948417,214.894082439843,260.78226285727527
2025-08-22,1104.3427918646357,100.90872048336519,243.53348454100515,65.82728329987685,218.1575595771863,265.67931727188767
2025-08-25,1040.5645775219086,101.6418876780389,243.49019257173592,65.63823309599364,217.2268153178054,265.09534662877167
2025-08-26,1056.422872107283,101.43536459273813,244.55832544478005,65.60042074747524,218.12482992771476,266.2692261085473
2025-08-27,1050.9368439799098,101.43536459273813,245.71305987621176,65.52480181979283,218.64636297329508,266.8361546189732
2025-08-28,1063.4354298601197,101.00165350824533,247.67610488567578,65.95583605387239,219.33656819330358,268.2577002197132
2025-08-29,1024.3735749225118,100.96034731551502,250.70005863004795,65.48698947127444,217.9332124076833,265.1727362568235
2025-09-02,1050.7339120228328,101.61091000307887,256.16339238478935,64.75347375711087,216.4246177038578,262.99851255493434
2025-09-03,1055.6721936527476,101.34242368950726,259.3244814148034,65.46430436990516,217.5283991890558,265.6940420607559
2025-09-04,1046.2268884843127,101.5592752925783,257.3470057489163,65.96339967744693,219.34399701661093,268.2889602223105
2025-09-05,1045.5407289568363,100.96034731551502,260.767899454093,66.96914237739632,218.64973971116206,268.19875278624386
2025-09-08,1058.9625112921963,100.62990565202334,262.5649654849181,67.86145957049926,219.11021145297244,269.413765118858
2025-09-09,1053.851711661667,100.98100435105553,262.9402506511636,67.47580130851264,219.69921336832402,270.4122747771126
2025-09-10,1076.7637557176115,100.97067583328527,262.9619054457227,67.86145957049926,220.3546793680328,270.4934783668712
2025-09-11,1091.4302956594597,100.7228465552542,262.47834630668143,68.3151789059481,222.22458502362397,272.4339882887237
2025-09-12,1097.0433684933187,100.73317507302444,263.3804825812374,68.02026104943863,222.11730359080656,273.64554874460316
2025-09-15,1090.838183172113,100.4750172772231,265.74769168964224,68.17906829773239,223.16272516252815,276.2119346103507
2025-09-16,1104.050832646651,99.78314839692895,266.2312332088344,68.32274252952266,222.87530711842697,276.02915411639924
2025-09-17,1100.5104857097774,100.03098555331076,265.71883037679606,68.14881957278854,222.65908059169672,275.1314971923931
2025-09-18,1106.8289851648915,100.52664410937294,262.9691119640097,67.44555258356881,223.72542146630144,277.7193909054876
2025-09-19,1093.1435906000943,100.82610809790458,264.9754665625921,67.3169940602189,224.81841386221723,279.7062477037778
2025-09-22,1065.3602199106222,100.50599495218313,269.9696894545644,67.07501003002257,225.80987351563545,281.6528165141645
2025-09-23,1058.424582892334,100.4337110844928,272.84931901485663,67.54385661262052,224.56743164329524,278.98929531988273
2025-09-24,1070.8418188210346,101.06361673651611,269.3490302695793,67.28675110462945,223.92817398534794,278.0548022847079
2025-09-25,1030.4063160633857,101.7658062562298,269.69543650312954,67.28675110462945,222.80650402540098,276.6562370102016
2025-09-26,1036.6760941319335,101.3527522072775,272.46680971047505,67.22625365474175,224.12147163836687,277.88438095780646
2025-09-29,1080.9687804797027,101.10492292924643,275.7577922681459,67.7782770192423,224.7121536867059,279.20780153108836
2025-09-30,1077.7155206221573,100.96034731551502,277.19400378914855,67.5816689611389,225.63141703733916,280.0588460496771
2025-10-01,1121.1132836830416,100.89839196559494,279.1209633476304,67.52117151125123,226.3985459931464,281.23482562229134
2025-10-02,1140.3167443778934,101.04295970097563,277.114608749048,67.71778533870899,226.5385406035433,282.3334397058518
2025-10-03,1155.2959870371585,100.90872048336519,280.0808398677278,67.58922681535908,226.55338177826593,281.54812567921107
2025-10-06,1178.786191547024,101.31144601454723,284.96680640675334,67.05232492865328,227.37952952323096,283.5399309721209
2025-10-07,1147.593652562994,101.79678393118985,286.9948157998949,67.43798895999426,226.5128938676464,281.6451403127545
2025-10-08,1165.579669155948,102.07559088418098,291.80861143695597,67.49092278630738,227.8329348233587,284.79699343950307
2025-10-09,1149.9956169207162,102.78810892166493,284.8080339464013,67.43798895999426,227.205125130375,284.56525905731417
2025-10-10,1069.762123366611,102.20983798014214,286.9442820726405,68.52691998055496,221.045214025882,274.42825575944426
2025-10-13,1089.1959771636955,102.50929409032308,296.5213748592064,68.48910763203658,224.4932257696821,280.48646840181004
2025-10-14,1068.857824903826,102.2821218478325,298.69372605627694,68.70840656086364,224.14204503151734,278.3494428960618
2025-10-15,1046.789694319437,102.0136355342609,301.45063336750115,68.55716870549881,225.04444116470773,280.18330672411105
2025-10-16,1022.2494701087834,101.60058148530862,308.90590868425096,69.07137972148095,223.62792433735223,278.854189347267
2025-10-17,1006.0137324180848,101.6418876780389,302.3888550930394,68.96551206885471,224.80660351562886,280.3055466107157
2025-10-20,1044.9543744515383,101.8071045706094,312.9618922308359,69.23018696977469,227.20580047794843,284.14391284469883
2025-10-21,1024.9977254125401,102.1582032696416,295.0129924362393,69.57047502902273,227.21322930125575,283.68824097672183
2025-10-22,1017.5490374296515,102.12722559468155,291.8879888572074,69.61584523176131,226.0004697783608,281.052407213312
2025-10-23,1040.0484261054357,102.16853178741185,297.74105605446647,69.13944079494318,227.31746343404686,283.5415482849966
2025-10-24,1049.1591039324987,102.1788524268314,297.228635602579,69.16968951988703,229.11382209170625,286.79285408410124
2025-10-27,1078.313095810422,102.00330701649065,288.820725523717,69.40410992650881,231.9296426192417,292.1393283661712
2025-10-28,1067.3223630241584,101.9103739916105,286.24422784755484,69.58559650681747,232.46028462111684,294.48793219065755
2025-10-29,1039.9121538636152,102.45766725817325,287.5072186319332,68.88232951759774,232.45015440751592,296.1067416842358
2025-10-30,1023.3786989728831,102.77778040389467,288.7774335544477,68.48154400846202,230.14777922657223,291.44325621567134
2025-10-31,1035.1957760034252,103.05659523523651,287.3989622789865,68.27737232678408,230.75028809339167,293.22075548305276
2025-11-03,1006.7671422230793,103.12887910292687,288.70526265248327,67.86145957049926,231.14734305087111,294.5772947617891
2025-11-04,959.9284681460867,103.4902984413786,284.9090661612119,68.01270319521845,228.43440596098006,288.56974987652904
2025-11-05,981.6735611734841,103.46964140583812,287.26184461319366,67.27162385748034,229.26900378655853,290.43796349893813
2025-11-06,957.195493640844,102.98431136754618,287.2329656804984,67.87658681764836,226.7061915206653,284.92811647742496
2025-11-07,976.7654720391839,102.85006427158503,288.6402982688058,67.73290681650373,226.9922588696197,284.3169411833999
2025-11-10,1001.5614097090282,102.87072130712554,296.7523006016738,67.71778533870899,230.4881708754547,290.7762232799395
2025-11-11,973.222689032982,102.70549653620434,296.3914460918514,68.02782467301319,230.96651462012196,290.0486497368608
2025-11-12,960.615070595259,102.72615357174485,303.4353331715244,68.14881957278854,231.111912011106,289.28436077760404
2025-11-13,942.0412230913536,102.41636106544294,302.172342387146,67.58922681535908,227.28542560404077,282.6585920108606
2025-11-14,891.9643484944813,102.50929409032308,295.00578591795227,67.20356855337248,227.1713906954894,283.03221542414394
2025-11-17,870.1946733129528,102.83973575381478,293.61288398606797,67.36992788653204,225.0899859461817,280.65283437702317
2025-11-18,878.2735650490489,102.79843743943518,293.1076876723166,67.34724278516275,223.23154472744616,277.25133573146235
2025-11-19,864.26181101454,103.50062695914886,294.29128341659447,67.21112640759266,224.06951929089166,278.8750937196603
2025-11-20,818.5844776246108,103.42834309145852,292.7612638189173,67.47580130851264,220.58136554620464,272.8663177454948
2025-11-21,804.0215813596404,103.44899224864832,294.21911251462996,67.67997299019059,222.74814411192452,275.2767174052315
2025-11-24,834.0682080956858,103.40768605591802,295.31610670052027,68.06563702153157,226.19343799353908,282.6789894642929
2025-11-25,825.2931910939519,102.91202749985582,298.72981150725917,68.23955997826569,228.24313435068132,284.57711130540326
2025-11-26,855.3077060070333,102.85006427158503,300.6062549583357,68.5420414583497,229.81954383401074,286.9142249667727
2025-11-28,859.0957938125686,102.70549653620434,304.43850166089106,68.21687487689641,231.0501753597626,288.78045919133393
2025-12-01,815.6521883561422,102.65386970405447,305.95409060214513,67.12794385633569,229.82021918158418,287.67098255860833
2025-12-02,863.1677206049941,102.60223499355394,302.1507052124359,67.15819258127954,230.38494152807766,289.373457819756
2025-12-03,883.743869456212,102.07559088418098,303.0672545235659,67.34724278516275,231.07144057237846,289.8730143863601
2025-12-04,870.6458628806704,102.22015861956169,303.9693907981219,66.98426962454542,231.3210720961537,290.50395951986565
2025-12-05,844.624582338682,102.22015861956169,304.04878583822244,66.67422452088685,231.76905814380225,291.4060580195304
2025-12-08,856.4589333153704,102.3234201622121,302.19401480155426,66.4549255920598,230.96313788225498,291.0077162721469
2025-12-09,875.8436228041926,102.45766725817325,303.60134738986164,66.52298666552203,230.7607312729412,291.3857812610888
2025-12-10,869.5055609741694,102.0136355342609,302.85796595580854,66.78009217351311,232.3182639679997,292.3455961053175
2025-12-11,874.1392601177618,101.5592752925783,309.2884003687834,66.68935176803595,232.8013351456807,291.60044937158943
2025-12-12,852.9647978754523,101.61091000307887,310.3421025854045,66.04657645934954,230.3188233534532,286.6729798193148
2025-12-15,816.5801831296662,101.3527522072775,310.8184375863097,66.09195243144246,229.9511048356863,284.9703838631763
2025-12-16,830.0374730209935,101.3527522072775,310.65964750610857,66.4549255920598,229.40292026879493,285.6384064978321
2025-12-17,813.9720387224293,101.57993232811882,313.76299629058127,66.39443391152649,226.7436486031506,280.4705366630345
2025-12-18,807.5349100730543,101.6418876780389,313.1856290748654,66.71203686940524,228.54269217921157,284.33943872967075
2025-12-19,832.4885278666952,101.81743308837964,314.7661647799479,66.20538370764328,230.55799522578678,288.06275849849635
2025-12-22,836.1418198360636,101.49731994265821,320.770797919272,66.06170370649863,232.0419809229135,289.56082472335504
2025-12-23,825.9745523030543,101.13590060420647,323.5277052304963,66.16757135912489,233.0978621460767,291.20471463600563
2025-12-24,827.8450844457897,101.17720679693679,323.36895038999336,66.56835686826061,233.84878276012248,291.8408496541123
2025-12-26,824.9108758499714,101.21850511131636,326.8692391352707,66.34905793943355,233.77760771464358,291.5910593013112
2025-12-29,823.3679581217536,101.23916214685687,312.1463751345166,66.59860559320444,232.96124427354675,290.1234082141149
2025-12-30,835.5759873693497,101.44568523215767,315.3940657229182,66.43980411426507,232.64076714213334,289.4403228446168
2025-12-31,826.8705828941796,101.48699142488795,312.18246058549875,65.91046585113382,230.92907400952868,287.25163988283896
2026-01-02,849.8870826501113,101.63155916026865,311.3741323876173,65.81215605272774,231.3666168776277,287.1730433048799
2026-01-05,887.0959008519783,101.47666290711771,320.2150678782662,66.13732263418105,232.83674971355381,289.15285151571186
2026-01-06,885.645258477106,101.79678393118985,323.48443088107615,66.00120625661096,234.27957215248756,291.02340662094093
2026-01-07,862.7694601799554,101.90004547384027,321.10998001468613,66.38687028795194,233.47366836283229,291.4820475856898
2026-01-08,860.1149566351976,102.1582032696416,321.1388765672305,66.05414008292408,233.4915403656892,290.19348372572887
2026-01-09,855.2579511365094,102.36472635494238,324.06898699522986,66.49273794057818,235.00351180738167,292.5581641229795
2026-01-12,861.6822350566986,102.08591940195124,332.2964698191807,66.29612411312043,235.3742611532828,293.3312396775609
2026-01-13,900.6951471468922,102.36472635494238,331.2067173912756,66.40955538932123,234.9178414969128,293.0342334443888
2026-01-14,915.8848514320674,102.36472635494238,333.8842296623993,66.79521942066219,233.66493997313108,290.09127920758425
2026-01-15,902.8628059273997,102.56092880082363,333.1625206427545,66.78009217351311,234.2677782777912,290.8114420782326
2026-01-16,902.6164676441088,102.63321266851398,331.1489595258851,66.39443391152649,234.11730754406065,290.6306409821289
2026-01-20,834.4494160354265,101.85873928110996,343.50463203808357,65.52480181979283,229.2882264845622,283.696279263104
2026-01-21,844.5225627080232,101.98265785930086,348.7153500161001,66.02389135798025,231.94515914153772,287.0394339501491
2026-01-22,845.3303780613503,101.56960381034857,354.2725094673652,66.31125136026952,233.21795871089654,289.6496803755256
2026-01-23,845.7217732001001,100.78480190517428,359.13685645152975,66.49273794057818,233.29419062722988,290.4557539405708
2026-01-26,834.0358748118737,100.20653096365149,366.60654480485357,66.81034089845694,234.46208071622422,291.693143124465
2026-01-27,841.9298467398656,99.35977370855711,366.6209578414275,66.39443391152649,235.41913058718342,294.35951272052785
2026-01-28,842.7046644268362,99.59727446881797,382.62126090283226,66.24319028680729,235.39989141728773,294.8582002831987
2026-01-29,799.0221027153868,99.42172905847721,383.83371795995623,66.2583175339564,235.0956061557437,292.7283440598995
2026-01-30,794.9313517508787,100.15489625315095,340.20640772242746,65.88777498041016,234.0842484567484,289.96855654101677
2026-02-02,743.5298460016628,100.79513042294452,333.60999433081355,65.44918289211043,235.34625893682502,291.57882082925187
2026-02-03,714.6610956960008,100.61958501260379,353.9044660591049,65.6079843710498,233.36841297273506,287.4147712323007
2026-02-04,689.9628960804198,100.80545894071477,355.1096989780928,65.44161926853587,232.184676923604,283.0815313973535
2026-02-05,592.4718813929518,101.01198202601557,350.85161576218843,66.15244988133016,229.34017883203745,278.58291528611716
2026-02-06,666.6776166752636,100.81577958013432,357.33258390241775,66.19782008406872,233.8572163688439,284.6465833420636
2026-02-09,662.5709943499802,99.9793508428102,364.52800168445754,66.18269283691961,234.9542608502,287.210603585993
2026-02-10,650.0338742822131,99.9587016856204,361.1287451539909,66.94645727602703,234.17803940999002,285.5272946893721
2026-02-11,633.0068569815071,99.98967936058045,366.02195345100165,66.59104196962988,234.16657497313435,285.08236467556947
2026-02-12,625.7299487964065,100.09294090323084,355.3478840983945,67.47580130851264,230.49928940257763,279.28195653338884
2026-02-13,650.6375027336574,100.0413061927303,362.4422696656237,67.84633809270453,230.6143290965431,278.6580599873415
2026-02-17,637.7526153142022,100.3304495418424,352.4032901544248,67.95976936890533,230.85216674562196,279.0499807612185
2026-02-18,627.6525980587112,100.88806344782468,359.88020264588465,67.70265809155988,232.13710609940983,281.21592478674404
2026-02-19,632.6813833551872,101.12557208643622,359.1151840371215,67.77071916502211,231.4819860094338,280.3396550150941
2026-02-20,642.5829716908443,100.99133286882578,365.1342302130196,67.61191768608273,233.08840728004915,282.8527661119364
2026-02-23,610.5633133495677,100.88806344782468,375.6279075504137,67.86145957049926,230.6676321391651,279.6542040237779
2026-02-24,605.4920813905527,101.07393737593566,372.098722252592,67.98245447027462,232.4326118424997,282.57603663720585
2026-02-25,642.154961691887,100.88806344782468,375.7505769399344,67.99001809384917,234.32376623881476,286.1404252422469
2026-02-26,637.3704477107868,100.98100435105553,373.59267401913604,68.26224507963498,233.06648319175193,282.75773087624077
2026-02-27,622.516847172637,100.79513042294452,377.48990272521803,68.67815783591979,232.05512549275667,280.1602057028866
2026-03-02,649.8627588669694,101.59025296753836,382.10161631280874,67.76315554144756,232.1475657508514,281.1569532142766
2026-03-03,645.3064233796217,102.2821218478325,368.6056576454507,67.62703916387747,229.95515692112667,278.2875263658207
2026-03-04,687.0419751354833,101.9929784987204,369.529466334415,67.41530385862498,231.73870044678358,281.8814611045909
2026-03-05,669.3775196938673,102.56092880082363,365.5672556248065,67.1430711034848,230.43014039981892,281.1585705271523
2026-03-06,643.8214545733049,102.22015861956169,371.3986856473555,66.8935234497139,227.37076647666888,276.6930731213704
2026-03-09,646.3338540739107,102.41636106544294,367.45814735215515,67.47580130851264,229.25889004484964,280.5030277545373
2026-03-10,660.7392178556499,102.05494172699119,377.43218009952574,66.75740707214382,228.7693948292754,280.5172456244445
2026-03-11,663.3656696929907,102.46799577594348,372.9359117633196,65.89533860398471,228.57777730924397,280.75245602236623
2026-03-12,666.0924432944885,102.99463200696573,369.21188617401276,65.76678584998918,225.09706885975635,275.757493831279
2026-03-13,670.5788709741416,103.6348661767593,364.6434821755404,65.44161926853587,223.7331797274495,273.2038292175537
2026-03-16,707.3621152463799,102.96365433200567,360.42148441061823,65.94827243029783,225.99979443078743,276.52622436619436
2026-03-17,698.4931988450817,102.82941511439523,360.92668072436965,66.12975901060649,226.56349551997482,277.8282577871201
2026-03-18,673.1991957280203,103.35605134541746,352.90848646817614,65.75922222641462,223.48051737554005,273.7854583778497
2026-03-19,660.6056769642885,102.46799577594348,332.03668276386713,66.16000773555032,222.8662146340242,273.022521202489
2026-03-20,666.3676453083058,102.90169898208556,329.8498832905244,64.90471738183007,219.49242523572923,267.5464205003821
2026-03-23,670.0742355217665,102.1788524268314,317.8478763897105,65.32818799233506,222.0063159822815,271.2436701512115
