Date,BTC,Gold,TLT,DXY,SP500,NASDAQ
2019-07-01,10583.134765625,96.83999633789062,1385.5999755859375,132.24000549316406,2964.330078125,8091.16015625
2019-07-02,10801.677734375,96.7300033569336,1404.5999755859375,133.25999450683594,2973.010009765625,8109.08984375
2019-07-03,11961.26953125,96.7699966430664,1417.699951171875,134.2100067138672,2995.820068359375,8170.22998046875
2019-07-05,10978.4599609375,97.25,1396.699951171875,132.42999267578125,2990.409912109375,8161.7900390625
2019-07-08,12285.9580078125,97.37999725341797,1397.0,132.61000061035156,2975.949951171875,8098.3798828125
2019-07-09,12573.8125,97.48999786376953,1397.5,132.55999755859375,2979.6298828125,8141.72998046875
2019-07-10,12156.5126953125,97.0999984741211,1410.0999755859375,131.8300018310547,2993.070068359375,8202.5302734375
2019-07-11,11358.662109375,97.05000305175781,1404.300048828125,130.07000732421875,2999.909912109375,8196.0400390625
2019-07-12,11815.986328125,96.80999755859375,1409.9000244140625,130.22000122070312,3013.77001953125,8244.1396484375
2019-07-15,10895.08984375,96.93000030517578,1411.4000244140625,130.97000122070312,3014.300048828125,8258.1904296875
2019-07-16,9477.6416015625,97.4000015258789,1409.199951171875,130.5800018310547,3004.0400390625,8222.7998046875
2019-07-17,9693.802734375,97.22000122070312,1421.300048828125,131.99000549316406,2984.419921875,8185.2099609375
2019-07-18,10666.482421875,96.79000091552734,1426.0999755859375,132.0,2995.110107421875,8207.240234375
2019-07-19,10530.732421875,97.1500015258789,1425.0999755859375,131.69000244140625,2976.610107421875,8146.490234375
2019-07-22,10343.1064453125,97.26000213623047,1425.300048828125,131.94000244140625,2985.030029296875,8204.1396484375
2019-07-23,9900.767578125,97.70999908447266,1420.0999755859375,131.22000122070312,3005.469970703125,8251.400390625
2019-07-24,9811.92578125,97.7300033569336,1422.800048828125,131.7899932861328,3019.56005859375,8321.5
2019-07-25,9911.841796875,97.81999969482422,1413.9000244140625,131.16000366210938,3003.669921875,8238.5400390625
2019-07-26,9870.3037109375,98.01000213623047,1418.5,131.47000122070312,3025.860107421875,8330.2099609375
2019-07-29,9519.1455078125,98.04000091552734,1419.5999755859375,131.50999450683594,3020.969970703125,8293.330078125
2019-07-30,9607.423828125,98.05000305175781,1429.699951171875,131.8300018310547,3013.179931640625,8273.6103515625
2019-07-31,10085.6279296875,98.5199966430664,1426.0999755859375,132.88999938964844,2980.3798828125,8175.419921875
2019-08-01,10399.6689453125,98.38999938964844,1420.9000244140625,135.25999450683594,2953.56005859375,8111.1201171875
2019-08-02,10518.1748046875,98.0999984741211,1445.5999755859375,136.50999450683594,2932.050048828125,8004.06982421875
2019-08-05,11805.6533203125,97.5,1464.5999755859375,138.8699951171875,2844.739990234375,7726.0400390625
2019-08-06,11478.1689453125,97.62999725341797,1472.4000244140625,139.97999572753906,2881.77001953125,7833.27001953125
2019-08-07,11941.96875,97.54000091552734,1507.300048828125,140.02999877929688,2883.97998046875,7862.830078125
2019-08-08,11966.4072265625,97.62000274658203,1497.699951171875,140.3300018310547,2938.090087890625,8039.16015625
2019-08-09,11862.9365234375,97.48999786376953,1496.5999755859375,140.0500030517578,2918.64990234375,7959.14013671875
2019-08-12,11382.6162109375,97.37999725341797,1505.300048828125,142.97000122070312,2882.699951171875,7863.41015625
2019-08-13,10895.830078125,97.80999755859375,1502.199951171875,142.47999572753906,2926.320068359375,8016.35986328125
2019-08-14,10051.7041015625,97.98999786376953,1515.9000244140625,145.69000244140625,2840.60009765625,7773.93994140625
2019-08-15,10311.5458984375,98.13999938964844,1519.5999755859375,147.30999755859375,2847.60009765625,7766.6201171875
2019-08-16,10374.3388671875,98.13999938964844,1512.5,146.1300048828125,2888.679931640625,7895.990234375
2019-08-19,10916.0537109375,98.3499984741211,1500.4000244140625,144.0399932861328,2923.64990234375,8002.81005859375
2019-08-20,10763.232421875,98.19000244140625,1504.5999755859375,145.52999877929688,2900.510009765625,7948.56005859375
2019-08-21,10138.0498046875,98.30000305175781,1504.5999755859375,144.55999755859375,2924.429931640625,8020.2099609375
2019-08-22,10131.0556640625,98.16999816894531,1497.300048828125,143.60000610351562,2922.949951171875,7991.39013671875
2019-08-23,10407.96484375,97.63999938964844,1526.5999755859375,145.9600067138672,2847.110107421875,7751.77001953125
2019-08-26,10370.8203125,98.08000183105469,1526.300048828125,145.3699951171875,2878.3798828125,7853.740234375
2019-08-27,10185.5,98.0,1541.0,147.61000061035156,2869.159912109375,7826.9501953125
2019-08-28,9754.4228515625,98.20999908447266,1537.800048828125,147.8000030517578,2887.93994140625,7856.8798828125
2019-08-29,9510.2001953125,98.51000213623047,1526.5,147.24000549316406,2924.580078125,7973.39013671875
2019-08-30,9598.173828125,98.91999816894531,1519.0999755859375,147.27999877929688,2926.4599609375,7962.8798828125
2019-09-03,10623.5400390625,98.94999694824219,1545.9000244140625,147.2100067138672,2906.27001953125,7874.16015625
2019-09-04,10594.4931640625,98.44999694824219,1550.300048828125,147.42999267578125,2937.780029296875,7976.8798828125
2019-09-05,10575.533203125,98.41000366210938,1515.4000244140625,144.75999450683594,2976.0,8116.830078125
2019-09-06,10353.302734375,98.38999938964844,1506.199951171875,145.7899932861328,2978.7099609375,8103.06982421875
2019-09-09,10334.974609375,98.27999877929688,1502.199951171875,143.1999969482422,2978.429931640625,8087.43994140625
2019-09-10,10115.9755859375,98.33000183105469,1490.300048828125,140.69000244140625,2979.389892578125,8084.16015625
2019-09-11,10178.3720703125,98.6500015258789,1494.4000244140625,140.44000244140625,3000.929931640625,8169.68017578125
2019-09-12,10410.126953125,98.30999755859375,1498.699951171875,139.52000427246094,3009.570068359375,8194.4697265625
2019-09-13,10360.546875,98.26000213623047,1490.9000244140625,136.5399932861328,3007.389892578125,8176.7099609375
2019-09-16,10276.7939453125,98.6500015258789,1503.0999755859375,138.27999877929688,2997.9599609375,8153.5400390625
2019-09-17,10241.2724609375,98.26000213623047,1505.0999755859375,139.02999877929688,3005.699951171875,8186.02001953125
2019-09-18,10198.248046875,98.5999984741211,1507.5,139.6199951171875,3006.72998046875,8177.39013671875
2019-09-19,10266.4150390625,98.2699966430664,1498.4000244140625,140.0399932861328,3006.7900390625,8182.8798828125
2019-09-20,10181.6416015625,98.51000213623047,1507.300048828125,141.88999938964844,2992.070068359375,8117.669921875
2019-09-23,9729.32421875,98.5999984741211,1523.699951171875,141.86000061035156,2991.780029296875,8112.4599609375
2019-09-24,8620.56640625,98.33999633789062,1532.0999755859375,143.57000732421875,2966.60009765625,7993.6298828125
2019-09-25,8486.9931640625,99.04000091552734,1504.5999755859375,141.47000122070312,2984.8701171875,8077.3798828125
2019-09-26,8118.9677734375,99.20999908447266,1507.5,142.3800048828125,2977.6201171875,8030.66015625
2019-09-27,8251.845703125,99.11000061035156,1499.0999755859375,142.72999572753906,2961.7900390625,7939.6298828125
2019-09-30,8293.8681640625,99.37999725341797,1465.699951171875,143.0800018310547,2976.739990234375,7999.33984375
2019-10-01,8343.2763671875,99.12999725341797,1482.0,143.25999450683594,2940.25,7908.68017578125
2019-10-02,8393.0419921875,99.04000091552734,1501.0,143.61000061035156,2887.610107421875,7785.25
2019-10-03,8259.9921875,98.86000061035156,1507.0999755859375,144.9199981689453,2910.6298828125,7872.259765625
2019-10-04,8205.939453125,98.80999755859375,1506.199951171875,145.99000549316406,2952.010009765625,7982.47021484375
2019-10-07,8245.623046875,98.98999786376953,1497.699951171875,144.77999877929688,2938.7900390625,7956.2900390625
2019-10-08,8228.783203125,99.13999938964844,1497.199951171875,145.1699981689453,2893.06005859375,7823.77978515625
2019-10-09,8595.740234375,99.12000274658203,1506.0999755859375,144.35000610351562,2919.39990234375,7903.740234375
2019-10-10,8586.4736328125,98.70999908447266,1494.800048828125,142.1999969482422,2938.1298828125,7950.77978515625
2019-10-11,8321.7568359375,98.30000305175781,1482.699951171875,140.44000244140625,2970.27001953125,8057.0400390625
2019-10-14,8374.6865234375,98.44999694824219,1491.699951171875,141.4600067138672,2966.14990234375,8048.64990234375
2019-10-15,8205.369140625,98.29000091552734,1477.5999755859375,139.75,2995.679931640625,8148.7099609375
2019-10-16,8047.52685546875,98.01000213623047,1488.0,139.9199981689453,2989.68994140625,8124.18017578125
2019-10-17,8103.9111328125,97.61000061035156,1492.300048828125,139.5800018310547,2997.949951171875,8156.85009765625
2019-10-18,7973.20751953125,97.27999877929688,1488.199951171875,139.5800018310547,2986.199951171875,8089.5400390625
2019-10-21,8243.720703125,97.33000183105469,1482.4000244140625,138.52999877929688,3006.719970703125,8162.990234375
2019-10-22,8078.203125,97.52999877929688,1481.699951171875,139.33999633789062,2995.989990234375,8104.2998046875
2019-10-23,7514.671875,97.47000122070312,1489.9000244140625,139.47999572753906,3004.52001953125,8119.7900390625
2019-10-24,7493.48876953125,97.62999725341797,1498.9000244140625,139.1999969482422,3010.2900390625,8185.7998046875
2019-10-25,8660.7001953125,97.83000183105469,1499.5,138.52000427246094,3022.550048828125,8243.1201171875
2019-10-28,9256.1484375,97.76000213623047,1490.0,137.25999450683594,3039.419921875,8325.990234375
2019-10-29,9427.6875,97.69000244140625,1487.0,137.35000610351562,3036.889892578125,8276.849609375
2019-10-30,9205.7265625,97.6500015258789,1493.199951171875,139.36000061035156,3046.77001953125,8303.98046875
2019-10-31,9199.5849609375,97.3499984741211,1511.4000244140625,141.24000549316406,3037.56005859375,8292.3603515625
2019-11-01,9261.1044921875,97.23999786376953,1508.0,140.55999755859375,3066.909912109375,8386.400390625
2019-11-04,9412.6123046875,97.51000213623047,1508.0,138.7100067138672,3078.27001953125,8433.2001953125
2019-11-05,9342.52734375,97.9800033569336,1480.800048828125,137.14999389648438,3074.6201171875,8434.6796875
2019-11-06,9360.8798828125,97.94999694824219,1490.199951171875,137.97999572753906,3076.780029296875,8410.6298828125
2019-11-07,9267.5615234375,98.13999938964844,1464.199951171875,135.47999572753906,3085.179931640625,8434.51953125
2019-11-08,8804.880859375,98.3499984741211,1461.300048828125,134.91000366210938,3093.080078125,8475.3095703125
2019-11-11,8757.7880859375,98.19999694824219,1455.5,135.0,3087.010009765625,8464.2802734375
2019-11-12,8815.662109375,98.30999755859375,1452.0999755859375,135.6199951171875,3091.840087890625,8486.08984375
2019-11-13,8808.2626953125,98.37000274658203,1461.699951171875,136.5,3094.0400390625,8482.099609375
2019-11-14,8708.0947265625,98.16000366210938,1471.800048828125,137.91000366210938,3096.6298828125,8479.01953125
2019-11-15,8491.9921875,98.0,1467.300048828125,137.75999450683594,3120.4599609375,8540.830078125
2019-11-18,8309.2861328125,97.79000091552734,1470.9000244140625,138.00999450683594,3122.030029296875,8549.9404296875
2019-11-19,8206.1455078125,97.86000061035156,1473.300048828125,139.16000366210938,3120.179931640625,8570.66015625
2019-11-20,8027.26806640625,97.93000030517578,1473.300048828125,140.60000610351562,3108.4599609375,8526.73046875
2019-11-21,7642.75,97.98999786376953,1463.0999755859375,139.72000122070312,3103.5400390625,8506.2099609375
2019-11-22,7296.57763671875,98.2699966430664,1463.0999755859375,139.89999389648438,3110.2900390625,8519.8798828125
2019-11-25,7146.1337890625,98.31999969482422,1456.5999755859375,140.30999755859375,3133.639892578125,8632.490234375
2019-11-26,7218.37109375,98.25,1459.800048828125,141.1300048828125,3140.52001953125,8647.9296875
2019-11-27,7531.66357421875,98.41000366210938,1453.4000244140625,140.72000122070312,3153.6298828125,8705.1796875
2019-11-29,7761.24365234375,98.2699966430664,1465.5999755859375,140.4199981689453,3140.97998046875,8665.4697265625
2019-12-02,7321.98828125,97.86000061035156,1462.300048828125,138.30999755859375,3113.8701171875,8567.990234375
2019-12-03,7320.1455078125,97.73999786376953,1478.199951171875,141.2100067138672,3093.199951171875,8520.6396484375
2019-12-04,7252.03466796875,97.6500015258789,1474.0,139.8000030517578,3112.760009765625,8566.669921875
2019-12-05,7448.3076171875,97.41000366210938,1476.9000244140625,139.1199951171875,3117.429931640625,8570.7001953125
2019-12-06,7546.99658203125,97.69999694824219,1459.0999755859375,138.35000610351562,3145.909912109375,8656.5302734375
2019-12-09,7400.8994140625,97.63999938964844,1459.300048828125,138.64999389648438,3135.9599609375,8621.830078125
2019-12-10,7278.11962890625,97.41000366210938,1462.5999755859375,138.66000366210938,3132.52001953125,8616.1796875
2019-12-11,7217.42724609375,97.16000366210938,1469.4000244140625,139.75,3141.6298828125,8654.0498046875
2019-12-12,7243.13427734375,97.4000015258789,1466.699951171875,137.4499969482422,3168.570068359375,8717.3203125
2019-12-13,7269.6845703125,97.16999816894531,1475.5999755859375,139.0399932861328,3168.800048828125,8734.8798828125
2019-12-16,6932.48046875,97.06999969482422,1475.0,137.7899932861328,3191.449951171875,8814.23046875
2019-12-17,6640.51513671875,97.20999908447266,1474.5999755859375,137.60000610351562,3192.52001953125,8823.3603515625
2019-12-18,7276.802734375,97.41000366210938,1472.5999755859375,136.47000122070312,3191.139892578125,8827.740234375
2019-12-19,7202.84423828125,97.41999816894531,1478.199951171875,136.47000122070312,3205.3701171875,8887.2197265625
2019-12-20,7218.81640625,97.70999908447266,1474.699951171875,136.64999389648438,3221.219970703125,8924.9599609375
2019-12-23,7355.62841796875,97.66000366210938,1482.5,136.4499969482422,3224.010009765625,8945.650390625
2019-12-24,7322.5322265625,97.6500015258789,1499.0999755859375,136.83999633789062,3223.3798828125,8952.8798828125
2019-12-26,7238.966796875,97.58999633789062,1509.300048828125,137.1699981689453,3239.909912109375,9022.3896484375
2019-12-27,7290.08837890625,96.91999816894531,1513.800048828125,137.32000732421875,3240.02001953125,9006.6201171875
2019-12-30,7292.9951171875,96.73999786376953,1514.5,136.82000732421875,3221.2900390625,8945.990234375
2019-12-31,7193.59912109375,96.38999938964844,1519.5,135.47999572753906,3230.780029296875,8972.599609375
2020-01-02,6985.47021484375,96.8499984741211,1524.5,137.00999450683594,3257.85009765625,9092.1904296875
2020-01-03,7344.88427734375,96.83999633789062,1549.199951171875,139.1199951171875,3234.85009765625,9020.76953125
2020-01-06,7769.21923828125,96.66999816894531,1566.199951171875,138.3300018310547,3246.280029296875,9071.4697265625
2020-01-07,8163.6923828125,96.9800033569336,1571.800048828125,137.64999389648438,3237.179931640625,9068.580078125
2020-01-08,8079.86279296875,97.30000305175781,1557.4000244140625,136.74000549316406,3253.050048828125,9129.240234375
2020-01-09,7879.0712890625,97.44999694824219,1551.699951171875,137.22000122070312,3274.699951171875,9203.4296875
2020-01-10,8166.55419921875,97.36000061035156,1557.5,138.44000244140625,3265.35009765625,9178.8603515625
2020-01-13,8144.1943359375,97.3499984741211,1548.4000244140625,138.02000427246094,3288.1298828125,9273.9296875
2020-01-14,8827.7646484375,97.37000274658203,1542.4000244140625,138.72999572753906,3283.14990234375,9251.330078125
2020-01-15,8807.0107421875,97.2300033569336,1552.0999755859375,139.64999389648438,3289.2900390625,9258.7001953125
2020-01-16,8723.7861328125,97.31999969482422,1549.0,139.2100067138672,3316.81005859375,9357.1298828125
2020-01-17,8929.0380859375,97.61000061035156,1558.800048828125,138.02000427246094,3329.6201171875,9388.9404296875
2020-01-21,8745.89453125,97.52999877929688,1556.4000244140625,139.47000122070312,3320.7900390625,9370.8095703125
2020-01-22,8680.8759765625,97.52999877929688,1555.300048828125,139.9600067138672,3321.75,9383.76953125
2020-01-23,8406.515625,97.69000244140625,1564.5999755859375,140.94000244140625,3325.5400390625,9402.48046875
2020-01-24,8445.4345703125,97.8499984741211,1571.0999755859375,142.0800018310547,3295.469970703125,9314.91015625
2020-01-27,8909.8193359375,97.95999908447266,1576.800048828125,144.2899932861328,3243.6298828125,9139.3095703125
2020-01-28,9358.58984375,98.0199966430664,1569.199951171875,143.16000366210938,3276.239990234375,9269.6796875
2020-01-29,9316.6298828125,97.98999786376953,1569.800048828125,144.55999755859375,3273.39990234375,9275.16015625
2020-01-30,9508.9931640625,97.87000274658203,1583.5,144.5800018310547,3283.659912109375,9298.9296875
2020-01-31,9350.529296875,97.38999938964844,1582.9000244140625,145.89999389648438,3225.52001953125,9150.9404296875
2020-02-03,9293.521484375,97.80000305175781,1577.199951171875,145.5399932861328,3248.919921875,9273.400390625
2020-02-04,9180.962890625,97.95999908447266,1550.4000244140625,143.5800018310547,3297.590087890625,9467.9697265625
2020-02-05,9613.423828125,98.2699966430664,1557.800048828125,142.00999450683594,3334.68994140625,9508.6796875
2020-02-06,9729.8017578125,98.5,1565.0999755859375,142.64999389648438,3345.780029296875,9572.150390625
2020-02-07,9795.943359375,98.68000030517578,1568.5999755859375,144.42999267578125,3327.7099609375,9520.509765625
2020-02-10,9856.611328125,98.83000183105469,1574.699951171875,144.8300018310547,3352.090087890625,9628.3896484375
2020-02-11,10208.236328125,98.72000122070312,1565.5999755859375,144.10000610351562,3357.75,9638.9404296875
2020-02-12,10326.0546875,99.05000305175781,1567.4000244140625,143.3699951171875,3379.449951171875,9725.9599609375
2020-02-13,10214.3798828125,99.06999969482422,1575.0999755859375,143.9199981689453,3373.93994140625,9711.9697265625
2020-02-14,10312.1162109375,99.12000274658203,1582.699951171875,144.5500030517578,3380.159912109375,9731.1796875
2020-02-18,10141.99609375,99.45999908447266,1600.0,145.5399932861328,3370.2900390625,9732.740234375
2020-02-19,9633.38671875,99.5999984741211,1607.5,145.52999877929688,3386.14990234375,9817.1796875
2020-02-20,9608.4755859375,99.87000274658203,1616.5999755859375,146.6699981689453,3373.22998046875,9750.9697265625
2020-02-21,9686.44140625,99.26000213623047,1644.5999755859375,148.0399932861328,3337.75,9576.58984375
2020-02-24,9650.1748046875,99.29000091552734,1672.4000244140625,150.25,3225.889892578125,9221.2802734375
2020-02-25,9341.705078125,98.97000122070312,1646.9000244140625,151.0500030517578,3128.2099609375,8965.6103515625
2020-02-26,8820.5224609375,99.0,1640.0,150.25,3116.389892578125,8980.7802734375
2020-02-27,8784.494140625,98.44000244140625,1640.0,151.8800048828125,2978.760009765625,8566.48046875
2020-02-28,8672.455078125,98.12999725341797,1564.0999755859375,155.30999755859375,2954.219970703125,8567.3701171875
2020-03-02,8869.669921875,97.36000061035156,1592.300048828125,153.94000244140625,3090.22998046875,8952.169921875
2020-03-03,8787.7861328125,97.1500015258789,1642.0999755859375,156.3300018310547,3003.3701171875,8684.08984375
2020-03-04,8755.24609375,97.33999633789062,1641.0999755859375,154.6699981689453,3130.1201171875,9018.08984375
2020-03-05,9078.7626953125,96.81999969482422,1666.4000244140625,158.52000427246094,3023.93994140625,8738.58984375
2020-03-06,9122.5458984375,95.94999694824219,1670.800048828125,166.77000427246094,2972.3701171875,8575.6201171875
2020-03-09,7923.64453125,94.9000015258789,1674.5,171.2899932861328,2746.56005859375,7950.68017578125
2020-03-10,7909.7294921875,96.41000366210938,1659.0999755859375,162.50999450683594,2882.22998046875,8344.25
2020-03-11,7911.43017578125,96.51000213623047,1641.4000244140625,156.52999877929688,2741.3798828125,7952.0498046875
2020-03-12,4970.7880859375,97.47000122070312,1589.300048828125,157.5,2480.639892578125,7201.7998046875
2020-03-13,5563.70703125,98.75,1515.699951171875,153.94000244140625,2711.02001953125,7874.8798828125
2020-03-16,5014.47998046875,98.08999633789062,1485.9000244140625,163.91000366210938,2386.1298828125,6904.58984375
2020-03-17,5225.62939453125,99.58000183105469,1524.9000244140625,152.97999572753906,2529.18994140625,7334.77978515625
2020-03-18,5238.4384765625,101.16000366210938,1477.300048828125,144.35000610351562,2398.10009765625,6989.83984375
2020-03-19,6191.19287109375,102.76000213623047,1478.5999755859375,148.27999877929688,2409.389892578125,7150.580078125
2020-03-20,6198.7783203125,102.81999969482422,1484.0,159.42999267578125,2304.919921875,6879.52001953125
2020-03-23,6416.31494140625,102.48999786376953,1567.0,166.0,2237.39990234375,6860.669921875
2020-03-24,6734.8037109375,101.73999786376953,1660.199951171875,162.91000366210938,2447.330078125,7417.85986328125
2020-03-25,6681.06298828125,101.05000305175781,1632.300048828125,162.5399932861328,2475.56005859375,7384.2998046875
2020-03-26,6716.4404296875,99.41999816894531,1650.0999755859375,163.33999633789062,2630.070068359375,7797.5400390625
2020-03-27,6469.79833984375,98.37000274658203,1623.9000244140625,167.6999969482422,2541.469970703125,7502.3798828125
2020-03-30,6429.841796875,99.18000030517578,1622.0,166.32000732421875,2626.64990234375,7774.14990234375
2020-03-31,6438.64453125,99.05000305175781,1583.4000244140625,164.97000122070312,2584.590087890625,7700.10009765625
2020-04-01,6606.7763671875,99.66999816894531,1578.199951171875,167.0399932861328,2470.5,7360.580078125
2020-04-02,6793.62451171875,100.18000030517578,1625.699951171875,168.10000610351562,2526.89990234375,7487.31005859375
2020-04-03,6733.38720703125,100.58000183105469,1633.699951171875,168.5,2488.64990234375,7373.080078125
2020-04-06,7271.78125,100.69000244140625,1677.0,168.05999755859375,2663.679931640625,7913.240234375
2020-04-07,7176.41455078125,99.9800033569336,1664.800048828125,166.3000030517578,2659.409912109375,7887.259765625
2020-04-08,7334.0986328125,100.12000274658203,1665.4000244140625,165.08999633789062,2749.97998046875,8090.89990234375
2020-04-09,7302.08935546875,99.5199966430664,1736.199951171875,165.38999938964844,2789.820068359375,8153.580078125
2020-04-13,6845.03759765625,99.3499984741211,1744.800048828125,163.8800048828125,2761.6298828125,8192.419921875
2020-04-14,6842.427734375,98.88999938964844,1756.699951171875,163.83999633789062,2846.06005859375,8515.740234375
2020-04-15,6642.10986328125,99.45999908447266,1727.199951171875,168.17999267578125,2783.360107421875,8393.1796875
2020-04-16,7116.80419921875,100.02999877929688,1720.4000244140625,170.08999633789062,2799.550048828125,8532.3603515625
2020-04-17,7096.1845703125,99.77999877929688,1689.199951171875,167.80999755859375,2874.56005859375,8650.1396484375
2020-04-20,6881.95849609375,99.95999908447266,1701.5999755859375,169.16000366210938,2823.159912109375,8560.73046875
2020-04-21,6880.3232421875,100.26000213623047,1678.199951171875,171.2899932861328,2736.56005859375,8263.23046875
2020-04-22,7117.20751953125,100.38999938964844,1728.699951171875,169.5399932861328,2799.31005859375,8495.3798828125
2020-04-23,7429.724609375,100.43000030517578,1733.300048828125,170.44000244140625,2797.800048828125,8494.75
2020-04-24,7550.90087890625,100.37999725341797,1723.5,170.83999633789062,2836.739990234375,8634.51953125
2020-04-27,7795.60107421875,100.04000091552734,1711.9000244140625,167.66000366210938,2878.47998046875,8730.16015625
2020-04-28,7807.05859375,99.87000274658203,1710.5,169.58999633789062,2863.389892578125,8607.73046875
2020-04-29,8801.0380859375,99.56999969482422,1703.4000244140625,168.7100067138672,2939.510009765625,8914.7099609375
2020-04-30,8658.5537109375,99.0199966430664,1684.199951171875,166.74000549316406,2912.429931640625,8889.5498046875
2020-05-01,8864.7666015625,98.80000305175781,1694.5,167.9499969482422,2830.7099609375,8604.9501953125
2020-05-04,8912.654296875,99.4800033569336,1706.9000244140625,167.16000366210938,2842.739990234375,8710.7099609375
2020-05-05,9003.0703125,99.70999908447266,1704.4000244140625,166.08999633789062,2868.43994140625,8809.1201171875
2020-05-06,9268.76171875,100.08999633789062,1684.199951171875,163.41000366210938,2848.419921875,8854.3896484375
2020-05-07,9951.5185546875,99.88999938964844,1721.800048828125,166.13999938964844,2881.18994140625,8979.66015625
2020-05-08,9842.666015625,99.7300033569336,1709.9000244140625,163.97999572753906,2929.800048828125,9121.3203125
2020-05-11,8601.7958984375,100.23999786376953,1695.300048828125,162.6999969482422,2930.18994140625,9192.33984375
2020-05-12,8804.4775390625,99.93000030517578,1704.4000244140625,164.3699951171875,2870.1201171875,9002.5498046875
2020-05-13,9269.9873046875,100.23999786376953,1713.9000244140625,165.52000427246094,2820.0,8863.169921875
2020-05-14,9733.7216796875,100.47000122070312,1738.0999755859375,167.13999938964844,2852.5,8943.7197265625
2020-05-15,9328.197265625,100.4000015258789,1753.4000244140625,166.7100067138672,2863.699951171875,9014.5595703125
2020-05-18,9726.5751953125,99.66999816894531,1731.800048828125,163.0500030517578,2953.909912109375,9234.830078125
2020-05-19,9729.0380859375,99.37000274658203,1744.199951171875,163.66000366210938,2922.93994140625,9185.099609375
2020-05-20,9522.9814453125,99.12000274658203,1750.5999755859375,164.14999389648438,2971.610107421875,9375.7802734375
2020-05-21,9081.76171875,99.37000274658203,1720.5,164.55999755859375,2948.510009765625,9284.8798828125
2020-05-22,9182.5771484375,99.86000061035156,1734.5999755859375,165.5500030517578,2955.449951171875,9324.58984375
2020-05-26,8835.052734375,98.91000366210938,1704.800048828125,163.3300018310547,2991.77001953125,9340.2197265625
2020-05-27,9181.017578125,99.05999755859375,1710.300048828125,163.02999877929688,3036.1298828125,9412.3603515625
2020-05-28,9525.7509765625,98.37999725341797,1713.300048828125,162.42999267578125,3029.72998046875,9368.990234375
2020-05-29,9439.1240234375,98.33999633789062,1736.9000244140625,163.58999633789062,3044.31005859375,9489.8701171875
2020-06-01,10167.2685546875,97.83000183105469,1737.800048828125,162.27999877929688,3055.72998046875,9552.0498046875
2020-06-02,9529.8037109375,97.66999816894531,1725.199951171875,161.69000244140625,3080.820068359375,9608.3798828125
2020-06-03,9656.7177734375,97.27999877929688,1697.800048828125,159.5399932861328,3122.8701171875,9682.91015625
2020-06-04,9800.63671875,96.68000030517578,1718.9000244140625,157.22999572753906,3112.35009765625,9615.8095703125
2020-06-05,9665.533203125,96.94000244140625,1676.199951171875,156.11000061035156,3193.929931640625,9814.080078125
2020-06-08,9771.4892578125,96.62000274658203,1698.300048828125,156.7100067138672,3232.389892578125,9924.75
2020-06-09,9795.7001953125,96.31999969482422,1714.699951171875,158.49000549316406,3207.179931640625,9953.75
2020-06-10,9870.0947265625,95.95999908447266,1713.300048828125,160.83999633789062,3190.139892578125,10020.349609375
2020-06-11,9321.78125,96.7300033569336,1732.0,163.8800048828125,3002.10009765625,9492.73046875
2020-06-12,9480.84375,97.31999969482422,1729.300048828125,162.3000030517578,3041.31005859375,9588.8095703125
2020-06-15,9450.7021484375,96.68000030517578,1720.300048828125,162.38999938964844,3066.590087890625,9726.01953125
2020-06-16,9538.0244140625,96.95999908447266,1729.5999755859375,159.89999389648438,3124.739990234375,9895.8701171875
2020-06-17,9480.2548828125,97.16000366210938,1729.199951171875,160.55999755859375,3113.489990234375,9910.5302734375
2020-06-18,9411.8408203125,97.41999816894531,1724.800048828125,162.25999450683594,3115.340087890625,9943.0498046875
2020-06-19,9288.0185546875,97.62000274658203,1745.9000244140625,162.38999938964844,3097.739990234375,9946.1201171875
2020-06-22,9648.7177734375,97.04000091552734,1756.699951171875,162.41000366210938,3117.860107421875,10056.48046875
2020-06-23,9629.658203125,96.69000244140625,1772.0999755859375,161.3000030517578,3131.2900390625,10131.3701171875
2020-06-24,9313.6103515625,97.1500015258789,1765.800048828125,163.02999877929688,3050.330078125,9909.169921875
2020-06-25,9264.8134765625,97.43000030517578,1762.0999755859375,163.5,3083.760009765625,10017.0
2020-06-26,9162.91796875,97.5,1772.5,165.25,3009.050048828125,9757.2197265625
2020-06-29,9190.8544921875,97.54000091552734,1774.800048828125,164.72999572753906,3053.239990234375,9874.150390625
2020-06-30,9137.9931640625,97.38999938964844,1793.0,163.92999267578125,3100.2900390625,10058.76953125
2020-07-01,9228.3251953125,97.19999694824219,1773.199951171875,163.4199981689453,3115.860107421875,10154.6298828125
2020-07-02,9123.41015625,97.31999969482422,1784.0,163.58999633789062,3130.010009765625,10207.6298828125
2020-07-06,9375.474609375,96.79000091552734,1788.5,162.9199981689453,3179.719970703125,10433.650390625
2020-07-07,9252.27734375,96.87999725341797,1804.199951171875,165.2100067138672,3145.320068359375,10343.8896484375
2020-07-08,9428.3330078125,96.43000030517578,1815.5,164.5500030517578,3169.93994140625,10492.5
2020-07-09,9277.9677734375,96.69999694824219,1799.199951171875,167.1699981689453,3152.050048828125,10547.75
2020-07-10,9278.8076171875,96.6500015258789,1798.199951171875,166.3300018310547,3185.0400390625,10617.4404296875
2020-07-13,9243.6142578125,96.45999908447266,1811.0,166.8800048828125,3155.219970703125,10390.83984375
2020-07-14,9243.2138671875,96.26000213623047,1810.5999755859375,167.1199951171875,3197.52001953125,10488.580078125
2020-07-15,9192.8369140625,96.08000183105469,1811.4000244140625,166.33999633789062,3226.56005859375,10550.490234375
2020-07-16,9132.2275390625,96.3499984741211,1798.699951171875,167.1300048828125,3215.570068359375,10473.830078125
2020-07-17,9151.392578125,95.94000244140625,1808.300048828125,166.77999877929688,3224.72998046875,10503.1904296875
2020-07-20,9164.2314453125,95.83000183105469,1815.9000244140625,167.19000244140625,3251.840087890625,10767.08984375
2020-07-21,9374.8876953125,95.12000274658203,1842.4000244140625,167.2899932861328,3257.300048828125,10680.3603515625
2020-07-22,9525.36328125,94.97000122070312,1864.0999755859375,167.7899932861328,3276.02001953125,10706.1298828125
2020-07-23,9581.072265625,94.69000244140625,1889.0999755859375,169.75,3235.659912109375,10461.419921875
2020-07-24,9536.892578125,94.44000244140625,1897.300048828125,169.74000549316406,3215.6298828125,10363.1796875
2020-07-27,10990.873046875,93.66999816894531,1931.0,169.11000061035156,3239.409912109375,10536.26953125
2020-07-28,10912.8232421875,93.76000213623047,1944.699951171875,170.27999877929688,3218.43994140625,10402.08984375
2020-07-29,11100.4677734375,93.26000213623047,1953.5,169.99000549316406,3258.43994140625,10542.9404296875
2020-07-30,11111.2138671875,93.0199966430664,1942.300048828125,171.11000061035156,3246.219970703125,10587.8095703125
2020-07-31,11323.466796875,93.48999786376953,1962.800048828125,171.0,3271.1201171875,10745.26953125
2020-08-03,11246.3486328125,93.5,1966.0,169.9499969482422,3294.610107421875,10902.7998046875
2020-08-04,11205.892578125,93.37999725341797,2001.199951171875,171.57000732421875,3306.510009765625,10941.169921875
2020-08-05,11747.0224609375,92.83000183105469,2031.0999755859375,170.07000732421875,3327.77001953125,10998.400390625
2020-08-06,11779.7734375,92.79000091552734,2051.5,171.02000427246094,3349.159912109375,11108.0703125
2020-08-07,11601.47265625,93.44000244140625,2010.0999755859375,169.8800048828125,3351.280029296875,11010.98046875
2020-08-10,11878.111328125,93.58000183105469,2024.4000244140625,169.1199951171875,3360.469970703125,10968.3603515625
2020-08-11,11410.525390625,93.62999725341797,1932.5999755859375,167.11000061035156,3333.68994140625,10782.8203125
2020-08-12,11584.9345703125,93.44000244140625,1934.9000244140625,165.58999633789062,3380.35009765625,11012.240234375
2020-08-13,11784.1376953125,93.33999633789062,1956.699951171875,163.82000732421875,3373.429931640625,11042.5
2020-08-14,11768.87109375,93.0999984741211,1937.0,163.17999267578125,3372.85009765625,11019.2998046875
2020-08-17,12254.40234375,92.8499984741211,1985.0,163.58999633789062,3381.989990234375,11129.73046875
2020-08-18,11991.2333984375,92.2699966430664,1999.4000244140625,164.75999450683594,3389.780029296875,11210.83984375
2020-08-19,11758.283203125,92.88999938964844,1958.699951171875,163.72999572753906,3374.85009765625,11146.4599609375
2020-08-20,11878.3720703125,92.79000091552734,1933.800048828125,165.2100067138672,3385.510009765625,11264.9501953125
2020-08-21,11592.4892578125,93.25,1934.5999755859375,166.1999969482422,3397.159912109375,11311.7998046875
2020-08-24,11774.595703125,93.30000305175781,1927.699951171875,165.92999267578125,3431.280029296875,11379.7197265625
2020-08-25,11366.134765625,93.0199966430664,1911.800048828125,164.66000366210938,3443.6201171875,11466.4697265625
2020-08-26,11488.36328125,93.01000213623047,1940.699951171875,164.02999877929688,3478.72998046875,11665.0595703125
2020-08-27,11323.3974609375,93.01000213623047,1921.5999755859375,161.24000549316406,3484.550048828125,11625.33984375
2020-08-28,11542.5,92.37000274658203,1964.5999755859375,161.1199951171875,3508.010009765625,11695.6298828125
2020-08-31,11680.8203125,92.13999938964844,1967.5999755859375,162.19000244140625,3500.31005859375,11775.4599609375
2020-09-01,11970.478515625,92.33999633789062,1968.199951171875,163.86000061035156,3526.64990234375,11939.669921875
2020-09-02,11414.0341796875,92.8499984741211,1934.4000244140625,165.4199981689453,3580.840087890625,12056.4404296875
2020-09-03,10245.296875,92.73999786376953,1927.5999755859375,165.88999938964844,3455.06005859375,11458.099609375
2020-09-04,10511.8134765625,92.72000122070312,1923.9000244140625,162.74000549316406,3426.9599609375,11313.1298828125
2020-09-08,10131.5166015625,93.4800033569336,1933.0,163.74000549316406,3331.840087890625,10847.6904296875
2020-09-09,10242.34765625,93.26000213623047,1944.699951171875,163.3000030517578,3398.9599609375,11141.5595703125
2020-09-10,10363.138671875,93.33999633789062,1954.199951171875,164.1300048828125,3339.18994140625,10919.58984375
2020-09-11,10400.9150390625,93.33000183105469,1937.800048828125,164.47999572753906,3340.969970703125,10853.5498046875
2020-09-14,10680.837890625,93.06999969482422,1953.0999755859375,164.47000122070312,3383.5400390625,11056.650390625
2020-09-15,10796.951171875,93.05000305175781,1956.300048828125,164.07000732421875,3401.199951171875,11190.3203125
2020-09-16,10974.9052734375,93.20999908447266,1960.199951171875,163.5800018310547,3385.489990234375,11050.4697265625
2020-09-17,10948.990234375,92.97000122070312,1940.0,164.0800018310547,3357.010009765625,10910.2802734375
2020-09-18,10944.5859375,92.93000030517578,1952.0999755859375,163.57000732421875,3319.469970703125,10793.2802734375
2020-09-21,10462.259765625,93.54000091552734,1901.199951171875,164.39999389648438,3281.06005859375,10778.7998046875
2020-09-22,10538.4599609375,93.98999786376953,1898.5999755859375,164.27000427246094,3315.570068359375,10963.6396484375
2020-09-23,10246.1865234375,94.38999938964844,1859.9000244140625,164.49000549316406,3236.919921875,10632.990234375
2020-09-24,10760.06640625,94.3499984741211,1868.300048828125,165.1199951171875,3246.590087890625,10672.26953125
2020-09-25,10692.716796875,94.58000183105469,1857.699951171875,165.1199951171875,3298.4599609375,10913.5595703125
2020-09-28,10709.65234375,94.26000213623047,1872.800048828125,164.64999389648438,3351.60009765625,11117.5302734375
2020-09-29,10844.640625,93.88999938964844,1894.300048828125,164.83999633789062,3335.469970703125,11085.25
2020-09-30,10784.4912109375,93.88999938964844,1887.5,163.25999450683594,3363.0,11167.509765625
2020-10-01,10619.4521484375,93.70999908447266,1908.4000244140625,163.36000061035156,3380.800048828125,11326.509765625
2020-10-02,10575.974609375,93.83999633789062,1900.199951171875,162.75,3348.419921875,11075.01953125
2020-10-05,10793.33984375,93.51000213623047,1912.5,159.57000732421875,3408.60009765625,11332.490234375
2020-10-06,10604.40625,93.83000183105469,1901.0999755859375,160.42999267578125,3360.969970703125,11154.599609375
2020-10-07,10668.96875,93.62999725341797,1883.5999755859375,159.25999450683594,3419.43994140625,11364.599609375
2020-10-08,10915.685546875,93.61000061035156,1888.5999755859375,160.1199951171875,3446.830078125,11420.98046875
2020-10-09,11064.4580078125,93.05999755859375,1919.5,160.08999633789062,3477.139892578125,11579.9404296875
2020-10-12,11555.36328125,93.06999969482422,1922.5,160.60000610351562,3534.219970703125,11876.259765625
2020-10-13,11425.8994140625,93.52999877929688,1888.5,161.75,3511.929931640625,11863.900390625
2020-10-14,11429.5068359375,93.37999725341797,1901.300048828125,162.1199951171875,3488.669921875,11768.73046875
2020-10-15,11495.349609375,93.86000061035156,1903.199951171875,161.83999633789062,3483.340087890625,11713.8701171875
2020-10-16,11322.123046875,93.68000030517578,1900.800048828125,161.38999938964844,3483.81005859375,11671.5595703125
2020-10-19,11742.037109375,93.43000030517578,1906.4000244140625,160.77999877929688,3426.919921875,11478.8798828125
2020-10-20,11916.3349609375,93.06999969482422,1910.4000244140625,159.25,3443.1201171875,11516.490234375
2020-10-21,12823.689453125,92.61000061035156,1924.5999755859375,158.6999969482422,3435.56005859375,11484.6904296875
2020-10-22,12965.8916015625,92.94999694824219,1901.0999755859375,157.0500030517578,3453.489990234375,11506.009765625
2020-10-23,12931.5390625,92.7699966430664,1902.0,158.00999450683594,3465.389892578125,11548.2802734375
2020-10-26,13075.248046875,93.05000305175781,1902.699951171875,159.47999572753906,3400.969970703125,11358.9404296875
2020-10-27,13654.21875,92.94000244140625,1908.800048828125,160.5500030517578,3390.679931640625,11431.349609375
2020-10-28,13271.28515625,93.41000366210938,1876.199951171875,160.6999969482422,3271.030029296875,11004.8701171875
2020-10-29,13437.8828125,93.95999908447266,1865.5999755859375,159.13999938964844,3310.110107421875,11185.58984375
2020-10-30,13546.5224609375,94.04000091552734,1877.4000244140625,157.57000732421875,3269.9599609375,10911.58984375
2020-11-02,13550.4892578125,94.05000305175781,1890.4000244140625,158.5800018310547,3310.239990234375,10957.6103515625
2020-11-03,13950.30078125,93.55000305175781,1908.5,157.66000366210938,3369.159912109375,11160.5703125
2020-11-04,14133.70703125,93.41000366210938,1894.5999755859375,161.0800018310547,3443.43994140625,11590.7802734375
2020-11-05,15579.8486328125,92.52999877929688,1945.300048828125,161.36000061035156,3510.449951171875,11890.9296875
2020-11-06,15565.880859375,92.2300033569336,1950.300048828125,159.41000366210938,3509.43994140625,11895.23046875
2020-11-09,15332.3154296875,92.7300033569336,1853.199951171875,156.05999755859375,3550.5,11713.7802734375
2020-11-10,15290.90234375,92.75,1875.4000244140625,155.16000366210938,3545.530029296875,11553.8603515625
2020-11-11,15701.33984375,93.04000091552734,1860.699951171875,155.72000122070312,3572.659912109375,11786.4296875
2020-11-12,16276.34375,92.95999908447266,1872.5999755859375,158.3699951171875,3537.010009765625,11709.58984375
2020-11-13,16317.80859375,92.76000213623047,1885.699951171875,158.16000366210938,3585.14990234375,11829.2900390625
2020-11-16,16716.111328125,92.56999969482422,1887.300048828125,157.77999877929688,3626.909912109375,11924.1298828125
2020-11-17,17645.40625,92.41999816894531,1884.5,158.80999755859375,3609.530029296875,11899.33984375
2020-11-18,17804.005859375,92.31999969482422,1873.5,159.27000427246094,3567.7900390625,11801.599609375
2020-11-19,17817.08984375,92.29000091552734,1861.0999755859375,160.08999633789062,3581.8701171875,11904.7099609375
2020-11-20,18621.314453125,92.38999938964844,1872.5999755859375,161.50999450683594,3557.5400390625,11854.9697265625
2020-11-23,18364.12109375,92.51000213623047,1837.800048828125,160.77000427246094,3577.590087890625,11880.6298828125
2020-11-24,19107.46484375,92.2300033569336,1804.800048828125,159.1699981689453,3635.409912109375,12036.7900390625
2020-11-25,18732.12109375,91.98999786376953,1805.699951171875,158.67999267578125,3629.64990234375,12094.400390625
2020-11-27,17108.40234375,91.79000091552734,1781.9000244140625,160.22000122070312,3638.35009765625,12205.849609375
2020-11-30,19625.8359375,91.87000274658203,1775.699951171875,160.02000427246094,3621.6298828125,12198.740234375
2020-12-01,18802.998046875,91.30999755859375,1814.0999755859375,157.5,3662.449951171875,12355.1103515625
2020-12-02,19201.091796875,91.12000274658203,1825.699951171875,156.25,3669.010009765625,12349.3701171875
2020-12-03,19445.3984375,90.70999908447266,1836.800048828125,157.50999450683594,3666.719970703125,12377.1796875
2020-12-04,18699.765625,90.69999694824219,1835.9000244140625,155.1999969482422,3699.1201171875,12464.23046875
2020-12-07,19191.630859375,90.79000091552734,1861.800048828125,156.60000610351562,3691.9599609375,12519.9501953125
2020-12-08,18321.14453125,90.97000122070312,1870.800048828125,157.33999633789062,3702.25,12582.76953125
2020-12-09,18553.916015625,91.08999633789062,1834.5999755859375,156.82000732421875,3672.820068359375,12338.9501953125
2020-12-10,18264.9921875,90.79000091552734,1833.5999755859375,158.2100067138672,3668.10009765625,12405.8095703125
2020-12-11,18058.904296875,90.9800033569336,1839.800048828125,158.77000427246094,3663.4599609375,12377.8701171875
2020-12-14,19246.64453125,90.70999908447266,1828.699951171875,158.3300018310547,3647.489990234375,12440.0400390625
2020-12-15,19417.076171875,90.47000122070312,1852.300048828125,157.8000030517578,3694.6201171875,12595.0595703125
2020-12-16,21310.59765625,90.44999694824219,1856.0999755859375,157.3800048828125,3701.169921875,12658.1904296875
2020-12-17,22805.162109375,89.81999969482422,1887.199951171875,156.8000030517578,3722.47998046875,12764.75
2020-12-18,23137.9609375,90.0199966430664,1885.699951171875,156.3300018310547,3709.409912109375,12755.6396484375
2020-12-21,22803.08203125,90.04000091552734,1879.199951171875,156.9499969482422,3694.919921875,12742.51953125
2020-12-22,23783.029296875,90.6500015258789,1866.5999755859375,157.75999450683594,3687.260009765625,12807.919921875
2020-12-23,23241.345703125,90.41000366210938,1874.699951171875,156.6699981689453,3690.010009765625,12771.1103515625
2020-12-24,23735.94921875,90.33000183105469,1879.9000244140625,157.2899932861328,3703.06005859375,12804.73046875
2020-12-28,27084.80859375,90.33999633789062,1877.199951171875,157.36000061035156,3735.360107421875,12899.419921875
2020-12-29,27362.4375,90.01000213623047,1879.699951171875,157.16000366210938,3727.0400390625,12850.2197265625
2020-12-30,28840.953125,89.62999725341797,1891.0,157.5,3732.0400390625,12870.0
2020-12-31,29001.720703125,89.94000244140625,1893.0999755859375,157.72999572753906,3756.070068359375,12888.2802734375
2021-01-04,31971.9140625,89.87999725341797,1944.699951171875,157.5399932861328,3700.64990234375,12698.4501953125
2021-01-05,33992.4296875,89.44000244140625,1952.699951171875,156.3699951171875,3726.860107421875,12818.9599609375
2021-01-06,36824.36328125,89.52999877929688,1906.9000244140625,153.16000366210938,3748.139892578125,12740.7900390625
2021-01-07,39371.04296875,89.83000183105469,1912.300048828125,151.80999755859375,3803.7900390625,13067.48046875
2021-01-08,40797.609375,90.0999984741211,1834.0999755859375,151.32000732421875,3824.679931640625,13201.98046875
2021-01-11,35566.65625,90.54000091552734,1849.5999755859375,151.07000732421875,3799.610107421875,13036.4296875
2021-01-12,33922.9609375,90.05000305175781,1842.9000244140625,150.9499969482422,3801.18994140625,13072.4296875
2021-01-13,37316.359375,90.31999969482422,1853.5999755859375,152.64999389648438,3809.840087890625,13128.9501953125
2021-01-14,39187.328125,90.23999786376953,1850.300048828125,151.22000122070312,3795.5400390625,13112.6396484375
2021-01-15,36825.3671875,90.77999877929688,1829.300048828125,151.82000732421875,3768.25,12998.5
2021-01-19,36069.8046875,90.5,1839.5,152.30999755859375,3798.909912109375,13197.1796875
2021-01-20,35547.75,90.47000122070312,1865.9000244140625,152.4600067138672,3851.85009765625,13457.25
2021-01-21,30825.69921875,90.12999725341797,1865.300048828125,151.38999938964844,3853.070068359375,13530.91015625
2021-01-22,33005.76171875,90.23999786376953,1855.699951171875,151.8800048828125,3841.469970703125,13543.0595703125
2021-01-25,32366.392578125,90.38999938964844,1854.9000244140625,153.6699981689453,3855.360107421875,13635.990234375
2021-01-26,32569.849609375,90.16999816894531,1850.699951171875,153.3800048828125,3849.6201171875,13626.0595703125
2021-01-27,30432.546875,90.6500015258789,1844.9000244140625,153.77000427246094,3750.77001953125,13270.599609375
2021-01-28,33466.09765625,90.45999908447266,1837.9000244140625,152.9199981689453,3787.3798828125,13337.16015625
2021-01-29,34316.38671875,90.58000183105469,1847.300048828125,152.0,3714.239990234375,13070.6904296875
2021-02-01,33537.17578125,91.0199966430664,1860.800048828125,152.0,3773.860107421875,13403.3896484375
2021-02-02,35510.2890625,91.19999694824219,1830.5,151.02000427246094,3826.31005859375,13612.7802734375
2021-02-03,37472.08984375,91.12000274658203,1832.199951171875,149.67999267578125,3830.169921875,13610.5400390625
2021-02-04,36926.06640625,91.52999877929688,1788.9000244140625,149.27999877929688,3871.739990234375,13777.740234375
2021-02-05,38144.30859375,91.04000091552734,1810.9000244140625,148.02999877929688,3886.830078125,13856.2998046875
2021-02-08,46196.46484375,90.93000030517578,1831.9000244140625,148.67999267578125,3915.590087890625,13987.6396484375
2021-02-09,46481.10546875,90.44000244140625,1835.300048828125,148.7899932861328,3911.22998046875,14007.7001953125
2021-02-10,44918.18359375,90.37000274658203,1840.5999755859375,149.77999877929688,3909.8798828125,13972.5302734375
2021-02-11,47909.33203125,90.41999816894531,1824.9000244140625,148.9600067138672,3916.3798828125,14025.76953125
2021-02-12,47504.8515625,90.4800033569336,1821.5999755859375,147.11000061035156,3934.830078125,14095.4697265625
2021-02-16,49199.87109375,90.51000213623047,1797.199951171875,144.8699951171875,3932.590087890625,14047.5
2021-02-17,52149.0078125,90.94999694824219,1771.0999755859375,145.7899932861328,3931.330078125,13965.490234375
2021-02-18,51679.796875,90.58999633789062,1773.4000244140625,145.1999969482422,3913.969970703125,13865.3603515625
2021-02-19,55888.1328125,90.36000061035156,1775.800048828125,143.27000427246094,3906.7099609375,13874.4599609375
2021-02-22,54207.3203125,90.01000213623047,1806.699951171875,142.17999267578125,3876.5,13533.0498046875
2021-02-23,48824.42578125,90.16999816894531,1804.4000244140625,141.77000427246094,3881.3701171875,13465.2001953125
2021-02-24,49705.33203125,90.18000030517578,1796.4000244140625,140.83999633789062,3925.429931640625,13597.9697265625
2021-02-25,47093.8515625,90.12999725341797,1774.4000244140625,138.5399932861328,3829.340087890625,13119.4296875
2021-02-26,46339.76171875,90.93000030517578,1728.0999755859375,143.1199951171875,3811.14990234375,13192.349609375
2021-03-01,49631.2421875,91.04000091552734,1722.5,141.05999755859375,3901.820068359375,13588.830078125
2021-03-02,48378.98828125,90.79000091552734,1733.0999755859375,141.07000732421875,3870.2900390625,13358.7900390625
2021-03-03,50538.2421875,90.94999694824219,1715.300048828125,139.5399932861328,3819.719970703125,12997.75
2021-03-04,48561.16796875,91.62999725341797,1700.199951171875,138.63999938964844,3768.469970703125,12723.4697265625
2021-03-05,48927.3046875,91.9800033569336,1698.0,138.91000366210938,3841.93994140625,12920.150390625
2021-03-08,52246.5234375,92.30999755859375,1677.699951171875,137.8300018310547,3821.35009765625,12609.16015625
2021-03-09,54824.1171875,91.95999908447266,1716.5999755859375,139.74000549316406,3875.43994140625,13073.8203125
2021-03-10,56008.55078125,91.79000091552734,1721.5,140.02000427246094,3898.81005859375,13068.830078125
2021-03-11,57805.12109375,91.41999816894531,1722.300048828125,139.00999450683594,3939.340087890625,13398.669921875
2021-03-12,57332.08984375,91.68000030517578,1719.5,136.05999755859375,3943.340087890625,13319.8603515625
2021-03-15,55907.19921875,91.83000183105469,1728.9000244140625,136.86000061035156,3968.93994140625,13459.7099609375
2021-03-16,56804.90234375,91.87000274658203,1730.5999755859375,136.30999755859375,3962.7099609375,13471.5703125
2021-03-17,58870.89453125,91.4000015258789,1726.800048828125,135.2899932861328,3974.1201171875,13525.2001953125
2021-03-18,57858.921875,91.8499984741211,1732.199951171875,133.9199981689453,3915.4599609375,13116.169921875
2021-03-19,58346.65234375,91.91999816894531,1741.4000244140625,134.75,3913.10009765625,13215.240234375
2021-03-22,54529.14453125,91.80000305175781,1737.800048828125,136.25999450683594,3940.590087890625,13377.5400390625
2021-03-23,54738.9453125,92.33999633789062,1724.699951171875,137.49000549316406,3910.52001953125,13227.7001953125
2021-03-24,52774.265625,92.52999877929688,1732.9000244140625,138.22999572753906,3889.139892578125,12961.8896484375
2021-03-25,51704.16015625,92.87999725341797,1724.9000244140625,137.13999938964844,3909.52001953125,12977.6796875
2021-03-26,55137.3125,92.7699966430664,1732.199951171875,136.66000366210938,3974.5400390625,13138.73046875
2021-03-29,57750.19921875,92.94000244140625,1712.0999755859375,135.5,3971.090087890625,13059.650390625
2021-03-30,58917.69140625,93.30000305175781,1683.9000244140625,136.2100067138672,3958.550048828125,13045.3896484375
2021-03-31,58918.83203125,93.2300033569336,1713.800048828125,135.4499969482422,3972.889892578125,13246.8701171875
2021-04-01,59095.80859375,92.93000030517578,1726.5,137.50999450683594,4019.8701171875,13480.1103515625
2021-04-05,59057.87890625,92.5999984741211,1727.0,136.91000366210938,4077.909912109375,13705.58984375
2021-04-06,58192.359375,92.33999633789062,1741.5,137.83999633789062,4073.93994140625,13698.3798828125
2021-04-07,56048.9375,92.45999908447266,1740.0999755859375,136.8800048828125,4079.949951171875,13688.83984375
2021-04-08,58323.953125,92.05999755859375,1756.800048828125,138.00999450683594,4097.169921875,13829.3095703125
2021-04-09,58245.00390625,92.16000366210938,1743.300048828125,137.50999450683594,4128.7998046875,13900.1904296875
2021-04-12,59893.453125,92.13999938964844,1731.199951171875,137.4499969482422,4127.990234375,13850.0
2021-04-13,63503.45703125,91.8499984741211,1746.199951171875,138.47999572753906,4141.58984375,13996.099609375
2021-04-14,63109.6953125,91.69000244140625,1734.9000244140625,138.0399932861328,4124.66015625,13857.83984375
2021-04-15,63314.01171875,91.66999816894531,1765.4000244140625,140.35000610351562,4170.419921875,14038.759765625
2021-04-16,61572.7890625,91.55999755859375,1779.0,139.25999450683594,4185.47021484375,14052.33984375
2021-04-19,55724.265625,91.06999969482422,1769.4000244140625,138.86000061035156,4163.259765625,13914.76953125
2021-04-20,56473.03125,91.23999786376953,1777.300048828125,139.5,4134.93994140625,13786.26953125
2021-04-21,53906.08984375,91.16000366210938,1792.300048828125,139.77999877929688,4173.419921875,13950.2197265625
2021-04-22,51762.2734375,91.33000183105469,1781.199951171875,140.38999938964844,4134.97998046875,13818.41015625
2021-04-23,51093.65234375,90.86000061035156,1777.0,140.05999755859375,4180.169921875,14016.8095703125
2021-04-26,54021.75390625,90.80999755859375,1779.199951171875,139.86000061035156,4187.6201171875,14138.7802734375
2021-04-27,55033.1171875,90.91000366210938,1778.0,138.63999938964844,4186.72021484375,14090.2197265625
2021-04-28,54824.703125,90.61000061035156,1773.199951171875,138.72999572753906,4183.18017578125,14051.0302734375
2021-04-29,53555.109375,90.61000061035156,1768.0999755859375,138.32000732421875,4211.47021484375,14082.5498046875
2021-04-30,57750.17578125,91.27999877929688,1767.300048828125,138.63999938964844,4181.169921875,13962.6796875
2021-05-03,57200.29296875,90.94999694824219,1791.4000244140625,138.52000427246094,4192.66015625,13895.1201171875
2021-05-04,53333.5390625,91.29000091552734,1775.800048828125,139.4600067138672,4164.66015625,13633.5
2021-05-05,57424.0078125,91.30999755859375,1784.0999755859375,139.69000244140625,4167.58984375,13582.419921875
2021-05-06,56396.515625,90.94999694824219,1815.5,139.9199981689453,4201.6201171875,13632.83984375
2021-05-07,57356.40234375,90.2300033569336,1831.0999755859375,139.22999572753906,4232.60009765625,13752.240234375
2021-05-10,55859.796875,90.20999908447266,1837.5,137.82000732421875,4188.43017578125,13401.8603515625
2021-05-11,56704.57421875,90.13999938964844,1835.9000244140625,137.0399932861328,4152.10009765625,13389.4296875
2021-05-12,49150.53515625,90.70999908447266,1822.5999755859375,135.60000610351562,4063.0400390625,13031.6796875
2021-05-13,49716.19140625,90.75,1823.800048828125,135.80999755859375,4112.5,13124.990234375
2021-05-14,49880.53515625,90.31999969482422,1837.9000244140625,137.0800018310547,4173.85009765625,13429.98046875
2021-05-17,43537.51171875,90.22000122070312,1867.5,136.7899932861328,4163.2900390625,13379.0498046875
2021-05-18,42909.40234375,89.75,1867.800048828125,136.44000244140625,4127.830078125,13303.6396484375
2021-05-19,37002.44140625,90.19000244140625,1881.300048828125,136.11000061035156,4115.68017578125,13299.740234375
2021-05-20,40782.73828125,89.80999755859375,1881.800048828125,137.22999572753906,4159.1201171875,13535.740234375
2021-05-21,37304.69140625,90.0199966430664,1876.699951171875,137.6699981689453,4155.85986328125,13470.990234375
2021-05-24,38705.98046875,89.83000183105469,1884.5999755859375,138.17999267578125,4197.0498046875,13661.169921875
2021-05-25,38402.22265625,89.63999938964844,1898.0999755859375,139.4600067138672,4188.1298828125,13657.169921875
2021-05-26,39294.19921875,90.04000091552734,1901.300048828125,139.22000122070312,4195.990234375,13738.0
2021-05-27,38436.96875,89.97000122070312,1895.699951171875,138.66000366210938,4200.8798828125,13736.2802734375
2021-05-28,35697.60546875,90.02999877929688,1902.5,138.44000244140625,4204.10986328125,13748.740234375
2021-06-01,36684.92578125,89.83000183105469,1902.9000244140625,138.2100067138672,4202.0400390625,13736.48046875
2021-06-02,37575.1796875,89.9000015258789,1907.5,138.52999877929688,4208.1201171875,13756.330078125
2021-06-03,39208.765625,90.5,1871.199951171875,138.00999450683594,4192.85009765625,13614.509765625
2021-06-04,36894.40625,90.13999938964844,1889.800048828125,139.89999389648438,4229.89013671875,13814.490234375
2021-06-07,33560.70703125,89.94999694824219,1896.800048828125,139.47000122070312,4226.52001953125,13881.7197265625
2021-06-08,33472.6328125,90.08000183105469,1892.199951171875,140.4499969482422,4227.259765625,13924.91015625
2021-06-09,37345.12109375,90.12000274658203,1893.199951171875,141.69000244140625,4219.5498046875,13911.75
2021-06-10,36702.59765625,90.08000183105469,1894.199951171875,142.5399932861328,4239.18017578125,14020.330078125
2021-06-11,37334.3984375,90.55999755859375,1877.4000244140625,142.30999755859375,4247.43994140625,14069.419921875
2021-06-14,40218.4765625,90.5199966430664,1864.0,141.22000122070312,4255.14990234375,14174.1396484375
2021-06-15,40406.26953125,90.54000091552734,1854.5,141.0500030517578,4246.58984375,14072.8603515625
2021-06-16,38347.0625,91.12999725341797,1859.5,140.92999267578125,4223.7001953125,14039.6796875
2021-06-17,38053.50390625,91.88999938964844,1773.800048828125,143.0399932861328,4221.85986328125,14161.349609375
2021-06-18,35787.24609375,92.2300033569336,1767.9000244140625,145.72999572753906,4166.4501953125,14030.3798828125
2021-06-21,31676.693359375,91.86000061035156,1781.800048828125,143.2899932861328,4224.7900390625,14141.48046875
2021-06-22,32505.66015625,91.7300033569336,1776.300048828125,143.63999938964844,4246.43994140625,14253.26953125
2021-06-23,33723.02734375,91.80000305175781,1782.300048828125,143.27000427246094,4241.83984375,14271.73046875
2021-06-24,34662.4375,91.81999969482422,1775.5999755859375,143.5,4266.490234375,14369.7099609375
2021-06-25,31637.779296875,91.80999755859375,1776.5999755859375,142.00999450683594,4280.7001953125,14360.3896484375
2021-06-28,34434.3359375,91.87999725341797,1779.5999755859375,143.47000122070312,4290.60986328125,14500.509765625
2021-06-29,35867.77734375,92.05000305175781,1762.800048828125,143.7100067138672,4291.7998046875,14528.330078125
2021-06-30,35040.8359375,92.44000244140625,1770.800048828125,144.35000610351562,4297.5,14503.9501953125
2021-07-01,33572.1171875,92.5999984741211,1775.9000244140625,144.1699981689453,4319.93994140625,14522.3798828125
2021-07-02,33897.046875,92.2300033569336,1782.5999755859375,145.0399932861328,4352.33984375,14639.330078125
2021-07-06,34235.1953125,92.55000305175781,1793.5,146.74000549316406,4343.5400390625,14663.6396484375
2021-07-07,33855.328125,92.63999938964844,1801.5,148.0399932861328,4358.1298828125,14665.0595703125
2021-07-08,32877.37109375,92.36000061035156,1799.5999755859375,148.6199951171875,4320.81982421875,14559.7802734375
2021-07-09,33798.01171875,92.12999725341797,1810.0,146.52999877929688,4369.5498046875,14701.919921875
2021-07-12,33155.84765625,92.2300033569336,1805.5,146.33999633789062,4384.6298828125,14733.240234375
2021-07-13,32702.025390625,92.75,1809.4000244140625,145.22000122070312,4369.2099609375,14677.650390625
2021-07-14,32822.34765625,92.41000366210938,1824.300048828125,146.8699951171875,4374.2998046875,14644.9501953125
2021-07-15,31780.73046875,92.62000274658203,1828.4000244140625,148.49000549316406,4360.02978515625,14543.1298828125
2021-07-16,31421.5390625,92.69000244140625,1814.5,148.2100067138672,4327.16015625,14427.240234375
2021-07-19,30817.83203125,92.88999938964844,1808.699951171875,151.4600067138672,4258.490234375,14274.98046875
2021-07-20,29807.34765625,92.97000122070312,1810.9000244140625,150.0,4323.06005859375,14498.8798828125
2021-07-21,32110.693359375,92.75,1802.9000244140625,148.10000610351562,4358.68994140625,14631.9501953125
2021-07-22,32313.10546875,92.81999969482422,1805.0,149.5,4367.47998046875,14684.599609375
2021-07-23,33581.55078125,92.91000366210938,1801.4000244140625,148.5,4411.7900390625,14836.990234375
2021-07-26,37337.53515625,92.6500015258789,1798.699951171875,148.05999755859375,4422.2998046875,14840.7099609375
2021-07-27,39406.94140625,92.43000030517578,1799.5,149.63999938964844,4401.4599609375,14660.580078125
2021-07-28,39995.90625,92.31999969482422,1799.5,149.64999389648438,4400.64013671875,14762.580078125
2021-07-29,40008.421875,91.86000061035156,1831.199951171875,148.82000732421875,4419.14990234375,14778.259765625
2021-07-30,42235.546875,92.16999816894531,1812.5999755859375,149.52000427246094,4395.259765625,14672.6796875
2021-08-02,39201.9453125,92.05000305175781,1818.0999755859375,150.6699981689453,4387.16015625,14681.0703125
2021-08-03,38152.98046875,92.08000183105469,1810.0999755859375,150.75,4423.14990234375,14761.2900390625
2021-08-04,39747.50390625,92.2699966430664,1810.5,151.05999755859375,4402.66015625,14780.5302734375
2021-08-05,40869.5546875,92.23999786376953,1805.0999755859375,150.2899932861328,4429.10009765625,14895.1201171875
2021-08-06,42816.5,92.80000305175781,1760.0,147.77999877929688,4436.52001953125,14835.759765625
2021-08-09,46365.40234375,92.94999694824219,1723.4000244140625,147.25,4432.35009765625,14860.1796875
2021-08-10,45585.03125,93.05999755859375,1728.800048828125,146.57000732421875,4436.75,14788.08984375
2021-08-11,45593.63671875,92.91000366210938,1750.4000244140625,146.47999572753906,4442.41015625,14765.1396484375
2021-08-12,44428.2890625,93.04000091552734,1749.0,146.24000549316406,4460.830078125,14816.259765625
2021-08-13,47793.3203125,92.5199966430664,1775.199951171875,148.5500030517578,4468.0,14822.900390625
2021-08-16,46004.484375,92.62999725341797,1786.9000244140625,148.91000366210938,4479.7099609375,14793.759765625
2021-08-17,44695.359375,93.12999725341797,1785.0,148.85000610351562,4448.080078125,14656.1796875
2021-08-18,44801.1875,93.13999938964844,1781.5999755859375,149.35000610351562,4400.27001953125,14525.91015625
2021-08-19,46717.578125,93.56999969482422,1780.199951171875,150.4499969482422,4405.7998046875,14541.7900390625
2021-08-20,49339.17578125,93.5,1781.0,150.5500030517578,4441.669921875,14714.66015625
2021-08-23,49546.1484375,92.95999908447266,1803.199951171875,150.4499969482422,4479.52978515625,14942.650390625
2021-08-24,47706.1171875,92.88999938964844,1805.5999755859375,149.27999877929688,4486.22998046875,15019.7998046875
2021-08-25,48960.7890625,92.83000183105469,1788.199951171875,148.0399932861328,4496.18994140625,15041.8603515625
2021-08-26,46942.21875,93.05999755859375,1792.199951171875,148.4499969482422,4470.0,14945.8095703125
2021-08-27,49058.66796875,92.69000244140625,1816.5999755859375,149.4600067138672,4509.3701171875,15129.5
2021-08-30,47054.984375,92.6500015258789,1809.0,149.85000610351562,4528.7900390625,15265.8896484375
2021-08-31,47166.6875,92.62999725341797,1815.0,148.8300018310547,4522.68017578125,15259.240234375
2021-09-01,48847.02734375,92.44999694824219,1813.0999755859375,148.88999938964844,4524.08984375,15309.3798828125
2021-09-02,49327.72265625,92.2300033569336,1808.699951171875,149.5399932861328,4536.9501953125,15331.1796875
2021-09-03,50025.375,92.04000091552734,1830.9000244140625,148.17999267578125,4535.43017578125,15363.51953125
2021-09-07,46811.12890625,92.5199966430664,1795.9000244140625,146.92999267578125,4520.02978515625,15374.330078125
2021-09-08,46091.390625,92.6500015258789,1790.699951171875,147.92999267578125,4514.06982421875,15286.6396484375
2021-09-09,46391.421875,92.4800033569336,1797.4000244140625,149.72000122070312,4493.27978515625,15248.25
2021-09-10,44883.91015625,92.58000183105469,1789.5999755859375,148.39999389648438,4458.580078125,15115.490234375
2021-09-13,44963.07421875,92.62000274658203,1792.0,149.3000030517578,4468.72998046875,15105.580078125
2021-09-14,47092.4921875,92.6500015258789,1804.699951171875,151.11000061035156,4443.0498046875,15037.759765625
2021-09-15,48176.34765625,92.48999786376953,1792.4000244140625,150.5800018310547,4480.7001953125,15161.5302734375
2021-09-16,47783.359375,92.86000061035156,1754.5999755859375,149.88999938964844,4473.75,15181.919921875
2021-09-17,47267.51953125,93.19999694824219,1749.4000244140625,149.1699981689453,4432.990234375,15043.9697265625
2021-09-20,42843.80078125,93.23999786376953,1761.800048828125,151.02000427246094,4357.72998046875,14713.900390625
2021-09-21,40693.67578125,93.19999694824219,1776.0,150.88999938964844,4354.18994140625,14746.400390625
2021-09-22,43574.5078125,93.45999908447266,1776.699951171875,151.7899932861328,4395.64013671875,14896.849609375
2021-09-23,44895.09765625,93.0999984741211,1747.699951171875,148.36000061035156,4448.97998046875,15052.240234375
2021-09-24,42839.75,93.33000183105469,1749.699951171875,146.91000366210938,4455.47998046875,15047.7001953125
2021-09-27,42235.73046875,93.37999725341797,1750.0,146.3699951171875,4443.10986328125,14969.9697265625
2021-09-28,41034.54296875,93.7699966430664,1735.800048828125,144.08999633789062,4352.6298828125,14546.6796875
2021-09-29,41564.36328125,94.33999633789062,1721.5,144.33999633789062,4359.4599609375,14512.4404296875
2021-09-30,43790.89453125,94.25,1755.300048828125,144.32000732421875,4307.5400390625,14448.580078125
2021-10-01,48116.94140625,94.04000091552734,1757.0,145.35000610351562,4357.0400390625,14566.7001953125
2021-10-04,49112.90234375,93.80999755859375,1766.199951171875,144.97999572753906,4300.4599609375,14255.48046875
2021-10-05,51514.8125,93.9800033569336,1759.5999755859375,143.5800018310547,4345.72021484375,14433.830078125
2021-10-06,55361.44921875,94.2699966430664,1760.5,144.38999938964844,4363.5498046875,14501.91015625
2021-10-07,53805.984375,94.22000122070312,1757.9000244140625,142.8800048828125,4399.759765625,14654.01953125
2021-10-08,53967.84765625,94.06999969482422,1756.300048828125,141.8800048828125,4391.33984375,14579.5400390625
2021-10-11,57484.7890625,94.31999969482422,1754.5999755859375,141.52000427246094,4361.18994140625,14486.2001953125
2021-10-12,56041.05859375,94.5199966430664,1758.300048828125,143.94000244140625,4350.64990234375,14465.919921875
2021-10-13,57401.09765625,94.08000183105469,1793.699951171875,145.33999633789062,4363.7998046875,14571.6396484375
2021-10-14,57321.5234375,93.95999908447266,1796.699951171875,145.8800048828125,4438.259765625,14823.4296875
2021-10-15,61593.94921875,93.94000244140625,1767.199951171875,145.02999877929688,4471.3701171875,14897.33984375
2021-10-18,62026.078125,93.94999694824219,1764.800048828125,145.7100067138672,4486.4599609375,15021.8095703125
2021-10-19,64261.9921875,93.79000091552734,1769.699951171875,143.6999969482422,4519.6298828125,15129.08984375
2021-10-20,65992.8359375,93.55999755859375,1784.0999755859375,142.72999572753906,4536.18994140625,15121.6796875
2021-10-21,62210.171875,93.7699966430664,1781.199951171875,142.55999755859375,4549.77978515625,15215.7001953125
2021-10-22,60692.265625,93.61000061035156,1795.5,144.1300048828125,4544.89990234375,15090.2001953125
2021-10-25,63039.82421875,93.80999755859375,1806.0,143.91000366210938,4566.47998046875,15226.7099609375
2021-10-26,60363.79296875,93.94999694824219,1792.699951171875,145.10000610351562,4574.7900390625,15235.7099609375
2021-10-27,58482.38671875,93.86000061035156,1797.9000244140625,147.74000549316406,4551.68017578125,15235.83984375
2021-10-28,60622.13671875,93.3499984741211,1801.5999755859375,147.24000549316406,4596.419921875,15448.1201171875
2021-10-29,62227.96484375,94.12000274658203,1783.0,147.69000244140625,4605.3798828125,15498.3896484375
2021-11-01,61004.40625,93.87999725341797,1795.0999755859375,146.44000244140625,4613.669921875,15595.919921875
2021-11-02,63226.40234375,94.08999633789062,1788.699951171875,147.08999633789062,4630.64990234375,15649.599609375
2021-11-03,62970.046875,93.86000061035156,1763.5999755859375,145.57000732421875,4660.56982421875,15811.580078125
2021-11-04,61452.23046875,94.3499984741211,1793.0,147.10000610351562,4680.06005859375,15940.3095703125
2021-11-05,61125.67578125,94.31999969482422,1816.4000244140625,149.3000030517578,4697.52978515625,15971.58984375
2021-11-08,67566.828125,94.05000305175781,1827.4000244140625,149.02000427246094,4701.7001953125,15982.3603515625
2021-11-09,66971.828125,93.95999908447266,1830.199951171875,150.9600067138672,4685.25,15886.5400390625
2021-11-10,64995.23046875,94.8499984741211,1847.5999755859375,148.1999969482422,4646.7099609375,15622.7099609375
2021-11-11,64949.9609375,95.18000030517578,1863.199951171875,147.97999572753906,4649.27001953125,15704.2802734375
2021-11-12,64155.94140625,95.12999725341797,1867.9000244140625,147.3300018310547,4682.85009765625,15860.9599609375
2021-11-15,63557.87109375,95.41000366210938,1866.0999755859375,145.47999572753906,4682.7998046875,15853.849609375
2021-11-16,60161.24609375,95.91999816894531,1853.5999755859375,145.11000061035156,4700.89990234375,15973.8603515625
2021-11-17,60368.01171875,95.83000183105469,1869.699951171875,146.25999450683594,4688.669921875,15921.5703125
2021-11-18,56942.13671875,95.54000091552734,1861.0,146.80999755859375,4704.5400390625,15993.7099609375
2021-11-19,58119.578125,96.06999969482422,1851.199951171875,148.36000061035156,4697.9599609375,16057.4404296875
2021-11-22,56289.2890625,96.5,1806.0,146.6199951171875,4682.93994140625,15854.759765625
2021-11-23,57569.07421875,96.48999786376953,1783.5,144.5,4690.7001953125,15775.1396484375
2021-11-24,56280.42578125,96.83999633789062,1784.0999755859375,146.82000732421875,4701.4599609375,15845.23046875
2021-11-26,53569.765625,96.08999633789062,1785.300048828125,150.52999877929688,4594.6201171875,15491.66015625
2021-11-29,57806.56640625,96.33999633789062,1782.300048828125,149.32000732421875,4655.27001953125,15782.830078125
2021-11-30,57005.42578125,95.98999786376953,1773.5999755859375,151.58999633789062,4567.0,15537.6904296875
2021-12-01,57229.828125,96.05000305175781,1781.5999755859375,152.33999633789062,4513.0400390625,15254.0498046875
2021-12-02,56477.81640625,96.12999725341797,1760.699951171875,152.52999877929688,4577.10009765625,15381.3203125
2021-12-03,53598.24609375,96.12000274658203,1782.0,154.35000610351562,4538.43017578125,15085.4697265625
2021-12-06,50582.625,96.29000091552734,1777.5,152.22999572753906,4591.669921875,15225.150390625
2021-12-07,50700.0859375,96.37000274658203,1782.5999755859375,151.0,4686.75,15686.919921875
2021-12-08,50504.796875,95.88999938964844,1783.4000244140625,148.38999938964844,4701.2099609375,15786.990234375
2021-12-09,47672.12109375,96.2699966430664,1774.5999755859375,149.22000122070312,4667.4501953125,15517.3701171875
2021-12-10,47243.3046875,96.05000305175781,1782.9000244140625,148.86000061035156,4712.02001953125,15630.599609375
2021-12-13,46737.48046875,96.31999969482422,1786.300048828125,151.05999755859375,4668.97021484375,15413.2802734375
2021-12-14,46612.6328125,96.56999969482422,1770.4000244140625,150.6999969482422,4634.08984375,15237.6396484375
2021-12-15,48896.72265625,96.51000213623047,1762.5999755859375,149.25,4709.85009765625,15565.580078125
2021-12-16,47665.42578125,96.04000091552734,1796.5999755859375,149.13999938964844,4668.669921875,15180.4296875
2021-12-17,46202.14453125,96.56999969482422,1803.800048828125,150.8300018310547,4620.64013671875,15169.6796875
2021-12-20,46880.27734375,96.55000305175781,1793.699951171875,149.6999969482422,4568.02001953125,14980.9404296875
2021-12-21,48936.61328125,96.48999786376953,1787.9000244140625,149.1300048828125,4649.22998046875,15341.08984375
2021-12-22,48628.51171875,96.08000183105469,1801.5999755859375,149.82000732421875,4696.56005859375,15521.8896484375
2021-12-23,50784.5390625,96.0199966430664,1811.199951171875,148.52000427246094,4725.7900390625,15653.3701171875
2021-12-27,50640.41796875,96.08999633789062,1808.0999755859375,148.8800048828125,4791.18994140625,15871.259765625
2021-12-28,47588.85546875,96.19999694824219,1810.199951171875,148.2899932861328,4786.35009765625,15781.7197265625
2021-12-29,46444.7109375,95.93000030517578,1805.0999755859375,146.6699981689453,4793.06005859375,15766.2197265625
2021-12-30,47178.125,95.97000122070312,1812.699951171875,147.89999389648438,4778.72998046875,15741.5595703125
2021-12-31,46306.4453125,95.66999816894531,1827.5,148.19000244140625,4766.18017578125,15644.9697265625
2022-01-03,46458.1171875,96.23999786376953,1799.4000244140625,144.3000030517578,4796.56005859375,15832.7998046875
2022-01-04,45897.57421875,96.29000091552734,1814.0,143.6999969482422,4793.5400390625,15622.7197265625
2022-01-05,43569.00390625,96.19000244140625,1824.5999755859375,142.9199981689453,4700.580078125,15100.169921875
2022-01-06,43160.9296875,96.25,1788.699951171875,143.2899932861328,4696.0498046875,15080.8603515625
2022-01-07,41557.90234375,95.73999786376953,1797.0,142.25999450683594,4677.02978515625,14935.900390625
2022-01-10,41821.26171875,95.98999786376953,1798.4000244140625,142.61000061035156,4670.2900390625,14942.830078125
2022-01-11,42735.85546875,95.62000274658203,1818.5999755859375,143.55999755859375,4713.06982421875,15153.4501953125
2022-01-12,43949.1015625,95.0,1827.199951171875,143.00999450683594,4726.35009765625,15188.3896484375
2022-01-13,42591.5703125,94.79000091552734,1821.199951171875,144.27999877929688,4659.02978515625,14806.8095703125
2022-01-14,43099.69921875,95.16999816894531,1816.5,142.10000610351562,4662.85009765625,14893.75
2022-01-18,42375.6328125,95.7300033569336,1812.300048828125,140.10000610351562,4577.10986328125,14506.900390625
2022-01-19,41744.328125,95.51000213623047,1843.0999755859375,141.07000732421875,4532.759765625,14340.259765625
2022-01-20,40680.41796875,95.73999786376953,1842.5,141.94000244140625,4482.72998046875,14154.01953125
2022-01-21,36457.31640625,95.63999938964844,1831.800048828125,143.6300048828125,4397.93994140625,13768.919921875
2022-01-24,36654.328125,95.91999816894531,1841.699951171875,142.4499969482422,4410.1298828125,13855.1298828125
2022-01-25,36954.00390625,95.94999694824219,1852.699951171875,142.22000122070312,4356.4501953125,13539.2900390625
2022-01-26,36852.12109375,96.48999786376953,1829.9000244140625,140.5,4349.93017578125,13542.1201171875
2022-01-27,37138.234375,97.26000213623047,1793.300048828125,143.0800018310547,4326.509765625,13352.7802734375
2022-01-28,37784.33203125,97.2699966430664,1784.9000244140625,143.1300048828125,4431.85009765625,13770.5703125
2022-01-31,38483.125,96.54000091552734,1795.0,142.38999938964844,4515.5498046875,14239.8798828125
2022-02-01,38743.2734375,96.38999938964844,1800.300048828125,141.72000122070312,4546.5400390625,14346.0
2022-02-02,36952.984375,95.94000244140625,1809.199951171875,142.1999969482422,4589.3798828125,14417.5498046875
2022-02-03,37154.6015625,95.37999725341797,1803.0,141.08999633789062,4477.43994140625,13878.8203125
2022-02-04,41500.875,95.4800033569336,1806.5999755859375,139.00999450683594,4500.52978515625,14098.009765625
2022-02-07,43840.28515625,95.4000015258789,1820.5999755859375,139.10000610351562,4483.8701171875,14015.669921875
2022-02-08,44118.4453125,95.63999938964844,1826.5999755859375,138.1699981689453,4521.5400390625,14194.4501953125
2022-02-09,44338.796875,95.48999786376953,1835.199951171875,138.42999267578125,4587.18017578125,14490.3701171875
2022-02-10,43565.11328125,95.55000305175781,1836.199951171875,136.22999572753906,4504.080078125,14185.6396484375
2022-02-11,42407.9375,96.08000183105469,1840.800048828125,138.25,4418.64013671875,13791.150390625
2022-02-14,42586.91796875,96.37000274658203,1868.0,136.52999877929688,4401.669921875,13790.919921875
2022-02-15,44575.203125,95.98999786376953,1854.800048828125,134.97999572753906,4471.06982421875,14139.759765625
2022-02-16,43961.859375,95.69999694824219,1870.199951171875,135.77999877929688,4475.009765625,14124.08984375
2022-02-17,40538.01171875,95.80000305175781,1900.699951171875,136.7899932861328,4380.259765625,13716.7197265625
2022-02-18,40030.9765625,96.04000091552734,1898.5999755859375,138.22999572753906,4348.8701171875,13548.0703125
2022-02-22,38286.02734375,96.02999877929688,1906.0999755859375,138.58999633789062,4304.759765625,13381.51953125
2022-02-23,37296.5703125,96.19000244140625,1909.199951171875,136.67999267578125,4225.5,13037.490234375
2022-02-24,38332.609375,97.13999938964844,1925.0999755859375,136.77000427246094,4288.7001953125,13473.58984375
2022-02-25,39214.21875,96.62000274658203,1886.5,136.8699951171875,4384.64990234375,13694.6201171875
2022-02-28,43193.234375,96.70999908447266,1899.4000244140625,139.8699951171875,4373.93994140625,13751.400390625
2022-03-01,44354.63671875,97.41000366210938,1942.4000244140625,141.3000030517578,4306.259765625,13532.4599609375
2022-03-02,43924.1171875,97.38999938964844,1920.9000244140625,136.47000122070312,4386.5400390625,13752.01953125
2022-03-03,42451.7890625,97.79000091552734,1934.4000244140625,137.86000061035156,4363.490234375,13537.9404296875
2022-03-04,39137.60546875,98.6500015258789,1965.0999755859375,140.24000549316406,4328.8701171875,13313.4404296875
2022-03-07,38062.0390625,99.29000091552734,1993.9000244140625,139.1699981689453,4201.08984375,12830.9599609375
2022-03-08,38737.26953125,99.05999755859375,2040.0999755859375,137.77000427246094,4170.7001953125,12795.5498046875
2022-03-09,41982.92578125,97.97000122070312,1985.9000244140625,136.4199981689453,4277.8798828125,13255.5498046875
2022-03-10,39437.4609375,98.51000213623047,1998.0999755859375,134.4600067138672,4259.52001953125,13129.9599609375
2022-03-11,38794.97265625,99.12000274658203,1982.699951171875,134.91000366210938,4204.31005859375,12843.8095703125
2022-03-14,39666.75390625,99.05999755859375,1959.5999755859375,131.75999450683594,4173.10986328125,12581.2197265625
2022-03-15,39338.78515625,99.06999969482422,1928.5,131.52999877929688,4262.4501953125,12948.6201171875
2022-03-16,41143.9296875,98.37999725341797,1908.0,132.82000732421875,4357.85986328125,13436.5498046875
2022-03-17,40951.37890625,98.01000213623047,1942.0999755859375,131.8300018310547,4411.669921875,13614.7802734375
2022-03-18,41801.15625,98.2300033569336,1928.199951171875,133.44000244140625,4463.1201171875,13893.83984375
2022-03-21,41077.99609375,98.5,1928.5999755859375,130.35000610351562,4461.18017578125,13838.4599609375
2022-03-22,42358.80859375,98.48999786376953,1920.699951171875,128.67999267578125,4511.60986328125,14108.8203125
2022-03-23,42892.95703125,98.62000274658203,1936.5999755859375,131.5,4456.240234375,13922.599609375
2022-03-24,43960.93359375,98.79000091552734,1961.5999755859375,130.47000122070312,4520.16015625,14191.83984375
2022-03-25,44348.73046875,98.80999755859375,1953.800048828125,128.66000366210938,4543.06005859375,14169.2998046875
2022-03-28,47128.00390625,99.08999633789062,1939.5999755859375,129.75999450683594,4575.52001953125,14354.900390625
2022-03-29,47465.73046875,98.4000015258789,1912.0,130.74000549316406,4631.60009765625,14619.6396484375
2022-03-30,47062.6640625,97.79000091552734,1933.5,131.75999450683594,4602.4501953125,14442.26953125
2022-03-31,45538.67578125,98.30999755859375,1949.199951171875,132.0800018310547,4530.41015625,14220.51953125
2022-04-01,46281.64453125,98.62999725341797,1919.0999755859375,132.3800048828125,4545.85986328125,14261.5
2022-04-04,46622.67578125,98.98999786376953,1929.199951171875,131.4600067138672,4582.64013671875,14532.5498046875
2022-04-05,45555.9921875,99.47000122070312,1922.9000244140625,128.49000549316406,4525.1201171875,14204.169921875
2022-04-06,43206.73828125,99.5999984741211,1918.4000244140625,127.44999694824219,4481.14990234375,13888.8203125
2022-04-07,43503.84765625,99.75,1933.800048828125,126.48999786376953,4500.2099609375,13897.2998046875
2022-04-08,42287.6640625,99.80000305175781,1941.5999755859375,125.12000274658203,4488.27978515625,13711.0
2022-04-11,39521.90234375,99.93000030517578,1944.300048828125,123.13999938964844,4412.52978515625,13411.9599609375
2022-04-12,40127.18359375,100.29000091552734,1972.0999755859375,122.97000122070312,4397.4501953125,13371.5703125
2022-04-13,41166.73046875,99.87999725341797,1981.0,123.22000122070312,4446.58984375,13643.58984375
2022-04-14,39935.515625,100.31999969482422,1970.9000244140625,120.75,4392.58984375,13351.080078125
2022-04-18,40826.21484375,100.77999877929688,1982.9000244140625,120.1500015258789,4391.68994140625,13332.3603515625
2022-04-19,41502.75,100.95999908447266,1955.699951171875,119.25,4462.2099609375,13619.66015625
2022-04-20,41374.37890625,100.38999938964844,1952.300048828125,121.6500015258789,4459.4501953125,13453.0703125
2022-04-21,40527.36328125,100.58000183105469,1944.9000244140625,120.75,4393.66015625,13174.650390625
2022-04-22,39740.3203125,101.22000122070312,1931.0,119.98999786376953,4271.77978515625,12839.2900390625
2022-04-25,40458.30859375,101.75,1893.199951171875,121.19000244140625,4296.1201171875,13004.849609375
2022-04-26,38117.4609375,102.30000305175781,1901.4000244140625,122.41000366210938,4175.2001953125,12490.740234375
2022-04-27,39241.12109375,102.94999694824219,1885.9000244140625,120.83999633789062,4183.9599609375,12488.9296875
2022-04-28,39773.828125,103.62000274658203,1888.699951171875,121.0199966430664,4287.5,12871.5302734375
2022-04-29,38609.82421875,102.95999908447266,1909.300048828125,119.44999694824219,4131.93017578125,12334.6396484375
2022-05-02,38529.328125,103.73999786376953,1861.800048828125,117.18000030517578,4155.3798828125,12536.01953125
2022-05-03,37750.453125,103.47000122070312,1868.800048828125,117.97000122070312,4175.47998046875,12563.759765625
2022-05-04,39698.37109375,102.58999633789062,1867.0,118.62000274658203,4300.169921875,12964.8603515625
2022-05-05,36575.140625,103.75,1874.0,115.37000274658203,4146.8701171875,12317.6904296875
2022-05-06,36040.921875,103.66000366210938,1881.199951171875,113.66999816894531,4123.33984375,12144.66015625
2022-05-09,30296.953125,103.6500015258789,1857.0999755859375,114.66999816894531,3991.239990234375,11623.25
2022-05-10,31022.90625,103.91999816894531,1839.9000244140625,115.70999908447266,4001.050048828125,11737.669921875
2022-05-11,28936.35546875,103.8499984741211,1852.5999755859375,117.94000244140625,3935.179931640625,11364.240234375
2022-05-12,29047.751953125,104.8499984741211,1823.800048828125,117.72000122070312,3930.080078125,11370.9599609375
2022-05-13,29283.103515625,104.55999755859375,1807.4000244140625,115.9800033569336,4023.889892578125,11805.0
2022-05-16,29862.91796875,104.19000244140625,1813.5,115.86000061035156,4008.010009765625,11662.7900390625
2022-05-17,30425.857421875,103.36000061035156,1818.199951171875,114.45999908447266,4088.85009765625,11984.51953125
2022-05-18,28720.271484375,103.80999755859375,1815.9000244140625,116.9000015258789,3923.679931640625,11418.150390625
2022-05-19,30314.333984375,102.72000122070312,1841.199951171875,117.18000030517578,3900.7900390625,11388.5
2022-05-20,29200.740234375,103.1500015258789,1841.800048828125,118.51000213623047,3901.360107421875,11354.6201171875
2022-05-23,29098.91015625,102.08000183105469,1847.800048828125,116.55999755859375,3973.75,11535.26953125
2022-05-24,29655.5859375,101.86000061035156,1865.0999755859375,118.86000061035156,3941.47998046875,11264.4501953125
2022-05-25,29562.361328125,102.05999755859375,1846.199951171875,119.33000183105469,3978.72998046875,11434.740234375
2022-05-26,29267.224609375,101.83000183105469,1847.4000244140625,118.79000091552734,4057.840087890625,11740.650390625
2022-05-27,28627.57421875,101.66999816894531,1851.300048828125,119.08000183105469,4158.240234375,12131.1298828125
2022-05-31,31792.310546875,101.75,1842.699951171875,116.55999755859375,4132.14990234375,12081.3896484375
2022-06-01,29799.080078125,102.55000305175781,1843.300048828125,116.22000122070312,4101.22998046875,11994.4599609375
2022-06-02,30467.48828125,101.7699966430664,1866.5,116.27999877929688,4176.81982421875,12316.900390625
2022-06-03,29704.390625,102.13999938964844,1845.4000244140625,116.02999877929688,4108.5400390625,12012.73046875
2022-06-06,31370.671875,102.44000244140625,1839.199951171875,113.88999938964844,4121.43017578125,12061.3701171875
2022-06-07,31155.478515625,102.31999969482422,1847.5,115.12000274658203,4160.68017578125,12175.23046875
2022-06-08,30214.35546875,102.54000091552734,1851.9000244140625,114.0999984741211,4115.77001953125,12086.26953125
2022-06-09,30111.998046875,103.22000122070312,1848.800048828125,114.4800033569336,4017.820068359375,11754.23046875
2022-06-10,29083.8046875,104.1500015258789,1871.5,113.7699966430664,3900.860107421875,11340.01953125
2022-06-13,22487.388671875,105.08000183105469,1828.0,110.19999694824219,3749.6298828125,10809.23046875
2022-06-14,22206.79296875,105.5199966430664,1809.5,108.80999755859375,3735.47998046875,10828.349609375
2022-06-15,22572.83984375,105.16000366210938,1815.300048828125,110.83999633789062,3789.989990234375,11099.150390625
2022-06-16,20381.650390625,103.62999725341797,1845.699951171875,111.72000122070312,3666.77001953125,10646.099609375
2022-06-17,20471.482421875,104.69999694824219,1835.5999755859375,112.08000183105469,3674.840087890625,10798.349609375
2022-06-21,20710.59765625,104.44000244140625,1834.5999755859375,110.18000030517578,3764.7900390625,11069.2998046875
2022-06-22,19987.029296875,104.19999694824219,1834.300048828125,113.20999908447266,3759.889892578125,11053.080078125
2022-06-23,21085.876953125,104.43000030517578,1825.699951171875,114.13999938964844,3795.72998046875,11232.1904296875
2022-06-24,21231.65625,104.19000244140625,1826.5,112.55999755859375,3911.739990234375,11607.6201171875
2022-06-27,20735.478515625,103.94000244140625,1820.9000244140625,111.5999984741211,3900.110107421875,11524.5498046875
2022-06-28,20280.634765625,104.51000213623047,1817.5,112.12000274658203,3821.550048828125,11181.5400390625
2022-06-29,20104.0234375,105.11000061035156,1813.699951171875,113.87000274658203,3818.830078125,11177.8896484375
2022-06-30,19784.7265625,104.69000244140625,1804.0999755859375,114.87000274658203,3785.3798828125,11028.740234375
2022-07-01,19269.3671875,105.13999938964844,1798.9000244140625,115.81999969482422,3825.330078125,11127.849609375
2022-07-05,20190.115234375,106.5,1761.800048828125,116.7300033569336,3831.389892578125,11322.240234375
2022-07-06,20548.24609375,107.0999984741211,1734.9000244140625,114.7699966430664,3845.080078125,11361.849609375
2022-07-07,21637.587890625,107.12999725341797,1737.9000244140625,113.76000213623047,3902.6201171875,11621.349609375
2022-07-08,21731.1171875,107.01000213623047,1740.5999755859375,112.5,3899.3798828125,11635.3095703125
2022-07-11,19970.556640625,108.0199966430664,1730.0,114.44000244140625,3854.429931640625,11372.599609375
2022-07-12,19323.9140625,108.06999969482422,1723.300048828125,115.12000274658203,3818.800048828125,11264.73046875
2022-07-13,20212.07421875,107.95999908447266,1734.199951171875,116.44000244140625,3801.780029296875,11247.580078125
2022-07-14,20569.919921875,108.54000091552734,1704.5,115.48999786376953,3790.3798828125,11251.1904296875
2022-07-15,20836.328125,108.05999755859375,1702.4000244140625,116.13999938964844,3863.159912109375,11452.419921875
2022-07-18,22485.689453125,107.37000274658203,1709.199951171875,114.93000030517578,3830.85009765625,11360.0498046875
2022-07-19,23389.43359375,106.68000030517578,1710.0,114.30999755859375,3936.68994140625,11713.150390625
2022-07-20,23231.732421875,107.08000183105469,1699.5,114.61000061035156,3959.89990234375,11897.650390625
2022-07-21,23164.62890625,106.91000366210938,1712.699951171875,116.58999633789062,3998.949951171875,12059.6103515625
2022-07-22,22714.978515625,106.7300033569336,1727.0999755859375,118.55000305175781,3961.6298828125,11834.1103515625
2022-07-25,21361.701171875,106.4800033569336,1719.0,117.38999938964844,3966.840087890625,11782.669921875
2022-07-26,21239.75390625,107.19000244140625,1717.699951171875,117.4800033569336,3921.050048828125,11562.5703125
2022-07-27,22930.548828125,106.44999694824219,1719.0999755859375,116.81999969482422,4023.610107421875,12032.419921875
2022-07-28,23843.88671875,106.3499984741211,1750.300048828125,117.75,4072.429931640625,12162.58984375
2022-07-29,23804.6328125,105.9000015258789,1762.9000244140625,117.43000030517578,4130.2900390625,12390.6904296875
2022-08-01,23314.19921875,105.44999694824219,1769.0,120.04000091552734,4118.6298828125,12368.98046875
2022-08-02,22978.1171875,106.23999786376953,1771.0999755859375,117.5,4091.18994140625,12348.759765625
2022-08-03,22846.5078125,106.51000213623047,1758.0,119.3499984741211,4155.169921875,12668.16015625
2022-08-04,22630.95703125,105.69000244140625,1788.5,119.30999755859375,4151.93994140625,12720.580078125
2022-08-05,23289.314453125,106.62000274658203,1772.9000244140625,116.47000122070312,4145.18994140625,12657.5498046875
2022-08-08,23809.486328125,106.44000244140625,1786.800048828125,118.3499984741211,4140.06005859375,12644.4599609375
2022-08-09,23164.318359375,106.37000274658203,1794.0,117.88999938964844,4122.47021484375,12493.9296875
2022-08-10,23947.642578125,105.19999694824219,1795.5999755859375,117.12000274658203,4210.240234375,12854.7998046875
2022-08-11,23957.529296875,105.08999633789062,1789.699951171875,114.38999938964844,4207.27001953125,12779.91015625
2022-08-12,24402.818359375,105.62999725341797,1798.5999755859375,115.55000305175781,4280.14990234375,13047.1904296875
2022-08-15,24136.97265625,106.55000305175781,1781.4000244140625,115.44999694824219,4297.14013671875,13128.0498046875
2022-08-16,23883.291015625,106.5,1773.199951171875,115.93000030517578,4305.2001953125,13102.5498046875
2022-08-17,23335.998046875,106.56999969482422,1760.300048828125,114.72000122070312,4274.0400390625,12938.1201171875
2022-08-18,23212.73828125,107.4800033569336,1755.300048828125,114.88999938964844,4283.740234375,12965.33984375
2022-08-19,20877.552734375,108.16999816894531,1747.5999755859375,113.04000091552734,4228.47998046875,12705.2197265625
2022-08-22,21398.908203125,109.05000305175781,1734.0,112.66000366210938,4137.990234375,12381.5703125
2022-08-23,21528.087890625,108.62000274658203,1746.800048828125,112.04000091552734,4128.72998046875,12381.2998046875
2022-08-24,21395.01953125,108.68000030517578,1747.800048828125,111.22000122070312,4140.77001953125,12431.5302734375
2022-08-25,21600.904296875,108.47000122070312,1757.699951171875,112.7699966430664,4199.1201171875,12639.26953125
2022-08-26,20260.01953125,108.80000305175781,1736.0999755859375,113.62000274658203,4057.659912109375,12141.7099609375
2022-08-29,20297.994140625,108.83999633789062,1736.5999755859375,112.68000030517578,4030.610107421875,12017.669921875
2022-08-30,19796.80859375,108.7699966430664,1723.199951171875,112.95999908447266,3986.159912109375,11883.1396484375
2022-08-31,20049.763671875,108.69999694824219,1712.800048828125,111.87999725341797,3955.0,11816.2001953125
2022-09-01,20127.140625,109.69000244140625,1696.5999755859375,109.5999984741211,3966.85009765625,11785.1298828125
2022-09-02,19969.771484375,109.52999877929688,1709.800048828125,110.22000122070312,3924.260009765625,11630.8603515625
2022-09-06,18837.66796875,110.20999908447266,1700.4000244140625,107.48999786376953,3908.18994140625,11544.91015625
2022-09-07,19290.32421875,109.83999633789062,1715.300048828125,109.19000244140625,3979.8701171875,11791.900390625
2022-09-08,19329.833984375,109.70999908447266,1708.0,108.06999969482422,4006.179931640625,11862.1298828125
2022-09-09,21381.15234375,109.0,1716.199951171875,108.30999755859375,4067.360107421875,12112.3095703125
2022-09-12,22370.44921875,108.33000183105469,1728.0999755859375,107.41999816894531,4110.41015625,12266.41015625
2022-09-13,20296.70703125,109.81999969482422,1705.0,107.66999816894531,3932.68994140625,11633.5703125
2022-09-14,20241.08984375,109.66000366210938,1696.5,108.04000091552734,3946.010009765625,11719.6796875
2022-09-15,19701.2109375,109.73999786376953,1665.4000244140625,107.97000122070312,3901.35009765625,11552.3603515625
2022-09-16,19772.583984375,109.76000213623047,1671.699951171875,107.06999969482422,3873.330078125,11448.400390625
2022-09-19,19544.12890625,109.73999786376953,1666.199951171875,107.31999969482422,3899.889892578125,11535.01953125
2022-09-20,18890.7890625,110.22000122070312,1659.699951171875,106.25,3855.929931640625,11425.0498046875
2022-09-21,18547.400390625,110.63999938964844,1664.5999755859375,108.02999877929688,3789.929931640625,11220.1904296875
2022-09-22,19413.55078125,111.3499984741211,1670.800048828125,105.2699966430664,3757.989990234375,11066.8095703125
2022-09-23,19297.638671875,113.19000244140625,1645.300048828125,105.69999694824219,3693.22998046875,10867.9296875
2022-09-26,19222.671875,114.0999984741211,1623.300048828125,103.68000030517578,3655.0400390625,10802.919921875
2022-09-27,19110.546875,114.11000061035156,1626.699951171875,100.94999694824219,3647.2900390625,10829.5
2022-09-28,19426.720703125,112.5999984741211,1660.4000244140625,104.33000183105469,3719.0400390625,11051.6396484375
2022-09-29,19573.05078125,112.25,1658.5,103.79000091552734,3640.469970703125,10737.509765625
2022-09-30,19431.7890625,112.12000274658203,1662.4000244140625,102.44999694824219,3585.6201171875,10575.6201171875
2022-10-03,19623.580078125,111.75,1692.9000244140625,103.83000183105469,3678.429931640625,10815.4296875
2022-10-04,20336.84375,110.06999969482422,1721.0999755859375,103.54000091552734,3790.929931640625,11176.41015625
2022-10-05,20160.716796875,111.06999969482422,1711.4000244140625,102.55000305175781,3783.280029296875,11148.6396484375
2022-10-06,19955.443359375,112.26000213623047,1711.699951171875,101.9800033569336,3744.52001953125,11073.3095703125
2022-10-07,19546.849609375,112.80000305175781,1700.5,100.98999786376953,3639.659912109375,10652.400390625
2022-10-10,19141.484375,113.13999938964844,1667.300048828125,99.41999816894531,3612.389892578125,10542.099609375
2022-10-11,19051.41796875,113.22000122070312,1678.699951171875,99.86000061035156,3588.840087890625,10426.1904296875
2022-10-12,19157.4453125,113.31999969482422,1670.300048828125,100.3499984741211,3577.030029296875,10417.099609375
2022-10-13,19382.904296875,112.36000061035156,1670.0,99.38999938964844,3669.909912109375,10649.150390625
2022-10-14,19185.65625,113.30999755859375,1641.699951171875,98.56999969482422,3583.070068359375,10321.3896484375
2022-10-17,19550.7578125,112.04000091552734,1657.0,98.08999633789062,3677.949951171875,10675.7998046875
2022-10-18,19334.416015625,112.12999725341797,1649.0,98.31999969482422,3719.97998046875,10772.400390625
2022-10-19,19139.53515625,112.9800033569336,1627.5,96.52999877929688,3695.159912109375,10680.509765625
2022-10-20,19053.740234375,112.87999725341797,1630.800048828125,94.87999725341797,3665.780029296875,10614.83984375
2022-10-21,19172.46875,112.01000213623047,1651.0,93.16999816894531,3752.75,10859.7197265625
2022-10-24,19345.572265625,111.98999786376953,1648.699951171875,92.4000015258789,3797.340087890625,10952.6103515625
2022-10-25,20095.857421875,110.94999694824219,1652.800048828125,95.08999633789062,3859.110107421875,11199.1201171875
2022-10-26,20770.44140625,109.69999694824219,1664.0,96.45999908447266,3830.60009765625,10970.990234375
2022-10-27,20285.8359375,110.58999633789062,1660.699951171875,97.47000122070312,3807.300048828125,10792.669921875
2022-10-28,20595.3515625,110.66999816894531,1639.5999755859375,96.80000305175781,3901.06005859375,11102.4501953125
2022-10-31,20495.7734375,111.52999877929688,1635.9000244140625,96.11000061035156,3871.97998046875,10988.150390625
2022-11-01,20485.2734375,111.4800033569336,1645.0,96.7699966430664,3856.10009765625,10890.849609375
2022-11-02,20159.50390625,111.3499984741211,1645.699951171875,96.3499984741211,3759.68994140625,10524.7998046875
2022-11-03,20209.98828125,112.93000030517578,1627.300048828125,95.83000183105469,3719.889892578125,10342.9404296875
2022-11-04,21147.23046875,110.87999725341797,1672.5,94.22000122070312,3770.550048828125,10475.25
2022-11-07,20602.81640625,110.12000274658203,1676.5,93.27999877929688,3806.800048828125,10564.51953125
2022-11-08,18541.271484375,109.62000274658203,1712.0999755859375,94.30000305175781,3828.110107421875,10616.2001953125
2022-11-09,15880.7802734375,110.55000305175781,1710.0999755859375,94.61000061035156,3748.570068359375,10353.169921875
2022-11-10,17586.771484375,108.20999908447266,1750.300048828125,98.25,3956.3701171875,11114.150390625
2022-11-11,17034.29296875,106.29000091552734,1766.0,97.88999938964844,3992.929931640625,11323.330078125
2022-11-14,16618.19921875,106.66000366210938,1773.5999755859375,97.6500015258789,3957.25,11196.2197265625
2022-11-15,16884.61328125,106.4000015258789,1773.800048828125,99.2300033569336,3991.72998046875,11358.41015625
2022-11-16,16669.439453125,106.27999877929688,1773.0,101.4000015258789,3958.7900390625,11183.66015625
2022-11-17,16687.517578125,106.69000244140625,1760.800048828125,100.33000183105469,3946.56005859375,11144.9599609375
2022-11-18,16697.77734375,106.93000030517578,1751.9000244140625,99.63999938964844,3965.340087890625,11146.0595703125
2022-11-21,15787.2841796875,107.83999633789062,1737.4000244140625,100.05999755859375,3949.93994140625,11024.509765625
2022-11-22,16189.76953125,107.22000122070312,1738.300048828125,101.4800033569336,4003.580078125,11174.41015625
2022-11-23,16610.70703125,106.08000183105469,1744.9000244140625,103.25,4027.260009765625,11285.3203125
2022-11-25,16521.841796875,105.95999908447266,1753.300048828125,102.9000015258789,4026.1201171875,11226.3603515625
2022-11-28,16217.322265625,106.68000030517578,1740.0999755859375,103.19000244140625,3963.93994140625,11049.5
2022-11-29,16444.982421875,106.81999969482422,1748.4000244140625,101.9800033569336,3957.6298828125,10983.7802734375
2022-11-30,17168.56640625,105.94999694824219,1746.0,102.7300033569336,4080.110107421875,11468.0
2022-12-01,16967.1328125,104.7300033569336,1801.0999755859375,105.76000213623047,4076.570068359375,11482.4501953125
2022-12-02,17088.66015625,104.55000305175781,1795.9000244140625,107.08999633789062,4071.699951171875,11461.5
2022-12-05,16974.826171875,105.29000091552734,1767.4000244140625,105.58999633789062,3998.840087890625,11239.9404296875
2022-12-06,17089.50390625,105.58000183105469,1769.300048828125,106.94999694824219,3941.260009765625,11014.8896484375
2022-12-07,16848.126953125,105.0999984741211,1785.5,109.47000122070312,3933.919921875,10958.5498046875
2022-12-08,17233.474609375,104.7699966430664,1788.699951171875,109.16999816894531,3963.510009765625,11082.0
2022-12-09,17133.15234375,104.80999755859375,1798.0999755859375,106.33000183105469,3934.3798828125,11004.6201171875
2022-12-12,17206.4375,105.12999725341797,1780.5,106.66999816894531,3990.56005859375,11143.740234375
2022-12-13,17781.318359375,103.9800033569336,1813.9000244140625,107.69999694824219,4019.64990234375,11256.8095703125
2022-12-14,17815.650390625,103.7699966430664,1807.5,108.16000366210938,3995.320068359375,11170.8896484375
2022-12-15,17364.865234375,104.55999755859375,1777.199951171875,108.31999969482422,3895.75,10810.5302734375
2022-12-16,16647.484375,104.69999694824219,1790.0,107.11000061035156,3852.360107421875,10705.41015625
2022-12-19,16439.6796875,104.72000122070312,1787.699951171875,105.30999755859375,3817.659912109375,10546.0302734375
2022-12-20,16906.3046875,103.97000122070312,1815.9000244140625,103.44000244140625,3821.6201171875,10547.1103515625
2022-12-21,16817.53515625,104.16000366210938,1815.9000244140625,103.69999694824219,3878.43994140625,10709.3701171875
2022-12-22,16830.341796875,104.43000030517578,1787.0,103.68000030517578,3822.389892578125,10476.1201171875
2022-12-23,16796.953125,104.30999755859375,1795.9000244140625,102.16000366210938,3844.820068359375,10497.8603515625
2022-12-27,16717.173828125,104.18000030517578,1814.800048828125,100.13999938964844,3829.25,10353.23046875
2022-12-28,16552.572265625,104.45999908447266,1807.9000244140625,99.55000305175781,3783.219970703125,10213.2900390625
2022-12-29,16642.341796875,103.83999633789062,1819.5,100.68000030517578,3849.280029296875,10478.08984375
2022-12-30,16602.5859375,103.5199966430664,1819.699951171875,99.55999755859375,3839.5,10466.48046875
2023-01-03,16679.857421875,104.5199966430664,1839.699951171875,101.45999908447266,3824.139892578125,10386.98046875
2023-01-04,16863.23828125,104.25,1852.800048828125,102.8499984741211,3852.969970703125,10458.759765625
2023-01-05,16836.736328125,105.04000091552734,1834.800048828125,103.27999877929688,3808.10009765625,10305.240234375
2023-01-06,16951.96875,103.87999725341797,1864.199951171875,105.18000030517578,3895.080078125,10569.2900390625
2023-01-09,17196.5546875,103.0,1872.699951171875,105.73999786376953,3892.090087890625,10635.650390625
2023-01-10,17446.29296875,103.23999786376953,1871.5999755859375,103.98999786376953,3919.25,10742.6298828125
2023-01-11,17934.896484375,103.19000244140625,1874.5999755859375,105.68000030517578,3969.610107421875,10931.669921875
2023-01-12,18869.587890625,102.25,1895.5,107.76000213623047,3983.169921875,11001.099609375
2023-01-13,19909.57421875,102.19999694824219,1918.4000244140625,106.75,3999.090087890625,11079.16015625
2023-01-17,21161.51953125,102.38999938964844,1907.199951171875,106.05999755859375,3990.969970703125,11095.1103515625
2023-01-18,20688.78125,102.36000061035156,1904.4000244140625,108.62999725341797,3928.860107421875,10957.009765625
2023-01-19,21086.79296875,102.05999755859375,1922.0999755859375,107.94999694824219,3898.85009765625,10852.26953125
2023-01-20,22676.552734375,102.01000213623047,1926.4000244140625,106.19999694824219,3972.610107421875,11140.4296875
2023-01-23,22934.431640625,102.13999938964844,1927.0999755859375,105.69999694824219,4019.81005859375,11364.41015625
2023-01-24,22636.46875,101.91999816894531,1933.9000244140625,107.22000122070312,4016.949951171875,11334.26953125
2023-01-25,23117.859375,101.63999938964844,1941.199951171875,107.4800033569336,4016.219970703125,11313.3603515625
2023-01-26,23032.77734375,101.83999633789062,1929.0999755859375,106.9800033569336,4060.429931640625,11512.41015625
2023-01-27,23078.728515625,101.93000030517578,1928.5999755859375,106.70999908447266,4070.56005859375,11621.7099609375
2023-01-30,22840.138671875,102.27999877929688,1922.9000244140625,106.31999969482422,4017.77001953125,11393.8095703125
2023-01-31,23139.283203125,102.0999984741211,1929.5,107.16999816894531,4076.60009765625,11584.5498046875
2023-02-01,23723.76953125,101.22000122070312,1927.800048828125,108.18000030517578,4119.2099609375,11816.3203125
2023-02-02,23471.87109375,101.75,1916.300048828125,108.31999969482422,4179.759765625,12200.8203125
2023-02-03,23449.322265625,102.91999816894531,1862.9000244140625,106.69999694824219,4136.47998046875,12006.9501953125
2023-02-06,22760.109375,103.62000274658203,1866.199951171875,105.91000366210938,4111.080078125,11887.4501953125
2023-02-07,23264.291015625,103.43000030517578,1871.699951171875,105.05999755859375,4164.0,12113.7900390625
2023-02-08,22939.3984375,103.41000366210938,1877.4000244140625,105.55999755859375,4117.85986328125,11910.51953125
2023-02-09,21819.0390625,103.22000122070312,1866.199951171875,104.55999755859375,4081.5,11789.580078125
2023-02-10,21651.18359375,103.62999725341797,1862.800048828125,103.38999938964844,4090.4599609375,11718.1201171875
2023-02-13,21808.1015625,103.3499984741211,1851.9000244140625,104.26000213623047,4137.2900390625,11891.7900390625
2023-02-14,22220.8046875,103.2300033569336,1854.0,104.0199966430664,4136.1298828125,11960.150390625
2023-02-15,24307.841796875,103.91999816894531,1834.199951171875,103.05000305175781,4147.60009765625,12070.58984375
2023-02-16,23623.474609375,103.86000061035156,1842.0,101.58999633789062,4090.409912109375,11855.830078125
2023-02-17,24565.6015625,103.86000061035156,1840.4000244140625,102.37999725341797,4079.090087890625,11787.26953125
2023-02-21,24436.353515625,104.18000030517578,1833.0,100.38999938964844,3997.340087890625,11492.2998046875
2023-02-22,24188.84375,104.58999633789062,1832.0,101.30999755859375,3991.050048828125,11507.0703125
2023-02-23,23947.4921875,104.5999984741211,1818.0,102.30000305175781,4012.320068359375,11590.400390625
2023-02-24,23198.126953125,105.20999908447266,1808.800048828125,100.97000122070312,3970.0400390625,11394.9404296875
2023-02-27,23522.87109375,104.66999816894531,1817.0,101.25,3982.239990234375,11466.98046875
2023-02-28,23147.353515625,104.87000274658203,1828.9000244140625,101.70999908447266,3970.14990234375,11455.5400390625
2023-03-01,23646.55078125,104.4800033569336,1837.699951171875,100.37000274658203,3951.389892578125,11379.48046875
2023-03-02,23475.466796875,105.02999877929688,1833.5,99.4800033569336,3981.35009765625,11462.98046875
2023-03-03,22362.6796875,104.5199966430664,1847.699951171875,101.88999938964844,4045.639892578125,11689.009765625
2023-03-06,22429.7578125,104.3499984741211,1847.9000244140625,101.0999984741211,4048.419921875,11675.740234375
2023-03-07,22219.76953125,105.62000274658203,1813.9000244140625,101.72000122070312,3986.3701171875,11530.330078125
2023-03-08,21718.080078125,105.66000366210938,1812.699951171875,101.81999969482422,3992.010009765625,11576.0
2023-03-09,20363.021484375,105.30999755859375,1829.300048828125,102.06999969482422,3918.320068359375,11338.349609375
2023-03-10,20187.244140625,104.58000183105469,1862.0,105.58999633789062,3861.590087890625,11138.8896484375
2023-03-13,24197.533203125,103.5999984741211,1911.699951171875,105.83000183105469,3855.760009765625,11188.83984375
2023-03-14,24746.07421875,103.5999984741211,1906.199951171875,104.08999633789062,3919.2900390625,11428.150390625
2023-03-15,24375.9609375,104.6500015258789,1926.5999755859375,106.0999984741211,3891.929931640625,11434.0498046875
2023-03-16,25052.7890625,104.41999816894531,1919.0,105.2699966430664,3960.280029296875,11717.2802734375
2023-03-17,27423.9296875,103.70999908447266,1969.800048828125,106.8499984741211,3916.639892578125,11630.509765625
2023-03-20,27767.236328125,103.27999877929688,1979.199951171875,105.91000366210938,3951.570068359375,11675.5400390625
2023-03-21,28175.81640625,103.26000213623047,1938.0,105.0,4002.8701171875,11860.1103515625
2023-03-22,27307.4375,102.3499984741211,1946.800048828125,106.4000015258789,3936.969970703125,11669.9599609375
2023-03-23,28333.97265625,102.52999877929688,1993.800048828125,106.4000015258789,3948.719970703125,11787.400390625
2023-03-24,27493.28515625,103.12000274658203,1982.0999755859375,106.8499984741211,3970.989990234375,11823.9599609375
2023-03-27,27139.888671875,102.86000061035156,1952.4000244140625,104.33999633789062,3977.530029296875,11768.83984375
2023-03-28,27268.130859375,102.43000030517578,1972.4000244140625,104.52999877929688,3971.27001953125,11716.080078125
2023-03-29,28348.44140625,102.63999938964844,1966.0999755859375,104.31999969482422,4027.81005859375,11926.240234375
2023-03-30,28033.5625,102.13999938964844,1980.300048828125,104.80000305175781,4050.830078125,12013.4697265625
2023-03-31,28478.484375,102.51000213623047,1969.0,106.37000274658203,4109.31005859375,12221.91015625
2023-04-03,27790.220703125,102.08999633789062,1983.9000244140625,106.5999984741211,4124.509765625,12189.4501953125
2023-04-04,28168.08984375,101.58999633789062,2022.199951171875,107.12999725341797,4100.60009765625,12126.330078125
2023-04-05,28177.984375,101.8499984741211,2020.9000244140625,108.25,4090.3798828125,11996.8603515625
2023-04-06,28044.140625,101.81999969482422,2011.9000244140625,108.52999877929688,4105.02001953125,12087.9599609375
2023-04-10,29652.98046875,102.58000183105469,1989.0999755859375,106.77999877929688,4109.10986328125,12084.3603515625
2023-04-11,30235.05859375,102.19999694824219,2004.800048828125,107.0,4108.93994140625,12031.8798828125
2023-04-12,30139.052734375,101.5,2010.9000244140625,106.88999938964844,4091.949951171875,11929.33984375
2023-04-13,30399.06640625,101.01000213623047,2041.300048828125,106.05000305175781,4146.22021484375,12166.26953125
2023-04-14,30485.69921875,101.55000305175781,2002.199951171875,105.08000183105469,4137.64013671875,12123.4697265625
2023-04-17,29445.044921875,102.0999984741211,1994.199951171875,103.83000183105469,4151.31982421875,12157.7197265625
2023-04-18,30397.552734375,101.75,2007.4000244140625,104.19999694824219,4154.8701171875,12153.41015625
2023-04-19,28822.6796875,101.97000122070312,1995.199951171875,104.0999984741211,4154.52001953125,12157.23046875
2023-04-20,28245.98828125,101.83999633789062,2007.5999755859375,104.98999786376953,4129.7900390625,12059.5595703125
2023-04-21,27276.91015625,101.81999969482422,1979.5,104.4000015258789,4133.52001953125,12072.4599609375
2023-04-24,27525.33984375,101.3499984741211,1989.0999755859375,105.41000366210938,4137.0400390625,12037.2001953125
2023-04-25,28307.59765625,101.86000061035156,1994.0,106.95999908447266,4071.6298828125,11799.16015625
2023-04-26,28422.701171875,101.47000122070312,1985.699951171875,105.81999969482422,4055.989990234375,11854.349609375
2023-04-27,29473.787109375,101.5,1989.9000244140625,104.7699966430664,4135.35009765625,12142.240234375
2023-04-28,29340.26171875,101.66999816894531,1990.0999755859375,106.45999908447266,4169.47998046875,12226.580078125
2023-05-01,28091.568359375,102.1500015258789,1983.4000244140625,103.12999725341797,4167.8701171875,12212.599609375
2023-05-02,28680.537109375,101.95999908447266,2014.300048828125,105.69999694824219,4119.580078125,12080.509765625
2023-05-03,29006.30859375,101.33999633789062,2028.5999755859375,106.29000091552734,4090.75,12025.330078125
2023-05-04,28847.7109375,101.4000015258789,2048.0,105.23999786376953,4061.219970703125,11966.400390625
2023-05-05,29534.384765625,101.20999908447266,2017.4000244140625,104.88999938964844,4136.25,12235.41015625
2023-05-08,27694.2734375,101.37000274658203,2026.300048828125,103.41999816894531,4138.1201171875,12256.919921875
2023-05-09,27658.775390625,101.63999938964844,2036.199951171875,103.05000305175781,4119.169921875,12179.5498046875
2023-05-10,27621.755859375,101.4800033569336,2030.5,104.05000305175781,4137.64013671875,12306.4404296875
2023-05-11,27000.7890625,102.05999755859375,2014.699951171875,105.1500015258789,4130.6201171875,12328.509765625
2023-05-12,26804.990234375,102.68000030517578,2014.5,104.2699966430664,4124.080078125,12284.740234375
2023-05-15,27192.693359375,102.43000030517578,2018.0,103.19000244140625,4136.27978515625,12365.2099609375
2023-05-16,27036.650390625,102.55999755859375,1988.4000244140625,102.87999725341797,4109.89990234375,12343.0498046875
2023-05-17,27398.802734375,102.87999725341797,1980.699951171875,102.58000183105469,4158.77001953125,12500.5703125
2023-05-18,26832.208984375,103.58000183105469,1956.5,101.81999969482422,4198.0498046875,12688.83984375
2023-05-19,26890.12890625,103.19999694824219,1978.699951171875,101.0999984741211,4191.97998046875,12657.900390625
2023-05-22,26851.27734375,103.19999694824219,1974.800048828125,100.73999786376953,4192.6298828125,12720.7802734375
2023-05-23,27225.7265625,103.48999786376953,1972.4000244140625,101.02999877929688,4145.580078125,12560.25
2023-05-24,26334.818359375,103.88999938964844,1962.800048828125,100.52999877929688,4115.240234375,12484.16015625
2023-05-25,26476.20703125,104.20999908447266,1943.0999755859375,100.27999877929688,4151.27978515625,12698.08984375
2023-05-26,26719.291015625,104.20999908447266,1944.0999755859375,101.08999633789062,4205.4501953125,12975.6904296875
2023-05-30,27702.349609375,104.16999816894531,1958.0,102.0999984741211,4205.52001953125,13017.4296875
2023-05-31,27219.658203125,104.31999969482422,1963.9000244140625,102.98999786376953,4179.830078125,12935.2900390625
2023-06-01,26819.97265625,103.55999755859375,1978.0,103.12000274658203,4221.02001953125,13100.98046875
2023-06-02,27249.58984375,104.0199966430664,1952.4000244140625,101.98999786376953,4282.3701171875,13240.76953125
2023-06-05,25760.09765625,104.0,1958.0,101.80000305175781,4273.7900390625,13229.4296875
2023-06-06,27238.783203125,104.12999725341797,1965.5,102.4000015258789,4283.85009765625,13276.419921875
2023-06-07,26345.998046875,104.0999984741211,1942.699951171875,100.87999725341797,4267.52001953125,13104.900390625
2023-06-08,26508.216796875,103.33999633789062,1963.5999755859375,102.05999755859375,4293.93017578125,13238.51953125
2023-06-09,26480.375,103.55999755859375,1962.199951171875,101.91999816894531,4298.85986328125,13259.1396484375
2023-06-12,25902.5,103.62999725341797,1955.300048828125,102.22000122070312,4338.93017578125,13461.919921875
2023-06-13,25918.728515625,103.33999633789062,1944.5999755859375,101.20999908447266,4369.009765625,13573.3203125
2023-06-14,25124.67578125,103.01000213623047,1955.300048828125,102.0199966430664,4372.58984375,13626.48046875
2023-06-15,25576.39453125,102.12000274658203,1957.800048828125,103.0,4425.83984375,13782.8203125
2023-06-16,26327.462890625,102.30000305175781,1958.4000244140625,102.5999984741211,4409.58984375,13689.5703125
2023-06-20,28327.48828125,102.54000091552734,1935.5,103.30999755859375,4388.7099609375,13667.2900390625
2023-06-21,30027.296875,102.06999969482422,1933.300048828125,103.55999755859375,4365.68994140625,13502.2001953125
2023-06-22,29912.28125,102.38999938964844,1912.699951171875,102.30999755859375,4381.89013671875,13630.6103515625
2023-06-23,30695.46875,102.9000015258789,1919.0999755859375,103.33000183105469,4348.330078125,13492.51953125
2023-06-26,30271.130859375,102.69000244140625,1923.699951171875,103.44000244140625,4328.81982421875,13335.7802734375
2023-06-27,30688.1640625,102.48999786376953,1914.0,103.16999816894531,4378.41015625,13555.669921875
2023-06-28,30086.24609375,102.91000366210938,1912.300048828125,103.61000061035156,4376.85986328125,13591.75
2023-06-29,30445.3515625,103.33999633789062,1909.199951171875,101.73999786376953,4396.43994140625,13591.330078125
2023-06-30,30477.251953125,102.91000366210938,1921.0999755859375,102.94000244140625,4450.3798828125,13787.919921875
2023-07-03,31156.439453125,102.98999786376953,1921.699951171875,102.08000183105469,4455.58984375,13816.76953125
2023-07-05,30514.166015625,103.37000274658203,1919.5999755859375,101.11000061035156,4446.81982421875,13791.650390625
2023-07-06,29909.337890625,103.16999816894531,1908.699951171875,99.68000030517578,4411.58984375,13679.0400390625
2023-07-07,30342.265625,102.2699966430664,1926.199951171875,99.08000183105469,4398.9501953125,13660.7197265625
2023-07-10,30414.470703125,101.97000122070312,1925.0,99.20999908447266,4409.52978515625,13685.48046875
2023-07-11,30620.951171875,101.7300033569336,1931.300048828125,99.72000122070312,4439.259765625,13760.7001953125
2023-07-12,30391.646484375,100.5199966430664,1956.199951171875,100.83000183105469,4472.16015625,13918.9599609375
2023-07-13,31476.048828125,99.7699966430664,1959.199951171875,101.88999938964844,4510.0400390625,14138.5703125
2023-07-14,30334.068359375,99.91000366210938,1960.0999755859375,101.29000091552734,4505.419921875,14113.7001953125
2023-07-17,30145.888671875,99.83999633789062,1952.4000244140625,101.33999633789062,4522.7900390625,14244.9501953125
2023-07-18,29856.5625,99.94000244140625,1977.199951171875,101.80000305175781,4554.97998046875,14353.6396484375
2023-07-19,29913.923828125,100.27999877929688,1977.5,102.94999694824219,4565.72021484375,14358.01953125
2023-07-20,29792.015625,100.87999725341797,1968.300048828125,101.69999694824219,4534.8701171875,14063.3095703125
2023-07-21,29908.744140625,101.06999969482422,1964.300048828125,101.7300033569336,4536.33984375,14032.8095703125
2023-07-24,29176.916015625,101.3499984741211,1960.300048828125,101.36000061035156,4554.64013671875,14058.8701171875
2023-07-25,29227.390625,101.3499984741211,1962.0999755859375,101.16999816894531,4567.4599609375,14144.5595703125
2023-07-26,29354.97265625,100.88999938964844,1968.9000244140625,101.2699966430664,4566.75,14127.2802734375
2023-07-27,29210.689453125,101.7699966430664,1945.4000244140625,99.30000305175781,4537.41015625,14050.1103515625
2023-07-28,29319.24609375,101.62000274658203,1960.4000244140625,99.80999755859375,4582.22998046875,14316.66015625
2023-07-31,29230.111328125,101.86000061035156,1970.5,100.05000305175781,4588.9599609375,14346.01953125
2023-08-01,29675.732421875,102.30000305175781,1940.699951171875,98.13999938964844,4576.72998046875,14283.91015625
2023-08-02,29151.958984375,102.58999633789062,1937.4000244140625,97.08999633789062,4513.39013671875,13973.4501953125
2023-08-03,29178.6796875,102.54000091552734,1932.0,94.8499984741211,4501.89013671875,13959.7197265625
2023-08-04,29074.091796875,102.0199966430664,1939.5999755859375,96.52999877929688,4478.02978515625,13909.240234375
2023-08-07,29180.578125,102.05000305175781,1933.5,95.58000183105469,4518.43994140625,13994.400390625
2023-08-08,29765.4921875,102.52999877929688,1924.0999755859375,96.69000244140625,4499.3798828125,13884.3203125
2023-08-09,29561.494140625,102.48999786376953,1915.4000244140625,97.19000244140625,4467.7099609375,13722.01953125
2023-08-10,29429.591796875,102.5199966430664,1914.4000244140625,95.58999633789062,4468.830078125,13737.990234375
2023-08-11,29397.71484375,102.83999633789062,1912.9000244140625,95.37000274658203,4464.0498046875,13644.849609375
2023-08-14,29408.443359375,103.19000244140625,1910.5999755859375,95.16000366210938,4489.72021484375,13788.330078125
2023-08-15,29170.34765625,103.20999908447266,1902.5,94.58000183105469,4437.85986328125,13631.0498046875
2023-08-16,28701.779296875,103.41999816894531,1896.0999755859375,93.83999633789062,4404.330078125,13474.6298828125
2023-08-17,26664.55078125,103.44000244140625,1884.0999755859375,93.44000244140625,4370.35986328125,13316.9296875
2023-08-18,26049.556640625,103.37999725341797,1886.0999755859375,93.7699966430664,4369.7099609375,13290.7802734375
2023-08-21,26124.140625,103.33000183105469,1893.300048828125,92.5199966430664,4399.77001953125,13497.58984375
2023-08-22,26031.65625,103.55999755859375,1896.4000244140625,93.2300033569336,4387.5498046875,13505.8701171875
2023-08-23,26431.640625,103.36000061035156,1918.5,95.54000091552734,4436.009765625,13721.0302734375
2023-08-24,26162.373046875,103.9800033569336,1918.199951171875,94.91000366210938,4376.31005859375,13463.9697265625
2023-08-25,26047.66796875,104.08000183105469,1911.0999755859375,95.22000122070312,4405.7099609375,13590.650390625
2023-08-28,26106.150390625,104.05999755859375,1917.9000244140625,95.31999969482422,4433.31005859375,13705.1298828125
2023-08-29,27727.392578125,103.55000305175781,1936.5,96.30999755859375,4497.6298828125,13943.759765625
2023-08-30,27297.265625,103.16000366210938,1944.300048828125,96.20999908447266,4514.8701171875,14019.3095703125
2023-08-31,25931.47265625,103.62000274658203,1938.199951171875,96.63999938964844,4507.66015625,14034.9697265625
2023-09-01,25800.724609375,104.23999786376953,1939.800048828125,94.8499984741211,4515.77001953125,14031.8095703125
2023-09-05,25779.982421875,104.80999755859375,1926.199951171875,93.5199966430664,4496.830078125,14020.9501953125
2023-09-06,25753.236328125,104.86000061035156,1918.0999755859375,93.75,4465.47998046875,13872.4697265625
2023-09-07,26240.1953125,105.05999755859375,1917.5,94.01000213623047,4451.14013671875,13748.830078125
2023-09-08,25905.654296875,105.08999633789062,1918.4000244140625,94.37000274658203,4457.490234375,13761.5302734375
2023-09-11,25162.654296875,104.56999969482422,1923.300048828125,93.69000244140625,4487.4599609375,13917.8896484375
2023-09-12,25833.34375,104.70999908447266,1911.300048828125,94.2300033569336,4461.89990234375,13773.6103515625
2023-09-13,26228.32421875,104.7699966430664,1909.0999755859375,94.20999908447266,4467.43994140625,13813.58984375
2023-09-14,26539.673828125,105.41000366210938,1910.0,93.52999877929688,4505.10009765625,13926.0498046875
2023-09-15,26608.693359375,105.31999969482422,1923.699951171875,92.95999908447266,4450.31982421875,13708.330078125
2023-09-18,26754.28125,105.19999694824219,1931.5,93.48999786376953,4453.52978515625,13710.240234375
2023-09-19,27211.1171875,105.19999694824219,1932.0,92.80000305175781,4443.9501953125,13678.1904296875
2023-09-20,27132.0078125,105.16000366210938,1945.5999755859375,93.08999633789062,4402.2001953125,13469.1298828125
2023-09-21,26567.6328125,105.36000061035156,1919.199951171875,90.69999694824219,4330.0,13223.98046875
2023-09-22,26579.568359375,105.58000183105469,1925.4000244140625,91.43000030517578,4320.06005859375,13211.8095703125
2023-09-25,26298.48046875,106.0,1916.5999755859375,89.18000030517578,4337.43994140625,13271.3203125
2023-09-26,26217.25,106.2300033569336,1900.4000244140625,88.87000274658203,4273.52978515625,13063.6103515625
2023-09-27,26352.716796875,106.66999816894531,1871.5999755859375,88.41000366210938,4274.509765625,13092.849609375
2023-09-28,27021.546875,106.22000122070312,1860.4000244140625,88.68000030517578,4299.7001953125,13201.2802734375
2023-09-29,26911.720703125,106.16999816894531,1848.0999755859375,88.69000244140625,4288.0498046875,13219.3203125
2023-10-02,27530.78515625,106.9000015258789,1830.0,86.93000030517578,4288.39013671875,13307.76953125
2023-10-03,27429.978515625,107.0,1824.5999755859375,85.05999755859375,4229.4501953125,13059.4697265625
2023-10-04,27799.39453125,106.80000305175781,1818.5,86.26000213623047,4263.75,13236.009765625
2023-10-05,27415.912109375,106.33000183105469,1816.5999755859375,85.83000183105469,4258.18994140625,13219.830078125
2023-10-06,27946.59765625,106.04000091552734,1830.199951171875,84.79000091552734,4308.5,13431.33984375
2023-10-09,27583.677734375,106.08000183105469,1849.5,86.77999877929688,4335.66015625,13484.240234375
2023-10-10,27391.01953125,105.83000183105469,1861.0,86.66000366210938,4358.240234375,13562.83984375
2023-10-11,26873.3203125,105.81999969482422,1872.800048828125,88.47000122070312,4376.9501953125,13659.6796875
2023-10-12,26756.798828125,106.56999969482422,1869.300048828125,86.06999969482422,4349.60986328125,13574.2197265625
2023-10-13,26862.375,106.6500015258789,1927.4000244140625,87.61000061035156,4327.77978515625,13407.23046875
2023-10-16,28519.466796875,106.23999786376953,1921.0999755859375,86.19999694824219,4373.6298828125,13567.98046875
2023-10-17,28415.748046875,106.25,1922.699951171875,85.25,4373.2001953125,13533.75
2023-10-18,28328.341796875,106.56999969482422,1955.300048828125,84.5,4314.60009765625,13314.2998046875
2023-10-19,28719.806640625,106.25,1968.4000244140625,82.7699966430664,4278.0,13186.1796875
2023-10-20,29682.94921875,106.16000366210938,1982.5,83.23999786376953,4224.16015625,12983.8095703125
2023-10-23,33086.234375,105.54000091552734,1976.300048828125,84.23999786376953,4217.0400390625,13018.330078125
2023-10-24,33901.52734375,106.2699966430664,1975.0,85.3499984741211,4247.68017578125,13139.8701171875
2023-10-25,34502.8203125,106.52999877929688,1984.0999755859375,83.44999694824219,4186.77001953125,12821.2197265625
2023-10-26,34156.6484375,106.5999984741211,1987.199951171875,84.7300033569336,4137.22998046875,12595.6103515625
2023-10-27,33909.80078125,106.55999755859375,1988.5999755859375,84.37000274658203,4117.3701171875,12643.009765625
2023-10-30,34502.36328125,106.12000274658203,1996.199951171875,83.98999786376953,4166.81982421875,12789.48046875
2023-10-31,34667.78125,106.66000366210938,1985.199951171875,83.58000183105469,4193.7998046875,12851.240234375
2023-11-01,35437.25390625,106.87999725341797,1978.800048828125,85.0999984741211,4237.85986328125,13061.4697265625
2023-11-02,34938.2421875,106.12000274658203,1985.5999755859375,87.04000091552734,4317.77978515625,13294.1904296875
2023-11-03,34732.32421875,105.0199966430664,1991.5,87.62999725341797,4358.33984375,13478.2802734375
2023-11-06,35037.37109375,105.22000122070312,1981.5999755859375,86.77999877929688,4365.97998046875,13518.7802734375
2023-11-07,35443.5625,105.54000091552734,1966.800048828125,88.05999755859375,4378.3798828125,13639.8603515625
2023-11-08,35655.27734375,105.58999633789062,1951.5,89.55999755859375,4382.77978515625,13650.41015625
2023-11-09,36693.125,105.91000366210938,1964.199951171875,87.5,4347.35009765625,13521.4501953125
2023-11-10,37313.96875,105.86000061035156,1932.5999755859375,87.98999786376953,4415.240234375,13798.1103515625
2023-11-13,36502.35546875,105.66000366210938,1945.5,87.79000091552734,4411.5498046875,13767.740234375
2023-11-14,35537.640625,104.11000061035156,1961.800048828125,89.77999877929688,4495.7001953125,14094.3798828125
2023-11-15,37880.58203125,104.38999938964844,1960.0999755859375,88.5199966430664,4502.8798828125,14103.83984375
2023-11-16,36154.76953125,104.37000274658203,1983.9000244140625,89.62000274658203,4508.240234375,14113.669921875
2023-11-17,36596.68359375,103.81999969482422,1981.5999755859375,90.04000091552734,4514.02001953125,14125.48046875
2023-11-20,37476.95703125,103.47000122070312,1977.699951171875,90.58999633789062,4547.3798828125,14284.5302734375
2023-11-21,35813.8125,103.58999633789062,1999.300048828125,90.55000305175781,4538.18994140625,14199.98046875
2023-11-22,37432.33984375,103.91999816894531,1991.4000244140625,90.87000274658203,4556.6201171875,14265.8603515625
2023-11-24,37720.28125,103.4000015258789,2002.199951171875,89.80000305175781,4559.33984375,14250.849609375
2023-11-27,37254.16796875,103.19999694824219,2011.800048828125,91.30000305175781,4550.43017578125,14241.01953125
2023-11-28,37831.0859375,102.75,2039.699951171875,91.4800033569336,4554.89013671875,14281.759765625
2023-11-29,37858.4921875,102.7699966430664,2047.0999755859375,92.62999725341797,4550.580078125,14258.490234375
2023-11-30,37712.74609375,103.5,2038.0999755859375,91.55999755859375,4567.7998046875,14226.2197265625
2023-12-01,38688.75,103.2699966430664,2071.0,92.98999786376953,4594.6298828125,14305.0302734375
2023-12-04,41980.09765625,103.63999938964844,2024.0999755859375,92.62000274658203,4569.77978515625,14185.490234375
2023-12-05,44080.6484375,104.05000305175781,2018.5,94.61000061035156,4567.18017578125,14229.91015625
2023-12-06,43746.4453125,104.1500015258789,2030.5,95.87000274658203,4549.33984375,14146.7099609375
2023-12-07,43292.6640625,103.54000091552734,2029.9000244140625,95.31999969482422,4585.58984375,14339.990234375
2023-12-08,44166.6015625,104.01000213623047,1998.300048828125,94.54000091552734,4604.3701171875,14403.9697265625
2023-12-11,41243.83203125,104.0999984741211,1978.0,94.33999633789062,4622.43994140625,14432.490234375
2023-12-12,41450.22265625,103.87000274658203,1977.800048828125,94.62000274658203,4643.7001953125,14533.400390625
2023-12-13,42890.7421875,102.87000274658203,1982.300048828125,96.83999633789062,4707.08984375,14733.9599609375
2023-12-14,43023.97265625,101.95999908447266,2030.199951171875,99.04000091552734,4719.5498046875,14761.5595703125
2023-12-15,41929.7578125,102.55000305175781,2021.0999755859375,99.1500015258789,4719.18994140625,14813.919921875
2023-12-18,42623.5390625,102.51000213623047,2026.300048828125,98.36000061035156,4740.56005859375,14904.8095703125
2023-12-19,42270.52734375,102.16999816894531,2038.4000244140625,98.88999938964844,4768.3701171875,15003.2197265625
2023-12-20,43652.25,102.41000366210938,2034.5,99.55999755859375,4698.35009765625,14777.9404296875
2023-12-21,43869.15234375,101.83999633789062,2039.0999755859375,98.93000030517578,4746.75,14963.8701171875
2023-12-22,43997.90234375,101.69999694824219,2057.10009765625,98.4800033569336,4754.6298828125,14992.9697265625
2023-12-26,42520.40234375,101.47000122070312,2058.199951171875,98.76000213623047,4774.75,15074.5703125
2023-12-27,43442.85546875,100.98999786376953,2081.89990234375,100.51000213623047,4781.580078125,15099.1796875
2023-12-28,42627.85546875,101.2300033569336,2073.89990234375,99.77999877929688,4783.35009765625,15095.1396484375
2023-12-29,42099.40234375,101.33000183105469,2062.39990234375,98.87999725341797,4769.830078125,15011.349609375
2024-01-02,44957.96875,102.19999694824219,2064.39990234375,98.30999755859375,4742.830078125,14765.9404296875
2024-01-03,42848.17578125,102.45999908447266,2034.199951171875,98.72000122070312,4704.81005859375,14592.2099609375
2024-01-04,44179.921875,102.41999816894531,2042.300048828125,97.22000122070312,4688.68017578125,14510.2998046875
2024-01-05,44162.69140625,102.41000366210938,2042.4000244140625,96.29000091552734,4697.240234375,14524.0703125
2024-01-08,46970.50390625,102.20999908447266,2026.5999755859375,97.23999786376953,4763.5400390625,14843.76953125
2024-01-09,46139.73046875,102.56999969482422,2026.4000244140625,96.62000274658203,4756.5,14857.7099609375
2024-01-10,46627.77734375,102.36000061035156,2021.699951171875,96.16999816894531,4783.4501953125,14969.650390625
2024-01-11,46368.5859375,102.29000091552734,2014.300048828125,96.70999908447266,4780.240234375,14970.1904296875
2024-01-12,42853.16796875,102.4000015258789,2046.699951171875,96.5199966430664,4783.830078125,14972.759765625
2024-01-16,43154.9453125,103.36000061035156,2026.0,94.81999969482422,4765.97998046875,14944.349609375
2024-01-17,42742.65234375,103.44999694824219,2002.5999755859375,94.66999816894531,4739.2099609375,14855.6201171875
2024-01-18,41262.05859375,103.54000091552734,2018.5999755859375,93.79000091552734,4780.93994140625,15055.650390625
2024-01-19,41618.40625,103.29000091552734,2026.5,94.08999633789062,4839.81005859375,15310.9697265625
2024-01-22,39507.3671875,103.33000183105469,2019.800048828125,94.6500015258789,4850.43017578125,15360.2900390625
2024-01-23,39845.55078125,103.62000274658203,2023.699951171875,93.9000015258789,4864.60009765625,15425.9404296875
2024-01-24,40077.07421875,103.23999786376953,2013.9000244140625,93.3499984741211,4868.5498046875,15481.919921875
2024-01-25,39933.80859375,103.56999969482422,2016.9000244140625,93.95999908447266,4894.16015625,15510.5
2024-01-26,41816.87109375,103.47000122070312,2016.800048828125,93.77999877929688,4890.97021484375,15455.3603515625
2024-01-29,43288.24609375,103.61000061035156,2025.199951171875,94.86000061035156,4927.93017578125,15628.0400390625
2024-01-30,42952.609375,103.4000015258789,2031.5,95.72000122070312,4924.97021484375,15509.900390625
2024-01-31,42582.60546875,103.2699966430664,2048.39990234375,96.66000366210938,4845.64990234375,15164.009765625
2024-02-01,43075.7734375,103.05000305175781,2053.0,98.23999786376953,4906.18994140625,15361.6396484375
2024-02-02,43185.859375,103.91999816894531,2036.0999755859375,96.06999969482422,4958.60986328125,15628.9501953125
2024-02-05,42658.66796875,104.44999694824219,2025.699951171875,94.12999725341797,4942.81005859375,15597.6796875
2024-02-06,43084.671875,104.18000030517578,2034.5,95.05000305175781,4954.22998046875,15609.0
2024-02-07,44318.22265625,104.04000091552734,2035.199951171875,94.58999633789062,4995.06005859375,15756.6396484375
2024-02-08,45301.56640625,104.1500015258789,2032.199951171875,94.04000091552734,4997.91015625,15793.7099609375
2024-02-09,47147.19921875,104.08000183105469,2023.300048828125,93.8499984741211,5026.60986328125,15990.66015625
2024-02-12,49958.22265625,104.16999816894531,2018.199951171875,93.95999908447266,5021.83984375,15942.5498046875
2024-02-13,49742.44140625,104.95999908447266,1992.9000244140625,92.3499984741211,4953.169921875,15655.599609375
2024-02-14,51826.6953125,104.72000122070312,1990.300048828125,92.81999969482422,5000.6201171875,15859.150390625
2024-02-15,51938.5546875,104.30000305175781,2002.0999755859375,93.30000305175781,5029.72998046875,15906.169921875
2024-02-16,52160.203125,104.27999877929688,2011.5,92.76000213623047,5005.56982421875,15775.650390625
2024-02-20,52284.875,104.08000183105469,2027.5,92.83999633789062,4975.509765625,15630.7802734375
2024-02-21,51839.1796875,104.01000213623047,2022.300048828125,92.18000030517578,4981.7998046875,15580.8701171875
2024-02-22,51304.97265625,103.95999908447266,2019.699951171875,92.62999725341797,5087.02978515625,16041.6201171875
2024-02-23,50731.94921875,103.94000244140625,2038.5999755859375,93.87000274658203,5088.7998046875,15996.8203125
2024-02-26,54522.40234375,103.83000183105469,2028.5,93.58999633789062,5069.52978515625,15976.25
2024-02-27,57085.37109375,103.83000183105469,2034.0,92.93000030517578,5078.18017578125,16035.2998046875
2024-02-28,62504.7890625,103.9800033569336,2033.0,93.5199966430664,5069.759765625,15947.740234375
2024-02-29,61198.3828125,104.16000366210938,2045.699951171875,94.18000030517578,5096.27001953125,16091.919921875
2024-03-01,62440.6328125,103.86000061035156,2086.89990234375,94.47000122070312,5137.080078125,16274.9404296875
2024-03-04,68330.4140625,103.83000183105469,2117.699951171875,94.08999633789062,5130.9501953125,16207.509765625
2024-03-05,63801.19921875,103.80000305175781,2133.5,95.43000030517578,5078.64990234375,15939.58984375
2024-03-06,66106.8046875,103.37000274658203,2150.300048828125,95.98999786376953,5104.759765625,16031.5400390625
2024-03-07,66925.484375,102.81999969482422,2158.0,95.9000015258789,5157.35986328125,16273.3798828125
2024-03-08,68300.09375,102.73999786376953,2178.60009765625,95.7300033569336,5123.68994140625,16085.1103515625
2024-03-11,72123.90625,102.87000274658203,2182.5,95.68000030517578,5117.93994140625,16019.26953125
2024-03-12,71481.2890625,102.95999908447266,2160.39990234375,94.87999725341797,5175.27001953125,16265.6396484375
2024-03-13,73083.5,102.79000091552734,2175.39990234375,94.41999816894531,5165.31005859375,16177.76953125
2024-03-14,71396.59375,103.36000061035156,2163.0,92.97000122070312,5150.47998046875,16128.5302734375
2024-03-15,69403.7734375,103.43000030517578,2157.300048828125,92.94000244140625,5117.08984375,15973.169921875
2024-03-18,67548.59375,103.58000183105469,2160.699951171875,92.66000366210938,5149.419921875,16103.4501953125
2024-03-19,61912.7734375,103.80999755859375,2156.300048828125,92.91999816894531,5178.509765625,16166.7900390625
2024-03-20,67913.671875,103.41000366210938,2157.89990234375,92.88999938964844,5224.6201171875,16369.41015625
2024-03-21,65491.390625,104.0,2182.39990234375,93.08999633789062,5241.52978515625,16401.83984375
2024-03-22,63778.76171875,104.43000030517578,2158.10009765625,93.9800033569336,5234.18017578125,16428.8203125
2024-03-25,69958.8125,104.2300033569336,2174.800048828125,93.51000213623047,5218.18994140625,16384.470703125
2024-03-26,69987.8359375,104.29000091552734,2175.60009765625,93.7699966430664,5203.580078125,16315.7001953125
2024-03-27,69455.34375,104.3499984741211,2190.60009765625,94.69999694824219,5248.490234375,16399.51953125
2024-03-28,70744.953125,104.55000305175781,2217.39990234375,94.62000274658203,5254.35009765625,16379.4599609375
2024-04-01,69702.1484375,105.0199966430664,2236.5,92.55000305175781,5243.77001953125,16396.830078125
2024-04-02,65446.97265625,104.81999969482422,2261.0,92.04000091552734,5205.81005859375,16240.4501953125
2024-04-03,65980.8125,104.25,2294.39990234375,92.0199966430664,5211.490234375,16277.4599609375
2024-04-04,68508.84375,104.12000274658203,2288.800048828125,92.68000030517578,5147.2099609375,16049.080078125
2024-04-05,67837.640625,104.30000305175781,2325.699951171875,91.38999938964844,5204.33984375,16248.51953125
2024-04-08,71631.359375,104.13999938964844,2331.699951171875,91.37999725341797,5202.39013671875,16253.9599609375
2024-04-09,69139.015625,104.1500015258789,2343.5,92.2300033569336,5209.91015625,16306.6396484375
2024-04-10,70587.8828125,105.25,2329.60009765625,90.22000122070312,5160.64013671875,16170.3603515625
2024-04-11,70060.609375,105.27999877929688,2354.800048828125,89.80999755859375,5199.06005859375,16442.19921875
2024-04-12,67195.8671875,106.04000091552734,2356.199951171875,90.29000091552734,5123.41015625,16175.08984375
2024-04-15,63426.2109375,106.20999908447266,2365.800048828125,88.88999938964844,5061.81982421875,15885.01953125
2024-04-16,63811.86328125,106.26000213623047,2390.800048828125,88.30000305175781,5051.41015625,15865.25
2024-04-17,61276.69140625,105.94999694824219,2371.699951171875,89.27999877929688,5022.2099609375,15683.3701171875
2024-04-18,63512.75390625,106.1500015258789,2382.300048828125,88.83000183105469,5011.1201171875,15601.5
2024-04-19,63843.5703125,106.1500015258789,2398.39990234375,89.1500015258789,4967.22998046875,15282.009765625
2024-04-22,66837.6796875,106.08000183105469,2332.199951171875,89.0,5010.60009765625,15451.3095703125
2024-04-23,66407.2734375,105.69000244140625,2327.699951171875,89.02999877929688,5070.5498046875,15696.6396484375
2024-04-24,64276.8984375,105.86000061035156,2324.5,88.4000015258789,5071.6298828125,15712.75
2024-04-25,64481.70703125,105.5999984741211,2329.800048828125,87.77999877929688,5048.419921875,15611.759765625
2024-04-26,63755.3203125,105.94000244140625,2334.800048828125,88.23999786376953,5099.9599609375,15927.900390625
2024-04-29,63841.12109375,105.58000183105469,2345.39990234375,88.9800033569336,5116.169921875,15983.080078125
2024-04-30,60636.85546875,106.22000122070312,2291.39990234375,88.22000122070312,5035.68994140625,15657.8203125
2024-05-01,58254.01171875,105.76000213623047,2299.89990234375,88.55999755859375,5018.39013671875,15605.48046875
2024-05-02,59123.43359375,105.30000305175781,2299.199951171875,88.94000244140625,5064.2001953125,15840.9599609375
2024-05-03,62889.8359375,105.02999877929688,2299.0,89.83999633789062,5127.7900390625,16156.330078125
2024-05-06,63161.94921875,105.05000305175781,2321.60009765625,90.19000244140625,5180.740234375,16349.25
2024-05-07,62334.81640625,105.41000366210938,2315.199951171875,90.73999786376953,5187.7001953125,16332.5595703125
2024-05-08,61187.94140625,105.55000305175781,2313.60009765625,90.19000244140625,5187.669921875,16302.759765625
2024-05-09,63049.9609375,105.2300033569336,2332.10009765625,90.62999725341797,5214.080078125,16346.259765625
2024-05-10,60792.77734375,105.30999755859375,2367.300048828125,90.12000274658203,5222.68017578125,16340.8701171875
2024-05-13,62901.44921875,105.22000122070312,2336.10009765625,90.3499984741211,5221.419921875,16388.240234375
2024-05-14,61552.7890625,105.01000213623047,2353.39990234375,90.86000061035156,5246.68017578125,16511.1796875
2024-05-15,66267.4921875,104.3499984741211,2388.699951171875,92.0999984741211,5308.14990234375,16742.390625
2024-05-16,65231.58203125,104.45999908447266,2380.0,92.01000213623047,5297.10009765625,16698.3203125
2024-05-17,67051.875,104.44999694824219,2412.199951171875,91.38999938964844,5303.27001953125,16685.970703125
2024-05-20,71448.1953125,104.56999969482422,2433.89990234375,91.12000274658203,5308.1298828125,16794.869140625
2024-05-21,70136.53125,104.66000366210938,2421.699951171875,91.58999633789062,5321.41015625,16832.619140625
2024-05-22,69122.3359375,104.94000244140625,2389.199951171875,91.69999694824219,5307.009765625,16801.5390625
2024-05-23,67929.5625,105.11000061035156,2335.0,91.11000061035156,5267.83984375,16736.029296875
2024-05-24,68526.1015625,104.72000122070312,2332.5,91.37999725341797,5304.72021484375,16920.7890625
2024-05-28,68296.21875,104.61000061035156,2355.199951171875,90.06999969482422,5306.0400390625,17019.880859375
2024-05-29,67578.09375,105.0999984741211,2340.300048828125,88.9800033569336,5266.9501953125,16920.580078125
2024-05-30,68364.9921875,104.72000122070312,2342.89990234375,89.83999633789062,5235.47998046875,16737.080078125
2024-05-31,67491.4140625,104.66999816894531,2322.89990234375,90.44999694824219,5277.509765625,16735.01953125
2024-06-03,68804.78125,104.13999938964844,2346.60009765625,91.5999984741211,5283.39990234375,16828.669921875
2024-06-04,70567.765625,104.11000061035156,2325.5,92.66999816894531,5291.33984375,16857.05078125
2024-06-05,71082.8203125,104.2699966430664,2354.10009765625,93.3499984741211,5354.02978515625,17187.900390625
2024-06-06,70757.1640625,104.0999984741211,2370.300048828125,93.20999908447266,5352.9599609375,17173.119140625
2024-06-07,69342.5859375,104.88999938964844,2305.199951171875,91.5,5346.990234375,17133.130859375
2024-06-10,69512.28125,105.1500015258789,2307.699951171875,90.88999938964844,5360.7900390625,17192.529296875
2024-06-11,67332.03125,105.2300033569336,2307.5,91.83000183105469,5375.31982421875,17343.55078125
2024-06-12,68241.1875,104.6500015258789,2336.0,92.5199966430664,5421.02978515625,17608.439453125
2024-06-13,66756.3984375,105.19999694824219,2300.199951171875,93.87999725341797,5433.740234375,17667.560546875
2024-06-14,66011.09375,105.55000305175781,2331.39990234375,94.66999816894531,5431.60009765625,17688.880859375
2024-06-17,66490.296875,105.31999969482422,2312.39990234375,93.7300033569336,5473.22998046875,17857.01953125
2024-06-18,65140.74609375,105.26000213623047,2330.39990234375,94.58999633789062,5487.02978515625,17862.23046875
2024-06-20,64828.65625,105.58999633789062,2353.800048828125,93.95999908447266,5473.169921875,17721.58984375
2024-06-21,64096.19921875,105.80000305175781,2316.39990234375,93.95999908447266,5464.6201171875,17689.359375
2024-06-24,60277.4140625,105.47000122070312,2330.0,94.33999633789062,5447.8701171875,17496.8203125
2024-06-25,61804.640625,105.61000061035156,2316.60009765625,94.5,5469.2998046875,17717.650390625
2024-06-26,60811.27734375,106.05000305175781,2299.199951171875,93.1500015258789,5477.89990234375,17805.16015625
2024-06-27,61604.80078125,105.91000366210938,2324.5,93.5199966430664,5482.8701171875,17858.6796875
2024-06-28,60320.13671875,105.87000274658203,2327.699951171875,91.77999877929688,5460.47998046875,17732.599609375
2024-07-01,62851.98046875,105.9000015258789,2327.60009765625,89.91000366210938,5475.08984375,17879.30078125
2024-07-02,62029.015625,105.72000122070312,2323.0,90.61000061035156,5509.009765625,18028.759765625
2024-07-03,60173.921875,105.4000015258789,2359.800048828125,91.80000305175781,5537.02001953125,18188.30078125
2024-07-05,56662.375,104.87999725341797,2388.5,92.55999755859375,5567.18994140625,18352.759765625
2024-07-08,56705.09765625,105.01000213623047,2355.199951171875,92.76000213623047,5572.85009765625,18403.740234375
2024-07-09,58009.2265625,105.12000274658203,2360.10009765625,92.3499984741211,5576.97998046875,18429.2890625
2024-07-10,57742.49609375,105.05000305175781,2372.199951171875,92.63999938964844,5633.91015625,18647.44921875
2024-07-11,57344.9140625,104.44000244140625,2415.0,93.54000091552734,5584.5400390625,18283.41015625
2024-07-12,57899.46484375,104.08999633789062,2414.0,93.94000244140625,5615.35009765625,18398.44921875
2024-07-15,64870.15234375,104.19000244140625,2422.89990234375,92.86000061035156,5631.22021484375,18472.5703125
2024-07-16,65097.1484375,104.2699966430664,2462.39990234375,94.16999816894531,5667.2001953125,18509.33984375
2024-07-17,64118.79296875,103.75,2454.800048828125,94.19000244140625,5588.27001953125,17996.919921875
2024-07-18,63974.06640625,104.16999816894531,2451.800048828125,93.47000122070312,5544.58984375,17871.220703125
2024-07-19,66710.15625,104.4000015258789,2395.5,92.91999816894531,5505.0,17726.939453125
2024-07-22,67585.25,104.30999755859375,2392.0,92.6500015258789,5564.41015625,18007.5703125
2024-07-23,65927.671875,104.44999694824219,2404.60009765625,92.5199966430664,5555.740234375,17997.349609375
2024-07-24,65372.1328125,104.38999938964844,2413.300048828125,91.5199966430664,5427.1298828125,17342.41015625
2024-07-25,65777.2265625,104.36000061035156,2351.89990234375,92.2699966430664,5399.22021484375,17181.720703125
2024-07-26,67912.0625,104.31999969482422,2380.0,92.98999786376953,5459.10009765625,17357.880859375
2024-07-29,66819.9140625,104.55999755859375,2377.300048828125,93.48999786376953,5463.5400390625,17370.19921875
2024-07-30,66201.015625,104.55000305175781,2405.0,93.8499984741211,5436.43994140625,17147.419921875
2024-07-31,64619.25,104.0999984741211,2426.5,94.80999755859375,5522.2998046875,17599.400390625
2024-08-01,65357.5,104.41999816894531,2435.0,95.30999755859375,5446.68017578125,17194.150390625
2024-08-02,61415.06640625,103.20999908447266,2425.699951171875,98.27999877929688,5346.56005859375,16776.16015625
2024-08-05,53991.45703125,102.69000244140625,2401.699951171875,98.80000305175781,5186.330078125,16200.080078125
2024-08-06,56034.31640625,102.97000122070312,2389.10009765625,96.58999633789062,5240.02978515625,16366.849609375
2024-08-07,55027.4609375,103.19999694824219,2390.5,95.91000366210938,5199.5,16195.8095703125
2024-08-08,61710.13671875,103.20999908447266,2422.199951171875,95.31999969482422,5319.31005859375,16660.01953125
2024-08-09,60880.11328125,103.13999938964844,2432.10009765625,96.26000213623047,5344.16015625,16745.30078125
2024-08-12,59354.515625,103.13999938964844,2462.39990234375,96.61000061035156,5344.39013671875,16780.609375
2024-08-13,60609.56640625,102.55999755859375,2466.699951171875,97.27999877929688,5434.43017578125,17187.609375
2024-08-14,58737.26953125,102.56999969482422,2439.39990234375,97.88999938964844,5455.2099609375,17192.599609375
2024-08-15,57560.09765625,102.9800033569336,2453.10009765625,97.0999984741211,5543.22021484375,17594.5
2024-08-16,58894.10546875,102.45999908447266,2498.60009765625,97.44000244140625,5554.25,17631.720703125
2024-08-19,59493.453125,101.88999938964844,2501.800048828125,97.88999938964844,5608.25,17876.76953125
2024-08-20,59012.79296875,101.44000244140625,2511.300048828125,98.66999816894531,5597.1201171875,17816.939453125
2024-08-21,61175.19140625,101.04000091552734,2508.39990234375,98.7300033569336,5620.85009765625,17918.990234375
2024-08-22,60381.9140625,101.51000213623047,2478.89990234375,97.75,5570.64013671875,17619.349609375
2024-08-23,64094.35546875,100.72000122070312,2508.39990234375,98.38999938964844,5634.60986328125,17877.7890625
2024-08-26,62880.66015625,100.8499984741211,2517.699951171875,98.13999938964844,5616.83984375,17725.76953125
2024-08-27,59504.1328125,100.55000305175781,2516.0,97.97000122070312,5625.7998046875,17754.8203125
2024-08-28,59027.625,101.08999633789062,2501.0,97.8499984741211,5592.18017578125,17556.029296875
2024-08-29,59388.1796875,101.33999633789062,2525.699951171875,97.52999877929688,5591.9599609375,17516.4296875
2024-08-30,59119.4765625,101.69999694824219,2493.800048828125,96.48999786376953,5648.39990234375,17713.619140625
2024-09-03,57431.0234375,101.83000183105469,2489.89990234375,97.75,5528.93017578125,17136.30078125
2024-09-04,57971.5390625,101.36000061035156,2493.39990234375,99.01000213623047,5520.06982421875,17084.30078125
2024-09-05,56160.48828125,101.11000061035156,2511.39990234375,99.56999969482422,5503.41015625,17127.66015625
2024-09-06,53948.75390625,101.18000030517578,2493.5,99.55999755859375,5408.419921875,16690.830078125
2024-09-09,57019.53515625,101.55000305175781,2501.800048828125,99.98999786376953,5471.0498046875,16884.599609375
2024-09-10,57648.7109375,101.62999725341797,2512.300048828125,100.69000244140625,5495.52001953125,17025.880859375
2024-09-11,57343.171875,101.68000030517578,2512.10009765625,100.61000061035156,5554.1298828125,17395.529296875
2024-09-12,58127.01171875,101.37000274658203,2551.199951171875,100.13999938964844,5595.759765625,17569.6796875
2024-09-13,60571.30078125,101.11000061035156,2581.300048828125,100.41000366210938,5626.02001953125,17683.98046875
2024-09-16,58192.5078125,100.76000213623047,2580.39990234375,101.33000183105469,5633.08984375,17592.130859375
2024-09-17,60308.5390625,100.88999938964844,2564.300048828125,100.83999633789062,5634.580078125,17628.060546875
2024-09-18,61649.6796875,100.5999984741211,2570.699951171875,99.58999633789062,5618.259765625,17573.30078125
2024-09-19,62940.45703125,100.61000061035156,2588.0,99.26000213623047,5713.64013671875,18013.98046875
2024-09-20,63192.9765625,100.72000122070312,2619.89990234375,98.87999725341797,5702.5498046875,17948.3203125
2024-09-23,63329.80078125,100.91999816894531,2626.5,98.66999816894531,5718.56982421875,17974.26953125
2024-09-24,64301.96875,100.37000274658203,2651.199951171875,98.6500015258789,5732.93017578125,18074.51953125
2024-09-25,63143.14453125,100.91999816894531,2659.199951171875,97.83000183105469,5722.259765625,18082.2109375
2024-09-26,65181.01953125,100.55999755859375,2669.89990234375,98.05999755859375,5745.3701171875,18190.2890625
2024-09-27,65790.6640625,100.41999816894531,2644.300048828125,98.56999969482422,5738.169921875,18119.58984375
2024-09-30,63329.5,100.77999877929688,2636.10009765625,98.0999984741211,5762.47998046875,18189.169921875
2024-10-01,60837.0078125,101.19000244140625,2667.300048828125,98.48999786376953,5708.75,17910.359375
2024-10-02,60632.78515625,101.68000030517578,2647.10009765625,97.66000366210938,5709.5400390625,17925.119140625
2024-10-03,60759.40234375,101.98999786376953,2657.10009765625,96.73999786376953,5699.93994140625,17918.48046875
2024-10-04,62067.4765625,102.5199966430664,2645.800048828125,95.55000305175781,5751.06982421875,18137.849609375
2024-10-07,62236.66015625,102.54000091552734,2644.800048828125,94.83000183105469,5695.93994140625,17923.900390625
2024-10-08,62131.96875,102.55000305175781,2615.0,94.98999786376953,5751.1298828125,18182.919921875
2024-10-09,60582.1015625,102.93000030517578,2606.0,94.44999694824219,5792.0400390625,18291.619140625
2024-10-10,60274.5,102.98999786376953,2620.60009765625,94.08000183105469,5780.0498046875,18282.05078125
2024-10-11,62445.08984375,102.88999938964844,2657.60009765625,93.69999694824219,5815.02978515625,18342.939453125
2024-10-14,66046.125,103.30000305175781,2647.800048828125,93.7699966430664,5859.85009765625,18502.689453125
2024-10-15,67041.109375,103.26000213623047,2661.39990234375,94.91000366210938,5815.259765625,18315.58984375
2024-10-16,67612.71875,103.58999633789062,2674.0,95.30999755859375,5842.47021484375,18367.080078125
2024-10-17,67399.8359375,103.83000183105469,2691.0,93.80000305175781,5841.47021484375,18373.609375
2024-10-18,68418.7890625,103.48999786376953,2713.699951171875,93.87000274658203,5864.669921875,18489.55078125
2024-10-21,67367.8515625,104.01000213623047,2723.10009765625,92.2300033569336,5853.97998046875,18540.009765625
2024-10-22,67361.40625,104.08000183105469,2744.199951171875,92.31999969482422,5851.2001953125,18579.76953125
2024-10-23,66432.1953125,104.43000030517578,2714.39990234375,92.06999969482422,5797.419921875,18276.650390625
2024-10-24,68161.0546875,104.05999755859375,2734.89990234375,92.66000366210938,5809.85986328125,18415.490234375
2024-10-25,66642.4140625,104.26000213623047,2740.89990234375,92.13999938964844,5808.1201171875,18518.609375
2024-10-28,69907.7578125,104.31999969482422,2742.89990234375,91.88999938964844,5823.52001953125,18567.189453125
2024-10-29,72720.4921875,104.27999877929688,2768.39990234375,92.02999877929688,5832.919921875,18712.75
2024-10-30,72339.5390625,103.98999786376953,2788.5,92.30000305175781,5813.669921875,18607.9296875
2024-10-31,70215.1875,103.9800033569336,2738.300048828125,92.44999694824219,5705.4501953125,18095.150390625
2024-11-01,69482.46875,104.27999877929688,2738.60009765625,90.83999633789062,5728.7998046875,18239.919921875
2024-11-04,67811.5078125,103.88999938964844,2736.10009765625,92.25,5712.68994140625,18179.98046875
2024-11-05,69359.5625,103.41999816894531,2740.300048828125,92.73999786376953,5782.759765625,18439.169921875
2024-11-06,75639.078125,105.08999633789062,2667.60009765625,90.19999694824219,5929.0400390625,18983.470703125
2024-11-07,75904.859375,104.51000213623047,2698.39990234375,91.33000183105469,5973.10009765625,19269.4609375
2024-11-08,76545.4765625,105.0,2687.5,92.48999786376953,5995.5400390625,19286.779296875
2024-11-11,88701.484375,105.54000091552734,2611.199951171875,92.04000091552734,6001.35009765625,19298.759765625
2024-11-12,87955.8125,106.0199966430664,2600.0,90.66000366210938,5983.990234375,19281.400390625
2024-11-13,90584.1640625,106.4800033569336,2580.800048828125,89.80000305175781,5985.3798828125,19230.720703125
2024-11-14,87250.4296875,106.66999816894531,2568.199951171875,90.31999969482422,5949.169921875,19107.650390625
2024-11-15,91066.0078125,106.69000244140625,2565.699951171875,90.08000183105469,5870.6201171875,18680.119140625
2024-11-18,90542.640625,106.27999877929688,2610.60009765625,90.23999786376953,5893.6201171875,18791.810546875
2024-11-19,92343.7890625,106.20999908447266,2627.10009765625,90.69999694824219,5916.97998046875,18987.470703125
2024-11-20,94339.4921875,106.68000030517578,2648.199951171875,90.41000366210938,5917.10986328125,18966.140625
2024-11-21,98504.7265625,106.97000122070312,2672.10009765625,90.33999633789062,5948.7099609375,18972.419921875
2024-11-22,98997.6640625,107.48999786376953,2709.89990234375,90.38999938964844,5969.33984375,19003.650390625
2024-11-25,93102.296875,106.81999969482422,2616.800048828125,92.7300033569336,5987.3701171875,19054.83984375
2024-11-26,91985.3203125,107.01000213623047,2620.300048828125,92.37000274658203,6021.6298828125,19174.30078125
2024-11-27,95962.53125,106.08000183105469,2639.89990234375,93.01000213623047,5998.740234375,19060.48046875
2024-11-29,97461.5234375,105.73999786376953,2657.0,93.97000122070312,6032.3798828125,19218.169921875
2024-12-02,95865.3046875,106.44999694824219,2634.89990234375,93.87000274658203,6047.14990234375,19403.94921875
2024-12-03,96002.1640625,106.37000274658203,2644.699951171875,93.05999755859375,6049.8798828125,19480.91015625
2024-12-04,98768.53125,106.33999633789062,2653.800048828125,94.05999755859375,6086.490234375,19735.119140625
2024-12-05,96593.5703125,105.70999908447266,2626.60009765625,94.25,6075.10986328125,19700.259765625
2024-12-06,99920.7109375,105.97000122070312,2638.60009765625,94.38999938964844,6090.27001953125,19859.76953125
2024-12-09,97432.71875,106.1500015258789,2664.89990234375,93.5199966430664,6052.85009765625,19736.689453125
2024-12-10,96675.4296875,106.4000015258789,2697.60009765625,93.08000183105469,6034.91015625,19687.240234375
2024-12-11,101173.03125,106.70999908447266,2733.800048828125,92.19999694824219,6084.18994140625,20034.890625
2024-12-12,100043.0,106.95999908447266,2687.5,91.08000183105469,6051.25,19902.83984375
2024-12-13,101459.2578125,107.0,2656.0,90.1500015258789,6051.08984375,19926.720703125
2024-12-16,106029.71875,106.86000061035156,2651.39990234375,90.41999816894531,6074.080078125,20173.890625
2024-12-17,106140.6015625,106.95999908447266,2644.39990234375,90.63999938964844,6050.60986328125,20109.060546875
2024-12-18,100041.5390625,108.02999877929688,2636.5,89.16000366210938,5872.16015625,19392.689453125
2024-12-19,97490.953125,108.41000366210938,2592.199951171875,87.80999755859375,5867.080078125,19372.76953125
2024-12-20,97755.9296875,107.62000274658203,2628.699951171875,88.30999755859375,5930.85009765625,19572.599609375
2024-12-23,94686.2421875,108.04000091552734,2612.300048828125,87.5,5974.06982421875,19764.880859375
2024-12-24,98676.09375,108.26000213623047,2620.0,87.87000274658203,6040.0400390625,20031.130859375
2024-12-26,95795.515625,108.12999725341797,2638.800048828125,87.81999969482422,6037.58984375,20020.359375
2024-12-27,94164.859375,108.0,2617.199951171875,87.0999984741211,5970.83984375,19722.029296875
2024-12-30,92643.2109375,108.12999725341797,2606.10009765625,87.80000305175781,5906.93994140625,19486.7890625
2024-12-31,93429.203125,108.48999786376953,2629.199951171875,87.33000183105469,5881.6298828125,19310.7890625
2025-01-02,96886.875,109.38999938964844,2658.89990234375,87.56999969482422,5868.5498046875,19280.7890625
2025-01-03,98107.4296875,108.94999694824219,2645.0,87.29000091552734,5942.47021484375,19621.6796875
2025-01-06,102078.0859375,108.26000213623047,2638.39990234375,86.9000015258789,5975.3798828125,19864.98046875
2025-01-07,96922.703125,108.54000091552734,2656.699951171875,85.91999816894531,5909.02978515625,19489.6796875
2025-01-08,95043.5234375,109.08999633789062,2664.5,86.02999877929688,5918.25,19478.880859375
2025-01-10,94701.453125,109.6500015258789,2708.5,85.45999908447266,5827.0400390625,19161.630859375
2025-01-13,94516.5234375,109.95999908447266,2673.5,85.43000030517578,5836.22021484375,19088.099609375
2025-01-14,96534.046875,109.2699966430664,2677.5,85.29000091552734,5842.91015625,19044.390625
2025-01-15,100504.4921875,109.08999633789062,2712.5,86.76000213623047,5949.91015625,19511.23046875
2025-01-16,99756.90625,108.95999908447266,2746.39990234375,87.04000091552734,5937.33984375,19338.2890625
2025-01-17,104462.0390625,109.3499984741211,2744.300048828125,87.19000244140625,5996.66015625,19630.19921875
2025-01-21,106146.265625,108.05999755859375,2755.0,87.97000122070312,6049.240234375,19756.779296875
2025-01-22,103653.0703125,108.16999816894531,2767.60009765625,87.51000213623047,6086.3701171875,20009.33984375
2025-01-23,103960.171875,108.05000305175781,2763.10009765625,86.83000183105469,6118.7099609375,20053.6796875
2025-01-24,104819.484375,107.44000244140625,2777.300048828125,87.22000122070312,6101.240234375,19954.30078125
2025-01-27,102087.6875,107.33999633789062,2737.5,88.25,6012.27978515625,19341.830078125
2025-01-28,101332.4765625,107.87000274658203,2766.800048828125,88.19000244140625,6067.7001953125,19733.58984375
2025-01-29,103703.2109375,108.0,2769.10009765625,88.01000213623047,6039.31005859375,19632.3203125
2025-01-30,104735.3046875,107.80000305175781,2823.0,88.33999633789062,6071.169921875,19681.75
2025-01-31,102405.0234375,108.37000274658203,2812.5,87.76000213623047,6040.52978515625,19627.439453125
2025-02-03,101405.421875,108.98999786376953,2833.89990234375,88.16000366210938,5994.56982421875,19391.9609375
2025-02-04,97871.8203125,107.95999908447266,2853.300048828125,88.43000030517578,6037.8798828125,19654.01953125
2025-02-05,96615.4453125,107.58000183105469,2871.60009765625,89.88999938964844,6061.47998046875,19692.330078125
2025-02-06,96593.296875,107.69000244140625,2856.0,89.8499984741211,6083.56982421875,19791.990234375
2025-02-07,96529.0859375,108.04000091552734,2867.300048828125,89.2699966430664,6025.990234375,19523.400390625
2025-02-10,97437.5546875,108.31999969482422,2914.300048828125,89.0,6066.43994140625,19714.26953125
2025-02-11,95747.4296875,107.95999908447266,2912.5,88.43000030517578,6068.5,19643.859375
2025-02-12,97885.859375,107.94000244140625,2909.0,87.2300033569336,6051.97021484375,19649.94921875
2025-02-13,96623.8671875,107.30999755859375,2925.89990234375,88.68000030517578,6115.06982421875,19945.640625
2025-02-14,97508.96875,106.56999969482422,2883.60009765625,89.1500015258789,6114.6298828125,20026.76953125
2025-02-18,95539.546875,107.05000305175781,2931.60009765625,88.0999984741211,6129.580078125,20041.259765625
2025-02-19,96635.609375,107.16999816894531,2919.39990234375,88.20999908447266,6144.14990234375,20056.25
2025-02-20,98333.9375,106.33999633789062,2940.0,88.54000091552734,6117.52001953125,19962.359375
2025-02-21,96125.546875,106.61000061035156,2937.60009765625,89.61000061035156,6013.1298828125,19524.009765625
2025-02-24,91418.171875,106.5999984741211,2947.89990234375,89.87000274658203,5983.25,19286.9296875
2025-02-25,88736.171875,106.30999755859375,2904.5,91.41999816894531,5955.25,19026.390625
2025-02-26,84347.0234375,106.41999816894531,2916.800048828125,91.95999908447266,5956.06005859375,19075.259765625
2025-02-27,84704.2265625,107.23999786376953,2883.199951171875,91.30999755859375,5861.56982421875,18544.419921875
2025-02-28,84373.0078125,107.61000061035156,2836.800048828125,92.43000030517578,5954.5,18847.279296875
2025-03-03,86065.671875,106.75,2890.199951171875,92.56999969482422,5849.72021484375,18350.189453125
2025-03-04,87222.1953125,105.73999786376953,2909.60009765625,91.43000030517578,5778.14990234375,18285.16015625
2025-03-05,90623.5625,105.73999786376953,2915.300048828125,90.69999694824219,5842.6298828125,18552.73046875
2025-03-06,89961.7265625,104.05999755859375,2916.60009765625,90.4000015258789,5738.52001953125,18069.259765625
2025-03-07,86742.671875,103.83999633789062,2904.699951171875,90.11000061035156,5770.2001953125,18196.220703125
2025-03-10,78532.0,103.91000366210938,2891.0,91.05000305175781,5614.56005859375,17468.3203125
2025-03-11,82862.2109375,103.44000244140625,2912.89990234375,90.4000015258789,5572.06982421875,17436.099609375
2025-03-12,83722.359375,103.61000061035156,2939.10009765625,89.86000061035156,5599.2998046875,17648.44921875
2025-03-13,81066.703125,103.83000183105469,2984.300048828125,90.6500015258789,5521.52001953125,17303.009765625
2025-03-14,83969.1015625,103.72000122070312,2994.5,90.16999816894531,5638.93994140625,17754.08984375
2025-03-17,84075.6875,103.37000274658203,3000.0,90.62000274658203,5675.1201171875,17808.66015625
2025-03-18,82718.5,103.23999786376953,3035.10009765625,90.70999908447266,5614.66015625,17504.119140625
2025-03-19,86854.2265625,103.43000030517578,3035.89990234375,91.18000030517578,5675.2900390625,17750.7890625
2025-03-20,84167.1953125,103.8499984741211,3040.0,91.23999786376953,5662.89013671875,17691.630859375
2025-03-21,84043.2421875,104.08999633789062,3018.199951171875,90.69999694824219,5667.56005859375,17784.05078125
2025-03-24,87498.9140625,104.26000213623047,3013.10009765625,89.7699966430664,5767.56982421875,18188.58984375
2025-03-25,87471.703125,104.18000030517578,3023.699951171875,89.76000213623047,5776.64990234375,18271.859375
2025-03-26,86900.8828125,104.55000305175781,3020.89990234375,89.16999816894531,5712.2001953125,17899.01953125
2025-03-27,87177.1015625,104.06999969482422,3060.199951171875,88.91000366210938,5693.31005859375,17804.029296875
2025-03-28,84353.1484375,104.04000091552734,3086.5,90.13999938964844,5580.93994140625,17322.990234375
2025-03-31,82548.9140625,104.20999908447266,3122.800048828125,91.02999877929688,5611.85009765625,17299.2890625
2025-04-01,85169.171875,104.26000213623047,3118.89990234375,91.48999786376953,5633.06982421875,17449.890625
2025-04-02,82485.7109375,103.80999755859375,3139.89990234375,91.43000030517578,5670.97021484375,17601.05078125
2025-04-03,83102.828125,102.06999969482422,3097.0,91.8499984741211,5396.52001953125,16550.609375
2025-04-04,83843.8046875,103.0199966430664,3012.0,92.8499984741211,5074.080078125,15587.7900390625
2025-04-07,79235.3359375,103.26000213623047,2951.300048828125,90.05000305175781,5062.25,15603.259765625
2025-04-08,76271.953125,102.95999908447266,2968.39990234375,88.3499984741211,4982.77001953125,15267.91015625
2025-04-09,82573.953125,102.9000015258789,3056.5,88.87000274658203,5456.89990234375,17124.970703125
2025-04-10,79626.140625,100.87000274658203,3155.199951171875,86.41999816894531,5268.0498046875,16387.310546875
2025-04-11,83404.8359375,99.77999877929688,3222.199951171875,86.88999938964844,5363.35986328125,16724.4609375
2025-04-14,84542.390625,99.63999938964844,3204.800048828125,87.51000213623047,5405.97021484375,16831.48046875
2025-04-15,83668.9921875,100.22000122070312,3218.699951171875,87.81999969482422,5396.6298828125,16823.169921875
2025-04-16,84033.8671875,99.37999725341797,3326.60009765625,88.30999755859375,5275.7001953125,16307.16015625
2025-04-17,84895.75,99.37999725341797,3308.699951171875,87.52999877929688,5282.7001953125,16286.4501953125
2025-04-21,87518.90625,98.27999877929688,3406.199951171875,86.0,5158.2001953125,15870.900390625
2025-04-22,93441.890625,98.91999816894531,3400.800048828125,86.4800033569336,5287.759765625,16300.419921875
2025-04-23,93699.109375,99.83999633789062,3276.300048828125,87.31999969482422,5375.85986328125,16708.05078125
2025-04-24,93943.796875,99.29000091552734,3332.0,88.23999786376953,5484.77001953125,17166.0390625
2025-04-25,94720.5,99.47000122070312,3282.39990234375,88.88999938964844,5525.2099609375,17382.939453125
2025-04-28,94978.75,99.01000213623047,3332.5,89.44999694824219,5528.75,17366.130859375
2025-04-29,94284.7890625,99.23999786376953,3318.800048828125,90.19999694824219,5560.830078125,17461.3203125
2025-04-30,94207.3125,99.47000122070312,3305.0,89.47000122070312,5569.06005859375,17446.33984375
2025-05-01,96492.3359375,100.25,3210.0,88.69000244140625,5604.14013671875,17710.740234375
2025-05-02,96910.0703125,100.0,3231.89990234375,87.7300033569336,5686.669921875,17977.73046875
2025-05-05,94748.0546875,99.83000183105469,3311.300048828125,87.23999786376953,5650.3798828125,17844.240234375
2025-05-06,96802.4765625,99.23999786376953,3411.39990234375,87.52999877929688,5606.91015625,17689.66015625
2025-05-07,97032.3203125,99.61000061035156,3381.39990234375,87.9000015258789,5631.27978515625,17738.16015625
2025-05-08,103241.4609375,100.63999938964844,3296.60009765625,86.91999816894531,5663.93994140625,17928.140625
2025-05-09,102970.8515625,100.33999633789062,3335.39990234375,87.05000305175781,5659.91015625,17928.919921875
2025-05-12,102812.953125,101.79000091552734,3220.0,86.23999786376953,5844.18994140625,18708.33984375
2025-05-13,104169.8125,101.0,3240.300048828125,85.88999938964844,5886.5498046875,19010.08984375
2025-05-14,103539.4140625,101.04000091552734,3181.39990234375,85.31999969482422,5892.580078125,19146.810546875
2025-05-15,103744.640625,100.87999725341797,3220.699951171875,86.06999969482422,5916.93017578125,19112.3203125
2025-05-16,103489.2890625,101.08999633789062,3182.0,86.30000305175781,5958.3798828125,19211.099609375
2025-05-19,105606.1796875,100.43000030517578,3228.89990234375,86.05000305175781,5963.60009765625,19215.4609375
2025-05-20,106791.0859375,100.12000274658203,3280.300048828125,85.43000030517578,5940.4599609375,19142.7109375
2025-05-21,109678.078125,99.55999755859375,3309.300048828125,83.97000122070312,5844.60986328125,18872.640625
2025-05-22,111673.28125,99.95999908447266,3292.300048828125,84.41000366210938,5842.009765625,18925.740234375
2025-05-23,107287.796875,99.11000061035156,3363.60009765625,84.55000305175781,5802.81982421875,18737.2109375
2025-05-27,108994.640625,99.5199966430664,3299.10009765625,85.7300033569336,5921.5400390625,19199.16015625
2025-05-28,107802.328125,99.87999725341797,3293.60009765625,85.36000061035156,5888.5498046875,19100.939453125
2025-05-29,105641.7578125,99.27999877929688,3317.10009765625,86.1500015258789,5912.169921875,19175.869140625
2025-05-30,103998.5703125,99.33000183105469,3288.89990234375,86.27999877929688,5911.68994140625,19113.76953125
2025-06-02,105881.53125,98.69999694824219,3370.60009765625,85.16000366210938,5935.93994140625,19242.609375
2025-06-03,105432.46875,99.25,3350.199951171875,85.01000213623047,5970.3701171875,19398.9609375
2025-06-04,104731.984375,98.79000091552734,3373.5,86.38999938964844,5970.81005859375,19460.490234375
2025-06-05,101575.953125,98.73999786376953,3350.699951171875,86.44999694824219,5939.2998046875,19298.44921875
2025-06-06,104390.34375,99.19000244140625,3322.699951171875,85.3499984741211,6000.35986328125,19529.94921875
2025-06-09,110294.1015625,98.94000244140625,3332.10009765625,85.44000244140625,6005.8798828125,19591.240234375
2025-06-10,110257.234375,99.05000305175781,3320.89990234375,85.87999725341797,6038.81005859375,19714.990234375
2025-06-11,108686.625,98.62999725341797,3321.300048828125,86.13999938964844,6022.240234375,19615.880859375
2025-06-12,105929.0546875,97.91999816894531,3380.89990234375,87.16999816894531,6045.259765625,19662.490234375
2025-06-13,106090.96875,98.18000030517578,3431.199951171875,86.33000183105469,5976.97021484375,19406.830078125
2025-06-16,106796.7578125,98.0,3396.39990234375,85.45999908447266,6033.10986328125,19701.2109375
2025-06-17,104601.1171875,98.81999969482422,3386.60009765625,86.5,5982.72021484375,19521.08984375
2025-06-18,104883.328125,98.91000366210938,3389.800048828125,86.6500015258789,5980.8701171875,19546.26953125
2025-06-20,103309.6015625,98.70999908447266,3368.10009765625,86.48999786376953,5967.83984375,19447.41015625
2025-06-23,105577.7734375,98.41999816894531,3377.699951171875,86.7699966430664,6025.169921875,19630.970703125
2025-06-24,106045.6328125,97.86000061035156,3317.39990234375,87.4000015258789,6092.18017578125,19912.529296875
2025-06-25,107361.2578125,97.68000030517578,3327.10009765625,87.51000213623047,6092.16015625,19973.55078125
2025-06-26,106960.0,97.1500015258789,3333.5,87.94999694824219,6141.02001953125,20167.91015625
2025-06-27,107088.4296875,97.4000015258789,3273.699951171875,87.38999938964844,6173.06982421875,20273.4609375
2025-06-30,107135.3359375,96.87999725341797,3294.39990234375,88.25,6204.9501953125,20369.73046875
2025-07-01,105698.28125,96.81999969482422,3336.699951171875,88.13999938964844,6198.009765625,20202.890625
2025-07-02,108859.3203125,96.77999877929688,3348.0,87.58000183105469,6227.419921875,20393.130859375
2025-07-03,109647.9765625,97.18000030517578,3331.60009765625,86.97000122070312,6279.35009765625,20601.099609375
2025-07-07,108299.8515625,97.4800033569336,3332.199951171875,86.13999938964844,6229.97998046875,20412.51953125
2025-07-08,108950.2734375,97.51000213623047,3307.0,86.02999877929688,6225.52001953125,20418.4609375
2025-07-09,111326.5546875,97.47000122070312,3311.60009765625,86.93000030517578,6263.259765625,20611.33984375
2025-07-10,115987.203125,97.6500015258789,3317.39990234375,86.98999786376953,6280.4599609375,20630.66015625
2025-07-11,117516.9921875,97.8499984741211,3356.0,85.79000091552734,6259.75,20585.529296875
2025-07-14,119849.703125,98.08000183105469,3351.5,85.61000061035156,6268.56005859375,20640.330078125
2025-07-15,117777.1875,98.62000274658203,3329.800048828125,85.01000213623047,6243.759765625,20677.80078125
2025-07-16,118738.5078125,98.38999938964844,3352.5,85.12999725341797,6263.7001953125,20730.490234375
2025-07-17,119289.84375,98.7300033569336,3340.10009765625,85.11000061035156,6297.35986328125,20885.650390625
2025-07-18,118003.2265625,98.4800033569336,3353.0,85.23999786376953,6296.7900390625,20895.650390625
2025-07-21,117439.5390625,97.8499984741211,3401.89990234375,86.0,6305.60009765625,20974.1796875
2025-07-22,119995.4140625,97.38999938964844,3439.199951171875,86.5199966430664,6309.6201171875,20892.689453125
2025-07-23,118754.9609375,97.20999908447266,3394.10009765625,86.04000091552734,6358.91015625,21020.01953125
2025-07-24,118368.0,97.37999725341797,3371.0,85.88999938964844,6363.35009765625,21057.9609375
2025-07-25,117635.8828125,97.6500015258789,3334.0,86.43000030517578,6388.64013671875,21108.3203125
2025-07-28,117924.4765625,98.66000366210938,3309.10009765625,85.87000274658203,6389.77001953125,21178.580078125
2025-07-29,117922.1484375,98.91000366210938,3323.39990234375,87.31999969482422,6370.85986328125,21098.2890625
2025-07-30,117831.1875,99.94000244140625,3295.800048828125,86.87000274658203,6362.89990234375,21129.669921875
2025-07-31,115758.203125,100.02999877929688,3293.199951171875,86.91999816894531,6339.39013671875,21122.44921875
2025-08-01,113320.0859375,98.69000244140625,3347.699951171875,87.81999969482422,6238.009765625,20650.130859375
2025-08-04,115071.8828125,98.77999877929688,3374.39990234375,88.05999755859375,6329.93994140625,21053.580078125
2025-08-05,114141.4453125,98.77999877929688,3381.89990234375,88.33000183105469,6299.18994140625,20916.55078125
2025-08-06,115028.0,98.18000030517578,3380.0,87.81999969482422,6345.06005859375,21169.419921875
2025-08-07,117496.8984375,98.4000015258789,3400.300048828125,87.66999816894531,6340.0,21242.69921875
2025-08-08,116688.7265625,98.18000030517578,3439.10009765625,87.29000091552734,6389.4501953125,21450.01953125
2025-08-11,118731.4453125,98.5199966430664,3353.10009765625,87.38999938964844,6373.4501953125,21385.400390625
2025-08-12,120172.90625,98.0999984741211,3348.89990234375,86.94999694824219,6445.759765625,21681.900390625
2025-08-13,123344.0625,97.83999633789062,3358.699951171875,87.66999816894531,6466.580078125,21713.140625
2025-08-14,118359.578125,98.25,3335.199951171875,87.0199966430664,6468.5400390625,21710.669921875
2025-08-15,117398.3515625,97.8499984741211,3336.0,86.4000015258789,6449.7998046875,21622.98046875
2025-08-18,116252.3125,98.16999816894531,3331.699951171875,86.1500015258789,6449.14990234375,21629.76953125
2025-08-19,112831.1796875,98.2699966430664,3313.39990234375,86.6500015258789,6411.3701171875,21314.94921875
2025-08-20,114274.7421875,98.22000122070312,3343.39990234375,86.83999633789062,6395.77978515625,21172.859375
2025-08-21,112419.03125,98.62000274658203,3336.89990234375,86.41000366210938,6370.169921875,21100.310546875
2025-08-22,116874.0859375,97.72000122070312,3374.39990234375,87.05000305175781,6466.91015625,21496.5390625
2025-08-25,110124.3515625,98.43000030517578,3373.800048828125,86.80000305175781,6439.31982421875,21449.2890625
2025-08-26,111802.65625,98.2300033569336,3388.60009765625,86.75,6465.93994140625,21544.26953125
2025-08-27,111222.0625,98.2300033569336,3404.60009765625,86.6500015258789,6481.39990234375,21590.140625
2025-08-28,112544.8046875,97.80999755859375,3431.800048828125,87.22000122070312,6501.85986328125,21705.16015625
2025-08-29,108410.8359375,97.7699966430664,3473.699951171875,86.5999984741211,6460.259765625,21455.55078125
2025-09-02,111200.5859375,98.4000015258789,3549.39990234375,85.62999725341797,6415.5400390625,21279.630859375
2025-09-03,111723.2109375,98.13999938964844,3593.199951171875,86.56999969482422,6448.259765625,21497.73046875
2025-09-04,110723.6015625,98.3499984741211,3565.800048828125,87.2300033569336,6502.080078125,21707.689453125
2025-09-05,110650.984375,97.7699966430664,3613.199951171875,88.55999755859375,6481.5,21700.390625
2025-09-08,112071.4296875,97.44999694824219,3638.10009765625,89.73999786376953,6495.14990234375,21798.69921875
2025-09-09,111530.546875,97.79000091552734,3643.300048828125,89.2300033569336,6512.60986328125,21879.490234375
2025-09-10,113955.359375,97.77999877929688,3643.60009765625,89.73999786376953,6532.0400390625,21886.060546875
2025-09-11,115507.5390625,97.54000091552734,3636.89990234375,90.33999633789062,6587.47021484375,22043.0703125
2025-09-12,116101.578125,97.55000305175781,3649.39990234375,89.94999694824219,6584.2900390625,22141.099609375
2025-09-15,115444.875,97.30000305175781,3682.199951171875,90.16000366210938,6615.27978515625,22348.75
2025-09-16,116843.1875,96.62999725341797,3688.89990234375,90.3499984741211,6606.759765625,22333.9609375
2025-09-17,116468.5078125,96.87000274658203,3681.800048828125,90.12000274658203,6600.35009765625,22261.330078125
2025-09-18,117137.203125,97.3499984741211,3643.699951171875,89.19000244140625,6631.9599609375,22470.720703125
2025-09-19,115688.859375,97.63999938964844,3671.5,89.0199966430664,6664.35986328125,22631.48046875
2025-09-22,112748.5078125,97.33000183105469,3740.699951171875,88.69999694824219,6693.75,22788.98046875
2025-09-23,112014.5,97.26000213623047,3780.60009765625,89.31999969482422,6656.919921875,22573.470703125
2025-09-24,113328.6328125,97.87000274658203,3732.10009765625,88.9800033569336,6637.97021484375,22497.859375
2025-09-25,109049.2890625,98.55000305175781,3736.89990234375,88.9800033569336,6604.72021484375,22384.69921875
2025-09-26,109712.828125,98.1500015258789,3775.300048828125,88.9000015258789,6643.7001953125,22484.0703125
2025-09-29,114400.3828125,97.91000366210938,3820.89990234375,89.62999725341797,6661.2099609375,22591.150390625
2025-09-30,114056.0859375,97.7699966430664,3840.800048828125,89.37000274658203,6688.4599609375,22660.009765625
2025-10-01,118648.9296875,97.70999908447266,3867.5,89.29000091552734,6711.2001953125,22755.16015625
2025-10-02,120681.2578125,97.8499984741211,3839.699951171875,89.55000305175781,6715.35009765625,22844.05078125
2025-10-03,122266.53125,97.72000122070312,3880.800048828125,89.37999725341797,6715.7900390625,22780.509765625
2025-10-06,124752.53125,98.11000061035156,3948.5,88.66999816894531,6740.27978515625,22941.669921875
2025-10-07,121451.3828125,98.58000183105469,3976.60009765625,89.18000030517578,6714.58984375,22788.359375
2025-10-08,123354.8671875,98.8499984741211,4043.300048828125,89.25,6753.72021484375,23043.380859375
2025-10-09,121705.5859375,99.54000091552734,3946.300048828125,89.18000030517578,6735.10986328125,23024.630859375
2025-10-10,113214.3671875,98.9800033569336,3975.89990234375,90.62000274658203,6552.509765625,22204.4296875
2025-10-13,115271.078125,99.2699966430664,4108.60009765625,90.56999969482422,6654.72021484375,22694.609375
2025-10-14,113118.6640625,99.05000305175781,4138.7001953125,90.86000061035156,6644.31005859375,22521.69921875
2025-10-15,110783.1640625,98.79000091552734,4176.89990234375,90.66000366210938,6671.06005859375,22670.080078125
2025-10-16,108186.0390625,98.38999938964844,4280.2001953125,91.33999633789062,6629.06982421875,22562.5390625
2025-10-17,106467.7890625,98.43000030517578,4189.89990234375,91.19999694824219,6664.009765625,22679.970703125
2025-10-20,110588.9296875,98.58999633789062,4336.39990234375,91.55000305175781,6735.1298828125,22990.5390625
2025-10-21,108476.890625,98.93000030517578,4087.699951171875,92.0,6735.35009765625,22953.669921875
2025-10-22,107688.5859375,98.9000015258789,4044.39990234375,92.05999755859375,6699.39990234375,22740.400390625
2025-10-23,110069.7265625,98.94000244140625,4125.5,91.43000030517578,6738.43994140625,22941.80078125
2025-10-24,111033.921875,98.94999694824219,4118.39990234375,91.47000122070312,6791.68994140625,23204.869140625
2025-10-27,114119.328125,98.77999877929688,4001.89990234375,91.77999877929688,6875.16015625,23637.4609375
2025-10-28,112956.1640625,98.69000244140625,3966.199951171875,92.0199966430664,6890.89013671875,23827.490234375
2025-10-29,110055.3046875,99.22000122070312,3983.699951171875,91.08999633789062,6890.58984375,23958.470703125
2025-10-30,108305.546875,99.52999877929688,4001.300048828125,90.55999755859375,6822.33984375,23581.140625
2025-10-31,109556.1640625,99.80000305175781,3982.199951171875,90.29000091552734,6840.2001953125,23724.9609375
2025-11-03,106547.5234375,99.87000274658203,4000.300048828125,89.73999786376953,6851.97021484375,23834.720703125
2025-11-04,101590.5234375,100.22000122070312,3947.699951171875,89.94000244140625,6771.5498046875,23348.640625
2025-11-05,103891.8359375,100.19999694824219,3980.300048828125,88.95999908447266,6796.2900390625,23499.80078125
2025-11-06,101301.2890625,99.7300033569336,3979.89990234375,89.76000213623047,6720.31982421875,23053.990234375
2025-11-07,103372.40625,99.5999984741211,3999.39990234375,89.56999969482422,6728.7998046875,23004.5390625
2025-11-10,105996.59375,99.62000274658203,4111.7998046875,89.55000305175781,6832.43017578125,23527.169921875
2025-11-11,102997.46875,99.45999908447266,4106.7998046875,89.95999908447266,6846.60986328125,23468.30078125
2025-11-12,101663.1875,99.4800033569336,4204.39990234375,90.12000274658203,6850.919921875,23406.4609375
2025-11-13,99697.4921875,99.18000030517578,4186.89990234375,89.37999725341797,6737.490234375,22870.359375
2025-11-14,94397.7890625,99.2699966430664,4087.60009765625,88.87000274658203,6734.10986328125,22900.58984375
2025-11-17,92093.875,99.58999633789062,4068.300048828125,89.08999633789062,6672.41015625,22708.0703125
2025-11-18,92948.875,99.55000305175781,4061.300048828125,89.05999755859375,6617.31982421875,22432.849609375
2025-11-19,91465.9921875,100.2300033569336,4077.699951171875,88.87999725341797,6642.16015625,22564.23046875
2025-11-20,86631.8984375,100.16000366210938,4056.5,89.2300033569336,6538.759765625,22078.05078125
2025-11-21,85090.6875,100.18000030517578,4076.699951171875,89.5,6602.990234375,22273.080078125
2025-11-24,88270.5625,100.13999938964844,4091.89990234375,90.01000213623047,6705.1201171875,22872.009765625
2025-11-25,87341.890625,99.66000366210938,4139.2001953125,90.23999786376953,6765.8798828125,23025.58984375
2025-11-26,90518.3671875,99.5999984741211,4165.2001953125,90.63999938964844,6812.60986328125,23214.689453125
2025-11-28,90919.265625,99.45999908447266,4218.2998046875,90.20999908447266,6849.08984375,23365.689453125
2025-12-01,86321.5703125,99.41000366210938,4239.2998046875,88.7699966430664,6812.6298828125,23275.919921875
2025-12-02,91350.203125,99.36000061035156,4186.60009765625,88.80999755859375,6829.3701171875,23413.669921875
2025-12-03,93527.8046875,98.8499984741211,4199.2998046875,89.05999755859375,6849.72021484375,23454.08984375
2025-12-04,92141.625,98.98999786376953,4211.7998046875,88.58000183105469,6857.1201171875,23505.140625
2025-12-05,89387.7578125,98.98999786376953,4212.89990234375,88.16999816894531,6870.39990234375,23578.130859375
2025-12-08,90640.203125,99.08999633789062,4187.2001953125,87.87999725341797,6846.509765625,23545.900390625
2025-12-09,92691.7109375,99.22000122070312,4206.7001953125,87.97000122070312,6840.509765625,23576.490234375
2025-12-10,92020.9453125,98.79000091552734,4196.39990234375,88.30999755859375,6886.68017578125,23654.150390625
2025-12-11,92511.3359375,98.3499984741211,4285.5,88.19000244140625,6901.0,23593.859375
2025-12-12,90270.4140625,98.4000015258789,4300.10009765625,87.33999633789062,6827.41015625,23195.169921875
2025-12-15,86419.78125,98.1500015258789,4306.7001953125,87.4000015258789,6816.509765625,23057.41015625
2025-12-16,87843.984375,98.1500015258789,4304.5,87.87999725341797,6800.259765625,23111.4609375
2025-12-17,86143.7578125,98.37000274658203,4347.5,87.80000305175781,6721.43017578125,22693.3203125
2025-12-18,85462.5078125,98.43000030517578,4339.5,88.22000122070312,6774.759765625,23006.359375
2025-12-19,88103.3828125,98.5999984741211,4361.39990234375,87.55000305175781,6834.5,23307.619140625
2025-12-22,88490.015625,98.29000091552734,4444.60009765625,87.36000061035156,6878.490234375,23428.830078125
2025-12-23,87414.0,97.94000244140625,4482.7998046875,87.5,6909.7900390625,23561.83984375
2025-12-24,87611.9609375,97.9800033569336,4480.60009765625,88.02999877929688,6932.0498046875,23613.310546875
2025-12-26,87301.4296875,98.0199966430664,4529.10009765625,87.73999786376953,6929.93994140625,23593.099609375
2025-12-29,87138.140625,98.04000091552734,4325.10009765625,88.06999969482422,6905.740234375,23474.349609375
2025-12-30,88430.1328125,98.23999786376953,4370.10009765625,87.86000061035156,6896.240234375,23419.080078125
2025-12-31,87508.828125,98.27999877929688,4325.60009765625,87.16000366210938,6845.5,23241.990234375
2026-01-02,89944.6953125,98.41999816894531,4314.39990234375,87.02999877929688,6858.47021484375,23235.630859375
2026-01-05,93882.5546875,98.2699966430664,4436.89990234375,87.45999908447266,6902.0498046875,23395.8203125
2026-01-06,93729.03125,98.58000183105469,4482.2001953125,87.27999877929688,6944.81982421875,23547.169921875
2026-01-07,91308.0546875,98.68000030517578,4449.2998046875,87.79000091552734,6920.93017578125,23584.279296875
2026-01-08,91027.125,98.93000030517578,4449.7001953125,87.3499984741211,6921.4599609375,23480.01953125
2026-01-09,90513.1015625,99.12999725341797,4490.2998046875,87.93000030517578,6966.27978515625,23671.349609375
2026-01-12,91192.9921875,98.86000061035156,4604.2998046875,87.66999816894531,6977.27001953125,23733.900390625
2026-01-13,95321.78125,99.12999725341797,4589.2001953125,87.81999969482422,6963.740234375,23709.869140625
2026-01-14,96929.328125,99.12999725341797,4626.2998046875,88.33000183105469,6926.60009765625,23471.75
2026-01-15,95551.1875,99.31999969482422,4616.2998046875,88.30999755859375,6944.47021484375,23530.01953125
2026-01-16,95525.1171875,99.38999938964844,4588.39990234375,87.80000305175781,6940.009765625,23515.390625
2026-01-20,88310.90625,98.63999938964844,4759.60009765625,86.6500015258789,6796.85986328125,22954.3203125
2026-01-21,89376.9609375,98.76000213623047,4831.7998046875,87.30999755859375,6875.6201171875,23224.8203125
2026-01-22,89462.453125,98.36000061035156,4908.7998046875,87.69000244140625,6913.35009765625,23436.01953125
2026-01-23,89503.875,97.5999984741211,4976.2001953125,87.93000030517578,6915.60986328125,23501.240234375
2026-01-26,88267.140625,97.04000091552734,5079.7001953125,88.3499984741211,6950.22998046875,23601.359375
2026-01-27,89102.5703125,96.22000122070312,5079.89990234375,87.80000305175781,6978.60009765625,23817.099609375
2026-01-28,89184.5703125,96.44999694824219,5301.60009765625,87.5999984741211,6978.02978515625,23857.44921875
2026-01-29,84561.5859375,96.27999877929688,5318.39990234375,87.62000274658203,6969.009765625,23685.119140625
2026-01-30,84128.65625,96.98999786376953,4713.89990234375,87.12999725341797,6939.02978515625,23461.8203125
2026-02-02,78688.765625,97.61000061035156,4622.5,86.55000305175781,6976.43994140625,23592.109375
2026-02-03,75633.546875,97.44000244140625,4903.7001953125,86.76000213623047,6917.81005859375,23255.189453125
2026-02-04,73019.703125,97.62000274658203,4920.39990234375,86.54000091552734,6882.72021484375,22904.580078125
2026-02-05,62702.09765625,97.81999969482422,4861.39990234375,87.4800033569336,6798.39990234375,22540.58984375
2026-02-06,70555.390625,97.62999725341797,4951.2001953125,87.54000091552734,6932.2998046875,23031.2109375
2026-02-09,70120.78125,96.81999969482422,5050.89990234375,87.5199966430664,6964.81982421875,23238.669921875
2026-02-10,68793.9609375,96.80000305175781,5003.7998046875,88.52999877929688,6941.81005859375,23102.470703125
2026-02-11,66991.96875,96.83000183105469,5071.60009765625,88.05999755859375,6941.47021484375,23066.470703125
2026-02-12,66221.84375,96.93000030517578,4923.7001953125,89.2300033569336,6832.759765625,22597.150390625
2026-02-13,68857.84375,96.87999725341797,5022.0,89.72000122070312,6836.169921875,22546.669921875
2026-02-17,67494.21875,97.16000366210938,4882.89990234375,89.87000274658203,6843.22021484375,22578.380859375
2026-02-18,66425.3203125,97.69999694824219,4986.5,89.52999877929688,6881.31005859375,22753.630859375
2026-02-19,66957.5234375,97.93000030517578,4975.89990234375,89.62000274658203,6861.89013671875,22682.73046875
2026-02-20,68005.421875,97.80000305175781,5059.2998046875,89.41000366210938,6909.509765625,22886.0703125
2026-02-23,64616.73828125,97.69999694824219,5204.7001953125,89.73999786376953,6837.75,22627.26953125
2026-02-24,64080.04296875,97.87999725341797,5155.7998046875,89.9000015258789,6890.06982421875,22863.6796875
2026-02-25,67960.125,97.69999694824219,5206.39990234375,89.91000366210938,6946.1298828125,23152.080078125
2026-02-26,67453.7734375,97.79000091552734,5176.5,90.2699966430664,6908.85986328125,22878.380859375
2026-02-27,65881.796875,97.61000061035156,5230.5,90.81999969482422,6878.8798828125,22668.2109375
2026-03-02,68775.8515625,98.37999725341797,5294.39990234375,89.61000061035156,6881.6201171875,22748.859375
2026-03-03,68293.6484375,99.05000305175781,5107.39990234375,89.43000030517578,6816.6298828125,22516.689453125
2026-03-04,72710.578125,98.7699966430664,5120.2001953125,89.1500015258789,6869.5,22807.48046875
2026-03-05,70841.125,99.31999969482422,5065.2998046875,88.79000091552734,6830.7099609375,22748.990234375
2026-03-06,68136.4921875,98.98999786376953,5146.10009765625,88.45999908447266,6740.02001953125,22387.6796875
2026-03-09,68402.3828125,99.18000030517578,5091.5,89.2300033569336,6795.990234375,22695.94921875
2026-03-10,69926.921875,98.83000183105469,5229.7001953125,88.27999877929688,6781.47998046875,22697.099609375
2026-03-11,70204.8828125,99.2300033569336,5167.39990234375,87.13999938964844,6775.7998046875,22716.130859375
2026-03-12,70493.4609375,99.73999786376953,5115.7998046875,86.97000122070312,6672.6201171875,22311.98046875
2026-03-13,70968.265625,100.36000061035156,5052.5,86.54000091552734,6632.18994140625,22105.359375
2026-03-16,74861.0859375,99.70999908447266,4994.0,87.20999908447266,6699.3798828125,22374.1796875
2026-03-17,73922.4765625,99.58000183105469,5001.0,87.44999694824219,6716.08984375,22479.529296875
2026-03-18,71245.578125,100.08999633789062,4889.89990234375,86.95999908447266,6624.7001953125,22152.419921875
2026-03-19,69912.7890625,99.2300033569336,4600.7001953125,87.48999786376953,6606.490234375,22090.689453125
2026-03-20,70522.5859375,99.6500015258789,4570.39990234375,85.83000183105469,6506.47998046875,21647.609375
2026-03-23,70914.859375,98.94999694824219,4404.10009765625,86.38999938964844,6581.0,21946.759765625
