date,event_name,BTC_return_pct,best_model,cond_vol
2019-01-03,hormuz_crisis,-2.7422321806192,Model3,3.9534552352359533
2019-01-04,hormuz_crisis,0.54523316149208,Model3,3.9059594541712683
2019-01-07,hormuz_crisis,4.25109012485867,Model3,3.791518611573546
2019-01-08,hormuz_crisis,0.13901547706836,Model3,3.861388070361743
2019-01-09,hormuz_crisis,0.11030020343775,Model3,3.7532255029685655
2019-01-10,hormuz_crisis,-9.245928249298151,Model3,3.6506891117395854
2019-01-11,hormuz_crisis,0.22917701090901,Model3,4.357882678406465
2019-01-14,hormuz_crisis,0.50549848705621,Model3,4.224802217796897
2019-01-15,hormuz_crisis,-2.0548563372547903,Model3,4.083451624171872
2019-01-16,hormuz_crisis,0.66793014015464,Model3,3.9866801343852267
2019-01-17,hormuz_crisis,0.64244855803284,Model3,3.8649166720838912
2019-01-18,hormuz_crisis,-0.56498160197321,Model3,3.746245255241361
2019-01-22,hormuz_crisis,-1.46681650573605,Model3,3.6385737798977145
2019-01-23,hormuz_crisis,-0.5411671839448,Model3,3.5564636157301006
2019-01-24,hormuz_crisis,0.43814311055097,Model3,3.456128083369475
2019-01-25,hormuz_crisis,-0.03054202695449,Model3,3.3643660801392157
2019-01-28,hormuz_crisis,-3.65844118223873,Model3,3.2812304406796344
2019-01-29,hormuz_crisis,-0.64561266610713,Model3,3.355616707413269
2019-01-30,hormuz_crisis,1.0978782970954,Model3,3.275876338748239
2019-01-31,hormuz_crisis,-0.8176606850343,Model3,3.1908552193273048
2019-02-01,hormuz_crisis,0.8682382533651001,Model3,3.109894098084686
2019-02-04,hormuz_crisis,-0.82887614212158,Model3,3.024786847080779
2019-02-05,hormuz_crisis,0.20802425249582998,Model3,2.954563278785668
2019-02-06,hormuz_crisis,-1.52876937500929,Model3,2.882649191571215
2019-02-07,hormuz_crisis,-0.4196583300843,Model3,2.8408547740885437
2019-02-08,hormuz_crisis,7.569393609415689,Model3,2.7612531293987113
2019-02-11,hormuz_crisis,-0.5016847229195199,Model3,3.3595575880376956
2019-02-12,hormuz_crisis,0.13963105132088,Model3,3.281115881265802
2019-02-13,hormuz_crisis,-0.5890543660869,Model3,3.21320629597681
2019-02-14,hormuz_crisis,-0.41908735831722,Model3,3.145419632317439
2019-02-15,hormuz_crisis,0.1085962822589,Model3,3.0903402861640155
2019-02-19,hormuz_crisis,8.62817579976625,Model3,3.0361052157510677
2019-02-20,hormuz_crisis,1.32697650984953,Model3,3.7643881761076194
2019-02-21,hormuz_crisis,-1.1491890282327701,Model3,3.703861808283968
2019-02-22,hormuz_crisis,1.2917451356471399,Model3,3.6412917519266017
2019-02-25,hormuz_crisis,-3.1145228196265298,Model3,3.5818259754663058
2019-02-26,hormuz_crisis,-0.73253992798098,Model3,3.6176026044242175
2019-02-27,hormuz_crisis,-0.08592791582579,Model3,3.539161417568138
2019-02-28,hormuz_crisis,0.09701838898456,Model3,3.4513247894788632
2019-03-01,hormuz_crisis,0.12440007407169,Model3,3.366740262395865
2019-03-04,hormuz_crisis,-2.57263366422541,Model3,3.2872743328977347
2019-03-05,hormuz_crisis,3.5213632013154097,Model3,3.294367456480076
2019-03-06,hormuz_crisis,0.19403387629408,Model3,3.3451540759884586
2019-03-07,hormuz_crisis,0.19299650258203999,Model3,3.2615899408776605
2019-03-08,hormuz_crisis,-0.26502747112911,Model3,3.189875098976873
2019-03-11,hormuz_crisis,0.10493249311858001,Model3,3.1397282654197327
2019-03-12,hormuz_crisis,0.10055701480762001,Model3,3.0897379289448392
2019-03-13,hormuz_crisis,-0.062410552370000004,Model3,3.04546237420272
2019-03-14,hormuz_crisis,0.4508157464902,Model3,3.004476722679086
2019-03-15,hormuz_crisis,0.9268473031698701,Model3,2.9649448826308302
2019-03-18,hormuz_crisis,1.7914264468173902,Model3,2.9365232784886817
2019-03-19,hormuz_crisis,0.9547038273958599,Model3,2.937117350813062
2019-03-20,hormuz_crisis,0.39923569462326,Model3,2.912037716565634
2019-03-21,hormuz_crisis,-1.43284017903384,Model3,2.8803374446160093
2019-03-22,hormuz_crisis,-0.13307952232004,Model3,2.8780598520105123
2019-03-25,hormuz_crisis,-1.52494276239614,Model3,2.8541950467674755
2019-03-26,hormuz_crisis,0.55384728228034,Model3,2.8573941600775346
2019-03-27,hormuz_crisis,2.52698021617776,Model3,2.8178689651780062
2019-03-28,hormuz_crisis,-0.44037841400318006,Model3,2.8505204826804063
2019-03-29,hormuz_crisis,0.71668258025051,Model3,2.8099971227576606
2019-04-01,hormuz_crisis,1.4487790832901,Model3,2.7801887802491976
2019-04-02,hormuz_crisis,16.00419797683949,Model3,2.772884218950364
2019-04-03,hormuz_crisis,1.89074929695084,Model3,5.099649728571696
2019-04-04,hormuz_crisis,-1.0150461847882999,Model3,4.973680123030187
2019-04-05,hormuz_crisis,2.28701273913103,Model3,4.847588878819411
2019-04-08,hormuz_crisis,4.90275913129694,Model3,4.748374914959613
2019-04-09,hormuz_crisis,-1.61632267879214,Model3,4.7941750369351075
2019-04-10,hormuz_crisis,2.27168029339171,Model3,4.685985507256027
2019-04-11,hormuz_crisis,-5.00755252871914,Model3,4.597757736702273
2019-04-12,hormuz_crisis,0.49342631676370996,Model3,4.681550949506023
2019-04-15,hormuz_crisis,-0.4416949710274,Model3,4.558387156566141
2019-04-16,hormuz_crisis,3.2703409546246704,Model3,4.424119780812664
2019-04-17,hormuz_crisis,0.31234202806836997,Model3,4.393195420723104
2019-04-18,hormuz_crisis,0.8805048106448801,Model3,4.271530182673709
2019-04-22,hormuz_crisis,1.88792002516234,Model3,4.170583762243722
2019-04-23,hormuz_crisis,3.1537678710242303,Model3,4.100748891290387
2019-04-24,hormuz_crisis,-1.9479346575944598,Model3,4.087607445677862
2019-04-25,hormuz_crisis,-4.76609104068962,Model3,4.03469284293103
2019-04-26,hormuz_crisis,1.31238134231589,Model3,4.15623355143352
2019-04-29,hormuz_crisis,-0.6078961482854,Model3,4.066467453636371
2019-04-30,hormuz_crisis,1.9508686623198799,Model3,3.9573275072027476
2019-05-01,hormuz_crisis,0.96659647371959,Model3,3.8824910161236508
2019-05-02,hormuz_crisis,1.88099797549053,Model3,3.7856969130268965
2019-05-03,hormuz_crisis,4.66672959800343,Model3,3.7266680201029847
2019-05-06,hormuz_crisis,-0.37311795802016,Model3,3.8424232647342413
2019-05-07,hormuz_crisis,1.42870660185711,Model3,3.7621134437009074
2019-05-08,hormuz_crisis,2.58999553140452,Model3,3.6944124728639127
2019-05-09,hormuz_crisis,3.1601133315537897,Model3,3.686597767281622
2019-05-10,hormuz_crisis,3.25551192394692,Model3,3.704935747131264
2019-05-13,hormuz_crisis,20.304639975180212,Model3,3.7345579894424046
2019-05-14,hormuz_crisis,2.27092076256784,Model3,6.566591625106786
2019-05-15,hormuz_crisis,2.60208959248796,Model3,6.384759529053766
2019-05-16,hormuz_crisis,-3.9813493607042902,Model3,6.22159850888382
2019-05-17,hormuz_crisis,-7.1081277258818,Model3,6.128247505288247
2019-05-20,hormuz_crisis,8.28570695486819,Model3,6.248048296494342
2019-05-21,hormuz_crisis,-0.18795372127934,Model3,6.437599421602895
2019-05-22,hormuz_crisis,-3.62187635444826,Model3,6.233088309846276
2019-05-23,hormuz_crisis,2.59340328588813,Model3,6.117321917483538
2019-05-24,hormuz_crisis,1.32995155792158,Model3,5.962567162791165
2019-05-28,hormuz_crisis,8.775312805053579,Model3,5.78426126577042
2019-05-29,hormuz_crisis,-0.69593521281463,Model3,6.072845535009917
2019-05-30,hormuz_crisis,-4.00566479677288,Model3,5.886760616170093
2019-05-31,hormuz_crisis,3.0194039934908,Model3,5.811816923003097
2019-06-03,hormuz_crisis,-4.35623915431442,Model3,5.690154269086862
2019-06-04,hormuz_crisis,-6.30014783427008,Model3,5.640698216118904
2019-06-05,hormuz_crisis,1.49964735399352,Model3,5.733574645243442
2019-06-06,hormuz_crisis,-0.02822410658263,Model3,5.554531875487911
2019-06-07,hormuz_crisis,2.79771290768078,Model3,5.360768691658041
2019-06-10,hormuz_crisis,-0.5437662200411599,Model3,5.231044841914278
2019-06-11,hormuz_crisis,-0.9117973017983999,Model3,5.054155630511199
2019-06-12,hormuz_crisis,2.71447396905516,Model3,4.903402224060013
2019-06-13,hormuz_crisis,1.03887534460544,Model3,4.815573938334427
2019-06-14,hormuz_crisis,5.47156649508117,Model3,4.68618804072379
2019-06-17,hormuz_crisis,6.95865294306852,Model3,4.783887256522122
2019-06-18,hormuz_crisis,-2.59321508495559,Model3,5.0091610888325295
2019-06-19,hormuz_crisis,2.08948838816372,Model3,4.934505081871806
2019-06-20,hormuz_crisis,2.6983496264122797,Model3,4.839812793979453
2019-06-21,hormuz_crisis,6.2790586710018,Model3,4.7711984716067875
2019-06-24,hormuz_crisis,8.19668154406263,Model3,4.943111772532656
2019-06-25,hormuz_crisis,6.842540313130869,Model3,5.290569203308278
2019-06-26,hormuz_crisis,9.886766271923939,Model3,5.4571029154072725
2019-06-27,hormuz_crisis,-15.18196739369874,Model3,5.928203518027578
2019-06-28,hormuz_crisis,10.391011328681179,Model3,7.081487535586918
2019-07-01,hormuz_crisis,-15.90259165175732,Model3,7.397755423007638
2019-07-02,hormuz_crisis,2.04397936493043,Model3,8.345064580540923
2019-07-03,hormuz_crisis,10.19724231462695,Model3,8.069039310049492
2019-07-05,hormuz_crisis,-8.57387233094812,Model3,8.249670816383809
2019-07-08,hormuz_crisis,11.25218171691106,Model3,8.302507115582562
2019-07-09,hormuz_crisis,2.3159293280455797,Model3,8.558118957087215
2019-07-10,hormuz_crisis,-3.37512276446848,Model3,8.281171891355894
2019-07-11,hormuz_crisis,-6.78844161871299,Model3,8.053673615223596
2019-07-12,hormuz_crisis,3.94727538685642,Model3,7.999499736829032
2019-07-15,hormuz_crisis,-8.11411734726623,Model3,7.789555014527021
2019-07-16,hormuz_crisis,-13.93767055806641,Model3,7.824811662499691
2019-07-17,hormuz_crisis,2.2551278856090198,Model3,8.42794849074837
2019-07-18,hormuz_crisis,9.56195530666192,Model3,8.138348198427675
2019-07-19,hormuz_crisis,-1.28084615726044,Model3,8.238613070359214
2019-07-22,hormuz_crisis,-1.79776255861929,Model3,7.947189863111461
2019-07-23,hormuz_crisis,-4.3707966595476595,Model3,7.677364428933971
2019-07-24,hormuz_crisis,-0.9013724991008001,Model3,7.4993823762785645
2019-07-25,hormuz_crisis,1.01316211442782,Model3,7.235790689787896
2019-07-26,hormuz_crisis,-0.41995593419582994,Model3,6.972462673385461
2019-07-29,hormuz_crisis,-3.6225536898156303,Model3,6.728763559446834
2019-07-30,hormuz_crisis,0.9231027857063199,Model3,6.561093434317102
2019-07-31,hormuz_crisis,4.85753181457759,Model3,6.324331058306539
2019-08-01,hormuz_crisis,3.06625402642424,Model3,6.228513147801515
2019-08-02,hormuz_crisis,1.1330721144643299,Model3,6.060932538952575
2019-08-05,hormuz_crisis,11.54738170801919,Model3,5.869836752504392
2019-08-06,hormuz_crisis,-2.8131633051239597,Model3,6.466460834669592
2019-08-07,hormuz_crisis,3.9612102673995,Model3,6.3026960102569385
2019-08-08,hormuz_crisis,0.2044345052785,Model3,6.187257248132628
2019-08-09,hormuz_crisis,-0.8684364496770199,Model3,5.9768697400882065
2019-08-12,hormuz_crisis,-4.1331664073565495,Model3,5.791089021080307
2019-08-13,hormuz_crisis,-4.3707143389405,Model3,5.721269795141791
2019-08-14,hormuz_crisis,-8.063797192427451,Model3,5.662723009962212
2019-08-15,hormuz_crisis,2.55220459657217,Model3,5.899541580798524
2019-08-16,hormuz_crisis,0.60711120004816,Model3,5.717990509959928
2019-08-19,hormuz_crisis,5.08991827786004,Model3,5.509091727766764
2019-08-20,hormuz_crisis,-1.40986026461183,Model3,5.487497024400295
2019-08-21,hormuz_crisis,-5.984026786228671,Model3,5.313583220031863
2019-08-22,hormuz_crisis,-0.06901282262681,Model3,5.393515273172243
2019-08-23,hormuz_crisis,2.69658389084879,Model3,5.195655824627457
2019-08-26,hormuz_crisis,-0.35752398936553,Model3,5.0495770106715225
2019-08-27,hormuz_crisis,-1.8030983225030401,Model3,4.882552000482814
2019-08-28,hormuz_crisis,-4.3244332321516605,Model3,4.7547967395724
2019-08-29,hormuz_crisis,-2.5355880586420803,Model3,4.749055874076171
2019-08-30,hormuz_crisis,0.9207926773968301,Model3,4.648149099365408
2019-09-03,hormuz_crisis,10.149944313938281,Model3,4.493108147922901
2019-09-04,hormuz_crisis,-0.27379439807032,Model3,5.119335494566115
2019-09-05,hormuz_crisis,-0.17912085396542002,Model3,4.955030656622355
2019-09-06,hormuz_crisis,-2.12375711817206,Model3,4.799674509436989
2019-09-09,hormuz_crisis,-0.17718372091033,Model3,4.688206704122823
2019-09-10,hormuz_crisis,-2.1417820975587,Model3,4.545751967912872
2019-09-11,hormuz_crisis,0.61491684329552,Model3,4.448957229036288
2019-09-12,hormuz_crisis,2.2513994030435,Model3,4.3182637804794
2019-09-13,hormuz_crisis,-0.47740552572045997,Model3,4.229404164705382
2019-09-16,hormuz_crisis,-0.8116684239868,Model3,4.108576896987089
2019-09-17,hormuz_crisis,-0.34624627057502,Model3,3.9970036019414152
2019-09-18,hormuz_crisis,-0.42099302272132,Model3,3.885369503024808
2019-09-19,hormuz_crisis,0.66619464013658,Model3,3.7830618550247608
2019-09-20,hormuz_crisis,-0.82916361861855,Model3,3.683747752410184
2019-09-25,soleimani_assassination,-1.56160153711765,Model3,3.587439931741448
2019-09-26,soleimani_assassination,-4.433175093227519,Model3,3.5235348363550965
2019-09-27,soleimani_assassination,1.6233872320436198,Model3,3.6215261507840655
2019-09-30,soleimani_assassination,0.5079569443804001,Model3,3.523808194985777
2019-10-01,soleimani_assassination,0.59395226486973,Model3,3.4209895739133787
2019-10-02,soleimani_assassination,0.59470393194238,Model3,3.3262195151219833
2019-10-03,soleimani_assassination,-1.5979386618286,Model3,3.247367532228287
2019-10-04,soleimani_assassination,-0.65654260828599,Model3,3.2043937428059213
2019-10-07,soleimani_assassination,0.48243041615049004,Model3,3.136416820398727
2019-10-08,soleimani_assassination,-0.20443649815999,Model3,3.058896350988065
2019-10-09,soleimani_assassination,4.36286041566608,Model3,2.9799548363664723
2019-10-10,soleimani_assassination,-0.10786272982693,Model3,3.1382525399611745
2019-10-11,soleimani_assassination,-3.13147409566968,Model3,3.067591610031902
2019-10-14,soleimani_assassination,0.63402562653607,Model3,3.129389270775023
2019-10-15,soleimani_assassination,-2.04249337266119,Model3,3.0660177895848317
2019-10-16,soleimani_assassination,-1.94238919419784,Model3,3.0557292356344883
2019-10-17,soleimani_assassination,0.69819797390667,Model3,3.0434751546451717
2019-10-18,soleimani_assassination,-1.62599400769491,Model3,2.9875704940356935
2019-10-21,soleimani_assassination,3.33649226816922,Model3,2.9667058052900126
2019-10-22,soleimani_assassination,-2.0282321366639,Model3,3.039194551218456
2019-10-23,soleimani_assassination,-7.231210270483079,Model3,3.029691282797274
2019-10-24,soleimani_assassination,-0.28228801699560996,Model3,3.5657940998766815
2019-10-25,soleimani_assassination,14.476109386093212,Model3,3.470963350057116
2019-10-28,soleimani_assassination,6.649245338975191,Model3,5.135143991063004
2019-10-29,soleimani_assassination,1.83628119185334,Model3,5.263870358162632
2019-10-30,soleimani_assassination,-2.38250957188314,Model3,5.122483312332427
2019-10-31,soleimani_assassination,-0.06673727616756,Model3,5.012568094430004
2019-11-01,soleimani_assassination,0.66649470637192,Model3,4.8624418404835135
2019-11-04,soleimani_assassination,1.62272073362176,Model3,4.719938600106957
2019-11-05,soleimani_assassination,-0.74737153095655,Model3,4.599371939320615
2019-11-06,soleimani_assassination,0.19624814591623,Model3,4.4718443426577865
2019-11-07,soleimani_assassination,-1.00189960017422,Model3,4.349191497373612
2019-11-08,soleimani_assassination,-5.1214083806273205,Model3,4.242109761011455
2019-11-11,soleimani_assassination,-0.53628393782228,Model3,4.364085125210309
2019-11-12,soleimani_assassination,0.6586553240447099,Model3,4.240145278523536
2019-11-13,soleimani_assassination,-0.0839701097148,Model3,4.119977422801839
2019-11-14,soleimani_assassination,-1.1437202181483899,Model3,4.0021945024500605
2019-11-15,soleimani_assassination,-2.51293975638366,Model3,3.903328130044749
2019-11-18,soleimani_assassination,-2.17499232750937,Model3,3.862812144079715
2019-11-19,soleimani_assassination,-1.24903748385561,Model3,3.8063615412344594
2019-11-20,soleimani_assassination,-2.20390715609403,Model3,3.7207855072777845
2019-11-21,soleimani_assassination,-4.90867681256861,Model3,3.6687558728580254
2019-11-22,soleimani_assassination,-4.63520647192892,Model3,3.8130317615549703
2019-11-25,soleimani_assassination,-2.08339396805791,Model3,3.9154448561264754
2019-11-26,soleimani_assassination,1.00578355100451,Model3,3.835449727249097
2019-11-27,soleimani_assassination,4.248662643530119,Model3,3.719354473558945
2019-11-29,soleimani_assassination,3.00266422291612,Model3,3.7743817635810033
2019-12-02,soleimani_assassination,-5.82606716195117,Model3,3.738600214257447
2019-12-03,soleimani_assassination,-0.025170831980869997,Model3,3.9664687485306547
2019-12-04,soleimani_assassination,-0.9348132540893801,Model3,3.8448358880098485
2019-12-05,soleimani_assassination,2.67047677560738,Model3,3.739635526778593
2019-12-06,soleimani_assassination,1.31628393042846,Model3,3.691366988986912
2019-12-09,soleimani_assassination,-1.9548145146261,Model3,3.591992037222302
2019-12-10,soleimani_assassination,-1.67289991526947,Model3,3.532788282403121
2019-12-11,soleimani_assassination,-0.83739838171703,Model3,3.4691146806906707
2019-12-12,soleimani_assassination,0.3555471658463,Model3,3.379146972001096
2019-12-13,soleimani_assassination,0.36588787977558,Model3,3.279050840999351
2019-12-16,soleimani_assassination,-4.74952215936794,Model3,3.1878659163320058
2019-12-17,soleimani_assassination,-4.302813984775,Model3,3.3634006372785876
2019-12-18,soleimani_assassination,9.150203958984559,Model3,3.4767867376473935
2019-12-19,soleimani_assassination,-1.02155997884909,Model3,4.1657401687431825
2019-12-20,soleimani_assassination,0.22150257023572,Model3,4.035690061287847
2019-12-23,soleimani_assassination,1.87747845098713,Model3,3.905792677655939
2019-12-24,soleimani_assassination,-0.45095905809828996,Model3,3.814003677997576
2019-12-26,soleimani_assassination,-1.14777121428683,Model3,3.7085744853950273
2019-12-27,soleimani_assassination,0.70371806538616,Model3,3.6131515523603968
2019-12-30,soleimani_assassination,0.03986452276052,Model3,3.52445382631181
2019-12-31,soleimani_assassination,-1.37226948232393,Model3,3.4349652780631423
2020-01-02,soleimani_assassination,-2.93593114134793,Model3,3.375999066448392
2020-01-03,soleimani_assassination,5.0171745960031195,Model3,3.3952041647720606
2020-01-06,soleimani_assassination,5.61656209922459,Model3,3.569954740701601
2020-01-07,soleimani_assassination,4.95268893264055,Model3,3.7837977231193367
2020-01-08,soleimani_assassination,-1.03216732028055,Model3,3.910206110809406
2020-01-09,soleimani_assassination,-2.51648511144178,Model3,3.815453247312754
2020-01-10,soleimani_assassination,3.5837017057326506,Model3,3.7902378578820306
2020-01-13,soleimani_assassination,-0.27417352722783,Model3,3.811686727484163
2020-01-14,soleimani_assassination,8.05965063783667,Model3,3.7126019007266104
2020-01-15,soleimani_assassination,-0.23537488141357,Model3,4.213640263398873
2020-01-16,soleimani_assassination,-0.94947463248592,Model3,4.106888791321068
2020-01-17,soleimani_assassination,2.32553387156401,Model3,4.012939613879724
2020-01-21,soleimani_assassination,-2.07242781123776,Model3,3.9610515833651614
2020-01-22,soleimani_assassination,-0.7461951294768,Model3,3.9086578729287567
2020-01-23,soleimani_assassination,-3.2115367723195396,Model3,3.817231204012252
2020-01-24,soleimani_assassination,0.46189330082945,Model3,3.8318571209718733
2020-01-27,soleimani_assassination,5.3527956902725595,Model3,3.7384194447303125
2020-01-28,soleimani_assassination,4.9140656693548,Model3,3.904882404198163
2020-01-29,soleimani_assassination,-0.44936586728142003,Model3,4.022259662402444
2020-01-30,soleimani_assassination,2.04370369180801,Model3,3.9240614290598477
2020-01-31,soleimani_assassination,-1.6805048675941199,Model3,3.8673885174846916
2020-02-03,soleimani_assassination,-0.61154081625973,Model3,3.806734448309826
2020-02-04,soleimani_assassination,-1.21854536490776,Model3,3.7225162798851428
2020-02-05,soleimani_assassination,4.60283479927525,Model3,3.6599112775184905
2020-02-06,soleimani_assassination,1.20330844939429,Model3,3.7818461462279767
2020-02-07,soleimani_assassination,0.6774835392772,Model3,3.7055375172240765
2020-02-10,soleimani_assassination,0.61740737967538,Model3,3.6323548137547474
2020-02-11,soleimani_assassination,3.50524467462707,Model3,3.557957175278536
2020-02-12,soleimani_assassination,1.1475404940051999,Model3,3.605253192782965
2020-02-13,soleimani_assassination,-1.08737626421834,Model3,3.537549537924302
2020-02-14,soleimani_assassination,0.9523015160699301,Model3,3.485852905927281
2020-02-18,soleimani_assassination,-1.66347028422138,Model3,3.434802845304761
2020-02-19,soleimani_assassination,-5.14499840432895,Model3,3.409525195416628
2020-02-20,soleimani_assassination,-0.25892656683303,Model3,3.62852980882901
2020-02-21,soleimani_assassination,0.80815320097119,Model3,3.5465904096451037
2020-02-24,soleimani_assassination,-0.37510848528392,Model3,3.4664291523454875
2020-02-25,soleimani_assassination,-3.2487237538452405,Model3,3.3840193416747693
2020-02-26,soleimani_assassination,-5.74076879254873,Model3,3.4252265363968424
2020-02-27,soleimani_assassination,-0.40929663884491996,Model3,3.693322984656556
2020-02-28,soleimani_assassination,-1.28362177683372,Model3,3.590198192540411
2020-03-02,soleimani_assassination,2.24856627211769,Model3,3.5069016513578934
2020-03-03,soleimani_assassination,-0.92747648117554,Model3,3.461154904371828
2020-03-04,soleimani_assassination,-0.37097436703969,Model3,3.376234798902531
2020-03-05,soleimani_assassination,3.62848420114212,Model3,3.28898856174766
2020-03-06,soleimani_assassination,0.48110043680747,Model3,3.34123471515784
2020-03-09,soleimani_assassination,-14.089765259142101,Model3,3.2536732334724014
2020-03-10,soleimani_assassination,-0.1757685080185,Model3,4.9613863491808115
2020-03-11,soleimani_assassination,0.02149884883273,Model3,4.7765199201794655
2020-03-12,soleimani_assassination,-46.47301753397729,Model3,4.595712730194114
2020-03-13,soleimani_assassination,11.26862221975449,Model3,13.309596799542954
2020-03-16,soleimani_assassination,-10.39348951248463,Model3,13.140914433216228
2020-03-17,soleimani_assassination,4.12455256701917,Model3,12.937417204741536
2020-03-18,soleimani_assassination,0.24482043860695,Model3,12.476978879401372
2020-03-19,soleimani_assassination,16.71043242496126,Model3,11.986709411282026
2020-03-20,soleimani_assassination,0.12244500086869,Model3,12.357679785601956
2020-03-23,soleimani_assassination,3.44917287128043,Model3,11.874512410768178
2020-03-24,soleimani_assassination,4.84447085736408,Model3,11.445660079435704
2020-03-25,soleimani_assassination,-0.8011559939720799,Model3,11.072362282716758
2020-03-26,soleimani_assassination,0.5281211361417,Model3,10.64236086680699
2020-03-27,soleimani_assassination,-3.74133766993111,Model3,10.227861336647093
2020-03-30,soleimani_assassination,-0.61950054936689,Model3,9.882804071491135
2020-03-31,soleimani_assassination,0.13681074096151,Model3,9.499537815299076
2020-04-01,soleimani_assassination,2.5777803165675897,Model3,9.129143585408718
2020-04-02,soleimani_assassination,2.78887559659614,Model3,8.798951199767995
2020-04-03,soleimani_assassination,-0.89062838293482,Model3,8.488431247258385
2020-04-06,soleimani_assassination,7.6922958538331905,Model3,8.16491033685464
2020-04-07,soleimani_assassination,-1.32013831407586,Model3,8.113093719692461
2020-04-08,soleimani_assassination,2.17346261162095,Model3,7.808506075395861
2020-04-09,soleimani_assassination,-0.43739979839616994,Model3,7.5319824053270406
2020-04-13,soleimani_assassination,-6.46365688375547,Model3,7.247896468545908
2020-04-14,soleimani_assassination,-0.038135085635919996,Model3,7.1950795886552745
2020-04-15,soleimani_assassination,-2.97129370766832,Model3,6.918960104010566
2020-04-16,soleimani_assassination,6.90291127264351,Model3,6.706273454806526
2020-04-17,soleimani_assassination,-0.29015210954838,Model3,6.708884975286274
2020-04-20,soleimani_assassination,-3.06539785757337,Model3,6.453847699504749
2020-04-21,soleimani_assassination,-0.023764284804560002,Model3,6.266099551016706
2020-04-22,soleimani_assassination,3.3849812461732998,Model3,6.0273761099956
2020-04-23,soleimani_assassination,4.29733471762611,Model3,5.8677411021761205
2020-04-24,soleimani_assassination,1.61780844964256,Model3,5.7610825546188735
2020-04-27,soleimani_assassination,3.1892731911705803,Model3,5.562890224808031
2020-04-28,soleimani_assassination,0.14686626299017,Model3,5.423671125769722
2020-04-29,soleimani_assassination,11.984140644428901,Model3,5.231010791849113
2020-04-30,soleimani_assassination,-1.63219781859235,Model3,5.978192464149907
2020-05-01,soleimani_assassination,2.35369104465703,Model3,5.779470365098351
2020-05-04,soleimani_assassination,0.53874869042535,Model3,5.614086881888022
2020-05-05,soleimani_assassination,1.0093566989645202,Model3,5.421846010597878
2020-05-06,soleimani_assassination,2.90841262398248,Model3,5.2459054032342785
2020-05-07,soleimani_assassination,7.10753668546627,Model3,5.125556172704039
2020-05-08,soleimani_assassination,-1.09985471722912,Model3,5.3048482275945235
2020-05-11,soleimani_assassination,-13.47556040565574,Model3,5.143549119785049
2020-05-12,soleimani_assassination,2.3289396482524602,Model3,6.182760047888822
2020-05-13,soleimani_assassination,5.15216067309946,Model3,5.995744282241823
2020-05-14,soleimani_assassination,4.88143083365274,Model3,5.9437994316703255
2020-05-15,soleimani_assassination,-4.255454133663069,Model3,5.880871978959441
2020-05-18,soleimani_assassination,4.18200731276238,Model3,5.796692226553098
2020-05-19,soleimani_assassination,0.02531804680276,Model3,5.707009806357635
2020-05-20,soleimani_assassination,-2.14070538650415,Model3,5.517384756420841
2020-05-21,soleimani_assassination,-4.74397811200526,Model3,5.370901164058469
2020-05-22,soleimani_assassination,1.1039704675422302,Model3,5.359273661413152
2020-05-26,soleimani_assassination,-3.85808258006758,Model3,5.192499737931069
2020-05-27,soleimani_assassination,3.84109712226946,Model3,5.133133877776673
2020-05-28,soleimani_assassination,3.68607148089735,Model3,5.064406039722697
2020-05-29,soleimani_assassination,-0.91355788641862,Model3,4.991526881698755
2020-06-01,soleimani_assassination,7.43104135689064,Model3,4.836511057071043
2020-06-02,soleimani_assassination,-6.47494748028366,Model3,5.086494904652303
2020-06-03,soleimani_assassination,1.3229694990896201,Model3,5.2349690285732216
2020-06-04,soleimani_assassination,1.4793539385652499,Model3,5.0832126229335906
2020-06-05,soleimani_assassination,-1.38810752726639,Model3,4.936143613276399
2020-06-08,soleimani_assassination,1.09026065544129,Model3,4.803287303164979
2020-06-09,soleimani_assassination,0.24746476660235,Model3,4.6667054470703215
2020-06-10,soleimani_assassination,0.75659170073052,Model3,4.528567568981719
2020-06-11,soleimani_assassination,-5.71557191412842,Model3,4.399782332056734
2020-06-12,soleimani_assassination,1.6919583790144002,Model3,4.54882342672208
2020-06-15,soleimani_assassination,-0.31842753035456,Model3,4.433454801354174
2020-06-16,soleimani_assassination,0.91973393680267,Model3,4.293131402408802
2020-06-17,soleimani_assassination,-0.60751772572968,Model3,4.1632379026080155
2020-06-18,soleimani_assassination,-0.72426439750119,Model3,4.039711233554305
2020-06-19,soleimani_assassination,-1.32433162041455,Model3,3.923135851075801
2020-06-22,soleimani_assassination,3.8099791204586895,Model3,3.8260844030321413
2020-06-23,soleimani_assassination,-0.19773010491619,Model3,3.847760477161703
2020-06-24,soleimani_assassination,-3.33709232737798,Model3,3.735673156866866
2020-06-25,soleimani_assassination,-0.52530814953213,Model3,3.746164589709533
2020-06-26,soleimani_assassination,-1.1059043986902601,Model3,3.6533844261341804
2020-06-29,soleimani_assassination,0.30442291982975,Model3,3.5682774591501594
2020-06-30,soleimani_assassination,-0.5768117633966799,Model3,3.4715013732094784
2020-07-01,soleimani_assassination,0.9836784692078,Model3,3.3856967203731285
2020-07-02,soleimani_assassination,-1.14339249180112,Model3,3.3122996835735354
2020-07-06,soleimani_assassination,2.7253540738286097,Model3,3.2495813230383144
2020-07-07,soleimani_assassination,-1.3227475028494502,Model3,3.251314008298608
2020-07-08,soleimani_assassination,1.88495850546219,Model3,3.194554707587968
2020-07-09,soleimani_assassination,-1.6076772716190901,Model3,3.1591270095475683
2020-07-10,soleimani_assassination,0.009051613040455209,Model3,3.122983330669652
2020-07-13,soleimani_assassination,-0.38000863994744,Model3,3.056043847558679
2020-07-14,soleimani_assassination,-0.004331631390260929,Model3,2.989471834651402
2020-07-15,soleimani_assassination,-0.5465061808117,Model3,2.9278083448157837
2020-07-16,soleimani_assassination,-0.6614939463274799,Model3,2.8756964338552122
2020-07-17,soleimani_assassination,0.20964170070042,Model3,2.8299119725946276
2020-07-20,soleimani_assassination,0.14019581613988,Model3,2.7796862907412123
2020-07-21,soleimani_assassination,2.27265724190093,Model3,2.730418776424499
2020-07-22,soleimani_assassination,1.59234674311848,Model3,2.7512914512111375
2020-07-23,soleimani_assassination,0.5831453188377199,Model3,2.7376974153210325
2020-07-24,soleimani_assassination,-0.46218064009348003,Model3,2.705091184100709
2020-07-27,soleimani_assassination,14.18974985396613,Model3,2.68235025487697
2020-07-28,soleimani_assassination,-0.71266633721213,Model3,4.636101892526202
2020-07-29,soleimani_assassination,1.7048707177251599,Model3,4.509176936127319
2020-07-30,soleimani_assassination,0.09676074745081001,Model3,4.419753273838974
2020-07-31,soleimani_assassination,1.89224233737268,Model3,4.309371751930527
2020-08-03,soleimani_assassination,-0.6833770034439101,Model3,4.2370392392185705
2020-08-04,soleimani_assassination,-0.36037470015529,Model3,4.1453501115326405
2020-08-05,soleimani_assassination,4.71600379035357,Model3,4.055475560052485
2020-08-06,soleimani_assassination,0.27841443313858,Model3,4.157574878697399
2020-08-07,soleimani_assassination,-1.52519020491876,Model3,4.065891772825224
2020-08-10,soleimani_assassination,2.35652790024699,Model3,4.006639373769741
2020-08-11,soleimani_assassination,-4.016111286278759,Model3,3.972289192600755
2020-08-12,soleimani_assassination,1.51693007557726,Model3,4.047617327589553
2020-08-13,soleimani_assassination,1.70488539554167,Model3,3.988507163397115
2020-08-14,soleimani_assassination,-0.1296361228177,Model3,3.930329646861056
2020-08-17,soleimani_assassination,4.042724462886,Model3,3.851919944936441
2020-08-18,soleimani_assassination,-2.1709414754999,Model3,3.9277536372936797
2020-08-19,soleimani_assassination,-1.96178869913663,Model3,3.904665339600714
2020-08-20,soleimani_assassination,1.0161327741758601,Model3,3.873430633942403
2020-08-21,soleimani_assassination,-2.4361862793125,Model3,3.8103737155309907
2020-08-24,soleimani_assassination,1.55868934886565,Model3,3.8000150300503845
2020-08-25,soleimani_assassination,-3.53060044085323,Model3,3.755139005941471
2020-08-26,soleimani_assassination,1.06963347639654,Model3,3.816649629343067
2020-08-27,soleimani_assassination,-1.44634776739617,Model3,3.7531178162770185
2020-08-28,soleimani_assassination,1.9164718595603198,Model3,3.707898425438305
2020-08-31,soleimani_assassination,1.19123317694952,Model3,3.6747078968485307
2020-09-01,soleimani_assassination,2.44952878450409,Model3,3.6201650284611113
2020-09-02,soleimani_assassination,-4.75998283628147,Model3,3.614144480077236
2020-09-03,soleimani_assassination,-10.8024907829682,Model3,3.7854865654515004
2020-09-04,soleimani_assassination,2.56809589055745,Model3,4.738673160780531
2020-09-08,soleimani_assassination,-3.6848696796169,Model3,4.663836131721422
2020-09-09,soleimani_assassination,1.08798357097584,Model3,4.6276658443706085
2020-09-10,soleimani_assassination,1.17242949135244,Model3,4.48930839509352
2020-09-11,soleimani_assassination,0.36386352484214,Model3,4.356343926853641
2020-09-14,soleimani_assassination,2.65574978308953,Model3,4.221501800548717
2020-09-15,soleimani_assassination,1.08125107428243,Model3,4.15322408441577
2020-09-16,soleimani_assassination,1.6347532426243,Model3,4.037521435770648
2020-09-17,soleimani_assassination,-0.2364091830582,Model3,3.947617445038457
2020-09-18,soleimani_assassination,-0.04023369137903,Model3,3.8374971345029962
2020-09-21,soleimani_assassination,-4.50704249753053,Model3,3.7370554139984717
2020-09-22,soleimani_assassination,0.72569445920738,Model3,3.847320092427983
2020-09-23,soleimani_assassination,-2.81258288104678,Model3,3.7496457232444365
2020-09-24,soleimani_assassination,4.89361364351195,Model3,3.727002740886702
2020-09-25,soleimani_assassination,-0.62788897837297,Model3,3.8501274892591915
2020-09-28,soleimani_assassination,0.15825865163268002,Model3,3.745151198352128
2020-09-29,soleimani_assassination,1.25255833075157,Model3,3.64728035718672
2020-09-30,soleimani_assassination,-0.5561903231038701,Model3,3.565147708798292
2020-10-01,soleimani_assassination,-1.54216754012216,Model3,3.4799878635547876
2020-10-02,soleimani_assassination,-0.41025453782749,Model3,3.4274775137493356
2020-10-05,soleimani_assassination,2.03443804411498,Model3,3.3474256962758484
2020-10-06,soleimani_assassination,-1.7659664062251799,Model3,3.3060968619668225
2020-10-07,soleimani_assassination,0.60698124506212,Model3,3.2644364666741446
2020-10-08,soleimani_assassination,2.2861384647314202,Model3,3.1955141322122067
2020-10-09,soleimani_assassination,1.35371939231902,Model3,3.1791796263392436
2020-10-12,soleimani_assassination,4.34116928153573,Model3,3.13089757866046
2020-10-13,soleimani_assassination,-1.1267025530866,Model3,3.2758575931422818
2020-10-14,soleimani_assassination,0.03156734004635,Model3,3.2266248272768463
2020-10-15,soleimani_assassination,0.57442413776369,Model3,3.167786768529325
2020-10-16,soleimani_assassination,-1.51839682907963,Model3,3.111411524283969
2020-10-19,soleimani_assassination,3.6416714532876697,Model3,3.0896907990613878
2020-10-20,soleimani_assassination,1.47348266052493,Model3,3.180250684222532
2020-10-21,soleimani_assassination,7.33840543058693,Model3,3.143636237445136
2020-10-22,soleimani_assassination,1.10279875667966,Model3,3.6544478957773454
2020-10-23,soleimani_assassination,-0.26529704553783,Model3,3.5857112148061066
2020-10-26,soleimani_assassination,1.1051764795366599,Model3,3.524226996657233
2020-10-27,soleimani_assassination,4.3327558962653505,Model3,3.474700402631986
2020-10-28,soleimani_assassination,-2.84458494184554,Model3,3.604127745404442
2020-10-29,soleimani_assassination,1.24751034586466,Model3,3.6106179129895417
2020-10-30,soleimani_assassination,0.8052075583308499,Model3,3.552603159218699
2020-11-02,soleimani_assassination,0.02927848239878,Model3,3.4863500108306735
2020-11-03,soleimani_assassination,2.90784151533746,Model3,3.4263691901177586
2020-11-04,soleimani_assassination,1.3061444695718598,Model3,3.451952398885404
2020-11-05,soleimani_assassination,9.741581080424409,Model3,3.409979660525462
2020-11-06,soleimani_assassination,-0.0896930308048,Model3,4.248445543000668
2020-11-09,soleimani_assassination,-1.51186740097525,Model3,4.148340267658555
2020-11-10,soleimani_assassination,-0.27046871096147,Model3,4.091793885123553
2020-11-11,soleimani_assassination,2.6488015591815297,Model3,4.017163881505427
2020-11-12,soleimani_assassination,3.59667008912632,Model3,4.005969430695117
2020-11-13,soleimani_assassination,0.25443132057155,Model3,4.0432702091245805
2020-11-16,soleimani_assassination,2.4115941361267197,Model3,3.9685248083050464
2020-11-17,soleimani_assassination,5.410247584413829,Model3,3.9498160067338453
2020-11-18,soleimani_assassination,0.89479998763616,Model3,4.139417887166983
2020-11-19,soleimani_assassination,0.07346200168832,Model3,4.063381206109114
2020-11-20,soleimani_assassination,4.41487626981929,Model3,3.990776550233435
2020-11-23,soleimani_assassination,-1.3908042524277,Model3,4.094281552403462
2020-11-24,soleimani_assassination,3.96802677655616,Model3,4.035485040070865
2020-11-25,soleimani_assassination,-1.9839332374638,Model3,4.099530712454641
2020-11-27,soleimani_assassination,-9.0670047879814,Model3,4.061651336854862
2020-11-30,soleimani_assassination,13.72771503428315,Model3,4.694973397765614
2020-12-01,soleimani_assassination,-4.28305306024291,Model3,5.875376677968083
2020-12-02,soleimani_assassination,2.09508141373089,Model3,5.825352452952926
2020-12-03,soleimani_assassination,1.26433160461806,Model3,5.686923800565883
2020-12-04,soleimani_assassination,-3.9099467524232496,Model3,5.5368139299737615
2020-12-07,soleimani_assassination,2.5963300904456603,Model3,5.492533241259335
2020-12-08,soleimani_assassination,-4.64184595562448,Model3,5.38564292006205
2020-12-09,soleimani_assassination,1.2625041029578499,Model3,5.39655404120621
2020-12-10,soleimani_assassination,-1.5694640220805598,Model3,5.2633115457217805
2020-12-11,soleimani_assassination,-1.13473565301514,Model3,5.140818629996425
2020-12-14,soleimani_assassination,6.36978594887227,Model3,5.021376932851667
2020-12-15,soleimani_assassination,0.8816158477203601,Model3,5.1775629305001365
2020-12-16,soleimani_assassination,9.30515975767781,Model3,5.050552343964412
2020-12-17,soleimani_assassination,6.77824271107488,Model3,5.514026356380226
2020-12-18,soleimani_assassination,1.4487680725324,Model3,5.658149393546727
2020-12-21,soleimani_assassination,-1.45788957311035,Model3,5.5125159660219705
2020-12-22,soleimani_assassination,4.20765679457784,Model3,5.379364520379507
2020-12-23,soleimani_assassination,-2.30394366630096,Model3,5.351175386961667
2020-12-24,soleimani_assassination,2.1057908650393298,Model3,5.2457489752160695
2020-12-28,soleimani_assassination,13.19822586448777,Model3,5.1384308330089485
2020-12-29,soleimani_assassination,1.01981764862759,Model3,6.124874472701264
2020-12-30,soleimani_assassination,5.26251818893512,Model3,5.9489801688487915
2020-12-31,soleimani_assassination,0.55588022290528,Model3,5.941626053349164
2021-01-04,soleimani_assassination,9.75026690446096,Model3,5.770236219873012
2021-01-05,soleimani_assassination,6.12800117132047,Model3,6.182308853332358
2021-01-06,soleimani_assassination,8.00218282308806,Model3,6.215710991053292
2021-01-07,soleimani_assassination,6.68709242585274,Model3,6.39616052026097
2021-01-08,soleimani_assassination,3.5592889879448695,Model3,6.453559920317772
2021-01-11,soleimani_assassination,-13.72149091811059,Model3,6.325847613043447
2021-01-12,soleimani_assassination,-4.73164778588286,Model3,7.177654688747479
2021-01-13,soleimani_assassination,9.533972073625579,Model3,7.066691283223543
2021-01-14,soleimani_assassination,4.89216127788524,Model3,7.295548605576347
2021-01-15,soleimani_assassination,-6.21664989723079,Model3,7.170045002657598
2021-01-19,soleimani_assassination,-2.07308533639219,Model3,7.1404983529623935
2021-01-20,soleimani_assassination,-1.4579216975338098,Model3,6.9340750810613665
2021-01-21,soleimani_assassination,-14.252813081835992,Model3,6.721641754092387
2021-01-22,soleimani_assassination,6.83334114753021,Model3,7.568158306830744
2021-01-25,soleimani_assassination,-1.9561525405735798,Model3,7.534071834577972
2021-01-26,soleimani_assassination,0.62663834606839,Model3,7.282700327889831
2021-01-27,soleimani_assassination,-6.78743452244091,Model3,7.039582355949268
2021-02-01,russia_ukraine_war,-2.29684386344774,Model3,7.049651092494836
2021-02-02,russia_ukraine_war,5.71679388794204,Model3,6.84583886331433
2021-02-03,russia_ukraine_war,5.37738978015389,Model3,6.793203956383147
2021-02-04,russia_ukraine_war,-1.4678676703823101,Model3,6.724329045727669
2021-02-05,russia_ukraine_war,3.24588533084329,Model3,6.520929032398675
2021-02-08,russia_ukraine_war,19.15267149858496,Model3,6.3715491583701525
2021-02-09,russia_ukraine_war,0.61426193854515,Model3,8.031761412627437
2021-02-10,russia_ukraine_war,-3.42032034296281,Model3,7.759894757947663
2021-02-11,russia_ukraine_war,6.44676160583937,Model3,7.5639864755298385
2021-02-12,russia_ukraine_war,-0.8478464657924499,Model3,7.513910938929941
2021-02-16,russia_ukraine_war,3.5059159466354504,Model3,7.273452110654115
2021-02-17,russia_ukraine_war,5.82141521695215,Model3,7.098580624383951
2021-02-18,russia_ukraine_war,-0.9038226589304201,Model3,7.0447686825323865
2021-02-19,russia_ukraine_war,7.828513543693159,Model3,6.827185999916833
2021-02-22,russia_ukraine_war,-3.0536104024341997,Model3,6.9334717985309
2021-02-23,russia_ukraine_war,-10.458524450100901,Model3,6.76790896059936
2021-02-24,russia_ukraine_war,1.7881495738120399,Model3,7.147955543679037
2021-02-25,russia_ukraine_war,-5.39697592520517,Model3,6.935093792586022
2021-02-26,russia_ukraine_war,-1.6142075456887301,Model3,6.8672809067741705
2021-03-01,russia_ukraine_war,6.86201412803885,Model3,6.658802279690569
2021-03-02,russia_ukraine_war,-2.5554925208490697,Model3,6.685597381958446
2021-03-03,russia_ukraine_war,4.36647276939014,Model3,6.487250793450437
2021-03-04,russia_ukraine_war,-3.99061221991278,Model3,6.384745329283363
2021-03-05,russia_ukraine_war,0.75114201765359,Model3,6.27905656159939
2021-03-08,russia_ukraine_war,6.563773283660571,Model3,6.088000080420584
2021-03-09,russia_ukraine_war,4.81568402532353,Model3,6.151534550385337
2021-03-10,russia_ukraine_war,2.13741797980277,Model3,6.096720791690209
2021-03-11,russia_ukraine_war,3.15730003902977,Model3,5.936100634130604
2021-03-12,russia_ukraine_war,-0.82168728531155,Model3,5.808684611451057
2021-03-15,russia_ukraine_war,-2.51673398143977,Model3,5.637104286716785
2021-03-16,russia_ukraine_war,1.5929471547609102,Model3,5.511688696989399
2021-03-17,russia_ukraine_war,3.57241870803577,Model3,5.366451498620926
2021-03-18,russia_ukraine_war,-1.73391519166133,Model3,5.293614327303216
2021-03-19,russia_ukraine_war,0.83943190505801,Model3,5.163469227016418
2021-03-22,russia_ukraine_war,-6.76666643096545,Model3,5.021079749764957
2021-03-23,russia_ukraine_war,0.38401154329438,Model3,5.220421483952546
2021-03-24,russia_ukraine_war,-3.65517577776576,Model3,5.070584335025069
2021-03-25,russia_ukraine_war,-2.04854329155564,Model3,5.02707661296613
2021-03-26,russia_ukraine_war,6.42884193198935,Model3,4.916788542426777
2021-03-29,russia_ukraine_war,4.630013423543669,Model3,5.070826368196865
2021-03-30,russia_ukraine_war,2.00146099199841,Model3,5.065952742060116
2021-03-31,russia_ukraine_war,0.0019359447593354478,Model3,4.951598094410504
2021-04-01,russia_ukraine_war,0.29992328786878997,Model3,4.8163502163709975
2021-04-05,russia_ukraine_war,-0.06420398652886,Model3,4.691966013658769
2021-04-06,russia_ukraine_war,-1.4763897549621499,Model3,4.5722176736856355
2021-04-07,russia_ukraine_war,-3.75288708531642,Model3,4.476187033761194
2021-04-08,russia_ukraine_war,3.97876757042268,Model3,4.490188424423761
2021-04-09,russia_ukraine_war,-0.13545498361146,Model3,4.5031532835171015
2021-04-12,russia_ukraine_war,2.79088834859242,Model3,4.393245948945998
2021-04-13,russia_ukraine_war,5.85271434502676,Model3,4.347490055942778
2021-04-14,russia_ukraine_war,-0.62199381491709,Model3,4.521369922121413
2021-04-15,russia_ukraine_war,0.32322511169766,Model3,4.414979597531853
2021-04-16,russia_ukraine_war,-2.78866218745685,Model3,4.311503758198864
2021-04-19,russia_ukraine_war,-9.98043363173211,Model3,4.287764451060608
2021-04-20,russia_ukraine_war,1.3347500558966001,Model3,4.996057489166919
2021-04-21,russia_ukraine_war,-4.65197455418273,Model3,4.871689677774298
2021-04-22,russia_ukraine_war,-4.05818837468071,Model3,4.911432481049695
2021-04-23,russia_ukraine_war,-1.3001302685204301,Model3,4.908501214777193
2021-04-26,russia_ukraine_war,5.5726546342877405,Model3,4.785612193499384
2021-04-27,russia_ukraine_war,1.85483191486537,Model3,4.875538743422257
2021-04-28,russia_ukraine_war,-0.37942553737364004,Model3,4.734721625667258
2021-04-29,russia_ukraine_war,-2.34296738251332,Model3,4.595993209323972
2021-04-30,russia_ukraine_war,7.54151877209619,Model3,4.517328357069876
2021-05-03,russia_ukraine_war,-0.95673730245097,Model3,4.826190406894939
2021-05-04,russia_ukraine_war,-6.99936362237769,Model3,4.690269413899377
2021-05-05,russia_ukraine_war,7.389708647447681,Model3,4.944628702554353
2021-05-06,russia_ukraine_war,-1.8055093557641602,Model3,5.193741281692725
2021-05-07,russia_ukraine_war,1.6877096781434902,Model3,5.055679543153331
2021-05-10,russia_ukraine_war,-2.64395494909533,Model3,4.929667517813503
2021-05-11,russia_ukraine_war,1.50099573442893,Model3,4.846009979174066
2021-05-12,russia_ukraine_war,-14.2967146773037,Model3,4.730516802326837
2021-05-13,russia_ukraine_war,1.14429281100927,Model3,6.014340496006509
2021-05-14,russia_ukraine_war,0.33001867597661,Model3,5.830819564150895
2021-05-17,russia_ukraine_war,-13.600794477198331,Model3,5.627180471343577
2021-05-18,russia_ukraine_war,-1.45319340846282,Model3,6.5652708998611455
2021-05-19,russia_ukraine_war,-14.810707635188662,Model3,6.340824145773867
2021-05-20,russia_ukraine_war,9.72750161239599,Model3,7.311781769136976
2021-05-21,russia_ukraine_war,-8.91398168367919,Model3,7.504574946567227
2021-05-24,russia_ukraine_war,3.68750284655533,Model3,7.617401304415438
2021-05-25,russia_ukraine_war,-0.78787825810242,Model3,7.3960974912221165
2021-05-26,russia_ukraine_war,2.29615658127685,Model3,7.119448490248291
2021-05-27,russia_ukraine_war,-2.20571810715349,Model3,6.88216812099069
2021-05-28,russia_ukraine_war,-7.39361115014423,Model3,6.658089101734832
2021-06-01,russia_ukraine_war,2.72823161961816,Model3,6.727202328798248
2021-06-02,russia_ukraine_war,2.39777887023138,Model3,6.518591998202567
2021-06-03,russia_ukraine_war,4.255661695137,Model3,6.309991061137883
2021-06-04,russia_ukraine_war,-6.08403872671256,Model3,6.183669639303328
2021-06-07,russia_ukraine_war,-9.47039983599306,Model3,6.1893544138442795
2021-06-08,russia_ukraine_war,-0.26277750634577,Model3,6.501536005153713
2021-06-09,russia_ukraine_war,10.94741023821375,Model3,6.2609920188750445
2021-06-10,russia_ukraine_war,-1.73547429931283,Model3,6.700977401811852
2021-06-11,russia_ukraine_war,1.70675784159861,Model3,6.470040246160316
2021-06-14,russia_ukraine_war,7.441139422057259,Model3,6.248968607760533
2021-06-15,russia_ukraine_war,0.46584533275275,Model3,6.339258751126347
2021-06-16,russia_ukraine_war,-5.2307031596144,Model3,6.113034879589645
2021-06-17,russia_ukraine_war,-0.7684760787668901,Model3,6.073440155512115
2021-06-18,russia_ukraine_war,-6.14015913917366,Model3,5.865123742039055
2021-06-21,russia_ukraine_war,-12.20103903521807,Model3,5.90048284928976
2021-06-22,russia_ukraine_war,2.58330476093931,Model3,6.585268697934777
2021-06-23,russia_ukraine_war,3.6766675155613098,Model3,6.3805393769565
2021-06-24,russia_ukraine_war,2.74756998576433,Model3,6.217022866691643
2021-06-25,russia_ukraine_war,-9.13046539742626,Model3,6.0297166364405
2021-06-28,russia_ukraine_war,8.47022504244766,Model3,6.322286176669544
2021-06-29,russia_ukraine_war,4.07851211241398,Model3,6.500633407980729
2021-06-30,russia_ukraine_war,-2.33252029658524,Model3,6.35676586573496
2021-07-01,russia_ukraine_war,-4.2818245600874505,Model3,6.16236533308846
2021-07-02,russia_ukraine_war,0.9632020913439799,Model3,6.0591890752258895
2021-07-06,russia_ukraine_war,0.99263198500574,Model3,5.8492338510779796
2021-07-07,russia_ukraine_war,-1.11578266503012,Model3,5.643988278826563
2021-07-08,russia_ukraine_war,-2.93117785379641,Model3,5.451387465028523
2021-07-09,russia_ukraine_war,2.76173634478732,Model3,5.3246135441956515
2021-07-12,russia_ukraine_war,-1.9182874907549399,Model3,5.185931537292806
2021-07-13,russia_ukraine_war,-1.37820864258006,Model3,5.0323826558843265
2021-07-14,russia_ukraine_war,0.36725998364308,Model3,4.875637912043092
2021-07-15,russia_ukraine_war,-3.22494683568424,Model3,4.706643912025654
2021-07-16,russia_ukraine_war,-1.1366530858486201,Model3,4.632229788025436
2021-07-19,russia_ukraine_war,-1.9400130658189,Model3,4.484820176641144
2021-07-20,russia_ukraine_war,-3.3338555734212396,Model3,4.36635733273031
2021-07-21,russia_ukraine_war,7.44341723569321,Model3,4.32122538960002
2021-07-22,russia_ukraine_war,0.62837888821696,Model3,4.620997627923736
2021-07-23,russia_ukraine_war,3.8503942271904497,Model3,4.456405493792446
2021-07-26,russia_ukraine_war,10.602229284594051,Model3,4.423199025437544
2021-07-27,russia_ukraine_war,5.39428534880362,Model3,5.129077542172289
2021-07-28,russia_ukraine_war,1.4835126516455501,Model3,5.154052773489797
2021-07-29,russia_ukraine_war,0.031287370059630004,Model3,4.994521891255818
2021-07-30,russia_ukraine_war,5.41722306526184,Model3,4.841482271347261
2021-08-02,russia_ukraine_war,-7.45358385956731,Model3,4.910001469306487
2021-08-03,russia_ukraine_war,-2.71224912051319,Model3,5.179184771677689
2021-08-04,russia_ukraine_war,4.09431646384763,Model3,5.072645628854511
2021-08-05,russia_ukraine_war,2.7838357371246603,Model3,5.031331158264318
2021-08-06,russia_ukraine_war,4.6538140626416205,Model3,4.924519089537652
2021-08-09,russia_ukraine_war,7.962999964675451,Model3,4.931007315066133
2021-08-10,russia_ukraine_war,-1.6974141392608202,Model3,5.2322537928478905
2021-08-11,russia_ukraine_war,0.01887605723412,Model3,5.101706746740752
2021-08-12,russia_ukraine_war,-2.58917535442005,Model3,4.959165467172193
2021-08-13,russia_ukraine_war,7.30094797189174,Model3,4.877160371389738
2021-08-16,russia_ukraine_war,-3.81470091655642,Model3,5.127864433838718
2021-08-17,russia_ukraine_war,-2.88691990345873,Model3,5.093498318460845
2021-08-18,russia_ukraine_war,0.2364966650012,Model3,5.01631323584915
2021-08-19,russia_ukraine_war,4.18858533323493,Model3,4.877204403582641
2021-08-20,russia_ukraine_war,5.45979069838532,Model3,4.872418699890761
2021-08-23,russia_ukraine_war,0.4186120845078,Model3,4.955792603706072
2021-08-24,russia_ukraine_war,-3.7844894330949597,Model3,4.820303088238083
2021-08-25,russia_ukraine_war,2.59601219504294,Model3,4.812678272246572
2021-08-26,russia_ukraine_war,-4.21022974523753,Model3,4.738872837397464
2021-08-27,russia_ukraine_war,4.40994303022667,Model3,4.759068381432765
2021-08-30,russia_ukraine_war,-4.17000891442576,Model3,4.780688406727468
2021-08-31,russia_ukraine_war,0.23710718587319,Model3,4.794283527762189
2021-09-01,russia_ukraine_war,3.50056537880171,Model3,4.668874993497027
2021-09-02,russia_ukraine_war,0.9792724788171401,Model3,4.64175050729159
2021-09-03,russia_ukraine_war,1.40441280061874,Model3,4.528885222100611
2021-09-07,russia_ukraine_war,-6.64094048971384,Model3,4.432179185451594
2021-09-08,russia_ukraine_war,-1.5494793572991,Model3,4.691633615324714
2021-09-09,russia_ukraine_war,0.64883905339532,Model3,4.596979064461161
2021-09-10,russia_ukraine_war,-3.30351866444658,Model3,4.462771932542202
2021-09-13,russia_ukraine_war,0.17621978864763,Model3,4.4260075155627385
2021-09-14,russia_ukraine_war,4.627200677790929,Model3,4.296632859218863
2021-09-15,russia_ukraine_war,2.27546013145089,Model3,4.347185069837473
2021-09-16,russia_ukraine_war,-0.81907394359386,Model3,4.249456974043088
2021-09-17,russia_ukraine_war,-1.08540797092783,Model3,4.13886583433628
2021-09-20,russia_ukraine_war,-9.82624069184959,Model3,4.041786305643179
2021-09-21,russia_ukraine_war,-5.14882678633267,Model3,4.7545189584983065
2021-09-22,russia_ukraine_war,6.839960199678299,Model3,4.822546012815858
2021-09-23,russia_ukraine_war,2.98563090232246,Model3,5.001594840660049
2021-09-24,russia_ukraine_war,-4.68621952898752,Model3,4.889158512288939
2021-09-27,russia_ukraine_war,-1.41998535234815,Model3,4.8964874949678405
2021-09-28,russia_ukraine_war,-2.88523329477418,Model3,4.752557816519506
2021-09-29,russia_ukraine_war,1.28289248145723,Model3,4.660418188730748
2021-09-30,russia_ukraine_war,5.2182760118164095,Model3,4.513438884437422
2021-10-01,russia_ukraine_war,9.42084189312797,Model3,4.574208712262678
2021-10-04,russia_ukraine_war,2.04874498514225,Model3,5.081967899744895
2021-10-05,russia_ukraine_war,4.77476105346845,Model3,4.934728571359337
2021-10-06,russia_ukraine_war,7.201410137731069,Model3,4.949919546093932
2021-10-07,russia_ukraine_war,-2.8498794333346003,Model3,5.1726667928509364
2021-10-08,russia_ukraine_war,0.30037607441677,Model3,5.085718819707462
2021-10-11,russia_ukraine_war,6.31319193015135,Model3,4.947038593222204
2021-10-12,russia_ukraine_war,-2.54357635060853,Model3,5.096987887794498
2021-10-13,russia_ukraine_war,2.39788148164835,Model3,5.004292922943754
2021-10-14,russia_ukraine_war,-0.13872457018979,Model3,4.91039083943534
2021-10-15,russia_ukraine_war,7.18874583745788,Model3,4.776907375794086
2021-10-18,russia_ukraine_war,0.69912727842426,Model3,5.028120986418499
2021-10-19,russia_ukraine_war,3.54134436604997,Model3,4.891910001500946
2021-10-20,russia_ukraine_war,2.65778345420356,Model3,4.855105780051067
2021-10-21,russia_ukraine_war,-5.90276683907291,Model3,4.778491330353014
2021-10-22,russia_ukraine_war,-2.47022510827047,Model3,4.933570520875678
2021-10-25,russia_ukraine_war,3.7950386877693103,Model3,4.858755941496971
2021-10-26,russia_ukraine_war,-4.3377186101062195,Model3,4.835851714656931
2021-10-27,russia_ukraine_war,-3.1663843863682697,Model3,4.856828423149942
2021-10-28,russia_ukraine_war,3.59344915880241,Model3,4.811120858967829
2021-10-29,russia_ukraine_war,2.61443755051536,Model3,4.77874644521807
2021-11-01,russia_ukraine_war,-1.98583990948679,Model3,4.698119515307368
2021-11-02,russia_ukraine_war,3.5775877348473304,Model3,4.609483319101274
2021-11-03,russia_ukraine_war,-0.40628056171501004,Model3,4.591614835055993
2021-11-04,russia_ukraine_war,-2.4399034254609,Model3,4.479148052411406
2021-11-05,russia_ukraine_war,-0.53281291879679,Model3,4.426012809689807
2021-11-08,russia_ukraine_war,10.018515094229121,Model3,4.323185726334435
2021-11-09,russia_ukraine_war,-0.88450991822014,Model3,4.998909855048309
2021-11-10,russia_ukraine_war,-2.9958165420445297,Model3,4.871059688956357
2021-11-11,russia_ukraine_war,-0.06967481072823,Model3,4.821564980406715
2021-11-12,russia_ukraine_war,-1.23004375187129,Model3,4.695923664082299
2021-11-15,russia_ukraine_war,-0.9365857500370899,Model3,4.592536154427975
2021-11-16,russia_ukraine_war,-5.49224542515835,Model3,4.486919890051141
2021-11-17,russia_ukraine_war,0.34309649222336003,Model3,4.628664882536232
2021-11-18,russia_ukraine_war,-5.84237504033088,Model3,4.510451192842932
2021-11-19,russia_ukraine_war,2.0466973046305603,Model3,4.665559246665757
2021-11-22,russia_ukraine_war,-3.19983104982621,Model3,4.5618234958825346
2021-11-23,russia_ukraine_war,2.24812481032128,Model3,4.504642529464486
2021-11-24,russia_ukraine_war,-2.26387199646387,Model3,4.413027259737283
2021-11-26,russia_ukraine_war,-4.93619628605018,Model3,4.320739257735621
2021-11-29,russia_ukraine_war,7.61175401035345,Model3,4.403754652515847
2021-11-30,russia_ukraine_war,-1.39559224210751,Model3,4.731179947003837
2021-12-01,russia_ukraine_war,0.3928780734843,Model3,4.591952807823479
2021-12-02,russia_ukraine_war,-1.32273021087431,Model3,4.44638349122084
2021-12-03,russia_ukraine_war,-5.23315856653418,Model3,4.319935718162518
2021-12-06,russia_ukraine_war,-5.79082075312877,Model3,4.419602913769465
2021-12-07,russia_ukraine_war,0.23194677368668,Model3,4.560192618848352
2021-12-08,russia_ukraine_war,-0.38592862213869,Model3,4.39936971967522
2021-12-09,russia_ukraine_war,-5.772155580847651,Model3,4.255504782592455
2021-12-10,russia_ukraine_war,-0.9035819421615301,Model3,4.411425858901592
2021-12-13,russia_ukraine_war,-1.0764521753285798,Model3,4.277282696574529
2021-12-14,russia_ukraine_war,-0.26748276204264004,Model3,4.1479657605461195
2021-12-15,russia_ukraine_war,4.7838778099981205,Model3,4.016595207096587
2021-12-16,russia_ukraine_war,-2.5504064198459,Model3,4.085384849170726
2021-12-17,russia_ukraine_war,-3.11800932560396,Model3,4.019969137430278
2021-12-20,russia_ukraine_war,1.45708458511644,Model3,3.98951700658604
2021-12-21,russia_ukraine_war,4.29287928874669,Model3,3.8767840105100135
2021-12-22,russia_ukraine_war,-0.63158344064891,Model3,3.9213741593290456
2021-12-23,russia_ukraine_war,4.33819393295863,Model3,3.804768074518515
2021-12-27,russia_ukraine_war,-0.2841927568295,Model3,3.878873962279902
2021-12-28,russia_ukraine_war,-6.21514265119765,Model3,3.767615744094232
2021-12-29,russia_ukraine_war,-2.43360119563418,Model3,4.041760351734687
2021-12-30,russia_ukraine_war,1.5667738713132502,Model3,3.9865186864803985
2021-12-31,russia_ukraine_war,-1.86491727568651,Model3,3.8827023416180464
2022-01-03,russia_ukraine_war,0.32700420519843,Model3,3.795660816721927
2022-01-04,russia_ukraine_war,-1.2138934663861,Model3,3.6823120773179454
2022-01-05,russia_ukraine_war,-5.206628845481269,Model3,3.592112982755731
2022-01-06,russia_ukraine_war,-0.94102973035897,Model3,3.7635536264696814
2022-01-07,russia_ukraine_war,-3.78479886503751,Model3,3.6567174872638715
2022-01-10,russia_ukraine_war,0.63171717725084,Model3,3.6870097945189007
2022-01-11,russia_ukraine_war,2.16334106374393,Model3,3.57016876545868
2022-01-12,russia_ukraine_war,2.79939072519118,Model3,3.5059924157987052
2022-01-13,russia_ukraine_war,-3.137582795207,Model3,3.4758642457864846
2022-01-14,russia_ukraine_war,1.18596646958226,Model3,3.4804214270798437
2022-01-18,russia_ukraine_war,-1.69425191846289,Model3,3.386211822353021
2022-01-19,russia_ukraine_war,-1.50099104428706,Model3,3.3172011335601317
2022-01-20,russia_ukraine_war,-2.58167430956038,Model3,3.247643811062142
2022-01-21,russia_ukraine_war,-10.96046829154399,Model3,3.2335306763080975
2022-01-24,russia_ukraine_war,0.53893520482337,Model3,4.327213944771297
2022-01-25,russia_ukraine_war,0.8142486826951101,Model3,4.177590585634302
2022-01-26,russia_ukraine_war,-0.27608244495656,Model3,4.031626701281273
2022-01-27,russia_ukraine_war,0.7733837890785901,Model3,3.887184861643106
2022-01-28,russia_ukraine_war,1.72475050904149,Model3,3.7630161983768784
2022-01-31,russia_ukraine_war,1.83253133484473,Model3,3.6647299874390793
2022-02-01,russia_ukraine_war,0.67373185026341,Model3,3.580447769499044
2022-02-02,russia_ukraine_war,-4.73107399591228,Model3,3.469981476230684
2022-02-03,russia_ukraine_war,0.54412158319915,Model3,3.609974159361696
2022-02-04,russia_ukraine_war,11.06268834574471,Model3,3.5038073040047926
2022-02-07,russia_ukraine_war,5.483863574338111,Model3,4.500878130361427
2022-02-08,russia_ukraine_war,0.63248089653385,Model3,4.581949934269471
2022-02-09,russia_ukraine_war,0.49821136819972994,Model3,4.445823709477801
2022-02-10,russia_ukraine_war,-1.76033937813889,Model3,4.31823995267006
2022-02-11,russia_ukraine_war,-2.6921126055171802,Model3,4.228867690091648
2022-02-14,russia_ukraine_war,0.42115662722223,Model3,4.177713436515531
2022-02-15,russia_ukraine_war,4.56306044872406,Model3,4.061612581917966
2022-02-16,russia_ukraine_war,-1.38552950498985,Model3,4.1276182293971155
2022-02-17,russia_ukraine_war,-8.108233071910439,Model3,4.0308536181497265
2022-02-18,russia_ukraine_war,-1.25865264237605,Model3,4.502717010518266
2022-02-22,russia_ukraine_war,-4.45685601614807,Model3,4.386688166255093
2022-02-23,russia_ukraine_war,-2.61836346154203,Model3,4.416284030632195
2022-02-24,russia_ukraine_war,2.73995799515498,Model3,4.323831475801656
2022-02-25,russia_ukraine_war,2.27384505953059,Model3,4.2380669483641915
2022-02-28,russia_ukraine_war,9.66444670528177,Model3,4.136876309085989
2022-03-01,russia_ukraine_war,2.6533380332524703,Model3,4.7608021240394764
2022-03-02,russia_ukraine_war,-0.9753715935407199,Model3,4.64213506909147
2022-03-03,russia_ukraine_war,-3.4094478652413303,Model3,4.5115643939420655
2022-03-04,russia_ukraine_war,-8.12852755652355,Model3,4.4796896939907
2022-03-07,russia_ukraine_war,-2.78663460944584,Model3,4.871227493127834
2022-03-08,russia_ukraine_war,1.75847382159609,Model3,4.768798428855512
2022-03-09,russia_ukraine_war,8.04608330138584,Model3,4.621771762079617
2022-03-10,russia_ukraine_war,-6.2546856800530195,Model3,4.947292397792702
2022-03-11,russia_ukraine_war,-1.64254822906464,Model3,5.069405980664097
2022-03-14,russia_ukraine_war,2.22227362392166,Model3,4.9151267413037845
2022-03-15,russia_ukraine_war,-0.83024718981781,Model3,4.774971555486487
2022-03-16,russia_ukraine_war,4.48654676742004,Model3,4.614333087158772
2022-03-17,russia_ukraine_war,-0.46909168777941,Model3,4.608188060922921
2022-03-18,russia_ukraine_war,2.05385179749362,Model3,4.452836594713539
2022-03-21,russia_ukraine_war,-1.74513973414206,Model3,4.337159827526779
2022-03-22,russia_ukraine_war,3.07037913099736,Model3,4.222023287091826
2022-03-23,russia_ukraine_war,1.2531246090632,Model3,4.165452506941804
2022-03-24,russia_ukraine_war,2.4593725965785,Model3,4.041795298580782
2022-03-25,russia_ukraine_war,0.8782716407665601,Model3,3.968550207340817
2022-03-28,russia_ukraine_war,6.07833040413247,Model3,3.861626547287061
2022-03-29,russia_ukraine_war,0.71405997391902,Model3,4.092834017325613
2022-03-30,russia_ukraine_war,-0.85279952347302,Model3,3.99607040423309
2022-03-31,russia_ukraine_war,-3.29180095425831,Model3,3.905542967366087
2022-04-01,russia_ukraine_war,1.61834540100177,Model3,3.917917629517566
2022-04-04,russia_ukraine_war,0.7341591448509299,Model3,3.841426360616064
2022-04-05,russia_ukraine_war,-2.3144860605896,Model3,3.7494497135868343
2022-04-06,russia_ukraine_war,-5.29457051005748,Model3,3.716483172391743
2022-04-07,russia_ukraine_war,0.68529242315328,Model3,3.9087122416660627
2022-04-08,russia_ukraine_war,-2.83539722589372,Model3,3.8094880217764624
2022-04-11,russia_ukraine_war,-6.76404058422336,Model3,3.782210168191108
2022-04-12,russia_ukraine_war,1.51989918017609,Model3,4.113486798561012
2022-04-13,russia_ukraine_war,2.5576417495490498,Model3,4.0036871165492744
2022-04-14,russia_ukraine_war,-3.03643733545408,Model3,3.927100866991832
2022-04-18,russia_ukraine_war,2.20583518698678,Model3,3.894256109691572
2022-04-19,russia_ukraine_war,1.64352943392353,Model3,3.816123378426958
2022-04-20,russia_ukraine_war,-0.30978678462107,Model3,3.7189831413170182
2022-04-21,russia_ukraine_war,-2.06844397083194,Model3,3.607873284947412
2022-04-22,russia_ukraine_war,-1.9611085251918898,Model3,3.5476575906082264
2022-04-25,russia_ukraine_war,1.79057291651726,Model3,3.4839860540600074
2022-04-26,russia_ukraine_war,-5.95995569885474,Model3,3.4093259632406805
2022-04-27,russia_ukraine_war,2.9052734994520097,Model3,3.682690506153282
2022-04-28,russia_ukraine_war,1.3483906721524699,Model3,3.646492322979828
2022-04-29,russia_ukraine_war,-2.9702353660829,Model3,3.5431641676929875
2022-05-02,russia_ukraine_war,-0.20870367517004,Model3,3.528043512463626
2022-05-03,russia_ukraine_war,-2.04222418409001,Model3,3.415926908264638
2022-05-04,russia_ukraine_war,5.0312677532991605,Model3,3.3644808987620634
2022-05-05,russia_ukraine_war,-8.19413647290767,Model3,3.5274224439522737
2022-05-06,russia_ukraine_war,-1.47137801076371,Model3,4.0793459605110485
2022-05-09,russia_ukraine_war,-17.36078611020872,Model3,3.968354367808989
2022-05-10,russia_ukraine_war,2.36786923864829,Model3,6.069988128765127
2022-05-11,russia_ukraine_war,-6.96270636865209,Model3,5.871948062312407
2022-05-12,russia_ukraine_war,0.38423156405122,Model3,5.961073922958254
2022-05-13,russia_ukraine_war,0.8069582993284999,Model3,5.736795806822242
2022-05-16,russia_ukraine_war,1.9606831133801899,Model3,5.525203884988407
2022-05-17,russia_ukraine_war,1.8675310971867798,Model3,5.341710132012528
2022-05-18,russia_ukraine_war,-5.76896230339538,Model3,5.167256019598758
2022-05-19,russia_ukraine_war,5.4017472510896,Model3,5.21731365812692
2022-05-20,russia_ukraine_war,-3.74266099996021,Model3,5.223306499402245
2022-05-23,russia_ukraine_war,-0.34933376443547,Model3,5.13512644748285
2022-05-24,russia_ukraine_war,1.8949781767069198,Model3,4.9470341002899705
2022-05-25,russia_ukraine_war,-0.31485281301596,Model3,4.78740382779884
2022-05-26,russia_ukraine_war,-1.0033699544872101,Model3,4.612827656027863
2022-05-27,russia_ukraine_war,-2.20978890225637,Model3,4.453508843958044
2022-05-31,russia_ukraine_war,10.48540669738016,Model3,4.3371387662807805
2022-06-01,russia_ukraine_war,-6.47469306708352,Model3,5.032813021798671
2022-06-02,russia_ukraine_war,2.21826339109845,Model3,5.163804049897316
2022-06-03,russia_ukraine_war,-2.5365289710191496,Model3,5.009951031305021
2022-06-06,russia_ukraine_war,5.45785723549571,Model3,4.878579216652836
2022-06-07,russia_ukraine_war,-0.68833346588699,Model3,4.916036646369906
2022-06-08,russia_ukraine_war,-3.06729469834307,Model3,4.741680746012575
2022-06-09,russia_ukraine_war,-0.33934595457948996,Model3,4.650273728688475
2022-06-10,russia_ukraine_war,-3.47422192378,Model3,4.4863259553160875
2022-06-13,russia_ukraine_war,-25.722683070579222,Model3,4.428107269354991
2022-06-14,russia_ukraine_war,-1.25564169410573,Model3,8.164117492325177
2022-06-15,russia_ukraine_war,1.6349175083863399,Model3,7.85891257344016
2022-06-16,russia_ukraine_war,-10.211240133010351,Model3,7.5680246208487185
2022-06-17,russia_ukraine_war,0.43978108825623,Model3,7.788564497887682
2022-06-21,russia_ukraine_war,1.16127170398553,Model3,7.4888488449044734
2022-06-22,russia_ukraine_war,-3.55620053246316,Model3,7.207347115539496
2022-06-23,russia_ukraine_war,5.35199496525523,Model3,7.001090519459179
2022-06-24,russia_ukraine_war,0.6889809613761599,Model3,6.882175758450333
2022-06-27,russia_ukraine_war,-2.36471161654693,Model3,6.622780007757857
2022-06-28,russia_ukraine_war,-2.2179692795419497,Model3,6.406321143857321
2022-06-29,russia_ukraine_war,-0.87465122598882,Model3,6.19585065205475
2022-06-30,russia_ukraine_war,-1.6009711756282001,Model3,5.967019891152112
2022-07-01,russia_ukraine_war,-2.6393611667962,Model3,5.76155505848639
2022-07-05,russia_ukraine_war,4.66764971768411,Model3,5.59432582444628
2022-07-06,russia_ukraine_war,1.75824492578839,Model3,5.524306412883067
2022-07-07,russia_ukraine_war,5.16563933886174,Model3,5.342188951559931
2022-07-08,russia_ukraine_war,0.43132227124234995,Model3,5.326824990238782
2022-07-11,russia_ukraine_war,-8.44861842836386,Model3,5.134820854284092
2022-07-12,russia_ukraine_war,-3.29156213890198,Model3,5.460596403792105
2022-07-13,russia_ukraine_war,4.49367599448216,Model3,5.342680449153777
2022-07-14,russia_ukraine_war,1.75496512632417,Model3,5.282114731518747
2022-07-15,russia_ukraine_war,1.28681970428928,Model3,5.1082259725245525
2022-07-18,russia_ukraine_war,7.618107481235151,Model3,4.93522150274749
2022-07-19,russia_ukraine_war,3.94052820034178,Model3,5.17103830467035
2022-07-20,russia_ukraine_war,-0.67652436363693,Model3,5.092961433360513
2022-07-21,russia_ukraine_war,-0.28926217700481,Model3,4.923281373928141
2022-07-22,russia_ukraine_war,-1.9601945764881799,Model3,4.758810993174565
2022-07-25,russia_ukraine_war,-6.14248995889631,Model3,4.636104639954069
2022-07-26,russia_ukraine_war,-0.5725043826841301,Model3,4.789738428978762
2022-07-27,russia_ukraine_war,7.659542154936109,Model3,4.632297565144496
2022-07-28,russia_ukraine_war,3.90578308920142,Model3,4.9186695126338345
2022-07-29,russia_ukraine_war,-0.16476446914401,Model3,4.861182418558699
2022-08-01,russia_ukraine_war,-2.08176342340799,Model3,4.700208008787247
2022-08-02,russia_ukraine_war,-1.45202470826133,Model3,4.588583400383548
2022-08-03,russia_ukraine_war,-0.5744061707540999,Model3,4.458841926338334
2022-08-04,russia_ukraine_war,-0.9479525568520899,Model3,4.318321681089045
2022-08-05,russia_ukraine_war,2.86758990881604,Model3,4.192650409682592
2022-08-08,russia_ukraine_war,2.20894382615689,Model3,4.128373355687679
2022-08-09,russia_ukraine_war,-2.74709934963751,Model3,4.040070454701708
2022-08-10,russia_ukraine_war,3.32567950538816,Model3,3.988625269985986
2022-08-11,russia_ukraine_war,0.04127620673678,Model3,3.973880145010171
2022-08-12,russia_ukraine_war,1.84159820568986,Model3,3.852871882656033
2022-08-15,russia_ukraine_war,-1.09538321329276,Model3,3.776907449368276
2022-08-16,russia_ukraine_war,-1.05657062741354,Model3,3.6900453449741653
2022-08-17,russia_ukraine_war,-2.31819448838646,Model3,3.6101285818773494
2022-08-18,russia_ukraine_war,-0.52959570307789,Model3,3.5795693699934
2022-08-19,russia_ukraine_war,-10.60266419016861,Model3,3.4921931487149864
2022-08-22,russia_ukraine_war,2.4665352243595,Model3,4.453465115609572
2022-08-23,russia_ukraine_war,0.60185938546632,Model3,4.357633844423831
2022-08-24,russia_ukraine_war,-0.62003332785291,Model3,4.217746873931891
2022-08-25,russia_ukraine_war,0.95770166529556,Model3,4.08617380914738
2022-08-26,russia_ukraine_war,-6.408571655966321,Model3,3.960675803656563
2022-08-29,russia_ukraine_war,0.18726075088009,Model3,4.214567147797767
2022-08-30,russia_ukraine_war,-2.50013277835669,Model3,4.076535906467407
2022-08-31,russia_ukraine_war,1.2696624168793902,Model3,4.003575302019398
2022-09-01,russia_ukraine_war,0.38518173635346,Model3,3.8881711559358596
2022-09-02,russia_ukraine_war,-0.78494796911592,Model3,3.762322233107775
2022-09-06,russia_ukraine_war,-5.83612237817601,Model3,3.6462223379423273
2022-09-07,russia_ukraine_war,2.37451537491359,Model3,3.8771386471163662
2022-09-08,russia_ukraine_war,0.20460703035366,Model3,3.8004753398155207
2022-09-09,russia_ukraine_war,10.08600976678907,Model3,3.679707025083357
2022-09-12,russia_ukraine_war,4.52310542481084,Model3,4.465167105090159
2022-09-13,russia_ukraine_war,-9.7282198923424,Model3,4.4748060116397275
2022-09-14,russia_ukraine_war,-0.27439686753736997,Model3,5.069706926415233
2022-09-15,russia_ukraine_war,-2.70345862412617,Model3,4.899860330030752
2022-09-16,russia_ukraine_war,0.36162281734325996,Model3,4.7910295161021885
2022-09-19,russia_ukraine_war,-1.1621401308850299,Model3,4.6285393903340415
2022-09-20,russia_ukraine_war,-3.4000477547087398,Model3,4.479317464568704
2022-09-21,russia_ukraine_war,-1.83448135152237,Model3,4.425484961789197
2022-09-22,russia_ukraine_war,4.56416775491289,Model3,4.305435287953692
2022-09-23,russia_ukraine_war,-0.5988576296710899,Model3,4.3305027198502835
2022-09-26,russia_ukraine_war,-0.3892330589122,Model3,4.185727939630927
2022-09-27,russia_ukraine_war,-0.58500341701693,Model3,4.0425860490725425
2022-09-28,russia_ukraine_war,1.6409099157190201,Model3,3.9086432650141916
2022-09-29,russia_ukraine_war,0.7504185755091499,Model3,3.799316676160333
2022-09-30,russia_ukraine_war,-0.72433234917515,Model3,3.675449267991335
2022-10-03,russia_ukraine_war,0.9821571864517801,Model3,3.561767951881294
2022-10-04,russia_ukraine_war,3.57022957027779,Model3,3.4543713158607368
2022-10-05,russia_ukraine_war,-0.8698206075025101,Model3,3.475995863197184
2022-10-06,russia_ukraine_war,-1.0234041758595098,Model3,3.3738812437626513
2022-10-07,russia_ukraine_war,-2.06878280674757,Model3,3.284800904821087
2022-10-10,russia_ukraine_war,-2.09561915751084,Model3,3.2397537923884965
2022-10-11,russia_ukraine_war,-0.47164037127047,Model3,3.195063445938614
2022-10-12,russia_ukraine_war,0.55498963744709,Model3,3.0994960745660647
2022-10-13,russia_ukraine_war,1.17000265222977,Model3,3.009648966211364
2022-10-14,russia_ukraine_war,-1.02285262293714,Model3,2.931964324555597
2022-10-17,russia_ukraine_war,1.88511189426924,Model3,2.8594476961813644
2022-10-18,russia_ukraine_war,-1.11273273493285,Model3,2.8216342422887473
2022-10-19,russia_ukraine_war,-1.0130621895940801,Model3,2.7586400167113525
2022-10-20,russia_ukraine_war,-0.44926791591304,Model3,2.6985451038255452
2022-10-21,russia_ukraine_war,0.62119106533935,Model3,2.630811311616156
2022-10-24,russia_ukraine_war,0.8988239092956599,Model3,2.566608592978562
2022-10-25,russia_ukraine_war,3.8050125599862996,Model3,2.51112390189424
2022-10-26,russia_ukraine_war,3.30171943589474,Model3,2.645157559364967
2022-10-27,russia_ukraine_war,-2.3607984321621402,Model3,2.7150112088226908
2022-10-28,russia_ukraine_war,1.5142492579417801,Model3,2.7384512151533515
2022-10-31,russia_ukraine_war,-0.48467069192589,Model3,2.7062237718654623
2022-11-01,russia_ukraine_war,-0.05124320157945,Model3,2.6504126320960437
2022-11-02,russia_ukraine_war,-1.6030424015854898,Model3,2.5948289358656065
2022-11-03,russia_ukraine_war,0.25011164907871997,Model3,2.5815655145666208
2022-11-04,russia_ukraine_war,4.53319982476706,Model3,2.528875046828453
2022-11-07,russia_ukraine_war,-2.6081164613568597,Model3,2.753140041669411
2022-11-08,russia_ukraine_war,-10.54286468114609,Model3,2.787892149675899
2022-11-09,russia_ukraine_war,-15.488954817014712,Model3,3.9575831941090183
2022-11-10,russia_ukraine_war,10.20374090112842,Model3,5.688634894104723
2022-11-11,russia_ukraine_war,-3.19184536013011,Model3,6.127847412940302
2022-11-14,russia_ukraine_war,-2.47301123274806,Model3,5.970821884603957
2022-11-15,russia_ukraine_war,1.59043171795154,Model3,5.79725487298678
2022-11-16,russia_ukraine_war,-1.2825680370738,Model3,5.603232690160125
2022-11-17,russia_ukraine_war,0.10839194206494002,Model3,5.414397957419108
2022-11-18,russia_ukraine_war,0.06146278457023,Model3,5.221536696532926
2022-11-21,russia_ukraine_war,-5.607080012181529,Model3,5.03502634918491
2022-11-22,russia_ukraine_war,2.51747150803918,Model3,5.096222572352932
2022-11-23,russia_ukraine_war,2.56679569857375,Model3,4.959554575797152
2022-11-25,russia_ukraine_war,-0.53642385273599,Model3,4.832770258305298
2022-11-28,russia_ukraine_war,-1.8603304167175398,Model3,4.668308243388658
2022-11-29,russia_ukraine_war,1.3940464110346,Model3,4.5364651116953985
2022-11-30,russia_ukraine_war,4.30597665839438,Model3,4.400220419872597
2022-12-01,russia_ukraine_war,-1.1802068595367299,Model3,4.403896644878438
2022-12-02,russia_ukraine_war,0.7136986045805099,Model3,4.2750465022231445
2022-12-05,russia_ukraine_war,-0.66836616215846,Model3,4.140223132034156
2022-12-06,russia_ukraine_war,0.67330352508194,Model3,4.012843255551589
2022-12-07,russia_ukraine_war,-1.42249778324377,Model3,3.8877508529307403
2022-12-08,russia_ukraine_war,2.26142000810396,Model3,3.7863040320226786
2022-12-09,russia_ukraine_war,-0.58383705058885,Model3,3.717686841566425
2022-12-12,russia_ukraine_war,0.4268266909601,Model3,3.606590571665445
2022-12-13,russia_ukraine_war,3.2864788730728804,Model3,3.4973181176939607
2022-12-14,russia_ukraine_war,0.19289306421712,Model3,3.501706754418837
2022-12-15,russia_ukraine_war,-2.56283810210243,Model3,3.399170993802648
2022-12-20,israel_hamas_war,2.79887050824722,Model3,3.3807630882038877
2022-12-21,israel_hamas_war,-0.52645094201766,Model3,3.366021495589841
2022-12-22,israel_hamas_war,0.07612154110786,Model3,3.276986176622937
2022-12-23,israel_hamas_war,-0.19858084288218997,Model3,3.1839239311052996
2022-12-27,israel_hamas_war,-0.47609444029531,Model3,3.0993438859165825
2022-12-28,israel_hamas_war,-0.98950503002502,Model3,3.0204467424832404
2022-12-29,israel_hamas_war,0.54086448255194,Model3,2.9559190527496075
2022-12-30,israel_hamas_war,-0.23916958787596,Model3,2.884403029091441
2023-01-03,israel_hamas_war,0.46433864472254,Model3,2.8154809559928116
2023-01-04,israel_hamas_war,1.09341539620353,Model3,2.7499657252321357
2023-01-05,israel_hamas_war,-0.15728177184386,Model3,2.697548889763893
2023-01-06,israel_hamas_war,0.6820792235553099,Model3,2.639130338716011
2023-01-09,israel_hamas_war,1.43250773646311,Model3,2.5887743393091163
2023-01-10,israel_hamas_war,1.44181338708873,Model3,2.557317675061414
2023-01-11,israel_hamas_war,2.76211504977311,Model3,2.5277174774690434
2023-01-12,israel_hamas_war,5.08031804901875,Model3,2.5770904333790585
2023-01-13,israel_hamas_war,5.36492128036686,Model3,2.8585132468081613
2023-01-17,israel_hamas_war,6.09836833564205,Model3,3.1346112906703163
2023-01-18,israel_hamas_war,-2.2592831153300597,Model3,3.4581785567926566
2023-01-19,israel_hamas_war,1.9055334102897898,Model3,3.4423161173846974
2023-01-20,israel_hamas_war,7.26845526110478,Model3,3.4045588851421185
2023-01-23,israel_hamas_war,1.1307874962590498,Model3,3.84813410163549
2023-01-24,israel_hamas_war,-1.3077079200906099,Model3,3.7626683418726126
2023-01-25,israel_hamas_war,2.10431847013235,Model3,3.690048271009189
2023-01-26,israel_hamas_war,-0.36871485938446,Model3,3.6444842803563766
2023-01-27,israel_hamas_war,0.19930464741649997,Model3,3.562213994028929
2023-01-30,israel_hamas_war,-1.03918935940009,Model3,3.485558762109998
2023-01-31,israel_hamas_war,1.30122885395141,Model3,3.4271730573806716
2023-02-01,israel_hamas_war,2.49457345900039,Model3,3.380789524365284
2023-02-02,israel_hamas_war,-1.06747498773682,Model3,3.374129812650369
2023-02-03,israel_hamas_war,-0.09611362476714999,Model3,3.3249382485647985
2023-02-06,israel_hamas_war,-2.98321783954256,Model3,3.2688119919870826
2023-02-07,israel_hamas_war,2.19101957149328,Model3,3.3205106083908946
2023-02-08,israel_hamas_war,-1.40637224840059,Model3,3.3084144506988213
2023-02-09,israel_hamas_war,-5.0072947921117095,Model3,3.270826664410626
2023-02-10,israel_hamas_war,-0.7722817724904599,Model3,3.49618073092933
2023-02-13,israel_hamas_war,0.7221409653119,Model3,3.431237913089966
2023-02-14,israel_hamas_war,1.8747466050136201,Model3,3.359006196601819
2023-02-15,israel_hamas_war,8.97700078631962,Model3,3.3220852598062716
2023-02-16,israel_hamas_war,-2.85581014815657,Model3,4.041148841530411
2023-02-17,israel_hamas_war,3.91062494261006,Model3,4.016383236491617
2023-02-21,israel_hamas_war,-0.52752322390331,Model3,4.054375019492869
2023-02-22,israel_hamas_war,-1.01803968810031,Model3,3.9590806173057405
2023-02-23,israel_hamas_war,-1.0027916762018099,Model3,3.87629276162043
2023-02-24,israel_hamas_war,-3.1792067406443496,Model3,3.7974480449396424
2023-02-27,israel_hamas_war,1.39016452590102,Model3,3.811875352212208
2023-02-28,israel_hamas_war,-1.6092730875103,Model3,3.735762517119447
2023-03-01,israel_hamas_war,2.13368049391636,Model3,3.673368265102779
2023-03-02,israel_hamas_war,-0.72613502094817,Model3,3.6304286212483805
2023-03-03,israel_hamas_war,-4.85624257297713,Model3,3.5522579050824374
2023-03-06,israel_hamas_war,0.29950669750121,Model3,3.720633279873861
2023-03-07,israel_hamas_war,-0.9406138966041601,Model3,3.6315332068606976
2023-03-08,israel_hamas_war,-2.2837315061131997,Model3,3.5553685475475008
2023-03-09,israel_hamas_war,-6.44245133285333,Model3,3.5322715633595103
2023-03-10,israel_hamas_war,-0.86696568831137,Model3,3.875209291606053
2023-03-13,israel_hamas_war,18.11997674579263,Model3,3.778188683182707
2023-03-14,israel_hamas_war,2.24161647975057,Model3,6.08839635855943
2023-03-15,israel_hamas_war,-1.50694198256179,Model3,5.911372570860126
2023-03-16,israel_hamas_war,2.73877219696504,Model3,5.733771121670867
2023-03-17,israel_hamas_war,9.043081735478719,Model3,5.590665443915292
2023-03-20,israel_hamas_war,1.24407978049414,Model3,5.922782210242757
2023-03-21,israel_hamas_war,1.46072594573107,Model3,5.734214261552769
2023-03-22,israel_hamas_war,-3.1304934786025203,Model3,5.568317489686389
2023-03-23,israel_hamas_war,3.69024309214414,Model3,5.4686632513839575
2023-03-24,israel_hamas_war,-3.01197331855556,Model3,5.388069850167417
2023-03-27,israel_hamas_war,-1.29372463162945,Model3,5.2869185655388575
2023-03-28,israel_hamas_war,0.47141000939140004,Model3,5.14052609072475
2023-03-29,israel_hamas_war,3.8853399312691597,Model3,4.990894577508418
2023-03-30,israel_hamas_war,-1.11695987413331,Model3,4.950847037784492
2023-03-31,israel_hamas_war,1.57464148884536,Model3,4.8156914687691454
2023-04-03,israel_hamas_war,-2.44646824167709,Model3,4.695430390314642
2023-04-04,israel_hamas_war,1.35055858746378,Model3,4.617620789463062
2023-04-05,israel_hamas_war,0.03512057047058,Model3,4.505275502790753
2023-04-06,israel_hamas_war,-0.47612573465794,Model3,4.38510913078171
2023-04-10,israel_hamas_war,5.57829223296608,Model3,4.274122952521377
2023-04-11,israel_hamas_war,1.94394895643321,Model3,4.421434752921104
2023-04-12,israel_hamas_war,-0.31803678161342996,Model3,4.334348762292371
2023-04-13,israel_hamas_war,0.85901337682815,Model3,4.22950000848451
2023-04-14,israel_hamas_war,0.28457979620181,Model3,4.1318715276663545
2023-04-17,israel_hamas_war,-3.4732053566729,Model3,4.03143378472365
2023-04-18,israel_hamas_war,3.1836460997816203,Model3,4.058066717530459
2023-04-19,israel_hamas_war,-5.31995366286723,Model3,4.055029440549906
2023-04-20,israel_hamas_war,-2.0211126619281,Model3,4.2166693884919395
2023-04-21,israel_hamas_war,-3.4910877271712404,Model3,4.1524297178495155
2023-04-24,israel_hamas_war,0.90664667694483,Model3,4.15672991025641
2023-04-25,israel_hamas_war,2.80232077739538,Model3,4.050981991169436
2023-04-26,israel_hamas_war,0.40579258685806,Model3,4.013705969987086
2023-04-27,israel_hamas_war,3.63131328622946,Model3,3.912261082677678
2023-04-28,israel_hamas_war,-0.45406028897519,Model3,3.936089725674078
2023-05-01,israel_hamas_war,-4.34912199499015,Model3,3.847438925703506
2023-05-02,israel_hamas_war,2.07492702911204,Model3,3.9514005188814187
2023-05-03,israel_hamas_war,1.12946008250287,Model3,3.8987274913471737
2023-05-04,israel_hamas_war,-0.54826978253753,Model3,3.8147517172875327
2023-05-05,israel_hamas_war,2.35245236353522,Model3,3.7369557052075306
2023-05-08,israel_hamas_war,-6.43295131417288,Model3,3.7110727261101317
2023-05-09,israel_hamas_war,-0.12826051136456,Model3,4.037274593788855
2023-05-10,israel_hamas_war,-0.13393336115541,Model3,3.9409063513289664
2023-05-11,israel_hamas_war,-2.27376278728039,Model3,3.84178948918942
2023-05-12,israel_hamas_war,-0.7278017155925101,Model3,3.802360956846926
2023-05-15,israel_hamas_war,1.4360237763413501,Model3,3.7176415232397795
2023-05-16,israel_hamas_war,-0.5754943306692499,Model3,3.6459306168441357
2023-05-17,israel_hamas_war,1.3305949198470401,Model3,3.565288351559019
2023-05-18,israel_hamas_war,-2.0896322938492298,Model3,3.5049604140467725
2023-05-19,israel_hamas_war,0.21562704301694002,Model3,3.4785644425285507
2023-05-22,israel_hamas_war,-0.14458709579601,Model3,3.404322751866001
2023-05-23,israel_hamas_war,1.38489626434261,Model3,3.3313750787838305
2023-05-24,israel_hamas_war,-3.3270400187895897,Model3,3.2809182681566025
2023-05-25,israel_hamas_war,0.53545262051376,Model3,3.3449242936144534
2023-05-26,israel_hamas_war,0.91393326620574,Model3,3.2781412111147583
2023-05-30,israel_hamas_war,3.61314185690823,Model3,3.2223028057772725
2023-05-31,israel_hamas_war,-1.7577792723264998,Model3,3.2995197886058283
2023-06-01,israel_hamas_war,-1.4792581991188,Model3,3.2731508929731974
2023-06-02,israel_hamas_war,1.5891611065796298,Model3,3.23900221075613
2023-06-05,israel_hamas_war,-5.6211777158011,Model3,3.2060425458278083
2023-06-06,israel_hamas_war,5.58151185623361,Model3,3.504280328803121
2023-06-07,israel_hamas_war,-3.3325424120808895,Model3,3.7371568034002633
2023-06-08,israel_hamas_war,0.61383660637044,Model3,3.7581854542786295
2023-06-09,israel_hamas_war,-0.105086013774,Model3,3.6742968258536264
2023-06-12,israel_hamas_war,-2.2064403456182697,Model3,3.5897157675440305
2023-06-13,israel_hamas_war,0.06263269559741,Model3,3.563275752299835
2023-06-14,israel_hamas_war,-3.11153540326201,Model3,3.4810271514829
2023-06-15,israel_hamas_war,1.78193754101164,Model3,3.5096274419270674
2023-06-16,israel_hamas_war,2.89427732653721,Model3,3.459401964585778
2023-06-20,israel_hamas_war,7.322003984177471,Model3,3.4604334144522855
2023-06-21,israel_hamas_war,5.82742132068211,Model3,3.9052399821198023
2023-06-22,israel_hamas_war,-0.38377235796951,Model3,4.109043799829684
2023-06-23,israel_hamas_war,2.58459057681537,Model3,4.0113850593221665
2023-06-26,israel_hamas_war,-1.3920564563099,Model3,3.9792371226067806
2023-06-27,israel_hamas_war,1.36825634152429,Model3,3.9120576254855886
2023-06-28,israel_hamas_war,-1.98089179130376,Model3,3.8344042907805695
2023-06-29,israel_hamas_war,1.1865197537731,Model3,3.7909737839996627
2023-06-30,israel_hamas_war,0.10472432791648,Model3,3.722965322377239
2023-07-03,israel_hamas_war,2.20403801501826,Model3,3.639340455971098
2023-07-05,israel_hamas_war,-2.0829912571736697,Model3,3.6075257095038378
2023-07-06,israel_hamas_war,-2.0020299639946297,Model3,3.5864965821429973
2023-07-07,israel_hamas_war,1.4370909980298001,Model3,3.5619017617253164
2023-07-10,israel_hamas_war,0.23768594721202,Model3,3.5075480971959117
2023-07-11,israel_hamas_war,0.67659483655845,Model3,3.4366517300275383
2023-07-12,israel_hamas_war,-0.75166695389679,Model3,3.374455441204988
2023-07-13,israel_hamas_war,3.5059117999465697,Model3,3.3217703844573725
2023-07-14,israel_hamas_war,-3.6955452769762,Model3,3.3988648418073746
2023-07-17,israel_hamas_war,-0.6222897766458,Model3,3.4899066714127693
2023-07-18,israel_hamas_war,-0.9643886494910201,Model3,3.4311492273041746
2023-07-19,israel_hamas_war,0.19193869502834002,Model3,3.3762849614686194
2023-07-20,israel_hamas_war,-0.40836263076462,Model3,3.3145881314381467
2023-07-21,israel_hamas_war,0.39104582531672,Model3,3.2526286846384673
2023-07-24,israel_hamas_war,-2.47730346005991,Model3,3.1993391278326806
2023-07-25,israel_hamas_war,0.17284554802405,Model3,3.2169717359553514
2023-07-26,israel_hamas_war,0.43556533334645,Model3,3.163681754976229
2023-07-27,israel_hamas_war,-0.49272385842933997,Model3,3.109571997352904
2023-07-28,israel_hamas_war,0.37094442045335,Model3,3.0620092417110976
2023-07-31,israel_hamas_war,-0.30447758408087,Model3,3.0147478543303223
2023-08-01,israel_hamas_war,1.5130233826088402,Model3,2.9724829760895073
2023-08-02,israel_hamas_war,-1.78075075169093,Model3,2.9532542647436304
2023-08-03,israel_hamas_war,0.0916180779175,Model3,2.9564011373127417
2023-08-04,israel_hamas_war,-0.35908335462961,Model3,2.9159042016558825
2023-08-07,israel_hamas_war,0.36558939179261996,Model3,2.8787321551628167
2023-08-08,israel_hamas_war,1.98463869790533,Model3,2.8455100563234383
2023-08-09,israel_hamas_war,-0.6877101417061701,Model3,2.853002347559212
2023-08-10,israel_hamas_war,-0.44719489893279996,Model3,2.8282888454017105
2023-08-11,israel_hamas_war,-0.10837469218066001,Model3,2.7961293295338794
2023-08-14,israel_hamas_war,0.03648772874082,Model3,2.7672036483968534
2023-08-15,israel_hamas_war,-0.81291201187537,Model3,2.737138153476926
2023-08-16,israel_hamas_war,-1.61935848387037,Model3,2.717816716758449
2023-08-17,israel_hamas_war,-7.36241200960619,Model3,2.7318792131371055
2023-08-18,israel_hamas_war,-2.33342486538112,Model3,3.369265372852736
2023-08-21,israel_hamas_war,0.28590665062903,Model3,3.364066649931446
2023-08-22,israel_hamas_war,-0.35464695192522,Model3,3.2813187467912046
2023-08-23,israel_hamas_war,1.52484555491608,Model3,3.206060147626454
2023-08-24,israel_hamas_war,-1.0239565761125,Model3,3.1556494792466743
2023-08-25,israel_hamas_war,-0.43939924369393,Model3,3.0984275481580794
2023-08-28,israel_hamas_war,0.22426908796687,Model3,3.0385360665516346
2023-08-29,israel_hamas_war,6.0249892570851,Model3,2.976822438012206
2023-08-30,israel_hamas_war,-1.5634289371322898,Model3,3.3281760890376915
2023-08-31,israel_hamas_war,-5.13291454495893,Model3,3.2812259818395577
2023-09-01,israel_hamas_war,-0.50548143006733,Model3,3.512606066657804
2023-09-05,israel_hamas_war,-0.08042615082998,Model3,3.442777885820698
2023-09-06,israel_hamas_war,-0.10380138015932999,Model3,3.360387526517878
2023-09-07,israel_hamas_war,1.87321055019505,Model3,3.282361914927571
2023-09-08,israel_hamas_war,-1.2831149860508702,Model3,3.246069470731964
2023-09-11,israel_hamas_war,-2.9100334535416597,Model3,3.1969506533203216
2023-09-12,israel_hamas_war,2.6305127952917498,Model3,3.237606711044997
2023-09-13,israel_hamas_war,1.51738529586858,Model3,3.2390472378098476
2023-09-14,israel_hamas_war,1.18008351309716,Model3,3.1797473967695793
2023-09-15,israel_hamas_war,0.25972414093191,Model3,3.1269764721373856
2023-09-18,israel_hamas_war,0.54565268489829,Model3,3.067956276426826
2023-09-19,israel_hamas_war,1.69311026624323,Model3,3.0144522910189924
2023-09-20,israel_hamas_war,-0.29114788993918,Model3,2.99403864312251
2023-09-21,israel_hamas_war,-2.1020467716698,Model3,2.9449475458967065
2023-09-22,israel_hamas_war,0.04491505408555,Model3,2.9568667366899097
2023-09-25,israel_hamas_war,-1.0631653191113999,Model3,2.9083751515931278
2023-09-26,israel_hamas_war,-0.30935695955251,Model3,2.875006279916821
2023-09-27,israel_hamas_war,0.51537828527894,Model3,2.8326895820500493
2023-09-28,israel_hamas_war,2.50632062349595,Model3,2.7923607821416394
2023-09-29,israel_hamas_war,-0.40726745702974,Model3,2.8260302043175947
2023-10-02,israel_hamas_war,2.27429331885519,Model3,2.78746754459143
2023-10-03,israel_hamas_war,-0.36683170659444997,Model3,2.8127156212352054
2023-10-04,israel_hamas_war,1.33777193024828,Model3,2.7783690846614695
2023-10-05,israel_hamas_war,-1.3890662255842698,Model3,2.7645467636840446
2023-10-06,israel_hamas_war,1.91718837881559,Model3,2.7590857848485233
2023-10-09,israel_hamas_war,-1.3071251190806301,Model3,2.768131880156746
2023-10-10,israel_hamas_war,-0.70090060125914,Model3,2.7610172595137183
2023-10-11,israel_hamas_war,-1.90812208422717,Model3,2.7371814122120877
2023-10-12,israel_hamas_war,-0.43453816471777995,Model3,2.7603429654197584
2023-10-13,israel_hamas_war,0.39380057832304005,Model3,2.728152153608671
2023-10-16,israel_hamas_war,5.98602909789077,Model3,2.691399274774642
2023-10-17,israel_hamas_war,-0.36433994327744,Model3,3.094578557744187
2023-10-18,israel_hamas_war,-0.30807197496875,Model3,3.039933326137756
2023-10-19,israel_hamas_war,1.3724231161473,Model3,2.9932532857382417
2023-10-20,israel_hamas_war,3.29857689825514,Model3,2.9640668841073716
2023-10-23,israel_hamas_war,10.854453540047471,Model3,3.0440399809848624
2023-10-24,israel_hamas_war,2.43427517877734,Model3,4.170409043719421
2023-10-25,israel_hamas_war,1.7581001125127,Model3,4.108621340850057
2023-10-26,israel_hamas_war,-1.00838184339324,Model3,4.037353493179483
2023-10-27,israel_hamas_war,-0.7253169256571901,Model3,3.9613495399330887
2023-10-30,israel_hamas_war,1.7323741403016801,Model3,3.883613664048384
2023-10-31,israel_hamas_war,0.47829388016928004,Model3,3.8292597288784997
2023-11-01,israel_hamas_war,2.19528756206894,Model3,3.752652612424339
2023-11-02,israel_hamas_war,-1.4181643038139,Model3,3.721021670465008
2023-11-03,israel_hamas_war,-0.59112069551451,Model3,3.6710517524105852
2023-11-06,israel_hamas_war,0.87444503641814,Model3,3.612252101221864
2023-11-07,israel_hamas_war,1.15264053036002,Model3,3.5515316088302096
2023-11-08,israel_hamas_war,0.59555252934752,Model3,3.5090052076524203
2023-11-09,israel_hamas_war,2.86922398244658,Model3,3.45414417523951
2023-11-10,israel_hamas_war,1.6778346050334,Model3,3.4789695625333583
2023-11-13,israel_hamas_war,-2.19909619655191,Model3,3.4509931131295026
2023-11-14,israel_hamas_war,-2.67843578397946,Model3,3.454780039015428
2023-11-15,israel_hamas_war,6.3846199276278295,Model3,3.4860045105999884
2023-11-16,israel_hamas_war,-4.662975619066541,Model3,3.8274163352856725
2023-11-17,israel_hamas_war,1.21487469666794,Model3,3.9570868015514225
2023-11-20,israel_hamas_war,2.37686408308353,Model3,3.8871060715268406
2023-11-21,israel_hamas_war,-4.53926219219483,Model3,3.8524889896752534
2023-11-22,israel_hamas_war,4.42013894678362,Model3,3.9772898827462866
2023-11-24,israel_hamas_war,0.7662881508198499,Model3,4.066563329970397
2023-11-27,israel_hamas_war,-1.24340836494128,Model3,3.9761134530986513
2023-11-28,israel_hamas_war,1.53673136112338,Model3,3.906740360876497
2023-11-29,israel_hamas_war,0.07241750284948001,Model3,3.844340061345539
2023-11-30,israel_hamas_war,-0.38571889984724,Model3,3.767538863686764
2023-12-01,israel_hamas_war,2.55507301146281,Model3,3.701327788499373
2023-12-04,israel_hamas_war,8.16467805457735,Model3,3.6989065071629654
2023-12-05,israel_hamas_war,4.882523455973,Model3,4.2352982598851945
2023-12-06,israel_hamas_war,-0.7610515703398401,Model3,4.3383528612052515
2023-12-07,israel_hamas_war,-1.04271600369865,Model3,4.246178861384548
2023-12-08,israel_hamas_war,1.99856832348002,Model3,4.161555463679827
2023-12-11,israel_hamas_war,-6.8467307615142206,Model3,4.102866091860997
2023-12-12,israel_hamas_war,0.49916781642922997,Model3,4.429810497191612
2023-12-13,israel_hamas_war,3.41627495710368,Model3,4.327236684202384
2023-12-14,israel_hamas_war,0.31014611592039,Model3,4.316933300953289
2023-12-15,israel_hamas_war,-2.57616788095846,Model3,4.211829714460013
2023-12-18,israel_hamas_war,1.64108756524758,Model3,4.180555297779041
2023-12-19,israel_hamas_war,-0.8316570718615199,Model3,4.1079561690526045
2023-12-20,israel_hamas_war,3.2164737244750503,Model3,4.021500287061751
2023-12-21,israel_hamas_war,0.49565656400485997,Model3,4.02782573878699
2023-12-22,israel_hamas_war,0.29305657871948,Model3,3.9472090320728777
2023-12-26,israel_hamas_war,-3.41579428883166,Model3,3.866702603926461
2023-12-27,israel_hamas_war,2.1462391204340103,Model3,3.910461371424711
2023-12-28,israel_hamas_war,-1.89384832630336,Model3,3.8725985595984276
2023-12-29,israel_hamas_war,-1.2474379352009002,Model3,3.8366716377865333
2024-01-02,israel_hamas_war,6.569448103967,Model3,3.7825783683791303
2024-01-05,israel_iran,-0.03900828451526,Model3,4.097048784353709
2024-01-08,israel_iran,6.16394814275875,Model3,4.005950308068352
2024-01-09,israel_iran,-1.7845417106438202,Model3,4.251188207123905
2024-01-10,israel_iran,1.05220327519483,Model3,4.185005361293498
2024-01-11,israel_iran,-0.55742411475225,Model3,4.104226032165311
2024-01-12,israel_iran,-7.88426288329936,Model3,4.0211789553961355
2024-01-16,israel_iran,0.7017444532681401,Model3,4.490428055623265
2024-01-17,israel_iran,-0.95997128258615,Model3,4.383202835550424
2024-01-18,israel_iran,-3.52539060043804,Model3,4.281948607072781
2024-01-19,israel_iran,0.8599127738073999,Model3,4.286032012087969
2024-01-22,israel_iran,-5.20553617522651,Model3,4.185278253570932
2024-01-23,israel_iran,0.8523584257922099,Model3,4.317699892461511
2024-01-24,israel_iran,0.57937057279857,Model3,4.208650903627284
2024-01-25,israel_iran,-0.35811572894929,Model3,4.09781944031258
2024-01-26,israel_iran,4.60765744948169,Model3,3.990559982618839
2024-01-29,israel_iran,3.45812725750038,Model3,4.076612810416877
2024-01-30,israel_iran,-0.77837449899358,Model3,4.0717420366346175
2024-01-31,israel_iran,-0.8651552809046901,Model3,3.9772469817979133
2024-02-01,israel_iran,1.15148902942397,Model3,3.894505349843074
2024-02-02,israel_iran,0.25523745302443,Model3,3.817655322743081
2024-02-05,israel_iran,-1.22826241892486,Model3,3.7375394774344195
2024-02-06,israel_iran,0.9936804708699201,Model3,3.679133240161611
2024-02-07,israel_iran,2.82286462102806,Model3,3.6122447955476478
2024-02-08,israel_iran,2.19456712821148,Model3,3.6207230279465428
2024-02-09,israel_iran,3.9932995408411602,Model3,3.596048859046547
2024-02-12,israel_iran,5.79125034852992,Model3,3.6850706501368204
2024-02-13,israel_iran,-0.43285887601175,Model3,3.9334800135554224
2024-02-14,israel_iran,4.10468495104089,Model3,3.8548855226401484
2024-02-15,israel_iran,0.21560092291083,Model3,3.9386102851208187
2024-02-16,israel_iran,0.42584326097615005,Model3,3.861657803134553
2024-02-20,israel_iran,0.23873204261984,Model3,3.788156642053646
2024-02-21,israel_iran,-0.85609043152299,Model3,3.717636847170922
2024-02-22,israel_iran,-1.03585476400142,Model3,3.660107887522478
2024-02-23,israel_iran,-1.12318061155125,Model3,3.616177472820458
2024-02-26,israel_iran,7.20557951554,Model3,3.5735770879107918
2024-02-27,israel_iran,4.593621644047309,Model3,4.008865573695003
2024-02-28,israel_iran,9.06952929770428,Model3,4.109311484589442
2024-02-29,israel_iran,-2.11224142700197,Model3,4.6981665631659855
2024-03-01,israel_iran,2.00954657884248,Model3,4.624028956164019
2024-03-04,israel_iran,9.01387381959282,Model3,4.543461327522973
2024-03-05,israel_iran,-6.85829818149203,Model3,5.047519627073696
2024-03-06,israel_iran,3.5499700200866298,Model3,5.261403191194319
2024-03-07,israel_iran,1.23081400525153,Model3,5.208611385160591
2024-03-08,israel_iran,2.0331312236987897,Model3,5.073304130995205
2024-03-11,israel_iran,5.44744208719723,Model3,4.96809825112396
2024-03-12,israel_iran,-0.8949836049347799,Model3,5.0505548594758025
2024-03-13,israel_iran,2.2166899064075403,Model3,4.926438639802828
2024-03-14,israel_iran,-2.33524614583823,Model3,4.83487119707855
2024-03-15,israel_iran,-2.83089232920005,Model3,4.75920518422598
2024-03-18,israel_iran,-2.7093992056055,Model3,4.7140571539796845
2024-03-19,israel_iran,-8.71207318570082,Model3,4.662777957142767
2024-03-20,israel_iran,9.251085296877399,Model3,5.130561945419569
2024-03-21,israel_iran,-3.63186742262133,Model3,5.570290702263592
2024-03-22,israel_iran,-2.64984466521593,Model3,5.500104507324361
2024-03-25,israel_iran,9.24864295109591,Model3,5.394421455546763
2024-03-26,israel_iran,0.0414778606564,Model3,5.793136947239263
2024-03-27,israel_iran,-0.76374445429517,Model3,5.620199994492815
2024-03-28,israel_iran,1.8397189971880799,Model3,5.464554378007119
2024-04-01,israel_iran,-1.48500586978419,Model3,5.3338342921542745
2024-04-02,israel_iran,-6.29909043698857,Model3,5.204105718054827
2024-04-03,israel_iran,0.81237430733199,Model3,5.347930686905012
2024-04-04,israel_iran,3.75988627118614,Model3,5.202772809848191
2024-04-05,israel_iran,-0.98456304182885,Model3,5.150831476223623
2024-04-08,israel_iran,5.44157458232132,Model3,5.013569471138947
2024-04-09,israel_iran,-3.54137612037884,Model3,5.090042700934008
2024-04-10,israel_iran,2.07393012425347,Model3,5.048078545142141
2024-04-11,israel_iran,-0.7497782584512,Model3,4.943723122858738
2024-04-12,israel_iran,-4.17489701814346,Model3,4.820041832972778
2024-04-15,israel_iran,-5.77345477167842,Model3,4.834168756369513
2024-04-16,israel_iran,0.60619201772289,Model3,4.968758615620212
2024-04-17,israel_iran,-4.05395853499448,Model3,4.836338398279453
2024-04-18,israel_iran,3.5841202086147597,Model3,4.833172199862052
2024-04-19,israel_iran,0.51951428769122,Model3,4.793840889618273
2024-04-22,israel_iran,4.58311111692135,Model3,4.656779141026279
2024-04-23,israel_iran,-0.64603984899146,Model3,4.691566172908216
2024-04-24,israel_iran,-3.26063013162719,Model3,4.57595758152235
2024-04-25,israel_iran,0.31812827691917,Model3,4.5511819681658165
2024-04-26,israel_iran,-1.1328935219016,Model3,4.438348228502309
2024-04-29,israel_iran,0.13448775410454,Model3,4.343857932819743
2024-04-30,israel_iran,-5.149462971654209,Model3,4.240330122588416
2024-05-01,israel_iran,-4.00899234806571,Model3,4.374251998720661
2024-05-02,israel_iran,1.48143925496977,Model3,4.407411836914943
2024-05-03,israel_iran,6.17572064982481,Model3,4.303493722793137
2024-05-06,israel_iran,0.43174906822881004,Model3,4.489842266748188
2024-05-07,israel_iran,-1.31819299956466,Model3,4.361952363624876
2024-05-08,israel_iran,-1.85699862584938,Model3,4.275772844103281
2024-05-09,israel_iran,2.9977308604179,Model3,4.20784512122298
2024-05-10,israel_iran,-3.6456454635488895,Model3,4.181223431102597
2024-05-13,israel_iran,3.4098215257427302,Model3,4.197204870392778
2024-05-14,israel_iran,-2.16740381115793,Model3,4.194974668025929
2024-05-15,israel_iran,7.38042976614984,Model3,4.133948859784155
2024-05-16,israel_iran,-1.57557243971512,Model3,4.491682351860967
2024-05-17,israel_iran,2.75228349050477,Model3,4.399231616687076
2024-05-20,israel_iran,6.35060724667878,Model3,4.353079188158002
2024-05-21,israel_iran,-1.85288571822953,Model3,4.575629568534535
2024-05-22,israel_iran,-1.45658695101849,Model3,4.491480238386877
2024-05-23,israel_iran,-1.74065965877577,Model3,4.4056107155616875
2024-05-24,israel_iran,0.87433946680479,Model3,4.332708771826637
2024-05-28,israel_iran,-0.33603147248077003,Model3,4.2410216042548745
2024-05-29,israel_iran,-1.05705290938477,Model3,4.148768804662449
2024-05-30,israel_iran,1.15770099062721,Model3,4.069651861077822
2024-05-31,israel_iran,-1.2860492770805598,Model3,3.993371413202148
2024-06-03,israel_iran,1.9272846723507198,Model3,3.930280209100522
2024-06-04,israel_iran,2.53002252489253,Model3,3.8846875427278835
2024-06-05,israel_iran,0.7272217816602801,Model3,3.8663558190178593
2024-06-06,israel_iran,-0.45918902720175997,Model3,3.796951458547936
2024-06-07,israel_iran,-2.0194557079892,Model3,3.73271512011683
2024-06-10,israel_iran,0.2444212441661,Model3,3.7163720651383203
2024-06-11,israel_iran,-3.18673749178795,Model3,3.6561231881217857
2024-06-12,israel_iran,1.3412234174300999,Model3,3.70162225905783
2024-06-13,israel_iran,-2.19981554211618,Model3,3.6549244813730493
2024-06-14,israel_iran,-1.12273344053877,Model3,3.6464691671170857
2024-06-17,israel_iran,0.72332103389518,Model3,3.59839233315581
2024-06-18,israel_iran,-2.0505771883152,Model3,3.5462836752091333
2024-06-20,israel_iran,-0.48025217930388997,Model3,3.538070293230648
2024-06-21,israel_iran,-1.13626640759909,Model3,3.488862143169593
2024-06-24,israel_iran,-6.14275935353345,Model3,3.440878111369087
2024-06-25,israel_iran,2.50209785898575,Model3,3.7777335665319463
2024-06-26,israel_iran,-1.62031982640604,Model3,3.7452240930397505
2024-06-27,israel_iran,1.2964547863457698,Model3,3.6666771186780744
2024-06-28,israel_iran,-2.10738120086118,Model3,3.5934783766362592
2024-07-01,israel_iran,4.11164553233218,Model3,3.553344310310573
2024-07-02,israel_iran,-1.31801760562906,Model3,3.6377255168060936
2024-07-03,israel_iran,-3.03632025066165,Model3,3.578829516961648
2024-07-05,israel_iran,-6.01286567951006,Model3,3.601189037695257
2024-07-08,israel_iran,0.07537022264224,Model3,3.886819655994813
2024-07-09,israel_iran,2.27379641121488,Model3,3.7712397073702104
2024-07-10,israel_iran,-0.46086733698467997,Model3,3.707128925296482
2024-07-11,israel_iran,-0.69092459782688,Model3,3.601229578440242
2024-07-12,israel_iran,0.96239845581041,Model3,3.504778873216978
2024-07-15,israel_iran,11.3679473900568,Model3,3.416013069514446
2024-07-16,israel_iran,0.34931297826731,Model3,4.500776083676193
2024-07-17,israel_iran,-1.51432424548232,Model3,4.375294135687527
2024-07-18,israel_iran,-0.22597141603524998,Model3,4.287944465488583
2024-07-19,israel_iran,4.187942010963551,Model3,4.1870135426855475
2024-07-22,israel_iran,1.30325550283627,Model3,4.230082998954133
2024-07-23,israel_iran,-2.48315035462847,Model3,4.136905425250253
2024-07-24,israel_iran,-0.8462196557575999,Model3,4.103931516020508
2024-07-25,israel_iran,0.61776136799459,Model3,4.02115712657961
2024-07-26,israel_iran,3.19399921931968,Model3,3.9355869917558604
2024-07-29,israel_iran,-1.6212518920554202,Model3,3.9418369571802803
2024-07-30,israel_iran,-0.93053462306732,Model3,3.8856279227522
2024-07-31,israel_iran,-2.41834505774866,Model3,3.8201523286408565
2024-08-01,israel_iran,1.13598461110431,Model3,3.803225752953309
2024-08-02,israel_iran,-6.22170138648715,Model3,3.730412904250429
2024-08-05,israel_iran,-12.88293553374952,Model3,4.018912011677006
2024-08-06,israel_iran,3.71384650991169,Model3,5.248621912505042
2024-08-07,israel_iran,-1.81319456214236,Model3,5.1569875878674925
2024-08-08,israel_iran,11.461585743295789,Model3,4.996139851378586
2024-08-09,israel_iran,-1.35416335526674,Model3,5.7167487889389195
2024-08-12,israel_iran,-2.53783714532101,Model3,5.523968841146801
2024-08-13,israel_iran,2.0924539277115,Model3,5.390944091939298
2024-08-14,israel_iran,-3.13783013916643,Model3,5.22998839995394
2024-08-15,israel_iran,-2.02448620971359,Model3,5.127542710661631
2024-08-16,israel_iran,2.29114301013426,Model3,4.987449485695827
2024-08-19,israel_iran,1.01252662667964,Model3,4.856444100022859
2024-08-20,israel_iran,-0.8112024604757301,Model3,4.7000872195723
2024-08-21,israel_iran,3.5987487774751803,Model3,4.55110793653641
2024-08-22,israel_iran,-1.30521141055434,Model3,4.504039982135382
2024-08-23,israel_iran,5.96666777899252,Model3,4.371470731141223
2024-08-26,israel_iran,-1.9117655105505698,Model3,4.526129408915299
2024-08-27,israel_iran,-5.519287756090789,Model3,4.416474482732243
2024-08-28,israel_iran,-0.80402145092669,Model3,4.55515326160477
2024-08-29,israel_iran,0.6089656742738899,Model3,4.428472795416505
2024-08-30,israel_iran,-0.45347886200276,Model3,4.289248884813493
2024-09-03,israel_iran,-2.89757874613587,Model3,4.156233069318067
2024-09-04,israel_iran,0.9367548966836601,Model3,4.108987335732841
2024-09-05,israel_iran,-3.1738730145491596,Model3,3.9831536760176065
2024-09-06,israel_iran,-4.01788599055401,Model3,3.957446487671956
2024-09-09,israel_iran,5.53593369173196,Model3,3.991531589711694
2024-09-10,israel_iran,1.09739551593939,Model3,4.13105363725537
2024-09-11,israel_iran,-0.5314110423381,Model3,4.007721817652968
2024-09-12,israel_iran,1.35766976294007,Model3,3.8915518920128074
2024-09-13,israel_iran,4.11907229072504,Model3,3.796682184989202
2024-09-16,israel_iran,-4.00645817241411,Model3,3.8421272970381217
2024-09-17,israel_iran,3.57170886607077,Model3,3.890026524790134
2024-09-18,israel_iran,2.19943305683947,Model3,3.8960996034827184
2024-09-19,israel_iran,2.07211190539162,Model3,3.823832944303141
2024-09-20,israel_iran,0.40040116474054,Model3,3.7629570140073354
2024-09-23,israel_iran,0.21628401614281,Model3,3.672150377073032
2024-09-24,israel_iran,1.52342441721866,Model3,3.590519994919606
2024-09-25,israel_iran,-1.81859645588886,Model3,3.530573038365132
2024-09-26,israel_iran,3.1764030655623996,Model3,3.495209600958212
2024-09-27,israel_iran,0.9309629648678199,Model3,3.528110564309378
2024-09-30,israel_iran,-3.8126689371420803,Model3,3.4572056541314873
2024-10-01,israel_iran,-4.01529704172501,Model3,3.5542078750719703
2024-10-02,israel_iran,-0.33625289659382,Model3,3.656606268566745
2024-10-03,israel_iran,0.20860853737759,Model3,3.5723043936258523
2024-10-04,israel_iran,2.13002835593871,Model3,3.482008763965487
2024-10-07,israel_iran,0.27220928069462996,Model3,3.435840516394738
2024-10-08,israel_iran,-0.16835665376192,Model3,3.350959674851197
2024-10-09,israel_iran,-2.52611554684642,Model3,3.281368438922569
2024-10-10,israel_iran,-0.50903669759527,Model3,3.290872759956578
2024-10-11,israel_iran,3.53784793604471,Model3,3.2271778501556434
2024-10-14,israel_iran,5.6065753491188,Model3,3.285952387647117
2024-10-15,israel_iran,1.4952642422039701,Model3,3.5285370940417233
2024-10-16,israel_iran,0.84901085474491,Model3,3.4671885189630767
2024-10-17,israel_iran,-0.31535287872272,Model3,3.4128960017271273
2024-10-18,israel_iran,1.50048970496654,Model3,3.366298354114937
2024-10-21,israel_iran,-1.54795564608912,Model3,3.3408081404558176
2024-10-22,israel_iran,-0.009567799317776519,Model3,3.326929985727069
2024-10-23,israel_iran,-1.3890438213698901,Model3,3.2834763101802653
2024-10-24,israel_iran,2.56915479674531,Model3,3.264609539646093
2024-10-25,israel_iran,-2.25321334727949,Model3,3.2919166372272732
2024-10-28,israel_iran,4.78354048933736,Model3,3.307432386233367
2024-10-29,israel_iran,3.9446590577762097,Model3,3.500704750367766
2024-10-30,israel_iran,-0.52523634181871,Model3,3.598687680355205
2024-10-31,israel_iran,-2.98062208969249,Model3,3.5411418186509094
2024-11-01,israel_iran,-1.04901612367784,Model3,3.5842129824794373
2024-11-04,israel_iran,-2.43425602580447,Model3,3.5414172363920366
2024-11-05,israel_iran,2.25721124909319,Model3,3.5517928357869137
2024-11-06,israel_iran,8.6669031268464,Model3,3.5394550660408726
2024-11-07,israel_iran,0.35076496874788,Model3,4.178850364796013
2024-11-08,israel_iran,0.8404323339316301,Model3,4.084707924308332
2024-11-11,israel_iran,14.739159487814149,Model3,4.0065864048396955
2024-11-12,israel_iran,-0.84420662691067,Model3,5.568401976848755
2024-11-13,israel_iran,2.94448504877614,Model3,5.412508235096894
2024-11-14,israel_iran,-3.74969223188113,Model3,5.317121032562215
2024-11-15,israel_iran,4.28021182914262,Model3,5.276129366093775
2024-11-18,israel_iran,-0.57636972783611,Model3,5.2592212804989655
2024-11-19,israel_iran,1.96975431836517,Model3,5.118434837227833
2024-11-20,israel_iran,2.13814449984325,Model3,5.0091255346499794
2024-11-21,israel_iran,4.32046373822123,Model3,4.91572457754712
2024-11-22,israel_iran,0.49917220950611,Model3,4.924871228015175
2024-11-25,israel_iran,-6.13973994966054,Model3,4.800897501568779
2024-11-26,israel_iran,-1.2069852534281,Model3,4.983530689358264
2024-11-27,israel_iran,4.2328813304956805,Model3,4.868256215675667
2024-11-29,israel_iran,1.54998529040747,Model3,4.873630534778777
2024-12-02,israel_iran,-1.65135386431682,Model3,4.7626370940307305
2024-12-03,israel_iran,0.14266034685602,Model3,4.6673574899124555
2024-12-04,israel_iran,2.84083108720061,Model3,4.554954324056093
2024-12-05,israel_iran,-2.22668653122218,Model3,4.506646427633513
2024-12-06,israel_iran,3.38648017678091,Model3,4.445508406378535
2024-12-09,israel_iran,-2.52149051616495,Model3,4.438328518898525
2024-12-10,israel_iran,-0.78027935539879,Model3,4.388552585645479
2024-12-11,israel_iran,4.5472949570763195,Model3,4.2958831527406
2024-12-12,israel_iran,-1.1232138149604398,Model3,4.37030281777595
2024-12-13,israel_iran,1.4057223472297,Model3,4.281531271896677
2024-12-16,israel_iran,4.40621033461418,Model3,4.207611876632945
2024-12-17,israel_iran,0.10452246330361001,Model3,4.27772059446488
2024-12-18,israel_iran,-5.91791546537701,Model3,4.188374668997754
2024-12-19,israel_iran,-2.58259051251425,Model3,4.4118045570197575
2024-12-20,israel_iran,0.27142735531831,Model3,4.370332678420512
2024-12-23,israel_iran,-3.1905147003256,Model3,4.268472174874558
2024-12-24,israel_iran,4.12739940682794,Model3,4.264621201446431
2024-12-26,israel_iran,-2.96268317340666,Model3,4.305156519131289
2024-12-27,israel_iran,-1.7168804864955498,Model3,4.286206077198604
2024-12-30,israel_iran,-1.62913956534177,Model3,4.221290160116206
2024-12-31,israel_iran,0.84482900528724,Model3,4.152925523475107
2025-01-02,israel_iran,3.6340097150492396,Model3,4.059489223595522
2025-01-03,israel_iran,1.25190387534922,Model3,4.078245484359036
2025-01-06,israel_iran,3.96749692486485,Model3,4.00094870773221
2025-01-07,israel_iran,-5.18242829786952,Model3,4.0562258662344775
2025-01-08,israel_iran,-1.95788576965656,Model3,4.219735344871554
2025-01-10,israel_iran,-0.36055835498765,Model3,4.16562196584181
2025-01-13,israel_iran,-0.19546741777969,Model3,4.0718357591379615
2025-01-14,israel_iran,2.11210930715595,Model3,3.9643948613922464
2025-01-15,israel_iran,4.030666140622699,Model3,3.910090319497569
2025-01-16,israel_iran,-0.74661359209996,Model3,3.9682062862930483
2025-01-17,israel_iran,4.60874538869578,Model3,3.891326084307078
2025-01-21,israel_iran,1.59942645116265,Model3,4.006548416482974
2025-01-22,israel_iran,-2.3768546993042197,Model3,3.9469524868027746
2025-01-23,israel_iran,0.29584026842156996,Model3,3.9276932666523723
2025-01-24,israel_iran,0.8231811162781201,Model3,3.8604377955745175
2025-01-27,israel_iran,-2.6407548872376196,Model3,3.793618498580061
2025-01-28,israel_iran,-0.74251676153959,Model3,3.796704788056049
2025-01-29,israel_iran,2.31261207465303,Model3,3.730938008009498
2025-01-30,israel_iran,0.99031811077267,Model3,3.711655989346094
2025-01-31,israel_iran,-2.2500491172309003,Model3,3.6533032540408197
2025-02-03,israel_iran,-0.98092085137306,Model3,3.6434561725205246
2025-02-04,israel_iran,-3.5467893340619403,Model3,3.5956815599717946
2025-02-05,israel_iran,-1.29200487537533,Model3,3.6422599666204785
2025-02-06,israel_iran,-0.02292695179964,Model3,3.599558609491083
2025-02-07,israel_iran,-0.06649766736617,Model3,3.5221429869940564
2025-02-10,israel_iran,0.93673364658277,Model3,3.4436224226343857
2025-02-11,israel_iran,-1.7497924369383002,Model3,3.3719320639114896
2025-02-12,israel_iran,2.2088315919347403,Model3,3.332638656497106
2025-02-13,israel_iran,-1.2976316589520098,Model3,3.3121103313981384
2025-02-14,israel_iran,0.91185779172292,Model3,3.264205863430537
2025-02-18,israel_iran,-2.04040957800526,Model3,3.209583459042417
2025-02-19,israel_iran,1.14070351899248,Model3,3.2002264328182553
2025-02-20,israel_iran,1.74219113580324,Model3,3.1508214634140908
2025-02-21,israel_iran,-2.27140947042454,Model3,3.119817401928689
2025-02-24,israel_iran,-5.02108413046363,Model3,3.129011917182977
2025-02-25,israel_iran,-2.97766693549972,Model3,3.3733374012043718
2025-02-26,israel_iran,-5.07280862209708,Model3,3.4038540861074327
2025-02-27,israel_iran,0.42259806609508,Model3,3.5864266209108253
2025-02-28,israel_iran,-0.3917962993897,Model3,3.474680253329945
2025-03-03,israel_iran,1.9863093489824801,Model3,3.358642217863977
2025-03-04,israel_iran,1.33482006343723,Model3,3.290056499848703
2025-03-05,israel_iran,3.82554190530362,Model3,3.220806435458771
2025-03-06,israel_iran,-0.73299315153257,Model3,3.2763585364274594
2025-03-07,israel_iran,-3.64383782693103,Model3,3.1830391077096616
2025-03-10,israel_iran,-9.94397561589308,Model3,3.2528798608992546
2025-03-11,israel_iran,5.36729340651247,Model3,4.1660633824106155
2025-03-12,israel_iran,1.03269598158153,Model3,4.26753745487589
2025-03-13,israel_iran,-3.22337677609114,Model3,4.13294161253239
2025-03-14,israel_iran,3.5176581475924404,Model3,4.104005789490585
2025-03-18,us_israel_iran,-1.62741576821944,Model3,4.094135929698311
2025-03-19,us_israel_iran,4.8787879453061,Model3,3.9947813468365374
2025-03-20,us_israel_iran,-3.1425915618310603,Model3,4.08471667889718
2025-03-21,us_israel_iran,-0.147378663629,Model3,4.0545141367281765
2025-03-24,us_israel_iran,4.02949282403856,Model3,3.94679686295863
2025-03-25,us_israel_iran,-0.031103436859009997,Model3,3.9724895703758363
2025-03-26,us_israel_iran,-0.65471570368691,Model3,3.8657736295744476
2025-03-27,us_israel_iran,0.31735085032361,Model3,3.7702657302866127
2025-03-28,us_israel_iran,-3.2929565500329003,Model3,3.675641352759499
2025-03-31,us_israel_iran,-2.16211187962242,Model3,3.69205033195088
2025-04-01,us_israel_iran,3.1248520531568302,Model3,3.6476644849743063
2025-04-02,us_israel_iran,-3.2014458322985195,Model3,3.637708820556185
2025-04-03,us_israel_iran,0.7453656492041,Model3,3.6453242517404845
2025-04-04,us_israel_iran,0.8876865806506,Model3,3.553307456111832
2025-04-07,us_israel_iran,-5.65332397333705,Model3,3.4420078044979774
2025-04-08,us_israel_iran,-3.81170762617496,Model3,3.674267631532314
2025-04-09,us_israel_iran,7.9389009442381,Model3,3.6989437521452215
2025-04-10,us_israel_iran,-3.6351854577404503,Model3,4.156897997442114
2025-04-11,us_israel_iran,4.63638537952745,Model3,4.132108050301702
2025-04-14,us_israel_iran,1.3546780227140298,Model3,4.187194006233428
2025-04-15,us_israel_iran,-1.03846276257749,Model3,4.061053098921454
2025-04-16,us_israel_iran,0.43514532442251,Model3,3.943864963921418
2025-04-17,us_israel_iran,1.02041347801538,Model3,3.826893004116257
2025-04-21,us_israel_iran,3.04308082805725,Model3,3.7154911326008793
2025-04-22,us_israel_iran,6.54849109954958,Model3,3.686899634387109
2025-04-23,us_israel_iran,0.27489316822658,Model3,3.983488791478708
2025-04-24,us_israel_iran,0.26080137382399,Model3,3.8737429398920225
2025-04-25,us_israel_iran,0.8233751969906901,Model3,3.793815301446431
2025-04-28,us_israel_iran,0.27227325309907996,Model3,3.715479708112533
2025-04-29,us_israel_iran,-0.73333094254447,Model3,3.633586364403297
2025-04-30,us_israel_iran,-0.08220669855229,Model3,3.5573857205606005
2025-05-01,us_israel_iran,2.39657788961881,Model3,3.4846130640019077
2025-05-02,us_israel_iran,0.43198534363241003,Model3,3.4676201414553813
2025-05-05,us_israel_iran,-2.25621255413818,Model3,3.394509334152452
2025-05-06,us_israel_iran,2.1451265529472003,Model3,3.3984157762609906
2025-05-07,us_israel_iran,0.23715438242238998,Model3,3.371648509642615
2025-05-08,us_israel_iran,6.20264035337455,Model3,3.309041327488379
2025-05-09,us_israel_iran,-0.26245719962845,Model3,3.651720723148382
2025-05-12,us_israel_iran,-0.15346053954782,Model3,3.58072752487108
2025-05-13,us_israel_iran,1.31110318075239,Model3,3.522825887039091
2025-05-14,us_israel_iran,-0.60700276394064,Model3,3.4803651801213724
2025-05-15,us_israel_iran,0.19801487371228,Model3,3.4300358663369495
2025-05-16,us_israel_iran,-0.24643811186509998,Model3,3.381241752932283
2025-05-19,us_israel_iran,2.02487692965376,Model3,3.3337687806960785
2025-05-20,us_israel_iran,1.11575687100767,Model3,3.3296602637425248
2025-05-21,us_israel_iran,2.6675054496876,Model3,3.29964837905203
2025-05-22,us_israel_iran,1.8027963942364298,Model3,3.3286220947805076
2025-05-23,us_israel_iran,-4.0062562338994505,Model3,3.31399306136881
2025-05-27,us_israel_iran,1.5783798304086698,Model3,3.4512018573809438
2025-05-28,us_israel_iran,-1.0999457493792,Model3,3.429108199849588
2025-05-29,us_israel_iran,-2.02455280092545,Model3,3.3959293290469046
2025-05-30,us_israel_iran,-1.56765748876117,Model3,3.3948430586580733
2025-06-02,us_israel_iran,1.79436873295717,Model3,3.3787244145170754
2025-06-03,us_israel_iran,-0.42501980559301,Model3,3.3504586540725985
2025-06-04,us_israel_iran,-0.66660841880305,Model3,3.2999682711246257
2025-06-05,us_israel_iran,-3.05977318470371,Model3,3.256138898615251
2025-06-06,us_israel_iran,2.7330353064458803,Model3,3.316810987830327
2025-06-09,us_israel_iran,5.50132701602289,Model3,3.3350339260312323
2025-06-10,us_israel_iran,-0.03343184269246,Model3,3.5731335950955296
2025-06-11,us_israel_iran,-1.43473886097261,Model3,3.5047228904146697
2025-06-12,us_israel_iran,-2.56991668453318,Model3,3.4738595421632255
2025-06-13,us_israel_iran,0.15273471943905,Model3,3.495653700004173
2025-07-02,us_israel_iran,2.9467777201357,Model3,3.439264016346728
2025-07-03,us_israel_iran,0.72186117892431,Model3,3.46418356528852
2025-07-07,us_israel_iran,-1.23712376992855,Model3,3.407553428559904
2025-07-08,us_israel_iran,0.59877877476887,Model3,3.3791987362873606
2025-07-09,us_israel_iran,2.15762452748819,Model3,3.3367658514286274
2025-07-10,us_israel_iran,4.1012050718426405,Model3,3.3328266999388534
2025-07-11,us_israel_iran,1.3103070357299,Model3,3.456716007274955
2025-07-14,us_israel_iran,1.9655546332406602,Model3,3.420438514056878
2025-07-15,us_israel_iran,-1.74438858577922,Model3,3.407883669472129
2025-07-16,us_israel_iran,0.8129063950949801,Model3,3.397985848808626
2025-07-17,us_israel_iran,0.46325315439855,Model3,3.3570163772342627
2025-07-18,us_israel_iran,-1.0844225617985699,Model3,3.3116422642010335
2025-07-21,us_israel_iran,-0.47883278598608,Model3,3.2874557213074294
2025-07-22,us_israel_iran,2.15298859239866,Model3,3.2519285130167557
2025-07-23,us_israel_iran,-1.0391307548022999,Model3,3.2605397379544736
2025-07-24,us_israel_iran,-0.32638027078904996,Model3,3.2370644381831486
2025-07-25,us_israel_iran,-0.62043007703418,Model3,3.204901994387325
2025-07-28,us_israel_iran,0.24502755485274003,Model3,3.175596710770357
2025-07-29,us_israel_iran,-0.001974270354787984,Model3,3.1414797713726794
2025-07-30,us_israel_iran,-0.07716619716275,Model3,3.114726922005456
2025-07-31,us_israel_iran,-1.7749425967369,Model3,3.087999933645839
2025-08-01,us_israel_iran,-2.1287126462378603,Model3,3.1044751996190394
2025-08-04,us_israel_iran,1.53405677011336,Model3,3.1323772078925423
2025-08-05,us_israel_iran,-0.81185733668208,Model3,3.1181880775423156
2025-08-06,us_israel_iran,0.77371493304794,Model3,3.0890055838476136
2025-08-07,us_israel_iran,2.12363599711319,Model3,3.053441224477139
2025-08-08,us_israel_iran,-0.69020041967335,Model3,3.0570651452924764
2025-08-11,us_israel_iran,1.7354247943951102,Model3,3.028615681408303
2025-08-12,us_israel_iran,1.20674104129617,Model3,3.0406832608294168
2025-08-13,us_israel_iran,2.60461153103014,Model3,3.0304695122342795
2025-08-14,us_israel_iran,-4.12504432416683,Model3,3.0791619315065915
2025-08-15,us_israel_iran,-0.81543970979062,Model3,3.259791787386217
2025-08-18,us_israel_iran,-0.9809929347405001,Model3,3.2346637432761964
2025-08-19,us_israel_iran,-2.98702202052192,Model3,3.198424331419566
2025-08-20,us_israel_iran,1.27128516068693,Model3,3.258674064702498
2025-08-21,us_israel_iran,-1.63723278465066,Model3,3.2187072755510364
2025-08-22,us_israel_iran,3.8863926424778197,Model3,3.185913674222594
2025-08-25,us_israel_iran,-5.94869706788776,Model3,3.2914698534026607
2025-08-26,us_israel_iran,1.5125123339528,Model3,3.6155656293654013
2025-08-27,us_israel_iran,-0.5206553469269299,Model3,3.551109415513065
2025-08-28,us_israel_iran,1.18226403333176,Model3,3.474390082883594
2025-08-29,us_israel_iran,-3.7423359714663,Model3,3.413931645070275
2025-09-02,us_israel_iran,2.54076044920335,Model3,3.497144137133
2025-09-03,us_israel_iran,0.46888305764053995,Model3,3.4835406976039867
2025-09-04,us_israel_iran,-0.89874616977683,Model3,3.4084806601312927
2025-09-05,us_israel_iran,-0.06560571512495,Model3,3.353703540282341
2025-09-08,us_israel_iran,1.27554703242368,Model3,3.287464745717081
2025-09-09,us_israel_iran,-0.48379166926996003,Model3,3.2372443292252826
2025-09-10,us_israel_iran,2.15082708918205,Model3,3.1814263869527513
2025-09-11,us_israel_iran,1.35290138245721,Model3,3.170437008973584
2025-09-12,us_israel_iran,0.51296803193492,Model3,3.1311230575762727
2025-09-15,us_israel_iran,-0.5672338115693301,Model3,3.083519184875379
2025-09-16,us_israel_iran,1.20396147406812,Model3,3.0450616913315995
2025-09-17,us_israel_iran,-0.32118407874519,Model3,3.013647414752549
2025-09-18,us_israel_iran,0.57250067751224,Model3,2.970542002658737
2025-09-19,us_israel_iran,-1.24415833621796,Model3,2.932100494393467
2025-09-22,us_israel_iran,-2.57445968535917,Model3,2.9145947722203314
2025-09-23,us_israel_iran,-0.65314166152441,Model3,2.965291026600673
2025-09-24,us_israel_iran,1.16635256971231,Model3,2.92106402192495
2025-09-25,us_israel_iran,-3.8491879643615503,Model3,2.884863881561124
2025-09-26,us_israel_iran,0.60663254305588,Model3,3.0299354543838297
2025-09-29,us_israel_iran,4.1838126518113,Model3,2.9775911907075976
2025-09-30,us_israel_iran,-0.30141158842399,Model3,3.1074657767739127
2025-10-01,us_israel_iran,3.9478652767795,Model3,3.055702544207949
2025-10-02,us_israel_iran,1.6983874858595,Model3,3.179798998166086
2025-10-03,us_israel_iran,1.30505072164265,Model3,3.1503764861272843
2025-10-06,us_israel_iran,2.01286808451518,Model3,3.1271291978278266
2025-10-07,us_israel_iran,-2.68179837651983,Model3,3.1303342936198626
2025-10-08,us_israel_iran,1.55512593053872,Model3,3.1881268153264006
2025-10-09,us_israel_iran,-1.34604023670505,Model3,3.176821974065789
2025-10-10,us_israel_iran,-7.23218218469904,Model3,3.1543307771195717
2025-10-13,us_israel_iran,1.80034792767815,Model3,3.691153000615925
2025-10-14,us_israel_iran,-1.88491634455942,Model3,3.6459721022096447
2025-10-15,us_israel_iran,-2.0862578290898397,Model3,3.587441160948745
2025-10-16,us_israel_iran,-2.37224847831796,Model3,3.5412113042903317
2025-10-17,us_israel_iran,-1.60098398053488,Model3,3.5056720479328387
2025-10-20,us_israel_iran,3.79775015523134,Model3,3.4345847715921582
2025-10-21,us_israel_iran,-1.9282830173496,Model3,3.4777012835417938
2025-10-22,us_israel_iran,-0.72935622708187,Model3,3.4235165344543486
2025-10-23,us_israel_iran,2.1870444424777697,Model3,3.340725385432665
2025-10-24,us_israel_iran,0.8721714285261899,Model3,3.2943198774427827
2025-10-27,us_israel_iran,2.74088817820397,Model3,3.2110450219864877
2025-10-28,us_israel_iran,-1.02448240868119,Model3,3.209204412038938
2025-10-29,us_israel_iran,-2.60168054657663,Model3,3.1649657057964435
2025-10-30,us_israel_iran,-1.60266389546195,Model3,3.1914429456493707
2025-10-31,us_israel_iran,1.14809611962851,Model3,3.166836953999752
2025-11-03,us_israel_iran,-2.78462164951971,Model3,3.103778690987969
2025-11-04,us_israel_iran,-4.76408575376077,Model3,3.1233335097387007
2025-11-05,us_israel_iran,2.24000613217487,Model3,3.3268328032235464
2025-11-06,us_israel_iran,-2.52511824918507,Model3,3.279134499377668
2025-11-07,us_israel_iran,2.0238925968734,Model3,3.261177211552488
2025-11-10,us_israel_iran,2.50688968219421,Model3,3.213820550873026
2025-11-11,us_israel_iran,-2.87025464768418,Model3,3.1907980249215107
2025-11-12,us_israel_iran,-1.30391466426769,Model3,3.208902019523156
2025-11-13,us_israel_iran,-1.95247429765854,Model3,3.1440879404048596
2025-11-14,us_israel_iran,-5.46228711365914,Model3,3.105739819594776
2025-11-17,us_israel_iran,-2.47092146795188,Model3,3.361662162186645
2025-11-18,us_israel_iran,0.9241173563305499,Model3,3.3260121014037463
2025-11-19,us_israel_iran,-1.60823776998089,Model3,3.2237793954118326
2025-11-20,us_israel_iran,-5.42991431316111,Model3,3.1490947527681934
2025-11-21,us_israel_iran,-1.7950490472289498,Model3,3.3918924005580795
2025-11-24,us_israel_iran,3.6689071996159104,Model3,3.3156119047896446
2025-11-25,us_israel_iran,-1.05764769567544,Model3,3.349740604328882
2025-11-26,us_israel_iran,3.5722587913336303,Model3,3.2618465512853536
2025-11-28,us_israel_iran,0.44191393340757,Model3,3.3011345549048468
2025-12-01,us_israel_iran,-5.18924092541553,Model3,3.1987260466988596
2025-12-02,us_israel_iran,5.66209938703037,Model3,3.4213959387418313
2025-12-03,us_israel_iran,2.3558262011831603,Model3,3.645113326483238
2025-12-04,us_israel_iran,-1.49319728659321,Model3,3.5859532137463073
2025-12-05,us_israel_iran,-3.03430599756753,Model3,3.5088008171589893
2025-12-08,us_israel_iran,1.3914122143271301,Model3,3.5101920312959383
2025-12-09,us_israel_iran,2.23811926981977,Model3,3.428089752187111
2025-12-10,us_israel_iran,-0.72628328466358,Model3,3.3734158514164716
2025-12-11,us_israel_iran,0.53149701081481,Model3,3.2816138003302204
2025-12-12,us_israel_iran,-2.4521421452147503,Model3,3.193914177996146
2025-12-15,us_israel_iran,-4.3593166975371505,Model3,3.186321216907901
2025-12-16,us_israel_iran,1.6345736935078101,Model3,3.3280706759886685
2025-12-17,us_israel_iran,-1.9544833040854401,Model3,3.250723357797346
2025-12-18,us_israel_iran,-0.7939728497768099,Model3,3.192301095358291
2025-12-19,us_israel_iran,3.04331549684077,Model3,3.103755230221972
2025-12-22,us_israel_iran,0.43787982301882,Model3,3.1155566315702816
2025-12-23,us_israel_iran,-1.22342749529535,Model3,3.0242518108083574
2025-12-24,us_israel_iran,0.22620761040624002,Model3,2.9682023888568994
2025-12-26,us_israel_iran,-0.35506895743035,Model3,2.893041661534134
2025-12-29,us_israel_iran,-0.18721567577939,Model3,2.8241599369960975
2025-12-30,us_israel_iran,1.47180978087909,Model3,2.7519169756558086
2025-12-31,us_israel_iran,-1.0473099349299801,Model3,2.713185231364803
2026-01-02,us_israel_iran,2.74553037907449,Model3,2.6671282588040044
2026-01-05,us_israel_iran,4.28495979561197,Model3,2.699691961642806
2026-01-06,us_israel_iran,-0.16366097114998002,Model3,2.874731592891711
2026-01-07,us_israel_iran,-2.61689672501516,Model3,2.806995230007192
2026-01-08,us_israel_iran,-0.30814668927555,Model3,2.859944414865049
2026-01-09,us_israel_iran,-0.56629301495069,Model3,2.8141493752881046
2026-01-12,us_israel_iran,0.74834452042758,Model3,2.7573265747953215
2026-01-13,us_israel_iran,4.42802850314782,Model3,2.702020086992855
2026-01-14,us_israel_iran,1.6723797821879,Model3,2.8903201803970067
2026-01-15,us_israel_iran,-1.4320038274756202,Model3,2.8517347527242856
2026-01-16,us_israel_iran,-0.02728785518896,Model3,2.841676062311607
2026-01-20,us_israel_iran,-7.8525606532534304,Model3,2.8189309593610257
2026-01-21,us_israel_iran,1.19993277601487,Model3,3.509837095860643
2026-01-22,us_israel_iran,0.09560777691027,Model3,3.426914025484344
2026-01-23,us_israel_iran,0.04629013309221,Model3,3.3272567351680404
2026-01-26,us_israel_iran,-1.39140154340393,Model3,3.227915179222321
2026-01-27,us_israel_iran,0.9420276564581,Model3,3.1633187103535385
2026-01-28,us_israel_iran,0.09198645005418,Model3,3.080292024896511
2026-01-29,us_israel_iran,-5.3227949504083005,Model3,3.003530885639114
2026-01-30,us_israel_iran,-0.513284742955,Model3,3.274360730154565
2026-02-02,us_israel_iran,-6.684685326137569,Model3,3.1878109448756953
2026-02-03,us_israel_iran,-3.9600469374976903,Model3,3.590502409576427
2026-02-04,us_israel_iran,-3.5170615941758903,Model3,3.6396704688805803
2026-02-05,us_israel_iran,-15.23344080304475,Model3,3.6534893383865987
2026-02-06,us_israel_iran,11.8003181433477,Model3,5.43521193568496
2026-02-09,us_israel_iran,-0.6178882349973001,Model3,6.112971844069762
2026-02-10,us_israel_iran,-1.91032375898973,Model3,5.887095400635343
2026-02-11,us_israel_iran,-2.65432212123745,Model3,5.695995763789434
2026-02-12,us_israel_iran,-1.1562368274835,Model3,5.533742337202559
2026-02-13,us_israel_iran,3.9033769357155697,Model3,5.33936467333161
2026-02-17,us_israel_iran,-2.00021978230666,Model3,5.239902928595169
2026-02-18,us_israel_iran,-1.59636322602148,Model3,5.0772174047938
2026-02-19,us_israel_iran,0.79801259947047,Model3,4.911850348097888
2026-02-20,us_israel_iran,1.55289956566322,Model3,4.734253111359475
2026-02-23,us_israel_iran,-5.11139517062892,Model3,4.578267116528782
2026-02-24,us_israel_iran,-0.8340510438744699,Model3,4.627544062480827
2026-02-25,us_israel_iran,5.87881628108732,Model3,4.4627420530255275
2026-02-26,us_israel_iran,-0.7478610812400399,Model3,4.574850818437972
2026-02-27,us_israel_iran,-2.3580345399758498,Model3,4.41618316344381
2026-03-02,us_israel_iran,4.29905086879988,Model3,4.308960762842045
2026-03-03,us_israel_iran,-0.70359214012543,Model3,4.308259135643298
2026-03-04,us_israel_iran,6.26701105436228,Model3,4.157927653020743
2026-03-05,us_israel_iran,-2.6047184090688,Model3,4.34431321517016
2026-03-06,us_israel_iran,-3.8926762229853704,Model3,4.249599884459954
2026-03-09,us_israel_iran,0.38947290448369,Model3,4.242779710640792
2026-03-10,us_israel_iran,2.20430630536829,Model3,4.096631601508862
2026-03-11,us_israel_iran,0.39671408310243,Model3,3.9881109169458537
2026-03-12,us_israel_iran,0.41020885103587995,Model3,3.8490812929081333
2026-03-13,us_israel_iran,0.6712861238543301,Model3,3.71681659027215
2026-03-16,us_israel_iran,5.3401394520661,Model3,3.5957268407522824
2026-03-17,us_israel_iran,-1.2617278563279,Model3,3.75209099984355
2026-03-18,us_israel_iran,-3.68841742334174,Model3,3.6513301670171154
2026-03-19,us_israel_iran,-1.8884161047627301,Model3,3.6847030501800084
2026-03-20,us_israel_iran,0.8684431647448599,Model3,3.6107719984707742
2026-03-23,us_israel_iran,0.55469673175943,Model3,3.502553511514652
2026-03-24,us_israel_iran,-0.56139915316955,Model3,3.383118837062133
2026-03-25,us_israel_iran,1.11689244808132,Model3,3.2677363085154663
2026-03-26,us_israel_iran,-3.59529188074161,Model3,3.168692405390369
2026-03-27,us_israel_iran,-3.63134696852071,Model3,3.221834499012467
2026-03-30,us_israel_iran,0.53081503183698,Model3,3.2670732247043377
2026-03-31,us_israel_iran,2.28562101625793,Model3,3.1579210231249992
2026-04-01,us_israel_iran,-0.22706442540199,Model3,3.1050072980109236
2026-04-02,us_israel_iran,-1.76341492288758,Model3,3.0028043264797106
2026-04-06,us_israel_iran,2.90448567095468,Model3,2.943541560550812
2026-04-07,us_israel_iran,4.37692500886501,Model3,2.9478821654189904
2026-04-08,us_israel_iran,-1.14263865929017,Model3,3.0781714474126916
2026-04-09,us_israel_iran,0.90204739879136,Model3,2.9963312646471216
2026-04-10,us_israel_iran,1.6736071453528198,Model3,2.9159278033628575
2026-04-13,us_israel_iran,2.04205671849147,Model3,2.859559307728704
2026-04-14,us_israel_iran,-0.40766706589971,Model3,2.8258635502950593
2026-04-15,us_israel_iran,0.83695046837294,Model3,2.743151542819724
2026-04-16,us_israel_iran,0.46287244870706,Model3,2.6806584393767054
2026-04-17,us_israel_iran,2.5937296578403,Model3,2.618705313375323
2026-04-20,us_israel_iran,-1.63971842991681,Model3,2.64580004301057
2026-04-21,us_israel_iran,0.63097475019448,Model3,2.622539521705914
2026-04-22,us_israel_iran,2.39449523733436,Model3,2.5733152808308297
2026-04-23,us_israel_iran,0.08417038623198,Model3,2.603802064644634
2026-04-24,us_israel_iran,-1.04498554007011,Model3,2.5558696311872913
2026-04-27,us_israel_iran,-0.11456710997516,Model3,2.5494595801564297
2026-04-28,us_israel_iran,-1.32186544907372,Model3,2.516095267161313
2026-04-29,us_israel_iran,-0.75534590417408,Model3,2.524814065697277
2026-04-30,us_israel_iran,0.69461868751349,Model3,2.4938853030792485
