date,N,mean_tone,sum_tone_x_polarity,sum_polarity,mean_pos,mean_neg,relative_N,coverage_scaled,F1_raw,F2_raw,F3_raw,F4_raw,F5_raw,F1_z,F2_z,F3_z,F4_z,F5_z,event_name,event_date
2021-01-29,2628,-2.7313069881372773,-69943.50358123328,19813.778051610232,2.404091188505606,5.135398176642884,0.5588795673817656,0.4439673371762304,2.7313069881372773,3.5300437604098978,1.212611090534137,0.6811334200405418,3.5300437604098978,-0.26464335914614356,0.28477289627994545,-0.5511228864168023,-0.43723676362359853,0.5267509400735589,russia_ukraine_war,2022-02-24
2021-01-30,1866,-2.737214610677953,-44839.926448331345,13645.92398724206,2.287856785561897,5.02507139623985,0.3968300124560025,0.33420539245312525,2.737214610677953,3.2859575130459024,0.9147918831900537,0.6871490149109849,3.4015773144288475,-0.2528255684997187,-0.13302192407357571,-0.8256115016094677,-0.21670221005501739,0.08985242587589976,russia_ukraine_war,2022-02-24
2021-01-31,2620,-5.52220394508393,-163123.23672195798,25129.18555885046,2.0345441264753,7.55674807155923,0.557178259718503,0.44287537552037354,5.52220394508393,6.491385737111812,2.445648145879134,0.7878759103082874,4.541728023905956,5.318353138319336,5.353609639533589,0.5853203833816397,3.475993423079761,3.9673641537665705,russia_ukraine_war,2022-02-24
2021-02-01,2728,-3.361888313775027,-96783.86658193824,21617.206886169435,2.281153879433864,5.643042193208891,0.5801459131725482,0.45751719288407433,3.361888313775027,4.477167984355093,1.5381217041081243,0.7121280368983741,4.522955113306694,0.996791006475972,1.9059359043110995,-0.2511121572659119,0.6990405520839612,3.90351980370809,russia_ukraine_war,2022-02-24
2021-02-02,3918,-3.3776746698970177,-136061.10234750577,30701.597137831995,2.2291816974445484,5.606856367341567,0.8332154280828606,0.6060714895474099,3.3776746698970177,4.4317271748655935,2.0471123183910414,0.7155218390959419,4.500677772474699,1.0283705209820329,1.8281562873010817,0.21800509714665053,0.8234589460516307,3.8277573193064485,russia_ukraine_war,2022-02-24
2021-02-03,3208,-2.9435347883868928,-95940.95982750092,25857.272483701377,2.558356122592927,5.501890910979821,0.6822243729683044,0.5201169491871102,2.9435347883868928,3.710405259795882,1.5309823339619166,0.6825958172327974,4.332017579696668,0.1599036892531981,0.5934920521047578,-0.25769224268839547,-0.3836245907828634,3.254164837111667,russia_ukraine_war,2022-02-24
2021-02-04,3498,-2.9520417920298567,-104602.73996161214,27880.370872964995,2.5091664786227215,5.461208270652579,0.7438967757615739,0.5561221355249899,2.9520417920298567,3.751841768469558,1.641695785542662,0.6851883935757392,4.22080953603599,0.17692136216454585,0.6644176322402868,-0.15565187303390032,-0.2885795156578109,2.8759600173928623,russia_ukraine_war,2022-02-24
2021-02-05,3625,-3.5513499396923867,-126690.84999093242,29127.070471668238,2.2418519917632187,5.793201931455604,0.7709050349158677,0.5714907350681464,3.5513499396923867,4.349591220104473,2.0295635875190197,0.7209910458366734,4.243421348091356,1.375795896379886,1.68756673408134,0.20183110058542536,1.023962652321439,2.9528599971102394,russia_ukraine_war,2022-02-24
2021-02-06,1801,-2.778215997668534,-48171.14058433843,13201.461257866444,2.2759284414395933,5.054144439108128,0.38300688769199387,0.3242600329247345,2.778215997668534,3.648924891222505,0.9008644108760229,0.6895080746769423,4.14637330025535,-0.17080512722549943,0.488258021835623,-0.8384479221436064,-0.1302179631049406,2.622811574103435,russia_ukraine_war,2022-02-24
2021-02-07,1741,-2.4143828246506023,-39040.33399173175,12517.01242859742,2.3875852759565537,4.801968100607156,0.37024708021752434,0.3149910741025733,2.4143828246506023,3.1189818029210326,0.7605090392314982,0.667909096587344,3.9886337810089656,-0.8986282471600886,-0.4188290417150264,-0.9678081200338883,-0.9220467170542996,2.086358953633464,russia_ukraine_war,2022-02-24
2021-02-08,2828,-3.6315811991869675,-101993.53323071019,23637.066780158708,2.3633230461205734,5.9949042453075405,0.6014122589633307,0.47088590178091794,3.6315811991869675,4.3149826575066,1.7100603878697826,0.717245898715352,4.0361933723751475,1.5362929866184099,1.6283283363861625,-0.0926428240598082,0.886663787248695,2.2481032491578974,russia_ukraine_war,2022-02-24
2021-02-09,3434,-4.390496353499061,-165016.58996348616,30350.722151526483,2.223901816192589,6.61439816969165,0.730286314455473,0.54828689450137,4.390496353499061,5.436990564495899,2.407251610979589,0.748379007304073,4.231407259141218,3.054450307995603,3.548834292777754,0.5499317602409023,2.028018275322787,2.9120015646092865,russia_ukraine_war,2022-02-24
2021-02-10,3474,-3.6543186609459783,-132933.61930149831,29388.736241197,2.4026530243337167,6.056971685279694,0.7387928527717861,0.553191109686846,3.6543186609459783,4.523284642473077,2.021536595198055,0.7159858614527695,4.270542701949491,1.5817777075952435,1.984872350349271,0.1944329276267614,0.8404702251541553,3.04509637146589,russia_ukraine_war,2022-02-24
2021-02-11,2854,-2.6842938433780126,-79337.25548948922,23125.468733071608,2.7092666615400773,5.3935605049180895,0.6069415088689342,0.4743326883760579,2.6842938433780126,3.430730698056271,1.2732483151207936,0.6656393372482204,4.16165044621664,-0.35868990639415427,0.11478182348133932,-0.49523586705915473,-1.0052571681139564,2.6747672604361377,russia_ukraine_war,2022-02-24
2021-02-12,2579,-4.236405776546411,-113716.80380444246,21866.86626857042,2.1212050738381594,6.357610850384568,0.5484590579442822,0.43726028026516783,4.236405776546411,5.200416118513029,1.8524119771696594,0.7498229596212617,4.292459421443976,2.746202757229606,3.143897188671878,0.038557211578774675,2.0809542503184,3.1196324272437512,russia_ukraine_war,2022-02-24
2021-02-13,3290,-5.465967300467639,-196276.04988528162,31338.163311282337,2.029655150872919,7.495622451340558,0.6996627765167461,0.5304298646300282,5.465967300467639,6.263163796029441,2.8993122952592105,0.7869190552093444,4.534353279078039,5.205855616997209,4.9629692576809825,1.0034453432739208,3.4409146625215916,3.9422835575587554,russia_ukraine_war,2022-02-24
2021-02-14,2210,-4.167167371857488,-95106.20694830714,19437.93977513698,2.3141402450977226,6.481307616955211,0.4699862419762945,0.3852530415470477,4.167167371857488,4.892813129813132,1.6054139046437144,0.7368934156176576,4.577373889523913,2.6076961133686796,2.6173827422744496,-0.18909150015986778,1.6069510509523333,4.088591339642576,russia_ukraine_war,2022-02-24
2021-02-15,1881,-2.6054804363612507,-44697.19010002693,13859.824722862024,2.381423716657765,4.986904153019016,0.4000199643246199,0.3364864967514081,2.6054804363612507,3.22494627412554,0.8767089843855275,0.6768026940741674,4.418247041810582,-0.5163506807314827,-0.23745295974051403,-0.8607110583123356,-0.5960032261583152,3.547420586423743,russia_ukraine_war,2022-02-24
2021-02-16,2548,-2.572129814831228,-61381.33221754861,18040.297117928003,2.2540247939046374,4.826154608735865,0.5418664907491395,0.43299368951796346,2.572129814831228,3.402456834070064,1.1137159784429296,0.6816429830769521,4.300803083794958,-0.5830662944079255,0.0663863319188773,-0.6422707428942943,-0.4185559416649993,3.1480081922637373,russia_ukraine_war,2022-02-24
2021-02-17,3180,-3.4869884261744586,-107525.45993531152,25038.086100542263,2.1933117775640705,5.680300203738528,0.6762697961468853,0.5165709653259016,3.4869884261744586,4.294476003618455,1.8012769773891866,0.721435119895099,4.300082806925091,1.247045136289019,1.5932277362098946,-0.008571969251402219,1.0402426173681987,3.145558619600209,russia_ukraine_war,2022-02-24
2021-02-18,2662,-3.165174756004737,-81983.07539013564,20615.205131902065,2.289539806802677,5.454714562807414,0.5661101249506317,0.448594917542229,3.165174756004737,3.9768255938072956,1.41988130867669,0.7043563269580527,4.263785467416071,0.6032791280449497,1.0495154323193476,-0.36008982425805525,0.4141259893406375,3.0221158514928224,russia_ukraine_war,2022-02-24
2021-02-19,3964,-2.197345955083464,-74741.19117667685,28682.88098645994,2.519248438510228,4.7165943935936925,0.8429979471466206,0.6113935648219658,2.197345955083464,2.605776986348032,1.3434431766256063,0.6518375955689848,4.079873504328007,-1.3327955063984473,-1.2972657273548027,-0.43053993794187595,-1.511235546853232,2.396653982420784,russia_ukraine_war,2022-02-24
2021-02-20,3310,-3.668593138078405,-129784.95358510676,27641.498789502584,2.341156420311641,6.0097495583900455,0.7039160456749026,0.5329291582232408,3.668593138078405,4.695293644293819,1.955100252939682,0.7196524034299306,4.147400383872773,1.6103328126610639,2.279294796476344,0.1332010824828787,0.9748873884585921,2.626304558617656,russia_ukraine_war,2022-02-24
2021-02-21,1957,-2.3047982713520505,-39226.84226480663,14023.265738134589,2.430448523530563,4.735246794882613,0.4161823871256147,0.34796479144418685,2.3047982713520505,2.797268695988121,0.8019886498119386,0.6608216766787149,4.000684185824213,-1.1178445731943816,-0.9694953376164462,-0.9295779435167579,-1.1818748835390958,2.1273408919057992,russia_ukraine_war,2022-02-24
2021-02-22,2733,-2.783973749532476,-69878.08120874409,20747.968483838962,2.403836118984029,5.1878098685165055,0.5812092304620873,0.4581898900543229,2.783973749532476,3.3679481084219702,1.2755886262124063,0.6833577167663129,3.9325168594402498,-0.159287142511068,0.007318822018272346,-0.4930788915021195,-0.35569299347508687,1.8955122351188485,russia_ukraine_war,2022-02-24
2021-02-23,2520,-2.3253430329626354,-54062.429138701766,19062.418277056524,2.6195543321410084,4.944897365103644,0.5359119139277204,0.429124285377731,2.3253430329626354,2.836074015004233,0.9978611672781765,0.6537020213778112,3.8152990353964067,-1.076746197337952,-0.9030734827918259,-0.7490497077690479,-1.4428848147533186,1.4968688946640822,russia_ukraine_war,2022-02-24
2021-02-24,3087,-2.724929305834189,-78285.79811668418,23233.99049592742,2.4007343260151086,5.125663631849298,0.6564920945614575,0.5047021703718151,2.724929305834189,3.3694512412926456,1.3752777347642786,0.6810247957315946,3.7679615963553985,-0.2774014718638,0.00989168769363661,-0.4011992387415758,-0.44121898217326666,1.3358801117566028,russia_ukraine_war,2022-02-24
2021-02-25,2471,-3.1510722816876457,-74615.97540313497,19540.92439200523,2.3785157393676757,5.529588021055322,0.525491404490237,0.4223165906062628,3.1510722816876457,3.8184465538213015,1.3307501027562239,0.6992305853052627,3.7732888950164583,0.5750681027249553,0.7784229669579742,-0.4422386604655702,0.22621387566755405,1.353997596457997,russia_ukraine_war,2022-02-24
2021-02-26,2335,-3.258898020734507,-71110.0555879677,18153.468230155697,2.2578032873106264,5.516701308045133,0.4965691742147727,0.4031752712415003,3.258898020734507,3.917160880026384,1.3139070934580233,0.7095887899198919,3.7898139457928153,0.7907660423915824,0.9473892017563997,-0.4577622203432878,0.6059505566869331,1.4101972529215707,russia_ukraine_war,2022-02-24
2021-02-27,1590,-3.0919568146807483,-44343.59183068039,12314.424885954206,2.3264822486200685,5.418439063300817,0.33813489807344266,0.29127677730666585,3.0919568146807483,3.6009470390499962,0.9006152165515923,0.6996118934043686,3.7726667831341136,0.4568116961514134,0.40613582795605935,-0.8386775950570388,0.24019281095483025,1.351881870791381,russia_ukraine_war,2022-02-24
2021-02-28,1396,-2.0422447200207396,-24713.33627341469,9755.333960110667,2.472908427994884,4.515153148015624,0.2968781872393245,0.2599599820642286,2.0422447200207396,2.53331524830077,0.530901900787357,0.6461238354733173,3.6268732060064344,-1.6430648088721298,-1.4212962254140113,-1.1794282705001002,-1.7207046947985594,0.8560559238663709,russia_ukraine_war,2022-02-24
2021-03-01,2941,-3.3537062524329895,-97445.6063390353,24091.92990591521,2.419020710219277,5.772726962652266,0.625443229706915,0.48578053533306004,3.3537062524329895,4.044740571618125,1.6291652186567283,0.7047002902408356,3.666271864434646,0.9804233581824935,1.1657633826246971,-0.16720081906317777,0.4267358459959134,0.9900458945331541,russia_ukraine_war,2022-02-24
2021-03-02,2958,-4.0738147353731975,-122957.53356359545,25341.36474086074,2.2466228454406387,6.320437580813837,0.629058508491348,0.48800224578973855,4.0738147353731975,4.852048609889473,1.9880307397934498,0.7377603596029656,3.7871707619142647,2.420950615214867,2.5476073843334315,0.16355185742019773,1.63873362755307,1.4012081110450973,russia_ukraine_war,2022-02-24
2021-03-03,2867,-3.981392336653298,-112824.76090506939,23756.56772243071,2.152409468651152,6.133801805304451,0.6097061338217359,0.47605163675998974,3.981392336653298,4.749202924568156,1.8953483384474827,0.7402420240699882,3.889110732868974,2.236065993424648,2.3715696309286787,0.07813001970509997,1.729712620841147,1.7478933603127125,russia_ukraine_war,2022-02-24
2021-03-04,2730,-3.2856784835974073,-89646.96762147687,21315.903055525934,2.2611723068324183,5.546850790429826,0.5805712400883638,0.45778632605718605,3.2856784835974073,4.205637799531876,1.5041386816112035,0.7104039936017529,3.923269525751546,0.8443385076851965,1.4411661517588368,-0.2824330141993065,0.6358363092880593,1.8640631955036286,russia_ukraine_war,2022-02-24
2021-03-05,2236,-2.7848937570895225,-59060.04615327835,16836.547463626073,2.372434039081821,5.1573277961713435,0.47551549188189796,0.3890074147573943,2.7848937570895225,3.5078478102991455,1.083344320819402,0.6849257531659956,3.8770788306129615,-0.15744673097030978,0.2467807804223547,-0.6702631424327032,-0.2982080373184828,1.7069743469588385,russia_ukraine_war,2022-02-24
2021-03-06,1247,-2.9770159379306724,-34577.75150029339,9488.219260787195,2.3159103392893536,5.292926277220025,0.2651913320110585,0.23522336134389182,2.9770159379306724,3.644282509700838,0.7002636956943916,0.695628851556048,3.853773560993993,0.22688041520102492,0.48031180210876945,-1.02333395756055,0.09417261265652904,1.6277160037257334,russia_ukraine_war,2022-02-24
2021-03-07,1854,-2.8279702833677813,-45955.33578087368,13979.69598023572,2.3561594053052453,5.1841296886730275,0.39427805096110863,0.3323767551176737,2.8279702833677813,3.2872915008913375,0.9399515863549913,0.6875239959716013,3.79805484441351,-0.07127511695357061,-0.13073857866490882,-0.8024227618972456,-0.20295522699170834,1.4382235311885516,russia_ukraine_war,2022-02-24
2021-03-08,2076,-2.4072457110721217,-42823.918832361494,14920.273433448434,2.3898919405738703,4.797137651645992,0.4414893386166459,0.365676842034731,2.4072457110721217,2.8701832458618592,0.8802740096265039,0.6674715318883635,3.697288787338069,-0.9129055496636765,-0.8446897756700258,-0.8574253103908056,-0.9380880459046123,1.095530618018753,russia_ukraine_war,2022-02-24
2021-03-09,2252,-2.4940752367120744,-49993.93244191397,15816.73274085745,2.2646703614080503,4.758745598120124,0.4789181072084232,0.39131081181596633,2.4940752367120744,3.160825516939456,0.9759586056079003,0.6775542877628185,3.631072350686823,-0.7392090839744522,-0.3472064608853039,-0.7692364642769992,-0.568449445998346,0.8703366962326704,russia_ukraine_war,2022-02-24
2021-03-10,2836,-2.689389744945446,-70119.62272882291,21377.277218130137,2.4242186003993043,5.11360834534475,0.6031135666265933,0.47194771742273434,2.689389744945446,3.2801007356238165,1.2692513513871129,0.6783929084803351,3.589109712534627,-0.34849590746073056,-0.1430467874050273,-0.4989197162306616,-0.537705213792884,0.7276269472355442,russia_ukraine_war,2022-02-24
2021-03-11,2229,-1.9917921485847117,-44935.6006914108,16368.192600251408,2.675748744068211,4.667540892652922,0.4740268476765432,0.38799800776445975,1.9917921485847117,2.7453000944478507,0.7728113855317609,0.6356198820365521,3.5009434637900987,-1.7439916915054592,-1.0584483727793097,-0.9564695162222198,-2.1057845965824957,0.42778442583079107,russia_ukraine_war,2022-02-24
2021-03-12,2271,-2.120846478079616,-45577.46740263261,15442.478756263385,2.339506033585332,4.460352511664947,0.48295871290867187,0.3940392225178582,2.120846478079616,2.9514346836414873,0.8356966973022297,0.6559478380297361,3.433572597523221,-1.485827423649052,-0.7056142225931572,-0.8985105205692218,-1.3605521139322172,0.19866443152076066,russia_ukraine_war,2022-02-24
2021-03-13,1896,-3.1637184774754963,-63759.95253622116,14519.188365390415,2.2470406466500186,5.410759124125517,0.40320991619323726,0.3387624094531984,3.1637184774754963,4.3914267748055815,1.0717488942612035,0.7065683729123605,3.5190213573075493,0.6003659434833168,1.7591753488619772,-0.6809502052548501,0.4952206404121983,0.4892651086447509,russia_ukraine_war,2022-02-24
2021-03-14,1258,-3.019833357879392,-36371.77029368836,9638.95553581881,2.3211467295733454,5.340980087452737,0.26753063004804456,0.23707062190959327,3.019833357879392,3.7734140549283746,0.7159137722158029,0.6970623450899424,3.5382787515130723,0.3125337049110613,0.7013422424672431,-1.0089098783672348,0.14672516370914768,0.5547571276031694,russia_ukraine_war,2022-02-24
2021-03-15,2349,-2.3554939620922175,-52122.508663613844,18253.501507590052,2.7076300959206967,5.063124058012915,0.49954646262548225,0.4051627041390143,2.3554939620922175,2.855480009791031,0.9543583032644036,0.6515614775240219,3.4679585018218004,-1.016431347193879,-0.8698568464868685,-0.7891446398808621,-1.5213581649965027,0.31560664458399346,russia_ukraine_war,2022-02-24
2021-03-16,2753,-2.525822813175312,-62167.27615648536,20749.174787861994,2.505554773554369,5.031377586729682,0.5854624996202438,0.46087616263218784,2.525822813175312,2.9961324627161767,1.1640915256250755,0.667563054332633,3.4185319736882653,-0.675700251175699,-0.6291064275805903,-0.5958415205855246,-0.9347327898038994,0.14751312772375738,russia_ukraine_war,2022-02-24
2021-03-17,2510,-2.9356980028382713,-67747.82830012652,19749.561371595435,2.466326570611827,5.402024573450099,0.5337852793486422,0.4277387187987463,2.9356980028382713,3.4303459720155614,1.2557117025140805,0.6865510288679592,3.4149412199254563,0.14422674132416788,0.11412329991108697,-0.511398694677004,-0.2386246612637722,0.13530141771776613,russia_ukraine_war,2022-02-24
2021-03-18,2927,-2.864380923174651,-71230.29548156481,21856.09996973512,2.3013421605061355,5.165723083680787,0.6224659412962055,0.4839471778788377,2.864380923174651,3.2590579097002577,1.3862090641403522,0.6918009840214373,3.395389020608578,0.0015618518231726058,-0.17906513653943465,-0.391124248987182,-0.04615882189748356,0.06880680299089346,russia_ukraine_war,2022-02-24
2021-03-19,3187,-2.322121056665584,-62019.51904974144,22599.33582658289,2.384489491526463,4.706610548192047,0.6777584403522401,0.5174586408003687,2.322121056665584,2.744307156885107,1.201601605756089,0.6637348961133654,3.3310458663809803,-1.083191538265564,-1.0601479530511553,-0.5612699090271328,-1.0750748809949353,-0.15001631666616444,russia_ukraine_war,2022-02-24
2021-03-20,1724,-2.588712604395919,-39505.81066668616,12688.520124339253,2.3856089310790853,4.9743215354750046,0.36663180143309126,0.312349173570219,2.588712604395919,3.113508138029879,0.8085822425938747,0.6758652894996677,3.3005566913320536,-0.549893569837268,-0.4281981432706112,-0.9235008802944152,-0.6303689212895096,-0.2537062348877155,russia_ukraine_war,2022-02-24
2021-03-21,2354,-2.764041410837857,-59641.766294855646,18026.746504669583,2.446939894553371,5.210981305391227,0.5006097799150214,0.40587154544466664,2.764041410837857,3.308515281967617,1.1218457590898177,0.6804694341107775,3.30417590700198,-0.19916040864558773,-0.09441049423677032,-0.6347778338523121,-0.46157880190078565,-0.24139772945132335,russia_ukraine_war,2022-02-24
2021-03-22,2564,-2.8859352009078862,-68901.10892227976,19848.376818482884,2.4276207026823444,5.313555903590231,0.5452691060756648,0.4351980738721127,2.8859352009078862,3.471372473043679,1.2559534407548407,0.6864015864571188,3.321466724120709,0.04467969492036231,0.18434708274148479,-0.5111758937517812,-0.24410329073744613,-0.1825937962472357,russia_ukraine_war,2022-02-24
2021-03-23,2659,-2.854781501456622,-70797.52762252309,20723.648512197982,2.469496897296883,5.3242783987535045,0.5654721345769081,0.4481874619305432,2.854781501456622,3.4162675351713054,1.2794772755041088,0.6831449710195856,3.334150920916828,-0.017641127955802735,0.09002567845258311,-0.48949487162452926,-0.3634923531873962,-0.1394564097359564,russia_ukraine_war,2022-02-24
2021-03-24,2718,-2.386887406873903,-59142.10688514669,20242.691280138137,2.530377356191109,4.9172647630650115,0.5780192785934699,0.4561704394551822,2.386887406873903,2.9216523666087895,1.0888274773237088,0.6602445021292395,3.2904280985345835,-0.9536309303518046,-0.7565916862100731,-0.6652095260149651,-1.2030343755496251,-0.28815232787592315,russia_ukraine_war,2022-02-24
2021-03-25,3491,-2.8597134401172197,-86544.09972464867,25749.21707084523,2.258086143138931,5.117799583256151,0.7424081315562191,0.5552681400567775,2.8597134401172197,3.361038104053228,1.5879077629892573,0.6938555955309579,3.2949630633066915,-0.007775125486848832,-0.004508817043978877,-0.2052262438620994,0.02916420795535821,-0.27272947285925225,russia_ukraine_war,2022-02-24
2021-03-26,2398,-2.2825462024389647,-49986.67261914061,17151.811185652197,2.4350011243126692,4.717547326751634,0.5099669720629657,0.4120877777816367,2.2825462024389647,2.9143670063809575,0.9406093922469868,0.6595617434859403,3.2513655336736385,-1.16235829932601,-0.7690618101948082,-0.8018164872718794,-1.2280646303852494,-0.4209992858357783,russia_ukraine_war,2022-02-24
2021-03-27,1818,-2.8222429459534952,-49592.92713582812,14032.45089630469,2.448188454499789,5.270431400453284,0.3866221664764269,0.32687069360677357,2.8222429459534952,3.5341600339316304,0.922508509270643,0.6828204393394532,3.2792761528117755,-0.08273225966325522,0.29181859334444915,-0.8184993813882444,-0.37538983809757576,-0.3260787177553975,russia_ukraine_war,2022-02-24
2021-03-28,1511,-3.4698201135199245,-48562.1312837576,12943.790125687396,2.5482766162007904,6.018096729720715,0.32133448489872446,0.2786421993169548,3.4698201135199245,3.7517706029074422,0.9668383076653975,0.7025256181002153,3.3332545111663685,1.2127011132396976,0.664295820366162,-0.7776422953673016,0.34701133661345274,-0.14250498856988597,russia_ukraine_war,2022-02-24
2021-03-29,1637,-2.9661478281805316,-46588.264403816414,12511.44116965713,2.3383803222130726,5.304528150393605,0.34813008059511047,0.2987185067921875,2.9661478281805316,3.7236529167241526,0.8860432501589782,0.6940457509606224,3.3705211468215563,0.20513951268648375,0.6161676534801933,-0.8521080212253601,0.036135395958019075,-0.015765763999925107,russia_ukraine_war,2022-02-24
2021-03-30,2550,-2.6411170416449283,-64486.10764768836,19461.55436922638,2.495432531967022,5.13654957361195,0.5422918176649553,0.43326950345225584,2.6411170416449283,3.3135127042913464,1.144315469192789,0.6730295619871982,3.356323746048972,-0.44506211452873734,-0.08585656223723598,-0.6140683582447853,-0.7343280333097216,-0.06404937031939717,russia_ukraine_war,2022-02-24
2021-03-31,2926,-3.401303524437075,-100850.83540618622,22793.906134023116,2.194410803404004,5.59571432784108,0.6222532778382976,0.48381609506775297,3.401303524437075,4.424464802706726,1.6456053893333311,0.7183086578927296,3.4613444871293564,1.0756384116176607,1.8157255112773527,-0.1520485401930707,0.9256250414191576,0.2931131975991167,russia_ukraine_war,2022-02-24
2021-04-01,2644,-3.0224402846731713,-77049.94997768941,20443.53766896069,2.354804379025118,5.377244663698289,0.5622821827082908,0.446147689844215,3.0224402846731713,3.768914716491262,1.348454750699027,0.6954488563104482,3.4896897091157273,0.3177486818103665,0.6936408651289293,-0.42592096108132915,0.08757390180785304,0.38951179628281496,russia_ukraine_war,2022-02-24
2021-04-02,3044,-3.0957775459590233,-91824.93799184894,23178.205263699656,2.2593065725690527,5.355084118528076,0.6473475658714211,0.49916645860486797,3.0957775459590233,3.961693191821878,1.5453083142448345,0.7032846534640427,3.5393964161402853,0.46445480504200576,1.023613771585522,-0.2444885325442328,0.37483793210559657,0.5585581669428326,russia_ukraine_war,2022-02-24
2021-04-03,1163,-2.7441602626380717,-26685.24615697183,8305.230716667282,2.1985263676780757,4.942686630316147,0.24732760154680114,0.2210033439408419,2.7441602626380717,3.2130650029286687,0.6064685943525928,0.6921354441751586,3.50438187838555,-0.23893127173271037,-0.2577897612558647,-1.109781328463062,-0.03389735444896648,0.4394780491460172,russia_ukraine_war,2022-02-24
2021-04-04,984,-3.2871559395577297,-35586.758294492814,8427.266525071967,2.6385696547495736,5.925725594307305,0.20926084258130037,0.19000929904941646,3.2871559395577297,4.222811535462729,0.6245901959414902,0.6919104750574615,3.5813912486081048,0.8472940562342419,1.4705619001695611,-1.093079338790976,-0.04214482872317596,0.7013774048306489,russia_ukraine_war,2022-02-24
2021-04-05,2069,-3.243550669195181,-58326.23865028069,15490.297836008755,2.121650918666971,5.365201587862152,0.44000069441129114,0.36464359581785627,3.243550669195181,3.7653400385043265,1.1827399792327449,0.7166164397099147,3.604729626319391,0.7600647262157356,0.687522200257384,-0.5786539514831065,0.863587522349956,0.7807483445961089,russia_ukraine_war,2022-02-24
2021-04-06,3088,-3.325168914769013,-92196.55572394667,23058.122009768427,2.0709197540417286,5.396088668810741,0.6567047580193653,0.5048305439443266,3.325168914769013,3.9984416634142272,1.678646831949607,0.7226573700246856,3.6487265608319883,0.9233363862581426,1.086514984796016,-0.12159550155734858,1.085050885292274,0.9303764842322046,russia_ukraine_war,2022-02-24
2021-04-07,2814,-3.4954505222310277,-98108.39145812509,22721.296908105494,2.289463244233721,5.784913766464747,0.5984349705526212,0.4690250071466838,3.4954505222310277,4.317904556897293,1.6394537061702874,0.7164532642951642,3.7213756266322977,1.263972974677122,1.6333296604845469,-0.15771831215837256,0.8576054344566725,1.1774469831754466,russia_ukraine_war,2022-02-24
2021-04-08,2320,-2.687168617194551,-59090.989825512115,17053.625935642776,2.3317661085671157,5.0189347257616665,0.49337922234615533,0.401041486536308,2.687168617194551,3.465010317952942,1.0776660968134177,0.6827831575354764,3.699713691722421,-0.3529391200353854,0.17345718020948434,-0.6754965451338113,-0.37675660666716,1.103777418298035,russia_ukraine_war,2022-02-24
2021-04-09,2650,-1.8423539291959217,-43193.80503423757,20162.805572990375,2.8831259737021098,4.725479902898032,0.5635581634557377,0.44696409802698434,1.8423539291959217,2.142251725727048,0.8234660622095257,0.6210704010088092,3.539498786455396,-2.042932522466077,-2.090667465805345,-0.9097830308933946,-2.63917545354881,0.558906315739417,russia_ukraine_war,2022-02-24
2021-04-10,1840,-2.4401735030003375,-40223.89586620227,14107.129992060924,2.6133724854729077,5.053545988473247,0.39130076255039903,0.3302391099503559,2.4401735030003375,2.8513167376241015,0.8058407257552735,0.6591365234476261,3.462175331919238,-0.8470357773860127,-0.876982989667198,-0.9260276319007533,-1.2436533981360172,0.2959387981009141,russia_ukraine_war,2022-02-24
2021-04-11,1435,-2.7189995556951128,-35213.664624417775,10605.466474251938,2.3357847079545127,5.054784263649625,0.3051720620977297,0.2663348804341776,2.7189995556951128,3.3203315205332906,0.7241644215666398,0.6839506245149721,3.445488804845988,-0.289263527241698,-0.07418500704888333,-1.00130556924645,-0.33395671494004414,0.23918998069767344,russia_ukraine_war,2022-02-24
2021-04-12,2362,-2.510667508323833,-52072.963299118994,16903.01389696914,2.3227809573048788,4.833448465628712,0.502311087578284,0.40700464746124515,2.510667508323833,3.080691030399977,1.0218533441177444,0.6754183215729425,3.4102527540888623,-0.7060173912238928,-0.48437016334477256,-0.7269370325830518,-0.6467549769170508,0.11935652454171805,russia_ukraine_war,2022-02-24
2021-04-13,3594,-2.9045713724892908,-91644.28635695175,26146.015543799702,2.185167783955647,5.089739156444938,0.7643124677207251,0.5677610777939919,2.9045713724892908,3.5050956886118882,1.649102572974094,0.6996294520524378,3.4225477943033744,0.08196006831651127,0.24207005952621183,-0.1488253192893954,0.2408365192989927,0.16117043758881186,russia_ukraine_war,2022-02-24
2021-04-14,3023,-2.754353899749973,-72005.33182846608,22086.119037079225,2.275836453545329,5.030190353295301,0.6428816332553567,0.49645179340169265,2.754353899749973,3.2602075406539335,1.36740393319382,0.6884987540129932,3.405374180338025,-0.21853960512154286,-0.17709734907516358,-0.40845622162273715,-0.1672201360945525,0.10276509783206278,russia_ukraine_war,2022-02-24
2021-04-15,4748,-3.9353486005061638,-182193.37991834345,40101.59142630997,2.25532395441309,6.190672554919254,1.0097260981463558,0.6979984432065143,3.9353486005061638,4.543295501205708,2.7468671966282368,0.7329712424198748,3.5262585078302244,2.1439586811142317,2.019124313413997,0.8629425046917851,1.4631623261760611,0.5138777636165246,russia_ukraine_war,2022-02-24
2021-04-16,3786,-3.134542035558064,-110771.56316296801,29972.576913830588,2.3910724732181396,5.525614508776204,0.8051438516390276,0.5906402848081782,3.134542035558064,3.6957637470221463,1.8513868006252217,0.6979705679084726,3.5484634458093005,0.5420004876652209,0.5684306311313573,0.03761234542148342,0.18002104186235893,0.589394014858818,russia_ukraine_war,2022-02-24
2021-04-17,3308,-3.014032190916384,-90853.30982421825,26904.54574895424,2.5595718351576244,5.573604026074009,0.703490718759087,0.5326795097677267,3.014032190916384,3.3768758139226214,1.6055131898814867,0.6852924517028678,3.532759129238034,0.30092887129114826,0.022600097207248367,-0.18899999273941548,-0.28476469549360217,0.5359855740470587,russia_ukraine_war,2022-02-24
2021-04-18,2160,-4.644920221652216,-102997.5011109395,19028.42201153979,2.082267206659956,6.727187428312173,0.45935306908090323,0.37799323415169345,4.644920221652216,5.412824092742774,1.7557484169589217,0.7636326772835985,3.7323866600280104,3.5634076742771246,3.5074692964548824,-0.05053390856239027,2.5872250323711263,1.2148941476364088,russia_ukraine_war,2022-02-24
2021-04-19,2978,-3.8213856477408337,-119918.57207562648,24851.570729069856,2.261834162205784,6.083219809946616,0.6333117776495045,0.4906097190039391,3.8213856477408337,4.825392060042025,1.8748089388438163,0.7289611104070068,3.8491647661412376,1.9159836695158998,2.501980198963371,0.05919963773149691,1.3161489896307164,1.6120420617245075,russia_ukraine_war,2022-02-24
2021-04-20,3611,-3.3409729736513296,-109105.30908158908,26987.90599528895,2.066415478736361,5.407388452387691,0.7679277465051582,0.5698080960190225,3.3409729736513296,4.042748225839925,1.903713448967276,0.7235122171012621,3.8719828484600036,0.9549513139128858,1.1623531464664756,0.08583982332383985,1.116389983496594,1.689643541128548,russia_ukraine_war,2022-02-24
2021-04-21,2974,-4.425829227999364,-146327.73889143765,26748.272558840457,2.2841049823083983,6.709934210307763,0.6324611238178732,0.4900887679907886,4.425829227999364,5.470549119370159,2.1690491936878313,0.746042358345116,4.045915744582875,3.12513128175552,3.6062754249858586,0.3303896687786171,1.942355619158557,2.2811678360980503,russia_ukraine_war,2022-02-24
2021-04-22,4262,-2.9596583995441432,-114322.61715972699,31585.95480589417,2.225702804673514,5.1853612042176565,0.9063716576031526,0.6452017797191325,2.9596583995441432,3.619413054386868,1.9095768667465605,0.6996783724977543,4.004692349879799,0.19215785915128988,0.4377435307399392,0.09124391206910465,0.24262996596563483,2.1409721627576808,russia_ukraine_war,2022-02-24
2021-04-23,3292,-2.820881498428653,-95244.98542162376,25833.268704106136,2.5132027356134583,5.334084234042112,0.7000881034325618,0.5306800752678388,2.820881498428653,3.6869118853118574,1.4969856059077713,0.6797360991981453,3.9771806784902703,-0.08545574135388453,0.5532791753939543,-0.28902573151164207,-0.48846320669477084,2.047408366691022,russia_ukraine_war,2022-02-24
2021-04-24,2471,-2.5401684257417045,-55663.461633406536,17538.10191025756,2.278702090297411,4.818870516039115,0.525491404490237,0.4223165906062628,2.5401684257417045,3.173858945411333,1.0727552691249145,0.678946279709341,3.894858744298972,-0.6470028445900441,-0.3248975476802192,-0.6800226678902582,-0.517418362770697,1.7674416371734867,russia_ukraine_war,2022-02-24
2021-04-25,2219,-2.431495364679913,-45963.70028307237,16362.140154354769,2.471079752169906,4.902575116849819,0.47190021309746494,0.3865542279935284,2.431495364679913,2.809149649707601,0.9399048135636865,0.664877215429203,3.781082215538884,-0.8643957933933603,-0.9491590795172486,-0.802465870596743,-1.0331969145133864,1.3805017168990361,russia_ukraine_war,2022-02-24
2021-04-26,3052,-3.1562443367049036,-92413.69412717433,24031.800907335608,2.358935647397156,5.515179984102061,0.6490488735346837,0.5001986814249052,3.1562443367049036,3.845475188626643,1.5787492554746172,0.7004189730259246,3.788194275709283,0.5854144413721694,0.8246870385509089,-0.21366729125908865,0.2697807316621708,1.4046889550342754,russia_ukraine_war,2022-02-24
2021-04-27,2532,-3.075248216176789,-72560.33045204933,19130.711912737865,2.240162604537566,5.315410820714354,0.5384638754226143,0.43078443511599984,3.075248216176789,3.7928714196849227,1.3247690656472042,0.7035085918097773,3.7913092461141122,0.4233872994917755,0.73464680714799,-0.4477511544652402,0.38304761779206603,1.4152825846100514,russia_ukraine_war,2022-02-24
2021-04-28,3147,-2.7026706608402504,-69085.13790581637,21612.009817029008,2.082412654490743,4.7850833153309935,0.6692519020359271,0.5123755632105924,2.7026706608402504,3.196608667620598,1.3847824020207673,0.696772642657292,3.725058359158536,-0.3219283529907344,-0.28595755738515605,-0.3924391491007272,0.1361045354872918,1.1899715015943515,russia_ukraine_war,2022-02-24
2021-04-29,3378,-3.291758534447312,-102640.71971183336,26195.61961897619,2.231506703613554,5.523265238060866,0.7183771608126348,0.541380334283093,3.291758534447312,3.9182398127922156,1.78209333575831,0.7122408343665971,3.7452011515879184,0.8565012292485774,0.949235977336516,-0.02625280076180244,0.7031757606267527,1.2584746505449123,russia_ukraine_war,2022-02-24
2021-04-30,2948,-3.7565924682708034,-97799.97977750476,22684.135882153594,1.9690809507617473,5.7256734190325504,0.6269318739122698,0.48669595514896896,3.7565924682708034,4.311382204972923,1.8283183594504815,0.7441008697442818,3.803750412678909,1.7863693915181236,1.622165554026468,0.016351042199383877,1.8711797286498395,1.4575934553244712,russia_ukraine_war,2022-02-24
2021-05-01,1946,-2.7113925551613107,-46549.10516184059,14183.660204312167,2.2886151829312067,5.000007738092518,0.41384308908862855,0.3463115917896707,2.7113925551613107,3.281882426067184,0.9389866717445761,0.6860017032394702,3.7519436578783316,-0.30448080612787315,-0.13999712341637044,-0.8033120869261919,-0.2587631986572772,1.281405081582791,russia_ukraine_war,2022-02-24
2021-05-02,1211,-2.1591814941173952,-22915.524179383337,8913.599179118568,2.6006731584402987,4.759854652557694,0.25753544752637675,0.22915381148223274,2.1591814941173952,2.5708497453044963,0.4947846690589032,0.6466730069881115,3.624711316245096,-1.4091408732063748,-1.3570495970107894,-1.2127161467594783,-1.7005718072860079,0.8487036038315563,russia_ukraine_war,2022-02-24
2021-05-03,2227,-2.285592420669408,-43954.672261463325,15314.995184339383,2.295684971600496,4.581277392269905,0.47360152076072753,0.38770941852212387,2.285592420669408,2.870041533307823,0.8861457083963097,0.666177470497531,3.5443000566228635,-1.1562645502648885,-0.8449323406309561,-0.8520135893721194,-0.9855289486355787,0.5752348425108165,russia_ukraine_war,2022-02-24
2021-05-04,1899,-1.994027396234309,-31232.201978986755,12901.707923079124,2.3999604785756112,4.393987874809921,0.4038479065669608,0.3392169710796359,1.994027396234309,2.4207804242039352,0.6764079336004152,0.6467502615942505,3.423235467410462,-1.7395202330492063,-1.6139185756070504,-1.0453209044735339,-1.6977396168804166,0.16350912888244767,russia_ukraine_war,2022-02-24
2021-05-05,2133,-1.9589874895975672,-37506.87461024647,14733.61467107578,2.4742368391383422,4.43322432873591,0.45361115571739197,0.3740509126145359,1.9589874895975672,2.5456668609555737,0.7327610582844286,0.6418022803159992,3.325691433326329,-1.8096151448436104,-1.400154355087764,-0.9933823767531801,-1.879134951135112,-0.16822608208843717,russia_ukraine_war,2022-02-24
2021-05-06,2413,-1.912283567108564,-39916.58435525984,16883.365131224476,2.542276188104333,4.454559755212897,0.5131569239315831,0.41419814650106374,1.912283567108564,2.364255232592062,0.7920643090808097,0.636653451831682,3.2234688990313134,-1.9030431143087647,-1.7106709839461958,-0.9387248302077847,-2.0678934389729813,-0.5158722943733117,russia_ukraine_war,2022-02-24
2021-05-07,2114,-2.247607332012008,-41376.33228336424,14861.81335377205,2.3912893694178488,4.638896701429857,0.44957055001714324,0.3712673401628052,2.247607332012008,2.78407024085406,0.8344631958865173,0.659854042934385,3.1830734726181134,-1.2322510951648453,-0.9920867218145725,-0.8996473918222767,-1.2173487943358816,-0.653252149833089,russia_ukraine_war,2022-02-24
2021-05-08,1756,-3.1054830322338502,-50482.04592270138,14036.187197255913,2.4438949295709773,5.549377961804828,0.3734370320861417,0.31731638064326795,3.1054830322338502,3.5965640250630644,0.9854206359375264,0.6942560371975074,3.228538152123139,0.48386995963726503,0.3986335595527667,-0.7605156714669862,0.04384458887606506,-0.49863239077827387,russia_ukraine_war,2022-02-24
2021-05-09,2591,-3.7043049909966346,-83709.0921278593,20710.217328932034,2.1444158813700795,5.848720872366714,0.5510110194391761,0.4389069889010627,3.7043049909966346,4.041922438492148,1.625845349569511,0.7317178540242585,3.313861562843417,1.6817719065567431,1.1609396720067686,-0.17026061589931113,1.4172125146896841,-0.20845801033760358,russia_ukraine_war,2022-02-24
2021-05-10,2401,-3.1697744878097,-65753.11612857836,18039.192684336173,2.17171264870993,5.34148713651963,0.5106049624366892,0.4125102079683996,3.1697744878097,3.6450143462170144,1.3075643331793068,0.7109470384403501,3.35009331375103,0.6124805736563579,0.4815644638588929,-0.46360810080523013,0.6557445899530674,-0.08523830096189051,russia_ukraine_war,2022-02-24
2021-05-11,3371,-4.064124142404602,-125098.84743145366,26493.193190364203,1.8975127122987676,5.961636854703369,0.71688851660728,0.5405136506327881,4.064124142404602,4.72192410075178,2.196714576835961,0.7585600456993756,3.493996321014839,2.401565253649523,2.324877318605066,0.35588779825396377,2.4012599589349106,0.4041580513852977,russia_ukraine_war,2022-02-24
2021-05-12,2740,-3.4234424401786727,-82213.59891076433,20421.36285542307,2.0148048484185237,5.438247288597196,0.582697874667442,0.45913090650375804,3.4234424401786727,4.025862499619206,1.5718082309226715,0.729667146911269,3.5514112643954414,1.119925782649176,1.133450375298038,-0.22006456910517688,1.3420326218606085,0.5994191817463582,russia_ukraine_war,2022-02-24
2021-05-13,2133,-2.994480599621783,-55409.150132391405,15571.048945233324,2.1527946146835584,5.147275214305342,0.45361115571739197,0.3740509126145359,2.994480599621783,3.558472542683355,1.1200882010950506,0.7050994490306496,3.5466787125688524,0.2618172640188204,0.3334335566451985,-0.6363977080854305,0.4413691960486442,0.5833243575639786,russia_ukraine_war,2022-02-24
2021-05-14,2371,-3.2366759045042026,-73165.07555511764,18574.214102850638,2.2986198931402724,5.535295797644475,0.5042250586994544,0.4082778544254086,3.2366759045042026,3.9390670932283904,1.3214630937613945,0.7065809763763219,3.587261192096093,0.7463122345319786,0.9848853839796845,-0.4507981427803806,0.49568268936296705,0.7213403575592128,russia_ukraine_war,2022-02-24
2021-05-15,1391,-3.2875130515387587,-41327.6478861224,10519.29065070787,2.13744068871943,5.424953740258189,0.2958148699497854,0.25913974046547317,3.2875130515387587,3.9287485495365946,0.8519252789526096,0.7173592691054074,3.6244576421461208,0.8480084340740707,0.9672234544175697,-0.8835532552421157,0.890819999376874,0.8478408895555731,russia_ukraine_war,2022-02-24
2021-05-16,1238,-3.577952915611095,-38278.34969633607,9667.229261668688,2.1153972343062,5.693350149917295,0.26327736088988807,0.23370942408050896,3.577952915611095,3.9595988323265163,0.8362013152946469,0.729099030840712,3.6499463322379593,1.4290133113068775,1.020028921727859,-0.8980454333937667,1.3212052179722569,0.9345247761138693,russia_ukraine_war,2022-02-24
2021-05-17,2625,-3.305993586824812,-74267.91731864693,18325.48840905327,1.8375724273596452,5.143566014184457,0.5582415770080421,0.4435579912746247,3.305993586824812,4.052711483638092,1.4663998745388052,0.7367804058397662,3.6859557229221203,0.8849774678166138,1.179406944240315,-0.3172154346640743,1.6028080590366673,1.0569882658362642,russia_ukraine_war,2022-02-24
2021-05-18,2294,-2.719353472675631,-55268.05244320448,16586.10283831414,2.2554285030506196,4.974781975726251,0.4878499724405519,0.3973321063549735,2.719353472675631,3.3321903874570507,1.0804864432219203,0.6880549315028837,3.6466551374166887,-0.28855554077960066,-0.05388655422937606,-0.672897139316647,-0.18349087926105276,0.9233318290655773,russia_ukraine_war,2022-02-24
2021-05-19,2608,-2.434992736735792,-53355.03949752106,18870.75342052787,2.400362799678092,4.835355536413885,0.5546262982236091,0.4412351940632914,2.434992736735792,2.8273931786677204,1.0744044927363223,0.6682619902843632,3.550132126635826,-0.8573995422814347,-0.9179321997285612,-0.6785026413302675,-0.909109467188675,0.5950689922290692,russia_ukraine_war,2022-02-24
2021-05-20,3215,-2.258944998047516,-59940.378018658426,23036.735461011936,2.4532235291273987,4.7121685271749145,0.6837130171736592,0.5210014839421382,2.258944998047516,2.601947577168793,1.1769136961264262,0.6576288485192282,3.4496947238943827,-1.20957087775011,-1.3038204076671032,-0.5840238146152924,-1.2989254742019167,0.25349379185276877,russia_ukraine_war,2022-02-24
2021-05-21,2249,-2.1306910401772705,-41268.09077445003,16044.552182286983,2.5016958721494666,4.632386912326737,0.47828011683469973,0.39087932881395815,2.1306910401772705,2.57209364933286,0.8328430836944059,0.6493318135313528,3.3557780385406524,-1.4661340574810597,-1.354920445263488,-0.9011405874963745,-1.6030987016884293,-0.06590525414766593,russia_ukraine_war,2022-02-24
2021-05-22,1470,-2.2271324092654314,-26917.15666507029,10232.678635242186,2.3669367325244903,4.594069141789922,0.3126152831245036,0.27202154638792153,2.2271324092654314,2.630509334316959,0.60582800197904,0.6599720248393542,3.2802505227230423,-1.27320976320004,-1.2549321383542331,-1.11037173804439,-1.213023521889526,-0.3227650060444489,russia_ukraine_war,2022-02-24
2021-05-23,1331,-3.7171153561622132,-43310.163611756194,10230.964346520335,1.9847797924374262,5.7018951485996405,0.28305506247531587,0.24924400168477945,3.7171153561622132,4.233243528650011,0.9264687060938143,0.7417895504021866,3.383414374339587,1.7073981568103265,1.4884180176963704,-0.8148494188771738,1.7864456682216916,0.028082510176437564,russia_ukraine_war,2022-02-24
2021-05-24,3078,-3.623979195628363,-97037.91929454534,23018.648539047434,1.9272320622000216,5.551211257828385,0.6545781234402871,0.5035460660258877,3.623979195628363,4.2156219175915615,1.8248404673183232,0.7422950232117691,3.4686792620462286,1.5210857038358017,1.4582556553920105,0.01314560154409845,1.8049765405299383,0.3180578610766788,russia_ukraine_war,2022-02-24
2021-05-25,3373,-3.3098176097802634,-99947.94838343588,25396.16136787696,2.109716360819469,5.419533970599732,0.7173138435230957,0.5407613511893588,3.3098176097802634,3.935553367126491,1.789821442855109,0.7197972881821018,3.5161546328653177,0.8926271614799266,0.9788710485496128,-0.01913009892541568,0.9801989320094957,0.4795157329236398,russia_ukraine_war,2022-02-24
2021-05-26,2448,-3.45487040974576,-77461.35919501717,18449.48663614476,2.0408422943396936,5.495712704085453,0.520600144958357,0.4191050891419047,3.45487040974576,4.198564476220225,1.4479537710502255,0.7292075364982871,3.5899289129314425,1.1827952639386117,1.4290589647533911,-0.3342165053721534,1.3251830867064942,0.7304129465948759,russia_ukraine_war,2022-02-24
2021-05-27,2762,-2.945635553492762,-69522.95923791635,20124.69707447489,2.1703207233395876,5.11595627683235,0.5873764707414142,0.4620826350508704,2.945635553492762,3.454608980231341,1.3611270384574645,0.7021358475270191,3.573836520805135,0.16410612467413804,0.1556535346876117,-0.41424139632405094,0.33272216302293345,0.6756847087567489,russia_ukraine_war,2022-02-24
2021-05-28,2923,-3.2735990707074536,-86317.53152351698,22967.45575609067,2.2919476004811465,5.5655466711886,0.6216152874645742,0.483422743506735,3.2735990707074536,3.7582539590013884,1.5825322439024954,0.7083106240694593,3.5892236167693774,0.820174476946551,0.6753931788769786,-0.21018065497354357,0.5590923919862577,0.7280143214681173,russia_ukraine_war,2022-02-24
2021-05-29,1447,-4.405368948231321,-61211.29135317621,11832.963210742188,1.8861072365761802,6.291476184807504,0.30772402359262363,0.2682882396361077,4.405368948231321,5.17294698403249,1.1819086800685525,0.7693564052621988,3.7580393476605134,3.08420190598698,3.096879127517251,-0.5794201282466029,2.797059607619981,1.3021357695730071,russia_ukraine_war,2022-02-24
2021-05-30,1137,-2.831438520780341,-28667.37312921163,8349.119331183969,2.25583717372767,5.087275694508011,0.24179835164119767,0.21656061255302295,2.831438520780341,3.4335804762232787,0.6131780604664159,0.6927955195288076,3.7303578864815936,-0.06433714768225676,0.11965969992948186,-1.1035974692060004,-0.009698679742024572,1.2079945394056044,russia_ukraine_war,2022-02-24
2021-05-31,1936,-2.449517087214466,-43065.174060522826,13718.835014337388,2.318329011748497,4.767846098962963,0.4117164545095503,0.3448063076519113,2.449517087214466,3.139127631137479,0.8446089423726848,0.6728377473703533,3.672720887519926,-0.8283445828539423,-0.3843460555924552,-0.8902964438833599,-0.7413600478992791,1.0119782254423533,russia_ukraine_war,2022-02-24
2021-06-01,2711,-2.762469314844452,-67313.02235530344,19785.53031792937,2.2678856520446438,5.030354966889097,0.5765306343881151,0.45522663171276395,2.762469314844452,3.4021338459806323,1.2575496014065068,0.689255839803213,3.6510817025227835,-0.2023052780407159,0.0658334832751795,-0.5097047732998532,-0.13946501289308819,0.9383860302080088,russia_ukraine_war,2022-02-24
2021-06-02,3138,-2.8966725226726435,-75588.65091679883,21994.662274483988,2.056230704005295,4.952903226677939,0.6673379309147567,0.5112283012293916,2.8966725226726435,3.4366815899914607,1.4808609729837918,0.706635552360624,3.6345623154666358,0.06615896510824607,0.12496777969090044,-0.3038871912585267,0.4976834707641175,0.8822056353572663,russia_ukraine_war,2022-02-24
2021-06-03,3153,-2.3808249879267556,-66794.9891685029,21264.502081543524,2.181693766985484,4.56251875491224,0.670527882783374,0.5131396739554566,2.3808249879267556,3.1411499273466394,1.2216957580497392,0.6765087458466408,3.5895114735571156,-0.9657583805121727,-0.380884554215248,-0.5427498945332988,-0.6067795072287655,0.7289932868462292,russia_ukraine_war,2022-02-24
2021-06-04,3285,-2.635662957317053,-78815.50863724621,23802.242948175644,2.3050365499831242,4.940699507300178,0.698599459227207,0.5298040639998962,2.635662957317053,3.3112639346153356,1.3963849461205597,0.6818768263486307,3.5645981440889143,-0.4559726333222087,-0.08970571118746044,-0.38174552631170283,-0.40998313670799913,0.6442661306985494,russia_ukraine_war,2022-02-24
2021-06-05,1676,-2.755097169951388,-40198.32257224276,12195.795788357756,2.260815313699054,5.015912483650442,0.3564239554535157,0.30485179216729613,2.755097169951388,3.2960803271744292,0.8398963098547263,0.6893087969399456,3.536086942742046,-0.21705274444729117,-0.11569501870314318,-0.89463989770322,-0.13752357920961747,0.5473030567120973,russia_ukraine_war,2022-02-24
2021-06-06,950,-3.0327374240463247,-25328.853344548574,7133.418137674193,2.238061886752728,5.2707993107990525,0.2020302850124343,0.18401203131344632,3.0327374240463247,3.5507316206206427,0.5580601738390728,0.7019438996312204,3.534838811798378,0.3383473975426466,0.3201836616695972,-1.154397525077502,0.32568526236388473,0.5430583175457859,russia_ukraine_war,2022-02-24
2021-06-07,2027,-2.6033388702319082,-47321.90275633063,14170.129574128892,2.1936757977722783,4.797014668004187,0.43106882917916245,0.35842159807530616,2.6033388702319082,3.3395532841653455,0.9330928782000826,0.6862004106015551,3.5136233519120075,-0.5206347357803263,-0.04128371346819139,-0.8087441718568001,-0.2514784927666752,0.47090715907330377,russia_ukraine_war,2022-02-24
2021-06-08,1991,-2.411821283865574,-44488.13435313322,15044.007120069948,2.5720921506513283,4.983913434516902,0.4234129446944807,0.3530574700488481,2.411821283865574,2.957199767193833,0.8515115206915442,0.6595963142615832,3.4482353125061502,-0.9037524324852875,-0.6957463088000321,-0.8839346004653375,-1.2267972493968167,0.2485305139925253,russia_ukraine_war,2022-02-24
2021-06-09,3704,-2.291037788669284,-78993.6385849686,26590.345126358967,2.4438905449686743,4.734928333637957,0.787705448090586,0.5809329249761237,2.291037788669284,2.9707639449426453,1.3309392838024774,0.659569270893345,3.3946613994809454,-1.145371467883238,-0.6725289286034444,-0.4420642995038649,-1.2277886720690259,0.0663322534138896,russia_ukraine_war,2022-02-24
2021-06-10,4331,-2.0351383672952656,-82201.62492619897,30438.627337291484,2.496472300685256,4.531610667980521,0.9210454361987925,0.6528695358746363,2.0351383672952656,2.7005693790104237,1.3286798412967251,0.6447861654713518,3.320514431684042,-1.6572805764150065,-1.1350125439372007,-0.44414674156675993,-1.7697443098422856,-0.18583242519415094,russia_ukraine_war,2022-02-24
2021-06-11,3775,-1.9520336016923647,-64030.55479575784,25630.192248858293,2.418710649333724,4.370744251026089,0.8028045536020415,0.5893435376809785,1.9520336016923647,2.49824715218865,1.1504183884935202,0.6437548102417556,3.230330783119901,-1.8235259170496139,-1.4813211922998129,-0.6084435300732602,-1.8075542804317548,-0.4925358741897672,russia_ukraine_war,2022-02-24
2021-06-12,2629,-2.256404033166564,-46986.78500796078,18011.062359647134,2.2972567813716687,4.553660814538233,0.5590922308396734,0.4441037485821058,2.256404033166564,2.6087736564186392,1.0020774894450533,0.6646789646480109,3.1608855159824567,-1.2146539024011014,-1.2921364206145456,-0.7451636842881815,-1.0404648819324744,-0.7287106496240024,russia_ukraine_war,2022-02-24
2021-06-13,3293,-1.4168547272429717,-39118.19090054584,22396.880666332472,2.6922529683451812,4.109107695588153,0.7003007668904696,0.5308051571136483,1.4168547272429717,1.7465910312836215,0.7520737961014209,0.604159652549846,3.0072347434658746,-2.894114271854858,-2.7679075419716543,-0.9755825622071673,-3.2591314915180507,-1.251257947520913,russia_ukraine_war,2022-02-24
2021-06-14,4843,-2.3720819543037077,-100611.93526233369,36089.35070287408,2.539888271544623,4.911970225848331,1.0299291266475992,0.7080008794627454,2.3720819543037077,2.787856619828884,1.6794361098047328,0.6591604265656402,2.978311776709421,-0.9832482150878289,-0.9856056949617249,-0.12086805423322286,-1.242777098522483,-1.3496213848027918,russia_ukraine_war,2022-02-24
2021-06-15,4380,-2.346568647350952,-86656.14369457081,31020.2479220363,2.3678398683378004,4.714408515688753,0.931465945636276,0.6582792719236116,2.346568647350952,2.7935348522154024,1.5446975006969588,0.6656655146862296,2.9568593618742085,-1.034285822549995,-0.9758864416016071,-0.24505149611663807,-1.004297490853561,-1.4225783977868565,russia_ukraine_war,2022-02-24
2021-06-16,5478,-2.216509356617587,-100556.85492682154,37735.42563372288,2.336015642403408,4.552524999020995,1.1649704224190685,0.772406699660932,2.216509356617587,2.6647865563481883,1.712046676912566,0.6608838121160638,2.926754087097379,-1.2944604459161062,-1.1962608859776127,-0.09081213713538816,-1.1795969690133261,-1.5249627186035875,russia_ukraine_war,2022-02-24
2021-06-17,4127,-2.133666257443045,-74304.82051238709,28365.391491754184,2.3697299306138513,4.503396188056897,0.8776620907855961,0.6300274342375546,2.133666257443045,2.6195591389594424,1.3442682776960873,0.6552180347489166,2.8961318520417803,-1.4601823409432373,-1.2736752463811563,-0.4297794737251787,-1.3873070474333424,-1.629105157471835,russia_ukraine_war,2022-02-24
2021-06-18,2381,-2.077076018883727,-43037.85677322305,16637.762815881393,2.455322304686946,4.532398323570674,0.5063516932785327,0.4096906301876606,2.077076018883727,2.586757441459722,0.8509585831241513,0.6486232871477609,2.8652753916991647,-1.5733872025132833,-1.3298208894158883,-0.8844442219518601,-1.6290736140723658,-1.7340441676089746,russia_ukraine_war,2022-02-24
2021-06-19,1754,-2.5085488117990145,-41438.44237525885,13448.138667951976,2.579288498305732,5.087837310104746,0.37301170517032606,0.3170066520010063,2.5085488117990145,3.0813515088158687,0.795226660209508,0.6635912123058717,2.8893727769696413,-0.7102556972092903,-0.48323964303035544,-0.9358102116718938,-1.0803423973458715,-1.6520919368897347,russia_ukraine_war,2022-02-24
2021-06-20,1845,-2.856668877195025,-42851.62276397969,12729.604557716035,2.02142289411686,4.878091771311886,0.3923640798399382,0.3310030793227198,2.856668877195025,3.3662964603252528,0.9455661949569297,0.7070195525135179,2.9322774346390506,-0.013865563218209002,0.004491747460375318,-0.7972479910900211,0.5117610980167114,-1.5061784958758133,russia_ukraine_war,2022-02-24
2021-06-21,2755,-3.275210175307194,-83261.043724418,20509.7864011289,2.0846791956728814,5.359889370980076,0.5858878265360594,0.4611443934327133,3.275210175307194,4.059576345457949,1.5103448096566865,0.7199731351779135,3.0441455648621676,0.8233973803629645,1.1911573142089351,-0.2767130624604488,0.9866455660586505,-1.125728803294145,russia_ukraine_war,2022-02-24
2021-06-22,1942,-2.543806826936739,-47600.29958467734,14713.224453658728,2.5162594221801187,5.060066249116858,0.41299243525699725,0.3457097500128982,2.543806826936739,3.2352051540164335,0.8794188222214039,0.6678786615901419,3.059383854421024,-0.6397244744310556,-0.2198931548464167,-0.8582135040357001,-0.9231624784487062,-1.0739052627864534,russia_ukraine_war,2022-02-24
2021-06-23,2661,-2.796588930390868,-63105.52822577419,19412.1793326581,2.249240170779406,5.045829101170274,0.5658974614927238,0.4484591174508402,2.796588930390868,3.250821411875613,1.254155803595878,0.6916766535133567,3.073293704033433,-0.13405134497580168,-0.19316329309742358,-0.512832707423347,-0.050716837137044835,-1.0265995824435044,russia_ukraine_war,2022-02-24
2021-06-24,3058,-3.22950794702775,-83267.5313347842,22960.198711422097,2.139366155888038,5.368874102915787,0.6503248542821306,0.5009721499170027,3.22950794702775,3.626603252930942,1.6178935393965375,0.7150642384705905,3.129574496397705,0.7319732309419648,0.45005076943720107,-0.177589496336941,0.8066830906627626,-0.8351955595950441,russia_ukraine_war,2022-02-24
2021-06-25,2765,-2.4412484083771036,-53391.80546824085,18914.89700913942,2.19979116816939,4.641039576546494,0.5880144611151377,0.46248446927915876,2.4412484083771036,2.822738365556136,1.1290394745268757,0.678432159738992,3.0937245033248075,-0.8448855034611176,-0.9258996982203276,-0.6281476604460454,-0.5362662440830995,-0.9571169577308317,russia_ukraine_war,2022-02-24
2021-06-26,1433,-2.764142040255794,-30361.158523441394,9680.650069920399,1.9956854592581459,4.759827499513939,0.30474673518191403,0.2660089492825845,2.764142040255794,3.136272699059666,0.7352865197962631,0.7045841712631558,3.0867317997750114,-0.1989591064489995,-0.38923275382905265,-0.9910547551088685,0.4224788693452278,-0.9808982787427111,russia_ukraine_war,2022-02-24
2021-06-27,1094,-3.0818633689184742,-26159.51531623908,7530.226603879107,1.9006709681363327,4.982534337054807,0.2326538229511612,0.20916942478701958,3.0818633689184742,3.473934675852028,0.6446315881488636,0.7238683311243245,3.125674943239831,0.4366204554114525,0.18873272541322075,-1.0746079512582731,1.1294452920383045,-0.8484574581997675,russia_ukraine_war,2022-02-24
2021-06-28,1976,-2.8862033014764505,-46584.7570898483,14227.537985306271,2.1569838718595156,5.0431871733359666,0.42022299282586334,0.350813896485431,2.8862033014764505,3.2742669278380765,1.0125202262400688,0.7004260234485924,3.1412804477613157,0.04521601158068809,-0.15303233432601193,-0.7355390116982312,0.27003920349230554,-0.7953850649637383,russia_ukraine_war,2022-02-24
2021-06-29,2509,-2.600427813003012,-53224.93978009604,18571.72297611262,2.4008070134093393,5.001234826412351,0.5335726158907343,0.4276000564935888,2.600427813003012,2.8659128637959546,1.1119430797475873,0.67565611416928,3.110782411785537,-0.5264581045981529,-0.8519992555253366,-0.6439047560665849,-0.6380373878498635,-0.8991051181029824,russia_ukraine_war,2022-02-24
2021-06-30,2346,-2.9975662507316674,-56486.827140368296,16784.497888170376,2.0784755890779802,5.076041839809648,0.49890847225175877,0.4047371580513074,2.9975662507316674,3.3654165597756673,1.2132264453916477,0.7094876615037978,3.1358522658266286,0.26798989583025473,0.0029856491200833594,-0.5505557372923502,0.602243141115118,-0.8138456412173164,russia_ukraine_war,2022-02-24
2021-07-01,2231,-2.7487809210071155,-58202.40208088152,16910.138432209886,2.415420931744288,5.164201852751403,0.47445217459235883,0.3882865137470721,2.7487809210071155,3.441864317918265,1.067314560872319,0.6813270263679754,3.1681141646903517,-0.22968796397598865,0.13383889351441416,-0.6850371613718585,-0.43013906407630925,-0.704126908274125,russia_ukraine_war,2022-02-24
2021-07-02,2451,-3.06641309535005,-65775.74863301068,17838.64347408249,2.1058476086045537,5.172260703954603,0.5212381353320805,0.41952456600049537,3.06641309535005,3.68726179928285,1.2864356230049654,0.7106600344253344,3.222105374397464,0.4057132508288201,0.5538781122297197,-0.4830816278765101,0.6452228869981586,-0.5205094732261346,russia_ukraine_war,2022-02-24
2021-07-03,1561,-2.9878841700990675,-36058.76893596342,10720.813523844501,1.9400148412299343,4.927899011329003,0.33196765779411574,0.2866572908880622,2.9878841700990675,3.363435886256576,0.8564987816879247,0.7175248724899049,3.2366103963073387,0.24862156260482393,-0.0004046079960976725,-0.8793380320414639,0.8968910977896108,-0.4711796854170792,russia_ukraine_war,2022-02-24
2021-07-04,1189,-3.4365139769305184,-35616.67691714349,8816.635977751312,1.989327526989456,5.425841503919975,0.2528568514524046,0.22542642473659993,3.4365139769305184,4.039712766527029,0.7746810593768012,0.7317218908028755,3.3196210291589265,1.1460744886128267,1.1571574453894276,-0.9547463090820095,1.4173605049033435,-0.18887077682614808,russia_ukraine_war,2022-02-24
2021-07-05,2366,-3.0237575622386816,-59264.11051751938,17131.68044888795,2.1085101556701664,5.132267717908848,0.5031617414099153,0.40757071736288697,3.0237575622386816,3.4593285051243368,1.2323950387730738,0.7088006022993826,3.3342532347889255,0.320383804549717,0.1637317983182649,-0.5328887751800644,0.5770552256746387,-0.13910845289508697,russia_ukraine_war,2022-02-24
2021-07-06,3096,-3.3162087316201565,-90462.84855048335,22808.341678959485,2.0254133472001743,5.341622078820332,0.6584060656826279,0.5058569396837738,3.3162087316201565,3.966217703321001,1.6775272003299815,0.7250707740529689,3.4030219779352273,0.9054121590622218,1.0313582368693222,-0.1226274233582883,1.1735274186062412,0.09476554801166767,russia_ukraine_war,2022-02-24
2021-07-07,2737,-3.0218866765274344,-65912.00680502801,19072.964872792698,1.9733396125570168,4.995226289084451,0.5820598842937186,0.45872772216488755,3.0218866765274344,3.455781900959222,1.3862231917638523,0.7168227092331594,3.410976479371735,0.31664122697190517,0.1576611865323434,-0.3911112280949262,0.8711494606458792,0.12181782483191986,russia_ukraine_war,2022-02-24
2021-07-08,2265,-2.9685683405343575,-54932.70110064614,15998.464578228513,2.0473857145514778,5.015954055085835,0.4816827321612249,0.39317842309244505,2.9685683405343575,3.4336233225406656,1.1671770189734552,0.710139143616957,3.417289450270976,0.20998158038083045,0.11973303863524183,-0.5929977389371355,0.6261267835607538,0.14328745906199922,russia_ukraine_war,2022-02-24
2021-07-09,2920,-3.137301431766011,-78205.253124004,21741.448337285274,2.1542000268028287,5.29150145856884,0.6209772970908507,0.48302923715937895,3.137301431766011,3.597058112724105,1.5154083173249635,0.7106787008537588,3.441334494318663,0.5475204690911708,0.39947927399924854,-0.2720462203844204,0.6459072070941682,0.22506168374788557,russia_ukraine_war,2022-02-24
2021-07-10,1831,-2.846757048126783,-41947.148581373054,13314.186762594518,2.2123906628821346,5.059147711008918,0.3893867914292286,0.32886249255895483,2.846757048126783,3.150560325563502,0.9361916185567465,0.6957465464493906,3.415249091499618,-0.033693492312378164,-0.3647770689516226,-0.8058881809456445,0.09848736312088222,0.13634845091221384,russia_ukraine_war,2022-02-24
2021-07-11,1310,-3.420459897662697,-40455.61385947388,10128.389003713126,2.1555673808301496,5.576027278492845,0.2785891298592515,0.24575722771827013,3.420459897662697,3.9942792328219836,0.8406027419711024,0.7212001565251613,3.48556495200953,1.1139594124545378,1.079390282112841,-0.8939888061397143,1.0316287490791667,0.3754840068677512,russia_ukraine_war,2022-02-24
2021-07-12,2044,-3.1113597633555417,-57248.56013016337,15643.769753851842,2.2710739720041855,5.382433735359728,0.43468410796359547,0.36094469115529954,3.1113597633555417,3.6595118076362323,1.1230287888573918,0.7032636460509415,3.5077733488036555,0.4956259541347633,0.5063793166194901,-0.6336874803941555,0.3740677904039566,0.45101202111278405,russia_ukraine_war,2022-02-24
2021-07-13,2312,-2.4359397786034243,-49014.55694392382,17150.842092544633,2.491122258739947,4.927062037343372,0.49167791468289274,0.3999016035998161,2.4359397786034243,2.8578513334473614,0.9741362237360903,0.6641870625868355,3.443136334700402,-0.8555050504705556,-0.8657979257090864,-0.7709160842075143,-1.0584982441846102,0.23118952031712747,russia_ukraine_war,2022-02-24
2021-07-14,2407,-2.3242867978650206,-46462.18013780509,17401.870783447695,2.4527030454895287,4.776989843354549,0.5118809431841361,0.41335453337675065,2.3242867978650206,2.6699531743448506,0.9607544847652375,0.660745887384204,3.365846551285804,-1.0788591226596147,-1.1874173470193041,-0.7832495231140768,-1.184653354927248,-0.03166348599611439,russia_ukraine_war,2022-02-24
2021-07-15,2762,-2.5477539442837474,-63790.82955980467,20263.317692015917,2.394355774421471,4.942109718705218,0.5873764707414142,0.4620826350508704,2.5477539442837474,3.1480940352102023,1.1772728560358823,0.6736363339179241,3.346990130887978,-0.6318285389438704,-0.3689985412640707,-0.5836927906123126,-0.7120834873018015,-0.0957918425641148,russia_ukraine_war,2022-02-24
2021-07-16,2487,-2.6803657740783104,-52919.42467960826,17370.257266404664,2.1520280631829323,4.832393837261243,0.5288940198167622,0.4245446111481478,2.6803657740783104,3.0465538804631445,1.1379348452908804,0.6918817199393305,3.3194857292833557,-0.3665477375790187,-0.5428016586840876,-0.619949136165454,-0.043199004956186844,-0.1893309149902936,russia_ukraine_war,2022-02-24
2021-07-17,2312,-2.935665432653745,-55292.37327551853,17308.807125634743,2.275421419839811,5.211086852493556,0.49167791468289274,0.3999016035998161,2.935665432653745,3.194464695006581,1.1739773141507805,0.6960637272987856,3.3076082928368526,0.14416158692078532,-0.28962732847135814,-0.5867301659932291,0.11011536309899295,-0.22972460920613394,russia_ukraine_war,2022-02-24
2021-07-18,1480,-2.14654065271296,-28671.20958954787,12114.100461088268,3.019331180767935,5.165871833480895,0.31474191770358184,0.273640386066696,2.14654065271296,2.36676339953121,0.587380212916232,0.6311232384203699,3.2080038873877843,-1.4344280028907286,-1.7063778327872314,-1.1273743622820076,-2.270633678644882,-0.5684668886855418,russia_ukraine_war,2022-02-24
2021-07-19,2544,-3.335957342616401,-79859.98480343765,20479.832120255844,2.3571455661634677,5.693102908779869,0.5410158369175082,0.43244183332443586,3.335957342616401,3.8994452852204335,1.4426075091331496,0.7071959240140028,3.2762637042255167,0.9449178906326438,0.9170659704013352,-0.33914395126512425,0.5182269606552953,-0.33632368329003565,russia_ukraine_war,2022-02-24
2021-07-20,2123,-3.3049028651606522,-74295.20330799633,17041.215562851852,2.361023735307534,5.665926600468187,0.45148452113831367,0.3725868403804321,3.3049028651606522,4.359736137013163,1.2313633162944446,0.7058629197212585,3.39082116399664,0.8827955545017723,1.7049314720915365,-0.533839674475471,0.46935839271868623,0.05327208688986533,russia_ukraine_war,2022-02-24
2021-07-21,1958,-2.9630289545002544,-53651.126263902086,14625.803060717424,2.253368837539817,5.2163977920400715,0.4163950505835225,0.3481149468859949,2.9630289545002544,3.668251653681873,1.0314746671175212,0.6983347741257948,3.420869469299823,0.19890042141882372,0.5213390386357434,-0.7180694257887094,0.19337301407357058,0.15546266156377506,russia_ukraine_war,2022-02-24
2021-07-22,2080,-2.7885170842785114,-50721.95774113305,15133.8690024989,2.243690737307595,5.032207821586106,0.4423399924482772,0.36626678946826297,2.7885170842785114,3.351552582671216,1.021341199836092,0.6916269902409486,3.412418814744063,-0.15019851531872655,-0.020744888287465704,-0.7274090564525103,-0.0525375161962486,0.12672302927135626,russia_ukraine_war,2022-02-24
2021-07-23,1576,-2.988383919345477,-44163.21718208217,11910.501164969544,2.2845203388582087,5.2729042582036865,0.3351576096627331,0.2890493445561774,2.988383919345477,3.707922661724125,0.8637904131690307,0.6977117919580219,3.446857625103931,0.24962127643709922,0.5892426663790112,-0.8726176131484283,0.17053419310741344,0.2438451693139059,russia_ukraine_war,2022-02-24
2021-07-24,749,-2.5166666543656926,-16384.606602589723,5559.277947701108,2.45280014925314,4.9694668036188325,0.15928492997296134,0.14780337536273502,2.5166666543656926,2.94725443784748,0.371971826178091,0.6695349055986118,3.3958534540159357,-0.6940165141380801,-0.7127694190018117,-1.3259080643354362,-0.8624437896282177,0.07038628364102535,russia_ukraine_war,2022-02-24
2021-07-25,694,-2.0230121811160138,-11737.832754077039,4900.458016765605,2.5190832586967513,4.5420954398127655,0.14758843978803096,0.13766273169339382,2.0230121811160138,2.395252181310234,0.2784933831014412,0.6432489013160816,3.2898363082915294,-1.681538173886625,-1.657614473138753,-1.412063583381027,-1.826101140962219,-0.29016493339273763,russia_ukraine_war,2022-02-24
2021-07-26,1278,-2.8043953389812697,-30791.726526213122,9388.062243924905,2.2707531301669963,5.0751484691482665,0.2717838992062011,0.24042055992373165,2.8043953389812697,3.279880951592402,0.6742342976453801,0.690881629781338,3.2888717760385386,-0.11843516405249108,-0.14342298487994865,-1.0473242619082384,-0.07986278323102612,-0.2934451884430684,russia_ukraine_war,2022-02-24
2021-07-27,1938,-2.4273101337012792,-38631.6161972924,13342.444866062231,2.2286681700075213,4.6559783037088005,0.41214178142536595,0.34510754580446407,2.4273101337012792,2.895392604960697,0.837683043147954,0.6762842974558011,3.2496866606476833,-0.872768058745772,-0.8015397015889579,-0.8966797812916955,-0.6150078914100575,-0.42670892561731727,russia_ukraine_war,2022-02-24
2021-07-28,2363,-2.800968344514091,-55873.28211488804,17015.915654473996,2.2000058096460426,5.000974154160135,0.5025237510361918,0.4071461949802835,2.800968344514091,3.283589508167154,1.140403603729136,0.6944852199695333,3.252625055933619,-0.12529062966166335,-0.1370751642032324,-0.6176737755834245,0.05224653771119576,-0.41671580620977833,russia_ukraine_war,2022-02-24
2021-07-29,1945,-2.199415061095582,-37005.434477245435,13870.831707359072,2.4660589752000424,4.665474036295624,0.4136304256307207,0.3461611652995892,2.199415061095582,2.6678598124445894,0.7613520805263138,0.6542035252133194,3.189874095737476,-1.3286564028067558,-1.1910004893245334,-0.9670311209960228,-1.4244994469121197,-0.6301240706387289,russia_ukraine_war,2022-02-24
2021-07-30,1439,-2.6591526711474187,-32507.01009776075,10165.119898676176,2.20243196834435,4.8615846394917686,0.306022715929361,0.26698642421703284,2.6591526711474187,3.1978973609543164,0.7099576631168207,0.6882181780403531,3.1879739096991386,-0.40898308406100176,-0.2837517411801617,-1.0143993971699197,-0.17750618397524923,-0.6365863686380923,russia_ukraine_war,2022-02-24
2021-07-31,1096,-3.793838029644737,-35657.83593840295,8359.509223341352,1.9167257038552563,5.710563733499993,0.23307914986697684,0.20951441503918625,3.793838029644737,4.265541790281113,0.794863755534436,0.7487015905718823,3.3007125729103874,1.8608765631925315,1.5437019452491358,-0.93614468708265,2.039844330515527,-0.2531761008947904,russia_ukraine_war,2022-02-24
2021-08-01,941,-3.64662891755454,-28414.651745412204,7107.001295544335,1.9529880361984657,5.599616953753005,0.20011631389126386,0.18241848033943592,3.64662891755454,3.998121087050665,0.6652125055021414,0.7414153078577707,3.3702237344912898,1.5663949073403116,1.0859662642283052,-1.0556393039568615,1.7727257595116377,-0.016777226597845057,russia_ukraine_war,2022-02-24
2021-08-02,1278,-2.979352665278766,-33527.18154733612,9567.738118766976,2.253570192699809,5.232922857978575,0.2717838992062011,0.24042055992373165,2.979352665278766,3.5041909729503415,0.7162976359965831,0.6989818627433838,3.383868211081934,0.2315548767813658,0.2405214859323737,-1.0085560857473812,0.2170955888933054,0.029625952877801485,russia_ukraine_war,2022-02-24
2021-08-03,1686,-3.510117716398729,-56406.03048332215,13160.164616487411,2.1477183115774476,5.657836027976177,0.35855059003259393,0.30641838881738304,3.510117716398729,4.286118914702263,1.0755646152182503,0.7248474332317224,3.475859934216442,1.293313683033302,1.5789231676398678,-0.6774334006444229,1.165339638450159,0.3424784401481151,russia_ukraine_war,2022-02-24
2021-08-04,1376,-3.201676972077193,-39669.215074620835,10331.319000067377,2.1532745227068175,5.354951494784009,0.292624918081168,0.25667497114898824,3.201676972077193,3.8397047922305108,0.8217903444362935,0.7132112808417533,3.514364632183825,0.6762992888126211,0.8148100309286992,-0.9113274761127952,0.7387527874661635,0.47342816171245855,russia_ukraine_war,2022-02-24
2021-08-05,1438,-2.8534200798986724,-35887.89217031535,10516.649393815653,2.2299830733384427,5.083403153237114,0.30581005247145315,0.26682357806474416,2.8534200798986724,3.4124834656387164,0.761359755440352,0.695082003841794,3.504059770779758,-0.020364557701457772,0.08354860460001312,-0.9670240473202018,0.07412491677102886,0.4383826009664743,russia_ukraine_war,2022-02-24
2021-08-06,1803,-2.8934332843984705,-47091.463086441,13135.95552847473,2.196088551498693,5.089521835897163,0.3834322146078095,0.32456752345927276,2.8934332843984705,3.584928632284201,0.9391144754118412,0.6985717826336229,3.5120796719376934,0.05967909278829143,0.3787176204603912,-0.8031942951559532,0.20206185808509594,0.4656572941609206,russia_ukraine_war,2022-02-24
2021-08-07,1098,-3.4894192754200763,-36639.293720751906,8417.814243753319,2.088539107168521,5.577958382588598,0.23350447678279249,0.20985928631412365,3.4894192754200763,4.352589955039831,0.7322870387904037,0.7275758441245264,3.6027689026115146,1.2519078822210643,1.6926995751862206,-0.9938192624586037,1.2653644724283573,0.7740801654604487,russia_ukraine_war,2022-02-24
2021-08-08,961,-4.047041446451155,-35081.90545213801,7750.455379305778,2.008974271210312,6.056015717661467,0.20436958304942038,0.18595626244886088,4.047041446451155,4.526431510825672,0.7525727013576886,0.7509018270348343,3.69807397161454,2.367392500894185,1.9902587468064548,-0.975122740242941,2.1205060400476192,1.0982009327545725,russia_ukraine_war,2022-02-24
2021-08-09,1314,-2.7954640964076107,-31514.46105299486,9455.510871693079,2.2002553458955396,4.99571944230315,0.2794397836908828,0.24642231313499996,2.7954640964076107,3.3329199744605615,0.688864728922606,0.694238041313884,3.6597549702026804,-0.13630149762766708,-0.05263774289995473,-1.0338399508835385,0.0431848512696554,0.9678827422377357,russia_ukraine_war,2022-02-24
2021-08-10,1809,-2.5071459565874994,-40712.64182826082,13194.20862678622,2.393250854427704,4.900396811015204,0.38470819535525647,0.32548942816701565,2.5071459565874994,3.0856448446334297,0.8160495037409106,0.671871885755209,3.6036019461239834,-0.7130620121156308,-0.47589087395390556,-0.9166185902305518,-0.7767689916018318,0.7769132435461716,russia_ukraine_war,2022-02-24
2021-08-11,2140,-3.4754741449613062,-67842.56841424631,16444.273755999595,2.10438296396785,5.579857108929157,0.45509979992274674,0.375074489283397,3.4754741449613062,4.125604415305624,1.3035616899390128,0.7261429960536769,3.6638410194332596,1.2240116124163958,1.3041755029771078,-0.4672971845615683,1.2128355843562948,0.9817788909491422,russia_ukraine_war,2022-02-24
2021-08-12,2114,-3.030479584209242,-54163.39648742701,15328.450003528,2.110221419704272,5.140701003913514,0.44957055001714324,0.3712673401628052,3.030479584209242,3.533520771830208,1.1251180946470491,0.7089720043299822,3.652937511817031,0.33383074497656196,0.2907243883341017,-0.6317618468595309,0.5833389051964698,0.9446974083822798,russia_ukraine_war,2022-02-24
2021-08-13,1615,-3.3266233383393033,-45741.8306836444,11728.492649949649,1.9678006063565554,5.2944239446958585,0.34345148452113833,0.2952420371605988,3.3266233383393033,3.9000604808189716,0.9821590512772879,0.729036111108491,3.6823632944690727,0.9262458601025819,0.918118981528956,-0.7635217497676653,1.318898550825471,1.044770860415635,russia_ukraine_war,2022-02-24
2021-08-14,1051,-3.7093118808399432,-37024.01700642533,8367.53699968914,2.126094297300835,5.835406178140778,0.22350929426112467,0.20172320032545496,3.7093118808399432,4.4247210389151315,0.748254263608266,0.7329530653349733,3.7633931531606164,1.6917878436872096,1.8161641028072517,-0.9791028797651891,1.462495945645081,1.3203434007597785,russia_ukraine_war,2022-02-24
2021-08-15,1071,-2.6687308658243323,-22905.690464524054,7319.373424048879,2.082708994748375,4.751439860572708,0.2277625634192812,0.2051934587655628,2.6687308658243323,3.1294605613731954,0.5476061168729098,0.695249688170492,3.704211885082843,-0.3898225675108835,-0.4008928775422017,-1.1640326310378508,0.0802723035825267,1.119075218285683,russia_ukraine_war,2022-02-24
2021-08-16,2041,-3.2789303093223254,-57173.19484129523,15303.104235082597,2.109457979851967,5.388388289174293,0.434046117589872,0.3604999017648168,3.2789303093223254,3.7360521083183125,1.1820540544043785,0.718658144730684,3.7064935694385803,0.8308392513804109,0.6373909631936887,-0.5792861422606711,0.9384373942198873,1.126834944938639,russia_ukraine_war,2022-02-24
2021-08-17,2071,-2.73269645830449,-44519.536048867245,14644.299854517254,2.16921426590262,4.901910724207111,0.4404260213271068,0.3649389179773009,2.73269645830449,3.040059032602677,0.9972672886540429,0.6932292571639357,3.6325622058242573,-0.2618638200959564,-0.5539186872934093,-0.7495970630675348,0.006202347137104845,0.8754035095234397,russia_ukraine_war,2022-02-24
2021-08-18,1516,-3.0458731995764325,-39659.274381007555,11105.474720763967,2.139818914975625,5.185692114552057,0.3223978021882636,0.27944660553619977,3.0458731995764325,3.571146247972308,0.851158926515318,0.7078949296028032,3.6258843459421604,0.3646246087429906,0.3551267428922522,-0.8842595730821825,0.543852836198455,0.8526929329349144,russia_ukraine_war,2022-02-24
2021-08-19,2001,-2.480766862629492,-41068.52518731554,14254.365966783278,2.3214271550878727,4.8021940177173645,0.42553957927355895,0.3545503941717865,2.480766862629492,2.881119039809759,0.8795568689935925,0.6741225987774264,3.5488098485404453,-0.7658315666516007,-0.8259713180869876,-0.8580862715859605,-0.6942567875296254,0.5905720877586748,russia_ukraine_war,2022-02-24
2021-08-20,1987,-3.51623892842168,-65005.511055630974,15292.87963851428,2.090113962692603,5.606352891114282,0.4225622908628494,0.35245967576987075,3.51623892842168,4.2507044188014245,1.239332432640903,0.7284320192116757,3.621996814990934,1.3055587446789199,1.5183052790345468,-0.5264948435971814,1.296752256128476,0.8394719203699781,russia_ukraine_war,2022-02-24
2021-08-21,1553,-2.603510273190678,-31975.408227654705,10524.629671151093,2.0867283376967065,4.690238610887384,0.3302663501308531,0.2853791854399338,2.603510273190678,3.0381504363333587,0.7429876410476552,0.6920852125252454,3.564114149803051,-0.5202918560061071,-0.5571855720281238,-0.9839569250979142,-0.03573887049637526,0.642620125916841,russia_ukraine_war,2022-02-24
2021-08-22,1665,-2.9432005245358384,-41504.88711450367,12031.209797367217,2.141375652857371,5.08457617739321,0.35408465741652956,0.30312569647685,2.9432005245358384,3.449768378537141,0.8921597088709563,0.7036548674608155,3.558503132879333,0.15923501751846386,0.1473680276708426,-0.8464707142943996,0.388410152353388,0.6235377504499279,russia_ukraine_war,2022-02-24
2021-08-23,2379,-2.84103715199001,-56129.05734062887,17135.919301829857,2.1809777043391385,5.0220148563291485,0.505926366362717,0.4094082346649227,2.84103715199001,3.27552063895604,1.1631440050136896,0.6972122786509182,3.530180803683196,-0.04513574926062774,-0.15088639608917387,-0.5967148142283532,0.15222179897912103,0.5272170073180257,russia_ukraine_war,2022-02-24
2021-08-24,3593,-2.6418306263017834,-79241.79621002538,26249.835137074355,2.331998009570282,4.973828635872065,0.7640998042628173,0.5676405343643853,2.6418306263017834,3.0187540529771564,1.499610148414143,0.6808029915375735,3.4797193915662836,-0.44363463773495926,-0.5903857567469616,-0.28660679069008527,-0.449350428848377,0.35560397786248343,russia_ukraine_war,2022-02-24
2021-08-25,2556,-2.2907511595709944,-48274.295730031576,17987.61367071777,2.3733281899167262,4.664079349487721,0.5435677984124022,0.43409648910871274,2.2907511595709944,2.683752087060766,0.9944070357914813,0.6627553290572151,3.3968100620841226,-1.1459448495868652,-1.1637981782972644,-0.7522332491427947,-1.1109862726479918,0.07363958951765857,russia_ukraine_war,2022-02-24
2021-08-26,3049,-3.4979998396902108,-96133.57487715385,23514.659670380082,2.107126624986,5.605126464676211,0.6484108831609602,0.49981172271804675,3.4979998396902108,4.08824011168859,1.7483413259430156,0.7267819662440188,3.473797109843889,1.2690727080836601,1.2402201892881983,-0.057360742109136956,1.2362605337928074,0.3354630292636884,russia_ukraine_war,2022-02-24
2021-08-27,1578,-3.2029965951726016,-46588.668238900085,12146.619948791817,2.247240596200713,5.450237191373316,0.33558293657854876,0.2893678531586023,3.2029965951726016,3.8355253095355226,0.9268442484194085,0.7080549423827616,3.5134912268356695,0.6789391036224454,0.8076561406928464,-0.8145032958254812,0.5497189804042043,0.47045781800918784,russia_ukraine_war,2022-02-24
2021-08-28,1304,-3.150469473197485,-32516.343647686168,9195.3315662046,1.950582581731242,5.101052054928727,0.27731314911180455,0.24475876947207714,3.150469473197485,3.5361795725988574,0.7711050315191595,0.7233857563194536,3.511732162366394,0.5738622259974633,0.2952753747230938,-0.958042197696072,1.1117538714144601,0.4644754570344183,russia_ukraine_war,2022-02-24
2021-08-29,1114,-3.3178227262888362,-31966.464158347375,8638.980238814214,2.21854834907022,5.536371075359056,0.23690709210931768,0.21261398315983066,3.3178227262888362,3.700258974401253,0.705415505254478,0.7139172920247983,3.5289399016052814,0.9086408438618302,0.5761249716998422,-1.01858573099553,0.7646354914082539,0.5229968526312081,russia_ukraine_war,2022-02-24
2021-08-30,2332,-2.680044090874096,-51375.55546148795,16673.957297982968,2.2350116805455778,4.915055771419674,0.49593118384104923,0.40274887838799767,2.680044090874096,3.081185500439227,1.079384751629923,0.6874139026574824,3.4818284159715067,-0.3671912425991353,-0.48352379439342985,-0.6739125264777153,-0.2069912999658705,0.36277650935124656,russia_ukraine_war,2022-02-24
2021-08-31,2284,-3.1222097927200987,-66899.06685701666,18033.695839586566,2.3867269424286026,5.508936735148701,0.4857233378614736,0.3959017498648292,3.1222097927200987,3.709670355544289,1.2360883203829927,0.6977167417595803,3.5014291757653795,0.5173306880873889,0.5922341394075571,-0.5294848182504096,0.1707156551739997,0.42943627226203346,russia_ukraine_war,2022-02-24
2021-09-01,2208,-2.7200819446722133,-52253.38862758634,16594.353419450305,2.397738334604632,5.117820279276844,0.46956091506047887,0.3849636589339703,2.7200819446722133,3.1488655994478187,1.0471326980212445,0.6809633910410954,3.4623576622922485,-0.28709828289148775,-0.3676778788116489,-0.7036380153443139,-0.44347010717385377,0.29655888117749507,russia_ukraine_war,2022-02-24
2021-09-02,2184,-2.8237213054896633,-58264.8843309905,16585.948872390814,2.3852888143776085,5.209010119867271,0.4644569920706911,0.3814845198832424,2.8237213054896633,3.5129063027547964,1.0772059665088065,0.6859105975376273,3.4679671109330563,-0.07977490357317202,0.2554392442628704,-0.6759206297025913,-0.26210317678349626,0.3156359231079499,russia_ukraine_war,2022-02-24
2021-09-03,1469,-2.3502412723904786,-31981.871435808156,10897.782629452937,2.5341314500719276,4.884372722462406,0.31240261966659577,0.2718595181913542,2.3502412723904786,2.9347136498549915,0.6389354599455107,0.6584039866885713,3.4110509559738125,-1.0269389899551384,-0.7342350948561336,-1.0798578555758673,-1.2705085422422941,0.12207111055599869,russia_ukraine_war,2022-02-24
2021-09-04,976,-2.261598865077178,-20407.51486014313,7125.196846699176,2.5194038700736945,4.781002735150872,0.20755953491803775,0.18860140960912308,2.261598865077178,2.8641334827959355,0.42654073392394876,0.6548954042819104,3.348139215546138,-1.204262000152725,-0.8550449665118095,-1.2756139813804994,-1.399134832970967,-0.09188394758030376,russia_ukraine_war,2022-02-24
2021-09-05,1034,-2.756944634368106,-23363.197803005143,7327.497790130936,2.1648051441945424,4.921749778562648,0.21989401547669166,0.19876398241143697,2.756944634368106,3.188427819722026,0.5479812948148477,0.6945193866708544,3.3247789575535016,-0.2133570195506575,-0.2999604596995426,-1.1636868438246897,0.05349910514385271,-0.17132929947991424,russia_ukraine_war,2022-02-24
2021-09-06,1817,-3.3101205585183875,-62249.79951201571,14626.114624266402,2.3697373608801566,5.679857919398544,0.38640950301851906,0.3267173138522874,3.3101205585183875,4.256072177141026,1.081473697406361,0.7056078873075827,3.4230063827399357,0.8932331894952743,1.5274931036474204,-0.671987224753557,0.460008783792752,0.16273004021525506,russia_ukraine_war,2022-02-24
2021-09-07,1849,-2.8693180516890666,-50625.1494776753,13833.225616747088,2.3060726174077883,5.175390669096855,0.3932147336715695,0.3316138348712241,2.8693180516890666,3.659677856796202,0.9515055625858405,0.6917618213047209,3.449843624463277,0.011438236236044242,0.5066635377901154,-0.7917739022623776,-0.047594545617847386,0.25400018429490684,russia_ukraine_war,2022-02-24
2021-09-08,2301,-2.622727355823105,-54121.00894491073,16442.756583710525,2.261595162529674,4.884322518352779,0.48933861664590667,0.3983321399671362,2.622727355823105,3.2914802739661804,1.044716600195366,0.6835122844221754,3.4294008431906122,-0.48184941019624006,-0.12356878637548137,-0.7058648406465153,-0.35002647009445353,0.18447681034391844,russia_ukraine_war,2022-02-24
2021-09-09,2189,-2.304625915139232,-46304.94664387667,16149.711674393198,2.536520225252037,4.841146140391269,0.4655203093602302,0.38221033938751003,2.304625915139232,2.8672305473600046,0.8808518531866169,0.6561893558830155,3.36950422931573,-1.1181893598874504,-0.8497438176468392,-0.8568927339998204,-1.3516979551833426,-0.019224174824356642,russia_ukraine_war,2022-02-24
2021-09-10,2412,-2.9379567651175997,-68534.4994062133,18743.406373716927,2.4164706998866667,5.3544274650042665,0.5129442604736753,0.41405759372685125,2.9379567651175997,3.6564591323333993,1.2164833086381173,0.6890358554942428,3.3968544324401746,0.14874523917221966,0.5011541474691659,-0.5475540105388353,-0.1475297417213545,0.0737904876178239,russia_ukraine_war,2022-02-24
2021-09-11,1584,-3.620870620166693,-58232.00796097252,13423.518917724707,2.426786570511574,6.047657190678267,0.3368589173259957,0.29032277073149027,3.620870620166693,4.3380583227011895,1.051221190907044,0.7136347070204824,3.490496227067685,1.5148672134428072,1.667826233128106,-0.6998698072409609,0.7542757914759697,0.39225466421376093,russia_ukraine_war,2022-02-24
2021-09-12,1143,-2.956566599641337,-29656.56546119799,8592.598918465641,2.280508877985824,5.23707547762716,0.24307433238864462,0.21758761153594755,2.956566599641337,3.4514080946412533,0.6433122647629166,0.6966433936610118,3.4883653673994712,0.1859729271045275,0.15017467860897105,-1.0758239213511003,0.13136620614369016,0.3850078736927279,russia_ukraine_war,2022-02-24
2021-09-13,1579,-2.35320230136986,-31641.035548117594,11032.067124070161,2.3167703262213903,4.6699726275912505,0.3357956000364566,0.2895270694249923,2.35320230136986,2.8680967213372046,0.6813157660797632,0.6684048144411643,3.421545223692568,-1.0210156561037635,-0.8482612146525806,-1.0407975422872349,-0.90387346603878,0.15776081878216924,russia_ukraine_war,2022-02-24
2021-09-14,2031,-2.6818029453710945,-44371.11480322312,14309.563283245328,2.181886140127187,4.863689085498282,0.43191948301079375,0.35901584000989006,2.6818029453710945,3.1008014657705196,0.9628097371734008,0.6903182394261512,3.389806297670933,-0.363672775723512,-0.44994775805318177,-0.7813552752835923,-0.10051694015845528,0.049820651875650525,russia_ukraine_war,2022-02-24
2021-09-15,2422,-1.9176907815939908,-38108.02044084863,16108.982585997408,2.366708404825921,4.284399186419912,0.5150708950527535,0.41546223328082,1.9176907815939908,2.365637943762736,0.7967280948630806,0.6441632656881127,3.2807320489534235,-1.8922263553961716,-1.7083042403406414,-0.9344263965629334,-1.7925801105524641,-0.3211273948145734,russia_ukraine_war,2022-02-24
2021-09-16,2929,-1.780581455972169,-46431.37757533071,19617.168478285566,2.4584918732917527,4.239073329263922,0.6228912682120211,0.484209291964156,1.780581455972169,2.3668745887932836,0.86217408608079,0.6329275193388734,3.186506390636998,-2.16650408636405,-1.7061875135936064,-0.8741073202365175,-2.2044878866751567,-0.6415772196958119,russia_ukraine_war,2022-02-24
2021-09-17,2586,-2.2127286931572776,-48543.42593761123,18522.381847368328,2.4749159796720046,4.687644672829283,0.549947702149637,0.4382211898133088,2.2127286931572776,2.620798250334544,0.9696646006494302,0.6544649183797526,3.1209344282867333,-1.3020234019057444,-1.2715542980690353,-0.7750374088180617,-1.4149166497812036,-0.864579363991773,russia_ukraine_war,2022-02-24
2021-09-18,1305,-2.721125759068402,-30010.418724715884,9420.049251548195,2.2486513930896272,4.96977715215803,0.27752581256971237,0.2449252484256148,2.721125759068402,3.1858027408703453,0.6664724025371681,0.6884846363728218,3.1282366686273115,-0.2850102043246954,-0.3044537253345224,-1.0544781048672733,-0.1677376954614491,-0.8397453465894122,russia_ukraine_war,2022-02-24
2021-09-19,1220,-2.0288254584005085,-22681.150303197926,9172.125954658884,2.744655285004206,4.773480743404715,0.2594494186475472,0.23067465613712557,2.0288254584005085,2.4728345876756386,0.4679986149787835,0.6349287543304716,3.057301348764051,-1.669909114405462,-1.5248190867535005,-1.2374038321391299,-2.131121665218587,-1.0809876072880993,russia_ukraine_war,2022-02-24
2021-09-20,2554,-3.2443628228986054,-68586.21824167905,18788.19690266533,2.0560090550082792,5.300371877906885,0.5431424714965866,0.4338209032057183,3.2443628228986054,3.6504949675053315,1.407472410156927,0.7205135142188007,3.1186915044131647,0.7616893835755627,0.4909454724626407,-0.37152663319033086,1.0064561173185798,-0.8722072710326912,russia_ukraine_war,2022-02-24
2021-09-21,2399,-3.4888184531139714,-72345.94948091266,17754.976566922844,1.9560860979371457,5.444904551051118,0.5101796355208735,0.41222860767229513,3.4888184531139714,4.074685720266828,1.438190773348583,0.7356994231299903,3.2201223031274493,1.250705978717521,1.2170195600425393,-0.3432146883407787,1.5631787215480146,-0.5272536536601863,russia_ukraine_war,2022-02-24
2021-09-22,2481,-2.669670373291443,-56910.30685867691,17735.01788837797,2.2393320621204955,4.909002435411939,0.5276180390693153,0.4237096850644365,2.669670373291443,3.2089230028897298,1.131165193093174,0.686733733166306,3.2219026267490656,-0.3879431477475825,-0.26487949359786,-0.6261884666426771,-0.23192663525989965,-0.5211989929343039,russia_ukraine_war,2022-02-24
2021-09-23,2250,-2.36870628156899,-49017.979859385574,16079.056747112569,2.388770580796076,4.757476862365066,0.47849278029260756,0.39102317716868373,2.36870628156899,3.0485606606362703,0.9262190559985252,0.6657307769153591,3.19882680578833,-0.9900010151178013,-0.5393667156220566,-0.8150795118572395,-1.001904946662016,-0.5996770096229871,russia_ukraine_war,2022-02-24
2021-09-24,1981,-2.5123068640537354,-43704.59348449752,14818.722904921386,2.484059315303113,4.9963661793568495,0.42128631011540246,0.3515623137706191,2.5123068640537354,2.9492820511532045,0.8832324140285394,0.6679253984848316,3.168978056549646,-0.7027379733738846,-0.7092988165161737,-0.8546986617816164,-0.9214490817809523,-0.7011889187713347,russia_ukraine_war,2022-02-24
2021-09-25,1557,-2.727886063566642,-38423.99826873866,11942.426453185999,2.4711329005178992,5.199018964084541,0.3311170039624844,0.28601844235817614,2.727886063566642,3.2174364581067114,0.7802257228319076,0.6778247752926359,3.1720636395169115,-0.2714866823467414,-0.25030727770540795,-0.9496360040514036,-0.5585332452037679,-0.6906952322406839,russia_ukraine_war,2022-02-24
2021-09-26,2289,-1.6378036511371192,-33764.7052254328,16547.801393631376,2.7957336907336203,4.43353734187074,0.4867866551510127,0.3966171838498406,1.6378036511371192,2.0404345219194835,0.6495810718129911,0.6132758506183089,3.0497343558696164,-2.452121218277792,-2.2649447994653733,-1.0700462007620553,-2.924927358000142,-1.1067220154230475,russia_ukraine_war,2022-02-24
2021-09-27,2390,-2.376982146973196,-52597.50199695042,17238.9207089505,2.417977694076268,4.794959841049464,0.5082656643997031,0.4109604240959759,2.376982146973196,3.0510901978707774,0.976845591188668,0.664772128927896,3.0497037389181605,-0.9734457182802826,-0.5350369855947338,-0.7684189634652416,-1.0370494353614363,-1.106826139893046,russia_ukraine_war,2022-02-24
2021-09-28,2311,-2.799625650517277,-57830.93452745546,17145.31686235446,2.309688875813291,5.109314526330569,0.4914652512249849,0.3997590268299859,2.799625650517277,3.3729872122943023,1.1191756255390528,0.6886793615506548,3.0801727553520237,-0.12797659621543447,0.015944099025149983,-0.6372387942022675,-0.16059897832925513,-1.0032047786312692,russia_ukraine_war,2022-02-24
2021-09-29,2312,-2.7834828418640973,-57447.418451610174,17990.83568758383,2.499010241607706,5.282493083471803,0.49167791468289274,0.3999016035998161,2.7834828418640973,3.1931489703536595,1.1131192520540258,0.6788525125275621,3.0917149315372026,-0.16026916937749022,-0.29187941334274514,-0.6428207228690576,-0.5208559120103565,-0.9639512631517791,russia_ukraine_war,2022-02-24
2021-09-30,2494,-2.0827590650293617,-46150.72137286354,17907.894023847573,2.5488157409110554,4.631574805940416,0.530382664022117,0.42551781133674943,2.0827590650293617,2.577116064647556,0.8862510788930685,0.6450310433283207,3.0350871481357835,-1.562018661425788,-1.3463237335404594,-0.8519164734003342,-1.760766971768737,-1.15653535965614,russia_ukraine_war,2022-02-24
2021-10-01,2257,-2.263885892740857,-45531.82386002643,17269.58886698438,2.693841029479014,4.95772692221987,0.47998142449796233,0.39202953668236873,2.263885892740857,2.636532010734382,0.8875101376329488,0.6479360770911147,2.9935849278477717,-1.1996869593565596,-1.2446233108842761,-0.8507560469354397,-1.6542670598269902,-1.2976792843694533,russia_ukraine_war,2022-02-24
2021-10-02,1440,-2.396062031192118,-29552.041996822,10680.41983905911,2.5104480951883543,4.906510126380472,0.3062353793872688,0.26714924385476996,2.396062031192118,2.7669363603805097,0.6401061598620985,0.6615259220568527,2.970383300499114,-0.9352777284155378,-1.0214142508815034,-1.0787788660715434,-1.1560569148401993,-1.3765851530434539,russia_ukraine_war,2022-02-24
2021-10-03,1545,-3.1079223484867695,-41421.31735365559,11573.716967902415,2.1915782975696945,5.299500646056464,0.3285650424675905,0.28409944434752016,3.1079223484867695,3.578912243018386,0.8829590122803311,0.7074415696240373,3.0333926429434257,0.48874964323230474,0.3684195545118433,-0.8549506457551357,0.5272324449194054,-1.1622981625046795,russia_ukraine_war,2022-02-24
2021-10-04,2364,-2.394615795310581,-47385.59160861674,17059.603547601237,2.4108992824634137,4.805515077773994,0.5027364144940997,0.4072877224664572,2.394615795310581,2.777649051245371,0.9752976134542506,0.6659145162523484,2.9996536997666463,-0.9381708233544365,-1.003077671890582,-0.7698456755583216,-0.995168975651896,-1.2770401407073653,russia_ukraine_war,2022-02-24
2021-10-05,2319,-2.320162841504051,-46336.1872664364,16626.019058863207,2.4246574880153755,4.744820329519427,0.4931665588882475,0.4008990722062793,2.320162841504051,2.786968251533125,0.9301511305264587,0.6618083562396619,2.973565620696935,-1.0871088123737709,-0.9871262872791646,-0.8114554685941069,-1.1457027440956924,-1.3657624751409745,russia_ukraine_war,2022-02-24
2021-10-06,3146,-2.975695014908193,-79043.37403114197,23342.01555596748,2.2219451746767804,5.197640189584973,0.6690392385780193,0.512248154635823,2.975695014908193,3.3863131417087167,1.5242942801457395,0.700529737769536,3.015364086815937,0.22423799997692687,0.03875367697501443,-0.2638563670466189,0.2738414195591393,-1.2236110549496901,russia_ukraine_war,2022-02-24
2021-10-07,2321,-3.0307799719432893,-63501.2009400747,17763.412229482736,2.3112821875489784,5.342062159492269,0.49359188580406316,0.40118388058738325,3.0307799719432893,3.5748312384868766,1.2159000703507292,0.6980036330859056,3.075218523111648,0.33443164988023216,0.36143422627841215,-0.5480915590443873,0.18123322690821295,-1.0200535105182686,russia_ukraine_war,2022-02-24
2021-10-08,3242,-1.582422463426658,-34729.44042898786,31362.764858055096,4.04573584695032,5.6281583103769774,0.6894549305371706,0.5244059506028194,1.582422463426658,1.107346261918234,0.8298317561885117,0.5817882869965082,2.8643538344518333,-2.5629074571761468,-3.8620828855774145,-0.9039160133137882,-4.079276335258413,-1.737178269973467,russia_ukraine_war,2022-02-24
2021-10-09,1598,-1.3615191351334073,-16791.737185191436,13515.170977090596,3.548017333900943,4.90953646903435,0.33983620573670525,0.2925473719667248,1.3615191351334073,1.2424361640451984,0.39830884486568635,0.5804913079394703,2.6850665101748845,-3.004809299904502,-3.630853711462809,-1.3016342377668588,-4.1268242010126395,-2.3469123136989944,russia_ukraine_war,2022-02-24
2021-10-10,1477,-2.8379362312370335,-35690.85330222024,11183.052875740264,2.366764069804728,5.204700301041761,0.31410392732985837,0.2731550092710545,2.8379362312370335,3.19151252335089,0.7751964975542134,0.6874099970782634,2.7342758395546523,-0.05133892693785942,-0.2946804686620174,-0.9542712493543412,-0.2071344803475321,-2.1795574629712404,russia_ukraine_war,2022-02-24
2021-10-11,2434,-2.682454498513651,-59411.753463032255,19143.770391975893,2.591346783605929,5.27380128211958,0.5176228565476474,0.41714520050815085,2.682454498513651,3.1034510050295356,1.1189730196364682,0.6705279084447987,2.772493098907126,-0.3623693886874009,-0.4454126243015066,-0.6374255283425073,-0.8260398355567529,-2.0495852846308726,russia_ukraine_war,2022-02-24
2021-10-12,2383,-2.042593071602238,-43430.528176194406,16878.159236391115,2.520071327478595,4.562664399080832,0.5067770201943483,0.4099729459856807,2.042593071602238,2.5731791937685684,0.8374078990147099,0.6441952058117002,2.7496479171461936,-1.6423679556061748,-1.3530623526941588,-0.8969333711551098,-1.7914091705127828,-2.127278925890311,russia_ukraine_war,2022-02-24
2021-10-13,2172,-2.82804650510358,-54047.630931461295,15881.926425374004,2.2420371584459087,5.070083663549489,0.4619050305757971,0.37974040065120146,2.82804650510358,3.40309037354003,1.0739235129082634,0.693380728652391,2.8207214884216496,-0.07112264063840784,0.06747074167936105,-0.6789459421103511,0.011755363555977364,-1.8855664892160022,russia_ukraine_war,2022-02-24
2021-10-14,2030,-2.6654928113251697,-47607.93078161582,14822.83162925011,2.3181973453842404,4.983690156709409,0.4317068195528859,0.35886731262829114,2.6654928113251697,3.2117973119029695,0.9565582420302923,0.6825208078432392,2.864495152104279,-0.3963000717707345,-0.25995962846495807,-0.7871170401476463,-0.38637447048652207,-1.7366976660935045,russia_ukraine_war,2022-02-24
2021-10-15,2187,-3.607908484700933,-78363.5441412699,17448.057382462117,2.1850849397396384,5.79299342444057,0.46509498244441455,0.3819200748004171,3.607908484700933,4.49124750243181,1.3779326783500399,0.7261138785562471,3.0374999333826502,1.4889373571917954,1.9300353764815006,-0.3987522784035601,1.2117681231267703,-1.148329775066452,russia_ukraine_war,2022-02-24
2021-10-16,1616,-3.556294290746137,-51233.31900224875,12131.180149891989,1.9753120594202442,5.531606350166381,0.34366414797904615,0.29540032097673213,3.556294290746137,4.223275754643287,1.0505304749741287,0.7368677862679719,3.161806954819795,1.385686728983583,1.471356489669134,-0.7005064137970263,1.6060114668691412,-0.7255769499572696,russia_ukraine_war,2022-02-24
2021-10-17,1335,-3.5716457115559543,-43902.13755978003,10439.521170840937,2.12411016700889,5.695755878564846,0.28390571630694716,0.24990677290419278,3.5716457115559543,4.2053784691203004,0.8925784537320479,0.728370006003978,3.2757320708048203,1.4163961854538414,1.4407222639778317,-0.8460847731119449,1.2944788225995423,-0.33813170288477357,russia_ukraine_war,2022-02-24
2021-10-18,1945,-2.245212844784003,-38195.37101790726,13351.979193020916,2.3097789742714734,4.554991819055476,0.4136304256307207,0.3461611652995892,2.245212844784003,2.8606523771301258,0.7772054946960362,0.6635315229291058,3.2298621998487933,-1.237041101393453,-0.8610034665583514,-0.9524196332403143,-1.0825306381335844,-0.49412946801390834,russia_ukraine_war,2022-02-24
2021-10-19,2391,-2.317674063589541,-45602.42331117655,16461.626272465324,2.283577496115169,4.601251559704709,0.5084783278576109,0.41110141283005863,2.317674063589541,2.7702258911960493,0.9527990820212434,0.6683174734476788,3.176694696376534,-1.0920874406047756,-1.0157836635339246,-0.7905817146875235,-0.9070754281757588,-0.674945579903976,russia_ukraine_war,2022-02-24
2021-10-20,3381,-3.2147553028058873,-94728.11264303478,25951.335691064865,2.2304418829160237,5.445197185721912,0.7190151511863583,0.5417515403155393,3.2147553028058873,3.6502210819017686,1.7415986370326373,0.7094128758568865,3.2264844012702842,0.70246158565746,0.49047667101326065,-0.06357522155184929,0.5995014639227323,-0.5056169437429968,russia_ukraine_war,2022-02-24
2021-10-21,2832,-2.3288398486306985,-54706.083616579235,19011.280231688652,2.192091416025162,4.52093126465586,0.602262912794962,0.4714169505333767,2.3288398486306985,2.877559162238494,1.0978545797220944,0.6734568732601424,3.1906475224834914,-1.0697510592414037,-0.832064649548425,-0.656889589706517,-0.7186625999081835,-0.627493741811661,russia_ukraine_war,2022-02-24
2021-10-22,4026,-3.0700749274382897,-106162.5582406553,30354.479560369968,2.234768740996449,5.3048436684347395,0.8561830815369058,0.6185222725685547,3.0700749274382897,3.4974264022387795,1.8989097210748718,0.7035963363048994,3.2243525347808712,0.41303849287047395,0.22894278112730068,0.08141241036848595,0.38626437248991313,-0.512867158338563,russia_ukraine_war,2022-02-24
2021-10-23,2258,-2.59140965535736,-49521.71476149011,16403.726420472954,2.3366526613543037,4.928062316711664,0.48019408795587015,0.3921732196885817,2.59140965535736,3.0189307899992577,1.0162814680735737,0.6783559068168186,3.2027141137852304,-0.5444983057685855,-0.5900832414959137,-0.7320724184200794,-0.5390617122806728,-0.5864567552981723,russia_ukraine_war,2022-02-24
2021-10-24,1188,-2.1218253567111254,-20422.857985166724,8023.858281571898,2.3161320529457408,4.437957409656866,0.2526441879944968,0.2252566675063531,2.1218253567111254,2.545266537430148,0.477955308883227,0.6570770840732619,3.1397572883241134,-1.4838692445921158,-1.4008395763863613,-1.2282271267610567,-1.3191534197977983,-0.8005651420641663,russia_ukraine_war,2022-02-24
2021-10-25,2287,-1.9457827097622586,-38347.05674092848,15867.75779769648,2.4962292830061634,4.442011992768422,0.48636132823519707,0.3963310716743998,1.9457827097622586,2.4166651161322434,0.7711741466055936,0.6402216089368434,3.0639444618977523,-1.8360303943879668,-1.6209626201408167,-0.9579784969544933,-1.9370831116160498,-1.058395200098838,russia_ukraine_war,2022-02-24
2021-10-26,2221,-2.384840034808993,-45971.54572192335,15922.058460255363,2.3920145751788797,4.776854609987873,0.4723255400132806,0.38684315075587095,2.384840034808993,2.8872865802294037,0.9225590331142518,0.6663330696383408,3.043596394521891,-0.9577265566840312,-0.8154145314204866,-0.8184528154867698,-0.9798246105288418,-1.1275964637861586,russia_ukraine_war,2022-02-24
2021-10-27,2032,-1.9673246563436415,-31414.087809594115,13082.603456477218,2.2354822231267075,4.202806879470349,0.4321321464687016,0.3591643453343819,1.9673246563436415,2.401210731036944,0.7065928722558519,0.6527831870387794,2.9749843533744817,-1.7929372189079134,-1.647415409326174,-1.0175005966932036,-1.4765697162677955,-1.3609375405510094,russia_ukraine_war,2022-02-24
2021-10-28,3008,-2.293156684334831,-60855.37080734981,21593.187889160934,2.4427148574936433,4.735871541828475,0.6396916813867394,0.49450822500762365,2.293156684334831,2.818267090515949,1.1339848416347849,0.6597220230261056,2.9606443823720685,-1.1411327635305744,-0.9335530403169858,-0.6235897040228352,-1.222188706624126,-1.4097060106114017,russia_ukraine_war,2022-02-24
2021-10-29,2027,-2.4931516610807503,-43574.567445309665,14401.352008709371,2.305805030019411,4.7989566911001615,0.43106882917916245,0.35842159807530616,2.4931516610807503,3.025727544119294,0.8935994026086665,0.675456388190305,2.969302028851358,-0.7410566332012314,-0.5784494493538561,-0.8451438034349898,-0.6453594367175017,-1.3802624243553598,russia_ukraine_war,2022-02-24
2021-10-30,1968,-2.360465214747919,-38708.50423253216,13812.647962663372,2.3290783587498645,4.689543573497783,0.41852168516260074,0.3496152625398375,2.360465214747919,2.8023956258904277,0.8252546657702476,0.6681573133254666,2.952807212164224,-1.0064866997945132,-0.9607197315319906,-0.9081345431451077,-0.9129469740182329,-1.4363592584160971,russia_ukraine_war,2022-02-24
2021-10-31,2104,-1.4865981556055319,-25488.66354437752,13554.198345457162,2.4777556620872434,3.9643538176927753,0.447443915438065,0.36979918390302086,1.4865981556055319,1.880499524556561,0.5497427847346616,0.6153813172743764,2.8361969680181596,-2.7545973630344753,-2.5387005485626886,-1.1620633456860792,-2.8477399544183624,-1.832936294688719,russia_ukraine_war,2022-02-24
2021-11-01,3654,-2.3641685884213572,-71814.85265609506,25468.283934509087,2.3029025605387865,4.667071148960144,0.7770722751951946,0.5749672209369626,2.3641685884213572,2.8197758765672924,1.3593194431110895,0.6695966647047308,2.83478750404634,-0.9990783566824009,-0.930970498268507,-0.415907388077504,-0.860179671583358,-1.8377297075554053,russia_ukraine_war,2022-02-24
2021-11-02,2829,-1.9625651829167816,-43775.79605283082,18377.415587130894,2.2667583394590527,4.229323522375834,0.6016249224212386,0.4710186904100705,1.9625651829167816,2.3820431031382663,0.9244048823018629,0.6510576086215172,2.787276866934059,-1.802458216594983,-1.680224040459697,-0.8167515666254884,-1.539830237312568,-1.9993075157093074,russia_ukraine_war,2022-02-24
2021-11-03,2730,-2.615705723935841,-55645.81890440698,18282.10381760168,2.0405178005964895,4.656223524532331,0.5805712400883638,0.45778632605718605,2.615705723935841,3.043731698472918,1.1974343134073409,0.6952969061325901,2.811030445853266,-0.49589569955690993,-0.5476322996167302,-0.5651107435928809,0.08200333640903516,-1.9185245279226821,russia_ukraine_war,2022-02-24
2021-11-04,2632,-2.5002635048622577,-46690.46437080877,16753.99702683867,1.9326184426370077,4.432881947499265,0.5597302212133969,0.4445128711868263,2.5002635048622577,2.786825394323162,1.1113993092699597,0.6963917486154401,2.8042581825330783,-0.7268298811802192,-0.9873708115119603,-0.6444059285957772,0.12214077973481033,-1.9415561589431414,russia_ukraine_war,2022-02-24
2021-11-05,1891,-2.250117226383321,-35215.49893530483,13391.782530766926,2.415867492246448,4.665984718629769,0.40214659890369814,0.3380043472712709,2.250117226383321,2.629634916367485,0.7605494043875368,0.6588650228345361,2.795202687076295,-1.2272302249212594,-1.2564288522988318,-0.9677709170076568,-1.253606739042598,-1.9723527804280683,russia_ukraine_war,2022-02-24
2021-11-06,1426,-3.1400100095772583,-40498.087007278125,10385.144172095424,2.071349894263062,5.21135990384032,0.30325809097655926,0.2648673529541609,3.1400100095772583,3.8996172163016563,0.8316861394862979,0.7155797839421669,2.9203184085102536,0.5529387918263288,0.9173602594732038,-0.9022068988883454,0.8255832315244807,-1.546849666522918,russia_ukraine_war,2022-02-24
2021-11-07,1401,-2.0940441964931074,-25833.52749978134,9211.847376063266,2.2405751094848045,4.3346193059779115,0.29794150452886364,0.2607795514180693,2.0940441964931074,2.804380755038241,0.5460839062110839,0.6592381961793097,2.9065867099903397,-1.5394435357914618,-0.957321847855028,-1.1654355946019614,-1.239926027697208,-1.5935494770060812,russia_ukraine_war,2022-02-24
2021-11-08,2726,-3.382024395217057,-82857.22895492661,21026.94727975152,2.165727949081038,5.547752344298095,0.5797205862567325,0.45724798725879795,3.382024395217057,3.940525833472569,1.5464238475731527,0.7192281737026034,3.014603363715668,1.0370718458970463,0.9873822641801904,-0.24346038798222827,0.9593349259770645,-1.2261981802467692,russia_ukraine_war,2022-02-24
2021-11-09,3199,-3.195765900218702,-92152.07300864389,23644.361256452717,2.0977033669354626,5.293469267154164,0.680310401847134,0.5189785393528322,3.195765900218702,3.897422815069488,1.6585339190090909,0.7161880163290439,3.1101984373475084,0.6644745980442717,0.9136041712933972,-0.14013280702453612,0.8478813185457555,-0.9010911430323386,russia_ukraine_war,2022-02-24
2021-11-10,2862,-2.706944268974211,-70809.39645902211,20466.656719194532,2.2221142944427568,4.929058563416968,0.6086428165321968,0.475390852398423,2.706944268974211,3.4597441795471138,1.2868565434226762,0.689265755616511,3.1454658819158547,-0.31337929524639385,0.16444329526930243,-0.4826936815664178,-0.13910149448700487,-0.781150920402286,russia_ukraine_war,2022-02-24
2021-11-11,2914,-2.8087772393122945,-74360.31616894621,21771.419365320497,2.331270159568372,5.140047398880666,0.6197013163434038,0.48224175961804183,2.8087772393122945,3.4155015307543115,1.3545096782610666,0.6879706770150569,3.1735944022865668,-0.10966947525145448,0.08871453257179643,-0.4203403650666605,-0.18657968864054156,-0.685489297145771,russia_ukraine_war,2022-02-24
2021-11-12,2779,-3.023840703632222,-74510.21315486952,21306.246574479734,2.3215173190150757,5.345358022647297,0.5909917495258473,0.46435756362620606,3.023840703632222,3.497106489141856,1.4041433019324112,0.6972016348824954,3.200455472407829,0.32055012316200954,0.22839519585241785,-0.37459494538726074,0.1518315933938129,-0.5941381156281493,russia_ukraine_war,2022-02-24
2021-11-13,1643,-3.3856557959515183,-48298.073485236164,12323.979121953633,2.0576222304337457,5.443278026385264,0.3494060613425574,0.2996645410808664,3.3856557959515183,3.9190324007608197,1.014560990351587,0.725683296673199,3.270632982907078,1.044336212118425,0.9505926254538657,-0.7336581171786969,1.1959827876116906,-0.3554730709694447,russia_ukraine_war,2022-02-24
2021-11-14,1567,-3.124285511760915,-45331.61627045054,11730.186778593843,2.1807375180805666,5.3050230298414816,0.3332436385415627,0.2876147990951514,3.124285511760915,3.864526381896595,0.8985907497810078,0.7086819029115337,3.328139968930913,0.5214830205859983,0.8572963721602296,-0.8405434689384345,0.5727036499665165,-0.15989891494815042,russia_ukraine_war,2022-02-24
2021-11-15,1883,-2.8807319059835206,-46157.14058327181,13317.204758619198,2.095801003625127,4.976532909608648,0.40044529124043554,0.3367902512209491,2.8807319059835206,3.4659781402998897,0.9702024223163933,0.7036620400935174,3.345266694439859,0.03427086299781252,0.17511377154940566,-0.7745417190809832,0.3886731044611828,-0.10165303703981783,russia_ukraine_war,2022-02-24
2021-11-16,2836,-3.239716028171605,-79262.4326790575,20617.648346919515,2.0151293531426027,5.254845381314208,0.6031135666265933,0.47194771742273434,3.239716028171605,3.8443973505300426,1.528976584593436,0.722814806550608,3.4011118663342916,0.7523937918409016,0.8228421366819892,-0.2595408654534871,1.0908225828063962,0.08826949439994396,russia_ukraine_war,2022-02-24
2021-11-17,2490,-3.08396134709495,-68120.52317642588,18528.060185190865,2.17851333954306,5.2624746866380105,0.5295320101904857,0.42496181292234003,3.08396134709495,3.676613876226144,1.310565805043892,0.707227947165353,3.4288078213925695,0.44081731577273153,0.5356523942769158,-0.4608417585568677,0.5194009445320312,0.18246001646071308,russia_ukraine_war,2022-02-24
2021-11-18,3299,-3.438119293419611,-101457.97971856223,25285.516863945533,2.1132405751673597,5.551359868586971,0.7015767476379166,0.5315553198116498,3.438119293419611,4.012493802854809,1.827550600564265,0.7242856179294537,3.493444090176131,1.149285813313877,1.1105675938084592,0.015643428088934812,1.1447432237077704,0.4022799825161608,russia_ukraine_war,2022-02-24
2021-11-19,2034,-2.7783491594647174,-53303.38311735226,15710.522168552354,2.472802354523382,5.251151513988099,0.4325574733845172,0.35946128983824255,2.7783491594647174,3.392846052185922,0.9987089724821844,0.6798527805034745,3.482806741939034,-0.17053874625437893,0.04993585617882393,-0.7482683180176058,-0.48418561484645306,0.366103675120872,russia_ukraine_war,2022-02-24
2021-11-20,1148,-2.9119369394109897,-29180.99895697467,8724.288002000294,2.3438085346500337,5.255745474061023,0.24413764967818377,0.21844263906233932,2.9119369394109897,3.344800051337609,0.6360911898280479,0.6915860415014589,3.470805684176148,0.09669437594594163,-0.032302985664614356,-1.0824793109639823,-0.0540387163563437,0.32528956007811227,russia_ukraine_war,2022-02-24
2021-11-21,1532,-3.7884191605272224,-54467.704320597084,12735.316558088656,2.2622253277287703,6.050644488255992,0.3258004175147888,0.28201636574046796,3.7884191605272224,4.276902271895447,1.0683962035534418,0.727864699218704,3.5609782922660917,1.8500364899938397,1.5631473274713965,-0.6840402525279918,1.275954036820978,0.6319554617847372,russia_ukraine_war,2022-02-24
2021-11-22,1612,-3.208723281790568,-49578.25036091112,12612.506964618688,2.3077062761700655,5.516429557960633,0.3428134941474148,0.2947670353340587,3.208723281790568,3.9308799194316255,0.9458258489807772,0.7050528869778417,3.6063306983415298,0.6903949444590661,0.970871653822567,-0.7970086778701967,0.4396622091669865,0.7861933927738961,russia_ukraine_war,2022-02-24
2021-11-23,2047,-2.5663872955146463,-44550.122268464096,14061.490883974964,2.15146460431277,4.7178518998274175,0.43532209833731894,0.3613892827961341,2.5663872955146463,3.168236045242912,0.9274648641031482,0.6868007751548402,3.5640727749878502,-0.5945538074640075,-0.33452209060757193,-0.8139312979979544,-0.22946884424668337,0.6424794152810924,russia_ukraine_war,2022-02-24
2021-11-24,2344,-2.1340111183946076,-43429.07483596144,16336.002299780255,2.4176365695954125,4.55164768799002,0.4984831453359431,0.40445336002093013,2.1340111183946076,2.658488535873041,0.863107967156722,0.653101167890514,3.4749351664126027,-1.4594924704412489,-1.2070410112874714,-0.8732465976337909,-1.464912387825482,0.33933341907751796,russia_ukraine_war,2022-02-24
2021-11-25,2270,-3.2980507598678708,-70339.60287008078,17694.198741898454,2.2483752240084556,5.546425983876326,0.48274604945076405,0.3938958073937559,3.2980507598678708,3.975291783262398,1.2990883668837452,0.7115545138297913,3.5313604909326712,0.8690883913782307,1.0468900566253774,-0.471420075968405,0.6780149250902539,0.5312289779347705,russia_ukraine_war,2022-02-24
2021-11-26,2242,-3.3677698196018477,-69834.02149580678,17371.418582372502,2.190204872173318,5.557974691775166,0.47679147262934496,0.3898718105280469,3.3677698196018477,4.020052891170917,1.3129985170098863,0.7173265211399945,3.585720887503001,1.0085565524411257,1.123506249628568,-0.4585996206347929,0.8896194434737347,0.7161019719014281,russia_ukraine_war,2022-02-24
2021-11-27,1469,-3.0612010254876587,-40777.40384466436,11072.054766431918,2.237968162011759,5.299169187499419,0.31240261966659577,0.2718595181913542,3.0612010254876587,3.682912043416968,0.8322166358759542,0.7030745151331357,3.6003026504207924,0.39528686524914225,0.5464327707154242,-0.9017179605802355,0.3671341614906703,0.7656927463991151,russia_ukraine_war,2022-02-24
2021-11-28,1511,-3.233489955394117,-44636.71462289015,12002.399256824721,2.354929164203909,5.588419119598027,0.32133448489872446,0.2786421993169548,3.233489955394117,3.7189826523650367,0.9009867526402988,0.7035344441580036,3.6223236641060628,0.7399389635022342,0.6081737075697115,-0.8383351644012305,0.3839953771072409,0.8405834938370887,russia_ukraine_war,2022-02-24
2021-11-29,1816,-2.3956521048380006,-39189.65121924927,12988.013671816325,2.378168901274922,4.7738210061129225,0.38619683956061124,0.32656391056884326,2.3956521048380006,3.0173706472368336,0.782333519718378,0.6674815076544883,3.5629195785102654,-0.9360977577589928,-0.5927536892257311,-0.9476933279774384,-0.9377223295995379,0.6385575365073222,russia_ukraine_war,2022-02-24
2021-11-30,2262,-2.3888259228773188,-47522.67508515338,16754.121672211233,2.5089737919236814,4.897799714801001,0.48104474178750145,0.3927477453543171,2.3888259228773188,2.836476660186584,0.9382059952540127,0.6612595498369487,3.492784893628114,-0.9497530630481008,-0.9023842875854461,-0.8040316067003502,-1.1658222464266452,0.4000381364824096,russia_ukraine_war,2022-02-24
2021-12-01,1994,-2.693622207066795,-46805.817103993315,14554.05609955588,2.3026513085919484,4.996273515658744,0.4240509350682042,0.3535055813586586,2.693622207066795,3.215998123397477,0.9522104842697404,0.6845218488973356,3.4660575570388157,-0.3400291594712249,-0.25276923038788196,-0.7911242028069312,-0.31301535887050985,0.30914176618780637,russia_ukraine_war,2022-02-24
2021-12-02,2569,-2.763143843728893,-65931.92440464915,19700.13604267022,2.452631278343848,5.21577512207274,0.5463324233652039,0.43588594863303576,2.763143843728893,3.346775081240126,1.2044155755333013,0.6801641501146043,3.4572216286863964,-0.200955929620704,-0.02892238855098716,-0.5586763803080511,-0.47277065761209613,0.279091865303194,russia_ukraine_war,2022-02-24
2021-12-03,2395,-2.9079540882171533,-57387.95656609153,17080.270186234262,2.1118413663787434,5.019795454595896,0.5093289816892422,0.411665169072195,2.9079540882171533,3.359897468855206,1.1971034113800951,0.7038770454255787,3.4515220838431415,0.08872695736756372,-0.0064612067537353855,-0.5654157233825766,0.3965553016407135,0.25970841731718614,russia_ukraine_war,2022-02-24
2021-12-04,2369,-3.0885845216025314,-58022.96845767416,17382.100479460427,2.124365501853953,5.212950023456486,0.5037997317836388,0.40799505960270904,3.0885845216025314,3.3380872769799623,1.2601272259792293,0.7104710170189836,3.4370775569937067,0.4500656568907198,-0.04379303226541449,-0.5073290749499623,0.6382934194685086,0.21058436573614395,russia_ukraine_war,2022-02-24
2021-12-05,1729,-2.8921469924983065,-40997.324683202816,12052.22834284927,2.039244127478224,4.93139111997653,0.36769511872263044,0.3131269279311195,2.8921469924983065,3.4016385615135656,0.9056091028862213,0.7074521826080585,3.436832010568946,0.05710595473120237,0.06498572029313225,-0.8340749203113559,0.5276215219339933,0.2097492926762083,russia_ukraine_war,2022-02-24
2021-12-06,2604,-2.2168159020550764,-50473.02791967548,18305.00546522653,2.4063780445996765,4.6231939466547525,0.5537756443919778,0.44068786854453884,2.2168159020550764,2.7573347637375782,0.9769238748322908,0.6576778717689387,3.3623481193701843,-1.2938472229522278,-1.0378490045305215,-0.7683468124138642,-1.297128258677564,-0.04356122080370285,russia_ukraine_war,2022-02-24
2021-12-07,3398,-2.2828873803815424,-67361.31337189832,24599.211332345214,2.478216600030714,4.761103980412257,0.7226304299707913,0.5438524423572736,2.2828873803815424,2.7383525618695637,1.2415538774471,0.6576727646616979,3.293547604188091,-1.1616757964289817,-1.0703402477079167,-0.5244474225660876,-1.2973154876448778,-0.277543274479602,russia_ukraine_war,2022-02-24
2021-12-08,3811,-2.491634158289904,-83178.97793424319,29319.627615276742,2.600893445032002,5.092527603321907,0.8104604380867233,0.5935811986104552,2.491634158289904,2.836972523174322,1.478987190176474,0.6619327827392872,3.2444508428603838,-0.7440922926673037,-0.9015355343676008,-0.30561418547269864,-1.141141209760694,-0.4445152951670615,russia_ukraine_war,2022-02-24
2021-12-09,3411,-2.2989209967839233,-67648.78994348938,25457.329853884006,2.582191488398424,4.8811124851823475,0.725395054923593,0.5454560416098642,2.2989209967839233,2.657340354694279,1.253960346879562,0.6540149647476398,3.1815528529006416,-1.1296016548189198,-1.2090063172172183,-0.5130128524310184,-1.4314121627806125,-0.6584235896604278,russia_ukraine_war,2022-02-24
2021-12-10,3071,-2.736124503347404,-76615.43015029786,24143.998287439357,2.5629045811884525,5.2990290845358565,0.6530894792349323,0.5026459487924266,2.736124503347404,3.173270194860649,1.375301896999263,0.6740109125618862,3.1789362028493624,-0.2550062528826257,-0.3259052936438383,-0.40117696933027774,-0.6983512570233995,-0.6673224932678938,russia_ukraine_war,2022-02-24
2021-12-11,1578,-2.4623364684148537,-33601.235936346384,12146.870017252122,2.617649895466883,5.079986363881737,0.33558293657854876,0.2893678531586023,2.4623364684148537,2.766246439504396,0.7125210176193407,0.6599410770692365,3.131300972052338,-0.8027002966457765,-1.0225951669372293,-1.0120368509999822,-1.2141580817815798,-0.8293240291533994,russia_ukraine_war,2022-02-24
2021-12-12,1440,-2.6529678982210028,-32327.638546685386,10815.270913063447,2.428818451258751,5.081786349479753,0.3062353793872688,0.26714924385476996,2.6529678982210028,2.9890733950675044,0.7087383679807192,0.6766147979161505,3.1122435297970954,-0.4213552949016256,-0.6411892136121292,-1.0155231750363787,-0.6028915881936469,-0.8941360362276156,russia_ukraine_war,2022-02-24
2021-12-13,2082,-2.950158608649645,-53956.87378942727,15595.756451898611,2.2702992864289264,5.220457895078572,0.44276531936409286,0.3665616327220988,2.950158608649645,3.459715080563381,1.0814149563757691,0.6969199199202939,3.146956097158973,0.1731541839498009,0.16439348744599236,-0.672041364123163,0.1415037896170058,-0.7760828824365655,russia_ukraine_war,2022-02-24
2021-12-14,2636,-2.9538754813389034,-68008.55047927929,19505.820433538705,2.2229523263902418,5.176827807729145,0.5605808750450282,0.44505810775232457,2.9538754813389034,3.486577286559247,1.3146462322606793,0.6995921113736192,3.1789421566607388,0.18058953091021243,0.21037268803407766,-0.4570809842733058,0.23946759234986273,-0.6673022450908366,russia_ukraine_war,2022-02-24
2021-12-15,2434,-3.152646303081102,-72233.8207748251,18604.070043766416,2.2453839240071924,5.398030227088294,0.5176228565476474,0.41714520050815085,3.152646303081102,3.882689143015142,1.3151112742300468,0.7062328588219475,3.2504549048829237,0.5782168237498315,0.8883850041523925,-0.45665237281027593,0.4829205351460092,-0.4240962218692355,russia_ukraine_war,2022-02-24
2021-12-16,2302,-3.0230821189430404,-60881.55992160079,17196.370570640003,2.2235524615189237,5.246634580461964,0.4895512801038145,0.39847492030856546,3.0230821189430404,3.5403726426753166,1.2046224064320772,0.7023431342450966,3.2768393920158445,0.31903262691328876,0.30245252205623113,-0.5584857521498127,0.34032139216260554,-0.3343658402259172,russia_ukraine_war,2022-02-24
2021-12-17,2173,-2.2031446415103124,-39961.130331399094,15001.107879769648,2.3501322074937274,4.55327684900404,0.46211769403370495,0.3798858601625062,2.2031446415103124,2.663878604945592,0.8369434972025613,0.6595693246249564,3.211517594380933,-1.321195634919705,-1.197814998088533,-0.8973613926096239,-1.2277867022427353,-0.5565172052261032,russia_ukraine_war,2022-02-24
2021-12-18,1974,-2.7110385114902966,-46556.84663625572,14273.14809599536,2.2597664828554995,4.970804994345797,0.4197976659100477,0.3505143726649354,2.7110385114902966,3.261848495029506,0.9502579631255016,0.6874705560990905,3.2160925849084365,-0.3051890460255525,-0.17428857862637942,-0.7929237671459676,-0.2049143579971628,-0.540958227559441,russia_ukraine_war,2022-02-24
2021-12-19,1456,-2.67918045234857,-32361.61972784522,10537.587310915365,2.2790867349917066,4.958267187340275,0.30963799471379405,0.2697507591110165,2.67918045234857,3.071065394098649,0.7227109608164233,0.6850939225233645,3.1949306379548443,-0.3689188917877186,-0.5008460649276439,-1.0026451686367033,-0.2920428691264719,-0.6129273951576316,russia_ukraine_war,2022-02-24
2021-12-20,1772,-2.725303167087265,-44484.874798979894,13024.919317628328,2.3125513841844505,5.037854551271716,0.3768396474126669,0.31979076228490416,2.725303167087265,3.4153666302387524,0.8715267772603,0.6853845346106135,3.2141273177306076,-0.2766535882626993,0.08848362756476603,-0.8654873011548659,-0.2813888925367265,-0.5476418584751865,russia_ukraine_war,2022-02-24
2021-12-21,2153,-2.1734964370341667,-37867.587775469045,14445.102503932207,2.267897044820633,4.441393481854799,0.45786442487554846,0.37697264220909465,2.1734964370341667,2.6214828011889035,0.8193486947008229,0.6619766224455904,3.1518434241359166,-1.3805048191353606,-1.2703825737121381,-0.913577851636428,-1.1395340253896769,-0.7594616870861495,russia_ukraine_war,2022-02-24
2021-12-22,2035,-3.0943539540574463,-58839.87053386951,15640.156871537341,2.295613409098386,5.389967363155833,0.43277013684242505,0.35960972903070293,3.0943539540574463,3.762102325261772,1.1127597869436825,0.7013090517003218,3.2189640156481856,0.461607007820205,0.6819803074340979,-0.6431520281640657,0.30241143690855554,-0.5311928463018097,russia_ukraine_war,2022-02-24
2021-12-23,2048,-2.9155888446738936,-53822.801015572106,16124.470445017143,2.478843869903566,5.39443271457746,0.43553476179522677,0.36153743609576394,2.9155888446738936,3.3379577455955878,1.05409451561281,0.6851572730482247,3.2273437147418003,0.10399976005950405,-0.044014747097976134,-0.697221573345914,-0.2897204089177537,-0.5026945247715032,russia_ukraine_war,2022-02-24
2021-12-24,1757,-3.1926405712000534,-51601.875454721274,13368.033637363504,2.2079010113161663,5.40054158251622,0.37364969554404953,0.31747120899738845,3.1926405712000534,3.8600946746943103,1.0135714620329939,0.7098090727390186,3.289735442320288,0.6582225933182958,0.8497107570982029,-0.7345701277245807,0.6140262290387434,-0.2905079661016448,russia_ukraine_war,2022-02-24
2021-12-25,1524,-3.3871959750146203,-45930.91073412712,11956.631508838627,2.2291813789095625,5.616377353924183,0.3240991098515262,0.2807323110965452,3.3871959750146203,3.8414590848746903,0.95089535420277,0.7158670969372245,3.3457833817858043,1.0474172339001018,0.8178127989585977,-0.7923363080774414,0.836116261833885,-0.09989584719912198,russia_ukraine_war,2022-02-24
2021-12-26,1158,-2.8049544322797435,-24910.728746950797,7845.38779731527,1.9849959260515226,4.789950358331268,0.24626428425726202,0.22015050401940836,2.8049544322797435,3.175206808193136,0.6175121320178589,0.7070093484538439,3.3257227251613486,-0.11731673654503101,-0.32259045297551453,-1.0996029206041467,0.5113870123621322,-0.1681196624228025,russia_ukraine_war,2022-02-24
2021-12-27,1752,-2.688870180099663,-40176.18145208316,12943.846004415358,2.3495848883792094,5.038455068478871,0.3725863782545104,0.31669682739719,2.688870180099663,3.103882836552475,0.8515566553204742,0.6819745288196276,3.3040164994150407,-0.34953526103019633,-0.44467347174581034,-0.8838930015976798,-0.40640131790405587,-0.24193985496397202,russia_ukraine_war,2022-02-24
2021-12-28,2262,-3.2927408438909938,-78207.05656375259,18798.37450733973,2.508884774195027,5.801625618086024,0.48104474178750145,0.3927477453543171,3.2927408438909938,4.1603095274656345,1.2932165424742592,0.6981070168054511,3.3969566623296137,0.8584662714081787,1.3635791615479158,-0.4768319127843971,0.1850233229714029,0.07413815884404523,russia_ukraine_war,2022-02-24
2021-12-29,2066,-2.7005246026153604,-50868.43300510822,14757.059662910899,2.2211461359892457,4.921670738604607,0.4393627040375676,0.36420044898581144,2.7005246026153604,3.4470574875397766,0.9835322727697443,0.6890377878943533,3.4032427689847866,-0.3262213941662947,0.1427278800612445,-0.7622561038438224,-0.14745889901920128,0.09551643109840637,russia_ukraine_war,2022-02-24
2021-12-30,2454,-2.6282755854494178,-52482.51834356368,16831.19540863626,2.11520112509034,4.743476710539759,0.521876125705804,0.4199438669720292,2.6282755854494178,3.118169391381099,1.1037282128218024,0.6916022044216604,3.3734729574937012,-0.4707505602391543,-0.42021962122143125,-0.6514760858896663,-0.05344617605604339,-0.005727020521000429,russia_ukraine_war,2022-02-24
2021-12-31,2731,-2.410481777032444,-50282.7770356149,18863.77624928213,2.248398117211009,4.6588798942434515,0.5807839035462716,0.45792086548636524,2.410481777032444,2.665573232587957,1.1038099015778084,0.6744885447664839,3.298848583027274,-0.9064320233383575,-1.1949143567822154,-0.651400796475955,-0.6808410344636181,-0.2595153002413019,russia_ukraine_war,2022-02-24
2022-01-01,1319,-2.314191845622444,-26489.596219905445,9729.590046035068,2.5311489771262554,4.8453408227487005,0.2805031009804219,0.2472530483494906,2.314191845622444,2.7225809201180367,0.572190988295683,0.656862675093896,3.2378226860887,-1.0990533770093152,-1.0973360752214307,-1.1413736918387742,-1.327013754405419,-0.4670568376165578,russia_ukraine_war,2022-02-24
2022-01-02,984,-2.6883284958590483,-21941.149191338933,7126.38179666292,2.276964713789439,4.965293209648488,0.20926084258130037,0.19000929904941646,2.6883284958590483,3.0788624322111597,0.5108074131127499,0.6856001625652466,3.2201441312092367,-0.3506188629204616,-0.4875001178589915,-1.197948594101783,-0.2734838697191909,-0.5271794190503014,russia_ukraine_war,2022-02-24
2022-01-03,1697,-2.1252072344515986,-30537.50744946881,12300.859657060331,2.5616920978774216,4.686899332329021,0.36088988806958,0.30813881523070136,2.1252072344515986,2.4825506753864293,0.654858839343631,0.6465944973526444,3.1448672919312557,-1.4771040318769264,-1.5081883623128263,-1.0651818835351263,-1.7034500076604437,-0.7831866510001692,russia_ukraine_war,2022-02-24
2022-01-04,1888,-2.301266142822571,-35451.33011762344,12926.5365518535,2.2727081764312724,4.573974319253843,0.40150860852997466,0.3375492339727141,2.301266142822571,2.742523488438995,0.7767906236771013,0.6680570220886439,3.10465594550227,-1.1249103522298984,-1.063201002725447,-0.9528020040500634,-0.9166236982019368,-0.9199404731717785,russia_ukraine_war,2022-02-24
2022-01-05,1788,-3.0786225887878307,-49968.90706177351,13489.628242679357,2.2329561112770455,5.311578700064876,0.38024226273919215,0.3222590364710991,3.0786225887878307,3.704246415307329,0.9921139491209271,0.7040299810241213,3.169404508031706,0.4301374987141786,0.5829501499924152,-0.7543466997503976,0.4021619930279686,-0.6997386099574909,russia_ukraine_war,2022-02-24
2022-01-06,2760,-3.7097835678106215,-100206.30126570545,22973.0800583027,2.3068980817292366,6.016681649539858,0.5869511438255985,0.46181465583132847,3.7097835678106215,4.361901016815979,1.71323242157718,0.722847842369679,3.29806758628225,1.692731420876128,1.708637029361036,-0.08971928146007926,1.0920336915608089,-0.2621713736999275,russia_ukraine_war,2022-02-24
2022-01-07,2653,-3.8573926404557537,-99851.7429509913,22057.6463935529,2.228417587339575,6.085810227795329,0.5641961538294612,0.4473720523084609,3.8573926404557537,4.526853915845545,1.7256896621202436,0.7319753996537058,3.428421378282618,1.9880131701792259,1.9909817643107188,-0.07823791752697028,1.4266542592946574,0.18114577117844935,russia_ukraine_war,2022-02-24
2022-01-08,2352,-4.124244608456417,-89145.92151591391,19376.260016803593,2.0569805905004457,6.181225198956864,0.5001844529992058,0.4055880692142749,4.124244608456417,4.600780617033641,1.6727444077112215,0.7503120651425305,3.555788507591232,2.5218320913619725,2.1175197941086443,-0.12703554106964995,2.0988850900946825,0.6143056451642438,russia_ukraine_war,2022-02-24
2022-01-09,2539,-3.1677952526466977,-69242.87149462677,19644.803002458735,2.284712653798496,5.452507906445194,0.5399525196279691,0.4317515845398304,3.1677952526466977,3.5247424718873672,1.3677006198279642,0.7047114482507997,3.5556421337055872,0.6085212504877978,0.27569884598079064,-0.4081827768571067,0.4271449039193843,0.6138078456597341,russia_ukraine_war,2022-02-24
2022-01-10,2934,-3.047531612124542,-81149.3283393979,22006.457201730882,2.2264825241577157,5.274014136282258,0.6239545855015602,0.4848642767558344,3.047531612124542,3.687523511645266,1.477639211003308,0.7031553209134938,3.5700883423728293,0.3679421484409009,0.5543260771217227,-0.3068565665126944,0.3700965396229789,0.6629376168953953,russia_ukraine_war,2022-02-24
2022-01-11,2621,-2.8776178556166165,-68956.27872382068,20528.65530758671,2.4773786547149093,5.354996510331525,0.5573909231764108,0.44301193595345445,2.8776178556166165,3.3590256005875228,1.2748190571509455,0.6837002055556896,3.5482776646733414,0.028041420435240445,-0.007953556487497359,-0.49378817398211566,-0.3431371924455751,0.5887621961636976,russia_ukraine_war,2022-02-24
2022-01-12,2264,-2.839035667223017,-60211.33671885204,17294.164545333588,2.3998647956582766,5.238900462881293,0.4814700687033171,0.3930348844546732,2.839035667223017,3.4815984640957183,1.1158400554296946,0.6858307966754958,3.539394723431797,-0.04913958122441269,0.20185059283540768,-0.6403130620722306,-0.2650287141382498,0.558552410250352,russia_ukraine_war,2022-02-24
2022-01-13,2875,-3.2569612693736545,-94225.40683869894,23234.076379114413,2.412228300811331,5.669189570184986,0.6114074414849985,0.4771079843749936,3.2569612693736545,4.055483217891118,1.5539222264182848,0.701509272343327,3.593848268344517,0.7868917051333807,1.1841512353538737,-0.2365494179217501,0.3097516203935403,0.7437421902235001,russia_ukraine_war,2022-02-24
2022-01-14,3126,-3.1872003787151213,-88853.1848758801,23849.21446460082,2.2210534358185137,5.4082538145336345,0.6647859694198628,0.5096965682745697,3.1872003787151213,3.725623123049361,1.6245050954345062,0.7088787536095107,3.612889232382243,0.6473398641966364,0.6195399942269144,-0.17149587706599173,0.579920289672646,0.8084981569153823,russia_ukraine_war,2022-02-24
2022-01-15,1930,-3.0774358154281796,-51358.48650320438,13983.896977478407,2.0840533299746165,5.161489145402797,0.41044047376210335,0.3439020483447053,3.0774358154281796,3.6726877054314087,1.0583364805751094,0.7123675229209031,3.621137937085243,0.4277634406201577,0.5289320901238611,-0.6933119158776093,0.7078202229563875,0.8365509827040519,russia_ukraine_war,2022-02-24
2022-01-16,1580,-4.821517806918347,-72084.88929572694,13385.296446851238,1.8250944025064093,6.646612209424757,0.3360082634943644,0.2896862603455982,4.821517806918347,5.385378619140274,1.3967274626758859,0.7845659102575591,3.810342788013457,3.9166789398276576,3.4604917348875808,-0.3814298418540399,3.3546472554570093,1.4800133095261065,russia_ukraine_war,2022-02-24
2022-01-17,2216,-3.2169794384770607,-63970.14138902948,17002.00619766542,2.227703014891754,5.444682453368815,0.47126222272374146,0.3861206872715136,3.2169794384770607,3.7625054740783086,1.2421423117230905,0.7096466250154656,3.8074761290757015,0.7069108153687691,0.6826703646954132,-0.5239050851158306,0.6080708186489883,1.470264156577627,russia_ukraine_war,2022-02-24
2022-01-18,2434,-2.700755758878526,-56667.054427524956,18031.793830789462,2.353770401330964,5.054526160209489,0.5176228565476474,0.41714520050815085,2.700755758878526,3.1426188076066737,1.1266073025609258,0.6822791337012122,3.7438683678079943,-0.3257589820358836,-0.3783703176657112,-0.6303893006706557,-0.3952343588548147,1.2539420175390803,russia_ukraine_war,2022-02-24
2022-01-19,3041,-2.4637986426539378,-65273.60686940937,22697.152301872517,2.4999573544166216,4.963755997070559,0.6467095754976976,0.49877910018677096,2.4637986426539378,2.8758500626540844,1.2288912700243186,0.6650517997293541,3.652172213791645,-0.7997753181240249,-0.8349900620267849,-0.5361180653268546,-1.0267965714844545,0.9420947243299873,russia_ukraine_war,2022-02-24
2022-01-20,4540,-3.1474481155325784,-124218.46191828397,34473.64340727754,2.2229327051497387,5.3703808206823185,0.9654920989015281,0.6757426459793187,3.1474481155325784,3.6032878930360144,2.126864917672605,0.7072512944991093,3.648749066072378,0.567818208779709,0.41014259474904385,0.2915100289810843,0.5202568688317647,0.9304530217748505,russia_ukraine_war,2022-02-24
2022-01-21,4637,-3.087618861818629,-123513.73702793734,34974.50908368428,2.2274337310148042,5.315052592833434,0.9861204543185872,0.6861832155050825,3.087618861818629,3.531535974741012,2.11867223885685,0.7046817673408323,3.6352132932312506,0.44813392122493256,0.28732707303152294,0.28395914909355335,0.4260567877197178,0.884419530323878,russia_ukraine_war,2022-02-24
2022-01-22,2982,-2.5415473988757906,-62078.75844345842,21882.589811131256,2.3983392802957155,4.939886679171507,0.6341624314811358,0.49113039876843273,2.5415473988757906,2.8369018008956206,1.24823118749874,0.6731717865403749,3.5498344816328307,-0.6442443041292295,-0.9016565874873242,-0.5182932003262534,-0.7291140139123344,0.5940567383399397,russia_ukraine_war,2022-02-24
2022-01-23,3145,-2.9835804137570916,-82799.23312524152,24072.777638174444,2.335360451018822,5.3189408647759135,0.6688265751201115,0.5121207298260401,2.9835804137570916,3.4395379864240954,1.5279533789879602,0.694895673077335,3.540264599666001,0.24001219545374014,0.12985698441799595,-0.2604839150714384,0.06729394280402355,0.5615107518730017,russia_ukraine_war,2022-02-24
2022-01-24,4398,-3.157619964605336,-109863.35560483702,31410.01019135878,1.9921325133042869,5.149752477909623,0.9352938878786169,0.6602591949897684,3.157619964605336,3.4977179229015842,2.08484761591394,0.7210634845345384,3.5381848842011876,0.5881662899242321,0.22944176795782126,0.2527842829933739,1.026618289251585,0.5544378964702386,russia_ukraine_war,2022-02-24
2022-01-25,5100,-3.1776908894452607,-136222.1626009387,37887.252860443485,2.125591110222809,5.30328199966807,1.0845836353299105,0.7345691400235917,3.1776908894452607,3.5954615950306237,2.3342336639206076,0.7138743549956755,3.5407931855213404,0.6283167880654411,0.3967465644339101,0.482633900740272,0.7630613996096745,0.5633084070744054,russia_ukraine_war,2022-02-24
2022-01-26,4499,-3.0311296053199235,-122266.42541195049,33456.630736346866,2.2026648857537814,5.233794491073705,0.9567728971273073,0.6712966352453384,3.0311296053199235,3.6544751435213043,2.0347871050437956,0.7038019339394989,3.5533068442454003,0.3351310672887779,0.49775821566930295,0.20664541764911237,0.3938016790302743,0.6058658146680181,russia_ukraine_war,2022-02-24
2022-01-27,4173,-2.7546994568304037,-97888.85970316047,30758.71127136262,2.3080937500610283,5.062793206891432,0.8874446098493561,0.6352238559352714,2.7546994568304037,3.1824759769535027,1.7498508109106068,0.686863499122862,3.5165788902998565,-0.21784834206185935,-0.31014804342087954,-0.05596950733249763,-0.22716935390804385,0.48095858005287884,russia_ukraine_war,2022-02-24
2022-01-28,4623,-2.970112283781282,-114731.22155768423,34221.24278561328,2.2161381892377685,5.18625047301905,0.9831431659078776,0.6846830435568615,2.970112283781282,3.3526316468529194,2.0335855181649887,0.7006185043299092,3.50397844246688,0.21307013215212012,-0.01889788776689821,0.20553796080863962,0.2770956436525737,0.438106013420308,russia_ukraine_war,2022-02-24
2022-01-29,2863,-3.1910193946873084,-78002.84127066491,21511.12300770881,2.1612355013480693,5.352254896035379,0.6088554799901046,0.47552304420623054,3.1910193946873084,3.6261631362858884,1.517403256682832,0.7123526634038537,3.521186939927948,0.6549795417359362,0.4492974354962656,-0.2702075607942013,0.7072754660322084,0.496629987637076,russia_ukraine_war,2022-02-24
2022-01-30,3560,-3.283763745787775,-98537.49988933216,27808.819304459565,2.2638511754852657,5.5476149212730395,0.757081910151859,0.5636544274420805,3.283763745787775,3.543390275240135,1.85090797398707,0.710188696021513,3.5259726260510993,0.8405082070149643,0.30761770964433477,0.03717102915449139,0.6279433981520579,0.5129055149987464,russia_ukraine_war,2022-02-24
2022-01-31,3438,-2.946870391327979,-85756.34383140635,25465.119591920506,2.2300435117124655,5.176913903040445,0.7311369682871043,0.5487783997460463,2.946870391327979,3.3676002785635792,1.6171788176119735,0.6989258359619099,3.515023073122869,0.16657633243003328,0.0067234524930760205,-0.17824822817174285,0.21504162058155393,0.47566743801342876,russia_ukraine_war,2022-02-24
2022-02-01,3836,-2.5889408598334245,-82938.93997696553,27933.420232319473,2.3464863261207576,4.935427185954182,0.8157770245344189,0.5965134887938623,2.5889408598334245,2.9691652252810656,1.5443381445802178,0.6777651475495018,3.4616889161491056,-0.5494369606081285,-0.6752654072089319,-0.24538270095639603,-0.5607192264733815,0.29428455815031596,russia_ukraine_war,2022-02-24
2022-02-02,4257,-2.6611075178189925,-97034.6368808275,30777.068021863848,2.2843238570012208,4.945431374820213,0.9053083403136135,0.6446438539133446,2.6611075178189925,3.152822640931705,1.7154666059646095,0.6840385623365401,3.4277570537074875,-0.40507254838417817,-0.36090473426235226,-0.08766011884239723,-0.3307328728032368,0.178886485357915,russia_ukraine_war,2022-02-24
2022-02-03,3386,-2.5699684770084623,-71274.35981128961,24096.491949136594,2.2732691503227906,4.843237627331253,0.7200784684758974,0.5423699109916631,2.5699684770084623,2.957872870529748,1.3938735741264596,0.6805639028601932,3.373014897269873,-0.5873899013631398,-0.6945941788035864,-0.38406016218439104,-0.45811553285969264,-0.007284826761184848,russia_ukraine_war,2022-02-24
2022-02-04,2843,-2.26633607144238,-56945.76692304327,21090.031001671377,2.5759475115301953,4.842283582972576,0.6046022108319481,0.47287588214523674,2.26633607144238,2.700127226865164,1.0716956690208856,0.6527544803182145,3.295638041610708,-1.1947855461837376,-1.1357693619803828,-0.6809992609307361,-1.4776221182231364,-0.2704339550227584,russia_ukraine_war,2022-02-24
2022-02-05,2363,-2.623094620260045,-48916.460873216805,16231.419587399922,2.122946889489089,4.746041509749134,0.5025237510361918,0.4071461949802835,2.623094620260045,3.0136896289212762,1.067982993712129,0.6909374763648567,3.2586784986320945,-0.48111472306994657,-0.5990543735226751,-0.6844210922936248,-0.07781542106155404,-0.3961287953327541,russia_ukraine_war,2022-02-24
2022-02-06,2955,-2.986855807621791,-63024.10538929175,19328.07229749307,1.776973500164243,4.763829307786033,0.6284205181176246,0.4876105377377944,2.986855807621791,3.260754845037818,1.4564223664997158,0.7283248628128108,3.257428262979337,0.2465643945340111,-0.17616054522319283,-0.3264113236369409,1.2928238518568083,-0.40038069235469914,russia_ukraine_war,2022-02-24
2022-02-07,3959,-2.3925988308419437,-76767.75803713231,28121.177891521034,2.3552512149807754,4.7478500458227195,0.8419346298570815,0.6108164485264398,2.3925988308419437,2.729891270318338,1.461438720603388,0.6684193103120211,3.199386044651845,-0.9422056213916358,-1.0848231766798693,-0.3217879412046513,-0.9033420405560411,-0.5977751073271346,russia_ukraine_war,2022-02-24
2022-02-08,3716,-2.4680093510581522,-78130.22540042188,26702.77455728418,2.3589413090355333,4.826950660093686,0.7902574095854799,0.5823594137515237,2.4680093510581522,2.9259216203474607,1.437268478815504,0.6717260266130346,3.1696477877479405,-0.791352086942356,-0.7492841376773127,-0.34406473206845595,-0.7821162567511798,-0.6989112456932619,russia_ukraine_war,2022-02-24
2022-02-09,3363,-2.3316194881375614,-66153.68974726816,23895.73535167794,2.386931164595796,4.718550652733358,0.7151872089440174,0.539522234394534,2.3316194881375614,2.768430800461761,1.2579605559978166,0.6640718777473407,3.1255876243140506,-1.0641905824948847,-1.0188562643828036,-0.5093260121122131,-1.062720974887548,-0.848754419080436,russia_ukraine_war,2022-02-24
2022-02-10,4081,-2.590573324554303,-89910.53456332702,30531.132399913666,2.445356856457676,5.035930181011979,0.8678795717218362,0.6248038686287697,2.590573324554303,2.9448804382893203,1.618600235148022,0.6731368754854308,3.101383607649872,-0.5461713277454692,-0.7168329200373355,-0.17693816179100147,-0.7303938697009184,-0.9310692899982075,russia_ukraine_war,2022-02-24
2022-02-11,4071,-2.543055770885215,-79408.64150275575,27601.20002946899,2.1184500105864994,4.661505781471714,0.8657529371427579,0.6236646912705207,2.543055770885215,2.8769996021177877,1.5860140922328436,0.6875422088934602,3.074258688125483,-0.6412269101604086,-0.8330224311630476,-0.20697156804113495,-0.20228753266091765,-1.023317790744345,russia_ukraine_war,2022-02-24
2022-02-12,4573,-2.8998466594098664,-100805.5504706501,30985.0877072351,1.937906071917098,4.837752731326965,0.9725099930124863,0.6793068398910853,2.8998466594098664,3.2533569510313742,1.9698856703724368,0.7139900151127351,3.0898527625105188,0.07250860630237298,-0.18882328976859664,0.14682823834147818,0.7673015542129611,-0.9702842699904914,russia_ukraine_war,2022-02-24
2022-02-13,4252,-3.334518831748969,-116192.92509292602,31929.854504052953,2.087427143868337,5.421945975617307,0.9042450230240744,0.644085616652575,3.334518831748969,3.6390057799410673,2.1477156179866586,0.7220237813923785,3.1351237293514793,0.9420402490506248,0.4712797882782243,0.3107273249575306,1.0618232263190126,-0.8163233037781571,russia_ukraine_war,2022-02-24
2022-02-14,6179,-3.0199126465884913,-163772.887393235,48109.12783651651,2.3829978631854862,5.402910509773976,1.3140475064124542,0.8389981585574864,3.0199126465884913,3.4041957266355936,2.5337011494922095,0.6939345097533306,3.1600521653672073,0.31269231649436885,0.0693627401142398,0.6664754816066637,0.0320572406771407,-0.7315447721283478,russia_ukraine_war,2022-02-24
2022-02-15,6862,-3.0407984586734442,-172850.2715615707,49603.05169549796,2.0939298070592236,5.134728265732668,1.459296648163499,0.8998753936819849,3.0407984586734442,3.484670109062238,2.7363397101063383,0.710329388114149,3.1944029362661714,0.3544729402564818,0.20710823176769497,0.8532397215079027,0.6331012368211081,-0.6147220434174175,russia_ukraine_war,2022-02-24
2022-02-16,5999,-3.0222969141444804,-152227.0185043835,44380.93875475887,2.187879610502261,5.210176524646742,1.2757680839890455,0.8223176147581748,3.0222969141444804,3.430008980782556,2.4852879895302813,0.7042629076430771,3.2210238804548066,0.3174618789753394,0.11354648252307485,0.6218549168232196,0.4107011930625401,-0.5241875005355424,russia_ukraine_war,2022-02-24
2022-02-17,6574,-3.05757755884711,-169698.95981498057,48898.92149081134,2.190326028213449,5.247903587060559,1.3980495722860453,0.8746557287377932,3.05757755884711,3.4704029177181117,2.674327727905742,0.7055312700060064,3.245227927597563,0.38803837063435076,0.18268752511608477,0.796085640441774,0.4571999572738992,-0.44187252596389237,russia_ukraine_war,2022-02-24
2022-02-18,6177,-3.4891791736138265,-185824.6159456162,47244.00933597504,2.0795976671978655,5.568776840811691,1.3136221794966385,0.8388143395099392,3.4891791736138265,3.933294793507624,2.9267735239467174,0.7280993935351803,3.316253325171174,1.2514275751498944,0.9750051184960341,1.0287553113620909,1.2845580414828421,-0.20032392209898925,russia_ukraine_war,2022-02-24
2022-02-19,6134,-4.091268647130341,-224423.8315855142,49067.61074652155,1.9540078957469866,6.045276542877329,1.304477650806602,0.8348540350652688,4.091268647130341,4.573767260543124,3.4156121385927882,0.7557271640058059,3.451596549156444,2.455865959532635,2.0712818739309014,1.4792992355888326,2.29740517598175,0.2599616646495363,russia_ukraine_war,2022-02-24
2022-02-20,4475,-4.001784637166657,-151587.27673060822,34381.548631901685,1.8406214950369717,5.842406132203629,0.9516689741375195,0.6686848906887386,4.001784637166657,4.408971752655568,2.6759329226636597,0.7604301865958485,3.5526877624275217,2.2768593813918994,1.7892065404924116,0.7975650872851952,2.4698202088514094,0.6037603938763676,russia_ukraine_war,2022-02-24
2022-02-21,7202,-3.5338165684966802,-232167.1389287303,57455.26112166133,2.2219323934565565,5.755748961953237,1.5316022238521598,0.9288523923560424,3.5338165684966802,4.040833413621028,3.282393973795562,0.7214814311993261,3.604501680013563,1.3407215989463164,1.1590756220846463,1.3565171292908609,1.0419404116882705,0.7799731273666415,russia_ukraine_war,2022-02-24
2022-02-22,13734,-3.559471036316892,-411586.07892068377,105168.46592886353,2.049027621817655,5.608498658134547,2.9207199309060763,1.3662752927830881,3.559471036316892,3.913588310768768,4.8632173322967835,0.7324165080331341,3.6371671962186194,1.3920415889689077,0.9412741463310915,2.8135017825267914,1.4428255011464879,0.8910645130316093,russia_ukraine_war,2022-02-24
2022-02-23,12150,-3.592801186858657,-375832.51971950755,92649.68157560386,2.016343504332147,5.609144691190804,2.583861013580081,1.2764407146676744,3.592801186858657,4.056490139286892,4.585997714612733,0.7355784373889693,3.6813196162441937,1.458716251847989,1.1858747513167793,2.5579990241891775,1.5587433270510695,1.0412214396912742,russia_ukraine_war,2022-02-24
2022-02-24,26965,-4.2518357041371475,-1042219.5017813998,220831.49807364406,1.9688623829331706,6.220698087070319,5.734470142484517,1.9072391345306103,4.2518357041371475,4.719523758489538,8.109267448524882,0.7595887605757758,3.7936283688309143,2.777069261089883,2.320768727584186,5.805262485925705,2.4389731329272224,1.4231696345044829,russia_ukraine_war,2022-02-24
2022-02-25,26543,-3.5511483632295335,-798807.9156710828,201617.93522367274,2.0223750935928724,5.5735234568224055,5.644726163247414,1.8938234818724966,3.5511483632295335,3.961988375611991,6.725248157897172,0.7337543306864852,3.813829538867527,1.3753926565958876,1.0241190284768606,4.529664642951718,1.491870712462222,1.4918713184862467,russia_ukraine_war,2022-02-24
2022-02-26,17044,-3.365693100653286,-481287.92860110034,130561.56829861464,2.1472862911018553,5.512979391755141,3.6246359765809792,1.531397660100495,3.365693100653286,3.6862909573843345,5.154214538956822,0.7196851414818034,3.8014077362978287,1.0044022196961702,0.5522163524175125,3.081702819637082,0.9760875809266617,1.4496263023272533,russia_ukraine_war,2022-02-24
2022-02-27,16751,-3.1634979152895135,-434887.28157101467,126170.09439813586,2.1842976783213306,5.347795593610844,3.562325583413986,1.517832489885065,3.1634979152895135,3.4468332899768366,4.8016599175100945,0.7100012440816466,3.765417056217884,0.599924724072206,0.14234412808200034,2.7567666589250512,0.6210713213642521,1.3272264450586042,russia_ukraine_war,2022-02-24
2022-02-28,23205,-3.351296956194762,-645312.7598671145,172159.646594485,2.0338892636497636,5.385186219844527,4.934855540751093,1.7808426875381231,3.351296956194762,3.748339245764847,5.968132678208212,0.7258567771449836,3.765811904134474,0.9756037275523121,0.6584224733159221,3.831860154738671,1.2023426637705519,1.3285692740500576,russia_ukraine_war,2022-02-24
2022-03-01,24886,-3.0874049103064403,-638369.0790802732,182842.16643473742,2.1298924663837364,5.217297376690177,5.292342813494147,1.839333467738237,3.0874049103064403,3.4913668522306027,5.678767179986005,0.7101078763615243,3.741251254707116,0.4477059260099164,0.2185708382815652,3.5651630011202906,0.6249805111859235,1.245041539157125,russia_ukraine_war,2022-02-24
2022-03-02,26056,-3.050007835179858,-665094.1634905539,193054.85050895606,2.179610192575792,5.2296180277556505,5.541159059246303,1.8781143759508525,3.050007835179858,3.4451046515389123,5.72826356201403,0.7058249350998814,3.713250720270451,0.37289566154369136,0.13938527155719274,3.6107819304065503,0.467965858530751,1.1498151802530754,russia_ukraine_war,2022-02-24
2022-03-03,22534,-3.013823235613312,-568249.9036609401,165280.90440887812,2.1604555697516585,5.174278805364971,4.792158360494941,1.7565049959553236,3.013823235613312,3.4380856378616014,5.293795570281021,0.7054486966724947,3.6883861845342087,0.3005108706472069,0.12737104465977186,3.2103493375598777,0.4541727798068553,1.0652539655606308,russia_ukraine_war,2022-02-24
2022-03-04,21859,-3.0769666156894613,-543974.4820403446,160228.19627807225,2.1265561788214535,5.203522794510914,4.648610526407159,1.7314095903842475,3.0769666156894613,3.394998475151588,5.327489507696894,0.7098863209307705,3.662884836442826,0.42682483896689505,0.053620091468509296,3.2414037557894786,0.616858184289868,0.9785270307094415,russia_ukraine_war,2022-02-24
2022-03-05,16298,-3.4311168561690675,-470746.8303239344,122628.68835684269,2.046519383820077,5.4776362399891445,3.465989036981741,1.4964906986414963,3.4311168561690675,3.838798544057547,5.134634461209062,0.7280067709731933,3.6850328668875343,1.1352779214975204,0.8132588341828441,3.0636566080637033,1.2811624545462066,1.0538497464567491,russia_ukraine_war,2022-02-24
2022-03-06,15284,-3.4373087957819424,-455666.01212995785,115464.19134969678,2.0586352955694047,5.495944091351347,3.250348290663206,1.4470009303228304,3.4373087957819424,3.9463837818767566,4.973789025303319,0.727498356939167,3.714954340616539,1.1476644687991517,0.9974091318452012,2.9154114987050597,1.2625237555585296,1.155608982613518,russia_ukraine_war,2022-02-24
2022-03-07,20752,-3.266767212934606,-577399.9796088157,151882.2170304436,2.026076133086562,5.292843346021168,4.413192078503196,1.688838951852409,3.266767212934606,3.8016299136131284,5.5170437158382954,0.7231727799615625,3.7295405689877157,0.8065078175874327,0.7496384481634923,3.416108646587749,1.1039460573877964,1.2052149435665813,russia_ukraine_war,2022-02-24
2022-03-08,22652,-2.9392230391028242,-534850.0469677506,163618.06005013807,2.141947284310014,5.081170323412839,4.817252648528065,1.7608280967734944,2.9392230391028242,3.268893707723063,5.175466509936232,0.7034594477570357,3.6853699444261556,0.15127833277381017,-0.16222950768959035,3.101289951495617,0.3812459735714473,1.054996105528711,russia_ukraine_war,2022-02-24
2022-03-09,22047,-2.9331583098141465,-532734.8989251192,158685.78725171028,2.132227649912409,5.065385959726555,4.68859125649383,1.7384626351461543,2.9331583098141465,3.3571683271173205,5.099186124580341,0.7037590838362102,3.6558010826176304,0.1391462609348672,-0.01113259358692623,3.0309852269299156,0.39223077397389183,0.9544360589577474,russia_ukraine_war,2022-02-24
2022-03-10,21672,-3.080616325303505,-570098.6125875718,159968.8290512204,2.1503717250194456,5.230988050322951,4.608842459778396,1.724344363089212,3.080616325303505,3.5638106246625836,5.3120433953777,0.7086753944438785,3.6500200755504064,0.4341258308366432,0.34257058515716643,3.2271676626294177,0.5724650464635117,0.9347755680104936,russia_ukraine_war,2022-02-24
2022-03-11,20742,-3.0965390207323327,-538257.0656193813,153742.99674148828,2.1578098634041614,5.254348884136495,4.411065443924118,1.6884460131955015,3.0965390207323327,3.501018433538378,5.22833896425981,0.7088824002696759,3.638566052093234,0.46597808270430446,0.23509114912315057,3.150020477973545,0.5800539779593179,0.8958218490700485,russia_ukraine_war,2022-02-24
2022-03-12,12523,-3.5224470183574725,-387333.9929381871,96668.5140332461,2.0984153167114696,5.620862335068942,2.6631844833796996,1.298332846541475,3.5224470183574725,4.006826802002726,4.573308664135588,0.7281591087441348,3.679553160408964,1.31797759958548,1.1008675651156965,2.546304009872799,1.286747229290809,1.0352139415939003,russia_ukraine_war,2022-02-24
2022-03-13,14412,-3.2963326155453183,-394122.034269201,108981.65711297271,2.1327682298686366,5.429100845413955,3.0649057553675823,1.4023905583195924,3.2963326155453183,3.6164070606913756,4.622745737121681,0.7179575302566404,3.6731137491279373,0.8656513623933106,0.4325982650416254,2.591868276275045,0.9127525361826465,1.0133142992436848,russia_ukraine_war,2022-02-24
2022-03-14,19019,-3.226797720032742,-519665.2975184426,142651.23008196783,2.136830649473293,5.363628369506035,4.044646305948935,1.6183275435082467,3.226797720032742,3.642907931602422,5.222015627658598,0.7151066829288435,3.6714114542831076,0.7265516091286603,0.4779589796294546,3.1441924995750314,0.8082391245802508,1.0075250047492907,russia_ukraine_war,2022-02-24
2022-03-15,20207,-3.139259883368745,-545269.2278551916,150053.47500709724,2.143278332851611,5.282538216220356,4.297290493943431,1.667195462278871,3.139259883368745,3.6338327241631783,5.233759832466469,0.7113747264441289,3.66847733103555,0.5514382161836617,0.46242522997048446,3.1550166856407986,0.6714238344852121,0.9975464140165803,russia_ukraine_war,2022-02-24
2022-03-16,19560,-2.6865118109782657,-443370.36863023613,143391.92139935913,2.3221817580936666,5.008693569071933,4.159697236677069,1.640877902709439,2.6865118109782657,3.0920177671335516,4.408237866002153,0.6832326762551134,3.608964819929639,-0.3542530154824767,-0.4649825411829291,2.3941645451537026,-0.3602770377648453,0.7951517149199818,russia_ukraine_war,2022-02-24
2022-03-17,18089,-2.9134927083615305,-450492.95308323525,133823.75247313344,2.242290421570616,5.155783129932146,3.8468692900946566,1.5783329893229432,2.9134927083615305,3.366315357011653,4.598461655758852,0.6969088768906411,3.5841250506263607,0.09980658422010066,0.004524092329392173,2.5694865638128,0.14109894692613642,0.7106747278068193,russia_ukraine_war,2022-02-24
2022-03-18,15977,-2.9968216535555645,-416265.7781412411,121396.28423452085,2.3006842547306623,5.297505908286227,3.3977240669933293,1.4810871495988884,2.9968216535555645,3.4289828619224716,4.438554040720838,0.6972062813156591,3.565825771742349,0.2665003806348413,0.11179010685898012,2.4221058082128595,0.15200193383154262,0.6484411407074094,russia_ukraine_war,2022-02-24
2022-03-19,12606,-2.893654530588631,-294722.1299918084,90535.17581400632,2.144128462692608,5.0377829932812395,2.6808355503860493,1.3031397781438347,2.893654530588631,3.255332828836382,3.7708363230161708,0.7014543445938557,3.5274954301745494,0.06012168050249176,-0.1854412413267087,1.806695830774403,0.3077379431148874,0.5180843837209926,russia_ukraine_war,2022-02-24
2022-03-20,10056,-3.320621590720608,-284528.2040118893,76489.74372337435,2.1428785305831304,5.463500121303739,2.138543732721094,1.1437589129530517,3.320621590720608,3.719821640936429,3.797990540931036,0.7182787462136717,3.542922223350732,0.9142397787420912,0.6096097781523393,1.8317228387318845,0.9245284651154702,0.5705490017466441,russia_ukraine_war,2022-02-24
2022-03-21,14436,-3.332313063809766,-408289.8377321388,106010.47653221029,2.0055834421949474,5.337896506004713,3.07000967835737,1.4036453774264601,3.332313063809766,3.8514102670605745,4.6773858281543825,0.726889232851158,3.572724939382141,0.9376277627178208,0.8348459272833438,2.64222796615307,1.2401929783519476,0.671904357643218,russia_ukraine_war,2022-02-24
2022-03-22,14293,-3.2461330692606483,-410021.08306782064,105729.02864965855,2.075563166959914,5.321696236220562,3.039598803876551,1.3961453810707436,3.2461330692606483,3.878036980992777,4.53207369098925,0.7194145758809649,3.6030598115098162,0.7652306390899722,0.8804220434473965,2.5082993063569234,0.9661685180115196,0.7750695106895804,russia_ukraine_war,2022-02-24
2022-03-23,15373,-3.0162996609652817,-425604.65137132263,115469.23295667898,2.247435707690747,5.263735368656028,3.2692753384170024,1.4514441028655674,3.0162996609652817,3.685870603565872,4.377990355383468,0.7007875756194549,3.609294146261132,0.30546478843047326,0.5514968458907576,2.366286567179112,0.2832938771048334,0.7962717130939531,russia_ukraine_war,2022-02-24
2022-03-24,17329,-2.7087098112006442,-396364.4140539205,127947.54457029265,2.3373625786830368,5.0460723898836815,3.6852450620847095,1.5444182221312825,2.7087098112006442,3.097866515415333,4.183380790884061,0.6834315479673321,3.549195789504019,-0.3098474500301919,-0.4549714210806327,2.1869223470568895,-0.3529863067205968,0.5918846253031342,russia_ukraine_war,2022-02-24
2022-03-25,15725,-2.977593566113047,-399959.7930736686,117358.11134066766,2.242780684055326,5.220374250168373,3.344132875600557,1.4688261704696588,2.977593566113047,3.4080285419101837,4.373567354928921,0.6994862489360051,3.5320198244503467,0.22803592046287513,0.07592325053377037,2.362210056195848,0.23558662530974142,0.5334712897854121,russia_ukraine_war,2022-02-24
2022-03-26,9503,-2.8302416979238494,-226904.76678201777,70929.60661912936,2.316837828252079,5.147079526175928,2.020940840498066,1.1055683194580952,2.8302416979238494,3.1990134669775916,3.129025557633896,0.6895949247244005,3.496028201302071,-0.06673130910023665,-0.2818413372941355,1.2151633041231287,-0.12703399928155895,0.41106822525786024,russia_ukraine_war,2022-02-24
2022-03-27,8544,-2.811005921577723,-201543.4888009942,63807.00208445726,2.3285210375993204,5.139526959177044,1.8169965843644618,1.0356712763853222,2.811005921577723,3.158642189993881,2.9112780907270994,0.6882021863538581,3.4606980663236953,-0.10521115039253001,-0.35094359355398413,1.0144737610074512,-0.17809244676686709,0.2909148002870165,russia_ukraine_war,2022-02-24
2022-03-28,13137,-2.4605431171650345,-265250.9713702304,95424.24839609225,2.4016173200081905,4.862160437173224,2.7937598465351043,1.3333575712846042,2.4605431171650345,2.7797019712349424,3.2807837947442198,0.6693707599143153,3.3872491625149257,-0.8062877718915196,-0.9995637527431254,1.355033088614114,-0.8684614480620354,0.04112415107553546,russia_ukraine_war,2022-02-24
2022-03-29,14204,-2.699804965041848,-319331.81447436335,103142.97458938329,2.2808696446750516,4.980674609716901,3.0206717561227543,1.3914489921838158,2.699804965041848,3.0960112964129385,3.7566408977003416,0.6858974393366083,3.355942026908382,-0.32766097940155886,-0.4581469416115618,1.79361244816869,-0.26258556265721045,-0.06534754996538228,russia_ukraine_war,2022-02-24
2022-03-30,13000,-2.650507312548207,-280872.22877611895,90696.85982189633,2.1630871061065244,4.8135944186547315,2.7646249528017326,1.3256482421603542,2.650507312548207,3.096824182531509,3.513640359712695,0.6899547301350343,3.328106865395896,-0.4262775265013051,-0.456755549783699,1.5696481116904202,-0.11384336272530647,-0.16001149598168993,russia_ukraine_war,2022-02-24
2022-03-31,14083,-2.6158711233534877,-291141.5711583882,96734.96737861476,2.1265232673587873,4.742394390712274,2.9949394777159077,1.385028429595575,2.6158711233534877,3.009682838046328,3.6230558740026937,0.6904136323631574,3.2938986104318655,-0.4955648294518332,-0.6059126725537414,1.6704922220011305,-0.09701978996311418,-0.27634954560193187,russia_ukraine_war,2022-02-24
2022-04-01,12413,-2.638459450366318,-259520.10644335774,86195.73220881782,2.1527646439789216,4.79122409434524,2.639791503009839,1.291926400615221,2.638459450366318,3.0108231555437595,3.4086954208809717,0.6899815473349309,3.263469458742906,-0.4503784422287783,-0.6039608266421819,1.4729243604310944,-0.11286023149148337,-0.3798353317905106,russia_ukraine_war,2022-02-24
2022-04-02,8187,-3.015717413795066,-203243.93767317166,58996.20695899618,2.0951831252141186,5.110900539009186,1.741075729891368,1.0083504455020544,3.015717413795066,3.445033980140981,3.0408999977085585,0.7092480155876812,3.27945134813085,0.3043000432026421,0.1392643055284968,1.1339413335098063,0.5934576084681346,-0.32548290011590875,russia_ukraine_war,2022-02-24
2022-04-03,9017,-3.325026950340692,-260268.4068689279,69171.9268694526,2.173126253644814,5.498153203985507,1.9175863999548632,1.0707566991204929,3.325026950340692,3.7626305735291945,3.5602948818334785,0.7167191906321062,3.3267544945353364,0.923052396229737,0.6828844935255854,1.6126478069874868,0.867354419762811,-0.16461074222930358,russia_ukraine_war,2022-02-24
2022-04-04,13331,-3.252028875138021,-395719.7556280422,104759.13450351931,2.30314070846352,5.55516958360154,2.8350165573692228,1.3441737522464634,3.252028875138021,3.7774248279489964,4.371291855508119,0.7069165478500996,3.3716878554172838,0.7770247913180499,0.7082073576129178,2.36011281508619,0.5079848983304517,-0.011797932181411657,russia_ukraine_war,2022-02-24
2022-04-05,13984,-3.6389734443491877,-457263.4808824326,106181.76502724164,1.9770580800008077,5.616031524349995,2.973885795383033,1.3797444057657595,3.6389734443491877,4.3064219243776805,5.020853252570949,0.7396240288185242,3.470891006482031,1.5510806622244033,1.6136751963657103,2.958788803624414,1.707056622585886,0.325579730701137,russia_ukraine_war,2022-02-24
2022-04-06,14443,-3.606626938673409,-460990.94765063556,108959.54049083969,1.9687401376299816,5.575367076303391,3.0714983225627246,1.4040110699300543,3.606626938673409,4.230845188718389,5.063744147005409,0.7390360341123104,3.551711300620111,1.4863737129249595,1.48431285400239,2.9983197066936977,1.6855004585109634,0.6004395678850313,russia_ukraine_war,2022-02-24
2022-04-07,13503,-3.250688963720335,-382241.44722893287,101075.98426095698,2.11737877448868,5.368067738209014,2.8715946721293686,1.3536664821500397,3.250688963720335,3.7817237202663856,4.400348694083264,0.7171339383833772,3.575915966519412,0.7743443911215343,0.7155656375769027,2.38689339600807,0.8825592685167621,0.6827566467712575,russia_ukraine_war,2022-02-24
2022-04-08,12515,-3.1875752544694866,-346141.1079781041,91316.70309546002,2.054502548372928,5.242077802842414,2.661483175716437,1.2978683045928052,3.1875752544694866,3.79055634122333,4.137052891280292,0.71842939439011,3.598978975575874,0.648089777237459,0.7306841595166262,2.1442236872880067,0.9300512985263395,0.7611910917560736,russia_ukraine_war,2022-02-24
2022-04-09,7866,-3.7035763950546845,-264210.4857562043,61608.910888624574,2.0643642871296994,5.767940682184384,1.672810759902956,0.9831306377567948,3.7035763950546845,4.288510897942004,3.6410994232511227,0.7364295318916205,3.6694877667641284,1.6803144007244872,1.5830174507825217,1.6871222738051426,1.589944854120167,1.0009827811172416,russia_ukraine_war,2022-02-24
2022-04-10,8052,-3.088900934812229,-217528.49847860922,61961.21100319897,2.303116038008626,5.392016972820855,1.7123661630738116,0.997821376846999,3.088900934812229,3.5107205775461447,3.082171383718321,0.7007048435982308,3.6530273947900156,0.45069861965098856,0.25169800656204655,1.171979597374411,0.2802608820711866,0.9450030892707695,russia_ukraine_war,2022-02-24
2022-04-11,10743,-3.1440074320152576,-288843.42351571977,78370.81280371314,2.0755255031915305,5.219532935206788,2.28464352830377,1.1892581310723767,3.1440074320152576,3.685599436606004,3.7390364026761276,0.7154888448505388,3.6565203625854816,0.5609353591717087,0.5510326978590382,1.7773870559132474,0.8222493614075471,0.9568822412806608,russia_ukraine_war,2022-02-24
2022-04-12,11983,-2.934504246918947,-305139.7994098494,85369.16656262761,2.0948427844361954,5.029347031355143,2.548346216109474,1.2664816403263008,2.934504246918947,3.574356078385702,3.716495752182404,0.7059535415812745,3.6479754746991992,0.1418387151020506,0.3606209095460957,1.756612197250704,0.47268063297465723,0.9278221330711364,russia_ukraine_war,2022-02-24
2022-04-13,13115,-3.404879122200994,-396450.8617066791,98361.79814109467,2.047533681030447,5.452412803231442,2.789081250461132,1.332123575580931,3.404879122200994,4.030536948277336,4.53571975068725,0.7269935611771294,3.691414589343164,1.0827911478527328,1.1414514833427003,2.5116597406497245,1.2440177041335503,1.0755531962376963,russia_ukraine_war,2022-02-24
2022-04-14,12107,-3.299717059691636,-353578.7391518331,91766.91684896233,2.1399703645525605,5.439687424244196,2.574716484890044,1.2738858680753073,3.299717059691636,3.8530088107218705,4.20346293098818,0.7176692636815899,3.710261773542423,0.8724217090260401,0.8375821046346325,2.2054312903733493,0.9021845471796184,1.1396501416352554,russia_ukraine_war,2022-02-24
2022-04-15,9309,-3.6737961692112204,-294872.4078793321,69817.31571754241,1.9130920173141674,5.586888186525387,1.9796841296639482,1.0918172981421954,3.6737961692112204,4.223485318059026,4.011114207393343,0.744920391078529,3.76597176366702,1.6207411168868464,1.4717151928348273,2.028150801164927,1.90122376842987,1.3291129365738874,russia_ukraine_war,2022-02-24
2022-04-16,6574,-3.5640400814610924,-196808.57081267843,49584.0261168315,1.9892019030503705,5.5532419845114624,1.3980495722860453,0.8746557287377932,3.5640400814610924,3.9691930289999378,3.1173080747010555,0.7362656013482921,3.790236179434958,1.4011816480360617,1.036451009079757,1.204363746591357,1.583935082856012,1.4116332173828565,russia_ukraine_war,2022-02-24
2022-04-17,6286,-3.5157917964134766,-198984.81434261744,50225.76187107047,2.2371535665618323,5.752945362975309,1.3368024964085916,0.8487835403930281,3.5157917964134766,3.9618077840891983,2.984146208244595,0.7200092781965807,3.8087297071146713,1.304664287995562,1.0238099155971412,1.0816335283288556,0.9879705862200893,1.4745274206422179,russia_ukraine_war,2022-02-24
2022-04-18,8799,-3.3501152976846273,-250107.23840763627,64685.052830464076,2.000647137523414,5.350762435208041,1.8712257661309573,1.05473903480478,3.3501152976846273,3.8665383649473615,3.5334973755646124,0.7278553020709928,3.81459411773967,0.973239901361287,0.8607402208257212,1.5879495665618464,1.2756095329406572,1.4944715567871913,russia_ukraine_war,2022-02-24
2022-04-19,11338,-3.1423490685461926,-296412.5983554013,81846.3741874318,2.0382086985471455,5.180557767093338,2.4111782857589263,1.227057769956526,3.1423490685461926,3.621572748923531,3.8558438404752575,0.7176513870827506,3.793875658473188,0.5576179176530351,0.44144021255101257,1.8850440204576588,0.9015291826098185,1.4240106360318525,russia_ukraine_war,2022-02-24
2022-04-20,10202,-2.959114618041302,-249049.15949539765,73468.27412833847,2.1211226619820183,5.08023728002332,2.1695925975756367,1.1536030615150876,2.959114618041302,3.3898871649052857,3.4136436827464953,0.7054552641356576,3.751842242119109,0.19107006183287165,0.044871221062302305,1.477484984842095,0.4544135461130836,1.2810601791128724,russia_ukraine_war,2022-02-24
2022-04-21,11392,-2.8026728382614623,-265294.39507906395,81778.4714333916,2.1879574464500102,4.9906302847114725,2.422662112485949,1.2304186437456106,2.8026728382614623,3.244061553475546,3.4484609125163295,0.6952106001362468,3.7018715345904476,-0.12188090770907074,-0.20473393198581405,1.5095746988319823,0.07883931775688514,1.1111159753485806,russia_ukraine_war,2022-02-24
2022-04-22,10429,-2.7306263826808204,-232736.34713896576,73999.77344083971,2.1824753521843623,4.913101734865182,2.217867202520713,1.1687187806337573,2.7306263826808204,3.1450954012045798,3.191334336333096,0.6924174981950804,3.644741874352765,-0.2660048633285525,-0.37413120961066854,1.2725909312127737,-0.023557120655747683,0.9168250577175104,russia_ukraine_war,2022-02-24
2022-04-23,8096,-2.599936253950258,-159275.08237092927,56404.7649356929,2.1835277312074854,4.783463985157744,1.721723355221756,1.00126526615532,2.599936253950258,2.8237877163838703,2.6032258652983713,0.6865895898686872,3.56057427630396,-0.5274414345140032,-0.9241035571214513,0.7305537629689827,-0.2372109967361778,0.6305814534028635,russia_ukraine_war,2022-02-24
2022-04-24,7320,-2.72562542191699,-160576.85758535788,52400.19776448957,2.2164357702224864,4.942061192139476,1.5566965118852831,0.9387160001312972,2.72562542191699,3.0644322814784717,2.558588193918096,0.6903769350079925,3.5104398030926722,-0.2760089397452512,-0.5121997570158305,0.6894129221485948,-0.0983651323627863,0.4600803027808175,russia_ukraine_war,2022-02-24
2022-04-25,9780,-2.0780587274547213,-163208.38202296934,67966.7874599488,2.4357552712393464,4.513813998694068,2.0798486183385343,1.1248804458875015,2.0780587274547213,2.401296105383002,2.3375676279196806,0.6495098938322138,3.3974356888998525,-1.571421361927075,-1.6472692767195263,0.4857066883195851,-1.5965701936197267,0.07576726903854225,russia_ukraine_war,2022-02-24
2022-04-26,10610,-3.044722941946292,-277067.92555284715,77735.19140221032,2.1409368985937873,5.185659840540079,2.256359288402029,1.1806097886133797,3.044722941946292,3.5642534681527653,3.594629708877519,0.7077856234179905,3.416703331778021,0.362323597842436,0.34332858655389936,1.6442929087666673,0.5398456197570012,0.14129414246668004,russia_ukraine_war,2022-02-24
2022-04-27,11774,-2.643967923469724,-264375.6833391515,86475.1654471448,2.350309457967228,4.994277381436952,2.5038995534067383,1.2538765063980595,2.643967923469724,3.0572440303770536,3.3152092629087497,0.6799943265211779,3.3805388204539493,-0.4393591224483932,-0.5245036623362085,1.3867617308602258,-0.4789964708804939,0.018303106608942906,russia_ukraine_war,2022-02-24
2022-04-28,12277,-2.9286256945400755,-313425.6967569403,90939.7433614008,2.239350236602276,5.167975931142351,2.6108692727343747,1.2839485391294359,2.9286256945400755,3.4465205769425253,3.7602046821616595,0.6976844024563711,3.3895494302389917,0.13007907730542134,0.14180886692983294,1.7968970525108876,0.1695300810205593,0.048947077468700466,russia_ukraine_war,2022-02-24
2022-04-29,11482,-2.748780805042569,-269884.2020082248,82625.97626279583,2.2236751027389405,4.97245590778151,2.441801823697653,1.2359951202159436,2.748780805042569,3.266336014594797,3.3974796615758684,0.6909901863253993,3.378639157106906,-0.22968819595505002,-0.16660743128251565,1.46258722244914,-0.07588304897413152,0.011842586218105331,russia_ukraine_war,2022-02-24
2022-04-30,7027,-3.6096286850482846,-218978.74180303863,54003.02629174982,2.0377234610726855,5.64735214612097,1.4943861187182903,0.9140426543276554,3.6096286850482846,4.054934636811133,3.2993545844187784,0.7348466605630706,3.4496368782748874,1.4923784991122446,1.1832122462209875,1.37214907782872,1.5319160424537728,0.2532970660461401,russia_ukraine_war,2022-02-24
2022-05-01,7318,-2.779595867250461,-165891.88977814035,52850.80058891239,2.2212160448465097,5.00081191209697,1.5562711849694675,0.9385496282932516,2.779595867250461,3.138871841667862,2.6087886680133785,0.6924387363093819,3.415115670268614,-0.16804479348272827,-0.3847838824534973,0.7356807862642539,-0.02277852133897135,0.13589470178618465,russia_ukraine_war,2022-02-24
2022-05-02,8539,-3.026991208636675,-209268.86698160518,61267.32160050617,2.074004196624757,5.100995405261432,1.8159332670749226,1.03529374024331,3.026991208636675,3.4156686062782984,3.1338250500730807,0.7109401656162412,3.4131731670209384,0.3268524907078003,0.08900051053771382,1.2195868134226395,0.6554926289701116,0.1292884881850175,russia_ukraine_war,2022-02-24
2022-05-03,9011,-2.5757640002084496,-187102.8515416575,62779.22391877341,2.1955950789532275,4.771359079161678,1.9163104192074163,1.070319262255445,2.5757640002084496,2.9803307505639065,2.7568898244472417,0.6848558165987266,3.362565593779654,-0.575796357701138,-0.6561537256616277,0.8721799788465386,-0.30077194495736936,-0.04282161720022723,russia_ukraine_war,2022-02-24
2022-05-04,9821,-2.6735085902779314,-212656.4687736029,69661.74782964232,2.2098167174688297,4.8833253077467615,2.088567820112755,1.1277074948289463,2.6735085902779314,3.052700734607663,3.0149356747459937,0.6884572859794579,3.3250728112553114,-0.380265059906059,-0.5322802800698363,1.11001100638965,-0.16874037382000412,-0.17032993933780277,russia_ukraine_war,2022-02-24
2022-05-05,10555,-2.7990101889115016,-246090.2785162015,75643.48083883195,2.1837957505860275,4.9828059394975295,2.244662798217099,1.177011430493757,2.7990101889115016,3.2532913053079633,3.2944669864173273,0.69528155114191,3.314976395403245,-0.12920778462632052,-0.18893565350688848,1.3676443649896761,0.08144041518717643,-0.20466660250929108,russia_ukraine_war,2022-02-24
2022-05-06,9856,-2.5937192211958098,-219233.53128513537,71246.67450293769,2.3175211981956063,4.911240419391416,2.096011041139529,1.1301145219806594,2.5937192211958098,3.0771054623201506,2.9311997578137508,0.6794027357940183,3.287249273334816,-0.5398781789112909,-0.4905074684488265,1.0328348024584362,-0.5006844667843519,-0.29896311972173534,russia_ukraine_war,2022-02-24
2022-05-07,5955,-2.7689427187645337,-137460.2011970248,44474.36978724967,2.349732652981265,5.118675371745799,1.2664108918411012,0.8181974753120242,2.7689427187645337,3.09077344669723,2.2655419417767537,0.6853770381583916,3.2609871918393627,-0.18935568084310592,-0.4671124056827507,0.41932335789579483,-0.28166371602130735,-0.38827721491196077,russia_ukraine_war,2022-02-24
2022-05-08,8218,-2.712083091530409,-184170.351145197,62065.281509587025,2.4201376650882285,5.132220756618637,1.7476682970865105,1.0107526600462249,2.712083091530409,2.96736511404929,2.74124519903075,0.6795520644078136,3.228624306345252,-0.30309943584100124,-0.6783466014868483,0.8577609237289167,-0.4952100091641826,-0.4983393909109099,russia_ukraine_war,2022-02-24
2022-05-09,11003,-2.820168171128227,-267226.3178459705,83718.69757025423,2.394273706413266,5.214441877541493,2.339936027359805,1.2059516533200902,2.820168171128227,3.1919550303768425,3.4009864686127806,0.685324851481858,3.2222312300879663,-0.0868827033239109,-0.29392304318061674,1.4658193128703527,-0.2835769042694251,-0.5200814535688318,russia_ukraine_war,2022-02-24
2022-05-10,10355,-2.8407047290716054,-251014.21064510927,77978.00970282027,2.344882290356533,5.185587019428139,2.2021301066355337,1.163816246677052,2.8407047290716054,3.2190384391925653,3.306058315705868,0.6886140565887807,3.2199497111879563,-0.04580073833681352,-0.24756521662166342,1.378327651514503,-0.16299308912343,-0.5278406175272969,russia_ukraine_war,2022-02-24
2022-05-11,8790,-2.4245812526141526,-174950.56675076677,62024.63274727284,2.315845479908672,4.740426732522824,1.8693117950097868,1.0540722083371514,2.4245812526141526,2.820662678707423,2.5556837152358565,0.6718032680444647,3.1733394835922666,-0.8782269967812686,-0.9294525866908321,0.6867359748205352,-0.7792845493366524,-0.6863562441367181,russia_ukraine_war,2022-02-24
2022-05-12,9641,-2.4711967850790404,-192846.26346054854,67244.27654968285,2.251813522701785,4.723010307780825,2.0502883976893465,1.1152361427685826,2.4711967850790404,2.8678465046473622,2.7559679706136713,0.6771511973018572,3.137349631997308,-0.7849758454511654,-0.8486895027602112,0.871330341294806,-0.5832269329751719,-0.8087532838302656,russia_ukraine_war,2022-02-24
2022-05-13,8687,-2.815378889769839,-202838.38388950337,62223.53406935067,2.1737272737377733,4.989106163507612,1.8474074588452807,1.0464089167225177,2.815378889769839,3.259833870307522,2.946037574207502,0.6965268991967898,3.1442762957308323,-0.09646332971812542,-0.17773694895814102,1.046510252442756,0.1270954639787476,-0.7851965560760791,russia_ukraine_war,2022-02-24
2022-05-14,5800,-2.6999713156368106,-133919.3730986177,42811.4619374695,2.340657612653104,5.040628928289915,1.2334480558653884,0.80354660470744,2.6999713156368106,3.128119597836219,2.169552783487439,0.6828930025044027,3.1380158023015814,-0.3273282065319925,-0.40318816302461635,0.330853808307938,-0.372729638145237,-0.8064877209129067,russia_ukraine_war,2022-02-24
2022-05-15,6559,-1.5446090146748985,-85717.18020401578,48100.08628047427,2.894419557342706,4.439028572017604,1.394859620417428,0.8733246155406199,1.5446090146748985,1.7820587618948154,1.3489450739015314,0.6053126024366954,2.9903824456470467,-2.6385506483060435,-2.7071985331721824,-0.4254690488690427,-3.2168638032745216,-1.3085705307533348,russia_ukraine_war,2022-02-24
2022-05-16,8679,-2.1628740491817577,-155572.5319696363,59947.18732926583,2.372139846550141,4.535013895731899,1.845706151182018,1.045811244576678,2.1628740491817577,2.595159821513207,2.2619580012373732,0.6565676782277016,2.9438390018541822,-1.4017541719740985,-1.3154387974180841,0.41602017646448164,-1.3378284790654786,-1.466859033898695,russia_ukraine_war,2022-02-24
2022-05-17,9372,-2.7841845481095078,-219314.9573573501,67452.55789444197,2.206529039135705,4.990713587245213,1.9930819275121412,1.0963036015370702,2.7841845481095078,3.2513957098641244,3.0523115474363136,0.6934202230382162,2.9725503718863937,-0.1588654545249497,-0.19218028513392396,1.144458924063846,0.013203246422760152,-1.369215210938864,russia_ukraine_war,2022-02-24
2022-05-18,10290,-2.8459652431747045,-262859.33373742376,75038.90493770523,2.2232226717899675,5.0691879149646715,2.1883069818715253,1.1594900492254534,2.8459652431747045,3.502974010023743,3.2998683799025676,0.6951319943739791,3.0262172572128687,-0.03527744340133842,0.23843844842908973,1.37262262354827,0.0759575933284665,-1.1867007630478428,russia_ukraine_war,2022-02-24
2022-05-19,9909,-3.165724922903101,-287105.9301595389,75346.24083436171,2.219046955965026,5.384771878868127,2.1072822044086434,1.1337484548696506,3.165724922903101,3.810487782538502,3.5891357398837345,0.7081667772252076,3.107772395643125,0.604379698905849,0.7648001862636843,1.6392293268893805,0.553818898630651,-0.9093418111965609,russia_ukraine_war,2022-02-24
2022-05-20,8495,-2.604832158169171,-186381.3534898385,60629.226126880276,2.266108119083765,4.870940277252936,1.8065760749269784,1.0319652617232693,2.604832158169171,3.0741173093615553,2.688096299850237,0.6824866536918943,3.104014910872715,-0.5176475164554799,-0.4956221967139689,0.8087756085601118,-0.38762657783111193,-0.9221205527642596,russia_ukraine_war,2022-02-24
2022-05-21,5925,-2.4717213358253605,-119774.53319006787,42681.70431189498,2.3659709195890057,4.837692255414367,1.2600309881038665,0.8153785247405755,2.4717213358253605,2.8062265816477217,2.015388496375087,0.6715600296528442,3.0741390966751667,-0.7839265179322261,-0.9541624039902464,0.18876645921112822,-0.7882017838349924,-1.023724506494555,russia_ukraine_war,2022-02-24
2022-05-22,4808,-2.5515203832902973,-102290.43591889463,33941.30385536125,2.2539095104514875,4.805429893741785,1.0224859056208253,0.7043274011355355,2.5515203832902973,3.0137450333316287,1.7971057205072005,0.6807194864277729,3.067819770277112,-0.6242940379909971,-0.5989595395206779,-0.01241645777636966,-0.4524117656749398,-1.045215754991049,russia_ukraine_war,2022-02-24
2022-05-23,9292,-3.3577363014679658,-294453.54273836233,69625.2070218143,2.0676453566817683,5.425381658149734,1.9760688508795152,1.090603252079408,3.3577363014679658,4.229122688943775,3.661958130006047,0.7240573999547679,3.1940442249245606,0.9884851927804652,1.4813645048362014,1.706346949013059,1.1363766447995167,-0.6159419763810704,russia_ukraine_war,2022-02-24
2022-05-24,9239,-3.0106756683081763,-237268.89679525502,66926.49429701864,2.116617696586178,5.127293364894354,1.9647976876104005,1.086808796600732,3.0106756683081763,3.545216274772435,3.272028800029114,0.7078073324448606,3.2290562971081305,0.2942143797658904,0.3107432161192044,1.34696394358885,0.5406414829513032,-0.4968702436872336,russia_ukraine_war,2022-02-24
2022-05-25,7893,-2.921452080230966,-194688.55501677905,57292.60943774424,2.1686043436260753,5.090056423857041,1.6785526732664673,0.9852766013560736,2.921452080230966,3.398144314378508,2.8784383766345973,0.7012390559232565,3.2478477188767374,0.11572875761259253,0.05900472640335706,0.9842066478653511,0.2998453586105284,-0.43296293942836944,russia_ukraine_war,2022-02-24
2022-05-26,7602,-2.7098203574652877,-172469.49398823333,54906.6707984089,2.256420444682832,4.96624080214812,1.61666760701529,0.9619016024950435,2.7098203574652877,3.1411391636083534,2.6065805443195518,0.6875915445054454,3.2354903960864596,-0.3076258789720611,-0.3809029781705183,0.733645642794839,-0.20047886578781413,-0.4749886678223005,russia_ukraine_war,2022-02-24
2022-05-27,6600,-2.845597205325955,-157715.33254562278,47926.099065050956,2.2079664780227004,5.0535636833486555,1.4035788221916488,0.8769588025683126,2.845597205325955,3.2908026236717687,2.4954715177743862,0.6959364722096367,3.2411567355660944,-0.03601367768450972,-0.124728699259037,0.6312406867687768,0.10545013133402269,-0.45571814717633236,russia_ukraine_war,2022-02-24
2022-05-28,4911,-2.707399910941341,-110853.12530934773,35941.982462756234,2.3056344430995015,5.013034354040843,1.0443902417853315,0.7150995747570484,2.707399910941341,3.0842240108546,1.9360605250114238,0.6849653253880826,3.220102718722603,-0.3124678149782834,-0.4783228708393878,0.11565289074843946,-0.2967573009375198,-0.5273202578019406,russia_ukraine_war,2022-02-24
2022-05-29,3582,-2.640196207943438,-75769.2072316322,26337.788618860635,2.356310134283534,4.996506342226973,0.7617605062258312,0.5663135967240749,2.640196207943438,2.8768249425987666,1.4951790105777119,0.6795363869326724,3.1843277884759416,-0.446904178714365,-0.833321390416838,-0.2906908015881621,-0.49578475281893464,-0.6489863765376984,russia_ukraine_war,2022-02-24
2022-05-30,5910,-2.471496627153291,-117208.52958720764,41317.528895382675,2.2598125066756958,4.731309133828987,1.2568410362352491,0.8139660639129187,2.471496627153291,2.836774916621549,2.011714381578019,0.6767596642028156,3.1463755639066617,-0.7843760321022102,-0.9018737713437025,0.1853801676025386,-0.5975807215969285,-0.7780572043183634,russia_ukraine_war,2022-02-24
2022-05-31,8091,-3.0081077054536753,-216250.66360216076,59419.986620261356,2.167926534138899,5.176034239592574,1.7206600379322168,1.000874511874978,3.0081077054536753,3.6393590086811365,3.0107383313633074,0.7048014551094377,3.199313388504598,0.2890773475345085,0.47188439890088185,1.1061424749309972,0.43044459793391576,-0.5980222019092035,russia_ukraine_war,2022-02-24
2022-06-01,8523,-2.640335410560291,-184317.23132734525,60617.0255536662,2.2359173324803967,4.876252743040688,1.8125306517483974,1.0340846658705816,2.640335410560291,3.040684191344283,2.730330360815503,0.6856209414653827,3.183384107491027,-0.4466257134989461,-0.5528486225643949,0.8477011332490715,-0.27272210541094755,-0.6521957190009171,russia_ukraine_war,2022-02-24
2022-06-02,7102,-2.3947827078000956,-140360.97825214,49620.59389523972,2.2960326038048042,4.6908153116049,1.5103358780613771,0.9204165601518435,2.3947827078000956,2.828683964332908,2.204197662224481,0.6713779043707485,3.145569201347804,-0.9378369264536482,-0.9157228021450188,0.3627846729182306,-0.7948785828291991,-0.7807995437765719,russia_ukraine_war,2022-02-24
2022-06-03,7220,-2.568444881722797,-155028.12469314897,52250.70642711865,2.3342475333157924,4.90269241503859,1.5354301660945007,0.9303633134143582,2.568444881722797,2.9670053343563563,2.3895868904817705,0.6774537926286676,3.127104787265839,-0.5904377484440765,-0.6789624251713018,0.533650860461293,-0.572133645154555,-0.843594735286196,russia_ukraine_war,2022-02-24
2022-06-04,3649,-3.16062981866972,-99420.15987510726,27368.34208214001,2.169800475995369,5.330430294665089,0.7760089579056555,0.5743686884230551,3.16062981866972,3.632670169669748,1.8153668035401256,0.710702171394081,3.1806539473343913,0.5941872949840976,0.46043532168610035,0.004414086627822412,0.6467676482048869,-0.6614806564555712,russia_ukraine_war,2022-02-24
2022-06-05,3358,-3.0592964425053815,-89773.30298602207,24554.854459831964,2.1265242712773818,5.185820713782762,0.7141238916544783,0.5389020997421661,3.0592964425053815,3.6560307507779224,1.648661276599889,0.7091870972140832,3.2319947800681397,0.39147687860928454,0.5004209001152241,-0.14923204534217532,0.5912243120751927,-0.486876826111001,russia_ukraine_war,2022-02-24
2022-06-06,7377,-2.578162936716371,-160642.84679623533,55854.39934613395,2.4966308365173697,5.074793773233741,1.5688183289860294,0.9434459990005164,2.578162936716371,2.8761001582117003,2.432357507416482,0.6702561320755936,3.194661010997251,-0.5709974509955248,-0.8345619812574102,0.5730709083421573,-0.8360032858129554,-0.6138443631352272,russia_ukraine_war,2022-02-24
2022-06-07,6895,-2.943322673853701,-173672.99490600385,50831.91174869773,2.214481647025124,5.1578043208788245,1.4663145422744572,0.9027249482198394,2.943322673853701,3.4166134802209798,2.6570108083488617,0.6996207612311688,3.21794736505391,0.15947936878772082,0.09061782180945704,0.7801252955366883,0.24051790968016432,-0.5346503493930274,russia_ukraine_war,2022-02-24
2022-06-08,6792,-2.7543670421759496,-159016.25467731914,49145.733265893345,2.240729705199815,4.995096747375765,1.4444102061099513,0.8938038693326197,2.7543670421759496,3.2356065137332046,2.461863919859107,0.6903284345076808,3.222004805088014,-0.2185133146065834,-0.21920615993139606,0.60026584436696,-0.10014318364689861,-0.5208514970249333,russia_ukraine_war,2022-02-24
2022-06-09,6721,-3.0381590145418995,-179216.09144332644,49099.7717688988,2.1336337622498656,5.171792776791765,1.4293111005984958,0.8876077194632963,3.0381590145418995,3.650039195433634,2.696693394264391,0.7079385097027109,3.269127899180526,0.34919291467008695,0.4901653416159692,0.8166992228946816,0.5454505032762093,-0.3605916748107197,russia_ukraine_war,2022-02-24
2022-06-10,7052,-2.987033060984562,-178357.46738629427,51182.95111091471,2.1354505080013886,5.122483568985951,1.499702705165986,0.9161718068692514,2.987033060984562,3.48470464314942,2.736635476660417,0.7057770867921987,3.291927421248371,0.2469189776371428,0.2071673426881431,0.8535123182707959,0.46621171693693164,-0.2830533165274405,russia_ukraine_war,2022-02-24
2022-06-11,5140,-3.3659531489907595,-145056.5090742484,37523.84428774585,1.9672028309273695,5.3331559799181285,1.0930901736462235,0.7386415259788095,3.3659531489907595,3.865715569063361,2.486232770343714,0.7305334050149878,3.353379605936501,1.0049224284246483,0.8593318667613035,0.6227256852986729,1.3737900537178358,-0.07406202717236367,russia_ukraine_war,2022-02-24
2022-06-12,4370,-2.871697870109326,-110079.11406133824,32511.913684580057,2.284049655858387,5.155747525967714,0.9293393110571978,0.6571776184328161,2.871697870109326,3.3858085109750773,1.8872155671370374,0.6929957094209702,3.365479196070647,0.016198898528445183,0.03788991627983965,0.0706343542824745,-0.002359623597477743,-0.03291281570597934,russia_ukraine_war,2022-02-24
2022-06-13,5749,-2.8483240082941,-132826.51088260184,40235.01335454373,2.0751433841416724,4.923467392435772,1.2226022195120891,0.7986786803795868,2.8483240082941,3.3012667278660612,2.274895660237827,0.7034921000198145,3.3629574209601762,-0.03055889678242775,-0.10681761832257015,0.4279443237837194,0.38244302097075145,-0.04148906135901002,russia_ukraine_war,2022-02-24
2022-06-14,6267,-2.9584032725181184,-153527.47049328467,44135.706960021496,2.042077042536337,5.000480315054455,1.332761890708343,0.8470529264111875,2.9584032725181184,3.478532033764661,2.5059241494909057,0.7100375703244657,3.3757692414054943,0.18964706427126782,0.1966018796320774,0.6408744791308373,0.6224030586097742,0.002082357418717413,russia_ukraine_war,2022-02-24
2022-06-15,7193,-2.5379326251470125,-145798.3787866057,49718.87139955064,2.1870931479819395,4.725025773128952,1.5296882527309894,0.9280960748827574,2.5379326251470125,2.9324555180454763,2.3554453077158346,0.6835857176441001,3.328287183671178,-0.6514754091747478,-0.738100268678418,0.502183864569788,-0.3473343734418263,-0.15939825580094266,russia_ukraine_war,2022-02-24
2022-06-16,7281,-2.4467907932488115,-143582.83873454455,49829.62839829286,2.198499150710634,4.645289943959446,1.548402637026878,0.9354667460371202,2.4467907932488115,2.881475205612082,2.28889142159405,0.6787599500366226,3.278475518751359,-0.8337983455317168,-0.8253616801864315,0.44084368372593496,-0.5242492967139759,-0.3288015752980092,russia_ukraine_war,2022-02-24
2022-06-17,6724,-2.281458718051456,-131740.2283830084,47186.62554134791,2.368091695506389,4.6495504135578445,1.4299490909722192,0.8878703069158045,2.281458718051456,2.791897637765372,2.0256394522120837,0.6625516578499097,3.228259173987345,-1.1645337366926238,-0.9786888105364309,0.19821437459976712,-1.1184529554524767,-0.49958116095784255,russia_ukraine_war,2022-02-24
2022-06-18,3796,-2.3772256834306984,-73666.71518635718,26840.81060360275,2.3467942451659405,4.724019928596638,0.8072704862181059,0.5918176884091259,2.3772256834306984,2.744578629695675,1.4068842087947604,0.668101269882879,3.179550669064843,-0.9729585404266339,-1.0596832815043276,-0.37206875597279127,-0.9150015531342943,-0.6652327695698652,russia_ukraine_war,2022-02-24
2022-06-19,3785,-2.8606086799880126,-87397.41962696012,27373.105946926768,2.1856938035894506,5.046302483577462,0.8049311881811197,0.590522468166802,2.8606086799880126,3.1928207122864842,1.6892536981658985,0.6977744848309814,3.1818666178906634,-0.005984259990870005,-0.2924412824430578,-0.1118195571338582,0.17283254348635566,-0.657356513686613,russia_ukraine_war,2022-02-24
2022-06-20,5581,-2.3805219599942524,-106481.18720942482,39953.81310300451,2.3891883214725484,4.769710281466802,1.1868747585835746,0.7824734737464739,2.3805219599942524,2.6651070058045967,1.8626952873664673,0.6662631427002501,3.1215533882238273,-0.966364566950403,-1.1957123826329203,0.048034946748008636,-0.9823881651574995,-0.8624743577016157,russia_ukraine_war,2022-02-24
2022-06-21,6354,-2.605352454581822,-145039.31456955973,47883.93497692225,2.4653388007955117,5.070691255377334,1.3512636115463237,0.8549528906844268,2.605352454581822,3.0289765166430387,2.2274536122964954,0.672859744133302,3.1094447696922054,-0.5166066994370505,-0.5728882843699591,0.38421879594603725,-0.7405536361642279,-0.9036542736325991,russia_ukraine_war,2022-02-24
2022-06-22,6654,-2.515263995909516,-140046.3077514779,48099.94943411221,2.3567315002502474,4.871995496159764,1.4150626489186713,0.8817252283492893,2.515263995909516,2.911568710551655,2.2177717211520642,0.6739769669790177,3.086970052542129,-0.6968224354489623,-0.7738515659304359,0.37529536580067846,-0.6995957181489841,-0.9800880105114841,russia_ukraine_war,2022-02-24
2022-06-23,6648,-2.4849519464838146,-135424.9742048407,47576.80245804168,2.3358033933376414,4.820755339821456,1.4137866681712243,0.8811967460159811,2.4849519464838146,2.8464496815285756,2.189731569247616,0.6736136067024835,3.0612905943119575,-0.757459595611206,-0.8853137778580149,0.3494518262429639,-0.7129166777707405,-1.0674206759439633,russia_ukraine_war,2022-02-24
2022-06-24,5611,-2.573086589641292,-124501.95031958762,40239.160553513626,2.2991954820028813,4.8722820716441735,1.1932546623208093,0.7853865877830433,2.573086589641292,3.0940493938489055,2.0208676967086823,0.6793972420880512,3.063479905579466,-0.581152332518306,-0.46150506906914407,0.19381642937706903,-0.500885868643851,-1.0599750987538554,russia_ukraine_war,2022-02-24
2022-06-25,3811,-2.6749213838727006,-84292.45429490016,28007.9084732621,2.337153382225562,5.012074766098263,0.8104604380867233,0.5935811986104552,2.6749213838727006,3.0095947498318343,1.5877830412278953,0.6819865521852647,3.0576792502996843,-0.3774388639508105,-0.606063450404387,-0.20534119515710134,-0.40596053563226453,-1.0797024108450088,russia_ukraine_war,2022-02-24
2022-06-26,4579,-2.546331185944792,-96855.68323460678,33254.11642557644,2.3579892907987814,4.904320476743573,0.9737859737599333,0.6799535125191177,2.546331185944792,2.9125922936900843,1.731386833920132,0.675311386284098,3.043368079648701,-0.63467466868125,-0.772099530582048,-0.0729870513662148,-0.6506752751907766,-1.128372934467699,russia_ukraine_war,2022-02-24
2022-06-27,8142,-2.4776105558161294,-166361.89515908386,57198.016918215246,2.2737233955269174,4.751333951343048,1.7315058742855158,1.0048530594226264,2.4776105558161294,2.9085255769786023,2.4896345470696315,0.6763409487980933,3.0302800720295373,-0.7721455403151815,-0.7790604027993532,0.6258609732843565,-0.6129310264032654,-1.1728836317081577,russia_ukraine_war,2022-02-24
2022-06-28,6923,-2.6722478353005257,-164614.5703094003,51558.92237717099,2.38761740671569,5.059865242016216,1.4722691190958765,0.9051364006180384,2.6722478353005257,3.1927465261044237,2.4187487872032625,0.6794061135379438,3.0440603023298136,-0.3827871131138991,-0.292568264618176,0.5605282694734853,-0.5005606370942364,-1.1260187706347817,russia_ukraine_war,2022-02-24
2022-06-29,7747,-2.2255947075949636,-156260.67811385696,58527.05704508685,2.6646040302922853,4.890198737887249,1.6475038084119247,0.9736172369860346,2.2255947075949636,2.669887843386353,2.16687736985935,0.6472966784102598,3.004595335536521,-1.2762858291289525,-1.1875291719843066,0.3283879815119074,-1.6777077179284012,-1.260234247860585,russia_ukraine_war,2022-02-24
2022-06-30,8411,-2.48729016724493,-180788.5413465566,62383.5995728772,2.4648081070134404,4.95209827425837,1.7887123444627209,1.0255799640155219,2.48729016724493,2.898013942516373,2.5509149602192167,0.6676770636828789,2.994320070677665,-0.7527821465613166,-0.7970528398137162,0.6823407950321537,-0.9305531530928774,-1.2951791544121658,russia_ukraine_war,2022-02-24
2022-07-01,6280,-2.7699002387540705,-148961.26396893928,45624.63429660385,2.247584458378048,5.017484697132119,1.3355265156611447,0.8482373542079921,2.7699002387540705,3.264930585537372,2.349532849940838,0.690631374558441,3.023026412810448,-0.18744022827344672,-0.1690130603866035,0.49673457752911404,-0.08903725808320857,-1.1975524307172298,russia_ukraine_war,2022-02-24
2022-07-02,3162,-2.932736168934744,-78684.10042443668,22746.435263510262,2.1304749363280524,5.063211105262797,0.6724418539045445,0.5142847464395398,2.932736168934744,3.4591838023367725,1.5082614770146723,0.7038409900000434,3.0656840742037232,0.13830179727766417,0.16348411506782384,-0.27863319077249377,0.3952334926849238,-1.052478993528674,russia_ukraine_war,2022-02-24
2022-07-03,3727,-3.1946325671779,-94443.47859811204,26617.404297062658,1.973572406652888,5.168204973830788,0.7925967076224659,0.5836652432901382,3.1946325671779,3.5481851477356217,1.864595994544488,0.7236580893649714,3.1133386047762213,0.662207443615116,0.3158249434172496,0.04978675612872103,1.121737729687621,-0.8904118214907519,russia_ukraine_war,2022-02-24
2022-07-04,5436,-3.3429596838825546,-158252.4540776642,41308.18603394733,2.128022184727903,5.470981868610458,1.1560385571869398,0.7682725365542517,3.3429596838825546,3.83101920640164,2.5683041159350495,0.7199603829934754,3.190380200405197,0.9589255904388607,0.7999431844339575,0.698367717252432,0.9861780649448548,-0.6284028711794667,russia_ukraine_war,2022-02-24
2022-07-05,5678,-2.5211966170994153,-122987.01057644987,42379.35506790184,2.471292768229249,4.992489385328664,1.2075031140006336,0.7918620641407967,2.5211966170994153,2.902050075547288,1.9964399573211369,0.6688953780555871,3.1587055141990845,-0.6849546367322971,-0.7901443167290079,0.17130231278744312,-0.8858891718777355,-0.7361245664084992,russia_ukraine_war,2022-02-24
2022-07-06,6510,-3.017526497646766,-167115.4663229165,49045.57238712843,2.2581777947348676,5.275704292381634,1.3844391109799445,0.868963923089344,3.017526497646766,3.4073507187118577,2.622121663421182,0.7002637194711981,3.1845184911271973,0.3079189904312464,0.07476304169597484,0.747969300086097,0.2640890629047281,-0.6483378203769754,russia_ukraine_war,2022-02-24
2022-07-07,7643,-2.519154498765918,-171966.9965081417,59531.803803034156,2.634953942755871,5.154108441521789,1.625386808789511,0.9652282409171355,2.519154498765918,2.8886575833836408,2.431559065442315,0.6617110233865163,3.150727674368743,-0.6890397533378919,-0.8130678280616758,0.5723350147987047,-1.149271012534362,-0.7632562142233481,russia_ukraine_war,2022-02-24
2022-07-08,6793,-2.851083447262594,-172214.12632802708,53304.63373747551,2.497955533653813,5.349038980916407,1.4446228695678591,0.8938908654542455,2.851083447262594,3.2307533933387287,2.5485574501558337,0.681667225710986,3.1573278018122966,-0.025038829816957472,-0.2275130948171637,0.6801679678381939,-0.41766719523357676,-0.7408099960565504,russia_ukraine_war,2022-02-24
2022-07-09,4103,-3.1246246426821322,-111752.51049492093,31489.486243127954,2.2750610936148137,5.399685736296947,0.8725581677958083,0.6273055001701762,3.1246246426821322,3.5488832568460538,1.960094224321773,0.7035653235168708,3.1947336425228348,0.5221614285582545,0.3170198750183946,0.1378038356135666,0.3851274290104922,-0.6135973522883941,russia_ukraine_war,2022-02-24
2022-07-10,3981,-3.1864933767713235,-106696.22298844668,30888.406511021785,2.2862316475879356,5.472725024359259,0.8466132259310536,0.6133532726458357,3.1864933767713235,3.454248212848879,1.9544461409069713,0.7053429031439377,3.221063057452318,0.6459255556654311,0.155036020405784,0.1325982123468631,0.450294339005365,-0.5240542644062732,russia_ukraine_war,2022-02-24
2022-07-11,5548,-2.7547500825303706,-126592.18149288923,41399.34921478108,2.353640569295475,5.108390651825846,1.1798568644726162,0.7792592161465841,2.7547500825303706,3.0578302290725667,2.1466643899923543,0.684584465067168,3.2033953978185874,-0.21774706884756417,-0.5235002843035325,0.3097584481715718,-0.31071982046448976,-0.5841397924550953,russia_ukraine_war,2022-02-24
2022-07-12,6272,-2.508718270995329,-130132.26696144415,45449.996176134824,2.3688867331355326,4.877605004130862,1.333825207997882,0.8475086415989469,2.508718270995329,2.8631964336616345,2.1261604140057098,0.673098815395993,3.165977313758553,-0.7099167057975394,-0.8566488843029822,0.2908607147959828,-0.7317891705836579,-0.7113940743425501,russia_ukraine_war,2022-02-24
2022-07-13,6319,-2.477285488386861,-127003.45704801894,44631.56940982245,2.292894635915958,4.770180124302819,1.3438203905195498,0.851782243573935,2.477285488386861,2.8455969334582307,2.1101077912713118,0.6753687715681298,3.1334595996478587,-0.7727958152436516,-0.8867734001460549,0.27606562409693175,-0.6485715035326266,-0.8219828033415784,russia_ukraine_war,2022-02-24
2022-07-14,6522,-2.525731861631296,-143788.20883754935,48258.372156686935,2.436794614775193,4.96252647640649,1.3869910724748384,0.8700336072888857,2.525731861631296,2.9795495042951896,2.197471602619549,0.6706732165361359,3.1186102049158904,-0.6758821934542978,-0.6574909605448519,0.35658552007269867,-0.8207127721917652,-0.8724837605805488,russia_ukraine_war,2022-02-24
2022-07-15,6403,-2.6971659559113665,-153070.6581188507,47344.20898345684,2.3484503644976074,5.045616320408974,1.361684120983807,0.8593749751249113,2.6971659559113665,3.233144272667796,2.317876926269088,0.6823871808876878,3.1325003939324794,-0.3329401347983876,-0.22342070120399518,0.4675585189102206,-0.3912732978879572,-0.8252449434954435,russia_ukraine_war,2022-02-24
2022-07-16,4252,-2.744694448233312,-98458.88444753742,31095.021896294624,2.284169932079796,5.028864380313108,0.9042450230240744,0.644085616652575,2.744694448233312,3.1663873650228904,1.767818216213252,0.6876577034229188,3.138218527583829,-0.23786267036432188,-0.3376864189085564,-0.03940963450189646,-0.19805344857741194,-0.8057982772692547,russia_ukraine_war,2022-02-24
2022-07-17,3380,-3.2668933430968132,-92149.17411342189,25048.49591911799,2.0719521330548467,5.3388454761516595,0.7188024877284505,0.5416278202811944,3.2668933430968132,3.6788306336225975,1.769440320512671,0.720414421994086,3.1949637254451204,0.8067601322607044,0.5394467488061877,-0.03791460277840139,1.0028233494859335,-0.6128148686902747,russia_ukraine_war,2022-02-24
2022-07-18,5667,-2.544824752786073,-121341.67586060427,40047.81483598569,2.261010496024971,4.805835248811044,1.2051638159636475,0.7908017990932596,2.544824752786073,3.0299200182969908,2.012451992880286,0.6800537923617239,3.1804740326903316,-0.6376881841132191,-0.5712733220020535,0.18605999583361643,-0.476816425036343,-0.6620925239363895,russia_ukraine_war,2022-02-24
2022-07-19,5995,-2.684591264832666,-137156.50040898225,43724.74801087169,2.3044723418014894,4.989063606634156,1.2749174301574142,0.8219437573079533,2.684591264832666,3.136816257348807,2.2065830310526726,0.6840390781516935,3.1767037995621483,-0.35809493532742637,-0.3883023620506715,0.36498317647417333,-0.330713962775713,-0.6749146210941566,russia_ukraine_war,2022-02-24
2022-07-20,6058,-2.456750467743325,-124870.19166913707,42761.86486810442,2.3009962474839356,4.757746715227261,1.2883152280056074,0.827815838505495,2.456750467743325,2.920129700944738,2.033736948453708,0.6740218110165971,3.151093667725232,-0.8138747049686491,-0.7591979855589347,0.2056775283355947,-0.6979517145182902,-0.7620115160265921,russia_ukraine_war,2022-02-24
2022-07-21,6831,-2.3282204199263887,-129568.36553274727,48839.26390618491,2.41071513816921,4.738935558095599,1.4527040809683565,0.8971911224380895,2.3282204199263887,2.652954921303369,2.0888586918370367,0.6628205711604009,3.1002112192782283,-1.070990183558761,-1.2165127268388765,0.25648113883212903,-1.1085944662830631,-0.9350564380330282,russia_ukraine_war,2022-02-24
2022-07-22,5358,-2.604974782916942,-113643.69440690587,38021.00491493898,2.2455720444260927,4.8505468273430346,1.1394508074701295,0.7605491640748234,2.604974782916942,2.9889713504719513,1.9812113935834748,0.683549263336079,3.0885069394507356,-0.5173622055036463,-0.6413638801651512,0.157266725865426,-0.34867080561823366,-0.9748612479764702,russia_ukraine_war,2022-02-24
2022-07-23,3299,-2.869860833712036,-77166.74928385166,23810.659246459167,2.173838792974107,5.043699626686143,0.7015767476379166,0.5315553198116498,2.869860833712036,3.2408489191800505,1.5254897932787292,0.6988116077009485,3.1050182373685584,0.012524034164048082,-0.21023289795724207,-0.2627545081462295,0.21085395850015032,-0.9187083632859748,russia_ukraine_war,2022-02-24
2022-07-24,3160,-2.682794038694571,-64698.011279638704,21697.96560586343,2.0918253866437624,4.774619425338334,0.6720165269887288,0.5140303991762948,2.682794038694571,2.981754716311072,1.3790376906179544,0.6953553922120685,3.0930738343812476,-0.3616901620193915,-0.6537163678835824,-0.39773383070203105,0.08414746374898119,-0.9593298024351822,russia_ukraine_war,2022-02-24
2022-07-25,4990,-2.10775688185712,-89920.62524978575,34663.42447630538,2.4194105847533423,4.527167466610463,1.0611906549600496,0.7232838036755346,2.10775688185712,2.594106803015153,1.5245064147329022,0.6517118836261625,3.0414407552042273,-1.5120122563357394,-1.3172412163539093,-0.2636608506808882,-1.5158442061438986,-1.1349275268341104,russia_ukraine_war,2022-02-24
2022-07-26,5122,-2.4689491747474612,-99938.54173778783,35426.46785132711,2.223790528921379,4.69273970366884,1.0892622314038827,0.7368110043295049,2.4689491747474612,2.821013434282979,1.8191489210841791,0.6784817742221338,3.017345129050053,-0.7894720345984,-0.9288522093067721,0.00789992025293084,-0.5344473536614733,-1.2168737750160976,russia_ukraine_war,2022-02-24
2022-07-27,5660,-2.370600639935426,-101933.98044208552,37302.227112525616,2.1099494249550443,4.480550064890471,1.2036751717582928,0.7901264991940923,2.370600639935426,2.7326513276162374,1.873074384619453,0.6798498462512585,2.989222359921197,-0.9862114821153618,-1.0800988726463783,0.0576009651970154,-0.48429318592071013,-1.3125158390094718,russia_ukraine_war,2022-02-24
2022-07-28,6321,-2.526061623562662,-125731.30289152643,43588.55637232942,2.184885370177965,4.7109469937406265,1.3442457174353655,0.8519636944780768,2.526061623562662,2.8845025702971503,2.1521127932897346,0.6831585724719688,2.9786757644761357,-0.6752225274987954,-0.8201798344314901,0.3147800338827352,-0.3629937175089959,-1.348383507369121,russia_ukraine_war,2022-02-24
2022-07-29,5910,-2.676965491761163,-138748.44482544065,41963.91089836036,2.211763523016234,4.888729014777397,1.2568410362352491,0.8139660639129187,2.676965491761163,3.3063754510750787,2.1789590645595447,0.6885056196814896,3.0116746121899443,-0.3733497673779968,-0.09807317606743411,0.33952321915158556,-0.16696843743973763,-1.2361585024170545,russia_ukraine_war,2022-02-24
2022-07-30,3520,-3.4185788833698645,-105776.32258824547,26793.45669396989,2.0965992932539725,5.515178176623837,0.748575371835546,0.5588013831610316,3.4185788833698645,3.9478415867129004,1.9103066084721751,0.7245585145452723,3.107989919709492,1.1101965733491999,0.9999044109369352,0.09191648721124737,1.1547477427347486,-0.9086020387161114,russia_ukraine_war,2022-02-24
2022-07-31,2903,-3.2875817141463366,-88957.32700142307,22644.69668977833,2.2564324790925796,5.544014193238914,0.6173620183064177,0.48079643822493234,3.2875817141463366,3.9283956071523725,1.5806575785349763,0.7107303499559533,3.19213019873419,0.8481457888756014,0.9666193339412885,-0.21190846260982352,0.6478006876127183,-0.6224513430279195,russia_ukraine_war,2022-02-24
2022-08-01,5062,-2.6083900627467345,-107144.6999319618,35444.85743245038,2.196877413554564,4.805267476301299,1.076502423929413,0.730684951402901,2.6083900627467345,3.0228559992420503,1.9059113662379077,0.6862565045266028,3.1707397016857173,-0.5105301742170247,-0.583364583201344,0.08786555992190523,-0.24942206293974617,-0.6951977812675647,russia_ukraine_war,2022-02-24
2022-08-02,5083,-2.8968159025560722,-125897.243418972,37089.574972438524,2.199986203004723,5.096802105560796,1.0809683565454773,0.7328333414071203,2.8968159025560722,3.3944105186572497,2.1228832773114497,0.6984993794568202,3.195825841363681,0.06644578665677982,0.05261370466638261,0.2878403027781466,0.19940752337389714,-0.6098829189425493,russia_ukraine_war,2022-02-24
2022-08-03,5654,-2.536538879400111,-115607.1745144277,39162.713851420594,2.195005573690517,4.7315444530906285,1.2023991910108458,0.7895473075245647,2.536538879400111,2.9519704623389917,2.0027174426617345,0.6831026174352828,3.1689254683689096,-0.654263501226638,-0.7046971468992559,0.17708803182618232,-0.3650450556228852,-0.7013677646781595,russia_ukraine_war,2022-02-24
2022-08-04,6031,-2.697499333310738,-138919.05068598152,43184.72016132497,2.2314791644941057,4.928978497804844,1.2825733146420961,0.8253034532962642,2.697499333310738,3.2168565679486223,2.2262555150457226,0.6883608185768306,3.175531055508514,-0.3322732363489864,-0.2512998576112407,0.3831145553627534,-0.17227691443327767,-0.678902978759492,russia_ukraine_war,2022-02-24
2022-08-05,5528,-2.8847503810352633,-123467.83254926054,37212.82882262134,1.9234740155805359,4.808224396615799,1.1756035953144597,0.7773061411275662,2.8847503810352633,3.317883548648835,2.242334186798797,0.7142661631876392,3.1902474806511094,0.042309544642145494,-0.07837512420927968,0.3979336544497367,0.7774252732680855,-0.6288542346691529,russia_ukraine_war,2022-02-24
2022-08-06,2883,-3.205207943192625,-76003.34208364034,21222.8131853241,2.0780781625216376,5.283286105714263,0.6131087491482611,0.47816321729711325,3.205207943192625,3.5812095889435533,1.5326125422232486,0.7177047505326571,3.2295222134808723,0.6833627525213194,0.37235184991340997,-0.25618974185200155,0.9034855119264503,-0.4952857196550104,russia_ukraine_war,2022-02-24
2022-08-07,2504,-3.147311958025613,-64115.411198938724,17759.778243267305,1.9726256190837,5.119937577109313,0.5325092986011952,0.4269064564125591,3.147311958025613,3.6101470593105374,1.3436077952255874,0.7218740863468764,3.268445648630853,0.5675458350961875,0.42188321583027066,-0.43038821525096316,1.0563353351391327,-0.3629119246564013,russia_ukraine_war,2022-02-24
2022-08-08,4825,-2.766543940361752,-107976.40789328706,34226.232685944364,2.163487893647555,4.9300318340093074,1.0261011844052583,0.7061133475237369,2.766543940361752,3.154785070389286,1.9534936028003462,0.6950050219480816,3.257615023412523,-0.19415427127031315,-0.35754570493750965,0.13172029426986112,0.07130272413200221,-0.3997455431906761,russia_ukraine_war,2022-02-24
2022-08-09,5062,-2.6416219451895033,-108533.88986967209,34834.91366269482,2.1200141620056843,4.761636107195188,1.076502423929413,0.730684951402901,2.6416219451895033,3.1156640983985704,1.930193402645629,0.6919323012542645,3.2448141822737346,-0.44405208987916944,-0.4245078531184443,0.11024538762694916,-0.041344670023708945,-0.44327962270309484,russia_ukraine_war,2022-02-24
2022-08-10,5333,-2.557127932341705,-110622.00978745118,36149.46690428177,2.1106603826273633,4.667788314969068,1.1341342210224339,0.7580610473507884,2.557127932341705,3.0601283853054113,1.9384590786009088,0.688621913834683,3.227530351401555,-0.6130765236232769,-0.5195666019235753,0.11786354619646935,-0.16270503877186068,-0.5020597965456304,russia_ukraine_war,2022-02-24
2022-08-11,5413,-2.841507500506776,-127771.99163671416,38130.152412638294,2.101336810677546,4.942844311184322,1.1511472976550599,0.7660013266277199,2.841507500506776,3.350943637832508,2.176598515010807,0.7016918255897804,3.2419227022113435,-0.044194849556266735,-0.021787200184349292,0.3373475905797922,0.31644410876354173,-0.45311318923047583,russia_ukraine_war,2022-02-24
2022-08-12,4725,-2.7156494435109115,-104702.12973923943,34256.711279563526,2.2672240908967685,4.98287353440768,1.0048348386144759,0.6955616826096735,2.7156494435109115,3.0563975883377172,1.8889016963064733,0.6872836466389566,3.222394108181,-0.29596519515672354,-0.5259524907875586,0.07218839528903623,-0.21176654722135754,-0.5195275252936438,russia_ukraine_war,2022-02-24
2022-08-13,2876,-3.283738730621131,-79609.3833640925,21589.70622802474,2.1115566131360164,5.395295343757148,0.6116201049429063,0.47723994940175984,3.283738730621131,3.6873768694802673,1.5671313056502278,0.718716097605058,3.27176954613381,0.8404581659027661,0.5540750742993865,-0.22437511291744838,0.9405619740084744,-0.3516077598272323,russia_ukraine_war,2022-02-24
2022-08-14,2247,-2.6257883681741343,-47638.97176456944,15531.607728712395,2.1431823020527623,4.768970670226897,0.4778547899188841,0.3905915700125726,2.6257883681741343,3.067227333877484,1.0256108012458862,0.6899399780867508,3.2479377488731123,-0.4757260665192339,-0.507415552958719,-0.7234739275236194,-0.11438417979369112,-0.43265675853148994,russia_ukraine_war,2022-02-24
2022-08-15,3834,-2.8504494168278245,-95664.14289981159,28099.892681362355,2.23934136896772,5.089790785795544,0.8153516976186033,0.5962792217379103,2.8504494168278245,3.404430898886036,1.6996637598693753,0.6944602278030485,3.265655298260445,-0.02630716388704724,0.06976527712395166,-0.10222499993071509,0.05133031306556486,-0.37240156159320825,russia_ukraine_war,2022-02-24
2022-08-16,4832,-2.6830867167345,-108591.14786354448,34362.48325909107,2.21417717754863,4.897263894283131,1.027589828610613,0.706847811136032,2.6830867167345,3.1601659008394045,1.8965339728119441,0.6886457814691131,3.255235306802816,-0.36110467982602645,-0.3483355052005798,0.07922277372096118,-0.16183004000329976,-0.40783866543012737,russia_ukraine_war,2022-02-24
2022-08-17,4502,-2.7881737044142403,-108680.96692016158,32456.199201014035,2.210555440220027,4.998729144634268,0.9574108875010308,0.6716226242200406,2.7881737044142403,3.348542638867155,1.8726005401400039,0.6933738134205304,3.266931948225968,-0.15088542300793886,-0.02589691526347396,0.05716424079585738,0.011501847884785822,-0.3680598327563276,russia_ukraine_war,2022-02-24
2022-08-18,4493,-2.6091958761951863,-101186.90425839722,31784.094222368407,2.2324701925910784,4.841666068786266,0.9554969163798603,0.6706443383161825,2.6091958761951863,3.183570484987608,1.7498424419282328,0.684417982619349,3.261526123586923,-0.508918200099127,-0.3082746081396098,-0.05597722070465685,-0.3168231457544199,-0.38644437460907183,russia_ukraine_war,2022-02-24
2022-08-19,4489,-3.0513269273330748,-117787.05406996906,32781.40898247115,2.125640722396188,5.176967649729263,0.954646262548229,0.6702092371927068,3.0513269273330748,3.593105291262864,2.0450274923934657,0.7089203454330233,3.2980203668936885,0.3755344142403513,0.3927133527311574,0.216083592465688,0.5814450655972219,-0.262331961007736,russia_ukraine_war,2022-02-24
2022-08-20,3688,-3.1731222415185907,-99514.38303435405,26589.24768721086,2.018271808634802,5.1913940501533915,0.7843028327640608,0.5790277690592431,3.1731222415185907,3.742655083927756,1.8373258924587745,0.7200602846004801,3.345255060526419,0.6191775236045071,0.6486930707001072,0.02465294214666309,0.9898405051151216,-0.10169260254236986,russia_ukraine_war,2022-02-24
2022-08-21,3329,-3.093211640861082,-83292.74608541848,24329.535525568263,2.1075749433976747,5.200786584258757,0.7079566513751513,0.5352977152873695,3.093211640861082,3.4235238892203643,1.6557891242532325,0.7116214167262864,3.3555216113506314,0.4593218892104205,0.10244615346536459,-0.14266257976230715,0.6804676169235244,-0.06677733134622531,russia_ukraine_war,2022-02-24
2022-08-22,4882,-3.2005248336508205,-131046.67711004788,35867.8646495083,2.073218190457292,5.2737430241081125,1.0382230015060046,0.7120783505543545,3.2005248336508205,3.653595729508931,2.2790244444543264,0.7178128303784806,3.3911800452407928,0.6739945155091775,0.49625295011958975,0.4317496668713024,0.9074477702004508,0.05449259767107598,russia_ukraine_war,2022-02-24
2022-08-23,5405,-2.7846262732556024,-127431.37393737314,38411.152010824146,2.160984921727809,4.945611194983411,1.1494459899917973,0.765210129861032,2.7846262732556024,3.317561886752664,2.130824232172361,0.6959184275793815,3.3865604156326516,-0.15798181389559918,-0.07892570284931602,0.29515917828828353,0.10478860665303058,0.038781808005126324,russia_ukraine_war,2022-02-24
2022-08-24,7013,-2.596690488073912,-164739.96256318755,53603.168158255685,2.523355038171492,5.120045526245404,1.4914088303075808,0.9128483457790517,2.596690488073912,3.0733251078894512,2.370384616538469,0.669864870105235,3.357118254034243,-0.533934364851015,-0.49697818327730825,0.5159528562585035,-0.8503471347289403,-0.061347346801644165,russia_ukraine_war,2022-02-24
2022-08-25,5733,-2.917978063934828,-146643.12207105107,43147.944469938666,2.304131888138871,5.222109952073699,1.219199604185564,0.7971465922193497,2.917978063934828,3.398612005102998,2.3260562698364637,0.6938535942563077,3.364106795815211,0.10877922808402993,0.05980525803645615,0.4750971082074517,0.029090840279997778,-0.03758017945147324,russia_ukraine_war,2022-02-24
2022-08-26,5138,-2.8158200199923518,-116416.04257798636,36075.59956654654,2.102755576471957,4.91857559646431,1.0926648467304079,0.7384383000780059,2.8158200199923518,3.227002294535411,2.079309348888769,0.7005189579182604,3.349958007843946,-0.09558087919228841,-0.23393373370028517,0.24767987330850716,0.2734462251120721,-0.08569845963846694,russia_ukraine_war,2022-02-24
2022-08-27,3305,-2.85706393972708,-79336.89070939565,24187.35916284208,2.2306751652109047,5.0877391049379845,0.7028527283853635,0.5323049201873845,2.85706393972708,3.280097267967858,1.5208291924066777,0.6951969261552171,3.3392843193364614,-0.01307526792362572,-0.1430527228836289,-0.2670500063806908,0.078338023143994,-0.12199835580447814,russia_ukraine_war,2022-02-24
2022-08-28,2412,-2.817925810490155,-51859.49194619369,16545.17794059919,2.020800349439664,4.838726159929819,0.5129442604736753,0.41405759372685125,2.817925810490155,3.134417298646204,1.1667835803923405,0.7054023558798941,3.3144128761970557,-0.09136839082206477,-0.3924085848756506,-0.5933603562856155,0.4524739044290609,-0.20658306172185653,russia_ukraine_war,2022-02-24
2022-08-29,3963,-2.7527224896497566,-84126.65152606892,26398.00363781404,1.9541968724870113,4.706919362136769,0.8427852836887127,0.6112781682048427,2.7527224896497566,3.1868565775012243,1.6826791610493774,0.7066262164396259,3.3025629386661106,-0.22180312828844662,-0.3026499060262454,-0.11787905747549228,0.4973412114840589,-0.2468832355226377,russia_ukraine_war,2022-02-24
2022-08-30,5549,-2.9777719414048316,-142187.15520344622,40900.87242314411,2.196541351620895,5.174313293025726,1.180069527930524,0.7793567698385212,2.9777719414048316,3.4763844089298304,2.320746721569052,0.7019963820320048,3.3203977860742517,0.2283927479074678,0.19292585715336444,0.47020349988642524,0.32760929200292455,-0.18622912250461113,russia_ukraine_war,2022-02-24
2022-08-31,6965,-2.2490974162991777,-126941.37700963946,51775.78453352112,2.5923058886573833,4.841403304956561,1.4812009843280052,0.9087427108312418,2.2490974162991777,2.4517518788624826,2.0438508830112565,0.6512769303802806,3.2307707408330475,-1.2292702845206223,-1.5609057021867034,0.21499915643207732,-1.5317897978882962,-0.4910396323523311,russia_ukraine_war,2022-02-24
2022-09-01,4964,-2.7011914463133992,-112882.83121441206,36193.408665196665,2.294993384941272,4.996184831254671,1.0556614050544462,0.7205976477730829,2.7011914463133992,3.11887814321726,1.9464722023982073,0.6852369648785448,3.21904039573157,-0.3248874194305951,-0.4190064727984377,0.12524893706532175,-0.286798868720781,-0.5309330870729305,russia_ukraine_war,2022-02-24
2022-09-02,4883,-2.4007874497920434,-94886.9425099012,33550.20167201735,2.235015006623265,4.635802456415307,1.0384356649639124,0.7121826827908745,2.4007874497920434,2.8282078133986883,1.7097992468035594,0.6747090111698523,3.177252905802633,-0.925824855056392,-0.9165378148553696,-0.0928835078299276,-0.6727586318266645,-0.6730471785976166,russia_ukraine_war,2022-02-24
2022-09-03,3179,-2.8141226848495147,-78086.65750933613,23926.22060483797,2.3561064154925075,5.170229100342022,0.6760571326889775,0.5164440901954579,2.8141226848495147,3.2636436317713597,1.4533370296755068,0.6869517163385109,3.184138222056228,-0.09897628085120595,-0.17121589902778497,-0.3292549610229662,-0.22393526905206718,-0.6496310685152973,russia_ukraine_war,2022-02-24
2022-09-04,3018,-2.3137363416161403,-60711.3614411214,21698.60021814118,2.43799601377463,4.75173235539077,0.6418183159658176,0.4958043568972204,2.3137363416161403,2.7979390758286558,1.1471605588847178,0.6609056853621248,3.141032893078054,-1.0999645812963261,-0.9683478693421389,-0.6114461474861146,-1.1787950854658071,-0.7962269678627703,russia_ukraine_war,2022-02-24
2022-09-05,5710,-3.032189058275847,-146430.43274871475,42909.735332384844,2.241325377375635,5.2735144356514825,1.214308344653684,0.794940094983842,3.032189058275847,3.412522394147716,2.4104086579947683,0.7017467526732566,3.1696051962121063,0.3372504297136171,0.08361523731529183,0.5528414901774724,0.31845776162649747,-0.699056094245592,russia_ukraine_war,2022-02-24
2022-09-06,7654,-1.9444122015768304,-123935.33337154023,54497.73038348182,2.587875580912775,4.532287782489605,1.627726106826497,0.9661188740442723,1.9444122015768304,2.274137519112261,1.8785333268653521,0.6365426677968586,3.075411102354188,-1.8387720013039615,-1.8649226647376038,0.06263226425544846,-2.071954834094906,-1.0193985723023893,russia_ukraine_war,2022-02-24
2022-09-07,5706,-2.1343169641641047,-97965.59996818313,40737.6096835605,2.5025584547879522,4.636875418952057,1.2134576908220527,0.7945558588542536,2.1343169641641047,2.4047949972802836,1.6958340485286134,0.6494738239690452,3.0047304166271345,-1.4588806471148388,-1.6412803325350507,-0.10575469894471749,-1.5978925318659833,-1.2597748537570541,russia_ukraine_war,2022-02-24
2022-09-08,5958,-2.079727877886574,-103676.75609647315,41349.40281731366,2.4302101477732,4.509938025659775,1.2670488822148247,0.8184789338049776,2.079727877886574,2.5073338194152113,1.7022134560970918,0.6498331034089311,2.950331926080766,-1.5680823418347771,-1.4657678272801435,-0.09987504207222384,-1.584721177646152,-1.4447774006307295,russia_ukraine_war,2022-02-24
2022-09-09,4741,-1.940224125791455,-77801.93620536188,34261.162442831715,2.6431723120074277,4.583396437798882,1.008237453941001,0.6972574487927168,1.940224125791455,2.270849284089016,1.3528357240354292,0.6342424180108615,2.8780454754657843,-1.8471499574956698,-1.8705510341179075,-0.4218831848914419,-2.156283079360157,-1.6906146901200532,russia_ukraine_war,2022-02-24
2022-09-10,3071,-2.446203133521304,-61457.753700603665,21688.65468299013,2.308102386835918,4.754305520357222,0.6530894792349323,0.5026459487924266,2.446203133521304,2.833636046075437,1.2295740949878229,0.6731847810029367,2.8688897532793343,-0.8349739182063762,-0.9072464782048563,-0.5354887315766149,-0.7286376307679174,-1.7217521703322527,russia_ukraine_war,2022-02-24
2022-09-11,3118,-2.626347905103627,-65618.13719254284,22716.27498779336,2.329589836382336,4.955937741485964,0.6630846617566002,0.5086741079688474,2.626347905103627,2.888595829545244,1.3359551778444385,0.6802441811545569,2.8698738693543073,-0.47460675155857734,-0.8131735301817162,-0.43744134109292404,-0.46983668182953636,-1.7184053131224162,russia_ukraine_war,2022-02-24
2022-09-12,4678,-2.296151917647045,-89689.75423842465,33665.60680025571,2.4502146354748637,4.746366553121909,0.994839656092808,0.6905636742259428,2.296151917647045,2.6641359762374286,1.585639104831288,0.6595307450491475,2.8452118051908313,-1.1351410062750587,-1.1973744636717096,-0.20731717964048627,-1.229201047741579,-1.8022779470058146,russia_ukraine_war,2022-02-24
2022-09-13,5549,-2.5100664581034198,-118722.6839775293,40463.373061963845,2.3909726334427797,4.9010390915462,1.180069527930524,0.7793567698385212,2.5100664581034198,2.93407778426486,1.956237286867499,0.6721106981700042,2.852849832652859,-0.7072197506542601,-0.7353234861639889,0.13424904332817444,-0.7680140155075666,-1.7763019590808968,russia_ukraine_war,2022-02-24
2022-09-14,5700,-2.9274975448677028,-142553.25538377796,41982.29805850658,2.218908951996551,5.146406496864253,1.2121817100746057,0.7939792276978408,2.9274975448677028,3.395556269576181,2.3243722397613835,0.6987353810705079,2.90738010887574,0.1278222918466115,0.05457485079613936,0.47354500185617293,0.20805945416993818,-1.5908512253999887,russia_ukraine_war,2022-02-24
2022-09-15,6180,-2.494275739707351,-128810.84333475745,44004.50506273266,2.3130971675842416,4.807372907291592,1.314260169870362,0.8390900554117717,2.494275739707351,2.927219455169992,2.092921968643279,0.6751482495873593,2.907948346279141,-0.7388079915881589,-0.747062674270899,0.26022610623579734,-0.6566559436634324,-1.5889187201815118,russia_ukraine_war,2022-02-24
2022-09-16,5938,-2.812208777320932,-140119.2031394143,41973.56233072153,2.1282137597667425,4.940422537087675,1.2627956130566682,0.8166010457615744,2.812208777320932,3.338272840303037,2.296452628460152,0.6989215924557033,2.949573484799333,-0.10280492060157474,-0.043475409310146124,0.4478125599793182,0.21488605163666927,-1.4473567657438045,russia_ukraine_war,2022-02-24
2022-09-17,3593,-2.8181554004358706,-83571.70586577259,25933.918013863626,2.1998727609375925,5.018028161373462,0.7640998042628173,0.5676405343643853,2.8181554004358706,3.222486699506694,1.5996992374252959,0.695219872838982,2.9739921790783077,-0.09090911200147107,-0.2416629369396577,-0.19435849118123041,0.07917925942551893,-1.3643118027757735,russia_ukraine_war,2022-02-24
2022-09-18,3055,-3.076524682504567,-82037.22570203136,23081.334479773275,2.2393701431623274,5.315894825666895,0.6496868639084071,0.5005854904526406,3.076524682504567,3.5542670105977856,1.540063617081203,0.7036013756762598,3.032741690436607,0.42594078217030257,0.3262350784795634,-0.249322370074016,0.3864491182278116,-1.164511971572646,russia_ukraine_war,2022-02-24
2022-09-19,5647,-2.343887130928166,-108239.2986735202,39596.13059591694,2.334000351298529,4.677887482226695,1.200910546805491,0.7888711596491226,2.343887130928166,2.7335827275173594,1.8490249590619572,0.6671366675121055,2.997745027136443,-1.0396500108476123,-1.0785046244715262,0.035435526049132006,-0.950364332342537,-1.2835313005573745,russia_ukraine_war,2022-02-24
2022-09-20,6519,-2.6523216881059493,-145624.29250316418,46985.26677583502,2.2775565033802985,4.929878191486249,1.386353082101115,0.8697662934909015,2.6523216881059493,3.0993607676621764,2.3069000038094423,0.6839990093836751,3.0067015866461393,-0.42264799358044663,-0.4524137560922327,0.45744150774799436,-0.3321829027654063,-1.253071148007607,russia_ukraine_war,2022-02-24
2022-09-21,8245,-3.015392342764498,-212785.1031910729,61115.96190661524,2.198547728351847,5.213940071116345,1.7534102104500218,1.0128402199459323,3.015392342764498,3.48166168956331,3.0541106436688743,0.7033994810069595,3.056452633581833,0.3036497610700207,0.20195881389726383,1.1461170825079499,0.37904756414696933,-1.0838739827868242,russia_ukraine_war,2022-02-24
2022-09-22,7434,-3.1869166677593705,-203250.63554759644,55389.57446125145,2.1319636772348867,5.318880344994257,1.5809401460867754,0.9481537302648582,3.1869166677593705,3.6694745811738136,3.021686926579299,0.7138627958289958,3.1192506655056014,0.6467723200354998,0.523432285499582,1.1162333779521394,0.7626376350912455,-0.8703056332266701,russia_ukraine_war,2022-02-24
2022-09-23,6638,-3.2933671240408895,-187681.5543462512,49335.27204563653,2.0694411777834514,5.362808301824342,1.411660033592146,0.8803153210005583,3.2933671240408895,3.8042063327965527,2.899201536972741,0.7215592421296576,3.1909338385275117,0.8597191015689616,0.7540484245612569,1.0033432615816575,1.044792997201922,-0.6265200163126161,russia_ukraine_war,2022-02-24
2022-09-24,4628,-3.452552885499918,-133377.97894767998,34421.13326012377,1.9925149639185553,5.445067849418473,0.9842064831974168,0.6852190776395843,3.452552885499918,3.874886336243782,2.3657551037041396,0.7321018113108483,3.2626138078285543,1.1781592168372945,0.8750291830502227,0.5116860106838201,1.4312885704432936,-0.3827452948574994,russia_ukraine_war,2022-02-24
2022-09-25,4768,-2.809969153617718,-112686.04709038915,36756.21671291721,2.4494844576832975,5.259453611301016,1.0139793673045123,0.7001125496085971,2.809969153617718,3.065768383359977,1.9672946684608121,0.6822539712002087,3.242550152104837,-0.10728513305068131,-0.5099127930775262,0.14444021060805629,-0.39615682804447666,-0.4509793096473096,russia_ukraine_war,2022-02-24
2022-09-26,7299,-3.497080073735941,-209787.1479113502,54006.28863785275,1.9510276188282032,5.448107692564144,1.5522305792692188,0.9369677137792337,3.497080073735941,3.8844948098194516,3.2766511215912786,0.7363168077458683,3.3105973213780713,1.2672327798525604,0.8914757077306235,1.351224161241998,1.585812333613838,-0.21955929235175903,russia_ukraine_war,2022-02-24
2022-09-27,7350,-3.1739390816232254,-189786.96796354503,53289.09795745042,2.0381391637768513,5.212078245400076,1.5630764156225179,0.941208261850673,3.1739390816232254,3.561459571244453,2.9873376862345173,0.7188857866252277,3.3361533735051667,0.6208115557861015,0.33854636031419655,1.0845749919828758,0.9467828537576248,-0.13264631583232683,russia_ukraine_war,2022-02-24
2022-09-28,7564,-3.4947718353400976,-214410.721116883,54987.8246092382,1.8874517746381352,5.382223609978232,1.6085863956147926,0.9588084637348927,3.4947718353400976,3.899239925211754,3.3508168145464103,0.7403664297539003,3.4004557738672436,1.2626153084524672,0.9167144620764679,1.4195798544009637,1.7342733920622544,0.08603820496214139,russia_ukraine_war,2022-02-24
2022-09-29,6861,-3.1424922730293283,-178829.8783713709,49577.737120677455,2.041764876506576,5.184257149535903,1.4590839847055912,0.8997889166587878,3.1424922730293283,3.6070601192644203,2.8275797179576707,0.7174427549282185,3.423812190825196,0.5579043883254038,0.4165993967870523,0.9373321601005061,0.89388062913328,0.16547049397724808,russia_ukraine_war,2022-02-24
2022-09-30,7315,-2.778900568822509,-170017.7200017166,54723.09398737365,2.351020938239029,5.129921507061538,1.555633194595744,0.9383000186254392,2.778900568822509,3.1068733072904298,2.607442455484404,0.6857319842480661,3.3936572312092865,-0.16943568993925537,-0.4395547762099937,0.7344400334728922,-0.2686512244700722,0.06291720116003577,russia_ukraine_war,2022-02-24
2022-10-01,5585,-3.6048879756458843,-171774.55799094265,43714.48120012769,2.1111174445967267,5.716005420242611,1.187725412415206,0.7828623796163142,3.6048879756458843,3.929465780562458,2.8221311788643746,0.7302818058369575,3.4509150854909283,1.4828950375594188,0.9684511164052433,0.9323104492314215,1.364566308834722,0.2576440908996755,russia_ukraine_war,2022-02-24
2022-10-02,4216,-3.6384657533428286,-154066.18479982024,35584.57758939467,2.400949475012014,6.0394152283548435,0.8965891385393926,0.6400570826449083,3.6384657533428286,4.329577452838357,2.3288257753880197,0.7155396052904828,3.5472397871795565,1.5500650614501639,1.6533097925705191,0.4776496559440277,0.8241102631476226,0.5852325030092633,russia_ukraine_war,2022-02-24
2022-10-03,5071,-3.053090632412228,-131001.46091446913,37354.5071065039,2.1566046647151933,5.209695297127421,1.0784163950505834,0.731606255206869,3.053090632412228,3.5069787038271505,2.233660204386281,0.7072336619623976,3.5437353133221983,0.3790625843703755,0.2452931579681746,0.38993917537684664,0.5196104516950145,0.5733142203041421,russia_ukraine_war,2022-02-24
2022-10-04,5216,-2.7914472835105446,-126305.67721308464,37401.08997712575,2.1895035416348487,4.980950825145394,1.1092525964472182,0.7463336650440993,2.7914472835105446,3.377058724500605,2.0833510818798198,0.6946492607527737,3.5331585310481897,-0.14433685424643278,0.0229131795414429,0.2514049845986273,0.05826035042267174,0.5373438902680164,russia_ukraine_war,2022-02-24
2022-10-05,6443,-2.961877435023358,-159325.3950669299,46891.61069818821,2.158019120311401,5.119896555334759,1.37019065930012,0.8629703988734325,2.961877435023358,3.3977377337794428,2.5560125515163263,0.7034839071394154,3.5250999724082503,0.19659688628103464,0.05830879506687195,0.6870390506901416,0.38214266609975855,0.5099377277523698,russia_ukraine_war,2022-02-24
2022-10-06,7322,-2.848543405566441,-174298.6030979934,51869.40711312841,2.117752820101811,4.966296225668254,1.5571218388010988,0.9388823442943586,2.848543405566441,3.360335365273098,2.674447110442456,0.7010533373754185,3.5133342082857513,-0.03012000770055546,-0.005711673106418181,0.7961956707768657,0.29303682879445037,0.4699238173163465,russia_ukraine_war,2022-02-24
2022-10-07,7821,-2.22733736078632,-138118.66206216742,61666.68797256213,2.828710041801069,5.056047402587389,1.663240904297104,0.9795437662389443,2.22733736078632,2.2397613136548165,2.181774427069342,0.6412432390276954,3.385805235667971,-1.2727997718456758,-1.9237633439591209,0.3421180314992216,-1.8996296692133245,0.0362135342274775,russia_ukraine_war,2022-02-24
2022-10-08,4389,-3.076369337058136,-111653.2848305857,32911.41873021615,2.211122546123034,5.28749188318117,0.9333799167574465,0.6592697234685284,3.076369337058136,3.3925394023830466,2.0281571621293777,0.7051291852689372,3.3895651932115904,0.4256300243398631,0.049410973270887566,0.20053485189476045,0.44245934061070397,0.04900068539141633,russia_ukraine_war,2022-02-24
2022-10-09,3652,-3.6428988114661736,-105396.97637024093,26620.58415420319,1.823208884820471,5.466107696286645,0.776646948279379,0.5747278509186241,3.6428988114661736,3.959228533818614,2.093675405027964,0.7498793111077146,3.4524440908013294,1.5589330878794783,1.0193950933157427,0.2609205198423347,2.0830201224682807,0.262844049092752,russia_ukraine_war,2022-02-24
2022-10-10,6800,-3.668337129098178,-221116.80087528288,53505.77390533785,2.1000795167257524,5.7684166458239305,1.446111513773214,0.8944996264846536,3.668337129098178,4.1325783132579605,3.281326191798107,0.7331028098201107,3.5285669781994256,1.6098206843876177,1.3161125066945494,1.3555329953109783,1.4679856493053771,0.5217285861925773,russia_ukraine_war,2022-02-24
2022-10-11,7181,-3.5475477129231376,-225473.14827752073,56536.72838221982,2.1627759543043283,5.710323667227467,1.5271362912360955,0.9270867609588318,3.5475477129231376,3.9880826982629145,3.2888845185208235,0.725295492465325,3.580339286849682,1.368189804480846,1.0687838670817638,1.3624992170459491,1.1817657019040544,0.697799812831915,russia_ukraine_war,2022-02-24
2022-10-12,6014,-3.1274912490895788,-158174.77907680348,44064.34047144402,2.09973462748747,5.227225876577049,1.278958035857663,0.8237183366923787,3.1274912490895788,3.589632282804935,2.5761718897200376,0.7134235094726286,3.5823403702167074,0.5278958765795442,0.3867687124229186,0.7056191445534101,0.7465331894667209,0.7046052501829874,russia_ukraine_war,2022-02-24
2022-10-13,6074,-2.656230715268322,-133308.00434266924,44165.50405263274,2.3075040079101874,4.96373472317851,1.2917178433321326,0.8293016862710176,2.656230715268322,3.0183738916192135,2.2028166112968908,0.6826532461320118,3.5264471222571365,-0.4148282548754025,-0.5910364670920234,0.3615118109023604,-0.38151922017148426,0.5145192179841989,russia_ukraine_war,2022-02-24
2022-10-14,5527,-2.1831071808311515,-99581.7497532056,39949.74582898273,2.522499768457477,4.7056069492886285,1.1753909318565519,0.7772083871741889,2.1831071808311515,2.4926754272604428,1.6967292110421697,0.6510151458798533,3.418400145451332,-1.3612791903198465,-1.4908581401638523,-0.10492966176558566,-1.5413869415085486,0.14706479617379,russia_ukraine_war,2022-02-24
2022-10-15,3885,-2.9803442183474615,-100671.71765609307,29258.831461203194,2.275443265498495,5.255787483845957,0.8261975339719023,0.6022359548388264,2.9803442183474615,3.440729264584007,1.7948704460848592,0.6978656820870136,3.4218383007927233,0.23353841017402666,0.131896058106851,-0.014476625037694663,0.17617587803246476,0.15875753779798193,russia_ukraine_war,2022-02-24
2022-10-16,4117,-2.5861746040930855,-93811.05145870964,33743.71623525222,2.805007941486639,5.391182545579724,0.8755354562065178,0.6288941952966023,2.5861746040930855,2.7801043253411666,1.62643019653763,0.6577668679232189,3.3533895938533007,-0.5549706640546013,-0.9988750557626775,-0.16972158473402732,-1.293865617562892,-0.07402805950106663,russia_ukraine_war,2022-02-24
2022-10-17,5866,-3.686980664283494,-193923.45403905946,44247.25917128354,1.9280114724340747,5.61499213671757,1.2474838440873048,0.8098112989450563,3.686980664283494,4.382722402948649,2.985758600928723,0.7443973816882588,3.465430240024818,1.64711578816453,1.7442763469086462,1.0831196092265922,1.8820499967781006,0.30700833851139187,russia_ukraine_war,2022-02-24
2022-10-18,6446,-3.3821433806638743,-193009.9117128758,48151.018251771806,2.0438816335721737,5.426025014236049,1.3708286496738435,0.8632395352493873,3.3821433806638743,4.0084284553166984,2.9195998800710745,0.7263845815031867,3.524750383120868,1.0373098680609165,1.10360906516253,1.0221436371491661,1.221692221214951,0.5087488177683627,russia_ukraine_war,2022-02-24
2022-10-19,7230,-2.6191229937027893,-158633.42442225778,51997.75236636107,2.286410312717144,4.905533306419934,1.537556800673579,0.9312017286192795,2.6191229937027893,3.0507746431917426,2.43893185920254,0.6820872863027981,3.474973237660222,-0.4890596875385233,-0.5355771107015878,0.5791302378717657,-0.40226757523220336,0.3394628946879898,russia_ukraine_war,2022-02-24
2022-10-20,6294,-3.0630879022853095,-169295.76034106428,47586.692412640296,2.2487779755049697,5.31186587779028,1.3385038040718542,0.849511324896979,3.0630879022853095,3.5576282308726883,2.6021278621463013,0.7025679268671203,3.482621066094893,0.39906143189024035,0.3319883744398533,0.7295417753024496,0.3485623960219383,0.36547221451021994,russia_ukraine_war,2022-02-24
2022-10-21,5779,-2.856687550517146,-142302.82139650287,43001.30322042331,2.292135825054917,5.1488233755720625,1.228982123249324,0.8015450342950002,2.856687550517146,3.3092676439842568,2.289763720649366,0.6919569422095769,3.462552427554565,-0.013828208527725637,-0.09312269962737547,0.4416476485268049,-0.04044132094579401,0.2972212537766095,russia_ukraine_war,2022-02-24
2022-10-22,3455,-2.8193318096171907,-80378.50439306645,25169.22112288903,2.232768411094303,5.052100220711494,0.7347522470715374,0.5508646061254255,2.8193318096171907,3.193523709002254,1.553070106841657,0.6935060158331452,3.431886734141767,-0.08855578672998511,-0.29123798488022457,-0.23733478406603942,0.016348450868298732,0.19293101840364088,russia_ukraine_war,2022-02-24
2022-10-23,3436,-3.98106478205074,-127359.31174266007,26373.157503189865,1.847237909205984,5.828302691256724,0.7307116413712886,0.5485326773208835,3.98106478205074,4.829126422471629,2.183744123486172,0.7593344879063468,3.5813488385548347,2.235410743077888,2.508372190717355,0.3439334256325521,2.429651376584763,0.7012331734781019,russia_ukraine_war,2022-02-24
2022-10-24,4628,-3.0296724760315876,-121698.14524025419,34996.98807112088,2.266169387645494,5.295841863677082,0.9842064831974168,0.6852190776395843,3.0296724760315876,3.477389111112625,2.0759893795764,0.700321870421821,3.568704626711407,0.33221618084236687,0.1946455745585957,0.24461998409867045,0.26622090426230005,0.6582317708518565,russia_ukraine_war,2022-02-24
2022-10-25,6022,-2.5594268878385873,-141051.9683771806,47166.65090232274,2.6364814167850192,5.1959083046236065,1.2806593435209257,0.8244645869150007,2.5594268878385873,2.9905020958406534,2.1101568318209867,0.6633873555118682,3.5077312639423393,-0.6084776220210607,-0.6387437510377196,0.27611082290290734,-1.0878158838464955,0.4508688956979032,russia_ukraine_war,2022-02-24
2022-10-26,6416,-2.4151909392036957,-131590.5358223918,46396.7010985414,2.408107546182239,4.823298485385934,1.3644487459366088,0.8605449063756765,2.4151909392036957,2.836204572883495,2.0783802606564263,0.6669931773060699,3.4347079876439364,-0.8970116698413734,-0.9028500109399661,0.24682356808708852,-0.9556247511724385,0.2025257530743158,russia_ukraine_war,2022-02-24
2022-10-27,6241,-2.5103481472255034,-131435.5652060817,44178.641113541125,2.284213934201791,4.794562081427295,1.3272326408027395,0.8446798538837272,2.5103481472255034,2.9750929836951365,2.1204405061957234,0.6773151277624095,3.385256452036792,-0.7066562510316559,-0.6651190479262944,0.28558889372106167,-0.5772171647456286,0.034347188885337394,russia_ukraine_war,2022-02-24
2022-10-28,4498,-2.6250993056203207,-97653.67457228691,33050.88781884853,2.3614040842783828,4.9865033898987035,0.9565602336693995,0.6711879486342021,2.6250993056203207,2.9546460327336854,1.7619350179003712,0.6786290392772204,3.341354735776176,-0.47710448854047716,-0.700117456464148,-0.04483195421125209,-0.5290485470797107,-0.11495712523743105,russia_ukraine_war,2022-02-24
2022-10-29,3117,-3.436874244447266,-98163.24223136636,24177.512154589334,2.1598933485157534,5.596767592963018,0.6628719982986924,0.508546226892854,3.436874244447266,4.060105175574616,1.7478094293188855,0.7215434109069128,3.41395123513406,1.1467951788837971,1.1920624962336355,-0.05785097096000637,1.0442126170872916,0.13193460172829724,russia_ukraine_war,2022-02-24
2022-10-30,2584,-3.2296140945812066,-72611.04086914763,19652.01353393746,2.1878271504527134,5.41744124503392,0.5495223752338213,0.4379467384342883,3.2296140945812066,3.6948397549062415,1.4143989591232464,0.7123274240063526,3.438534751482805,0.7321855717873292,0.5668490626315277,-0.36514269693993107,0.7063501777805687,0.21554010419627093,russia_ukraine_war,2022-02-24
2022-10-31,4844,-3.147309799968315,-130812.32301904146,35567.114615552935,2.0975997052545847,5.2449095052229,1.030141790105507,0.7081056379570982,3.147309799968315,3.677900904613705,2.228627813755191,0.714321133944049,3.4634152837588648,0.5675415180516958,0.5378553606454756,0.38530101268829803,0.7794405272014422,0.30015572114469047,russia_ukraine_war,2022-02-24
2022-11-01,4941,-3.0418597746214573,-125193.52639387305,35983.55639710166,2.1203933667979187,5.1622531414193755,1.0507701455225662,0.7182154033426909,3.0418597746214573,3.4791871323746344,2.1847105449416566,0.7088430195801216,3.4655564722206167,0.35659602946825397,0.19772319150041714,0.3448241394631816,0.5786102632516111,0.30743763861670165,russia_ukraine_war,2022-02-24
2022-11-02,4789,-2.6161389068413046,-105005.36217054437,33834.42902304857,2.224445583439712,4.8405844902810164,1.0184452999205766,0.7023275615731296,2.6161389068413046,3.1035062568667255,1.8373864591784463,0.6851470467600954,3.427726558887559,-0.49502914708963086,-0.4453180514542353,0.024708764184327263,-0.29009530947801915,0.17878277624215583,russia_ukraine_war,2022-02-24
2022-11-03,6055,-2.686157674284434,-132530.1635782223,42454.64779289688,2.162672425689895,4.84883009997433,1.287677237631884,0.8275369960980181,2.686157674284434,3.1216879768908603,2.222894852822979,0.6915536409244868,3.3958047717294177,-0.354961441465874,-0.4141969680944118,0.3800171610480025,-0.055226536834914824,0.07022072119796846,russia_ukraine_war,2022-02-24
2022-11-04,5039,-2.809271372784998,-121484.63413270228,37009.62524878364,2.2676827546457665,5.076954127430764,1.071611164397533,0.7283266448162232,2.809271372784998,3.2825145706303798,2.046067193318763,0.6912464440305142,3.39023435104616,-0.10868099538640016,-0.13891510127432036,0.217041845191375,-0.06648852028442824,0.05127640853028432,russia_ukraine_war,2022-02-24
2022-11-05,3886,-3.454270199249644,-118715.63896779803,29521.030889321086,2.0712476704885447,5.525517869738189,0.8264101974298101,0.6023523995675171,3.454270199249644,4.0213920514118,2.080687943272588,0.7273513761191153,3.4568229565593023,1.181594584318672,1.1257984484652757,0.24895047122158862,1.2571353691675988,0.2777360306441958,russia_ukraine_war,2022-02-24
2022-11-06,3333,-3.7069288801261857,-107915.41886391521,25212.66688467582,1.9288138204643321,5.6357427005905185,0.7088073052067826,0.5357956448253863,3.7069288801261857,4.280206427885099,1.9861563496490569,0.7450195771429882,3.540933902438874,1.687020815436578,1.5688029482735706,0.16182430344658588,1.9048599764719367,0.5637869679291369,russia_ukraine_war,2022-02-24
2022-11-07,6228,-2.7748293726838735,-138975.04145705843,43755.87097693537,2.125420170509008,4.900249543192881,1.3244680158499376,0.8434912024711056,2.7748293726838735,3.1761461571708867,2.340544164217264,0.6974779263585529,3.4991732363151664,-0.17757983647462677,-0.32098259861400563,0.4884500484059964,0.16196056960305136,0.4217641008526729,russia_ukraine_war,2022-02-24
2022-11-08,5365,-2.2784085051887506,-99433.67317135836,37127.94357307877,2.3209955212247086,4.59940402641346,1.1409394516754843,0.7612447288131987,2.2784085051887506,2.678135754425598,1.7344264646580958,0.6646153874140358,3.4098353129565266,-1.1706354767395362,-1.173411479782687,-0.07018553953827951,-1.0427956534045884,0.11793685881430047,russia_ukraine_war,2022-02-24
2022-11-09,5521,-2.4751728158182655,-113133.31951981121,39263.173421628984,2.3182162928361114,4.7933891086543765,1.174114951109105,0.7766216626963357,2.4751728158182655,2.881410483684674,1.9222728276815524,0.6740234923115606,3.353081678835068,-0.77702207072091,-0.8254724626919042,0.1029452954911613,-0.6978900774496092,-0.07507524044343347,russia_ukraine_war,2022-02-24
2022-11-10,5858,-2.6598968781830994,-128149.44026986069,41663.18484046614,2.2261444971039217,4.886041375287021,1.2457825364240422,0.8090540290213571,2.6598968781830994,3.0758435957443453,2.1520002860753666,0.6869957370285169,3.325675246667485,-0.4074943493145423,-0.4926673661286105,0.3146763402702699,-0.2223214497328926,-0.1682811309157379,russia_ukraine_war,2022-02-24
2022-11-11,1780,-2.4953260514054456,-35915.342441256915,12700.42308814742,2.3198715496195867,4.815197601025033,0.3785409550759295,0.3210256609249906,2.4953260514054456,2.8278855115287187,0.8010636948757802,0.6748634805578587,3.2777474690968105,-0.7367069156178999,-0.9170894889186065,-0.9304304392365803,-0.6670957109921195,-0.33127758224212045,russia_ukraine_war,2022-02-24
2022-11-12,4145,-2.500140190802696,-81151.9501369548,28646.125569528496,2.205433592117168,4.705573782919864,0.881490033027937,0.6320640336830518,2.500140190802696,2.8329119042638657,1.5802486937718667,0.6808810246559243,3.229907244409192,-0.7270765624347557,-0.9084859691689856,-0.21228531611568108,-0.4464896978168374,-0.4939762770280402,russia_ukraine_war,2022-02-24
2022-11-13,3450,-1.9074381100411546,-57922.32860652569,25018.504850462316,2.672151213162367,4.579589323203522,0.7336889297819982,0.5502514676758263,1.9074381100411546,2.3151794622713173,1.0495706195509495,0.6315158823234072,3.135866921062366,-1.912736116326855,-1.7946724500930782,-0.7013910759658742,-2.256239167423189,-0.8137958005708348,russia_ukraine_war,2022-02-24
2022-11-14,5624,-2.2326296508129952,-101400.3728249444,39541.77869597477,2.399134916412027,4.631764567225022,1.196019287273611,0.7866463065201951,2.2326296508129952,2.5643857248957453,1.7562898686395156,0.6587726901806075,3.068677046618627,-1.262212911370961,-1.3681138592320372,-0.050034873180067656,-1.2569916978126767,-1.0423002640470564,russia_ukraine_war,2022-02-24
2022-11-15,7379,-2.7975824322874834,-167747.78452563856,52776.460864845976,2.177334333717077,4.9749167660045615,1.569243655901845,0.9436115582787182,2.7975824322874834,3.178458384225877,2.639831118343959,0.6955735609168116,3.075071674987693,-0.13206391308756166,-0.31702483164643214,0.7642914298806132,0.09214563166742513,-1.020552922848691,russia_ukraine_war,2022-02-24
2022-11-16,9148,-3.113775797054488,-226830.87014490183,64444.122048756886,1.9654187285364244,5.079194525590913,1.9454453129407883,1.0802600154995892,3.113775797054488,3.519806972826583,3.363687490788327,0.7210040271004353,3.122135433367317,0.5004590625895211,0.2672509061000141,1.4314422662639943,1.0244385515916106,-0.8604948940646749,russia_ukraine_war,2022-02-24
2022-11-17,7716,-3.4866846152855975,-232288.07222711705,59034.86935628209,2.0821417097419914,5.568826325027589,1.6409112412167821,0.971124024729325,3.4866846152855975,3.9347605027332633,3.3860031965579678,0.7278590499555396,3.2054806513095864,1.2464373836007006,0.9775139272848521,1.4520098019457301,1.2757469321610437,-0.5770481029093495,russia_ukraine_war,2022-02-24
2022-11-18,6431,-2.9086342320752037,-156999.27910812685,47721.090329139945,2.255921597159408,5.1645558292346125,1.3676386978052262,0.8618931284403533,2.9086342320752037,3.289934869997267,2.5069318577720017,0.6959870008989876,3.213819308034777,0.09008753815425899,-0.12621400617192083,0.6418032454554238,0.10730253698772557,-0.54868936140437,russia_ukraine_war,2022-02-24
2022-11-19,4025,-2.75603845369405,-94391.6384072283,29588.219142433187,2.297535946126042,5.053574399820091,0.855970418078998,0.6184076957019664,2.75603845369405,3.1901763993581804,1.7043553894149481,0.6874572903951784,3.211436531667055,-0.21516977136749968,-0.296967470447381,-0.0979009037501977,-0.20540068497778868,-0.5567928895028791,russia_ukraine_war,2022-02-24
2022-11-20,2681,-2.9027039556631427,-63007.26606519947,19885.460461130308,2.2572381864970947,5.159942142160237,0.5701507306508804,0.4511716215358606,2.9027039556631427,3.1685092828681762,1.309617650515097,0.6956743551486899,3.1979730572891163,0.07822443000362309,-0.33405439828244515,-0.46171563645721725,0.09584079588780853,-0.6025805028110829,russia_ukraine_war,2022-02-24
2022-11-21,4151,-2.7563083774203907,-94357.3871932373,29955.397123475363,2.2300603527828624,4.986368730203254,0.882766013775384,0.632741979487191,2.7563083774203907,3.1499294368990878,1.7440320188061056,0.6909745350313792,3.1913603009060427,-0.2146298076060317,-0.36585694141088054,-0.06133246629374839,-0.07645683281660119,-0.625069670441221,russia_ukraine_war,2022-02-24
2022-11-22,4497,-3.0116299577057055,-115535.24358246717,32448.072493231655,2.1019315736523345,5.113561531358041,0.9563475702114916,0.671079250209002,3.0116299577057055,3.560619620982623,2.0210423739241135,0.708691901847599,3.231434703974751,0.2961233697594882,0.337108643636027,0.19397742271056487,0.5730702156925707,-0.4887815757222357,russia_ukraine_war,2022-02-24
2022-11-23,4473,-3.0388212701791493,-119560.41605236473,33286.54919687269,2.2014198139236925,5.240241084102842,0.9512436472217037,0.668466937094199,3.0388212701791493,3.5918537348292494,2.0313515468533594,0.7041762794502648,3.271649675618479,0.35051771130723586,0.3905711026003479,0.20347899457480362,0.40752536253542654,-0.35201542464308627,russia_ukraine_war,2022-02-24
2022-11-24,3875,-2.908843612419674,-98776.0087818422,27751.312549527094,2.126392716309788,5.035236328729463,0.8240708993928241,0.6010707611778634,2.908843612419674,3.5593274590367234,1.7484208442644593,0.7030853311534326,3.303643885805251,0.09050638906414558,0.33489689031569453,-0.05728745310225866,0.367530681911169,-0.24320706782444884,russia_ukraine_war,2022-02-24
2022-11-25,3768,-2.404254820997931,-76170.75177537033,26904.180887915667,2.3679602869420733,4.772215107940004,0.8013159093966867,0.5885174585832941,2.404254820997931,2.83118642759287,1.4149459370403348,0.6683610477356935,3.255716334958114,-0.9188886185716666,-0.9114394137959078,-0.3646385682360054,-0.90547797416475,-0.4062027480920852,russia_ukraine_war,2022-02-24
2022-11-26,2495,-2.546359908191425,-53571.30720992234,17872.620015524964,2.308507423765002,4.854867331956427,0.5305953274800248,0.42565676265155167,2.546359908191425,2.9973952986964356,1.0838753150664642,0.6777346568499458,3.2240154215759054,-0.634617211811711,-0.6269448706014238,-0.6697737452683928,-0.5618370299424293,-0.514013638707357,russia_ukraine_war,2022-02-24
2022-11-27,2237,-3.166527442425219,-58690.99805341995,16281.415460633787,2.055854620457884,5.222382062883103,0.47572815533980584,0.38915153261664065,3.166527442425219,3.6047847433981812,1.2322590072924253,0.7175339701217068,3.261595025426461,0.6059850837517424,0.41270470685044797,-0.5330141502123827,0.897224621275014,-0.3862100479637762,russia_ukraine_war,2022-02-24
2022-11-28,3527,-2.7599206138958388,-81320.94165881895,25524.66992340289,2.238507218343105,4.998427832238944,0.7500640160409008,0.5596523678611695,2.7599206138958388,3.185974271277763,1.5445961066756586,0.6906829752240118,3.251316287742997,-0.20740377816046338,-0.3041601220835155,-0.24514494712251406,-0.08714555327419626,-0.42116676516287566,russia_ukraine_war,2022-02-24
2022-11-29,5115,-2.1362184672662448,-99261.57355690686,37798.10425250019,2.6267201165624,4.762938583828644,1.087773587198528,0.7360982288911184,2.1362184672662448,2.626099258677533,1.5724666302791823,0.6445410778682648,3.184083411500392,-1.4550768215623604,-1.2624807273444671,-0.21945774750618044,-1.7787293373077433,-0.6498174724453207,russia_ukraine_war,2022-02-24
2022-11-30,4531,-2.0789542658216598,-77956.40667221782,32344.871166705136,2.5298090254101946,4.608763291231854,0.9635781277803577,0.674768384303075,2.0789542658216598,2.4101628437606477,1.4028126109884667,0.6456141489927211,3.1028623693413593,-1.5696298993101845,-1.6320923570543813,-0.37582139252514046,-1.7393900422794069,-0.9260402041468053,russia_ukraine_war,2022-02-24
2022-12-01,5052,-2.057636342289774,-88304.79326910617,35831.86558612156,2.5174868156050687,4.5751231578948435,1.0743757893503347,0.7296602840164452,2.057636342289774,2.464420755789743,1.501375517917716,0.6450549480358931,3.035388453183452,-1.6122749321608298,-1.5392207804958373,-0.28497971688695334,-1.7598906138812453,-1.1555106584071775,russia_ukraine_war,2022-02-24
2022-12-02,5275,-2.5460119253815217,-107018.91014382866,36510.355509531386,2.1876912420041568,4.733703167385679,1.1217997404637798,0.752264662724137,2.5460119253815217,2.931193318999327,1.915274802338761,0.683923337899044,3.0230287699840512,-0.6353133273755741,-0.7402607354373256,0.09649548218813032,-0.3349570551876343,-1.1975444142609701,russia_ukraine_war,2022-02-24
2022-12-03,3506,-2.689140619596333,-74893.21166141442,24426.249474629316,2.1389221994187926,4.828062819015125,0.7455980834248365,0.557097238149708,2.689140619596333,3.0660954207973417,1.4981128121733116,0.6929917039064348,3.022059814401975,-0.3489942655058264,-0.5093530132912079,-0.2879868284481899,-0.002506467655114417,-1.2008397125071377,russia_ukraine_war,2022-02-24
2022-12-04,2695,-2.7257866398921466,-56082.63901356173,18545.483891953172,2.077827253700155,4.803613893592301,0.5731280190615899,0.4530660060548047,2.7257866398921466,3.0240590830792944,1.234961266293481,0.6980534732150273,3.0153226741052634,-0.27568643432691725,-0.5813053021026344,-0.5305235810590146,0.1830603896181979,-1.2237518944632613,russia_ukraine_war,2022-02-24
2022-12-05,5177,-2.791368583848605,-109944.08437646819,34200.554887093116,1.9074405764447446,4.69880916029335,1.100958721588813,0.7423937746393072,2.791368583848605,3.2146871516976407,2.072294659372943,0.7112672616905089,3.035471964305893,-0.14449428748160387,-0.25501317977764365,0.2412147012721686,0.6674841257823555,-1.155226647395314,russia_ukraine_war,2022-02-24
2022-12-06,4667,-2.65478012135144,-98742.84294196169,32228.22508229035,2.125387428320461,4.7801675496719005,0.9925003580558219,0.6893903113840096,2.65478012135144,3.0638622725835933,1.8301796945145483,0.6922206201972241,3.0404411678197203,-0.41773006776284693,-0.5131754234714685,0.01806656380291488,-0.030774761188364353,-1.1383270000566066,russia_ukraine_war,2022-02-24
2022-12-07,5442,-2.6141425246046284,-122662.40093102498,40121.17802508722,2.379181771976188,4.993324296580816,1.1573145379343868,0.7688641787205795,2.6141425246046284,3.057298089660425,2.00992054523868,0.6772899540736685,3.0430981983910375,-0.4990227717941271,-0.524411130746131,0.1837268570015923,-0.5781400440830401,-1.1292907672884216,russia_ukraine_war,2022-02-24
2022-12-08,5256,-2.357621783904595,-103395.11131150722,38554.00955382549,2.4888079773233387,4.846429761227935,1.1177591347635312,0.7503585177488741,2.357621783904595,2.681825120345957,1.7690615871831081,0.6607052060162832,3.0047949256098305,-1.012174786701323,-1.1670965071508363,-0.03826366685686059,-1.1861447531191462,-1.2595554666752595,russia_ukraine_war,2022-02-24
2022-12-09,4657,-2.856536793180126,-126242.44917546921,36056.187996305925,2.4429134797580065,5.299450272938134,0.9903737234767437,0.6883224218461315,2.856536793180126,3.50126999527524,1.9662183235743265,0.6844744631240937,3.0581611948780707,-0.014129788162349596,0.23552173950583402,0.14344818453963748,-0.314752543732934,-1.0780633768652437,russia_ukraine_war,2022-02-24
2022-12-10,3605,-2.7123107915410474,-85787.05858413981,28266.92180223742,2.564360804262406,5.276671595803454,0.7666517657577112,0.5690860973776288,2.7123107915410474,3.0348921323774807,1.543538363233322,0.6729562290495232,3.0569497233850154,-0.3026439377049258,-0.5627627093335008,-0.24611982894865725,-0.7370164534943129,-1.0821834417683138,russia_ukraine_war,2022-02-24
2022-12-11,2712,-2.8977141694822435,-66235.42324027322,20200.849489981716,2.2754883227038847,5.173202492186128,0.576743297846023,0.4553615159396345,2.8977141694822435,3.278843460178326,1.3195075169751933,0.6945116424815004,3.0844609264700127,0.06824270756785841,-0.14519882659017788,-0.4526005233881804,0.053215199498821954,-0.9886212383475205,russia_ukraine_war,2022-02-24
2022-12-12,4333,-2.809074615233796,-106207.63976951738,31611.76832388062,2.243255021471565,5.052329636705362,0.9214707631146082,0.6530909152497596,2.809074615233796,3.359750036168792,1.8345811114679063,0.6925188142450909,3.116382232703327,-0.10907459527065043,-0.006713562686934227,0.022123182095558868,-0.01984282633579877,-0.8800608188692646,russia_ukraine_war,2022-02-24
2022-12-13,4581,-2.5604679815716795,-100300.52174864821,32795.95695710969,2.299329091195134,4.859797072766813,0.9742113006757489,0.6801689771650613,2.5604679815716795,3.0583197154399397,1.7415508880894983,0.6788254545967302,3.1099125158047998,-0.6063949859527816,-0.5226624457479783,-0.06361922993329659,-0.5218478685541431,-0.9020635268811528,russia_ukraine_war,2022-02-24
2022-12-14,4920,-2.532930940940299,-101139.11517555367,34725.692571121486,2.26256832740805,4.795499268348349,1.0463042129065019,0.7160353431367382,2.532930940940299,2.9125154226488426,1.8136680754378482,0.6794351574688234,3.0868190420686505,-0.6614809327889412,-0.7722311083469277,0.002848433664935249,-0.4994958728492415,-0.9806015784784899,russia_ukraine_war,2022-02-24
2022-12-15,4901,-2.593070816410496,-105509.13051954359,34533.951775165966,2.226618210971039,4.819689027381535,1.0422636072062532,0.7140588040680566,2.593070816410496,3.055228987590619,1.8516050460298579,0.6840021112261886,3.0788028284127362,-0.5411752678763047,-0.5279527482558573,0.0378134938948307,-0.3320691877515649,-1.0078637309340546,russia_ukraine_war,2022-02-24
