date,N,mean_tone,sum_tone_x_polarity,sum_polarity,mean_pos,mean_neg,relative_N,coverage_scaled,F1_raw,F2_raw,F3_raw,F4_raw,F5_raw,F1_z,F2_z,F3_z,F4_z,F5_z,event_name,event_date
2019-01-01,355,-2.5918409153683584,-7328.850564994406,2586.936869604711,2.347652598097103,4.939493513465461,0.2932444770168127,0.257154159269374,2.5918409153683584,2.8330225801429276,0.666502671551515,0.6778364860322937,2.8330225801429276,-1.1302483271267632,-1.2312849926014224,-0.9667050332408519,-1.193955373675189,-2.945109198279607,hormuz_crisis,2019-06-13
2019-01-02,406,-3.5439969484737692,-12097.72236380275,3036.6808321290573,1.9677562451338764,5.511753193607646,0.3353725568135943,0.28921032169399347,3.5439969484737692,3.9838636434244146,1.02496049755063,0.7369137292692601,3.4387284029226577,0.18193179160289494,0.2609264864494164,-0.7454216655565656,0.25004233556974753,-1.0185405687402727,hormuz_crisis,2019-06-13
2019-01-03,1149,-4.9704400555358985,-56390.22808831418,10409.89603358663,2.0447608397632164,7.015200895299114,0.9491208565980783,0.6673784281452811,4.9704400555358985,5.416982831180636,3.317164471453892,0.7743080048726995,4.16871158678169,2.147733845580607,2.1191473746753897,0.669602858879037,1.1640533041190133,1.303317087605044,hormuz_crisis,2019-06-13
2019-01-04,599,-2.9275667367406846,-14089.868111443611,4249.211005536654,2.0831373374198527,5.010704074160538,0.4947984274171009,0.40199136659298207,2.9275667367406846,3.31587866384718,1.1768565532945447,0.7063456572317475,3.9207229496969243,-0.6675796753174849,-0.6052008061556148,-0.6516531150742655,-0.49711889910652834,0.5145395808986764,hormuz_crisis,2019-06-13
2019-01-05,384,-2.6625654366096367,-7587.785887027781,2617.794010994043,2.0773032335103423,4.739868670119978,0.31719965964635516,0.2755080131282647,2.6625654366096367,2.8985419995465973,0.7335581132643115,0.695283724266345,3.6711122075537954,-1.0327818327153322,-1.1463307509999576,-0.9253103338158722,-0.7675006059473646,-0.2793973556855776,hormuz_crisis,2019-06-13
2019-01-06,634,-2.0434093087066927,-10555.458594439722,5081.813709582565,2.9860348642448913,5.0294441729515835,0.5237098547286176,0.4211480551027732,2.0434093087066927,2.0771045925071463,0.8605778561407259,0.6274664495549229,3.33091863213498,-1.8860499244734996,-2.211428588759518,-0.8468984414607741,-2.425126858711501,-1.3614511278697314,hormuz_crisis,2019-06-13
2019-01-07,610,-3.4009505040927692,-18076.381288522323,4650.714131082927,2.1115855111363424,5.512536015229111,0.5038848760007204,0.40805167738562687,3.4009505040927692,3.886796904524683,1.3877635579005476,0.7230388440380789,3.4374693258896656,-0.01520260007819617,0.1350671418000309,-0.5214558955901055,-0.08909506137170876,-1.022545315306525,hormuz_crisis,2019-06-13
2019-01-08,533,-4.061624802137352,-19692.557613989655,4077.615025967725,1.7943424075314438,5.855967209668796,0.4402797359153836,0.36483735577402404,4.061624802137352,4.829430313695711,1.4818324529579852,0.7654549296283104,3.6818733377826502,0.8952822875954604,1.3573109759668935,-0.4633852373902735,0.947661684059944,-0.24516942665204983,hormuz_crisis,2019-06-13
2019-01-09,557,-3.3446374016222604,-16020.500773999436,4266.464221125637,2.1575414617792075,5.502178863401468,0.4601047146432808,0.3785081555067312,3.3446374016222604,3.7549830359933707,1.265972533726868,0.7183263395810322,3.6938080657482284,-0.09280850805610333,-0.035846265790477186,-0.596639992652996,-0.20428062636984073,-0.20720863506670908,hormuz_crisis,2019-06-13
2019-01-10,457,-3.4371756426727695,-12397.401252003077,3170.736178971183,1.7504889609077983,5.187664603580568,0.3775006366103758,0.32027072419391883,3.4371756426727695,3.9099441114730946,1.1008267322605063,0.747701035349326,3.726992295939849,0.03471979183048459,0.1650804329645787,-0.6985878829118832,0.5137114645786677,-0.10165954757537439,hormuz_crisis,2019-06-13
2019-01-11,589,-3.7755812335050725,-18781.7888280391,4338.869299432296,1.7954600618826877,5.57104129538776,0.48653801961381044,0.396449939727534,3.7755812335050725,4.328728876552363,1.4968289524594944,0.7562669203731783,3.8146847868445084,0.5010814730234995,0.7080880242309356,-0.45412759068129105,0.7230834270191661,0.1772639754770338,hormuz_crisis,2019-06-13
2019-01-12,395,-2.3475327558856467,-8812.704135956405,2667.216672409468,2.20245725801853,4.549990013904175,0.3262861082299747,0.28238263638503475,2.3475327558856467,3.30408257683667,0.6629024886072151,0.6738282922731512,3.743527703886575,-1.4669329655374497,-0.6204959298756308,-0.9689275000093587,-1.2919257983139276,-0.049065372269943175,hormuz_crisis,2019-06-13
2019-01-13,219,-2.880675484831485,-5203.075007698626,1573.0387342059967,2.1510748927577654,5.031750377589251,0.18090293089206194,0.16627934153586593,2.880675484831485,3.307658543020505,0.47899682279629063,0.7005252373828323,3.685085585411196,-0.7322011935962901,-0.6158592359319852,-1.082456239278571,-0.6393847271676818,-0.23495222998871393,hormuz_crisis,2019-06-13
2019-01-14,373,-2.8431326388357507,-8651.281498049872,2650.2993436903375,2.131113765957912,4.974246404793663,0.30811321106273565,0.26858580208978605,2.8431326388357507,3.2642657964830604,0.7636250602493501,0.7000695651248751,3.630520973496893,-0.783939537316555,-0.6721234383111463,-0.9067493907919901,-0.6505225132356184,-0.4085059018267222,hormuz_crisis,2019-06-13
2019-01-15,342,-3.9855323351851,-11795.198861900779,2637.179757185932,1.8627597932055953,5.848292128390696,0.28250594687253505,0.24881593498968615,3.9855323351851,4.47265637837564,0.991663954410708,0.7584298728441218,3.7365688264946906,0.7904181488952178,0.894708294591651,-0.7659763045233969,0.7759514730232774,-0.07119947495776008,hormuz_crisis,2019-06-13
2019-01-16,414,-2.8746064043419297,-9708.894428373038,3091.041595413878,2.2958388212757477,5.170445225617677,0.34198088305622665,0.29414679333344224,2.8746064043419297,3.140978252372258,0.8455562559329551,0.692505829291212,3.663463137278739,-0.7405650819512176,-0.8319813843089667,-0.8561715833505281,-0.8353994069209542,-0.3037267550125248,hormuz_crisis,2019-06-13
2019-01-17,498,-2.9998730498408275,-11521.160086230802,3523.687393163558,2.037902223235769,5.037775273076597,0.41136830860386686,0.34455966545965605,2.9998730498408275,3.2696317240239443,1.0336352544745937,0.7119848630328525,3.6161974036791813,-0.5679332904710785,-0.6651658323238948,-0.7400665601947928,-0.35928240213097123,-0.4540648831605622,hormuz_crisis,2019-06-13
2019-01-18,422,-3.3458797982725446,-11605.132782034396,3025.6506843379293,1.9119542766195683,5.257834074892113,0.34858920929885906,0.2990590158766186,3.3458797982725446,3.835582488787473,1.0006155197128463,0.7333318386983556,3.6420102875859626,-0.09109634310897571,0.06866115274187537,-0.7604503196726494,0.16249184242290854,-0.3719618382459183,hormuz_crisis,2019-06-13
2019-01-19,348,-4.629595938790441,-14805.604863197754,2918.555181752968,1.8785284411693886,6.508124379959829,0.28746219155450936,0.25267298734166577,4.629595938790441,5.072922710443693,1.1697738360390244,0.7760097524918822,3.80744997900408,1.678011596254854,1.6730297672767152,-0.6560254216971959,1.2056483334259203,0.1542522207573121,hormuz_crisis,2019-06-13
2019-01-20,349,-3.421840739538612,-9003.56439649381,2191.2977165309644,1.4284746395873764,4.850315379125989,0.2882882323348384,0.25331438551517405,3.421840739538612,4.1087819005932795,0.8668014842670122,0.7724920509636511,3.841753703189456,0.013586538124514727,0.4228988588627667,-0.843056468176579,1.1196667833356713,0.26336208301456987,hormuz_crisis,2019-06-13
2019-01-21,308,-3.6027973267049513,-10216.400837027257,2271.3713888992606,1.885892552393077,5.488689879098029,0.25442056034134736,0.22667376105792475,3.6027973267049513,4.497899765294777,0.8166596203736481,0.7442712763857793,3.9154298824587013,0.2629654505895408,0.9274395490912526,-0.8740100691291165,0.4298794538878787,0.49770392089394955,hormuz_crisis,2019-06-13
2019-01-22,495,-3.798619320018406,-17608.46683615725,3832.8654450758477,1.9722715976431686,5.770890917661576,0.4088901862628797,0.34280229252148364,3.798619320018406,4.594073830266901,1.302175411318709,0.745288621574857,3.990707386828786,0.5328305961139409,1.0521414287141235,-0.574291213822305,0.45474595140955604,0.737139093836237,hormuz_crisis,2019-06-13
2019-01-23,477,-2.128715364855077,-8086.821954867798,3487.517043040101,2.5913205597528606,4.720035924607938,0.39402145221695684,0.33219270118474165,2.128715364855077,2.318790662544961,0.7071437071046709,0.645575952246923,3.8072565831942726,-1.7684884040995028,-1.8980519292503668,-0.9416164884774259,-1.9824846674040668,0.1536370866670543,hormuz_crisis,2019-06-13
2019-01-24,1047,-3.4551135133032913,-30046.494547661317,8374.464116050422,2.2717097744135026,5.726823287716795,0.8648646970045153,0.6231885019409593,3.4551135133032913,3.587870714028672,2.153187014391443,0.7159841990065533,3.783416345298674,0.059440233013793774,-0.25252859759355256,-0.04894429765035151,-0.26152848424146374,0.07780843730781258,hormuz_crisis,2019-06-13
2019-01-25,856,-3.5484966702739085,-24233.578416984572,6556.3224982472575,2.0553792923439214,5.6038759626178285,0.7070909079616667,0.5347906983764842,3.5484966702739085,3.6962151302751023,1.8977030124824121,0.7316476310131558,3.7740217906053566,0.1881329238550323,-0.11204631313891648,-0.2066598118096897,0.12132553360300903,0.04792717534870677,hormuz_crisis,2019-06-13
2019-01-26,229,-2.965964713039234,-5359.357025571631,1674.9847749913954,2.17418964127819,5.140154354317424,0.18916333869535243,0.17324998312249298,2.965964713039234,3.1996452180284223,0.513853336475957,0.7027498785144103,3.712616700170515,-0.614662864052759,-0.7559122185602316,-1.0609385985037565,-0.5850088537877179,-0.14738400786376293,hormuz_crisis,2019-06-13
2019-01-27,222,-3.807922449791554,-8513.707227368552,1825.0843254324727,2.2065890576097944,6.0145115074013455,0.1833810532330491,0.16837564068193234,3.807922449791554,4.664829514302656,0.6411613821507662,0.7315944452740307,3.813716933566661,0.5456513749630469,1.1438851518874964,-0.98234873091834,0.12002553920156048,0.17418552436599777,hormuz_crisis,2019-06-13
2019-01-28,394,-2.6631507888823913,-8357.478947640548,2859.570364212417,2.297321006843598,4.960471795725989,0.3254600674496457,0.28175961988773646,2.6631507888823913,2.92263448112156,0.7503683539792281,0.6834683671280555,3.719687690122991,-1.0319751502094652,-1.115091791327742,-0.9149330274574127,-1.0562979110816888,-0.12489330873244163,hormuz_crisis,2019-06-13
2019-01-29,671,-3.3185606727751598,-19777.32432829037,5264.873420402713,2.2638742242701797,5.582434897045339,0.5542733636007925,0.4410081461281865,3.3185606727751598,3.7564672023544285,1.4635122901144806,0.7114727205788934,3.7284653594591535,-0.12874522847268396,-0.03392185576423366,-0.47469464964605507,-0.37180046305939946,-0.09697417415005971,hormuz_crisis,2019-06-13
2019-01-30,703,-3.1079085539444695,-20587.319932799914,5884.164542689005,2.631084515836445,5.738993069780915,0.5807066685713221,0.4578720056380101,3.1079085539444695,3.4987668654472586,1.423024322934082,0.6856558987747566,3.7028165656299894,-0.4190479863057671,-0.3680630444629299,-0.49968870216366307,-1.0028290876623738,-0.1785552977225822,hormuz_crisis,2019-06-13
2019-01-31,899,-2.1722079357542907,-15160.902814210398,6515.91486769919,2.537875380120179,4.710083315874471,0.7426106615158159,0.5553843689621868,2.1722079357542907,2.32674967706627,1.2064103336535512,0.6498496353845595,3.548144080286824,-1.708550657698572,-1.8877320569330154,-0.6334089603332869,-1.8780250087833614,-0.670522102247409,hormuz_crisis,2019-06-13
2019-02-01,683,-2.579870333968684,-15752.288447608687,5565.093159217769,2.784071538153117,5.363941872121801,0.5641858529647411,0.44736546688206624,2.579870333968684,2.8305525167206422,1.1541448964510925,0.6583128429020122,3.4737047128122986,-1.1467451599736427,-1.2344877432768355,-0.665673486642388,-1.6711627451017816,-0.9072914130012937,hormuz_crisis,2019-06-13
2019-02-02,250,-2.808682725472431,-6167.424176991832,1968.0020903001284,2.531662817864042,5.340345543336473,0.20651019508226248,0.18773205617759325,2.808682725472431,3.1338504198698662,0.5272797832034262,0.6783968332221191,3.4410187730428246,-0.8314154654581589,-0.8412235236626777,-1.052650177572767,-1.1802590667022304,-1.0112555880489902,hormuz_crisis,2019-06-13
2019-02-03,332,-2.6772987573298788,-7251.903894676948,2551.193667504306,2.50350975914275,5.18080851647263,0.2742455390692446,0.2423542694033553,2.6772987573298788,2.8425532671422356,0.6488547843071938,0.6742053531167327,3.385399408768794,-1.012477628509519,-1.2189272474727806,-0.9775994359814006,-1.2827094746579024,-1.188164110924848,hormuz_crisis,2019-06-13
2019-02-04,625,-3.2325169957190893,-16004.09994118699,4580.844362978596,2.048416992523331,5.280933988242421,0.5162754877056562,0.416256990833543,3.2325169957190893,3.493700871072744,1.3455577974563129,0.7205186382943122,3.394058684203332,-0.24732327497955456,-0.37463174903878355,-0.5475103771201016,-0.1506952837488424,-1.1606215518486274,hormuz_crisis,2019-06-13
2019-02-05,630,-3.1355044060723367,-15658.967829835898,4580.098388333921,2.06724651786377,5.202750923936106,0.5204056916073014,0.41897720161930774,3.1355044060723367,3.418915163421212,1.3137048617211973,0.7156468713485585,3.388754769559565,-0.3810177399358614,-0.47160090923572134,-0.5671738476286656,-0.26977362803491367,-1.1774917141982995,hormuz_crisis,2019-06-13
2019-02-06,1030,-2.2284371804065883,-21548.235515283737,9313.845231333487,3.40706550267704,5.635502683083626,0.8508220037389215,0.6156298667518766,2.2284371804065883,2.3135702795223088,1.3718924844386355,0.6232192633015313,3.273276126121109,-1.6310603154032115,-1.9048208183002864,-0.5312534347416856,-2.528938866256168,-1.5447946580750551,hormuz_crisis,2019-06-13
2019-02-07,578,-3.6860878016899,-19067.551553040877,4667.877607192369,2.1949125067609065,5.881000308450807,0.47745157103019087,0.3903186921163766,3.6860878016899,4.084843939280064,1.4387489697817315,0.7282149328523471,3.3553987908244616,0.3777492691600628,0.3918602543183627,-0.48998155516416475,0.0374216814741158,-1.2835870823156388,hormuz_crisis,2019-06-13
2019-02-08,347,-2.709727258064639,-7760.7862335882055,2638.423900483113,2.4468999163323963,5.156627174397036,0.2866361507741803,0.2520311775124912,2.709727258064639,2.9414478212417476,0.6829357515877251,0.6781888343219334,3.3063424414689746,-0.9677874385985428,-1.0906979084690755,-0.956560555904634,-1.1853430875355788,-1.4396206223504238,hormuz_crisis,2019-06-13
2019-02-09,182,-2.6817638495866074,-4289.948730683711,1382.4121296776598,2.4569535962991673,5.138717445885775,0.1503394220198871,0.14005704840959976,2.6817638495866074,3.1032342950318355,0.37559992930466607,0.6765323850053926,3.2849224432358475,-1.0063242197363116,-0.8809212146688498,-1.146285262221919,-1.2258309113998556,-1.5077512149396546,hormuz_crisis,2019-06-13
2019-02-10,188,-3.0107215361547377,-5023.622679178632,1508.972084082207,2.507862859800841,5.518584395955579,0.15529566670186137,0.1443562997007549,3.0107215361547377,3.3291687315965954,0.4346166203886705,0.6875500729164765,3.289465861976219,-0.5529828332303715,-0.5879685468230413,-1.1098530484287017,-0.956530665940437,-1.4932999620593528,hormuz_crisis,2019-06-13
2019-02-11,702,-2.6322991786657144,-15785.169111278261,5335.353068655692,2.4839594339261835,5.116258612591897,0.579880627790993,0.45734929215365994,2.6322991786657144,2.9585987859010663,1.203880166099425,0.6731726091642634,3.254691109895952,-1.0744922042946947,-1.068459506349103,-0.6349708846562446,-1.3079523570249851,-1.6039080228344493,hormuz_crisis,2019-06-13
2019-02-12,802,-3.488167438537565,-20302.147478409832,5473.426986922138,1.6682772451465147,5.15644468368408,0.6624847058238981,0.5083132940011342,3.488167438537565,3.7092204804994213,1.7730818807105286,0.7555538141269924,3.295927976189431,0.10499232955088417,-0.09518322620798159,-0.2835909923362872,0.7056533011446331,-1.4727459141115564,hormuz_crisis,2019-06-13
2019-02-13,765,-3.0761617762441698,-19523.236372572464,5708.616797036328,2.193041201444142,5.2692029776883125,0.6319211969517232,0.48975796919455794,3.0761617762441698,3.4199591716697646,1.5065747444472688,0.7061150575081958,3.3098717664101907,-0.4627986837583679,-0.4702472200579368,-0.44811131340852045,-0.5027553414033611,-1.42839489781637,hormuz_crisis,2019-06-13
2019-02-14,965,-3.334728064218101,-27922.191893473926,7594.588540740952,2.2676559371867793,5.6023840014048805,0.7971293530175332,0.5861905879695706,3.334728064218101,3.6765904754004946,1.9547862046826368,0.7118622071957903,3.348791064892562,-0.10646471048451601,-0.13749216853166762,-0.1714211865320084,-0.3622804219781882,-1.3046042774856794,hormuz_crisis,2019-06-13
2019-02-15,964,-3.6123652845760863,-29246.969056962433,7672.465026636897,2.1733116661335843,5.78567695070967,0.7963033122372042,0.5857308377130173,3.6123652845760863,3.8119390515856644,2.115873744260173,0.7269362012235699,3.394975292803159,0.27615119290364354,0.03800443608270684,-0.07197854456893125,0.006166236204154304,-1.1577060946950395,hormuz_crisis,2019-06-13
2019-02-16,318,-3.5126051053751794,-10685.432814722411,2557.0981625575946,2.264292042528753,5.776897147903933,0.26268096814463787,0.23323721299968697,3.5126051053751794,4.178733914553716,0.8192702251461786,0.7184132857833041,3.468413002013571,0.1386702347024934,0.513600521798612,-0.8723984892615322,-0.20215544059560667,-0.9241227585786509,hormuz_crisis,2019-06-13
2019-02-17,372,-2.602175891088433,-8830.143988464759,3182.761307552784,2.976817037725654,5.578992928814086,0.3072871702824066,0.26795412763283666,2.602175891088433,2.7743657582837185,0.6972637708438005,0.6520706923871077,3.3916389714498774,-1.116005546326219,-1.307341005630168,-0.9477155757611748,-1.8237367406101588,-1.1683179326790247,hormuz_crisis,2019-06-13
2019-02-18,734,-2.452435130371344,-15565.403384118918,5644.273471691514,2.618655371933888,5.071090502305232,0.6063139327615227,0.4739420713667405,2.452435130371344,2.75773373883923,1.162312185580757,0.6594613899132268,3.3186383903777434,-1.322365473002929,-1.328906529425518,-0.6606316515578113,-1.6430893421756918,-1.4005108952400949,hormuz_crisis,2019-06-13
2019-02-19,626,-1.7277776606948085,-8597.944552924093,4500.09385879181,2.730435338016662,4.4582129987114705,0.5171015284859852,0.41680162527650116,1.7277776606948085,1.9106144944346735,0.7201405370940274,0.6201740285351889,3.1630166105879343,-2.321026502852456,-2.4273041283267727,-0.9335932787699832,-2.603372129993159,-1.8954971207979023,hormuz_crisis,2019-06-13
2019-02-20,1080,-3.0760412637644747,-25853.02455420247,7719.07072761018,2.0356232234928457,5.111664487257321,0.8921240427553739,0.63770003019064,3.0760412637644747,3.349240532507279,1.9615916067702601,0.715189410882245,3.187329656815861,-0.4629647637646027,-0.5619429098521616,-0.16722007224974222,-0.2809551224519309,-1.818164609883116,hormuz_crisis,2019-06-13
2019-02-21,756,-2.047238835974896,-11649.609721844583,5154.639988310342,2.385534013434737,4.432772849409632,0.6244868299287617,0.4851919689404224,2.047238835974896,2.260023929559288,0.9933038417179583,0.6501280946396754,3.087266057143928,-1.8807723970822372,-1.9742504560021774,-0.7649639684558006,-1.8712187581109587,-2.1364369210225687,hormuz_crisis,2019-06-13
2019-02-22,467,-2.491219764138582,-9014.67369945651,3265.0149227287525,2.2501234399101016,4.741343204048683,0.3857610444136663,0.326249479276034,2.491219764138582,2.7609900453142346,0.8127591508123765,0.6781614567446449,3.0494736803038087,-1.2689158034402657,-1.3246843148588472,-0.876417908984928,-1.1860122649840044,-2.2566431414643033,hormuz_crisis,2019-06-13
2019-02-23,458,-2.1728430159951055,-7591.718962866805,3199.3426712964556,2.406310665906876,4.579153681901979,0.37832667739070486,0.320870210816953,2.1728430159951055,2.372899605590059,0.6972005966144935,0.6555260257449216,2.9772505744968774,-1.7076754443545181,-1.8278928182250989,-0.9477545745085811,-1.7392796268388309,-2.4863631882965667,hormuz_crisis,2019-06-13
2019-02-24,434,-2.737226578893665,-9740.846286340427,3186.0950494166113,2.302003126931752,5.0392297058254165,0.3585016986628077,0.3063824002793671,2.737226578893665,3.0572993382994085,0.8386380493499215,0.6864282635663006,2.976377873858864,-0.9298902234197132,-0.9404817151695741,-0.8604423341613446,-0.9839505325947762,-2.4891389873873844,hormuz_crisis,2019-06-13
2019-02-25,652,-2.8040056816444436,-15111.395313799285,4851.850855554788,2.31874168030875,5.122747361953194,0.5385785887745406,0.4308589959017635,2.8040056816444436,3.1145630324762656,1.208131072496165,0.6884035349457511,2.9912563141450974,-0.8378609677835462,-0.8662320689674186,-0.6323467129547078,-0.9356698886313678,-2.441815129445284,hormuz_crisis,2019-06-13
2019-02-26,673,-2.9559865594512242,-16568.712844748236,5148.572174786359,2.347097489060687,5.303084048511911,0.5559254451614506,0.4420705101876058,2.9559865594512242,3.2181180106377276,1.3067544864443081,0.6931971512658481,3.01096945318907,-0.6284139030679871,-0.7319598987645409,-0.5714644568339544,-0.8185017439118468,-2.379113544214402,hormuz_crisis,2019-06-13
2019-02-27,389,-2.377418592738605,-8296.201536554168,3042.009267377203,2.7213283223674614,5.098746915106067,0.3213298635480004,0.27863870182342954,2.377418592738605,2.7272111316436223,0.6624408303715695,0.6520073989407479,2.9783327085160693,-1.4257468578129098,-1.368482962940999,-0.969212491106479,-1.8252837930206305,-2.4829212444090785,hormuz_crisis,2019-06-13
2019-02-28,282,-2.5669558565290713,-5962.561843422744,2006.4561371385853,2.2740684141797654,4.841024270708837,0.23294350005279207,0.20940439997965224,2.5669558565290713,2.97168810872984,0.5375318509107244,0.6803880827849863,2.9812299176647845,-1.164542789722176,-1.0514875382804583,-1.0463213659150077,-1.131587875397961,-2.473706090700446,hormuz_crisis,2019-06-13
2019-03-01,439,-2.852870847041358,-11218.128284264832,3558.924906357684,2.6270098001213307,5.479880647162688,0.36263190256445293,0.3094180520911686,2.852870847041358,3.152111544760246,0.8827297403592194,0.6759534599358703,3.00009388843066,-0.7705191705330013,-0.8175456579249823,-0.8332236290145458,-1.2399813088864389,-2.4137054551785733,hormuz_crisis,2019-06-13
2019-03-02,246,-3.1692464513555882,-7075.43206981992,1980.9326619380815,2.4416626725703394,5.610909123925926,0.20320603196094628,0.18498968746628608,3.1692464513555882,3.571768089732814,0.5862779105399065,0.6967847373142672,3.059679706610195,-0.33451733512137355,-0.27340769339902143,-1.0162294235616245,-0.7308120388445902,-2.224180831586052,hormuz_crisis,2019-06-13
2019-03-03,365,-5.145391043221983,-18977.200342536315,3299.9424591305733,1.9477736004856827,7.0931646437076665,0.30150488482010324,0.26352119866872303,5.145391043221983,5.750767044446037,1.3559196153291684,0.7845606785626853,3.3448490358208507,2.388836353795648,2.5519409640354858,-0.5411138144342521,1.414654661101621,-1.3171426901286971,hormuz_crisis,2019-06-13
2019-03-04,800,-5.06645737849129,-43121.816931857575,7216.474837211201,1.977068084011358,7.043525462502644,0.66083262426324,0.5073190575002787,5.06645737849129,5.975468342174938,2.570310382121534,0.7808272733033855,3.6216165143800416,2.280056718991168,2.843294710896598,0.2085545121297239,1.3234007645633592,-0.4368283166894568,hormuz_crisis,2019-06-13
2019-03-05,367,-2.5019860201431268,-7226.74371963429,2480.222846971745,2.1280571901624223,4.6300432103055496,0.30315696638076134,0.26478975626013995,2.5019860201431268,2.9137477418441895,0.6625002684399761,0.685110154620511,3.5480398526738126,-1.2540786689884236,-1.1266145765186113,-0.9691757987678223,-1.0161684593964881,-0.6708536190365957,hormuz_crisis,2019-06-13
2019-03-06,415,-2.9435885665655075,-10433.984671940236,3176.87037460396,2.3557603849147877,5.2993489514802965,0.3428069238365557,0.2947621423783639,2.9435885665655075,3.284359587142731,0.8676584721613062,0.6922629996001921,3.5270330050121244,-0.6454997579186156,-0.646069288840229,-0.8425274319732671,-0.8413347806512895,-0.7376701035220651,hormuz_crisis,2019-06-13
2019-03-07,525,-2.855729317369916,-11699.685664150558,3683.0539294047285,2.0798057502719263,4.935535067641842,0.4336714096727512,0.3602385734326564,2.855729317369916,3.176626215202207,1.0287438553991521,0.7035346101844241,3.486976698383693,-0.7665798708754873,-0.7857592768113855,-0.7430861211629056,-0.5658280208343813,-0.8650772058863565,hormuz_crisis,2019-06-13
2019-03-08,660,-2.525689700224476,-14372.099578227115,5581.249897080791,2.9653747688883603,5.491064469112836,0.545186915017173,0.4351448836257864,2.525689700224476,2.5750682809856404,1.099040950679027,0.6493352952194487,3.393762527542454,-1.2214122816926016,-1.565755475584935,-0.6996902825071406,-1.890596787348141,-1.1615635373980784,hormuz_crisis,2019-06-13
2019-03-09,180,-2.8866396618572763,-4571.010064317819,1300.074972134715,2.1679995361122377,5.0546391979695136,0.148687340459229,0.1386198473539256,2.8866396618572763,3.515958819522731,0.40014554929244306,0.6998327597527462,3.4082614257757946,-0.723981874235047,-0.34577149436340077,-1.1311327475916277,-0.6563106373279939,-1.1154468889381945,hormuz_crisis,2019-06-13
2019-03-10,350,-2.700606713683334,-7599.037255278744,2310.1792718871784,1.949952745854303,4.650559459537637,0.28911427311516746,0.25395537256074796,2.700606713683334,3.289371239605623,0.6858335841135083,0.7045755412343011,3.3961526257166885,-0.9803565938556993,-0.6395710454487248,-0.9547716644541457,-0.5403850250352171,-1.1539613516656255,hormuz_crisis,2019-06-13
2019-03-11,421,-2.3188124827961065,-7914.824770322267,2840.045814151872,2.213569784910583,4.532382267706689,0.34776316851853,0.2984463060446493,2.3188124827961065,2.786865173400692,0.6920410199007199,0.6718669555245699,3.334275482505159,-1.506512792837046,-1.291133927768533,-0.950939687032954,-1.3398658445454212,-1.3507739932376677,hormuz_crisis,2019-06-13
2019-03-12,813,-3.727444665311288,-25003.314350734203,6136.872147824633,1.9104917803976358,5.637936445708925,0.6715711544075176,0.5137639951658222,3.727444665311288,4.0742765611627165,1.9150268630098581,0.74690204064071,3.4102916106736454,0.43474376620694705,0.37815830760018304,-0.19596544358021237,0.49418200677522045,-1.1089894794346604,hormuz_crisis,2019-06-13
2019-03-13,540,-2.717449354816508,-11448.911808332143,3639.3878663406213,2.0110789025367657,4.7285282573532745,0.44606202137768697,0.3688440145025648,2.717449354816508,3.14583447238998,1.0023149292379254,0.7016029488327659,3.3823320446222898,-0.9571455044192657,-0.8256846788068372,-0.7594012393192324,-0.6130427250757956,-1.1979204766683844,hormuz_crisis,2019-06-13
2019-03-14,557,-3.6398675588238634,-16501.368098982526,4189.86332654461,1.9411643593175198,5.581031918141384,0.4601047146432808,0.3785081555067312,3.6398675588238634,3.9384024759087413,1.377719555979209,0.7419418095836672,3.439384943159135,0.3140524782319365,0.20198031379156065,-0.5276562639709224,0.3729413751674551,-1.016452311081097,hormuz_crisis,2019-06-13
2019-03-15,410,-3.6217035255341123,-12306.980780979738,3019.9311468491355,1.871991099244085,5.493694624778197,0.3386767199349105,0.2916816036046559,3.6217035255341123,4.075252110903358,1.0563842921084257,0.7458497186298874,3.5044258049312083,0.2890203589888121,0.37942323163514924,-0.7260231126981176,0.4684605869906044,-0.8095768292618487,hormuz_crisis,2019-06-13
2019-03-16,247,-4.074412996774043,-9355.829293668072,2087.795554044088,2.18910029117591,6.263513287949951,0.20403207274127533,0.18567598502126237,4.074412996774043,4.481199931451959,0.7565206465594538,0.7410149806703575,3.603773584585101,0.9129058851711453,0.9057860953228938,-0.9111350910688379,0.35028732507387095,-0.4935813269944379,hormuz_crisis,2019-06-13
2019-03-17,342,-3.838538356007585,-10372.952567595752,2457.140829914129,1.6730419768414262,5.511580332849011,0.28250594687253505,0.24881593498968615,3.838538356007585,4.221553946485949,0.9550895100438,0.7671357094742657,3.67354371000155,0.5878436019266714,0.569122127015243,-0.7885544591448862,0.9887442077919552,-0.27166347537220376,hormuz_crisis,2019-06-13
2019-03-18,730,-2.862011830656727,-16981.299489669258,4727.013594061036,1.8066746285490587,4.6686864592057855,0.6030097696402065,0.47188296820660214,2.862011830656727,3.5923948919893864,1.3505346376927074,0.7209924506039439,3.6700382400682137,-0.7579218476692261,-0.2466624267541168,-0.5444380715709999,-0.1391141087949618,-0.2828133242780068,hormuz_crisis,2019-06-13
2019-03-19,628,-2.800896018895733,-12741.810337077624,4167.388630579959,1.9175365690393618,4.718432587935094,0.5187536100466433,0.41789000508934065,2.800896018895733,3.057504702964167,1.1704664515910517,0.711038956981285,3.6151185815566333,-0.8421464393795245,-0.9402154338211571,-0.6555978559119158,-0.38240274588407297,-0.45749629289774374,hormuz_crisis,2019-06-13
2019-03-20,422,-2.8212109698934347,-9395.186210852615,2934.331944079524,2.0660911312612504,4.887302101154684,0.34858920929885906,0.2990590158766186,2.8212109698934347,3.201814378843157,0.8437085762366512,0.7028657718321802,3.5729740011200843,-0.8141501090667169,-0.7530996262997287,-0.8573121939215497,-0.5821761270691513,-0.5915455681738698,hormuz_crisis,2019-06-13
2019-03-21,551,-2.598390886430364,-11534.741819647463,3940.34438771443,2.2764346726781297,4.874825559108494,0.45514846996130653,0.3751079366281256,2.598390886430364,2.9273435732195257,0.97467704396222,0.6816736352902374,3.512096227583963,-1.1212217164589853,-1.108985855843953,-0.776462672731751,-1.1001657106017693,-0.7851795144229604,hormuz_crisis,2019-06-13
2019-03-22,759,-2.4750881693035027,-13733.674744167549,5057.337251338087,2.09403513230351,4.5691233016070125,0.6269649522697489,0.48671628668327827,2.4750881693035027,2.715594009581593,1.204665722977114,0.685729349966162,3.4321953064130044,-1.2911469896009582,-1.3835460358948484,-0.6344859442844781,-1.0010337541918328,-1.039320390092309,hormuz_crisis,2019-06-13
2019-03-23,466,-3.522342824055968,-14892.271018545167,3834.9558117781253,2.3535880426695757,5.875930866725544,0.38493500363333727,0.3256532097535179,3.522342824055968,3.8832966400309523,1.147062246506097,0.7140066061477016,3.4856465995250607,0.15208992686475328,0.13052860470406913,-0.670045751713151,-0.30986587105124835,-0.8693078515873782,hormuz_crisis,2019-06-13
2019-03-24,334,-2.9794257207368173,-8834.08116613883,2465.317883653827,2.200882773843907,5.180308494580725,0.2758976206299027,0.24364994708756543,2.9794257207368173,3.583343642908197,0.7259369192088571,0.701825532789148,3.4983213807937474,-0.5961120529832457,-0.2583985197817563,-0.9300150532111482,-0.6076022084653413,-0.8289931723154165,hormuz_crisis,2019-06-13
2019-03-25,696,-4.01848144527982,-24922.60088320417,5470.654851860807,1.9208274180646918,5.939308863344511,0.5749243831090187,0.4542072604006121,4.01848144527982,4.555688771834493,1.825223448231239,0.7556241585011912,3.6120167292820433,0.835825798159505,1.0023703294334345,-0.2514029333222014,0.7073726961203592,-0.4673623550370598,hormuz_crisis,2019-06-13
2019-03-26,814,-4.134387065113755,-30008.829006368964,6415.911720101807,1.8737841824933719,6.008171247607126,0.6723971951878467,0.5142580433808605,4.134387065113755,4.677250921696408,2.1261418026845376,0.7622691222868941,3.726598202419561,0.9955570236174757,1.1599910828368778,-0.06563986151356961,0.8697924699422777,-0.10291304091279542,hormuz_crisis,2019-06-13
2019-03-27,582,-3.5162669789634653,-16735.904239572057,4327.877233420977,1.959974099367904,5.476241078331369,0.4807557341515071,0.39255258863173603,3.5162669789634653,3.8670006880817036,1.3803197049124023,0.7364285389097213,3.7469329328704335,0.14371671611182557,0.10939883506290535,-0.5260511387074022,0.23818305220895158,-0.03823435977184228,hormuz_crisis,2019-06-13
2019-03-28,591,-3.8032241880710576,-20629.006809232735,4613.335361717205,2.0013789057252196,5.804603093796275,0.4881901011744685,0.3975606844164136,3.8032241880710576,4.471603556164205,1.5120124111985886,0.7436095925089369,3.8276832704404615,0.5391766319504788,0.8933431769925078,-0.44475453020055694,0.41370622118349837,0.21860825480494087,hormuz_crisis,2019-06-13
2019-03-29,661,-3.0182579047146554,-16251.094470536395,4799.5684388419395,2.121406931789374,5.1396648365040285,0.546012955797502,0.43567933033548645,3.0182579047146554,3.3859491072196333,1.3149925827058695,0.7078383192612382,3.7848012208382604,-0.542596853781719,-0.5143455844585227,-0.5663789110546579,-0.4606344520815392,0.08221331120870927,hormuz_crisis,2019-06-13
2019-03-30,192,-3.0119551595365,-4675.778267185365,1397.1881371119164,2.132533193960699,5.1444883534971995,0.15859982982317758,0.14721223279894796,3.0119551595365,3.3465631026974783,0.4433966441256797,0.7069497211114261,3.7397337156570853,-0.5512827588525733,-0.5654145373635624,-1.1044329597042943,-0.48235404532019427,-0.061132911377016465,hormuz_crisis,2019-06-13
2019-03-31,411,-4.424909150357757,-14768.662919517066,3226.8871110047985,1.7131988445349882,6.138107994892746,0.33950276071523955,0.29229847100468737,4.424909150357757,4.5767522728486005,1.2933941789842227,0.7817944350446684,3.816952080919248,1.3959297472620877,1.029681831434091,-0.5797120486387223,1.3470406513007944,0.18447555818609085,hormuz_crisis,2019-06-13
2019-04-01,678,-4.2769278382259905,-28274.816017404813,5425.238911532515,1.8624497324596587,6.139377570685653,0.5600556490630959,0.4447214931015415,4.2769278382259905,5.21171813416375,1.9020417341034108,0.7672469472407162,3.9522108797007487,1.19199454234664,1.8529956471213547,-0.20398142996919505,0.9914631410247019,0.6146932460493568,hormuz_crisis,2019-06-13
2019-04-02,632,-3.396809892712253,-19237.905374713642,4673.580259783993,1.9990477908147528,5.395857683527007,0.5220577731679595,0.42006321743653063,3.396809892712253,4.1163100461235675,1.4268748925529455,0.7296722996999913,3.9752619404004608,-0.020908837022553577,0.43266005485644266,-0.4973116665657095,0.07304342470757326,0.6880117593465654,hormuz_crisis,2019-06-13
2019-04-03,848,-1.8480710154560152,-12801.154321640972,6120.702684467311,2.684869376981492,4.532940392437507,0.7004825817190343,0.5309120823776834,1.8480710154560152,2.0914517468928593,0.981163231197593,0.6280215934261715,3.780293093719553,-2.155248475885447,-2.1928256824598154,-0.7724586163246305,-2.4115577340458687,0.06787431039636954,hormuz_crisis,2019-06-13
2019-04-04,493,-2.5856377007995333,-10962.772858713577,3633.6900877513094,2.3924652142567346,4.978102915056268,0.4072381047022216,0.34162899245878103,2.5856377007995333,3.0169806984001304,0.8833288025875837,0.6754028763750493,3.7030802126531692,-1.1387970676130037,-0.9927599481914908,-0.8328538156146699,-1.2534389679952858,-0.17771671558414634,hormuz_crisis,2019-06-13
2019-04-05,445,-2.43008993572135,-8371.787737029186,3152.3734422866764,2.326947663922107,4.757037599643456,0.36758814724642724,0.3130487119177445,2.43008993572135,2.655709385419907,0.7607365242218431,0.6715199739488319,3.598788470008767,-1.3531597117089924,-1.461194050415561,-0.9085325433234283,-1.3483469545814144,-0.509437481906981,hormuz_crisis,2019-06-13
2019-04-06,899,-3.8405628716851163,-31595.100755402156,7371.678171189763,2.179650806198466,6.020213677883582,0.7426106615158159,0.5553843689621868,3.8405628716851163,4.286011953001852,2.132988586950442,0.7341845331188456,3.6717634327240702,0.5906336165143531,0.6527001121155518,-0.0614132011639337,0.18333385742578517,-0.2773260036585159,hormuz_crisis,2019-06-13
2019-04-07,748,-2.644970788129153,-18418.53415012696,5952.824340943544,2.656675261646348,5.301646049775501,0.6178785036861294,0.48111572538802794,2.644970788129153,3.094083261191537,1.2725370393609012,0.6661764261976373,3.612916938727898,-1.0570292744469458,-0.8927866912992537,-0.5925875886921325,-1.4789568187048265,-0.4644990586757351,hormuz_crisis,2019-06-13
2019-04-08,1220,-3.111535001617845,-30364.49367886061,8997.606298163762,2.1317760640122914,5.243311065630136,1.0077697520014408,0.6970245299169824,3.111535001617845,3.374730197414552,2.1688162218229152,0.7109490333417053,3.592344746127631,-0.414050325866546,-0.5288923246885278,-0.039296067359848766,-0.3846007077801491,-0.52993303572193,hormuz_crisis,2019-06-13
2019-04-09,1088,-3.014329626442614,-27201.915278021126,7990.328187678324,2.16486100832204,5.179190634764654,0.8987323689980063,0.6411864893010641,3.014329626442614,3.404355195318321,1.9327474307749277,0.7052225238149126,3.569846153795565,-0.5480104713718938,-0.4904797555255794,-0.18502617366358376,-0.5245711293092948,-0.6014943127736048,hormuz_crisis,2019-06-13
2019-04-10,836,-3.1290751777668153,-20327.8049497174,5931.760946267709,1.9831663263484762,5.112241504115292,0.6905700923550857,0.5250658048055692,3.1290751777668153,3.4269427129405385,1.6429703765112624,0.7205000228691784,3.55710822850332,-0.38987795324960217,-0.46119217259642187,-0.36391149236563475,-0.15115029196820073,-0.6420098342537053,hormuz_crisis,2019-06-13
2019-04-11,609,-3.549713114821204,-18161.19800700179,4691.3671352085885,2.07684059793307,5.626553712754274,0.5030588352203914,0.4075022551945657,3.549713114821204,3.8711952152928877,1.446516099583367,0.7303992870971495,3.5881457754358212,0.1898093238304572,0.11483757187324546,-0.4851867466397412,0.09081284112965843,-0.5432887026264853,hormuz_crisis,2019-06-13
2019-04-12,482,-3.7472572945982168,-15824.541540389282,3698.4789292903106,1.9629677523796365,5.710225046977854,0.3981516561186021,0.3351511186995374,3.7472572945982168,4.278662077825006,1.2558974743395943,0.7441784920947113,3.6583207361568584,0.46204783964255663,0.6431700662574313,-0.6028595334444993,0.4276115704116874,-0.3200831912713954,hormuz_crisis,2019-06-13
2019-04-13,206,-3.216821525170497,-6100.329009755948,1616.1872316767756,2.314373780319546,5.531195305490044,0.17016440074778427,0.15714425239821792,3.216821525170497,3.7745187501740918,0.5055050136714129,0.7050088075184257,3.666037894418313,-0.2689534318991085,-0.010515733293829517,-1.0660921893886983,-0.5297948978138198,-0.2955372244727314,hormuz_crisis,2019-06-13
2019-04-14,363,-4.6403154935297035,-14909.912556565701,2959.9196901933756,1.7568666198926903,6.397182113422395,0.29985280325944513,0.2622510297947222,4.6403154935297035,5.0372692900974,1.2169275167505693,0.784540578876523,3.807665817719674,1.6927843710117592,1.6268005834166401,-0.6269164875081401,1.4141633737770154,0.1549387390024143,hormuz_crisis,2019-06-13
2019-04-15,472,-3.576492706560671,-14360.466466403246,3542.726605857129,1.9646420003818776,5.5411347069425485,0.3898912483153116,0.32922550545972173,3.576492706560671,4.053506822304982,1.1774726190904452,0.7382493408757146,3.8347964064099815,0.2267146698519689,0.3512277055133689,-0.6512728050234193,0.28268807180400685,0.24123300778095552,hormuz_crisis,2019-06-13
2019-04-16,785,-3.1381674682365808,-21995.368102240405,6214.521076428764,2.389209945135699,5.52737741337228,0.6484420125583042,0.49983060702883014,3.1381674682365808,3.5393504715379067,1.5685521506068172,0.6982020361882311,3.807912803668263,-0.37734773512009046,-0.31544124914997423,-0.4098513894771747,-0.6961696585441041,0.15572432725762575,hormuz_crisis,2019-06-13
2019-04-17,988,-4.564904198664794,-47620.54253858724,9104.89442506789,2.3252879943254383,6.8901921929902326,0.8161282909651013,0.596706922488446,4.564904198664794,5.230213587922208,2.7239099358398553,0.7476758728724738,3.961344706153446,1.5888589655016319,1.8769773499725977,0.3033746668490617,0.5130964298048264,0.6437452096422878,hormuz_crisis,2019-06-13
2019-04-18,445,-2.8861519776639004,-11056.040095652115,3244.9730800672655,2.2029611797829545,5.089113157446855,0.36758814724642724,0.3130487119177445,2.8861519776639004,3.4071284484809756,0.903506159006535,0.6978964999663129,3.908572689859113,-0.7246539589359962,-0.486883880877322,-0.8203979196751494,-0.7036377389819733,0.4758932470449704,hormuz_crisis,2019-06-13
2019-04-19,340,-3.333085586264422,-10660.12264655818,2737.3540174150917,2.3589778207135104,5.692063406977935,0.28085386531187695,0.2475269378059497,3.333085586264422,3.8943164014366807,0.825028468613181,0.7069971753964147,3.9136565492821944,-0.1087282333120094,0.1448171237625929,-0.8688438074721954,-0.4811941421990787,0.4920634797109665,hormuz_crisis,2019-06-13
2019-04-20,183,-2.4401706640086442,-3975.141294549516,1314.965840281781,2.372717510295626,4.8128881743042715,0.15116546280021614,0.14077487509877795,2.4401706640086442,3.0229996649172968,0.34351472044551895,0.6697957535603707,3.819839875284649,-1.3392673130043793,-0.984955594301538,-1.1660921196936913,-1.390491275385021,0.19366076629158704,hormuz_crisis,2019-06-13
2019-04-21,137,-2.5569381637607793,-2939.0458385195507,999.6256879214537,2.369799852139515,4.926738015900295,0.11316758690507984,0.10720963320030645,2.5569381637607793,2.9401463708188422,0.27412840265265825,0.6752158496264813,3.7283184712554047,-1.1783483182585262,-1.0923854040950463,-1.2089257167273748,-1.258010376234773,-0.09744138148858754,hormuz_crisis,2019-06-13
2019-04-22,3841,-3.127193220248582,-88363.11736672408,26131.225256598787,1.8380208406175451,4.965214060866128,3.172822637243881,1.4285926982484276,3.127193220248582,3.381514509902676,4.467485400459111,0.7298313424079031,3.6871537038786024,-0.3924715063583981,-0.5200956026256386,1.3797195605537835,0.07693083199527796,-0.2283741651730397,hormuz_crisis,2019-06-13
2019-04-23,3022,-3.3462532499544806,-80069.71100074204,20569.72793810781,1.7302036096534368,5.076456859607918,2.496295238154389,1.25170390450056,3.3462532499544806,3.892599418021645,4.188518258415712,0.7458072695902819,3.703365041453596,-0.09058168389840034,0.14259083688163068,1.20750742236831,0.4674230247654325,-0.17681076056265907,hormuz_crisis,2019-06-13
2019-04-24,1934,-3.27402106736021,-52197.858976281874,14073.184420835418,2.001351519276311,5.2753725866365215,1.5975628691563826,0.9545736474159081,3.27402106736021,3.709029698992837,3.1252942319865604,0.7249653154157546,3.703059113243648,-0.1901259084132904,-0.09543059864123825,0.5511574249444285,-0.04200721326188171,-0.17778382648015695,hormuz_crisis,2019-06-13
2019-04-25,1320,-3.294170186515273,-32387.831427899564,8931.407939760924,1.736023974833623,5.030194161348896,1.090373830034346,0.7373429160272374,3.294170186515273,3.62628508812313,2.42893305121516,0.743427725814781,3.690713443897778,-0.1623581133818839,-0.20271948683688953,0.121279386220615,0.40926093776538675,-0.21705169939454413,hormuz_crisis,2019-06-13
2019-04-26,874,-2.6665564142431966,-16883.341785494948,5640.700440532047,1.8936671249905568,4.560223539233753,0.7219596420075897,0.543462969033793,2.6665564142431966,2.9931285951966746,1.4491746659807123,0.7065851865933096,3.6187856097974658,-1.0272818082204265,-1.0236872268012882,-0.4835455590775026,-0.4912641938013866,-0.4458325754515409,hormuz_crisis,2019-06-13
2019-04-27,633,-3.28200049345941,-14988.22043824304,4201.149662265806,1.6774434043491318,4.959443897808542,0.5228838139482886,0.42060578337874,3.28200049345941,3.5676473449316353,1.3804283886009063,0.7472544992885762,3.614892719886294,-0.17912934490668375,-0.2787507619518805,-0.5259840460374695,0.5027969903498769,-0.4582146911569752,hormuz_crisis,2019-06-13
2019-04-28,819,-3.377949029562305,-19885.02615670658,5289.993651417063,1.5405698389533182,4.918518868515623,0.6765273990894919,0.5167246298204196,3.377949029562305,3.7589886618067783,1.7454694618528277,0.7614880506019547,3.6247862187986826,-0.04690126766097058,-0.03065246361374068,-0.3006367048066748,0.850701096309885,-0.4267464372222247,hormuz_crisis,2019-06-13
2019-04-29,1585,-2.923559018683806,-32030.3025947229,10100.645670283548,1.7245440459525925,4.648103064636397,1.3092746368215442,0.8369334651882647,2.923559018683806,3.171114366377307,2.4468243801894407,0.72938340755021,3.568149809884906,-0.6731027700339657,-0.7929060882606193,0.13232407053387107,0.06598216762031113,-0.6068898741835769,hormuz_crisis,2019-06-13
2019-04-30,1182,-3.0515171903277754,-27504.961018908667,8119.789753778606,1.909008644167163,4.960525834494939,0.976380202348937,0.6812669909128436,3.0515171903277754,3.3873981781497515,2.0788979339734186,0.7221050931330417,3.546049234719714,-0.49676174711086113,-0.5124666801120653,-0.09480447060444909,-0.1119183025048604,-0.6771851779543626,hormuz_crisis,2019-06-13
2019-05-01,1042,-3.3666746768163938,-28873.156280488645,7784.233322663583,2.051899380720202,5.418574057536596,0.86073449310287,0.6209712985420452,3.3666746768163938,3.7091843324409663,2.0906083458312965,0.7253320826746686,3.5712966642636412,-0.06243861764391422,-0.09523009675291862,-0.0875753931930171,-0.03304249093092273,-0.5968806738427624,hormuz_crisis,2019-06-13
2019-05-02,1104,-3.44936547256413,-29992.36273480701,7907.311921959281,1.8565273733009422,5.305892845865072,0.9119490214832712,0.6481231518696144,3.44936547256413,3.792990972256407,2.235613622028486,0.7407960833779291,3.5977516077555953,0.05151877422202787,0.01343584674121929,0.0019393377504868918,0.344936919883861,-0.5127354298793918,hormuz_crisis,2019-06-13
2019-05-03,953,-3.430625619343454,-25124.186189070762,6622.13904900269,1.7590518540232836,5.1896774733667375,0.7872168636535846,0.580659585083708,3.430625619343454,3.7939683844081356,1.9920256487055086,0.7468527307446594,3.6236593148099687,0.025693109132364327,0.014703185628497378,-0.1484325139842597,0.49297674781189144,-0.4303307809605684,hormuz_crisis,2019-06-13
2019-05-04,732,-4.34769351772617,-29334.034441384887,5878.1350973251565,1.8412728431349725,6.188966360861139,0.6046618512008646,0.47291304977480575,4.34769351772617,4.990364113055743,2.0560810009540367,0.770707597076474,3.7642195757672443,1.2895177575550558,1.5659820691650745,-0.10888983131510656,1.0760502030053838,0.0167492686869449,hormuz_crisis,2019-06-13
2019-05-05,603,-5.2088645160943665,-30677.583408163708,5231.431016785312,1.7334044059539013,6.942268922048268,0.4981025905384171,0.4041993677556557,5.2088645160943665,5.864090209683187,2.1054197441302125,0.8001994380817623,3.9895039880941523,2.476310072675762,2.6988788283545397,-0.0784320132526792,1.7969056207545455,0.7333114432445148,hormuz_crisis,2019-06-13
2019-05-06,2444,-3.7233576906434163,-71191.7601369464,16263.686098961967,1.4655891781975154,5.188946868840932,2.018843667124198,1.1048738663843127,3.7233576906434163,4.377344699335424,4.113840607592957,0.7797608777174232,4.033824992579346,0.42911144679870633,0.7711246077653564,1.1614073769340914,1.297335350896342,0.8742832709198416,hormuz_crisis,2019-06-13
2019-05-07,1655,-3.281908245206533,-39617.23825017263,11233.01781661346,1.7527068491832776,5.034615094389809,1.3670974914445777,0.8616645174506916,3.281908245206533,3.5268561749790295,2.8279038844233333,0.7417675389859891,3.9838046218409953,-0.17925647356963811,-0.33164169015149747,0.3675722641457527,0.3686817596192742,0.7151834678831478,hormuz_crisis,2019-06-13
2019-05-08,2984,-2.984329948623958,-65257.9781159274,20394.48007099009,1.925140667609952,4.90947061623391,2.464905688501885,1.242685413945867,2.984329948623958,3.1997863092745824,3.7085832975568107,0.7183247755200451,3.904148320529086,-0.5893534649919085,-0.7557292758552561,0.9112337279322287,-0.20431885598853455,0.4618206546475463,hormuz_crisis,2019-06-13
2019-05-09,1692,-3.6404131974906933,-51612.41955417763,12900.414483344264,1.9919726221010672,5.632385819591761,1.3976610003167524,0.8744936789375558,3.6404131974906933,4.0008342073670935,3.1835183299264673,0.7387357064421027,3.914532839870916,0.3148044308381593,0.2829309761476066,0.5871003547343172,0.29457608020180975,0.4948506973587076,hormuz_crisis,2019-06-13
2019-05-10,1613,-3.1791466113465887,-42630.73544824112,11099.96258459142,1.8512086486327868,5.030355259979376,1.3324037786707574,0.8468994004429076,3.1791466113465887,3.840619742936757,2.6924173590695273,0.7309901247424252,3.904722443666229,-0.3208737802199098,0.07519259196861325,0.28393365332014714,0.10525441219098204,0.46364676822267475,hormuz_crisis,2019-06-13
2019-05-11,999,-2.705782840004818,-20487.547092802877,6557.346758380889,1.9290639145225599,4.634846754527378,0.8252147395487209,0.6016976456185605,2.705782840004818,3.1243653641799436,1.628063164386001,0.7061105777050781,3.8230962670321538,-0.9732232986656948,-0.8535221020081369,-0.3731140201460437,-0.50286483915724,0.20401837216277013,hormuz_crisis,2019-06-13
2019-05-12,1039,-4.734522888633098,-40790.007112590094,8076.963533690793,1.5196314977868153,6.2541543864199145,0.8582563707618829,0.6196386129837997,4.734522888633098,5.050166060852694,2.933693195852666,0.8045184778147663,3.945874468763484,1.822612956447292,1.6435228832873658,0.4328781757487046,1.9024739096399874,0.5945390225360663,hormuz_crisis,2019-06-13
2019-05-13,2348,-5.278602883972147,-106717.87792249056,18729.781593747968,1.349152900805231,6.627755784777379,1.9395437522126093,1.0782543829857052,5.278602883972147,5.697764140405842,5.6916766956839515,0.8308677015140368,4.130143838396792,2.572417534751516,2.4832159729352474,2.1354379543204463,2.5465157873138105,1.1806446427384685,hormuz_crisis,2019-06-13
2019-05-14,2943,-4.478146956814604,-102322.24770746646,21261.473061054774,1.3731373712452248,5.85128432805983,2.431038016508394,1.2328628441146625,4.478146956814604,4.812566251342807,5.520940993541874,0.8099311711860187,4.205417407199157,1.4692975449429104,1.335444579094786,2.0300393037298647,2.0347738681465657,1.420067297819735,hormuz_crisis,2019-06-13
2019-05-15,3008,-4.208475213214817,-96720.86779261546,21521.50714700341,1.4731405760726792,5.681615789287496,2.484730667229782,1.248390757791186,4.208475213214817,4.494149370300146,5.253821560570668,0.7941033208055966,4.230225692703926,1.0976589812710384,0.9225766860595793,1.8651409993420809,1.6479010481010348,1.4989750163996916,hormuz_crisis,2019-06-13
2019-05-16,2541,-4.383174111387887,-88615.96618898737,19090.198309171126,1.564847086213008,5.9480211976008945,2.098969622816116,1.131069676503976,4.383174111387887,4.641961531977138,4.9576753242280995,0.7917110979325443,4.278218635898701,1.3384140812508551,1.1142339108798383,1.6823238539156842,1.5894290517887668,1.6516261802501346,hormuz_crisis,2019-06-13
2019-05-17,2666,-3.972560333415934,-85314.09081940557,20502.870714187255,1.858969404594969,5.831529738010903,2.202224720357247,1.1638457933602937,3.972560333415934,4.161080270596998,4.6234476329161005,0.7582771455891392,4.267978001445552,0.7725412440289947,0.490710332180094,1.4759982453152296,0.7722184314280637,1.6190537922326764,hormuz_crisis,2019-06-13
2019-05-18,2027,-5.172516045343879,-89526.09224528137,16606.185406398978,1.5099889942000315,6.682505039543911,1.6743846617269842,0.9837193208870632,5.172516045343879,5.391129272276079,5.088303971403118,0.8156862869865318,4.393371111942162,2.4262177149038333,2.0856249547665158,1.7629635969101691,2.1754434995822494,2.017891683429539,hormuz_crisis,2019-06-13
2019-05-19,1991,-4.276926010736525,-70540.79294299746,15673.156491620264,1.7975381226127176,6.0744641333492435,1.6446471936351383,0.9725376702642531,4.276926010736525,4.500739399923204,4.159471658374286,0.7716542673433142,4.412726307609429,1.1919920238567492,0.931121495733621,1.1895763604392529,1.09918922611864,2.079454758091794,hormuz_crisis,2019-06-13
2019-05-20,2525,-4.293325387268477,-85195.88150459554,18578.677622065698,1.5322833701411462,5.825608757409623,2.085752970330851,1.1267957022375168,4.293325387268477,4.585680597816569,4.837700594681342,0.7917496827109369,4.436671737574335,1.2145922438801484,1.04125853775,1.6082609927768023,1.5903721616659003,2.1556179918865546,hormuz_crisis,2019-06-13
2019-05-21,2022,-3.798954276890934,-59351.138202302594,14243.347291036052,1.622616652611915,5.421570929502849,1.6702544578253389,0.9821737704274647,3.798954276890934,4.166937517535278,3.731233245815511,0.7696516974176342,4.4112133462950975,0.5332922050661307,0.4983049961139773,0.9252160055253881,1.0502413364263978,2.0746424817419973,hormuz_crisis,2019-06-13
2019-05-22,1605,-4.0247047070308035,-49457.50346124392,11669.749381730047,1.6230835909487877,5.647788297979591,1.3257954524281252,0.8440621106027837,4.0247047070308035,4.238094739093001,3.397100749569378,0.7767690566216252,4.396823244501267,0.8444021659599154,0.5905693636392677,0.7189491627914705,1.2242076527829728,2.0288718821386413,hormuz_crisis,2019-06-13
2019-05-23,1725,-3.7255340323972446,-47275.5021988638,12130.115403217878,1.6532084629949657,5.37874249539221,1.4249203460676112,0.8857986768675442,3.7255340323972446,3.8973662349760123,3.3000731165224857,0.764900456106972,4.348374587769319,0.43211069511688466,0.14877161996696736,0.6590520149493014,0.9341089444468564,1.8747712301509627,hormuz_crisis,2019-06-13
2019-05-24,1393,-3.4117923780514694,-36682.3937089964,9892.612086876112,1.8449337057610962,5.256726083812565,1.1506748069983666,0.7657816566148283,3.4117923780514694,3.7080594474800606,2.6126880192900988,0.7402109140077725,4.28829127564579,-0.00026125542066123637,-0.0966886528514376,0.23471509668670865,0.3306338958473952,1.683664227473019,hormuz_crisis,2019-06-13
2019-05-25,1077,-3.7569323436548228,-35766.35315055285,8446.526685863988,2.042855409353642,5.799787753008462,0.8896459204143867,0.6363894678244371,3.7569323436548228,4.234445054250645,2.390872174830908,0.7395195258713824,4.28658904038053,0.4753811658815419,0.5858370841000295,0.09778362662923866,0.31373461567716243,1.678249927430311,hormuz_crisis,2019-06-13
2019-05-26,514,-3.3781464878117675,-14754.528396795014,3904.9020953799713,2.109469650432609,5.487616138244377,0.4245849610891317,0.35388051592148134,3.3781464878117675,3.778463079586969,1.1954602219651684,0.7223317323102169,4.235883991671861,-0.046629147566978585,-0.005401409678828723,-0.6401686888569162,-0.10637866600974931,1.5169723690388839,hormuz_crisis,2019-06-13
2019-05-27,728,-2.904835787799487,-17199.586396160652,5416.462391692563,2.2676799025924015,5.172515690391887,0.6013576880795484,0.4708518244761537,2.904835787799487,3.1754280104557395,1.3677472304890137,0.6952123268465276,4.129862215627189,-0.6989055276394189,-0.7873129013160878,-0.5338123850207658,-0.7692457400296852,1.1797488851398514,hormuz_crisis,2019-06-13
2019-05-28,1142,-3.8224505879193456,-37658.07003475197,9046.93721765005,2.0497804931025216,5.872231081021868,0.943338571135775,0.6644074069577818,3.8224505879193456,4.162521428940974,2.5396644833437407,0.7412550494374806,4.137408751070993,0.5656728140451183,0.49257897685451923,0.18963617029031707,0.35615521481944346,1.2037521519088847,hormuz_crisis,2019-06-13
2019-05-29,1334,-4.146776616124693,-42679.86699668684,9802.925782078682,1.60087173019803,5.747648346322722,1.1019384009589526,0.7428599670581637,4.146776616124693,4.353788648967686,3.0804743404519526,0.7821504583878088,4.162606564838897,1.0126312445973262,0.7405811992258562,0.5234891866785217,1.3557427650719198,1.283898843111938,hormuz_crisis,2019-06-13
2019-05-30,1417,-4.093735055367649,-46189.39334826263,10326.204541595609,1.596817913951888,5.690552969319538,1.1704997857262638,0.7749574570365958,4.093735055367649,4.4730271574811775,3.172470508289281,0.7808787367173153,4.197404120391568,0.9395338959781228,0.8951890567534545,0.5802803078553352,1.3246586609673348,1.3945794348961928,hormuz_crisis,2019-06-13
2019-05-31,1534,-2.9339395188016284,-36734.0304239376,10579.795315836243,1.9814641766605434,4.915403695462172,1.2671465570247626,0.8185220174396651,2.9339395188016284,3.4720927321677664,2.401494093975469,0.7127008645954109,4.12309542495736,-0.658797251396802,-0.40264944317892243,0.1043407551645898,-0.34178150737860274,1.1582257527266224,hormuz_crisis,2019-06-13
2019-06-01,762,-3.6619957086577104,-25043.718010790006,6119.923792035328,2.1847001719410444,5.846695880598754,0.629443074610736,0.4882382844175347,3.6619957086577104,4.092161742828028,1.7879265023394146,0.7279800226947881,4.115041738836422,0.3445476043107423,0.4013487152397826,-0.2744271029529738,0.03167988123416779,1.13260939169917,hormuz_crisis,2019-06-13
2019-06-02,719,-3.1905600598889268,-18662.432896023274,5243.581924939535,2.0511608079828907,5.24172086787182,0.5939233210565869,0.4661984744785739,3.1905600598889268,3.559100089055722,1.487434232652485,0.7187448118383878,4.0467182779311734,-0.3051447402908607,-0.28983336383267827,-0.4599271438966544,-0.1940521026965169,0.9152929461719865,hormuz_crisis,2019-06-13
2019-06-03,1069,-3.6314172222467382,-28980.99142848971,7517.029421300683,1.7002078628245645,5.331625085071304,0.8830375941717544,0.6328862145164784,3.6314172222467382,3.855378209158996,2.2982738991176834,0.7582127056455007,4.024701713832533,0.3024069461263283,0.09432881625940624,0.04062081191186394,0.7706433557153296,0.8452648564170894,hormuz_crisis,2019-06-13
2019-06-04,752,-2.8887400842769266,-17518.32777584195,5639.243155522797,2.3051267367995667,5.193866821076494,0.6211826668074455,0.4831559241329745,2.8887400842769266,3.1065033538561577,1.395711884998785,0.6926085188620368,3.930560481571192,-0.7210872514587672,-0.8766824650630296,-0.516549230258272,-0.8328894132768769,0.5458298204642781,hormuz_crisis,2019-06-13
2019-06-05,572,-3.646826784130364,-17242.271188389066,4345.509821645122,1.975109179302932,5.621935963433296,0.47249532634821656,0.38695846258149913,3.646826784130364,3.967836202441602,1.4111704856881182,0.7400161322996224,3.938529605190046,0.3236430881440197,0.2401448753499928,-0.5070063190087052,0.3258729367206565,0.5711772135247345,hormuz_crisis,2019-06-13
2019-06-06,725,-2.601824106289603,-14664.719314084063,5292.1600429643,2.34885349372713,4.950677600016733,0.5988795657385612,0.46930311252778356,2.601824106289603,2.771027178888926,1.2210441513315295,0.6782185782124774,3.81498775965512,-1.1164903460891222,-1.3116698974776893,-0.6243752045522961,-1.1846160713876301,0.17822764115528175,hormuz_crisis,2019-06-13
2019-06-07,1091,-3.195825750675198,-27694.455477391904,8183.001866250966,2.1523171275271884,5.3481428782023865,0.9012104913389934,0.6424907840146322,3.195825750675198,3.3843882636287472,2.0532885921254587,0.713041983307285,3.7694082740859574,-0.2978880150054176,-0.5163694162434974,-0.11061364255515073,-0.33344370061008266,0.03325296244887743,hormuz_crisis,2019-06-13
2019-06-08,538,-3.437665089548699,-14318.585008661203,3640.411415876359,1.664449440240854,5.102114529789553,0.44440993981702887,0.36770089202101885,3.437665089548699,3.933232641293176,1.2640325198965723,0.7540185169884126,3.7902576761285878,0.03539430570997392,0.1952769671659687,-0.597837602978633,0.668126743884217,0.09956865962287081,hormuz_crisis,2019-06-13
2019-06-09,453,-4.086808846254763,-13807.267284735515,3215.795616678836,1.5060388623900989,5.592847708644861,0.3741964734890596,0.3178691773832381,4.086808846254763,4.293577369508076,1.2990705660815418,0.7878485805738785,3.836411388362051,0.9299887861640812,0.6625096346591757,-0.5762078984652023,1.4950193279724349,0.2463697811932538,hormuz_crisis,2019-06-13
2019-06-10,900,-3.44880990152172,-23188.503637565682,6272.795527234927,1.760481453258544,5.209291354780264,0.7434367022961449,0.5558582815110318,3.44880990152172,3.696677747088508,1.9170495451180942,0.747411931242861,3.8113870350575922,0.05075313366413082,-0.1114464717347544,-0.1947168004311398,0.5066450267323004,0.1667748157203669,hormuz_crisis,2019-06-13
2019-06-11,726,-3.061457395955598,-18541.05291807125,5733.665956160532,2.418077056953697,5.479534452909295,0.5997056065188903,0.469819616390715,3.061457395955598,3.233716972672577,1.4383327393643763,0.6938217264885892,3.744900841906857,-0.48306300473312996,-0.7117338649946744,-0.4902385027373647,-0.8032355408618558,-0.044697831899004774,hormuz_crisis,2019-06-13
2019-06-12,1162,-3.621508300766184,-36902.81605606136,9310.389012910638,2.1954373353788004,5.816945636144984,0.959859386742356,0.6728727292109028,3.621508300766184,3.9636169879570593,2.4368141741964813,0.7259944584299776,3.763842594195609,0.2887513168883028,0.2346741283569547,0.1261445650727713,-0.016852346961459833,0.01555020332796617,hormuz_crisis,2019-06-13
2019-06-13,3758,-4.202339986775793,-128250.78087560642,28734.929694003396,1.721997874361358,5.92433786113715,3.1042612524765696,1.4120257638532432,4.202339986775793,4.463236285640562,5.9338123297981165,0.7747943676646457,3.8327949540987567,1.089203936218248,0.8824939489608778,2.2849132472752296,1.1759412447024171,0.23486698802134853,hormuz_crisis,2019-06-13
2019-06-14,4321,-4.021140247744524,-143848.74861922645,33660.39836318641,1.8844077010740938,5.905547948818619,3.5693222118018246,1.5193648813907124,4.021140247744524,4.273530784369755,6.109579275569779,0.7580977625848169,3.8774895445020556,0.8394899326212028,0.6365166931370192,2.393417787745301,0.7678338556908398,0.3770270804998042,hormuz_crisis,2019-06-13
2019-06-15,2897,-4.588289034041305,-119921.76070417075,24236.405640707966,1.888873370571334,6.477162404612639,2.3930401406132575,1.221726316151583,4.588289034041305,4.948001056012518,5.605633458997989,0.7742212176316211,3.9820935223884435,1.6210859482585924,1.5110529898816702,2.082321699633422,1.1619320037596488,0.7097409735181779,hormuz_crisis,2019-06-13
2019-06-16,2390,-4.447897388635257,-98652.95984115842,20509.080329391832,2.066653885053048,6.514551273688306,1.9742374649864294,1.0899876918531954,4.447897388635257,4.810208856599853,4.848153408238399,0.7591650768368096,4.066614099271075,1.4276101737715692,1.3323879176596605,1.6147137289647608,0.7939217238863812,0.9785755890174284,hormuz_crisis,2019-06-13
2019-06-17,2799,-3.2650174154942193,-74749.58448631478,20845.77415812522,2.0912808882023763,5.356298303696596,2.312088144141011,1.1975788497380242,3.2650174154942193,3.585838737352868,3.910115800822184,0.719199912573317,4.013014941616184,-0.20253397238993112,-0.2551633132094104,1.0356438754749868,-0.18292828610139547,0.808092737732047,hormuz_crisis,2019-06-13
2019-06-18,3672,-3.649834437800143,-113819.9448792218,29387.308786179216,2.17662264849906,5.826457086299203,3.0332217453682713,1.394565497114244,3.649834437800143,3.8730986123081492,5.089933177135444,0.7280268695768621,3.9974005848628007,0.3277879795402719,0.117305567642588,1.7639693390224942,0.032824937887011324,0.7584281501382706,hormuz_crisis,2019-06-13
2019-06-19,2346,-4.020823188293779,-74330.56201030193,17553.0812285996,1.7306543113517467,5.751477499645526,1.9378916706519511,1.0776922052720235,4.020823188293779,4.234616193149816,4.333209808801211,0.7686950250184015,4.021102935439662,0.8390529883670486,0.5860589874001492,1.2968284839339819,1.026857835821118,0.833818221275708,hormuz_crisis,2019-06-13
2019-06-20,4623,-4.279458172302725,-154556.45172794905,34069.56310321997,1.5450603474653326,5.824518519768058,3.8187865274611976,1.5725221385780637,4.279458172302725,4.536496439936492,6.729542717064852,0.7903461818781834,4.0761718791149875,1.1954816326488527,0.9774850356411798,2.7761339351548115,1.5560670404995267,1.0089760212451053,hormuz_crisis,2019-06-13
2019-06-21,4159,-4.1160238356144205,-130988.28097131493,29932.192159066864,1.54047235233788,5.656496187952301,3.4355036053885186,1.489641161826448,4.1160238356144205,4.376167314281951,6.131398528590018,0.7859553861165317,4.10986104484381,0.9702503891721646,0.7695979786346183,2.406887260130836,1.4487448522221276,1.1161311572988397,hormuz_crisis,2019-06-13
2019-06-22,2637,-4.355000421059809,-96652.63887508327,20572.325777345563,1.7232062318943588,6.078206652954168,2.178269537727705,1.1563368781516905,4.355000421059809,4.698187259970288,5.035847591237597,0.7791161348169284,4.171254680270443,1.2995875076280659,1.187137702208013,1.7305811975938763,1.2815761986347514,1.3114059055644494,hormuz_crisis,2019-06-13
2019-06-23,2793,-4.55059041538587,-105247.94763963681,22400.177347700785,1.7347616035674986,6.285352018953369,2.3071318994590366,1.1960813181329204,4.55059041538587,4.6985318913307506,5.442876182317765,0.7836986250797989,4.22906347659378,1.569132931963671,1.1875845605002058,1.9818482947118292,1.393583886868953,1.495278355389768,hormuz_crisis,2019-06-13
2019-06-24,4652,-4.169212747424194,-176205.95999966346,39096.18819390152,2.117477482038282,6.286690229462474,3.84274171009074,1.5774810293725388,4.169212747424194,4.5069856714867464,6.576854016479827,0.7480443567135623,4.264209216325822,1.043550804426607,0.9392205794609687,2.6818760687555563,0.5221031097592586,1.607066416661768,hormuz_crisis,2019-06-13
2019-06-25,3144,-4.099105785489485,-119054.08004914425,26118.386427530666,2.104134516213697,6.20324030170318,2.597072213354533,1.2801202405071108,4.099105785489485,4.558247898639429,5.247348283984889,0.7467148693380707,4.2957984819235016,0.9469353775041611,1.0056885620865026,1.861144912943742,0.48960706526748393,1.7075423999557355,hormuz_crisis,2019-06-13
2019-06-26,2582,-3.2700628449141242,-71828.66437942945,18913.830827378944,2.0276004186310366,5.297663263545162,2.132837294809607,1.1419390779083245,3.2700628449141242,3.797679329744929,3.7342125498235075,0.7232044460645717,4.242915455888769,-0.19558079250652433,0.019514897172664948,0.927055190992764,-0.08504732769627882,1.5393373486553166,hormuz_crisis,2019-06-13
2019-06-27,2466,-3.0953477705424057,-64697.829412256106,19548.992774394726,2.4160310568201857,5.511378827362591,2.037016564291437,1.110875640211213,3.0953477705424057,3.309522396314829,3.4385464362776457,0.6952307131689015,4.143150700952212,-0.4363581851416683,-0.6134425136148947,0.7445344352157248,-0.7687963316630334,1.2220155730243978,hormuz_crisis,2019-06-13
2019-06-28,2265,-2.805915129127017,-52998.46545308612,17029.493192149297,2.3563124557785,5.162227584905517,1.8709823674452981,1.054654259512717,2.805915129127017,3.112157529004959,2.959270342764984,0.6865997330561362,4.038063643474062,-0.8352295303538855,-0.8693511094737989,0.44866747310534105,-0.9797593832289393,0.8877651486535778,hormuz_crisis,2019-06-13
2019-06-29,813,-2.6123589038517423,-18000.49160448152,6154.128921280913,2.4786476829332393,5.0910065867849825,0.6715711544075176,0.5137639951658222,2.6123589038517423,2.924945485336846,1.342135947249879,0.6725547040042681,3.9203058819620686,-1.1019721878931426,-1.1120952810986477,-0.5496227554320561,-1.3230555268188913,0.5132130134724654,hormuz_crisis,2019-06-13
2019-06-30,518,-2.7580994151286933,-13284.931217306892,3908.2015802203864,2.3933456401387305,5.151445055267424,0.4278891242104479,0.3561972167926021,2.7580994151286933,3.399244113850889,0.9824273353061441,0.6827817050516746,3.8673169013610775,-0.9011250633232359,-0.4971069212389045,-0.7716782589326164,-1.0730816743548364,0.3446709524623262,hormuz_crisis,2019-06-13
2019-07-01,1956,-3.012797756813006,-43530.98969286919,13594.711209575236,1.9687317988877797,4.981529555700786,1.6157357663236216,0.9615454217364009,3.012797756813006,3.2020532854135784,2.896941889681244,0.7167398895599771,3.7971825562801813,-0.5501215632544936,-0.7527898536141879,0.41019084070798884,-0.24305748985763553,0.12159462728181365,hormuz_crisis,2019-06-13
2019-07-02,1464,-3.347045769303862,-40020.045704044445,10847.299414520749,2.0311558771379423,5.378201646441805,1.2093237024017292,0.7926864516841085,3.347045769303862,3.6894017740924134,2.6531578344937854,0.7258661266278574,3.7896235315489966,-0.08948950142219927,-0.1208806940374225,0.2596979436168092,-0.01998910179515165,0.09755163583395286,hormuz_crisis,2019-06-13
2019-07-03,1219,-3.6624834891183293,-36937.25152088275,9263.473530873342,1.9683782434938877,5.6308617326122175,1.006943711221112,0.696613023193251,3.6624834891183293,3.987408329907581,2.5513336957500856,0.7409769595797794,3.809510098356772,0.3452198216789833,0.2655226222917848,0.1968398144353486,0.34935799315705096,0.16080484278724172,hormuz_crisis,2019-06-13
2019-07-04,1275,-3.377926385740694,-36816.130929077386,10186.39955228522,2.3057032982218946,5.6836296839625895,1.0532019949195386,0.7194005233183542,3.377926385740694,3.6142437512003975,2.430082009632732,0.7114022780921246,3.7946401227667415,-0.04693247344184795,-0.21833260819005507,0.12198866181603803,-0.3735222561552562,0.11350790850601618,hormuz_crisis,2019-06-13
2019-07-05,1550,-3.8129022402333144,-54609.878985301395,12692.871846598238,2.188023669108581,6.000925909341895,1.2803632095100275,0.8243347326957455,3.8129022402333144,4.302405290567647,3.1431077489977386,0.7328077736775366,3.8504863837932466,0.5525140968131691,0.6739561545666987,0.5621540743369977,0.14968236371174617,0.29113812192705596,hormuz_crisis,2019-06-13
2019-07-06,988,-3.1324278451459033,-25472.442853488006,7099.63473938077,2.026718637842417,5.159146482988321,0.8161282909651013,0.596706922488446,3.1324278451459033,3.5878525851753484,1.8691413793941265,0.717957600962024,3.822315644371723,-0.38525759342768867,-0.25255210395241856,-0.22429149369227297,-0.21329353374302748,0.2015354455133429,hormuz_crisis,2019-06-13
2019-07-07,2058,-3.2993261927320523,-51066.51966763033,14159.930085699747,1.7905531538039803,5.089879346536033,1.6999919259171847,0.9932487826047695,3.2993261927320523,3.606410438368118,3.2770517243471398,0.7397615406131088,3.79693024797577,-0.1552525460016733,-0.22848949231616877,0.6448404374083669,0.3196500699791644,0.1207921102083924,hormuz_crisis,2019-06-13
2019-07-08,2432,-3.0795954105662715,-56087.12759017447,16894.236166859886,1.933523875074571,5.013119285640842,2.0089311777602497,1.101584925256144,3.0795954105662715,3.319897214423712,3.3924358801678105,0.7216606884302024,3.747146176092765,-0.4580667422111878,-0.5999902453833484,0.7160694432369898,-0.12278068093886556,-0.03755609701266885,hormuz_crisis,2019-06-13
2019-07-09,2204,-2.1614770150702043,-38070.854800779205,16227.349082565714,2.600602028437156,4.762079043507359,1.8205938798452261,1.0369474584676592,2.1614770150702043,2.3460920577398343,2.2413380973133106,0.6467860005037097,3.6021388602912023,-1.723339096029839,-1.862652205862213,0.0054731737484059175,-1.952908018001738,-0.49878089487727223,hormuz_crisis,2019-06-13
2019-07-10,1506,-3.2622267712309574,-44981.12318709147,11535.320049087923,2.198674147282238,5.460900918513195,1.2440174151755492,0.8082677484037529,3.2622267712309574,3.8994256765895323,2.636752687165291,0.7129508976156356,3.6315130457385845,-0.20637979995745323,0.15144194735984548,0.24957070971394246,-0.3356700660069774,-0.4053504174526278,hormuz_crisis,2019-06-13
2019-07-11,2551,-4.38676392323376,-91452.16460938677,19359.1058167382,1.6010331337845707,5.98779705701833,2.1072300306194065,1.1337316639173554,4.38676392323376,4.723987020635826,4.973413161900436,0.7890276770555621,3.7422004378032447,1.3433612533217727,1.220590365873059,1.6920391438817954,1.5238394374636723,-0.053287007762005574,hormuz_crisis,2019-06-13
2019-07-12,1159,-3.9036085778784404,-35930.4061031817,8562.907710230493,1.7422887698314835,5.645897347709925,0.9573812644013688,0.6716074902877586,3.9036085778784404,4.196052009325526,2.6216927600547058,0.7641790904949115,3.7871577188241226,0.6775178238940405,0.5360556293180636,0.24027390784102595,0.9164769387155595,0.0897086248154031,hormuz_crisis,2019-06-13
2019-07-13,774,-4.790359171835374,-33856.153626595966,6337.068115182913,1.6985336667844586,6.488892838619829,0.6393555639746846,0.49430321581557407,4.790359171835374,5.342557948127522,2.3678899435498555,0.7925436441275772,3.944876680134672,1.899561752836081,2.0226460693585584,0.0835962239115115,1.6097785930435238,0.5913653560483343,hormuz_crisis,2019-06-13
2019-07-14,761,-4.483449000815501,-29551.747375173043,6074.157837956163,1.7491807807723838,6.232629781587884,0.628617033830407,0.48773120918225066,4.483449000815501,4.865159609536362,2.1867180024746977,0.7808541348975413,4.037208438321521,1.4766043691237285,1.403638542033923,-0.028244931011715005,1.324057330074922,0.8850449974568398,hormuz_crisis,2019-06-13
2019-07-15,1325,-3.489026804229429,-39259.80820593756,10185.360615287702,2.0990189055410213,5.5880457097704515,1.094504033935991,0.7393167873691953,3.489026804229429,3.8545329604737417,2.5794960879479114,0.7269414255527277,4.020424752983449,0.10617663394677615,0.09323284407781546,0.21422503672812662,0.00629393206338456,0.831661126203967,hormuz_crisis,2019-06-13
2019-07-16,1395,-3.7019550824230123,-41001.838717299805,10158.242604392839,1.7899696288217695,5.491924711244783,1.1523268885590248,0.7665495306519408,3.7019550824230123,4.0363122160095815,2.837731930925927,0.7541890138431465,4.022914845561808,0.39961620020117217,0.328932716474139,0.37363931881749823,0.6722941195805019,0.8395813641572678,hormuz_crisis,2019-06-13
2019-07-17,1112,-3.47050245386923,-31222.26162018051,8180.284663476197,1.9429343231895744,5.413436777058805,0.9185573477259035,0.6515735222184497,3.47050245386923,3.816769575218262,2.261287507735347,0.7358841340774701,3.9999927627578113,0.08064795649276846,0.04426782296067905,0.017788353949033206,0.22487641690236973,0.7666730908783054,hormuz_crisis,2019-06-13
2019-07-18,2805,-4.225807426560396,-97174.14566924983,21961.089489910162,1.8017289943686723,6.027536420929068,2.317044388822985,1.1990741420951467,4.225807426560396,4.4248326438401735,5.067056414662207,0.7698725360813236,4.041860088134116,1.1215447573149864,0.8326987539853925,1.7498470443629155,1.0556391936554679,0.8998405009298297,hormuz_crisis,2019-06-13
2019-07-19,4466,-4.162308907495041,-143148.9548983108,32443.999717311475,1.5511786986608391,5.713487606155882,3.689098124949537,1.545240266514538,4.162308907495041,4.412185801552987,6.431767325533473,0.7864762628350382,4.079091571384223,1.034036521910978,0.8163005180892253,2.592311078817639,1.461476400735749,1.0182626870195939,hormuz_crisis,2019-06-13
2019-07-20,3775,-4.141292330734682,-125330.90011092198,28467.413861715744,1.6998722269128903,5.841164557647573,3.1183039457421633,1.4154414149498762,4.141292330734682,4.402609268257859,5.861756676336169,0.7745837508188247,4.109811013152957,1.0050732708997376,0.8038833274202064,2.240431814586992,1.1707932346357652,1.115972021489911,hormuz_crisis,2019-06-13
2019-07-21,2624,-3.8383253326912055,-81783.2140818338,19967.163474416633,1.885555983505127,5.723881316196333,2.167531007583427,1.1529524224575634,3.8383253326912055,4.095885436437696,4.425406490506558,0.7522082239143881,4.105090343575375,0.5875500313869066,0.4061769565374733,1.3537433864339086,0.6238785882709298,1.1009569868368647,hormuz_crisis,2019-06-13
2019-07-22,3473,-3.5692952414247037,-100073.10617398347,25597.92840881548,1.9006285682907404,5.469923809715445,2.8688396300827903,1.352954624893624,3.5692952414247037,3.9094220663387755,4.829094504496357,0.7421321400601889,4.082223473956886,0.21679573815559172,0.16440353520096193,1.6029482768013033,0.37759353490000164,1.0282243301478973,hormuz_crisis,2019-06-13
2019-07-23,2782,-2.7971000756403765,-65825.62973809945,22169.785060925315,2.585954825753736,5.383054901394113,2.298045450875417,1.1933300053873261,2.7971000756403765,2.9691595817100827,3.337863448332821,0.6754985984087557,3.9621413527845526,-0.8473776841527779,-1.054766094428962,0.6823807618265374,-1.2510992786356798,0.6462791037383934,hormuz_crisis,2019-06-13
2019-07-24,1871,-2.928213156967938,-42201.97714798038,13233.768376324962,2.0724429608866783,5.000656117854616,1.5455222999956524,0.9343358548780194,2.928213156967938,3.1889614467999277,2.7359345432807025,0.7069964752627947,3.881461720850264,-0.6666888341726985,-0.7697650837171759,0.31079770363777104,-0.48121125524105574,0.3896613825911012,hormuz_crisis,2019-06-13
2019-07-25,1131,-3.042172825566623,-28626.436681986186,8174.17409618026,2.092606821602302,5.1347796471689255,0.9342521225521555,0.6597207517983333,3.042172825566623,3.502058598845251,2.0069845435832723,0.710461474470165,3.844584688824707,-0.5096393524984486,-0.363794894394967,-0.13919808138075743,-0.39651788358339785,0.27236659958091264,hormuz_crisis,2019-06-13
2019-07-26,1371,-3.7392025071500297,-46081.88586752398,10372.180067551915,1.9131048250361848,5.652307332186214,1.1325019098311275,0.7572958959664743,3.7392025071500297,4.442835119271162,2.8316827128522686,0.7471248379759694,3.9117583919258867,0.45094741956158213,0.8560412478766465,0.36990501243580676,0.4996277389067966,0.4860260102347623,hormuz_crisis,2019-06-13
2019-07-27,809,-3.515676161238027,-21434.03443361949,5774.456389875867,1.8110472036058738,5.326723364843902,0.6682669912862014,0.5117853578455909,3.515676161238027,3.7118705184437726,1.7992715822484169,0.7462727071095523,3.8961153939714266,0.14290250158588827,-0.09174711572613478,-0.26742355244626076,0.4787994985952503,0.4362703235670934,hormuz_crisis,2019-06-13
2019-07-28,1269,-3.2537234994412367,-32316.33074624273,9387.931485878222,2.072086826275529,5.325810325716765,1.0482457502375644,0.716983695211595,3.2537234994412367,3.4423270765082283,2.33286669782618,0.7199086735454946,3.850974487661826,-0.21809828285172791,-0.4412443929715449,0.06197565602638374,-0.16560436974799436,0.2926906339977608,hormuz_crisis,2019-06-13
2019-07-29,1143,-2.7509846665185593,-25116.347793016983,7603.308712734158,1.9505394745859337,4.7015241411044935,0.9441646119161041,0.6648323793649362,2.7509846665185593,3.303344470408215,1.8289436814379894,0.7067767857804101,3.796770865977652,-0.910930002168741,-0.6214529785250432,-0.24910635706454523,-0.48658102356345545,0.12028516385565906,hormuz_crisis,2019-06-13
2019-07-30,766,-2.8318108268415276,-17050.109293682675,5508.359906323329,2.17962977347436,5.011440600315887,0.6327472377320522,0.4902640180105303,2.8318108268415276,3.095315045429399,1.3883349542130494,0.6968977272954253,3.7233444430602627,-0.7995422915819054,-0.8911895267227566,-0.5211031609274982,-0.7280502770388545,-0.11326227394629414,hormuz_crisis,2019-06-13
2019-07-31,961,-2.8058251802833767,-21576.051484196556,7051.29767092239,2.265816687133228,5.071641867416605,0.793825189896217,0.5843503173594482,2.8058251802833767,3.0598696142371424,1.639584834553722,0.6911987072515409,3.651874632455145,-0.8353534901674281,-0.9371490262510205,-0.36600145685089286,-0.8673487858623122,-0.3405863145821228,hormuz_crisis,2019-06-13
2019-08-01,1082,-3.973640264304439,-36546.26657077489,8351.316409680365,1.8723833843359343,5.846023648640373,0.893776124316032,0.6385727851987586,3.973640264304439,4.376108481342242,2.5374585309548165,0.7574132361332697,3.7285054113450986,0.7740295125398566,0.7695216942624477,0.18827439063824292,0.7511022925069107,-0.09684678110856365,hormuz_crisis,2019-06-13
2019-08-02,520,-3.5937541921131095,-15803.401939513073,3951.5975712653267,2.0027359532370284,5.596490145350138,0.42954120577110594,0.3573535576681154,3.5937541921131095,3.9992437626822213,1.2842408459363235,0.7364552748852448,3.753905038521191,0.2505029748924535,0.28086876278793155,-0.5853625888570296,0.23883654728243528,-0.016058181958428046,hormuz_crisis,2019-06-13
2019-08-03,292,-2.4611660246653106,-6185.1407491148075,1880.8555557490304,1.9900600625800677,4.45122608724538,0.2412039078560826,0.21608180203708546,2.4611660246653106,3.2884719563973333,0.5318131897221302,0.6910461643387794,3.7057084023468,-1.310333300215126,-0.6407370802463547,-1.049851612752081,-0.8710773216659474,-0.16935723210916453,hormuz_crisis,2019-06-13
2019-08-04,1023,-4.471091356725341,-39797.60770195932,8032.932876036685,1.690618972681652,6.1617103294069935,0.8450397182766181,0.612500804781979,4.471091356725341,4.95430601949643,2.7385470542480217,0.7846984114341762,3.8380119103830905,1.4595741195368424,1.5192281751317198,0.312410460238493,1.4180212019221332,0.2514605619000839,hormuz_crisis,2019-06-13
2019-08-05,1181,-3.9782658041526013,-40236.43996614089,9038.781200206087,1.8376161242598918,5.815881928412494,0.975554161568608,0.6808489471316002,3.9782658041526013,4.45153379365168,2.7085980841669475,0.7598985311535752,3.9056135558204605,0.7804040364793365,0.8673201830635107,0.2939223467770439,0.811849208230855,0.46648112882674614,hormuz_crisis,2019-06-13
2019-08-06,1773,-3.636785374879056,-58202.523643766275,14683.046423241267,2.322342344495404,5.95912771937446,1.4645703035234054,0.9020174732418786,3.636785374879056,3.963926964886496,3.2804439545714246,0.7195736594367169,3.92037938156936,0.30980487557646263,0.23507605278171173,0.6469345306978576,-0.17379296452888618,0.5134467936878205,hormuz_crisis,2019-06-13
2019-08-07,695,-3.9319422260649244,-25487.947670665984,5859.20100494843,2.2492814085131707,6.181223634578094,0.5740983423286897,0.4536826272865968,3.9319422260649244,4.3500722451986125,1.7838538794602448,0.7331973117842518,3.965837361258585,0.7165648377748726,0.735762410131569,-0.2769412165826564,0.15920366333475386,0.6580349986180297,hormuz_crisis,2019-06-13
2019-08-08,715,-3.7664630798665852,-22781.327856734984,5620.10570841204,2.0469123121030988,5.813375391969683,0.5906191579352708,0.464123347939174,3.7664630798665852,4.053540811988008,1.748103454516972,0.7395881182513844,3.9709051706387455,0.4885156124838952,0.3512717774506672,-0.2990106871139296,0.31541118746974367,0.6741541809093533,hormuz_crisis,2019-06-13
2019-08-09,743,-3.3598119198733536,-20697.634054243095,5597.784150202412,2.0871089459868837,5.446920865860237,0.6137482997844841,0.4785596095976701,3.3598119198733536,3.6974691232949173,1.6078702806961904,0.7229757516083963,3.940808144514955,-0.07189628309708716,-0.11042035205834644,-0.38557950138831804,-0.09063720042459161,0.5784245640032161,hormuz_crisis,2019-06-13
2019-08-10,378,-3.8919976105644594,-13500.633575685555,3105.1373204792612,2.161325692706214,6.0533233032706715,0.31224341496438085,0.27173820301185225,3.8919976105644594,4.347837851371354,1.057604436821209,0.7368937256156994,3.9760177786509034,0.6615165804644995,0.7328652349923293,-0.7252698923426844,0.24955339552556993,0.690415854218274,hormuz_crisis,2019-06-13
2019-08-11,347,-4.2542722605613,-14080.256257778603,2976.330281517848,2.1615242177277763,6.415796478289077,0.2866361507741803,0.2520311775124912,4.2542722605613,4.730743877859568,1.0722092472879923,0.7479954062191533,4.050748078394181,1.1607725602803336,1.2293514887016328,-0.71625404330808,0.5209066354838852,0.9281105332965494,hormuz_crisis,2019-06-13
2019-08-12,695,-1.760532336156605,-10997.35640873305,4800.785319777604,2.5735362202509093,4.334068556407515,0.5740983423286897,0.4536826272865968,1.760532336156605,2.2907411342531145,0.7987229356905385,0.6274343562696033,3.866111351770512,-2.275886806792101,-1.9344217021360401,-0.8850827524516434,-2.425911300028402,0.3408364606427184,hormuz_crisis,2019-06-13
2019-08-13,598,-3.2670255662852727,-16818.72707607006,4668.577266814624,2.269979914862901,5.537005481148174,0.49397238663677184,0.4014386036996363,3.2670255662852727,3.6025380142300825,1.3115101815805734,0.7092373304524521,3.837358502248045,-0.19976651049102634,-0.23351058161763474,-0.5685286686906788,-0.4264390691450382,0.24938226651654696,hormuz_crisis,2019-06-13
2019-08-14,396,-3.4221352942866843,-12333.145115602021,3072.0997384729185,2.1678461640598363,5.589981458346521,0.3271121490103038,0.28300526497443756,3.4221352942866843,4.014565334956407,0.968482305737978,0.7205601529739322,3.8561715115710906,0.013992468319629003,0.30073512553263193,-0.7802868116869045,-0.1496805596522753,0.30922080896719695,hormuz_crisis,2019-06-13
2019-08-15,1485,-2.443558232443386,-31486.46146378542,12173.722547882639,2.8771173645468715,5.320675596990259,1.226670558788639,0.8005074468378867,2.443558232443386,2.586428378003557,1.9560865618529544,0.6490375668126904,3.7190446202383187,-1.3345988555285524,-1.551025668216982,-0.17061844938144333,-1.897874024974338,-0.12693872124098532,hormuz_crisis,2019-06-13
2019-08-16,1086,-2.8775385552913284,-26266.708293436608,8449.369101693606,2.451363826264836,5.328902381556164,0.8970802874373482,0.6403160134296186,2.8775385552913284,3.1087182933186885,1.8425340162141677,0.6849254561751835,3.650813595026019,-0.736524241955312,-0.8738105149763974,-0.24071676467986947,-1.020682957997652,-0.3439611565414424,hormuz_crisis,2019-06-13
2019-08-17,1473,-4.407851939989015,-59986.297899208424,12964.21679488986,2.1966907288818867,6.6045426688709,1.2167580694246904,0.7960457994764696,4.407851939989015,4.627066860132529,3.5088520215424626,0.7504110356347593,3.749678487417888,1.3724229568321045,1.0949210787152939,0.7879355149133175,0.5799507470807704,-0.02950157388323988,hormuz_crisis,2019-06-13
2019-08-18,1108,-3.9533819187607713,-35897.94864268864,8029.637105800394,1.646791489085496,5.600173407846268,0.9152531846045874,0.6498498251752369,3.9533819187607713,4.470681323413349,2.56910454875763,0.772761216246167,3.82384857934976,0.7461111910289817,0.892147385200668,0.20781012646346853,1.1262458657380465,0.20641125209921318,hormuz_crisis,2019-06-13
2019-08-19,1486,-4.146218138807954,-53310.80151518023,11821.457628663573,1.904501169042716,6.050719307850669,1.2274965995689682,0.8008783537932976,4.146218138807954,4.509663967827212,3.3206163574764243,0.7605973115924942,3.8957449509699154,1.0118615988603812,0.942693330539338,0.6717337789162806,0.828929175029862,0.43509205543939294,hormuz_crisis,2019-06-13
2019-08-20,780,-3.358516611355692,-21598.83931491134,5867.338041339605,2.081855823386003,5.440372434741697,0.6443118086566589,0.4973219432829298,3.358516611355692,3.681199065527165,1.6702640077074131,0.7232394774598103,3.8782225967637536,-0.0736813666604955,-0.13151654660725615,-0.34706257405681246,-0.08419107151869544,0.3793586999726349,hormuz_crisis,2019-06-13
2019-08-21,1328,-3.4010316047007803,-37084.78936088057,10105.64498740439,2.104320412786805,5.505352017487585,1.0969821562769784,0.7404992427166643,3.4010316047007803,3.6697102863897166,2.5184613277363694,0.723467674585445,3.8600262986872425,-0.015090834147246929,-0.14641320667280586,0.17654702747343054,-0.0786133548105703,0.32148173110502365,hormuz_crisis,2019-06-13
2019-08-22,658,-2.936917427058571,-15701.91257571212,4555.527278358118,1.9931881545239958,4.930105581582566,0.5435348334565149,0.4340751325424954,2.936917427058571,3.446782691941498,1.2748428214168137,0.7121040605096585,3.8183966771048996,-0.6546933525878886,-0.4354671221494531,-0.5911641821391965,-0.3563689133826009,0.18907038555766278,hormuz_crisis,2019-06-13
2019-08-23,825,-3.7652509552082254,-26067.932377873196,6258.880302700992,1.91063531191164,5.675886267119865,0.6814836437714662,0.5196765249855294,3.7652509552082254,4.164951415770597,1.956712532101056,0.7481539738590514,3.8515175396672627,0.4868451658104289,0.4957297631418681,-0.17023202510912067,0.5247824309040399,0.29441791961816577,hormuz_crisis,2019-06-13
2019-08-24,831,-3.1116451065032744,-21046.20802011795,5927.916957212582,2.010914484782407,5.122559591285682,0.6864398884534405,0.5226197321054817,3.1116451065032744,3.550354732029558,1.6262071319680744,0.7181016622000811,3.8205092888148666,-0.41389858871778856,-0.3011728289936011,-0.37425978702343093,-0.20977231158797474,0.19578997003869233,hormuz_crisis,2019-06-13
2019-08-25,1135,-3.414756531449314,-32800.30275424652,8444.253967471272,2.012557402764891,5.427313934214204,0.9375562856734717,0.6614275324935814,3.414756531449314,3.8843339957086753,2.2586139866628607,0.7294902947095756,3.829332740411719,0.0038236876162811863,0.13187366797956873,0.016137934559121183,0.06859476097800207,0.2238547242666476,hormuz_crisis,2019-06-13
2019-08-26,1399,-2.95474415182216,-34129.38729250192,10062.15879072686,2.1188247756710714,5.073568927493231,1.1556310516803407,0.7680835120951538,2.95474415182216,3.391855366460234,2.269490265474181,0.7054075648363226,3.786073803978684,-0.6301260831451317,-0.5066873698550711,0.022852084533484297,-0.5200482572795241,0.08626101665352298,hormuz_crisis,2019-06-13
2019-08-27,985,-3.1860383309420106,-25815.712860875723,7339.113003138035,2.132418907187895,5.318457238129906,0.8136501686241142,0.5953414822812271,3.1860383309420106,3.5175521687481197,1.8967807825478233,0.713802931950771,3.761553442768387,-0.311376200912999,-0.3437055148983629,-0.20722912326253987,-0.3148441851648632,0.00826909893357262,hormuz_crisis,2019-06-13
2019-08-28,621,-3.0191938365754094,-15663.847941046226,4648.923701242129,2.2334978492180353,5.252691685793446,0.51297132458434,0.4140754819394631,3.0191938365754094,3.369349326352906,1.2501741429486193,0.701650908145941,3.7240421312239387,-0.5413070324315757,-0.5358693068467636,-0.6063926632932846,-0.6118704777844981,-0.11104313706699112,hormuz_crisis,2019-06-13
2019-08-29,862,-2.96278191243356,-18644.752353725333,5719.118044302584,1.8359628977870392,4.798744810220599,0.712047152643641,0.5376898197722979,2.96278191243356,3.260074754410662,1.593057672521025,0.7232790081210122,3.6714821031025826,-0.6190491279963114,-0.6775576561967905,-0.39472362821007834,-0.08322484186590867,-0.27822082884086413,hormuz_crisis,2019-06-13
2019-08-30,722,-3.1788103805985544,-18313.788694860767,4985.915285794402,1.8634447306109734,5.042255111209528,0.5964014433975741,0.4677519983498719,3.1788103805985544,3.673104664862521,1.4868949079002907,0.7301584526848293,3.6698432578107583,-0.3213371447185176,-0.14201196423979862,-0.4602600801273209,0.08492623707295129,-0.28343350438261006,hormuz_crisis,2019-06-13
2019-08-31,840,-3.229140157357295,-20823.742463547514,5853.796884559455,1.869832828797219,5.098972986154514,0.6938742554764019,0.5270183641219546,3.229140157357295,3.5573052625850834,1.7018161632509525,0.7316853305360511,3.660074088820408,-0.25197694518532826,-0.2921605841134304,-0.32758478132927954,0.1222470055898135,-0.31450630210990105,hormuz_crisis,2019-06-13
2019-09-01,411,-3.586943269246793,-12037.470866535983,2938.0928961516215,1.7808506234686003,5.367793892715393,0.33950276071523955,0.29229847100468737,3.586943269246793,4.097035489348524,1.0484580331813922,0.7508827555438113,3.6990359568387134,0.24111674273653932,0.40766814607685325,-0.7309161548952656,0.591480778455866,-0.1905802808478998,hormuz_crisis,2019-06-13
2019-09-02,1093,-3.094481387278121,-25481.985603687517,7517.346962411848,1.891618850007713,4.986100237285835,0.9028625728996515,0.6433593696788011,3.094481387278121,3.389757813641202,1.9908635948020341,0.7249642176426715,3.662244490203505,-0.4375521605564819,-0.5094071132621668,-0.14914987369170862,-0.04203404562118651,-0.3076029060041911,hormuz_crisis,2019-06-13
2019-09-03,995,-3.317164577183692,-26216.25012058207,6941.39385832718,1.829555328657993,5.146719905841684,0.8219105764274047,0.5998857177361656,3.317164577183692,3.7767991062964947,1.9899196532328234,0.7377461084662602,3.6726665391890827,-0.13066920817272895,-0.007558962206368533,-0.14973258818189988,0.27038779496889487,-0.27445349274778635,hormuz_crisis,2019-06-13
2019-09-04,1064,-2.5488311023147334,-21242.388138241975,7560.524085793122,2.2784623087078217,4.827293411022556,0.8789073902701091,0.63069043250574,2.5488311023147334,2.8096449263561314,1.607523390302961,0.6793497555254719,3.5778573760664405,-1.1895207778984929,-1.2615970873353946,-0.38579364394251436,-1.1569672279546002,-0.5760130165223902,hormuz_crisis,2019-06-13
2019-09-05,971,-2.9420827951596475,-21790.672222001114,7006.764819995452,2.1369734427885856,5.079056237948233,0.8020855976995075,0.5889446595560476,2.9420827951596475,3.109947712218955,1.7327239501810034,0.7038574483010743,3.525855421706379,-0.6475748834583623,-0.8722164173602517,-0.30850477056235903,-0.5579370381927236,-0.7414156429740493,hormuz_crisis,2019-06-13
2019-09-06,535,-2.687642916842304,-11038.223882932649,3720.7946527188874,2.133556721689957,4.821199638532262,0.4419318174760417,0.36598375444115083,2.687642916842304,2.9666307639059615,0.9836336453031123,0.6932233695643386,3.4658969048958626,-0.9982221913907686,-1.0580450276162938,-0.7709335790309954,-0.8178609021784455,-0.9321257091753704,hormuz_crisis,2019-06-13
2019-09-07,1098,-3.5221004585670808,-29220.902912020643,7550.391532943377,1.677197281164263,5.199297739731344,0.9069927768012969,0.6455275388823707,3.5221004585670808,3.8701175673507664,2.273612840715277,0.7560970703726588,3.503680763362806,0.15175591944902878,0.11344026456390802,0.025397034780668452,0.7189318620810117,-0.8119465831248698,hormuz_crisis,2019-06-13
2019-09-08,643,-3.096135484108432,-15427.658940483481,4484.348410933484,1.9389838994181667,5.035119383526599,0.5311442217515792,0.42601531325235154,3.096135484108432,3.4403345874884828,1.3190011281341747,0.7219737332884114,3.4902198671951243,-0.43527262558561314,-0.44382790783038156,-0.5639043537495734,-0.11512907037993018,-0.8547616582105398,hormuz_crisis,2019-06-13
2019-09-09,899,-3.05358455458936,-22180.591308207153,6484.196145110042,2.079545956915577,5.133130511504938,0.7426106615158159,0.5553843689621868,3.05358455458936,3.4207156618687895,1.695913130923292,0.7116817916316478,3.4895097251016347,-0.49391268226444496,-0.4692663345170997,-0.33122884425180915,-0.3666902360971193,-0.8570204073068484,hormuz_crisis,2019-06-13
2019-09-10,1243,-3.1678646233107517,-32737.7213463782,9394.196579586904,2.194907824944344,5.362772448255095,1.0267686899490092,0.7064427464782951,3.1678646233107517,3.4848878314421854,2.2379149849630773,0.7095791637643384,3.4883978132144566,-0.33642165250727923,-0.3860589732851547,0.003360016289198526,-0.4180837957392105,-0.8605570656648912,hormuz_crisis,2019-06-13
2019-09-11,1721,-3.3651713564984336,-44343.27841634832,12206.261114343813,1.8636842561911702,5.228855612689604,1.421616182946295,0.884435161452586,3.3651713564984336,3.6328305613780194,2.97627587200031,0.7372331646145169,3.5007329597333903,-0.06451036530367128,-0.19423245014833385,0.45916533507266716,0.257850145845398,-0.8213226627082086,hormuz_crisis,2019-06-13
2019-09-12,1269,-2.676659421871592,-27189.673868571925,9083.25642827383,2.2405735310948693,4.9172329529664625,1.0482457502375644,0.716983695211595,2.676659421871592,2.9933839348559506,1.9191211631164253,0.6869748384391121,3.4522454671872453,-1.0133587060308438,-1.023356146530706,-0.19343794815347404,-0.9705908559913017,-0.9755468397777365,hormuz_crisis,2019-06-13
2019-09-13,696,-3.031687467272011,-17373.089351285722,5216.226193312741,2.231445198341539,5.26313266561355,0.5749243831090187,0.4542072604006121,3.031687467272011,3.330585888617754,1.3770144589004905,0.7022587210583805,3.441304771968925,-0.524089377718657,-0.586131022909391,-0.5280915348586155,-0.5970139881258382,-1.0103459112085427,hormuz_crisis,2019-06-13
2019-09-14,2557,-6.429800422805343,-151482.49216335115,22825.881195997998,1.2485102688472294,7.678310691652573,2.1121862753013807,1.1353254616267665,6.429800422805343,6.636435669783044,7.299916133189455,0.8601394298853141,3.771914590528471,4.158899656028167,3.700322727191085,3.1282371428497506,3.2619910938412477,0.04122480365008204,hormuz_crisis,2019-06-13
2019-09-15,3439,-5.801150351233633,-185505.07715157093,30404.004374090167,1.5198965275076626,7.3210468787412974,2.840754243551603,1.345668764903789,5.801150351233633,6.101337010385894,7.806426828165745,0.8280843505418924,4.013862120046273,3.292547822007858,3.006499411832168,3.440916583004416,2.478483627930886,0.8107873583311046,hormuz_crisis,2019-06-13
2019-09-16,6527,-5.016939009793699,-272138.5041317044,51307.11641337981,1.4219055842237127,6.438844594017412,5.391568173207709,1.8549796487988466,5.016939009793699,5.304108341211249,9.306319762432349,0.81911324593935,4.147274057074009,2.2118147327434055,1.9727912747774048,4.366831252980681,2.259207070906943,1.2351307326512544,hormuz_crisis,2019-06-13
2019-09-17,4131,-4.302369941413491,-142222.64009047791,31041.975476761934,1.6060137071874612,5.908383648600953,3.4123744635393054,1.4844129716653083,4.302369941413491,4.581623363401791,6.386493749937098,0.7862751154687962,4.19568157619864,1.2270566758841697,1.0359978184725105,2.564362772075691,1.4565598487749705,1.389100538243259,hormuz_crisis,2019-06-13
2019-09-18,5107,-4.156715360411449,-169260.0428084152,38668.960403724624,1.7075205657042642,5.864235926115714,4.218590265140458,1.6522273012713204,4.156715360411449,4.3771552439282,6.867838602085653,0.7744881828213894,4.217735804062284,1.0263279730796173,0.7708789547882012,2.8615068213206647,1.1684573103134315,1.4592484251429017,hormuz_crisis,2019-06-13
2019-09-19,3744,-4.753620435031505,-155624.35779998606,30608.912775706394,1.7109185185561484,6.464538953587653,3.092696681551963,1.409204088131437,4.753620435031505,5.084282442187937,6.698821350471536,0.7907250420681958,4.313433551710668,1.8489315637230097,1.687759101020998,2.757169005485095,1.565327344747436,1.7636342698931446,hormuz_crisis,2019-06-13
2019-09-20,3142,-4.544175287737667,-140724.79263708473,25399.78778157938,1.76989004256964,6.314065330307309,2.5954201317938748,1.279660849934154,4.544175287737667,5.540392457103212,5.815003210956161,0.7810613788755041,4.443725308231655,1.5602921509714724,2.2791636152342263,2.2115699415302035,1.3291228986938353,2.178053285462348,hormuz_crisis,2019-06-13
2019-09-21,2458,-4.416207402064278,-97520.8379716978,19972.67849248163,1.8546868792122935,6.270894281276571,2.0304082380488047,1.1086973424750415,4.416207402064278,4.882712051285852,4.896237410487272,0.7717471719769631,4.494981918888203,1.383937741002722,1.426397510148318,1.6443969697189904,1.101460051072829,2.341085197049779,hormuz_crisis,2019-06-13
2019-09-22,1954,-3.8789692093724106,-63282.31427193747,15151.54942913184,1.9375751264120133,5.816544335784424,1.6140836847629636,0.9609136287534639,3.8789692093724106,4.1766232930781815,3.7273543788009977,0.7501231266995241,4.464760222428463,0.6435619507308794,0.5108638332199625,0.9228215013647421,0.5729135222515206,2.2449590411815894,hormuz_crisis,2019-06-13
2019-09-23,3741,-3.290152244848925,-92433.23201118805,26659.10278321763,1.9180223516757284,5.208174596524654,3.090218559210976,1.4085984060868766,3.290152244848925,3.467229664959932,4.634503207877355,0.7308490958616999,4.365423420852212,-0.1678952974037104,-0.4089550269319337,1.4828230784801735,0.10180730854249455,1.9289984568878888,hormuz_crisis,2019-06-13
2019-09-24,5,-4.681615731274699,-218.5986994904519,46.24018182830236,2.2832103171928844,6.964826048467586,0.07245897300158814,0.0699541174767741,4.681615731274699,4.727461935641732,0.327498296846704,0.7531140420607739,4.727461935641732,0.14479272660952436,-0.02946148843713446,-0.5580285249677599,0.057429395300888836,-0.04842437212973489,soleimani_assassination,2020-01-03
2019-09-25,6,-2.3640263754099777,-160.08823199727408,54.98176954401832,3.399800940963205,5.763827316373184,0.08695076760190576,0.08337631511879212,2.3640263754099777,2.9116602343820106,0.19710380802531827,0.6289896484788841,3.771776829715563,-1.5432696348584685,-1.2951973582781502,-0.6053625124537543,-2.060717219125922,-1.6063905986272093,soleimani_assassination,2020-01-03
2019-09-26,65,-0.7479598744759253,-376.60697463825255,459.6265223482402,3.1616086962100387,3.9095685706859644,0.9419666490206458,0.6637011961998569,0.7479598744759253,0.8193760723688457,0.49642186339916644,0.5528879312627001,2.6823300557868848,-2.720363854312283,-2.753660092354816,-0.49670824941350344,-3.359370852162043,-3.382416267356879,soleimani_assassination,2020-01-03
2019-09-27,6,-1.5400739476237726,-86.82062826397622,47.6057189718392,3.197106273841383,4.737180221465155,0.08695076760190576,0.08337631511879212,1.5400739476237726,1.8237436622968408,0.1284056907633218,0.597051823660186,2.432668411852589,-2.1434117944116267,-2.0535483542747768,-0.6303003441994269,-2.605726894981869,-3.7894168650323232,soleimani_assassination,2020-01-03
2019-09-30,8,-3.6895664515889313,-288.6735074141496,70.05013155187567,2.533349996197759,6.222916447786689,0.11593435680254102,0.10969204215974339,3.6895664515889313,4.1209559642350175,0.40471607875886784,0.7106814859501941,2.8449385767771154,-0.5777861226250285,-0.4522369284808731,-0.5299980034651736,-0.6666698125458265,-3.1173304328361344,soleimani_assassination,2020-01-03
2019-10-01,22,-1.848446203853683,-321.17335614337037,162.93802243211374,2.7789137715302905,4.627359975383975,0.3188194812069878,0.2767370040254949,1.848446203853683,1.9711381748062125,0.5115334645567674,0.6247892170218402,2.6584518372265142,-1.9188027204419842,-1.9508044690964483,-0.4912226468657836,-2.13239635819861,-3.42134274830264,soleimani_assassination,2020-01-03
2019-10-02,11,-3.2433468619093584,-308.548425933927,87.00992267987205,2.3333230544940484,5.576669916403409,0.1594097406034939,0.147911031305742,3.2433468619093584,3.5461291819456275,0.4797267792272552,0.7050157866032449,2.828601745233408,-0.9027990471026406,-0.85292984378336,-0.502768665865255,-0.7633533212727647,-3.143962878644117,soleimani_assassination,2020-01-03
2019-10-03,57,-4.984080332559358,-2717.9163290151705,527.5436778914834,2.13553595557544,7.119616288134798,0.8260322922181048,0.6021454666922562,4.984080332559358,5.152021421009713,3.0011413778806504,0.7692597701970012,3.2365536167624036,0.36509884245054786,0.2664850178023327,0.412520071706675,0.3329515420950485,-2.478916166147048,soleimani_assassination,2020-01-03
2019-10-04,33,-3.7051010580681836,-1279.2722727129985,290.5135828771479,2.549170423649968,6.254271481718151,0.4782292218104817,0.39084489968257824,3.7051010580681836,4.4034852348159434,1.4481198513544737,0.7104347991328769,3.427048335749755,-0.5664711826286551,-0.2552950312427529,-0.1512361281643548,-0.6708794512143083,-2.1683700075137575,soleimani_assassination,2020-01-03
2019-10-05,7,-4.837577494008658,-308.205034475708,61.13005461841116,1.9476437257393215,6.785221219747982,0.10144256220222339,0.09662074082777983,4.837577494008658,5.041792231327121,0.4674103212829112,0.7769753983489962,3.674966414160254,0.25839058243034874,0.1896478614168242,-0.507239614534013,0.4646164886596606,-1.7642117856197468,soleimani_assassination,2020-01-03
2019-10-06,8,-4.633591144819945,-362.34183205922716,70.81277320259866,2.1090027527524455,6.74259389757239,0.11593435680254102,0.10969204215974339,4.633591144819945,5.1168993342846525,0.5082680752086031,0.761737589717777,3.8851026989685113,0.1098130626694093,0.24200256194785544,-0.4924080029336664,0.20458772370777573,-1.4216457744275508,soleimani_assassination,2020-01-03
2019-10-07,11,-5.262085974817814,-595.7992753887606,106.43750983220342,2.207025641327615,7.469111616145432,0.1594097406034939,0.147911031305742,5.262085974817814,5.597643878817028,0.7783205633547836,0.7719104656537306,4.123760958597835,0.567589788391718,0.5771138319851409,-0.39437731766457784,0.3781848878180523,-1.032582990178325,soleimani_assassination,2020-01-03
2019-10-08,6,-5.906497558491792,-411.11705541358845,67.00782434100553,2.630736582504573,8.537234140996366,0.08695076760190576,0.08337631511879212,5.906497558491792,6.135358959297008,0.49246200168518794,0.7644391584078322,4.393479624740907,1.0369597986315824,0.951937395949084,-0.49814570314724577,0.25068920633622027,-0.5928852593032371,soleimani_assassination,2020-01-03
2019-10-09,14,-4.495382456726049,-613.3808821307812,130.3393873597332,2.4072868916274466,6.902669348353496,0.20288512440444678,0.1847229414973702,4.495382456726049,4.706028580891411,0.8304002705621103,0.7414287640483718,4.434005552811001,0.009146012310038483,-0.0444019777536096,-0.3754720692027153,-0.14197646962506033,-0.5268195365676245,soleimani_assassination,2020-01-03
2019-10-11,46,-3.3062674313284175,-885.833472707715,273.4762414890956,1.3194341266085703,4.625701557936987,0.6666225516146108,0.5107991543844461,3.3062674313284175,3.239160622817891,1.6888386080913904,0.7780649262491262,4.283541935253775,-0.8569695973212672,-1.066907568295809,-0.06385376467630072,0.48320896485541553,-0.7721066431858795,soleimani_assassination,2020-01-03
2019-10-12,111,-3.10628920040989,-2114.0157846682187,655.6072789764196,1.4000413411302797,4.506330541540169,1.6085892006352567,0.9588095390371947,3.10628920040989,3.224515426321638,2.9783397163612224,0.7629608549983008,4.153551861204128,-1.0026277243195971,-1.0771162549124795,0.4042429307724527,0.22546238933728238,-0.98401759993663,soleimani_assassination,2020-01-03
2019-10-13,9,-4.1539522212887885,-315.54777722825327,68.73529447460135,1.7416513601667942,5.895603581455583,0.13042615140285865,0.12259468676571213,4.1539522212887885,4.590767809176297,0.5092524714086332,0.7719532248851685,4.206024395966003,-0.23954149915540388,-0.12474648511042345,-0.4920506611638213,0.37891456164518755,-0.8984764143821149,soleimani_assassination,2020-01-03
2019-10-14,141,-2.6179732032047025,-2190.336902914085,798.648723185939,1.5231010692697733,4.141074272474476,2.0433430386447853,1.11295659497359,2.6179732032047025,2.7425535649471477,2.913690541970808,0.7310992373338598,4.03383218589209,-1.3583024055563113,-1.4130760766341022,0.38077488975909773,-0.31824683363324363,-1.1791856627502073,soleimani_assassination,2020-01-03
2019-10-15,64,-3.647846788503908,-2317.4952102691063,626.183640790314,3.0681362994223806,6.715983087926288,0.9274748544203282,0.6562107806739239,3.647846788503908,3.700983320714299,2.393756388863016,0.6864167148870212,3.995348759049019,-0.6081734700680689,-0.7449860975599334,0.19203564994002195,-1.0807410615094168,-1.2419216821038688,soleimani_assassination,2020-01-03
2019-10-16,10,-3.8324576074813863,-372.3320473505549,89.66158556501712,2.566850474510163,6.399308081991551,0.14491794600317628,0.13533297155897414,3.8324576074813863,4.152637330739176,0.5186578763942525,0.7137179252034486,4.013254541324973,-0.4737085035945809,-0.43015288595460316,-0.48863644231213466,-0.6148538613166231,-1.212731519076353,soleimani_assassination,2020-01-03
2019-10-17,9,-3.2453343262441128,-232.29025984339927,64.27352104003708,1.948084005768894,5.193418332013007,0.13042615140285865,0.12259468676571213,3.2453343262441128,3.6140895361668712,0.3978607451759104,0.7272164996064462,3.968433800675131,-0.901351437874643,-0.8055569076278025,-0.5324865309862448,-0.38450462176578054,-1.2857986828796266,soleimani_assassination,2020-01-03
2019-10-20,9,-3.6903471370886933,-331.2055742875436,85.89839206136465,2.9269593237536924,6.617306460842383,0.13042615140285865,0.12259468676571213,3.6903471370886933,3.8557831682219943,0.45241695132813087,0.6933279741142955,3.9559382078032406,-0.5772174947941501,-0.6370801959956393,-0.5126822984405744,-0.9628024363026063,-1.3061691077755988,soleimani_assassination,2020-01-03
2019-10-21,5,-4.457519582642907,-193.99106291391215,43.56915383396131,2.128155592074676,6.585675174717579,0.07245897300158814,0.0699541174767741,4.457519582642907,4.452486354295453,0.31182184853922296,0.7557726734624093,4.010421876274374,-0.018432166056640775,-0.22113795641208603,-0.5637191704445604,0.1027981656116779,-1.2173493544412104,soleimani_assassination,2020-01-03
2019-10-22,9,-3.433219182456485,-281.5190935345302,74.47276315212352,2.4207661394452877,5.85398532190177,0.13042615140285865,0.12259468676571213,3.433219182456485,3.7801617882698766,0.42089443027128703,0.7074514986035353,3.9853999580589186,-0.7645017611796125,-0.6897933821689245,-0.5241251640917102,-0.721788605601223,-1.2581403045775341,soleimani_assassination,2020-01-03
2019-10-23,9,-3.874765399549668,-345.9835598884075,79.55179054202998,2.482161219226828,6.356926618776496,0.13042615140285865,0.12259468676571213,3.874765399549668,4.349161188340725,0.47502565044841094,0.7191835555072923,4.024589489675727,-0.4428927806941651,-0.29316254407242587,-0.5044752040234181,-0.5215844725227327,-1.1942531870399298,soleimani_assassination,2020-01-03
2019-10-24,13,-4.96771829559542,-563.0814024046197,109.51329212736518,1.7281905494086407,6.695908845004062,0.18839332980412915,0.17260225183739092,4.96771829559542,5.141671768480394,0.857439364313575,0.794851595583634,4.144013821426258,0.35318122698261384,0.2592706141382861,-0.365656714759188,0.7696685864682464,-0.9995665958859911,soleimani_assassination,2020-01-03
2019-10-25,12,-2.9238475502281642,-321.54760564133755,105.19638854712896,2.921259081016291,5.845106631244454,0.17390153520381152,0.16033284668222497,2.9238475502281642,3.0566411079528764,0.46878880099293135,0.6667650909280932,4.0285631222871645,-1.1355127335023274,-1.194135941719161,-0.5067392180683835,-1.416090299120236,-1.1877753363684698,soleimani_assassination,2020-01-03
2019-10-26,6,-4.42411109211502,-265.52589949439385,56.87443881530616,2.527481021884665,6.951592113999687,0.08695076760190576,0.08337631511879212,4.42411109211502,4.668633309185901,0.3688660805367255,0.7333620085368332,4.096104925248037,-0.04276590545308493,-0.07046899637534479,-0.5430117694805782,-0.27963330228383615,-1.0776680978677626,soleimani_assassination,2020-01-03
2019-10-27,25,-5.355489524363069,-1283.5451352391196,234.95177306118137,2.021290699042094,7.376780223405162,0.36229486500794067,0.3091706784279628,5.355489524363069,5.463015318062252,1.6557603295611778,0.7849249366469188,4.236858054250049,0.6356221238077678,0.4832686734889396,-0.07586137969254617,0.600273043717809,-0.8482111147054472,soleimani_assassination,2020-01-03
2019-10-28,30,-4.4986748971237835,-1283.646496764718,271.9453499332658,2.28308505032587,6.781759947449655,0.4347538380095288,0.3609932930398916,4.4986748971237835,4.720236978053566,1.62399146542861,0.7481385450180197,4.295183802270728,0.011544126841729698,-0.03449776964068076,-0.08739366936895303,-0.027476012186541193,-0.753127969652813,soleimani_assassination,2020-01-03
2019-10-29,55,-4.528069754220417,-2243.1325210890254,483.0394942733084,2.12723325264714,6.655303006867556,0.7970487030174696,0.5861457098367571,4.528069754220417,4.643786993988197,2.6541086602778767,0.7577882755288862,4.35116441082366,0.032954456398168096,-0.087788548591477,0.2865450979120292,0.137193827656327,-0.6618678914916889,soleimani_assassination,2020-01-03
2019-10-30,15,-4.404255027063952,-623.2053235445463,133.40455305264734,2.2446909215562716,6.648945948620224,0.2173769190047644,0.19669847764443782,4.404255027063952,4.671544630853806,0.8663102589813416,0.7476070864683588,4.3989293988323235,-0.057228465860842126,-0.06843960943229033,-0.3624365263832145,-0.03654519750287995,-0.5840009898678153,soleimani_assassination,2020-01-03
2019-10-31,20,-4.592701201152869,-887.3297273171222,184.67128790794706,2.320431597122242,6.913132798275113,0.28983589200635257,0.2545149947820513,4.592701201152869,4.8049143825727185,1.1689113222469434,0.7486960075484062,4.4433050540067285,0.08003005788805384,0.02452807453083474,-0.2525905116372796,-0.017963076515045792,-0.5116594083032263,soleimani_assassination,2020-01-03
2019-11-01,39,-5.385225766266373,-1842.2070507856254,340.705224872646,1.6754028203622733,7.060628586628648,0.5651799894123875,0.44800082658825774,5.385225766266373,5.40704079743489,2.412585594651719,0.8082192311005717,4.558653382674523,0.6572811077867249,0.4442506692068334,0.1988707654363106,0.9977833920758387,-0.3236175530592907,soleimani_assassination,2020-01-03
2019-11-02,50,-5.412730387538485,-2493.2526058721846,447.0479773535046,1.7641145797658015,7.176844967304287,0.7245897300158813,0.5449891845235058,5.412730387538485,5.577147716073072,2.949879519950198,0.8026929245705073,4.671719105283094,0.6773146464368711,0.5628266285085025,0.39391170747501975,0.9034785811587324,-0.13929682219682393,soleimani_assassination,2020-01-03
2019-11-03,5,-4.15271653943667,-220.1722981213946,45.57884114911142,2.4815258451928104,6.634242384629488,0.07245897300158814,0.0699541174767741,4.15271653943667,4.830581308574734,0.2904996206474956,0.7277765534807609,4.6858301742667345,-0.24044153264064203,0.042419647650723286,-0.5714592680309165,-0.37494746556510494,-0.11629283400033236,soleimani_assassination,2020-01-03
2019-11-04,89,-4.229876992363353,-3387.9316257164346,784.2244288744097,2.290816722213882,6.520693714577235,1.289769719428269,0.8284512533081034,4.229876992363353,4.32010468046641,3.504246895662531,0.7400199728926239,4.648797156209898,-0.18424018012331575,-0.3134168836532971,0.5951504151979757,-0.1660170802646855,-0.17666438425265898,soleimani_assassination,2020-01-03
2019-11-05,12,-4.670479774738655,-560.4933945094921,114.37888994420689,2.430547193639291,7.101026968377947,0.17390153520381152,0.16033284668222497,4.670479774738655,4.900322033050822,0.7488313176556054,0.7450004424951254,4.673168375461376,0.13668163089713214,0.0910336215757632,-0.40508209207270746,-0.0810268174938593,-0.13693420926414057,soleimani_assassination,2020-01-03
2019-11-06,8,-3.9027834547333495,-278.8159340681888,67.23614906950048,2.250867589477105,6.153651044210456,0.11593435680254102,0.10969204215974339,3.9027834547333495,4.146815930519505,0.42810428725695954,0.732183639827387,4.615175850426131,-0.42248527222963855,-0.4342107933051833,-0.5215079424328783,-0.2997418210079441,-0.23147413128862496,soleimani_assassination,2020-01-03
2019-11-07,8,-3.198257334753392,-248.21830607695026,66.93942890305983,2.5845856390645423,5.782842973817936,0.11593435680254102,0.10969204215974339,3.198257334753392,3.708103133601788,0.3508233784014776,0.6911135118517392,4.514033599826843,-0.9356409021516239,-0.740023109282084,-0.5495613793973991,-1.0005915896579858,-0.3963571136941377,soleimani_assassination,2020-01-03
2019-11-08,6,-2.76070234006545,-180.37001561612533,54.786276087599276,3.18517183726721,5.9458741773326595,0.08695076760190576,0.08337631511879212,2.76070234006545,3.2922481412630926,0.23017718825448374,0.6511711985489554,4.376153989296637,-1.2543427963141704,-1.0299019986400908,-0.593356675550392,-1.682195529489925,-0.6211296618866815,soleimani_assassination,2020-01-03
2019-11-09,11,-7.076244773941108,-888.7116124758472,116.15880447318297,1.7418232709014,8.818068044842502,0.1594097406034939,0.147911031305742,7.076244773941108,7.650832982540035,1.0466546622854964,0.835052916851096,4.719884555580276,1.8889684781826799,2.0083246819066987,-0.2969704180658517,1.4556924217587737,-0.060777083444245185,soleimani_assassination,2020-01-03
2019-11-10,11,-4.430085784844417,-467.8397451797393,97.8664446817299,2.2334318658382375,6.663517650682661,0.1594097406034939,0.147911031305742,4.430085784844417,4.780389710704158,0.6552585572092452,0.7489665573924029,4.734446500697376,-0.038414119019345515,0.007432729340562956,-0.4390495696251141,-0.013346222248463718,-0.03703807302766569,soleimani_assassination,2020-01-03
2019-11-11,11,-4.8104558625891585,-557.1574624308533,109.97501587695058,2.593636426748628,7.404092289337783,0.1594097406034939,0.147911031305742,4.8104558625891585,5.066218522343735,0.7115194876863152,0.7405774350952882,4.777794498610535,0.23863600206648464,0.2066746285387264,-0.41862651184696,-0.15650415018567368,0.033628212672722854,soleimani_assassination,2020-01-03
2019-11-12,227,-7.665609219739044,-17983.58859161663,2318.108730584946,1.273161757057668,8.938770976796716,3.2896373742721012,1.4562022012255196,7.665609219739044,7.7578710413116365,11.162677019518632,0.8753260729149822,5.09329246397265,2.318243809302647,2.082937405493958,3.375206834158478,2.142942096922137,0.5479557579225675,soleimani_assassination,2020-01-03
2019-11-13,180,-7.59662860745784,-15633.040891207624,2000.5398039813408,1.7587407073303563,9.355369314788202,2.608523028057173,1.2832985551246747,7.59662860745784,7.81441132043251,9.748742515769417,0.8417560466982756,5.3934136576379474,2.268000406618624,2.1223497814843886,2.8619400641329618,1.5700793797300916,1.0372159553319475,soleimani_assassination,2020-01-03
2019-11-14,146,-7.4855829769532685,-11220.828286743073,1475.3947211506147,1.3099301592994421,8.795513136252712,2.1158020116463736,1.1364865867235499,7.4855829769532685,7.605305973978473,8.50726464711353,0.8703738053850641,5.636164490774681,2.1871181101988992,1.9765892959650784,2.411276094894264,2.058433094303636,1.4329504887425506,soleimani_assassination,2020-01-03
2019-11-15,18,-4.69684928824143,-860.7081573113068,166.2196761465423,2.2687885821721263,6.9656378704135555,0.2608523028057173,0.2317879230853792,4.69684928824143,5.178136411194128,1.0886729415665226,0.7543119116470027,5.596024996143369,0.1558883911981383,0.28468892178261224,-0.28171752874784156,0.07787069080596178,1.367514733181981,soleimani_assassination,2020-01-03
2019-11-16,10,-5.955586307980245,-646.5843976219234,100.7999383626208,2.0622037641409205,8.017790072121167,0.14491794600317628,0.13533297155897414,5.955586307980245,6.414531676555999,0.8059871924349064,0.7954161681406706,5.6933410913085645,1.072714566909792,1.146539549846475,-0.38433416410421517,0.779302852673111,1.526160283501672,soleimani_assassination,2020-01-03
2019-11-17,7,-5.096723187027855,-361.9121791183888,69.0463842459196,2.383522995480327,7.480246182508183,0.10144256220222339,0.09662074082777983,5.096723187027855,5.241580468998658,0.4924491701247544,0.7583557611223023,5.65581808744811,0.44714450875265244,0.328913695685924,-0.4981503610812311,0.14687780397833292,1.4649899541025673,soleimani_assassination,2020-01-03
2019-11-18,9,-5.1647451140011675,-419.92230049492997,77.688417301881,1.7336506264372482,6.898395740438414,0.13042615140285865,0.12259468676571213,5.1647451140011675,5.405211163759449,0.6331703094757153,0.7991611081828865,5.6360188128737505,0.4966896339007312,0.44297529152100573,-0.44706773704351327,0.8432091634533347,1.4327130033530748,soleimani_assassination,2020-01-03
2019-11-20,21,-4.790433488685226,-828.6410410817053,169.40004582341794,1.6381176800244812,6.428551168709707,0.3043276866066702,0.265687725345584,4.790433488685226,4.891622295931833,1.272759377028088,0.7969276152594844,5.5677171960400065,0.2240523072937509,0.08496931988353967,-0.21489304014223148,0.8050952574149594,1.3213671096248059,soleimani_assassination,2020-01-03
2019-11-21,27,-4.350831044817982,-1164.7019566355173,228.90568905108228,2.0635787192777175,6.414409764095701,0.39127845420857593,0.3302230756598033,4.350831044817982,5.088130231554026,1.4367448092959494,0.7565957156789375,5.523839452280925,-0.09614088725290033,0.22194856307560393,-0.15536533717707918,0.11684314125395052,1.2498372276085847,soleimani_assassination,2020-01-03
2019-11-22,74,1.0008135996301801,310.1504412496158,490.0452010480823,3.8115230231129407,2.810709423482761,1.0723928004235044,0.7287038819240427,-1.0008135996301801,-0.632901700876333,-0.7292967551328869,0.42443533146101897,4.8762752850787034,-3.994117840497077,-3.7659953431115474,-0.9416515156156489,-5.551377044762289,0.19417245295114025,soleimani_assassination,2020-01-03
2019-11-23,6,-5.0145116136311785,-313.68725958374097,58.49932980321008,2.36768834345192,7.382199957083098,0.08695076760190576,0.08337631511879212,5.0145116136311785,5.362236809190381,0.4180915004649559,0.7571573878110999,4.9376040777328125,0.3872640720493981,0.41301927703792657,-0.5251426445510164,0.1264279125533389,0.2941511876561989,soleimani_assassination,2020-01-03
2019-11-26,36,-8.500238214727842,-3794.1189008752785,407.84929905349986,1.4144544906013499,9.914692705329195,0.5217046056114346,0.41983115756183603,8.500238214727842,9.302747141359148,3.5686648492405446,0.8751490764362717,5.399710253579859,2.926162459198572,3.1598199158108398,0.6185345216590379,2.1399217035785933,1.0474807211617891,soleimani_assassination,2020-01-03
2019-11-27,17,-8.421780329743582,-1651.431772563719,190.26104381762335,1.3850228885877205,9.806803218331295,0.24636050820539968,0.22022771094479596,8.421780329743582,8.679820836822044,1.854709404099338,0.8762469256262416,5.74548610361491,2.869016096204124,2.7255983995664597,-0.0036416632792328567,2.1586561801611666,1.6111675390817939,soleimani_assassination,2020-01-03
2019-11-28,5,-3.673609022316744,-234.1553661539232,44.21214095800711,2.5844095846423283,6.258018606959078,0.07245897300158814,0.0699541174767741,3.673609022316744,5.296177952031887,0.2569840771108828,0.7077262570142197,5.703735919483504,-0.5894090340230299,0.36697181218083225,-0.5836256128871122,-0.717099933370229,1.5431060233969327,soleimani_assassination,2020-01-03
2019-11-29,24,-5.992794551382783,-1626.371185438369,239.35387895014318,1.9901418691032609,7.9829364204860385,0.34780307040762304,0.29847591161584225,5.992794551382783,6.79483947605937,1.7887048168504285,0.8004485865531878,5.824725451261689,1.0998159319834717,1.4116396558094608,-0.027601727351708433,0.8651796067522362,1.740344217338943,soleimani_assassination,2020-01-03
2019-11-30,15,-6.2363712306012955,-1065.9228249471546,150.79025315316028,1.9081561564713667,8.144527387072655,0.2173769190047644,0.19669847764443782,6.2363712306012955,7.068910640162387,1.226684727084844,0.8101844001946313,5.9623834114426995,1.2772298570516254,1.6026856841580448,-0.2316184165254502,1.0313184301391864,1.964755429191727,soleimani_assassination,2020-01-03
2019-12-01,10,-3.6059198438586906,-352.88484544263605,81.15629611992314,2.254854884066813,5.860774727925505,0.14491794600317628,0.13533297155897414,3.6059198438586906,4.3482127981935585,0.48799984767286864,0.7221589707920066,5.798444217998456,-0.6387117951634291,-0.2938236357692997,-0.4997654920209076,-0.4708098775381171,1.6975003207867,soleimani_assassination,2020-01-03
2019-12-02,6,-5.193373677036733,-346.7377826056184,60.38582183019409,2.4354649806644733,7.6288386577012055,0.08695076760190576,0.08337631511879212,5.193373677036733,5.742039639381752,0.43300436022625477,0.75800958832558,5.794653789495368,0.5175418179172651,0.6777673854392163,-0.5197291863312552,0.14097046605526528,1.691321131056584,soleimani_assassination,2020-01-03
2019-12-03,6,-4.225270818755349,-261.5747821612655,56.68098435638611,2.6107799536545033,6.836050772409848,0.08695076760190576,0.08337631511879212,4.225270818755349,4.614859553542572,0.35228751124678276,0.7236343034652658,5.6713601345381175,-0.18759517840132525,-0.10795291949680007,-0.5490298903260133,-0.44563375528817845,1.4903267353359617,soleimani_assassination,2020-01-03
2019-12-04,8,-4.884316918845252,-392.1419817817313,70.68748333541262,1.9758092490406618,6.860126167885905,0.11593435680254102,0.10969204215974339,4.884316918845252,5.547544816682959,0.5357706973835213,0.7763893514595296,5.662938029989197,0.29243417331225385,0.5421914173048967,-0.48242438487107453,0.45461576922814834,1.4765969467666065,soleimani_assassination,2020-01-03
2019-12-05,29,-5.5656684083936065,-1732.1078150617705,288.77396733251305,2.196027301536183,7.761695709929787,0.4202620434092112,0.35084139220031924,5.5656684083936065,5.998143915331915,1.952666852926148,0.7794649139158084,5.705725581451797,0.7887100996432965,0.8562892847550364,0.03191748265430064,0.5070993465189193,1.5463495877567055,soleimani_assassination,2020-01-03
2019-12-06,13,-4.287617791437905,-526.3008566069599,123.43389058510044,2.6036484344772175,6.891266225915123,0.18839332980412915,0.17260225183739092,4.287617791437905,4.2638278199949164,0.7400524858202431,0.7257849567265483,5.558020769332021,-0.14218351922599787,-0.35264563913435554,-0.4082688610841332,-0.4089334839496029,1.3055599099153272,soleimani_assassination,2020-01-03
2019-12-08,5,-3.3179962303377115,-131.50500460502815,40.33354885434679,2.374356770265824,5.692353000603534,0.07245897300158814,0.0699541174767741,3.3179962303377115,3.260437237494804,0.2321074980845379,0.7056598244255492,5.323367394436022,-0.8484266929871968,-1.0520763373488002,-0.5926559614161847,-0.7523630034672916,0.923025923820267,soleimani_assassination,2020-01-03
2019-12-09,6,-2.079024400809782,-81.53702664109684,42.70167784023747,2.51896095294823,4.597985353758015,0.08695076760190576,0.08337631511879212,2.079024400809782,1.9094572102332033,0.17334139358157435,0.6460615488169931,4.972043363278776,-1.750856498790687,-1.993800248477142,-0.6139884125058485,-1.7693902135350283,0.35029441246173343,soleimani_assassination,2020-01-03
2019-12-10,6,-1.8788140314197215,-92.12881685236371,53.46803399868184,3.516262484180294,5.395076515600015,0.08695076760190576,0.08337631511879212,1.8788140314197215,1.7230634822786823,0.1566485907332589,0.6054170440304223,4.638479561078373,-1.8966837084677286,-2.1237292089036854,-0.6200480008233475,-2.4629768464633215,-0.1934842181643875,soleimani_assassination,2020-01-03
2019-12-11,15,-5.1965126232898475,-787.3926036416196,137.55482581124195,1.9869045487298027,7.1834171720196505,0.2173769190047644,0.19669847764443782,5.1965126232898475,5.724209230740549,1.022146122061217,0.7833331687552375,4.736412758417157,0.519828131931931,0.6653383918021709,-0.30586716628551863,0.5731099883874032,-0.03383266247871719,soleimani_assassination,2020-01-03
2019-12-12,7,-3.5979949469691848,-234.9183792663725,59.09105240663768,2.421791984132381,6.0197869311015655,0.10144256220222339,0.09662074082777983,3.5979949469691848,3.975532160939889,0.347640937270771,0.7131114915289204,4.6558798770459076,-0.6444840516349377,-0.5536070968377208,-0.5507166247610442,-0.6252024752957828,-0.16511807073810614,soleimani_assassination,2020-01-03
2019-12-13,9,-4.684491203530304,-402.1748940767159,81.11424344253646,2.1641012561535433,6.848592459683849,0.13042615140285865,0.12259468676571213,4.684491203530304,4.958129139941095,0.5742937317535315,0.759882969022822,4.685507880284487,0.14688713409109516,0.13132906169567898,-0.46844029057940284,0.17293916186829203,-0.11681824047180583,soleimani_assassination,2020-01-03
2019-12-15,8,-6.421244018058691,-521.5941455351649,78.55090939372262,1.6988098280783233,8.120053846137012,0.11593435680254102,0.10969204215974339,6.421244018058691,6.640205053779403,0.704359369546894,0.826985088657514,4.874805293043291,1.4118856334844878,1.3038490667511342,-0.421225678004004,1.318017284093439,0.19177605906554857,soleimani_assassination,2020-01-03
2019-12-16,12,-4.421667149491748,-474.7112936345418,101.24968390326725,2.0079032545569295,6.429570404048682,0.17390153520381152,0.16033284668222497,4.421667149491748,4.688521241094198,0.7089384811592911,0.7620255379986859,4.838914176177888,-0.04454599973315813,-0.05660577068510375,-0.4195634328146765,0.209501477231451,0.1332660461325944,soleimani_assassination,2020-01-03
2019-12-17,78,-9.03473044133353,-7984.761336342493,863.9745101190969,1.0209329211223208,10.055663362455846,1.130359978824775,0.7562909695848292,9.03473044133353,9.241894573072315,6.832885045413707,0.9078297253971489,5.288250267875658,3.3154705167054375,3.117401584338213,1.803466180303263,2.6976074570085533,0.8657776766587061,soleimani_assassination,2020-01-03
2019-12-18,28,-5.2850009875402915,-1473.9280160150638,257.56383585768424,1.9568537179742143,7.24185470551451,0.40577024880889356,0.34058537236094427,5.2850009875402915,5.7225736334718835,1.7999940292693684,0.7872686438264065,5.334689256157615,0.5842803942540071,0.6641982705377574,-0.02350367501686779,0.6402677239267769,0.9414829219192619,soleimani_assassination,2020-01-03
2019-12-19,18,-3.4960087103086948,-543.041284896999,139.55955976125287,2.1286500826582357,5.6246587929669305,0.2608523028057173,0.2317879230853792,3.4960087103086948,3.8911077523172883,0.8103325980508476,0.7254526916436568,5.176395510304473,-0.7187677581331088,-0.6124565858593506,-0.38275675560401173,-0.41460349078798164,0.6834310716019224,soleimani_assassination,2020-01-03
2019-12-20,6,-5.8959410750346715,-352.2117425795978,54.42515783943898,1.587459282435913,7.483400357470586,0.08695076760190576,0.08337631511879212,5.8959410750346715,6.471487756060652,0.49158184099392077,0.8249935126928856,5.312696891462412,1.0292707736762634,1.1862417666604268,-0.49846520679745887,1.284031620477138,0.9056307764547404,soleimani_assassination,2020-01-03
2019-12-22,9,-6.649523887030665,-760.3000377505861,108.72055313419654,2.715268786162264,9.36479267319293,0.13042615140285865,0.12259468676571213,6.649523887030665,6.993158292821859,0.815196298071645,0.7752272374359924,5.4895124613419615,1.5781578221780086,1.549881204909544,-0.38099120310251444,0.4347846319834842,1.1938770664544962,soleimani_assassination,2020-01-03
2019-12-23,17,-7.513464726911931,-1332.367111232536,177.200957153907,1.4550604940118823,8.968525220923814,0.24636050820539968,0.22022771094479596,7.513464726911931,7.518961142378679,1.654673138072281,0.8604069142994659,5.706966794531015,2.2074263380383035,1.9164011430101484,-0.07625603677349697,1.8883510016536313,1.5483730241849984,soleimani_assassination,2020-01-03
2019-12-24,39,-6.431431491012775,-2453.176731607311,370.33806671691156,1.5322081867617083,7.963639677774482,0.5651799894123875,0.44800082658825774,6.431431491012775,6.624154933234376,2.881286624119474,0.8386444045208441,5.807168296810368,1.419305882291182,1.2926610536134555,0.3690120717448085,1.5169801125092128,1.7117223904433052,soleimani_assassination,2020-01-03
2019-12-25,47,-8.612006182102563,-5159.4200048043085,576.3342963921959,1.8252128280146296,10.437219010117188,0.6811143462149285,0.5194568748464867,8.612006182102563,8.952130798222216,4.473565817513621,0.851154089816111,6.174597838969059,3.0075708840628006,2.9154167512180202,0.9470190419440477,1.7304542475367728,2.310709246836664,soleimani_assassination,2020-01-03
2019-12-28,105,-7.54218170037836,-8969.251375086034,1068.100907282461,1.3151039463939689,8.857285646772329,1.5216384330333508,0.924908862091823,7.54218170037836,8.397382039405104,6.97583069418672,0.87071828754205,6.413637832726849,2.2283429175528258,2.528719568206532,1.8553563147050893,2.064311581952148,2.7003943374041155,soleimani_assassination,2020-01-03
2019-12-29,16,-9.465636068512893,-1862.3104782085293,182.00161936966182,0.9547325710454851,10.420368639558381,0.23186871360508204,0.20853229580078217,9.465636068512893,10.232384110967757,1.9738908205816834,0.9160682130761629,6.800646375870182,3.6293292116228737,3.807839387071162,0.03962191118107976,2.8381948490733357,3.3312990526125614,soleimani_assassination,2020-01-03
2020-01-02,22,-6.17305111129478,-1370.9210681254146,213.49653739756536,1.7656684761154628,7.938719587410237,0.3188194812069878,0.2767370040254949,6.17305111129478,6.421280105225014,1.708311670235969,0.8180546300748428,6.750236969387306,1.231109387152802,1.151243658354309,-0.056784925431660006,1.1656216101545842,3.249121196840714,soleimani_assassination,2020-01-03
2020-01-03,3388,-5.901668189278282,-206318.69765987902,33409.86872627488,1.979784076298709,7.881452265576992,49.098200105876124,3.913985081415047,5.901668189278282,6.175381871453497,23.09904124829695,0.7992357136912372,6.697606858656376,1.0334422313894263,0.9798360566325821,7.708179187055955,0.8444822847179826,3.1633231295619026,soleimani_assassination,2020-01-03
2020-01-04,1982,-5.963833114648911,-119015.8547357038,19355.801802412676,1.9009799619522014,7.864813076601114,28.722736897829538,3.3919123050385758,5.963833114648911,6.1488465293578605,20.228798926774175,0.8053430013878515,6.639163333045388,1.0787212927796923,0.9613391391081365,6.666263877929422,0.948701369980861,3.06804798245043,soleimani_assassination,2020-01-03
2020-01-05,1403,-5.845403528640678,-77961.60363233631,12925.604978934054,1.6837148354423306,7.529118364083009,20.33198782424563,3.0602077219640336,5.845403528640678,6.031563223492973,17.888149016342012,0.8172424487692801,6.572674576388414,0.9924607453195305,0.8795847894653667,5.816593814639761,1.1517619727937503,2.9596574292535305,soleimani_assassination,2020-01-03
2020-01-06,1557,-2.804315200708692,-40553.53628146545,14657.169376651633,3.3047047556673737,6.109019956376065,22.563724192694547,3.1597084189862286,2.804315200708692,2.7668054615010345,8.860818349170309,0.6489482264719826,6.183354351125346,-1.2225765007271179,-1.3961708741780012,2.53961822545552,-1.7201299003490982,2.3249841896152157,soleimani_assassination,2020-01-03
2020-01-07,1317,-4.715647968803495,-58680.317334632804,11512.14240848304,2.0127691851058613,6.728417153909357,19.085693488618315,3.000007794903419,4.715647968803495,5.09725429485589,14.146980664430961,0.7697372980001453,6.0711835217939845,0.16958078455582243,0.2283086486465435,4.458527093009172,0.34110041493411,2.1421223216078524,soleimani_assassination,2020-01-03
2020-01-08,2146,-4.806253999601882,-92673.8319198223,18037.06088640351,1.7993568973107807,6.605610896912662,31.099391212281628,3.4688370646066438,4.806253999601882,5.137967460634378,16.672112015732935,0.7859174548476628,5.9807507763684145,0.23557549148081175,0.2566884625132589,5.3751650342548665,0.6172100776560744,1.9946980682959394,soleimani_assassination,2020-01-03
2020-01-09,983,-4.677753601814481,-42779.58939467796,8608.568786267484,2.039845877763911,6.717599479578391,14.245434092112228,2.7242800544272363,4.677753601814481,4.969419476896159,12.743510836948355,0.7670729539803877,5.876424952245499,0.14197966770397946,0.13919918565068057,3.949059063712086,0.2956341604593614,1.824625196460712,soleimani_assassination,2020-01-03
2020-01-10,1017,-4.058495040606806,-37334.20373197535,8728.728079525961,2.262162548293432,6.320657588900237,14.738155108523028,2.7560880257334985,4.058495040606806,4.277164254840998,11.185569583915205,0.736431323022797,5.706994781300018,-0.30906963770736157,-0.3433492473814608,3.383516973386479,-0.22725634478622486,1.5484186484608464,soleimani_assassination,2020-01-03
2020-01-11,617,-4.717357529413303,-25752.33661065196,5303.866459061882,1.939430197255975,6.656787726669279,8.941437268395976,2.296711604621753,4.717357529413303,4.855389329543355,10.834409780953335,0.7743856409388955,5.625101131477517,0.17082597707138303,0.05971250621450104,3.256043842664291,0.42042303294885747,1.4149149035589925,soleimani_assassination,2020-01-03
2020-01-12,403,-3.896599842325622,-14154.784316673324,3348.031913877068,2.205585828064321,6.102185670389942,5.840193223928003,1.9228159803477416,3.896599842325622,4.2277925302933825,7.492444445844196,0.7345153476507279,5.490712485921569,-0.4269892294716655,-0.3777646588619508,2.042890228730734,-0.2599519063157634,1.1958333570301285,soleimani_assassination,2020-01-03
2020-01-13,503,-4.729378258075738,-21551.858340715055,4324.595852593532,1.9341139053493386,6.663492163425076,7.289372683959766,2.1149742948677854,4.729378258075738,4.983554319368374,10.002513446536769,0.7750404135897976,5.456973354528749,0.1795815141820136,0.1490521211993271,2.954060445675352,0.4315965374768978,1.140831529654747,soleimani_assassination,2020-01-03
2020-01-14,321,-5.292328617023582,-17282.842235908818,3016.9060018462546,2.0530662239590116,7.3453948409825935,4.651866066701959,1.731985767921193,5.292328617023582,5.728664474575027,9.166237843846893,0.7815529361910734,5.506263377135483,0.5896176191157905,0.668443996299773,2.6504873478369344,0.5427308383278389,1.2211845560317445,soleimani_assassination,2020-01-03
2020-01-15,379,-4.032573063239119,-12425.30394597795,2783.626778007784,1.6560443100793647,5.6886173733184835,5.492390153520381,1.8706307454313356,4.032573063239119,4.463710452904403,7.543455155293318,0.7745240854561416,5.395046986781701,-0.3279504261518228,-0.21331400503781184,2.061407424545841,0.4227855483016298,1.0398786228015378,soleimani_assassination,2020-01-03
2020-01-16,244,-4.959559737739634,-12132.57278349353,2241.074742615056,2.1125864069807077,7.072146144720338,3.535997882477501,1.5120450995993941,4.959559737739634,5.4137296506837265,7.49907799761967,0.7699893388197298,5.404857691312891,0.3472387788930247,0.44891324964129464,2.0452982481153423,0.3454014180914617,1.0558721192188834,soleimani_assassination,2020-01-03
2020-01-17,418,-5.806756204561617,-26844.96519320172,4354.372996418545,2.3052020369758224,8.11195824153744,6.057570142932768,1.9541008198751144,5.806756204561617,6.165058715751177,11.346987060148763,0.7787110906097318,5.487543056048416,0.9643111971762282,0.9726401230384483,3.4421124927916438,0.4942355714174614,1.1906665247032409,soleimani_assassination,2020-01-03
2020-01-18,103,-5.236091239850459,-5788.7870780168905,1022.04407738619,2.343333396512588,7.579424636363045,1.4926548438327156,0.9133483448290471,5.236091239850459,5.663930945934671,4.78237526729129,0.7638425336233372,5.49979037636497,0.5486560055005915,0.6233203745272876,1.0591187385144722,0.24050797820778327,1.2106322135059306,soleimani_assassination,2020-01-03
2020-01-19,57,-4.32908793479551,-2481.961050933655,519.9345606256819,2.396285511774893,6.725373446570401,0.8260322922181048,0.6021454666922562,4.32908793479551,4.773602754829181,2.606740674849258,0.7372971821553841,5.427641476427533,-0.11197791444553587,0.0027017647798252098,0.2693502329312995,-0.21248071094556584,1.0930144451798893,soleimani_assassination,2020-01-03
2020-01-20,84,-4.479799990973554,-3655.1988874161207,740.1730348000248,2.1658918783228933,6.645691869296448,1.2173107464266808,0.7962950860923547,4.479799990973554,4.938303228519611,3.5672427194888154,0.7541994787363782,5.3549410908674755,-0.0022037869411050265,0.11750906845464737,0.6180182799644673,0.07595205594203817,0.9744976401637139,soleimani_assassination,2020-01-03
2020-01-21,96,-4.706982658435815,-4461.345841714393,887.9122349211137,2.2710515609962254,6.978034219432042,1.3912122816304922,0.8718004681530945,4.706982658435815,5.024534707656956,4.103549685212841,0.7544566441580709,5.318045536216904,0.16326923318236491,0.17761820712208262,0.8127009497129238,0.08034050894138153,0.9143501839597428,soleimani_assassination,2020-01-03
2020-01-22,80,-4.868727248160796,-3783.5037142370097,724.7916705570789,2.095584316901344,6.96431156506214,1.1593435680254103,0.7698042718160489,4.868727248160796,5.220125820884487,3.7479670339413773,0.7686966446189242,5.315593060040264,0.2810791262054322,0.31395836346320216,0.6836222983247087,0.3233419681645699,0.9103521358256849,soleimani_assassination,2020-01-03
2020-01-23,113,-4.8337256408492575,-5276.934013623062,981.7623901416947,1.927218551883753,6.760944192733011,1.6375727898358918,0.9698590964634102,4.8337256408492575,5.374960445226934,4.688032782586079,0.7781788154143556,5.315474232200133,0.25558500847315374,0.42188850681951273,1.0248718464042466,0.4851524502799107,0.910158421640391,soleimani_assassination,2020-01-03
2020-01-24,137,-4.185502095945171,-5326.234272463578,1247.5025806574758,2.4601780785145526,6.6456801744597245,1.985375860243515,1.0937256552472556,4.185502095945171,4.2695176387182086,4.5777910224263945,0.7298246897582689,5.195837281535716,-0.21656151964276857,-0.3486794529335344,0.9848534212161976,-0.33999661668763453,0.7151252172716015,soleimani_assassination,2020-01-03
2020-01-25,52,-4.220705907014777,-2056.207398768918,450.66062977807104,2.222922332820219,6.443628239834995,0.7535733192165166,0.561655602792968,4.220705907014777,4.562651500712415,2.3705831204162253,0.7435055257354631,5.116192498866056,-0.19092012277647238,-0.14434544248862202,0.1836236134453471,-0.10653713647269518,0.5852875952906565,soleimani_assassination,2020-01-03
2020-01-26,42,-4.850347655839423,-1904.6362917176664,376.974139577125,2.0626135479984407,6.912961203837865,0.6086553732133404,0.47539865812882354,4.850347655839423,5.052432227457866,2.3058487670443464,0.7701970508822901,5.101136641274663,0.2676919841138776,0.1970646540920986,0.1601246519469382,0.34894596392481136,0.5607434044343874,soleimani_assassination,2020-01-03
2020-01-27,63,-2.9312141300339714,-1834.2961834923096,558.7220762988422,2.968695127830968,5.899909257864938,0.9129830598200105,0.6486638351235653,2.9312141300339714,3.283020774198305,1.901372599156221,0.6652579144674499,4.888017424007689,-1.1301471383974546,-1.0363340938793388,0.013297358537130594,-1.4418098263246073,0.21331459063306205,soleimani_assassination,2020-01-03
2020-01-28,52,-3.9427819261641472,-1919.3705225531446,447.10485078034856,2.327694140575124,6.270476066739272,0.7535733192165166,0.561655602792968,3.9427819261641472,4.292886823310453,2.2144855594209436,0.7292802905210026,4.805837310500387,-0.39335158900498896,-0.33238956006317366,0.12695925542277786,-0.3492866310678559,0.07934385012431837,soleimani_assassination,2020-01-03
2020-01-29,46,-3.768911243789436,-1802.4789484910998,430.59198721295917,2.795892065202663,6.564803308992099,0.6666225516146108,0.5107991543844461,3.768911243789436,4.186048514645588,1.9251566762776748,0.7013157726604072,4.710467574098713,-0.5199937630971272,-0.40686304439598925,0.02193112227215269,-0.8264929812557411,-0.07612872909912831,soleimani_assassination,2020-01-03
2020-01-30,74,-4.282030948139564,-2993.6807709773097,629.9898485400898,2.115672691741637,6.397703639881199,1.0723928004235044,0.7287038819240427,4.282030948139564,4.751950809865796,3.1203325744281893,0.7514884096121776,4.705397035342619,-0.146252807802718,-0.012391096611904595,0.455787196389759,0.029688451172730283,-0.08439476577078389,soleimani_assassination,2020-01-03
2020-01-31,48,-3.4962669392111834,-1580.240857511923,409.83579423951824,2.520989387056057,6.0172563262672405,0.6956061408152461,0.5280402821076485,3.4962669392111834,3.8557902450765216,1.8461697809047182,0.7047415275104767,4.607626423649435,-0.7185796719694271,-0.6370752629522267,-0.0067415981084029105,-0.7680334727889898,-0.24378127291359486,soleimani_assassination,2020-01-03
2020-02-01,33,-4.005474902332358,-1230.641091858495,282.42471304611433,2.276424867714342,6.281899770046699,0.4782292218104817,0.39084489968257824,4.005474902332358,4.357412913995086,1.5655194363831753,0.7340104560102453,4.572711889880406,-0.3476879113003252,-0.2874105364927622,-0.10861936929027809,-0.26856773506690335,-0.3006992515330669,soleimani_assassination,2020-01-03
2020-02-02,31,-3.759614839010757,-1090.8210309720205,259.1674882863153,2.300313359306157,6.059928198316914,0.44924563260984646,0.37104316768122136,3.759614839010757,4.208942403172639,1.3949793991278763,0.7248508498885806,4.52626952722921,-0.5267649846528993,-0.3909044648392422,-0.17052643347886368,-0.42487374499948943,-0.3764099977198982,soleimani_assassination,2020-01-03
2020-02-03,60,-3.919602010648682,-2147.3566714563285,503.3596633444016,2.2348628558790056,6.1544648665276895,0.8695076760190577,0.6256751213474674,3.919602010648682,4.26604837024276,2.4523974636463914,0.7336064426342523,4.508526972679791,-0.4102351420920133,-0.35109776631458145,0.21332271448585363,-0.2754621056241139,-0.40533406547859296,soleimani_assassination,2020-01-03
2020-02-04,121,-5.138985476204838,-6029.869553354404,1134.416403278118,2.1181783498236886,7.2571638260285285,1.7535071466384329,1.012875425191312,5.138985476204838,5.315393479792709,5.205152099262952,0.7740692222114925,4.590418295902918,0.47792708871601375,0.3803663269716954,1.2125892835873322,0.415023439550259,-0.2718341134194084,soleimani_assassination,2020-01-03
2020-02-05,38,-2.79371424271134,-975.5175906496432,300.3575473337118,2.555215869877381,5.348930112588721,0.5506881948120699,0.4386988290467554,2.79371424271134,3.247854429859876,1.2255991669687079,0.6767246106605751,4.445723769937741,-1.2302979195995116,-1.0608474002659616,-0.23201248140822964,-1.2461339964636127,-0.5077163964171539,soleimani_assassination,2020-01-03
2020-02-06,32,-3.8747090679217977,-1214.9238199211359,282.96798861375197,2.4840202881289737,6.358729356050771,0.4637374272101641,0.3809930464549256,3.8747090679217977,4.29350268867159,1.476237211914051,0.7190896058259498,4.426768914871147,-0.44293381095715256,-0.3319602604992162,-0.14102935635293803,-0.5231876964638086,-0.538616767092377,soleimani_assassination,2020-01-03
2020-02-07,66,-5.764723859952268,-4160.506817866668,652.6231256253167,2.061752658094445,7.826476518046714,0.9564584436209634,0.6711359222796897,5.764723859952268,6.375052698110017,3.868913264436798,0.791494248225036,4.633182871188447,0.9336961019179827,1.1190200475301744,0.7275265109374851,0.7123764319138106,-0.2021189283943206,soleimani_assassination,2020-01-03
2020-02-08,28,-6.489001342865256,-2035.2671249111809,278.11222733782455,1.7217891024570995,8.210790445322347,0.40577024880889356,0.34058537236094427,6.489001342865256,7.318150461752011,2.210058938610431,0.8266523722085842,4.915280215761109,1.4612380303749404,1.7764225972581384,0.125352365316118,1.3123395748251179,0.25775863242933855,soleimani_assassination,2020-01-03
2020-02-09,30,-4.424779342283399,-1320.7261278579779,260.5549512286041,2.1301928493350366,6.554972191618435,0.4347538380095288,0.3609932930398916,4.424779342283399,5.06889668237088,1.5973156657457699,0.7547320241710479,4.935286855717961,-0.04227917213493693,0.20854148614172402,-0.09707714586998871,0.08503978863440353,0.29037363204080985,soleimani_assassination,2020-01-03
2020-02-10,30,-4.248894636765036,-1203.975176437084,257.1118606517601,2.1607503591468156,6.4096449959118535,0.4347538380095288,0.3609932930398916,4.248894636765036,4.682690146557586,1.5338224667053444,0.7478820673224329,4.908365663975729,-0.170388300092444,-0.060670435626382004,-0.12012556084511872,-0.03185272934024665,0.24648646957340625,soleimani_assassination,2020-01-03
2020-02-11,96,-5.201147489166681,-5634.141944104879,1001.7745713894915,2.617002148070262,7.818149637236943,1.3912122816304922,0.8718004681530945,5.201147489166681,5.624161468073755,4.534362815988805,0.7492128335157495,4.979368127076816,0.5232040287953406,0.595598374587268,0.969088719819409,-0.00914359195293999,0.3622353065320222,soleimani_assassination,2020-01-03
2020-02-12,25,-4.534958644307642,-1098.0738965248697,222.3311866366577,2.179144410579331,6.714103054886976,0.36229486500794067,0.3091706784279628,4.534958644307642,4.938910789512336,1.4020762407033482,0.7549664035504189,4.977946684702463,0.037972116683458824,0.11793257931548395,-0.16795023709694742,0.08903940445994699,0.3599180587289313,soleimani_assassination,2020-01-03
2020-02-13,53,-3.975768002612861,-1867.485528171017,434.5188049013709,2.1113500071970694,6.08711800980993,0.7680651138168343,0.5698857926191976,3.975768002612861,4.297824414284918,2.265733699439074,0.742470178231194,4.903771876808978,-0.36932552331536483,-0.32894772717875254,0.14556263996935567,-0.1242050399978481,0.23899763751655428,soleimani_assassination,2020-01-03
2020-02-14,52,-4.37827136314187,-2041.7384477089586,433.71354612975443,1.981186877369012,6.359458240510883,0.7535733192165166,0.561655602792968,4.37827136314187,4.707573618413408,2.459080641656637,0.7624659904157859,4.876103097116025,-0.07615418493566704,-0.043324982721341325,0.21574874849360187,0.21701766940910683,0.19389175062691355,soleimani_assassination,2020-01-03
2020-02-15,69,-3.057879491155588,-1842.563436039159,609.0703859656703,2.884613775912573,5.942493267068161,0.9999338274219163,0.6931140937235402,3.057879491155588,3.0252060820816418,2.1194593722281057,0.673209607420995,4.676441051305426,-1.0378879001203725,-1.2160482682617557,0.09246417517756243,-1.3061165026959907,-0.13159906445160027,soleimani_assassination,2020-01-03
2020-02-16,34,-3.6631722647680673,-1200.772251510456,314.2158983265775,2.7892359018303403,6.452408166598409,0.49272101641079935,0.40060064001851664,3.6631722647680673,3.821487893850757,1.4674691537641669,0.6981883438511863,4.585687686202785,-0.5970108542286264,-0.6609863080493946,-0.144212214451424,-0.8798616427488727,-0.2795459947680303,soleimani_assassination,2020-01-03
2020-02-17,26,-4.083079244702008,-943.0972181120849,215.66605200502244,2.105884454668657,6.188963699370665,0.3767866596082583,0.319752276449495,4.083079244702008,4.372951650685023,1.3055738834171515,0.7461213978168896,4.561291931509122,-0.29116324306728364,-0.27657899228459065,-0.2029811760073397,-0.06189804150389245,-0.319316167649202,soleimani_assassination,2020-01-03
2020-02-18,36,-4.954789931299023,-1726.2440690687267,325.87567670531826,2.048656099702133,7.003446031001153,0.5217046056114346,0.41983115756183603,4.954789931299023,5.297247362925245,2.0801751923329985,0.773681729379365,4.636393528868031,0.34376459538268495,0.3677172634745405,0.07820378046026988,0.40841098726106256,-0.1968848861364487,soleimani_assassination,2020-01-03
2020-02-19,22,-3.83936667569607,-762.0621980054467,183.37288046471807,2.2478821272591967,6.087248802955267,0.3188194812069878,0.2767370040254949,3.83936667569607,4.155806442447587,1.0624948311874542,0.7303123194968986,4.582457122005977,-0.4686761461683144,-0.42794380202099613,-0.29122034102380473,-0.3316753572625811,-0.2848124888045594,soleimani_assassination,2020-01-03
2020-02-20,17,-4.77216862911066,-817.1338524111172,159.2946472501143,2.29905236927156,7.07122099838222,0.24636050820539968,0.22022771094479596,4.77216862911066,5.129700630355178,1.0509637734316057,0.7546440451558332,4.6358270267916035,0.21074873308320288,0.2509259259945344,-0.29540618467754426,0.0835384523713204,-0.19780840278104428,soleimani_assassination,2020-01-03
2020-02-21,119,-3.033213273898805,-3215.842777418526,824.3149764589056,1.946901667499779,4.980114941398586,1.7245235574377977,1.002293571521454,3.033213273898805,3.901230560232148,3.0401701654823157,0.7189408114022982,4.56033351666429,-1.0558540306799566,-0.6054003081433094,0.42668775747797555,-0.5257268299540798,-0.32087858391996216,soleimani_assassination,2020-01-03
2020-02-22,13,-3.0408111738306074,-369.41206481049204,119.00462643464837,3.056695429801948,6.097506603632555,0.18839332980412915,0.17260225183739092,3.0408111738306074,3.1041823824669152,0.5248508560154628,0.6660882708686376,4.406664015140823,-1.0503199489546413,-1.1609964769810064,-0.4863883532821379,-1.4276400362520123,-0.5713919506468047,soleimani_assassination,2020-01-03
2020-02-23,13,-2.8006981267789897,-301.92871504202367,102.05417095461928,2.5248113579420166,5.3255094847210085,0.18839332980412915,0.17260225183739092,2.8006981267789897,2.9585142108134237,0.4834068033988162,0.6783811249827163,4.25028538337501,-1.225211068556801,-1.262536986513556,-0.5014327948506186,-1.217866062160449,-0.82632176521257,soleimani_assassination,2020-01-03
2020-02-24,18,-3.226278302336068,-540.4122501384255,152.59158835375032,2.625516080880587,5.851794383216652,0.2608523028057173,0.2317879230853792,3.226278302336068,3.5415598983451013,0.7478123469939003,0.6902890259829381,4.180840615837571,-0.9152312723832902,-0.8561149416652764,-0.4054519845810926,-1.0146612008057068,-0.9395312332260394,soleimani_assassination,2020-01-03
2020-02-25,33,-4.272946134407706,-1487.6399911839019,334.5288717407271,2.9321462015950455,7.2050923360027515,0.4782292218104817,0.39084489968257824,4.272946134407706,4.446970401815963,1.6700592032516406,0.7107549367887449,4.2083045201945986,-0.15286991280576298,-0.22498294615121073,-0.07067080212714545,-0.6654163953849154,-0.8947593359026639,soleimani_assassination,2020-01-03
2020-02-26,54,-4.843873649277746,-2851.7092634166324,561.2686737265598,2.77499533949594,7.618868988773685,0.7825569084171519,0.5780487989774147,4.843873649277746,5.080827412801476,2.7999953453633477,0.7330160129232779,4.300498221256617,0.26297651250670556,0.21685800740554487,0.3395028462695376,-0.2855376166277785,-0.7444643572954268,soleimani_assassination,2020-01-03
2020-02-27,22,-4.936295989845755,-1184.8559727191257,215.29980956413698,2.4250294951711444,7.361325485016899,0.3188194812069878,0.2767370040254949,4.936295989845755,5.503283886399173,1.366055763212979,0.7522029907886555,4.424926020769957,0.3302941648236847,0.5113385730467084,-0.18102588811701603,0.041882570765276704,-0.5416210691902772,soleimani_assassination,2020-01-03
2020-02-28,16,-4.167740524347423,-653.7324963509088,138.25716816348145,2.2366662429350876,6.404406767282511,0.23186871360508204,0.20853229580078217,4.167740524347423,4.728380488582743,0.8691084998441237,0.7411587380073803,4.460090342622914,-0.2294985140325671,-0.028821195279033197,-0.36142074803875424,-0.1465843853459602,-0.484295883849545,soleimani_assassination,2020-01-03
2020-02-29,16,-3.700644938472802,-541.9740021951388,140.501589663466,2.540352207746916,6.240997146219717,0.23186871360508204,0.20853229580078217,3.700644938472802,3.857422563639975,0.7717039849632777,0.7107104950107229,4.397062370620817,-0.5697168860782884,-0.6359374271657877,-0.39677917560822645,-0.6661747813793193,-0.5870446356036423,soleimani_assassination,2020-01-03
2020-03-01,5,-4.290512736870331,-214.31391015055374,44.1179617355114,2.26653980511598,6.557052541986314,0.07245897300158814,0.0699541174767741,4.290512736870331,4.85774731469628,0.3001390320306227,0.7431273209419832,4.446713886770575,-0.14007492806828659,0.061356180403450006,-0.5679601034427084,-0.11299109108832048,-0.5061022992880092,soleimani_assassination,2020-01-03
2020-03-02,32,-5.207993722173478,-1814.9248533868931,328.83594408036987,2.534064765169039,7.742058487342516,0.4637374272101641,0.3809930464549256,5.207993722173478,5.519241086805621,1.9842093941290007,0.7534026497249635,4.560887357019451,0.5281906189465976,0.5224618146003818,0.0433676157394301,0.06235440100814733,-0.3199757085242267,soleimani_assassination,2020-01-03
2020-03-03,20,-3.543711472004759,-677.1330179594783,174.99417748572202,2.602998701140669,6.146710173145428,0.28983589200635257,0.2545149947820513,3.543711472004759,3.8694602739838375,0.9019277068063866,0.702504536032,4.4837594901232505,-0.6840225016650328,-0.6275463337097056,-0.349507177567383,-0.806207080650453,-0.44571023237622387,soleimani_assassination,2020-01-03
2020-03-04,17,-4.254883232948377,-615.9190947845846,134.5481245664969,1.8298561648933682,6.084739397841743,0.24636050820539968,0.22022771094479596,4.254883232948377,4.577686212788366,0.937043194729614,0.76879978889774,4.500496151479684,-0.1660263868011414,-0.1338652373241148,-0.3367600432295242,0.3251020952328014,-0.41842598050711166,soleimani_assassination,2020-01-03
2020-03-05,35,-3.548893476428125,-1087.4022540941153,272.0274251977774,2.1116593360399025,5.660552812468026,0.5072128110111169,0.4102621246785173,3.548893476428125,3.9973993552433913,1.455976577897132,0.7283065238453007,4.448551242740536,-0.6802480855451497,-0.5383641921838016,-0.14838408894695748,-0.36590367569429283,-0.5031070255001239,soleimani_assassination,2020-01-03
2020-03-06,11,-2.3001902199656974,-191.24807713119208,79.19078395665008,2.4494859789557926,4.749676198921487,0.1594097406034939,0.147911031305742,2.3001902199656974,2.415029471559259,0.34022350763450787,0.6597540215883788,4.2233298579940755,-1.5897659699549436,-1.641382390561778,-0.5534091965465133,-1.535732154817442,-0.8702648986783703,soleimani_assassination,2020-01-03
2020-03-07,13,-3.545341391222143,-460.30614973581123,115.64593163588592,2.675249751923004,6.220591143145149,0.18839332980412915,0.17260225183739092,3.545341391222143,3.98030560370335,0.6119339076572502,0.6992696043601498,4.180594201733825,-0.6828353175436795,-0.550279686292751,-0.4547766792465821,-0.8614102471747748,-0.9399329396552679,soleimani_assassination,2020-01-03
2020-03-08,15,-2.6626506751247945,-317.9131255903622,119.13208634079106,2.6397442071306414,5.302394882255436,0.2173769190047644,0.19669847764443782,2.6626506751247945,2.66857683228123,0.5237393342959816,0.6676280561922654,4.016136710927307,-1.3257606791443384,-1.4646428330722816,-0.48679184238383155,-1.401364048300986,-1.2080329809578567,soleimani_assassination,2020-01-03
2020-03-09,48,-2.8183296904933317,-1235.0737716491205,417.7604935648111,2.942506962720118,5.760836653213449,0.6956061408152461,0.5280402821076485,2.8183296904933317,2.956415914559216,1.4881916048404606,0.6619107445863507,3.900631290841912,-1.2123687679979513,-1.2639996400801106,-0.13668983947384328,-1.4989283051906022,-1.3963309280060658,soleimani_assassination,2020-01-03
2020-03-10,13,-3.9426146620854485,-466.6921099063202,112.51326790606382,2.356126049959729,6.298740712045179,0.18839332980412915,0.17260225183739092,3.9426146620854485,4.147885121388143,0.6805041688030625,0.7277686514709638,3.917203945466559,-0.3934734191277251,-0.43346549538349827,-0.42988526004378735,-0.3750823110601426,-1.3693140413469556,soleimani_assassination,2020-01-03
2020-03-11,15,-3.853360471039591,-513.2742983117447,117.98087925289872,2.006015739576832,5.8593762106164196,0.2173769190047644,0.19669847764443782,3.853360471039591,4.350487143018421,0.7579501384687414,0.7449566719268779,3.9572826987009435,-0.45848348664746064,-0.292238264512505,-0.4017719050076141,-0.08177374948901091,-1.3039773069434362,soleimani_assassination,2020-01-03
2020-03-12,17,-4.642578345514833,-682.4053505147568,141.35719393010092,1.8362753545984942,6.478853700113327,0.24636050820539968,0.22022771094479596,4.642578345514833,4.827524737454794,1.0224244019146098,0.7791645394177067,4.047232169850149,0.11635906927304179,0.04028901207386214,-0.3057661490169426,0.5019735432190663,-1.157340891587814,soleimani_assassination,2020-01-03
2020-03-13,25,-5.189496108090676,-1150.301518340049,208.68933783867323,1.5790387027281267,6.768534810818802,0.36229486500794067,0.3091706784279628,5.189496108090676,5.512028215017322,1.6044400324376669,0.8108385987657887,4.198154370683662,0.5147175133547369,0.5174339580119222,-0.09449095770446113,1.0424821381636336,-0.9113061984977585,soleimani_assassination,2020-01-03
2020-03-14,7,-4.87072982671171,-271.8881415920218,51.95348315173229,1.275598168910738,6.146327995622445,0.10144256220222339,0.09662074082777983,4.87072982671171,5.23329958066452,0.47061352422884906,0.8281311157464244,4.313863076518725,0.2825377441737649,0.323141359757725,-0.5060768325059642,1.3375739024854199,-0.7226768532407173,soleimani_assassination,2020-01-03
2020-03-15,6,-3.6220030411328357,-193.91045912204038,47.30145927301274,2.130786752184647,5.752789793317482,0.08695076760190576,0.08337631511879212,3.6220030411328357,4.099460399368135,0.3019892669187147,0.7297182643072909,4.293957910516547,-0.6269972781365681,-0.4672207824312425,-0.5672884569963693,-0.3418127360028846,-0.7551264291228956,soleimani_assassination,2020-01-03
2020-03-16,16,-5.67285048435592,-855.2007754441911,146.00600612538926,1.7262624492404532,7.3991129335963715,0.23186871360508204,0.20853229580078217,5.67285048435592,5.857298601194178,1.182972535237319,0.8108283356225279,4.458489277881837,0.8667782991705927,0.758110631172169,-0.24748620634232157,1.0423070006139228,-0.48690595360742517,soleimani_assassination,2020-01-03
2020-03-17,9,-4.887723377903569,-399.2154091091528,75.81462823661066,1.7680621019710336,6.6557854798745995,0.13042615140285865,0.12259468676571213,4.887723377903569,5.265677856564004,0.5992089165115365,0.7901122871950566,4.53903379331572,0.294915335606029,0.34571119498871655,-0.45939592793642264,0.688793669553811,-0.35560157939727777,soleimani_assassination,2020-01-03
2020-03-18,25,-2.848733795908966,-667.6193724880952,205.8209616748505,2.692052335542525,5.540786131451492,0.36229486500794067,0.3091706784279628,2.848733795908966,3.2436898897731288,0.8807449603418408,0.6730104269219981,4.404462244053417,-1.1902233323294793,-1.063750364706148,-0.3571966425527111,-1.3095154598826924,-0.574981297149524,soleimani_assassination,2020-01-03
2020-03-19,18,-3.503904606406996,-513.2867752854539,142.76706731943955,2.213799566780934,5.717704173187929,0.2608523028057173,0.2317879230853792,3.503904606406996,3.5952743508906093,0.8121627714083707,0.7208852647165713,4.315069593606475,-0.7130166249654164,-0.8186723567902014,-0.3820923916145116,-0.49254530063751173,-0.7207099785214705,soleimani_assassination,2020-01-03
2020-03-20,12,-4.507621185900752,-499.3822018501864,104.9290907701288,2.118234855804991,6.625856041705743,0.17390153520381152,0.16033284668222497,4.507621185900752,4.759235005135015,0.7227197365005744,0.7577524203907795,4.3642244598342455,0.018060334435196692,-0.00731352276186285,-0.41456075383827323,0.1365819701704708,-0.6405772852567253,soleimani_assassination,2020-01-03
2020-03-21,16,-5.102614567249774,-954.8642316787822,170.71634619169544,2.78357853486559,7.886193102115367,0.23186871360508204,0.20853229580078217,5.102614567249774,5.593279454367984,1.06405993029511,0.7391154534912603,4.500875984893609,0.4514356128624259,0.5740715347053591,-0.2906522005889924,-0.18145244032884308,-0.4178067727503714,soleimani_assassination,2020-01-03
2020-03-22,10,-4.580434020761461,-407.7776031895617,84.04210752136466,1.9118883656875028,6.49232238644896,0.14491794600317628,0.13533297155897414,4.580434020761461,4.852063033829786,0.6198837470594685,0.7725082792335407,4.5464518032928485,0.07109501275261058,0.057393854461150744,-0.4518908394984336,0.38838640239220273,-0.3435086745894876,soleimani_assassination,2020-01-03
2020-03-23,9,-5.3439462751801265,-458.6875274643196,80.97993912579504,1.8269123693985543,7.170858644578678,0.13042615140285865,0.12259468676571213,5.3439462751801265,5.664211808702274,0.6551394196985016,0.7969594506727712,4.6699501379451265,0.627214368384892,0.6235161547599042,-0.4390928172615259,0.8056385194678592,-0.14218060823810505,soleimani_assassination,2020-01-03
2020-03-24,8,-4.618300765028701,-331.59220555323975,66.85346190354785,1.8691909864573897,6.4874917514860915,0.11593435680254102,0.10969204215974339,4.618300765028701,4.959985558139697,0.5065908422239035,0.7763238063388076,4.701786803491461,0.09867601004495097,0.13262310999498728,-0.4930168486435308,0.45349726083875685,-0.09028019734134146,soleimani_assassination,2020-01-03
2020-03-25,8,-5.964884087672701,-463.66649478481503,77.2700324432191,1.8469349838648452,7.811819071537547,0.11593435680254102,0.10969204215974339,5.964884087672701,6.000599198991336,0.6543003168229764,0.8087812389392185,4.836747477936681,1.0794867899113945,0.8580007825448046,-0.4393974166764903,1.0073738921085793,0.12973387569080383,soleimani_assassination,2020-01-03
2020-03-26,6,-3.8005577902300867,-177.59743781477908,45.515565859144516,1.8926849264803298,5.693242716710419,0.08695076760190576,0.08337631511879212,3.8005577902300867,3.901905523143091,0.31687650394540395,0.7505005299939508,4.734419678792888,-0.4969433707652297,-0.6049298136137582,-0.5618842999841231,0.01283057329373143,-0.0370817983311829,soleimani_assassination,2020-01-03
2020-03-27,5,-4.4997001936653716,-188.56613785891463,40.6149873599242,1.81164863915973,6.311348832825102,0.07245897300158814,0.0699541174767741,4.4997001936653716,4.642772289644424,0.3147725559579306,0.7769728914224249,4.724782169045608,0.012290921996280381,-0.088495865741971,-0.5626480458188621,0.4645737086880817,-0.05279295109551386,soleimani_assassination,2020-01-03
2020-03-28,541,-1.7149328325833955,-7942.976420051078,4631.594067516485,3.423119598048861,5.138052430632257,7.840060878771836,2.179293763364734,1.7149328325833955,1.7149552193614834,3.737342426638411,0.6001575968125704,4.41196770933531,-2.016049843286999,-2.1293812133099377,0.6797655016635317,-2.552727780963555,-0.5627458219382547,soleimani_assassination,2020-01-03
2020-03-29,52,-1.5579685151411957,-723.4879471861858,467.92939969318127,3.720336893325376,5.278305408466573,0.7535733192165166,0.561655602792968,1.5579685151411957,1.5461476617211334,0.8750417455040935,0.5865668654720807,4.107097412750939,-2.1303779297951584,-2.2470514306345577,-0.35926694400639947,-2.78464965180396,-1.0597480485036788,soleimani_assassination,2020-01-03
2020-03-30,12,-1.7806144292369053,-168.59297672933764,100.98777220813362,3.317516627387113,5.0981310566240206,0.17390153520381152,0.16033284668222497,1.7806144292369053,1.6694395078036888,0.28549098028299824,0.6057918829361103,3.842071113101975,-1.9682093443343516,-2.161108724480387,-0.5732774347531292,-2.4565803297422573,-1.4917962424394156,soleimani_assassination,2020-01-03
2020-03-31,8,-2.482422389126212,-179.054288409793,67.07799023191725,2.9511631949317225,5.4335855840579335,0.11593435680254102,0.10969204215974339,2.482422389126212,2.6693448594796276,0.27230198136632333,0.6480320075508176,3.7181708566183396,-1.4570335404457666,-1.4641074664772669,-0.5780651210680763,-1.7357649093101617,-1.6937795252790162,soleimani_assassination,2020-01-03
2020-04-01,11,-3.777169663637076,-401.614312255238,100.85941955125212,2.695934238692921,6.473103902329998,0.1594097406034939,0.147911031305742,3.777169663637076,3.981921708870792,0.5586850603653226,0.7059741493896592,3.741255835475923,-0.5139785785370478,-0.5491531523334272,-0.4741063326248954,-0.7469991395292964,-1.6561461906413812,soleimani_assassination,2020-01-03
2020-04-02,98,-6.834225463819215,-7278.696622023017,981.6175675808853,1.5911401639112335,8.425365627730452,1.4201958708311275,0.8838484752532327,6.834225463819215,7.415002402575943,6.0404197557334305,0.8411481811113245,4.127504187201711,1.7126888939106062,1.8439349117798856,1.5157964908565487,1.5597063305826033,-1.0264807461371281,soleimani_assassination,2020-01-03
2020-04-03,17,-6.3760138812275615,-1193.2074036388408,170.740147548162,1.8337621049203956,8.209775986147953,0.24636050820539968,0.22022771094479596,6.3760138812275615,6.988440743277813,1.40417494201499,0.8174187135755329,4.438854482720014,1.3789413625783982,1.546592755696445,-0.16718839583724382,1.154769880359966,-0.518914768578618,soleimani_assassination,2020-01-03
2020-04-04,24,-4.715031597175926,-935.7359338640082,191.59956200996737,1.6341417432863554,6.349173340462283,0.34780307040762304,0.29847591161584225,4.715031597175926,4.883810401483744,1.4073233542645853,0.7953053679901821,4.488339675132914,0.1691318380060195,0.07952390422636817,-0.16604550316309688,0.7774120803852261,-0.43824357467494035,soleimani_assassination,2020-01-03
2020-04-05,50,-3.647017929900299,-1440.3175484999092,377.3271092438261,1.94976212748811,5.596780057388409,0.7245897300158813,0.5449891845235058,3.647017929900299,3.817158940385559,1.9875853275589679,0.7416350323469353,4.427564640363586,-0.6087771857384876,-0.6640038796685711,0.044593099977084556,-0.13845656120369393,-0.5373195684281973,soleimani_assassination,2020-01-03
2020-04-06,19,-3.428280921031025,-530.5003522037118,143.97482969992672,2.074670847377298,5.502951768408321,0.27534409740603494,0.24321602251770605,3.428280921031025,3.6846742816739853,0.8338128496865038,0.7262108510055163,4.357297407531214,-0.7680986422328987,-0.7563545942970173,-0.37423328235651454,-0.40166572215784313,-0.6518698265659735,soleimani_assassination,2020-01-03
2020-04-07,10,-3.9695411333613073,-322.6249634676757,77.20112454564622,1.87528566060166,5.844826793962968,0.14491794600317628,0.13533297155897414,3.9695411333613073,4.179018963343199,0.5372097973033638,0.757090888035851,4.339641499592335,-0.3738609875410401,-0.41176311428035406,-0.4819019829029191,0.12529311326257264,-0.6806526422615938,soleimani_assassination,2020-01-03
2020-04-09,11,-4.625961980919456,-508.4872214943628,105.45269871007636,2.4803234963619265,7.106285477281381,0.1594097406034939,0.147911031305742,4.625961980919456,4.821946026173867,0.68423080737895,0.7412720699069776,4.3904755814753935,0.10425620920988812,0.03640027523059526,-0.4285324677186646,-0.1446504094971262,-0.5977824769344272,soleimani_assassination,2020-01-03
2020-04-10,8,-5.514317261612852,-434.03075642474175,75.15514065980193,1.9400376604312024,7.454354922044055,0.11593435680254102,0.10969204215974339,5.514317261612852,5.7751306512674905,0.6048767215430377,0.7934898245523356,4.534174237174556,0.7513074692422492,0.7008340455728955,-0.457338480456402,0.7464303605536419,-0.3635236703629674,soleimani_assassination,2020-01-03
2020-04-11,6,-2.2100512437743567,-121.33051273475061,53.39962108079957,3.3449428015127918,5.554994045287145,0.08695076760190576,0.08337631511879212,2.2100512437743567,2.272123102730711,0.18426592892960922,0.6241610632646792,4.290076764634487,-1.6554204883556327,-1.740997737837604,-0.6100227401516854,-2.143115619060031,-0.7614535071184235,soleimani_assassination,2020-01-03
2020-04-12,8,-2.703502326837109,-192.5537514469505,65.85060141797912,2.7639114252051398,5.467413752042246,0.11593435680254102,0.10969204215974339,2.703502326837109,2.924100119067064,0.2965526912143805,0.6642203575136354,4.140726558087,-1.2960055650708069,-1.2865259222663685,-0.5692619668331854,-1.4595154334625564,-1.0049255213609303,soleimani_assassination,2020-01-03
2020-04-14,12,-3.059729768607983,-319.29898527067246,96.23229114851904,2.4798139135509696,5.539543682158951,0.17390153520381152,0.16033284668222497,3.059729768607983,3.318002527632704,0.4905751838792634,0.69077150083972,4.054138558017999,-1.0365402136901787,-1.011949459763656,-0.49883062941384837,-1.006427907937576,-1.146082037132649,soleimani_assassination,2020-01-03
2020-04-15,10,-3.7596486465200245,-355.5305726275759,86.50123632064386,2.445237492772182,6.204886139292204,0.14491794600317628,0.13533297155897414,3.7596486465200245,4.110121285546611,0.5088044233512301,0.7173176249518394,4.050088053151772,-0.5267403602802574,-0.45978942798817307,-0.4922133053164533,-0.5534260338366306,-1.152685205626868,soleimani_assassination,2020-01-03
2020-04-16,8,-4.646450182974874,-342.0037038246851,72.67515949698955,2.21897237707441,6.865422560049284,0.11593435680254102,0.10969204215974339,4.646450182974874,4.705922989255387,0.5096786093640273,0.7557380109041162,4.112580303424956,0.11917919919358956,-0.04447558222329277,-0.49189597051063294,0.10220665915289744,-1.050809792125373,soleimani_assassination,2020-01-03
2020-04-17,6,-4.960518376055481,-264.6861907744686,51.17739118514791,1.784523410734587,6.745041786790068,0.08695076760190576,0.08337631511879212,4.960518376055481,5.171935978856278,0.4135897432745608,0.790783777436572,4.229164599944714,0.3479370222013776,0.2803668035617218,-0.526776809617663,0.7002524548952136,-0.8607530512685337,soleimani_assassination,2020-01-03
2020-04-21,29,-4.37984038205801,-1036.8644205276323,227.01502119710895,1.7241318985763225,6.103972280634331,0.4202620434092112,0.35084139220031924,4.37984038205801,4.5673824360166915,1.5366292972564102,0.7797510279493782,4.2683548453852325,-0.07501135876153729,-0.1410476625006612,-0.1191066643918994,0.5119817991461387,-0.7968647700492689,soleimani_assassination,2020-01-03
2020-04-22,11,-4.037247140989282,-411.94659347317025,91.1864139904207,2.1262134290699346,6.163460570059217,0.1594097406034939,0.147911031305742,4.037247140989282,4.517631250598867,0.5971533882598832,0.7435106097907713,4.29194823043145,-0.3245459685395804,-0.17572758372045355,-0.46014209711443244,-0.10645037855003513,-0.7584026271919369,soleimani_assassination,2020-01-03
2020-04-23,15,-4.961590414856591,-687.5494626886275,127.37614919438867,1.7650764323846613,6.726666847241251,0.2173769190047644,0.19669847764443782,4.961590414856591,5.397788102695416,0.9759372812975261,0.7921420403017154,4.401452617687168,0.3487178630115095,0.4378009188754417,-0.3226412547475466,0.723430814976442,-0.5798876164004119,soleimani_assassination,2020-01-03
2020-04-24,14,-3.8907378159252173,-462.41138735767424,111.87285023459516,2.050090028987218,5.940827844912436,0.20288512440444678,0.1847229414973702,3.8907378159252173,4.133365569823301,0.7187085339527598,0.7434474910969455,4.3706749099017745,-0.4312589531409661,-0.44358659903533243,-0.41601684460497834,-0.10752748067135154,-0.6300617050843427,soleimani_assassination,2020-01-03
2020-04-25,13,-3.3912949433887323,-407.7875854388548,105.78438641979334,2.3729827752207613,5.764277718609495,0.18839332980412915,0.17260225183739092,3.3912949433887323,3.8548938954052825,0.5853451438736523,0.7083806304320751,4.309104859706404,-0.7950381156137455,-0.637700078938477,-0.46442856119018827,-0.7059332416378179,-0.7304337399453229,soleimani_assassination,2020-01-03
2020-04-26,6,-4.7359188028336465,-255.64661675378036,51.65261693863321,1.9364253434692795,6.672344146302927,0.08695076760190576,0.08337631511879212,4.7359188028336465,4.949344910394488,0.39486345848207083,0.7750636318268386,4.373070101853502,0.18434545020949952,0.12520586310062082,-0.5335745641703195,0.43199274992766706,-0.6261570421952487,soleimani_assassination,2020-01-03
2020-04-27,20,-4.032827787777075,-645.8735872368779,160.58776649753884,1.998280268549932,6.0311080563270085,0.28983589200635257,0.2545149947820513,4.032827787777075,4.021935178024763,1.0264151433629938,0.7511292034090831,4.327029447727962,-0.32776489246183693,-0.5212610740575772,-0.3043174857529883,0.023558701967037434,-0.7012129196266842,soleimani_assassination,2020-01-03
2020-04-29,5,-4.495285627342295,-257.8372471097513,49.888300239065046,2.7411872102353536,7.236472837577639,0.07245897300158814,0.0699541174767741,4.495285627342295,5.1682908793082465,0.3144637388667571,0.7252675279474775,4.418149197414803,0.00907548470005216,0.2778259241012145,-0.5627601482893054,-0.41776325531821573,-0.5526687059534725,soleimani_assassination,2020-01-03
2020-04-30,6,-2.963306727262943,-135.18482762028276,44.93174688684331,2.2626588769388016,5.225965604201749,0.08695076760190576,0.08337631511879212,2.963306727262943,3.0086706390635998,0.2470695954859117,0.6978538738806958,4.268177023731558,-1.1067718560909108,-1.2275745837934176,-0.5872246296355067,-0.8855692753517637,-0.7971546564658796,soleimani_assassination,2020-01-03
2020-05-01,10,-3.9843292554849463,-363.1767477043507,88.95600179111958,2.455635461813506,6.4399647172984515,0.14491794600317628,0.13533297155897414,3.9843292554849463,4.08265592418528,0.5392111178141329,0.7239494342855401,4.262700528578474,-0.3630897642910985,-0.4789346314699541,-0.48117549146245664,-0.4402561396495145,-0.8060824868099685,soleimani_assassination,2020-01-03
2020-05-02,6,-4.741572237336455,-361.1104783926222,71.52927404985782,3.5899867188199317,8.331558956156382,0.08695076760190576,0.08337631511879212,4.741572237336455,5.048429236691519,0.39533482101868045,0.6988656658544351,4.360614731133083,0.18846324181613852,0.1942743003898784,-0.5334034567208337,-0.8683033400925003,-0.6464618965877553,soleimani_assassination,2020-01-03
2020-05-04,61,-12.472430063868918,-11338.532388878979,873.2344833100351,0.9214446673281227,13.393874731197041,0.8839994706193752,0.6333968951665391,12.472430063868918,12.984522033417365,7.899998477636371,0.9356322662683269,5.285492945633145,5.8193874975760735,5.726264556943797,2.190834805338894,3.1720497170619453,0.8612826657992001,soleimani_assassination,2020-01-03
2020-05-05,38,-8.43007884837785,-3821.504556597387,432.0818521463133,1.470248104052038,9.900326952429886,0.5506881948120699,0.4386988290467554,8.43007884837785,8.844399591453644,3.6982657195551827,0.870697119824744,5.67548531778712,2.8750604875139993,2.8403208568735883,0.6655804208308205,2.0639503610232617,1.4970516451835743,soleimani_assassination,2020-01-03
2020-05-06,20,-5.497905163651777,-974.2917916058341,168.1733265909899,1.4553805829488593,6.953285746600639,0.28983589200635257,0.2545149947820513,5.497905163651777,5.79337883929349,1.399299304039045,0.8269189755057348,5.697278432498905,0.7393533908501001,0.7135542595302277,-0.16895828188860718,1.3168890824195452,1.5325789715807367,soleimani_assassination,2020-01-03
2020-05-07,16,-4.88264308273001,-696.9332999590198,135.02241659457906,1.7781289772155913,6.660772059945602,0.23186871360508204,0.20853229580078217,4.88264308273001,5.161611808886856,1.0181887716174973,0.7892937754115736,5.631267432329094,0.2912150014437535,0.2731701629552241,-0.30730370841298005,0.6748260044315725,1.424967261191865,soleimani_assassination,2020-01-03
2020-05-08,11,-4.276041339805203,-390.00685804910506,88.75780602897092,1.896425058686984,6.1724663984921895,0.1594097406034939,0.147911031305742,4.276041339805203,4.394056990568302,0.6324736844765744,0.7649708056241519,5.4932189174010295,-0.15061545831437326,-0.2618671513842765,-0.44732061612827995,0.2597616111941267,1.199919363571211,soleimani_assassination,2020-01-03
2020-05-09,9,-3.5534330633116524,-286.65256935202854,73.49947723233207,2.3065877590292896,5.860020822340939,0.13042615140285865,0.12259468676571213,3.5534330633116524,3.900062696308967,0.43563201333961693,0.7175586737080669,5.328470553717452,-0.6769415870339685,-0.60621438781822,-0.5187753323707877,-0.5493126070380673,0.9313451387579111,soleimani_assassination,2020-01-03
2020-05-10,5,-4.13707348297608,-262.09394124627823,46.4916926790307,2.5806325264150303,6.717706009391111,0.07245897300158814,0.0699541174767741,4.13707348297608,5.637435983579306,0.2894053244381557,0.7224630490191872,5.369419567187092,-0.2518354643406732,0.6048516043967127,-0.5718565041683258,-0.465620871180567,0.9981005790158843,soleimani_assassination,2020-01-03
2020-05-11,16,-6.175741809217893,-1103.7589911293508,166.0217161147907,2.100307723978265,8.276049533196149,0.23186871360508204,0.20853229580078217,6.175741809217893,6.64828082108361,1.2878416177490832,0.7975871809419369,5.513672194243829,1.233069210569575,1.3094784195303129,-0.2094180956104404,0.8163505536300196,1.2332624745443623,soleimani_assassination,2020-01-03
2020-05-12,6,-8.284821579621228,-671.7042162076822,74.35317649162764,2.0536872511583417,10.338508830779594,0.08695076760190576,0.08337631511879212,8.284821579621228,9.03396798767996,0.6907578947254687,0.834275762134553,5.892513204269548,2.769259463058481,2.9724627745320085,-0.4261630955651888,1.4424305029350153,1.8508524057594868,soleimani_assassination,2020-01-03
2020-05-13,7,-6.522931269114255,-497.4060117918489,69.10283148901979,1.6744509003728554,8.197382169487105,0.10144256220222339,0.09662074082777983,6.522931269114255,7.198055435266572,0.6302504515905094,0.8303809547301625,6.036189479196292,1.4859515678630988,1.6927082892989214,-0.4481276631021102,1.3759667492812135,2.085074726999811,soleimani_assassination,2020-01-03
2020-05-14,10,-4.7384053834664375,-440.3506663638537,91.67516303942138,2.21455546023785,6.95296084370429,0.14491794600317628,0.13533297155897414,4.7384053834664375,4.803380236962304,0.6412624809955534,0.7584345217596651,5.907542068374816,0.1861566007329293,0.02345867189324829,-0.44413022987647943,0.14822183130902852,1.8753525915983535,soleimani_assassination,2020-01-03
2020-05-15,7,-3.7656639533298204,-239.71881954364991,62.32723349849074,2.5691132732272886,6.334777226557109,0.10144256220222339,0.09662074082777983,3.7656639533298204,3.846132839338276,0.3638412408791934,0.7114617174043752,5.710093606037581,-0.5223589917722415,-0.6438071240602021,-0.5448358166440634,-0.6533553900906399,1.5534703796775615,soleimani_assassination,2020-01-03
2020-05-17,11,-3.516699752482097,-337.0468857792519,93.5738736937489,2.4950080189293544,6.011707771411452,0.1594097406034939,0.147911031305742,3.516699752482097,3.601933664543461,0.5201586871822746,0.7067013780144881,5.503020944110083,-0.7036970255099709,-0.8140303674402142,-0.4880916389258781,-0.7345891949153128,1.2158987133269359,soleimani_assassination,2020-01-03
2020-05-18,9,-5.032365052848943,-506.2849806370288,98.699017066229,2.967096199477148,7.999461252326092,0.13042615140285865,0.12259468676571213,5.032365052848943,5.129584829576383,0.6169412173447326,0.7294414211098428,5.4756817864769305,0.40026798004975256,0.25084520506593566,-0.452958995568168,-0.3465369845126266,1.1713301792049522,soleimani_assassination,2020-01-03
2020-05-20,11,-4.2886646158920225,-412.5959131226886,86.33278293020791,1.779885097972533,6.068549713864556,0.1594097406034939,0.147911031305742,4.2886646158920225,4.779133709337672,0.634340806261033,0.7732178274210684,5.4097215963863885,-0.14142104378763382,0.006557211941813972,-0.4466428396365031,0.4004946354946095,1.0638012998521367,soleimani_assassination,2020-01-03
2020-05-21,17,-4.515183912178989,-675.3386463942625,145.6899261643535,2.027405872273843,6.542589784452832,0.24636050820539968,0.22022771094479596,4.515183912178989,4.635451909230908,0.9943686174739473,0.7634297666554227,5.331905451498712,0.023568796729464114,-0.09359866307046807,-0.3159505683250558,0.23346423015467827,0.9369447391927097,soleimani_assassination,2020-01-03
2020-05-22,10,-4.4760231138942554,-433.67089672782913,90.97393270037045,2.3106850780713946,6.786708191965656,0.14491794600317628,0.13533297155897414,4.4760231138942554,4.766979769426448,0.6057535087699621,0.7460058052363406,5.273176514735607,-0.004954750577230206,-0.0019149013373266411,-0.45702020139413296,-0.06387059521454613,0.8412043123223429,soleimani_assassination,2020-01-03
2020-05-23,13,-5.90872726795621,-774.5621298179407,116.92681934951662,1.5428217256186874,7.4515489935748995,0.18839332980412915,0.17260225183739092,5.90872726795621,6.624332502388749,1.0198596319422366,0.828468074778553,5.4196516095213,1.0385838519240123,1.2927848312527823,-0.3066971760171946,1.3433240102000075,1.0799892941997893,soleimani_assassination,2020-01-03
2020-05-24,7,-4.68027206215472,-319.3207427666539,60.36893156554767,1.9719305093189032,6.652202571473614,0.10144256220222339,0.09662074082777983,4.68027206215472,5.289488060923197,0.45221135392094985,0.7713473933153067,5.410897829873461,0.14381403844720425,0.362308508288273,-0.5127569315419166,0.36857622240674365,1.0657188059804321,soleimani_assassination,2020-01-03
2020-05-25,7,-3.2332936431270984,-212.09463347727927,58.93327097151227,2.5928725335444676,5.826166176671565,0.10144256220222339,0.09662074082777983,3.2332936431270984,3.5988946478094457,0.3124032271126914,0.6920227329043919,5.2197631319385795,-0.9101215092096536,-0.8161487664298295,-0.5635081265088089,-0.9850759972843459,0.7541293480640014,soleimani_assassination,2020-01-03
2020-05-26,9,-1.9916020732280326,-152.1066565973339,67.99087046141268,2.7814695445755757,4.773071617803609,0.13042615140285865,0.12259468676571213,1.9916020732280326,2.237162953865402,0.24415983232933353,0.6318148932158846,4.911031345067955,-1.814532292075306,-1.7653673121160645,-0.588280891246604,-2.012505240787782,0.2508320862274146,soleimani_assassination,2020-01-03
2020-05-28,10,-3.6341866587456395,-283.95634306855294,75.08778904366788,1.937296122810573,5.571482781556214,0.14491794600317628,0.13533297155897414,3.6341866587456395,3.7816580656465453,0.4918252797280269,0.7419958494604331,4.7976895726376885,-0.6181230976150499,-0.6887503762363013,-0.4983768370657475,-0.13229932228128694,0.06606133652886308,soleimani_assassination,2020-01-03
2020-05-31,5,-3.630726000777334,-172.92631304631485,46.41590446923388,2.8262274465347184,6.456953447312051,0.07245897300158814,0.0699541174767741,3.630726000777334,3.72558318153504,0.2539842331843558,0.6955539831817729,4.683720715758245,-0.6206437367642712,-0.7278383406147189,-0.5847145743621073,-0.9248162400852614,-0.11973169172872587,soleimani_assassination,2020-01-03
2020-06-01,10,-4.251215566077179,-398.4585343884019,90.5325938296812,2.40102190844547,6.65223747452265,0.14491794600317628,0.13533297155897414,4.251215566077179,4.401271603219733,0.575329635294991,0.734789228179797,4.657570687935369,-0.16869780500730652,-0.25683808129716845,-0.46806425133333235,-0.25527821487877483,-0.16236169602342224,soleimani_assassination,2020-01-03
2020-06-02,8,-5.243906584371072,-372.43266904687175,68.91481763421756,1.685222809953063,6.929129394324131,0.11593435680254102,0.10969204215974339,5.243906584371072,5.404246602285887,0.5752148221345876,0.8043703380137722,4.7335413436207245,0.5543484673225136,0.4423029273223668,-0.4681059292044363,0.9321031528751813,-0.03851366801847781,soleimani_assassination,2020-01-03
2020-06-03,6,-5.62792145658052,-289.65825277064124,49.90287861780626,1.3446124898602587,6.97253394644078,0.08695076760190576,0.08337631511879212,5.62792145658052,5.804439759659193,0.469235352827669,0.8383324737446536,4.856070805621052,0.8340533470417435,0.7212644646977918,-0.5065771170536215,1.5116571046905478,0.16123493365342492,soleimani_assassination,2020-01-03
2020-06-04,9,-4.6416225115505165,-401.78265324360063,78.40223009617458,2.0348681940122133,6.676490705562733,0.13042615140285865,0.12259468676571213,4.6416225115505165,5.124632969632895,0.5690382578882136,0.7664120813445648,4.888681334824765,0.115662868569974,0.247393425750742,-0.4703480593541605,0.2843565614658009,0.21439690385945556,soleimani_assassination,2020-01-03
2020-06-05,7,-6.819461599724019,-542.4348034377381,76.05499006485886,2.0227684904850536,8.84223009020906,0.10144256220222339,0.09662074082777983,6.819461599724019,7.132139560798781,0.6589014318119313,0.8138270819400487,5.1245344368264085,1.7019353394787728,1.6467604929905804,-0.43772718412849404,1.0934797328761845,0.598886695585488,soleimani_assassination,2020-01-03
2020-06-06,8,-3.2817883247121973,-216.95222046164216,64.087948469387,2.3646026169805876,5.646390941692781,0.11593435680254102,0.10969204215974339,3.2817883247121973,3.3852264839663904,0.359986063273684,0.7048302935632158,4.897591581901669,-0.8747994421195429,-0.9650898424468846,-0.5462352694137692,-0.7665187059598465,0.22892246665151267,soleimani_assassination,2020-01-03
2020-06-07,8,-4.539854204639547,-387.43881555526394,74.05670304097913,2.3586168377414225,6.898471042380978,0.11593435680254102,0.10969204215974339,4.539854204639547,5.231650878933611,0.4979858788144095,0.7452096309028196,4.911046125670214,0.041537895544874394,0.32199210380205984,-0.49614050236558616,-0.07745707826091533,0.2508561816946175,soleimani_assassination,2020-01-03
2020-06-08,8,-5.594106050162437,-464.46099328861703,76.37418617258942,1.9763336107056153,7.57043966086805,0.11593435680254102,0.10969204215974339,5.594106050162437,6.081387135687888,0.6136289167004936,0.7929841262083475,5.029670750987673,0.8094232223530621,0.9143154061385212,-0.4541613807200361,0.7378007656422024,0.44423908442010684,soleimani_assassination,2020-01-03
2020-06-09,16,-3.8036639949454933,-544.7321602058091,129.18799645298046,2.135292891682891,5.938956886628385,0.23186871360508204,0.20853229580078217,3.8036639949454933,4.216584939484459,0.7931867853207585,0.7355428739127405,4.943143263876712,-0.49468090470159176,-0.385577103189717,-0.38898078924637625,-0.24241747001109937,0.30318121740236126,soleimani_assassination,2020-01-03
2020-06-10,12,-3.7706584493757247,-365.469606545877,96.15636096128377,2.1211858153656267,5.891844264741354,0.17390153520381152,0.16033284668222497,3.7706584493757247,3.8007845023693134,0.6045604030547942,0.7352829336518218,4.825631043502127,-0.5187211511132581,-0.6754179638889304,-0.45745330597931666,-0.24685327483341976,0.11161176695361129,soleimani_assassination,2020-01-03
2020-06-11,70,-2.9515437976286467,-1643.3061618295483,529.7723914572922,2.3083166115949063,5.2598604092235535,1.0144256220222339,0.7003341036582665,2.9515437976286467,3.1019097792339827,2.067066779920374,0.6949970111368676,4.64885112175087,-1.115339620145403,-1.1625806342311311,0.07344534753332048,-0.9343208057649163,-0.1765764091553099,soleimani_assassination,2020-01-03
2020-06-12,16,-4.80750987563919,-809.2201301932042,144.71686069883395,2.1186469590189616,6.926156834658153,0.23186871360508204,0.20853229580078217,4.80750987563919,5.591747404452399,1.002521071451973,0.7657608713966765,4.742888435080931,0.2364902338029943,0.5730035929079716,-0.3129911782613806,0.27324385342674185,-0.023275957688282792,soleimani_assassination,2020-01-03
2020-06-13,8,-4.27437760924779,-336.60243685058015,72.50856792370472,2.394596690607646,6.668974299855439,0.11593435680254102,0.10969204215974339,4.27437760924779,4.642243620157571,0.4688652089202718,0.7357998637482621,4.721745623602276,-0.15182726959857912,-0.08886438391900305,-0.5067114815289848,-0.23803201333861204,-0.05774315406153317,soleimani_assassination,2020-01-03
2020-06-14,9,-4.349654960652914,-375.3358417764181,75.0120020014082,1.992505964196222,6.342160924849139,0.13042615140285865,0.12259468676571213,4.349654960652914,5.0036771684799435,0.5332445874401699,0.7609375406694339,4.727681518047549,-0.09699751157590464,0.16307909997473055,-0.4833413780471484,0.1909351197818157,-0.04806640696937497,soleimani_assassination,2020-01-03
2020-06-15,137,-4.749772246840253,-5711.483606619661,1194.6563103515796,1.985173403410455,6.734945650250709,1.985375860243515,1.0937256552472556,4.749772246840253,4.780859195343646,5.194947762950585,0.7723456077612868,4.7196503321410095,0.19443588203905535,0.007759991699732696,1.2088850478356659,0.38561046111043434,-0.061158916545513746,soleimani_assassination,2020-01-03
2020-06-16,10,-5.004989856735078,-490.3606790600025,89.05986983434221,1.9504985633495746,6.955488420084649,0.14491794600317628,0.13533297155897414,5.004989856735078,5.505966716233797,0.6773401499344823,0.7809901848074062,4.802162000720069,0.3803287107910794,0.5132086858194889,-0.43103381801494506,0.5331276499159484,0.07335232794390206,soleimani_assassination,2020-01-03
2020-06-19,6,-5.065013695248322,-329.15504776013967,59.45602503537403,2.42216190532367,7.4871756005719945,0.08695076760190576,0.08337631511879212,5.065013695248322,5.536109209525951,0.42230217793602176,0.7555677255030845,4.884889607296582,0.42404826892964126,0.5342200302520078,-0.5236141431816373,0.09930078839475637,0.2082155964472561,soleimani_assassination,2020-01-03
2020-06-20,8,-4.047913856494457,-278.3038866466445,67.33765102398195,2.184646260751645,6.2325601172461,0.11593435680254102,0.10969204215974339,4.047913856494457,4.132961016824422,0.4440239374055994,0.7404547111423777,4.812629344034537,-0.316776653876822,-0.4438685996753681,-0.515729013217938,-0.158598398688043,0.09041628265447671,soleimani_assassination,2020-01-03
2020-06-22,11,-3.0136478693103546,-282.5126699594504,85.02209128023891,2.3578165780829536,5.371464447393311,0.1594097406034939,0.147911031305742,3.0136478693103546,3.3228148791149867,0.44575176434204655,0.6949500774636838,4.653670019908341,-1.0701048827513466,-1.0085949272256691,-0.5151018015978228,-0.935121715224276,-0.16872059919058938,soleimani_assassination,2020-01-03
2020-06-23,8,-3.5697644585041113,-261.5388571952214,67.82158421858585,2.4539667844095625,6.023731242913671,0.11593435680254102,0.10969204215974339,3.5697644585041113,3.856277617348095,0.3915747534825865,0.7105385475514061,4.568834311694381,-0.6650462901105136,-0.6367355317108317,-0.5347683839605406,-0.6691090146778764,-0.3070205134392834,soleimani_assassination,2020-01-03
2020-06-24,8,-4.43682223695027,-357.8415314167514,79.25889415402305,2.7352697661512964,7.172092003101565,0.11593435680254102,0.10969204215974339,4.43682223695027,4.514843857414429,0.486684091870836,0.7239154247258733,4.562769208928859,-0.03350748997354553,-0.17767058417829282,-0.5002431193288635,-0.44083650287698023,-0.3169078970663015,soleimani_assassination,2020-01-03
2020-06-25,8,-5.60850621770777,-485.68271536649274,80.79793989501471,2.245618134584531,7.854124352292308,0.11593435680254102,0.10969204215974339,5.60850621770777,6.01107795567025,0.6152085004859836,0.777655901870529,4.714470609352085,0.8199118711598912,0.8653051804813394,-0.45358798225963115,0.4762290829986557,-0.06960294598337285,soleimani_assassination,2020-01-03
2020-06-26,50,-2.837517207760144,-1286.9895866590387,413.9666120080527,2.7209075162004575,5.558424723960598,0.7245897300158813,0.5449891845235058,2.837517207760144,3.108921225352356,1.546416189128616,0.6713614773179426,4.534501830497581,-1.1983931576827935,-1.1576931848773135,-0.11555396349485207,-1.3376543044756068,-0.36298962485976344,soleimani_assassination,2020-01-03
2020-06-27,5,-2.729107635371419,-141.8826964653184,49.97246128236643,3.632692310550934,6.3617999459223515,0.07245897300158814,0.0699541174767741,2.729107635371419,2.839217697595854,0.19091231613153342,0.6365305793100101,4.351441811897145,-1.277355428677504,-1.3456946770376288,-0.6076100614297044,-1.9320334314461176,-0.661415669833107,soleimani_assassination,2020-01-03
2020-06-29,33,-5.293803102639377,-1618.7147701343797,293.2394763044224,1.7961208169291376,7.089923919568513,0.4782292218104817,0.39084489968257824,5.293803102639377,5.520112061767338,2.0690559425904085,0.7978717336913767,4.478918750039045,0.5906915900780105,0.5230689427080453,0.07416742560411983,0.821206363398419,-0.45360164924112883,soleimani_assassination,2020-01-03
2020-06-30,19,-5.824421193503385,-1117.7155376011385,187.434746600255,2.0202827348339683,7.844703928337358,0.27534409740603494,0.24321602251770605,5.824421193503385,5.963224844243569,1.4165925561517236,0.7952067444372498,4.647926516828265,0.9771778436651275,0.8319483444489527,-0.16268072685930726,0.7757290981871415,-0.17808370819485805,soleimani_assassination,2020-01-03
2020-07-01,11,-4.338783628696583,-442.80765672746156,99.41955718639288,2.3496789668513847,6.688462595547971,0.1594097406034939,0.147911031305742,4.338783628696583,4.453929078534125,0.6417539611329812,0.7400263150749306,4.632239386163535,-0.10491586270574012,-0.22013228061725176,-0.443951819616315,-0.16590885277133569,-0.20365700594193994,soleimani_assassination,2020-01-03
2020-07-02,11,-3.26617766191986,-322.5132169497748,97.97410312670931,2.820279492981399,6.086457154901259,0.1594097406034939,0.147911031305742,3.26617766191986,3.291821069621535,0.4831037064023437,0.6833543412724742,4.495802105507132,-0.886169779246191,-1.0301996962880975,-0.5015428208921159,-1.1329995750584334,-0.4260782553469239,soleimani_assassination,2020-01-03
2020-07-03,95,-3.973216972619053,-3643.7764743867715,914.6129923013583,2.827144104750249,6.800361077369303,1.3767204870301746,0.8657215908159326,3.973216972619053,3.9839544212227564,3.4396997181926303,0.7063471739282059,4.442312705116243,-0.3711836168143817,-0.5477362151562205,0.5717193996831893,-0.740633584454906,-0.513277144152296,soleimani_assassination,2020-01-03
2020-07-04,5,-4.612013861213532,-205.08578569123458,43.602774878662586,2.0542705572594957,6.666284418473028,0.07245897300158814,0.0699541174767741,4.612013861213532,4.703503074332895,0.32262935945184196,0.7644335064710789,4.464561889557177,0.09409681844929504,-0.0461624256254313,-0.5597959786676949,0.25059275768214473,-0.47700632888988226,soleimani_assassination,2020-01-03
2020-07-05,11,-4.100119679024768,-440.4378852540364,99.08996693627752,2.454029566682049,6.5541492457068165,0.1594097406034939,0.147911031305742,4.100119679024768,4.44482825932591,0.6064529302015214,0.7275776138782852,4.45508007910998,-0.2787515033729637,-0.22647616349211822,-0.45676630718749817,-0.3783423119228531,-0.49246365929210545,soleimani_assassination,2020-01-03
2020-07-06,66,-4.91188776742741,-2741.067927205726,522.7451311900503,1.5042465040897068,6.416134271517118,0.9564584436209634,0.6711359222796897,4.91188776742741,5.243602979076199,3.2965443269267203,0.8100790168166557,4.534589380363661,0.3125159499425697,0.33032352119191566,0.5197531274888549,1.0295200934961264,-0.362846900301599,soleimani_assassination,2020-01-03
2020-07-07,113,-6.169956819790548,-7177.4760783291285,1105.6079893164401,1.8070923392925151,7.977049159083062,1.6375727898358918,0.9698590964634102,6.169956819790548,6.491881523727699,5.983988746460317,0.8153039446953482,4.72678277302747,1.228855598313772,1.2004575938840036,1.4953116934475534,1.118681965530371,-0.049531548969427366,soleimani_assassination,2020-01-03
2020-07-08,40,-6.157453730531065,-2615.071558011559,395.7504070481186,1.8681532228359465,8.025606953367014,0.5796717840127051,0.45721709382214193,6.157453730531065,6.607880905334349,2.81529310001772,0.8111786429461535,4.932689678503157,1.219748724256209,1.2813169619950988,0.3450560236616108,1.0482848930340538,0.28613969100751036,soleimani_assassination,2020-01-03
2020-07-09,55,-6.394138122334279,-3958.697456916132,589.5308045354781,2.1623018891553833,8.556440011489661,0.7970487030174696,0.5861457098367571,6.394138122334279,6.714996784664026,3.7478966285098947,0.7982690590744369,5.1191121591521975,1.3921425145275124,1.355983931743544,0.6835967407275827,0.8279866053046941,0.5900472510501197,soleimani_assassination,2020-01-03
2020-07-10,106,-7.342214004672378,-9068.213306398988,1216.079314471958,2.0651161791353014,9.407330183807678,1.5361302276336686,0.930639386847095,7.342214004672378,7.456925875214445,6.832953539408456,0.8199933899184911,5.360489936277922,2.0826924640863593,1.873158390902103,1.803491044037303,1.1987059820536587,0.9835434165307667,soleimani_assassination,2020-01-03
2020-07-11,8,-6.90494676655984,-660.4624710073125,92.76623272522666,2.3454161620467513,9.250362928606593,0.11593435680254102,0.10969204215974339,6.90494676655984,7.119643124493377,0.7574177118282658,0.7977353532081989,5.552437378794964,1.7642001631560975,1.6380496366972086,-0.4019651790958465,0.8188790701856928,1.2964578177804382,soleimani_assassination,2020-01-03
2020-07-12,16,-5.7685659785991685,-940.3343570904563,154.0866962601226,1.9309262688292463,7.6994922474284175,0.23186871360508204,0.20853229580078217,5.7685659785991685,6.102631699644101,1.2029323069955702,0.7994971593841391,5.620168750029223,0.9364945855491382,0.9291242955782959,-0.24024068856647052,0.8489437792985077,1.4068740921400504,soleimani_assassination,2020-01-03
2020-07-13,10,-4.4135369325112475,-385.2728109024385,85.27453625630844,2.056958346559801,6.470495279071047,0.14491794600317628,0.13533297155897414,4.4135369325112475,4.518028802225668,0.5972970681620267,0.758783989117545,5.517775265172293,-0.05046780518183322,-0.17545046350748797,-0.46008994044161966,0.15418538995842168,1.2399513366934447,soleimani_assassination,2020-01-03
2020-07-14,26,-4.790384381411728,-1225.4384307562445,250.33122801357203,2.4188698864782094,7.20925426788994,0.3767866596082583,0.319752276449495,4.790384381411728,4.895267923544105,1.5317363110245061,0.7487703889463452,5.451678226706324,0.22401653903314186,0.08751056744032648,-0.12088284796502066,-0.016693779629281418,1.13219936592093,soleimani_assassination,2020-01-03
2020-07-15,15,-4.2478022066810475,-666.4951970642999,141.65689635927222,2.5979954419685516,6.8457976486496,0.2173769190047644,0.19669847764443782,4.2478022066810475,4.704996468184121,0.8355362273888457,0.7248991568282552,5.377356603130252,-0.1711839932995474,-0.04512142970391314,-0.3736076858352686,-0.4240494011475487,1.0110396044974597,soleimani_assassination,2020-01-03
2020-07-16,11,-3.9517985298451133,-394.9955772226225,92.06431910159144,2.208842512422503,6.160641042267616,0.1594097406034939,0.147911031305742,3.9517985298451133,4.290430658448161,0.5845145960619058,0.7360837741075787,5.26472510852795,-0.3867841661508943,-0.33410167211059033,-0.46473005506529813,-0.23318716577051113,0.8274267559323839,soleimani_assassination,2020-01-03
2020-07-17,9,-5.404691225872238,-472.9748794553423,80.6403829063122,1.777675659636781,7.182366885509018,0.13042615140285865,0.12259468676571213,5.404691225872238,5.865236031987142,0.6625864279011997,0.8015996407740433,5.330764666302282,0.6714591629396731,0.7636435541020602,-0.43638950827768186,0.884822011686269,0.9350850211781616,soleimani_assassination,2020-01-03
2020-07-18,10,-3.001925266263411,-286.66441011696395,85.3568823575493,2.766881484745759,5.768806751009169,0.14491794600317628,0.13533297155897414,3.001925266263411,3.358421748771969,0.40625946668139207,0.6758455313356408,5.121670568659801,-1.0786432741328484,-0.9837745450736258,-0.5294377443217763,-1.261135229035143,0.5942179926277373,soleimani_assassination,2020-01-03
2020-07-19,10,-3.354154944655914,-314.50979681265824,78.9888283899023,2.2723639471671584,5.626518891823073,0.14491794600317628,0.13533297155897414,3.354154944655914,3.9816997317669327,0.4539277557295113,0.7123183121605017,4.999089266731429,-0.8220897733231621,-0.549307885299281,-0.5121338673122721,-0.6387378501352248,0.3943848810512891,soleimani_assassination,2020-01-03
2020-07-20,20,-4.271120694351561,-863.3818252258592,172.63418421425513,2.180294258180596,6.451414952532157,0.28983589200635257,0.2545149947820513,4.271120694351561,5.001221682458451,1.087064261236399,0.7474087454805998,5.0040974733045775,-0.15419950842376903,0.16136746112499253,-0.2823014894297945,-0.0399298286748885,0.4025493032526031,soleimani_assassination,2020-01-03
2020-07-21,47,-3.714353180038953,-1482.4200720088863,389.783808906576,2.2894596749440996,6.00381285498305,0.6811143462149285,0.5194568748464867,3.714353180038953,3.803185350790687,1.9294462949791444,0.7239377258274894,4.8866591044792465,-0.5597322153379033,-0.6737444111199933,0.02348827978525265,-0.4404559410750419,0.21110024624600096,soleimani_assassination,2020-01-03
2020-07-22,25,-4.094860070095465,-911.7567022016674,206.6982606810804,2.0865351785738766,6.181395248669341,0.36229486500794067,0.3091706784279628,4.094860070095465,4.411051642125031,1.2660106659389903,0.7476351310723847,4.842162094904082,-0.2825824442802172,-0.25002073662660884,-0.21734286305365466,-0.036066624505614334,0.1385608316748623,soleimani_assassination,2020-01-03
2020-07-23,15,-3.4781189550937497,-490.41268508969637,121.90233512152219,2.324351693170532,5.802470648264284,0.2173769190047644,0.19669847764443782,3.4781189550937497,4.022996644000404,0.6841407035332033,0.7139900940962172,4.757529326141224,-0.731798117613232,-0.5205211609056879,-0.4285651759592165,-0.6102093784544389,0.0005917510960451841,soleimani_assassination,2020-01-03
2020-07-24,10,-2.2376077286114513,-181.78574323734688,74.82468439109797,2.622430355249175,4.8600380838606245,0.14491794600317628,0.13533297155897414,2.2376077286114513,2.4294889409379756,0.30282210309631424,0.6495233656393251,4.50494598095487,-1.6353491738450832,-1.6313031682332535,-0.5669861324306249,-1.7103153180178088,-0.411171829539367,soleimani_assassination,2020-01-03
2020-07-25,7,-5.102316645558569,-330.247298522896,61.91379523535749,1.8712556226033878,6.973572268161957,0.10144256220222339,0.09662074082777983,5.102316645558569,5.3339857016922085,0.49298961423178145,0.7884350441055934,4.600137860001792,0.4512186156656122,0.39332635566971585,-0.49795417660418667,0.6601720048753583,-0.25598919493274036,soleimani_assassination,2020-01-03
2020-07-26,8,-4.600121022653654,-372.54236763047237,77.70185710615206,2.556305557807676,7.156426580461331,0.11593435680254102,0.10969204215974339,4.600121022653654,4.794510472529958,0.5045966691568464,0.7368088070980965,4.630373215412873,0.08543443264175637,0.017275849731956505,-0.49374074551872993,-0.22081468901637727,-0.20669925383759122,soleimani_assassination,2020-01-03
2020-07-27,10,-3.1296930211745986,-229.8026054108515,71.12820292867046,1.991563635846223,5.121256657020821,0.14491794600317628,0.13533297155897414,3.1296930211745986,3.2308225984748216,0.4235506566229418,0.720003661860623,4.477775564590189,-0.9855810853852778,-1.07271973186373,-0.523160937873059,-0.5075895965305983,-0.45546528016819576,soleimani_assassination,2020-01-03
2020-07-28,12,-4.24345787895692,-407.91593023564434,93.17283815149894,1.7604726501673265,6.003930529124247,0.17390153520381152,0.16033284668222497,4.24345787895692,4.37805629117333,0.6803656815092795,0.7732636225199279,4.459049552176331,-0.17434827091344995,-0.27302071465757305,-0.4299355317683837,0.4012761155148327,-0.4859925895474608,soleimani_assassination,2020-01-03
2020-07-29,8,-3.3412419969004836,-205.0192417704113,61.35306463062449,2.163945540963786,5.505187537864272,0.11593435680254102,0.10969204215974339,3.3412419969004836,3.3416300066627085,0.366507657989913,0.7178370072964668,4.341164931798046,-0.8314951759784618,-0.995479518303944,-0.5438678911182834,-0.5445629254409396,-0.6781691297425241,soleimani_assassination,2020-01-03
2020-07-30,5,-2.729069775519994,-105.51701968958312,38.684071801256366,2.503872292365638,5.2329420678856335,0.07245897300158814,0.0699541174767741,2.729069775519994,2.727660630754909,0.1909096676790392,0.6763690873559595,4.176698928610588,-1.2773830046542574,-1.4234574530813326,-0.6076110228339658,-1.252200898079729,-0.9462830480030447,soleimani_assassination,2020-01-03
2020-08-01,6,-4.825149624895297,-264.81120152899854,51.26495913479245,1.85950511545172,6.6846547403470185,0.08695076760190576,0.08337631511879212,4.825149624895297,5.1655400881667095,0.40230319562059186,0.7823653645490125,4.282108345253278,0.24933849646420114,0.27590843772818774,-0.5308738946267147,0.5565946915655011,-0.7744436941554603,soleimani_assassination,2020-01-03
2020-08-03,13,-4.140295701472436,-476.60327160308003,111.69454210857924,2.2257960765168323,6.366091777989263,0.18839332980412915,0.17260225183739092,4.140295701472436,4.267023818762512,0.7146243613468124,0.7409421405157781,4.278189438190316,-0.2494884973292997,-0.35041781311276576,-0.41749942394378275,-0.15028055843725377,-0.780832330758686,soleimani_assassination,2020-01-03
2020-08-04,15,-4.981803995165032,-708.3877386568371,138.878973771694,2.138397128140617,7.120201123305648,0.2173769190047644,0.19669847764443782,4.981803995165032,5.100755855392266,0.9799132617719402,0.7690366219522936,4.364068436640986,0.3634408267767876,0.2307494717651888,-0.32119794980635186,0.329143582310489,-0.6408316356323261,soleimani_assassination,2020-01-03
2020-08-05,26,-4.463659422914904,-1238.2294784808419,266.7840676460228,2.898633127889129,7.362292550804027,0.3767866596082583,0.319752276449495,4.463659422914904,4.641317187365785,1.4272652617722796,0.7175076383305116,4.388467191567957,-0.013960091121382703,-0.08951016986289063,-0.1588064702181612,-0.5501835108875475,-0.6010565717445493,soleimani_assassination,2020-01-03
2020-08-06,58,-3.622237300529971,-1988.9986751441802,430.768638294342,1.9024040936517577,5.524641394181724,0.8405240868184224,0.6100503608572106,3.622237300529971,4.6173247036268865,2.209747172298757,0.7438545250910128,4.401000712505342,-0.6268266506394564,-0.10623454414551911,0.12523919226080943,-0.1005815641467208,-0.5806243161841574,soleimani_assassination,2020-01-03
2020-08-07,12,-5.389781547944151,-637.3836835330171,116.8959108914323,2.1757721798376015,7.565553727781752,0.17390153520381152,0.16033284668222497,5.389781547944151,5.4525746766710315,0.8641590185772147,0.7766451712558161,4.499777936295764,0.660599402098813,0.4759908444705803,-0.36321743965101205,0.45898125952196533,-0.4195968211877561,soleimani_assassination,2020-01-03
2020-08-08,12,-9.9286999509035,-1307.5129521235804,130.49210807671633,0.47282119441143333,10.401521145314932,0.17390153520381152,0.16033284668222497,9.9286999509035,10.019862284352808,1.5918967269820254,0.9565195595613987,5.0700374735979965,3.966611012145801,3.659697385175219,-0.09904425339078127,3.528485291863537,0.5100452690213914,soleimani_assassination,2020-01-03
2020-08-09,7,-4.770953011833958,-322.48794253489757,62.51950677466487,2.0802025494162257,6.8511555612501835,0.10144256220222339,0.09662074082777983,4.770953011833958,5.158197163922304,0.4609730144579245,0.7670900076291968,5.066158725303668,0.20986331403104938,0.27078992583384276,-0.5095763958155809,0.2959251760079272,0.5037220995943743,soleimani_assassination,2020-01-03
2020-08-10,100,-4.152984018771482,-2971.1521168331474,691.7745025060678,1.3823805031445937,5.535364521916083,1.4491794600317627,0.8957530541875753,4.152984018771482,4.29497199747845,3.720048118806746,0.8001689136941746,4.973440820944857,-0.24024670874035797,-0.330936053472961,0.6734875634018593,0.860407070892272,0.3525725601834185,soleimani_assassination,2020-01-03
2020-08-11,14,-5.124231104304164,-710.9447870623846,131.28778714472162,2.126733988730827,7.250965093034994,0.20288512440444678,0.1847229414973702,5.124231104304164,5.415163150542658,0.9465630424993828,0.7732136667867612,5.013816512425424,0.46718044811309495,0.44991249542325584,-0.3333042809555522,0.40042363548230464,0.418393365915495,soleimani_assassination,2020-01-03
2020-08-12,9,-4.12018302698516,-345.8461092090611,81.50541999138794,2.4679873749178634,6.588170401903023,0.13042615140285865,0.12259468676571213,4.12018302698516,4.243228355189189,0.5051125476106493,0.7274796402913116,4.935240112665348,-0.26413796433022163,-0.367004851093485,-0.49355347852226933,-0.3800142026412113,0.29029743110721407,soleimani_assassination,2020-01-03
2020-08-13,8,-3.7341798358067573,-255.42760100799956,65.16971298629342,2.2060171437399596,5.940196979546715,0.11593435680254102,0.10969204215974339,3.7341798358067573,3.9194219109376993,0.40960981198137847,0.7291972552705355,4.828269187974232,-0.545291075767289,-0.5927197136197445,-0.5282215487299476,-0.35070360342582396,0.11591249316842263,soleimani_assassination,2020-01-03
2020-08-14,17,-2.771894997258773,-428.06028940546986,154.5473691358479,3.159563358307314,5.931458355566087,0.24636050820539968,0.22022771094479596,2.771894997258773,2.7697675592859996,0.6104480902256311,0.6524523361894906,4.611731733542751,-1.246190401548872,-1.3941060928674618,-0.45531603995385156,-1.6603332888971922,-0.23708876078441077,soleimani_assassination,2020-01-03
2020-08-15,5,-3.119761901184772,-141.15815632328722,42.07371725846893,2.647490775254514,5.767252676439289,0.07245897300158814,0.0699541174767741,3.119761901184772,3.3550198442443016,0.21824019053504368,0.6853747484456463,4.4808947432669815,-0.9928146144052596,-0.986145901253905,-0.5976898778642282,-1.0985219152679369,-0.45038036778155344,soleimani_assassination,2020-01-03
2020-08-16,9,-4.4187109872988115,-372.8391563082322,83.6920316567194,2.4402018206127845,6.8589128079115955,0.13042615140285865,0.12259468676571213,4.4187109872988115,4.454894318225073,0.5417104893961083,0.737587725488657,4.470506095999472,-0.04669917933750139,-0.21945944365549513,-0.48026820447315666,-0.20752267360933224,-0.46731603150741013,soleimani_assassination,2020-01-03
2020-08-17,28,-3.758169141329111,-943.9327912258946,228.87010475883045,2.2078815857431313,5.966050727072242,0.40577024880889356,0.34058537236094427,3.758169141329111,4.124316682690185,1.2799774363949856,0.7298874640445042,4.4401168054491365,-0.5278179873499785,-0.4498942817622415,-0.2122728409694436,-0.3389253917815103,-0.5168569190142401,soleimani_assassination,2020-01-03
2020-08-18,9,-2.5608825163674473,-180.312828467484,68.79466916186318,2.5414848063642306,5.102367322731677,0.13042615140285865,0.12259468676571213,2.5608825163674473,2.6210290806579195,0.31395058993785585,0.6675125625873626,4.250693736391303,-1.3998855442587967,-1.497786812791082,-0.5629464244517307,-1.4033349130210737,-0.825656064550367,soleimani_assassination,2020-01-03
2020-08-19,191,-2.239927830926847,-3675.5154312050527,1427.775093542606,2.6176672194648645,4.857595050391711,2.7679327686606667,1.3265265138427962,2.239927830926847,2.5742958031893783,2.971323656818847,0.6498226918377958,4.069651257552386,-1.6336592811194959,-1.5303630492634503,0.40169605875675957,-1.7052074036457499,-1.1207930985413583,soleimani_assassination,2020-01-03
2020-08-20,82,-4.602375052167397,-3122.001350800801,620.4061322882471,1.4817766951861016,6.084151747353498,1.1883271572260454,0.7831373967944929,4.602375052167397,5.0321897033575524,3.604292017426294,0.8041513732994381,4.17269227226418,0.08707619992643922,0.18295425380328217,0.6314673990245503,0.9283665838176269,-0.9528147342563695,soleimani_assassination,2020-01-03
2020-08-21,95,-6.494807727362604,-5891.926776245273,869.8887024195279,1.3309577280004254,7.825765455363026,1.3767204870301746,0.8657215908159326,6.494807727362604,6.773196111016657,5.622695277775965,0.8546469406852225,4.445787586656996,1.4654672261560568,1.3965527751993039,1.3641599808249276,1.7900587300209139,-0.5076123618427232,soleimani_assassination,2020-01-03
2020-08-22,42,-7.191278300518521,-2994.5072680082735,391.08114287344944,1.0600887410913307,8.251367041609848,0.6086553732133404,0.47539865812882354,7.191278300518521,7.656997333101461,3.4187240542974315,0.8861522015643608,4.786977311165994,1.9727554381248595,2.0126216487034903,0.5641051069220452,2.3276868282702234,0.04859811409417134,soleimani_assassination,2020-01-03
2020-08-23,19,-6.0073773694403325,-1146.2645688760904,173.1515317322124,1.5529305713906858,7.560307940831019,0.27534409740603494,0.24321602251770605,6.0073773694403325,6.620008251782875,1.4610904295581577,0.8295961891803818,4.993422526280146,1.1104376179283058,1.2897705378427478,-0.14652772988825685,1.3625749538055716,0.38514691115652044,soleimani_assassination,2020-01-03
2020-08-24,9,-4.840301677529781,-379.936871113343,75.21823583808887,1.758640041128938,6.598941718658723,0.13042615140285865,0.12259468676571213,4.840301677529781,5.051127122034298,0.5933952680083144,0.7895754906532175,4.997630900823706,0.2603747957492878,0.1961549078640892,-0.46150631747808823,0.6796333929561074,0.39200744018084177,soleimani_assassination,2020-01-03
2020-08-25,10,-2.3670605465302454,-206.31781037134047,72.74058735828498,2.453499094649125,4.820559641179371,0.14491794600317628,0.13533297155897414,2.3670605465302454,2.836350624378638,0.3203413376219475,0.6627056250502386,4.770688945624035,-1.5410596358983784,-1.3476932198355418,-0.5606265444196896,-1.4853639016525715,0.022044677986548796,soleimani_assassination,2020-01-03
2020-08-26,76,-3.0944016169796735,-2078.460098522462,650.4019917046907,2.7317596632515504,5.826161280231221,1.1013763896241398,0.7425925536636585,3.0944016169796735,3.1956545721436975,2.29787959881389,0.6807916687601673,4.612991293033889,-1.0112862824487925,-1.0972342107123485,0.1572317957173248,-1.1767308348792227,-0.2350354158747864,soleimani_assassination,2020-01-03
2020-08-27,37,-4.292786860521109,-1494.529759467633,334.98517588087947,2.380433270832411,6.673220131353519,0.5361964002117522,0.4293094912726766,4.292786860521109,4.46148028950119,1.8429341432323478,0.7370748398367365,4.598300901276566,-0.1384185248187252,-0.21486857887321176,-0.00791615413816719,-0.2162749178367077,-0.25898382112877955,soleimani_assassination,2020-01-03
2020-08-28,15,-4.379189948204802,-662.4297855790004,143.74234112232588,2.601816396641796,6.981006344846599,0.2173769190047644,0.19669847764443782,4.379189948204802,4.608452738468113,0.8613799961277091,0.7284916493991535,4.606312106929228,-0.07548511521172391,-0.11241890036109524,-0.3642262415953058,-0.3627445620517485,-0.2459238835374356,soleimani_assassination,2020-01-03
2020-08-29,5,-2.763338454878164,-89.14378947580363,32.65597534556135,1.883928307117052,4.647266761995217,0.07245897300158814,0.0699541174767741,2.763338454878164,2.729784933155279,0.19330690290063451,0.7115492207503277,4.418671121000766,-1.2524227295928634,-1.4219766714823991,-0.6067408119607486,-0.651862170984938,-0.5518178615543085,soleimani_assassination,2020-01-03
2020-08-30,8,-4.757172341164944,-372.73159553298365,76.95524944737699,2.4311169198785896,7.188289261043533,0.11593435680254102,0.10969204215974339,4.757172341164944,4.843484989128161,0.5218239490082301,0.7472695430306133,4.459373960207671,0.19982588811118912,0.051414380565727814,-0.48748713881898587,-0.042305277929060886,-0.48546373673464766,soleimani_assassination,2020-01-03
2020-08-31,14,-6.987509291607149,-1084.48890239565,146.00501958034516,1.720710339208747,8.708219630815913,0.20288512440444678,0.1847229414973702,6.987509291607149,7.427750809614229,1.2907532700858781,0.835006051037403,4.773666743481076,1.8243362224831907,1.8528214086151389,-0.20836114821550714,1.4548926703018563,0.02689911012307448,soleimani_assassination,2020-01-03
2020-09-01,22,-2.983202325965176,-487.99167573198434,143.93331321931169,1.7796105010926768,4.762812827057852,0.3188194812069878,0.2767370040254949,2.983202325965176,3.3904011852240887,0.8255624740894907,0.7279890933630929,4.625894762904023,-1.0922805005610263,-0.961482727753118,-0.37722821855967503,-0.37132053439387386,-0.2140000663254022,soleimani_assassination,2020-01-03
2020-09-02,19,-2.62660379394969,-404.8735940033382,146.38539975531603,2.5389454650071563,5.165549258956846,0.27534409740603494,0.24321602251770605,2.62660379394969,2.7658058432062664,0.6388321274943599,0.6704591857127191,4.4295283693115985,-1.3520161429114732,-1.3968676753380396,-0.4450124628853424,-1.3530516478476733,-0.5341182803051253,soleimani_assassination,2020-01-03
2020-09-03,10,-4.345403354234622,-408.62953274359154,89.2638524977189,2.2904909477686344,6.635894302003257,0.14491794600317628,0.13533297155897414,4.345403354234622,4.577771643387607,0.588076348550905,0.743402185355246,4.444134265150186,-0.10009425378018351,-0.13380568645258226,-0.4634371173862108,-0.10830060995420704,-0.510307621037597,soleimani_assassination,2020-01-03
2020-09-04,7,-3.9535101052558304,-268.978649948124,64.10716066009483,2.6023278516645787,6.555837956920407,0.10144256220222339,0.09662074082777983,3.9535101052558304,4.19576607634031,0.38199107523993214,0.7158461742169898,4.412356727324565,-0.3855375061149676,-0.4000892505418092,-0.5382473170819317,-0.5785359119385621,-0.5621116414064032,soleimani_assassination,2020-01-03
2020-09-05,8,-4.778535551669549,-368.9193931228486,71.4460653037026,2.076111305646635,6.854646857316182,0.11593435680254102,0.10969204215974339,4.778535551669549,5.163606862808298,0.5241673231955688,0.7675324683791599,4.460663095619061,0.21538620792439683,0.2745608496744208,-0.4866364798267149,0.30347563980079023,-0.483362176900897,soleimani_assassination,2020-01-03
2020-09-06,8,-5.57752753923287,-423.42898689430666,70.8308943488941,1.6381671271894453,7.215694666422324,0.11593435680254102,0.10969204215974339,5.57752753923287,5.978026831182003,0.6118103859806617,0.8149771065580204,4.6169269742397105,0.7973479337612459,0.8422663245455111,-0.4548215183616915,1.113104567936966,-0.22861943391701708,soleimani_assassination,2020-01-03
2020-09-07,6,-3.819156416634955,-182.30680431265347,44.27164723528183,1.779725727956009,5.598882144590966,0.08695076760190576,0.08337631511879212,3.819156416634955,4.117913285308389,0.31842718888131294,0.7587992533689587,4.566047799531478,-0.4833966908369605,-0.4543578802649645,-0.5613213919807675,0.1544458699617535,-0.3115631099625608,soleimani_assassination,2020-01-03
2020-09-08,9,-4.676606822769451,-354.24922858668606,71.70674372194225,1.6454045731676235,6.322011395937073,0.13042615140285865,0.12259468676571213,4.676606822769451,4.940249831457426,0.5733271485638131,0.7934832849762056,4.600845296394751,0.141144388348758,0.11886598158069059,-0.46879116611885124,0.7463187645922039,-0.25483592593148524,soleimani_assassination,2020-01-03
2020-09-09,32,-3.492940144600256,-924.0316255236116,254.8330688027102,2.2352966277422186,5.728236772342474,0.4637374272101641,0.3809930464549256,3.492940144600256,3.626027147359709,1.33078590677596,0.7193084381716229,4.499954991037962,-0.7210028090764515,-0.797235590010076,-0.19382905915831292,-0.5194533862388909,-0.41930818499695,soleimani_assassination,2020-01-03
2020-09-10,9,-3.6734963993017624,-247.25712084614128,65.86234256640076,1.8222708318158292,5.4957672311175925,0.13042615140285865,0.12259468676571213,3.6734963993017624,3.75415011388128,0.4503511404073709,0.7509891563633962,4.424461790684474,-0.5894910652388466,-0.7079252680931586,-0.5134322002896136,0.021168839933300217,-0.5423778611398645,soleimani_assassination,2020-01-03
2020-09-11,23,-3.7104798893771402,-802.0498031523864,202.06965407150182,2.537578622083207,6.2480585114603455,0.3333112758073054,0.28766552917042065,3.7104798893771402,3.9691749205874483,1.067377160853879,0.7111673765361041,4.3855568245760495,-0.5625534037269017,-0.5580385207876501,-0.2894480258483558,-0.6583782312552554,-0.6058010774943918,soleimani_assassination,2020-01-03
2020-09-12,5,-6.625451188627281,-295.2820672734349,44.0413715445314,1.0914115601395014,7.716862748766777,0.07245897300158814,0.0699541174767741,6.625451188627281,6.704651942432523,0.4634775907858654,0.8760924646685961,4.63596466216511,1.5606239928950545,1.3487728811804922,-0.5086672194720403,2.1560203489191627,-0.19758402839018632,soleimani_assassination,2020-01-03
2020-09-13,6,-4.029636069368905,-229.0682892336785,55.83127852319227,2.637788508914902,6.6674245782838115,0.08695076760190576,0.08337631511879212,4.029636069368905,4.102866624100749,0.3359762067337527,0.7165257276543472,4.5807107872526975,-0.33008964412657926,-0.46484641477764954,-0.5549509924422047,-0.5669395305092262,-0.2876593790081385,soleimani_assassination,2020-01-03
2020-09-14,60,-4.166725320421898,-2598.859615129637,578.8946663350572,2.74075955924786,6.907484879669762,0.8695076760190577,0.6256751213474674,4.166725320421898,4.489348004504586,2.6070163704765363,0.7159317866997025,4.573590392550004,-0.2302379580292162,-0.19544290785096652,0.269450312110178,-0.577074959863168,-0.2992671087899863,soleimani_assassination,2020-01-03
2020-09-15,168,-5.2608760921187505,-8651.01715778588,1541.7388383733569,1.9580704014803767,7.2189464935991285,2.4346214928533616,1.2339067282937393,5.2608760921187505,5.611207905298223,6.491430406785,0.7866332356290804,4.693865390798598,0.56670854623339,0.5865688704096627,1.6795160828875266,0.6294246681574257,-0.1031937536635043,soleimani_assassination,2020-01-03
2020-09-16,51,-4.913668024714608,-2534.349574258681,474.079655458453,2.191005747039296,7.104673771753902,0.739081524616199,0.5533571144436323,4.913668024714608,5.34583069549329,2.719013159490018,0.7642984848380681,4.774367708265118,0.31381263579101093,0.4015831127383275,0.3101058233787359,0.24828865285163393,0.028041829050815217,soleimani_assassination,2020-01-03
2020-09-17,38,-4.888255436019885,-1953.9130320924892,367.8513490497176,2.3960216115916046,7.284277047611491,0.5506881948120699,0.4386988290467554,4.888255436019885,5.311691902558184,2.1444719358633604,0.7524847428840743,4.8296436771327,0.2953028707308317,0.37778607876646775,0.1015438869414971,0.04669058818874375,0.11815319742791235,soleimani_assassination,2020-01-03
2020-09-18,109,-4.351875547447078,-3736.418942114258,843.242037276219,1.6921449660756307,6.044020513522708,1.5796056114346213,0.9476365234636364,4.351875547447078,4.4310159799235995,4.123996214329158,0.7812682561485891,4.776846229845658,-0.09538010296202955,-0.2361042508937559,0.8201231633514885,0.5378728563407194,0.03208233663033189,soleimani_assassination,2020-01-03
2020-09-19,156,-6.412453907327181,-10409.431927150299,1607.238714373453,1.9451791821487638,8.357633089475943,2.26071995764955,1.1819480169005192,6.412453907327181,6.476593572603302,7.579187179231347,0.8111992016484624,4.940302190506528,1.4054831812806707,1.1898008640763926,2.074378365183131,1.0486357212994408,0.29854967472130406,soleimani_assassination,2020-01-03
2020-09-20,96,-5.9059614116221875,-5287.9659262710165,904.5379193527159,1.758154290817636,7.664115702439823,1.3912122816304922,0.8718004681530945,5.9059614116221875,5.8460411809546535,5.148819923546334,0.8134043821631344,5.0266018604367355,1.0365692853818953,0.7502634523810294,1.192140363356649,1.0862664843312932,0.4392361521764944,soleimani_assassination,2020-01-03
2020-09-21,65,-5.571595215316673,-3266.219874340822,579.4911761856692,1.6718268245391206,7.243422039855794,0.9419666490206458,0.6637011961998569,5.571595215316673,5.636358254563524,3.6978744091470754,0.8124755853741847,5.090809435728487,0.7930270074963635,0.6041003548124119,0.665438372787779,1.0704168377208851,0.5439079035405582,soleimani_assassination,2020-01-03
2020-09-22,121,-4.807846122578738,-5814.608352227211,1182.2707904636316,2.481493428229769,7.289339550808507,1.7535071466384329,1.012875425191312,4.807846122578738,4.918169677478873,4.869749185661339,0.7460305141277711,5.085042294773487,0.23673514595767484,0.1034746297150772,1.090835998930251,-0.0634489451809034,0.5345062598656437,soleimani_assassination,2020-01-03
2020-09-23,22,-5.12727266720277,-1099.7567189452882,208.5313814852292,2.1757132456083688,7.302985912811139,0.3188194812069878,0.2767370040254949,5.12727266720277,5.273818794621983,1.4189060767435029,0.7704628863892384,5.11539659584524,0.46939583102214266,0.3513859761649811,-0.16184090490264563,0.35348236940312394,0.583990107218164,soleimani_assassination,2020-01-03
2020-09-24,10,-5.5694861241905524,-585.9658517766927,98.42230757425641,2.136372316617544,7.705858440808091,0.14491794600317628,0.13533297155897414,5.5694861241905524,5.953587821892925,0.7537351072431812,0.7829382007726529,5.207455874520532,0.7914908089727116,0.8252306919325976,-0.40330198681618684,0.566369974833446,0.7340659492737205,soleimani_assassination,2020-01-03
2020-09-26,10,-4.3130730550957805,-443.98869643239595,97.15737643934062,2.7013322944191343,7.014405349514915,0.14491794600317628,0.13533297155897414,4.3130730550957805,4.569788859105273,0.5837009930970549,0.7219632318802175,5.143475651906748,-0.12364267100654623,-0.13937022381387162,-0.4650253978585781,-0.47415010504178046,0.6297648302357028,soleimani_assassination,2020-01-03
2020-09-27,11,-2.4377314859124053,-235.41705083240677,89.72740936490104,2.8596528645393,5.297384350451701,0.1594097406034939,0.147911031305742,2.4377314859124053,2.623691606597255,0.3605673781277828,0.6494250560382597,4.890911347532858,-1.489585049807997,-1.495930853198434,-0.5460242486085339,-1.7119929427187497,0.21803229009946712,soleimani_assassination,2020-01-03
2020-09-28,11,-3.588693235708156,-376.7148651891958,101.77763450861546,2.8319094961738998,6.420602731882052,0.1594097406034939,0.147911031305742,3.588693235708156,3.7013521389840016,0.5308073175335336,0.6939307480635545,4.765648003966035,-0.6512591382728065,-0.7447290064287314,-0.4842261217529866,-0.952516274468951,0.013826890763322478,soleimani_assassination,2020-01-03
2020-09-29,6,-5.606089030882689,-328.1950087190683,55.41854315653694,1.8151674142700713,7.42125644515276,0.08695076760190576,0.08337631511879212,5.606089030882689,5.92211541526883,0.46741504562287906,0.8034772502976603,4.872979881478662,0.8181512649982645,0.8032923084919922,-0.5072378995700529,0.9168628711893683,0.1888002571518054,soleimani_assassination,2020-01-03
2020-09-30,7,-4.038801129147023,-261.4603929090705,63.39357715703924,2.508712089500723,6.547513218647743,0.10144256220222339,0.09662074082777983,4.038801129147023,4.124398789823424,0.39023195715425907,0.72298479729259,4.802175270258822,-0.32341409031766366,-0.44983704756996246,-0.5352558271429618,-0.45671738889960783,0.07337396006214791,soleimani_assassination,2020-01-03
2020-10-01,13,-3.857887170000746,-445.5250154627135,119.49052221619482,2.66684573100712,6.524732901007865,0.18839332980412915,0.17260225183739092,3.857887170000746,3.728538525060781,0.6658800128767082,0.7098598795947534,4.700128281956639,-0.4551863753111982,-0.7257782674769762,-0.43519391702667176,-0.6806902856369611,-0.09298393366740662,soleimani_assassination,2020-01-03
2020-10-02,82,-4.777438513859593,-3174.5233210689807,657.8869672461507,1.622786640912587,6.400225154772178,1.1883271572260454,0.7831373967944929,4.777438513859593,4.825332434167558,3.7413907610897525,0.7977334843524206,4.714015850354486,0.21458715858832383,0.03876082928479491,0.6812350715356249,0.8188471787063043,-0.07034429808257472,soleimani_assassination,2020-01-03
2020-10-03,25,-5.122661978451685,-1575.214523775593,291.87786242613896,3.276226259296924,8.398888237748608,0.36229486500794067,0.3091706784279628,5.122661978451685,5.396827668539639,1.5837768792350375,0.7193838004649981,4.78892988855579,0.4660375440497525,0.43713143169479624,-0.1019918071955328,-0.5181673506582808,0.05178122284941096,soleimani_assassination,2020-01-03
2020-10-04,9,-3.9539913746575315,-350.00718312208636,84.35186862964983,2.7092192365406724,6.663210611198204,0.13042615140285865,0.12259468676571213,3.9539913746575315,4.149370829694438,0.48473833405046757,0.7109373683715244,4.7193728694631485,-0.3851869639618972,-0.4324298568035289,-0.5009494411769152,-0.6623032535738818,-0.06161123863208854,soleimani_assassination,2020-01-03
2020-10-05,9,-3.715106435590039,-310.20749091908976,76.5924648057748,2.3975837158591324,6.11269015144917,0.13042615140285865,0.12259468676571213,3.715106435590039,4.0501045593156215,0.4554523097724421,0.718271849620574,4.6417990977506625,-0.5591835666564026,-0.5016251213506641,-0.5115804449809904,-0.5371424678657778,-0.18807268041939537,soleimani_assassination,2020-01-03
2020-10-06,8,-5.262788028405057,-393.20426021376335,72.17564351921956,1.8795837057486975,7.142371734153754,0.11593435680254102,0.10969204215974339,5.262788028405057,5.447880213344512,0.5772859662896004,0.7916655964143157,4.729751944738121,0.5681011431031816,0.47271848790328214,-0.4673540913591317,0.7153004388437735,-0.04469117925226684,soleimani_assassination,2020-01-03
2020-10-09,11,-5.061709496668916,-568.6783046365038,108.98091274132436,2.422823103543924,7.4845326002128365,0.1594097406034939,0.147911031305742,5.061709496668916,5.218145915021936,0.7486826718223677,0.755452092769293,4.780126021439546,0.42164159009216917,0.31257823595952133,-0.40513605140851927,0.0973275494807174,0.03742908160055534,soleimani_assassination,2020-01-03
2020-10-10,6,-5.432976450112064,-347.33960167096865,58.56299008350594,2.163760948569465,7.596737398681518,0.08695076760190576,0.08337631511879212,5.432976450112064,5.931042816900082,0.45298155653752004,0.7783145007981194,4.907947138006517,0.6920612693068374,0.8095153076561159,-0.5124773433373541,0.48746788182364476,0.24580418487429243,soleimani_assassination,2020-01-03
2020-10-11,31,-4.62112460000275,-1295.2744645776584,270.6537365959648,2.0548205483206363,6.675945148323387,0.44924563260984646,0.37104316768122136,4.62112460000275,4.785725410143736,1.7146367098346373,0.7646460093287718,4.901421834417107,0.10073280648415857,0.011152070591691326,-0.05448889783173678,0.25421905703869563,0.23516657783521244,soleimani_assassination,2020-01-03
2020-10-13,10,-4.365307719995423,-372.90191732722,85.82129363266779,2.1084108216356787,6.473718541631101,0.14491794600317628,0.13533297155897414,4.365307719995423,4.345097836946089,0.5907700655163108,0.7543254439090493,4.847865467016224,-0.0855965125885981,-0.29599497319086465,-0.4624592818481922,0.07810161491533604,0.14785851882386614,soleimani_assassination,2020-01-03
2020-10-14,15,-4.541944787344205,-741.5189464307607,161.45108284766053,3.1107303679165814,7.652675155260785,0.2173769190047644,0.19669847764443782,4.541944787344205,4.592839721802495,0.893393625215695,0.7109901358619171,4.810700420513536,0.043060613091163796,-0.12330222270647509,-0.35260510076083623,-0.6614027917234623,0.08727173464323155,soleimani_assassination,2020-01-03
2020-10-15,7,-3.1583549519160905,-179.6755366960385,57.69970408066076,2.542229958374866,5.700584910290957,0.10144256220222339,0.09662074082777983,3.1583549519160905,3.113976744921651,0.3051625952512196,0.6915823054526093,4.6355669137508375,-0.9647045973356239,-1.1541691478334553,-0.5661365196335449,-0.9925917634361323,-0.1982324413373345,soleimani_assassination,2020-01-03
2020-10-16,7,-3.44112071943827,-197.0251534112104,54.723019562850624,2.188226751913055,5.629347471351324,0.10144256220222339,0.09662074082777983,3.44112071943827,3.6004071958222728,0.33248363318994834,0.7200887782553961,4.527141770975337,-0.758746519362098,-0.8150944187698599,-0.5562188177461008,-0.506137110051365,-0.3749880583286556,soleimani_assassination,2020-01-03
2020-10-17,11,-4.744669866076878,-524.6802428066987,105.12892467207752,2.4062525520559936,7.150922418132873,0.1594097406034939,0.147911031305742,4.744669866076878,4.990826686787704,0.7017890130967078,0.7482255415892588,4.570084210510879,0.1907194613976088,0.15412145024275908,-0.4221587329294642,-0.02599144104367953,-0.30498291744603395,soleimani_assassination,2020-01-03
2020-10-18,5,-2.646702233048991,-118.48475392253977,43.83245558796032,3.0598944422715375,5.70659667532053,0.07245897300158814,0.0699541174767741,2.646702233048991,2.703128363063569,0.18514771893674947,0.6509556216704395,4.368794315909504,-1.3373770445388762,-1.440558093070781,-0.6097026450499636,-1.6858742861162437,-0.6331274658747359,soleimani_assassination,2020-01-03
2020-10-19,18,-5.242510612006233,-800.0768083519511,147.34319699831016,1.4716112772832783,6.714121889289512,0.2608523028057173,0.2317879230853792,5.242510612006233,5.430022048192201,1.2151506465099848,0.8202224226789189,4.475570566750281,0.5533316830501954,0.46027014611180544,-0.23580535748075915,1.2026143593846046,-0.45905988695109406,soleimani_assassination,2020-01-03
2020-10-20,17,-3.0045555670850423,-429.00475748577117,150.25886439356267,2.917100580974024,5.921656148059068,0.24636050820539968,0.22022771094479596,3.0045555670850423,2.855104483966474,0.6616863949455822,0.6699648298507772,4.304820995449388,-1.0767274421477304,-1.3346205188011624,-0.43671622567995283,-1.3614876866074797,-0.7374173329614168,soleimani_assassination,2020-01-03
2020-10-21,13,-3.244415540356154,-350.27152418922765,99.97127787950582,2.222841379033686,5.46725691938984,0.18839332980412915,0.17260225183739092,3.244415540356154,3.5037215850277086,0.5599934281616976,0.7109475987466416,4.208293384350931,-0.9020206538734937,-0.8824907900780632,-0.4736313872076429,-0.6621286752029958,-0.8947774896525028,soleimani_assassination,2020-01-03
2020-10-22,7,-3.7813978844535012,-239.4257744744141,62.74445440072682,2.5910478006823054,6.372445685135806,0.10144256220222339,0.09662074082777983,3.7813978844535012,3.815887424014968,0.36536146496049665,0.7109332644931557,4.15784127477613,-0.5108988697016059,-0.6648902120683207,-0.5442839661150208,-0.6623732850626312,-0.9770249603786625,soleimani_assassination,2020-01-03
2020-10-24,5,-3.549238361295866,-147.97689992946167,41.23812855337811,2.34919367468988,5.898432035985744,0.07245897300158814,0.0699541174767741,3.549238361295866,3.588351487335858,0.24828383727916423,0.7151672787904144,4.089582189334637,-0.6799968817834479,-0.8234980581413922,-0.5867838525262417,-0.5901210646056068,-1.088301519058931,soleimani_assassination,2020-01-03
2020-10-26,5,-5.167648549034806,-245.7239376796533,46.72092774679281,2.0882685001618784,7.255917049196684,0.07245897300158814,0.0699541174767741,5.167648549034806,5.259397651762623,0.36149829367786207,0.7765167986946461,4.208448165286881,0.49880440862855335,0.3413334699973034,-0.5456863206378332,0.4567906191652958,-0.8945251644156436,soleimani_assassination,2020-01-03
2020-10-27,6,-3.045444795147548,-181.06322812144333,50.29466941938832,2.6685000540419215,5.71394484918947,0.08695076760190576,0.08337631511879212,3.045444795147548,3.6000480808736453,0.2539179649171073,0.6816561176545011,4.138364766802851,-1.046944958591215,-0.815344746033877,-0.5847386301436132,-1.1619792663435011,-1.0087757341893222,soleimani_assassination,2020-01-03
2020-10-28,13,-3.8871435025844687,-492.2570363190431,122.19307700176685,2.7561619795449563,6.64330548212942,0.18839332980412915,0.17260225183739092,3.8871435025844687,4.028518213940429,0.6709297217611623,0.7067746666730854,4.11674892464047,-0.43387694284241435,-0.5166722554188846,-0.4333608421835158,-0.7333385453080586,-1.044014069324463,soleimani_assassination,2020-01-03
2020-10-30,5,-2.834246530157386,-134.14731754218369,47.1166738700347,3.294544121924776,6.128790652082164,0.07245897300158814,0.0699541174767741,2.834246530157386,2.8471304640945547,0.19826721472876915,0.6503844763095594,3.9802737065782106,-1.200775420849364,-1.3401789467791245,-0.6049401887893109,-1.695620715303796,-1.2664971646206085,soleimani_assassination,2020-01-03
2020-11-01,8,-3.94989174303894,-329.64152599379304,79.59978009462706,3.000040384394725,6.949932127433657,0.11593435680254102,0.10969204215974339,3.94989174303894,4.141236641632929,0.4332716916038497,0.6984875706110424,4.004750634629973,-0.38817301229428003,-0.43809993277842274,-0.5196321434255613,-0.8747554252678031,-1.2265946622204082,soleimani_assassination,2020-01-03
2020-11-03,8,-4.3287057875416535,-326.32360236166176,67.62965761895781,2.062500707414041,6.391206494955691,0.11593435680254102,0.10969204215974339,4.3287057875416535,4.8251553216526615,0.47482457774414427,0.7560241136769106,4.092997300551082,-0.11225625900823452,0.03863736995388497,-0.5045481946302571,0.10708891961826489,-1.082734174855321,soleimani_assassination,2020-01-03
2020-11-04,11,-3.893124584525337,-426.3792309347097,91.12779652636647,2.1956102771176265,6.0887348616429655,0.1594097406034939,0.147911031305742,3.893124584525337,4.678915184911151,0.575836072298881,0.7349687585027259,4.144723522194703,-0.4295205026992604,-0.06330183770065659,-0.4678804116402499,-0.25221458222184656,-0.9984096354799943,soleimani_assassination,2020-01-03
2020-11-05,12,-4.75490145098907,-532.7688499252884,108.6326014602336,2.1489076686818507,6.903809119670927,0.17390153520381152,0.16033284668222497,4.75490145098907,4.904318250357978,0.7623668853305197,0.7626228988576518,4.224990096166764,0.1981718400274683,0.09381925372151892,-0.4001685992040185,0.2196952662562886,-0.8675583638742264,soleimani_assassination,2020-01-03
2020-11-08,17,-0.7824223126050162,-167.98128540579137,144.76013411119897,3.866439846968054,4.64886215957307,0.24636050820539968,0.22022771094479596,0.7824223126050162,1.1604112308762773,0.1723110748971363,0.5459421352292608,3.904349740041084,-2.695262451191439,-2.515935657632508,-0.6143624244150678,-3.4778988379042035,-1.3902690795673567,soleimani_assassination,2020-01-03
2020-11-09,9,-4.388580708384394,-395.2592144267509,86.42512035177086,2.6071052209061856,6.995685929290581,0.13042615140285865,0.12259468676571213,4.388580708384394,4.57342972526913,0.5380166772904318,0.7285054751135804,3.9698666071669546,-0.06864516802063624,-0.13683229530676255,-0.4816090805912049,-0.36250863026299635,-1.2834629091927447,soleimani_assassination,2020-01-03
2020-11-12,7,-1.2626568340996014,-86.15354924690601,57.51968586485031,3.4772205732966515,4.73987740739625,0.10144256220222339,0.09662074082777983,1.2626568340996014,1.4978098011406833,0.12199883872196257,0.5768310684055592,3.701128620713939,-2.3454740737288007,-2.280746169418866,-0.6326260702104834,-2.9507881923446955,-1.7215619274514633,soleimani_assassination,2020-01-03
2020-11-17,9,-3.7980647794655216,-269.554785757415,64.87484559913656,1.7051256991081605,5.503190478573683,0.13042615140285865,0.12259468676571213,3.7980647794655216,4.1549969524860435,0.4656225619544591,0.7634502070833802,3.7465465241249416,-0.4987592048031914,-0.4285080709496414,-0.5078885819746296,0.23381304010271609,-1.6475212636869148,soleimani_assassination,2020-01-03
2020-11-18,19,-3.874262672579286,-589.1600766137384,144.49243211491245,1.8653010877869993,5.739563760366287,0.27534409740603494,0.24321602251770605,3.874262672579286,4.077445911805188,0.9422827574135516,0.7547226512197707,3.7797874553695827,-0.4432589518947056,-0.4825663603901461,-0.33485805030976734,0.08487984195154658,-1.5933316065547294,soleimani_assassination,2020-01-03
2020-11-19,14,-3.96053157736269,-425.6114279153352,104.40652602233752,1.7485387121164209,5.7090702894791105,0.20288512440444678,0.1847229414973702,3.96053157736269,4.07648299517481,0.7316010428636556,0.7655362849215711,3.801883475360711,-0.3804232770753434,-0.4832375780224958,-0.411336785953977,0.2694113506594542,-1.5573104813193108,soleimani_assassination,2020-01-03
2020-11-20,9,-4.092815856804389,-297.2230027170391,70.6179556548504,1.8768118302006063,5.969627687004993,0.13042615140285865,0.12259468676571213,4.092815856804389,4.208887101882909,0.5017574779546737,0.7608072010132557,3.8370102114777933,-0.2840713877406909,-0.39094301355632444,-0.49477138908387386,0.18871091152192074,-1.5000465685742572,soleimani_assassination,2020-01-03
2020-11-21,5,-3.3447997773378098,-131.01252674712845,39.20887204736417,2.2484873160675116,5.59328709340532,0.07245897300158814,0.0699541174767741,3.3447997773378098,3.3414000430531594,0.23398251656017702,0.7132680438560757,3.7731479059144046,-0.8289037957447635,-0.9956398184012302,-0.5919753183777855,-0.6225309554423881,-1.6041554582043815,soleimani_assassination,2020-01-03
2020-11-22,8,-3.5659557244007423,-214.96897965771674,55.34156269251509,1.67586980608182,5.241825530482559,0.11593435680254102,0.10969204215974339,3.5659557244007423,3.884403858490811,0.3911569656607445,0.7577415996880071,3.7792959576008784,-0.6678204574445442,-0.6171296505876693,-0.534920043464785,0.13639731803013325,-1.5941328505202277,soleimani_assassination,2020-01-03
2020-11-23,10,-4.239041511703102,-449.3520258267356,83.73109417947815,2.067033953122354,6.306075464825453,0.14491794600317628,0.13533297155897414,4.239041511703102,5.366608787692976,0.5736820843406267,0.7531342479901607,3.9436685295113048,-0.1775650199534487,0.41606684000092503,-0.46866232228680066,0.057774203599136265,-1.3261712447454952,soleimani_assassination,2020-01-03
2020-11-24,13,-3.3790843610642765,-369.08341984320003,91.60099544876377,1.833573029035699,5.2126573900999755,0.18839332980412915,0.17260225183739092,3.3790843610642765,4.029251189193066,0.5832375698682054,0.7397795814260905,3.949114380745661,-0.8039319364199898,-0.5161613223867563,-0.46519362329136554,-0.17011929060611167,-1.3172933703859966,soleimani_assassination,2020-01-03
2020-11-26,11,-4.016767271253214,-418.30713681634944,98.4893180398196,2.468403548001561,6.485170819254777,0.1594097406034939,0.147911031305742,4.016767271253214,4.2472335593513435,0.5941241896062142,0.7243108230575899,3.9851847034571963,-0.3394628895125475,-0.3642129545055713,-0.46124171453278645,-0.434089145540464,-1.2584912145137692,soleimani_assassination,2020-01-03
2020-11-27,132,-5.314034663778953,-6006.146913900584,1097.3069594006176,1.4994484234158938,6.8134830871948475,1.9129168872419269,1.0691549458991072,5.314034663778953,5.473533966449391,5.681526443458567,0.8196245907352927,4.144363962584159,0.6054276505397289,0.4906008786281966,1.3855160495159995,1.1924125314372838,-0.99899579270497,soleimani_assassination,2020-01-03
2020-11-28,565,-5.18231496609788,-25406.440554555087,4659.804773422957,1.5325635553784553,6.714878521476331,8.187863949179459,2.217883477270492,5.18231496609788,5.4522542874456645,11.493770737320078,0.8141771059321088,4.277701226589907,0.5094869855739111,0.47576751163937075,3.4953958546973176,1.0994527903256943,-0.7816282175838598,soleimani_assassination,2020-01-03
2020-11-29,83,-3.949289530032944,-2755.3767608871276,654.8046607444826,1.9699616250105305,5.919251155043477,1.202818951826363,0.7897378818857778,3.949289530032944,4.207937001783695,3.118903548401896,0.7502968065468955,4.2790351019733075,-0.38861164613009574,-0.39160529720474274,0.45526845130584376,0.009354092021942494,-0.7794537222560499,soleimani_assassination,2020-01-03
2020-11-30,141,-5.049231579187392,-6430.0825751102575,1213.4268081725631,1.7783161542806398,6.827547733468034,2.0433430386447853,1.11295659497359,5.049231579187392,5.2991103639732895,5.6195755856055225,0.7933599488120822,4.38031966907954,0.4125530504003715,0.3690159004625031,1.3630275137130838,0.7442140688838456,-0.614338734234966,soleimani_assassination,2020-01-03
2020-12-01,144,-4.758073119222801,-5025.746604990843,1037.2407411970175,1.2224937917671328,5.980566910989933,2.0868184224457385,1.1271409237206464,4.758073119222801,4.845303896558217,5.363018930731165,0.8302813425827152,4.4378089577102,0.20048198774836457,0.05268228133735155,1.269895897484226,1.3742668970057463,-0.5206191926029634,soleimani_assassination,2020-01-03
2020-12-02,50,-5.039277939030568,-2366.482686802974,439.4086852412867,1.8744478828975826,6.913725821928146,0.7245897300158813,0.5449891845235058,5.039277939030568,5.385607445386516,2.746351974579562,0.7867079161318474,4.542981511332964,0.40530311836827443,0.4293101817737971,0.3200299784793628,0.6306990691799398,-0.3491659749241482,soleimani_assassination,2020-01-03
2020-12-03,55,-4.183595378616107,-1977.956666360094,459.5695331053398,2.0861071571041263,6.269702535720235,0.7970487030174696,0.5861457098367571,4.183595378616107,4.303933406975259,2.4521964828687146,0.7503405135117435,4.521771932294316,-0.21795031518111868,-0.32468934854005177,0.21324975724892228,0.01009993864361086,-0.38374201635823435,soleimani_assassination,2020-01-03
2020-12-04,109,-3.8213487309593503,-3415.2421372952313,874.4386283779606,2.1005120032265654,5.921860734185918,1.5796056114346213,0.9476365234636364,3.8213487309593503,3.9056396028962403,3.6212496263484972,0.7381682362587332,4.461910921318933,-0.48179987503947935,-0.6023269089677666,0.6376231135472359,-0.1976164264423411,-0.4813279605205223,soleimani_assassination,2020-01-03
2020-12-05,12,-4.120991017087147,-416.99892727958974,95.48615843906877,1.9180944264176258,6.039085443504772,0.17390153520381152,0.16033284668222497,4.120991017087147,4.367113873846788,0.6607302209214598,0.7589479617435955,4.447503584058908,-0.2635494486485494,-0.2806483152393798,-0.43706332262938175,0.15698353505065454,-0.5048149278549395,soleimani_assassination,2020-01-03
2020-12-06,27,-4.720138041919103,-1093.8551157181728,213.53896474059658,1.5943562520144605,6.31449429393356,0.39127845420857593,0.3302230756598033,4.720138041919103,5.122508283427191,1.558698501741368,0.7984086002445318,4.523411832529025,0.17285121872808748,0.24591237661368573,-0.11109540978782051,0.8303678347188347,-0.3810686366386396,soleimani_assassination,2020-01-03
2020-12-07,32,-4.680626013170125,-1354.416768241038,275.6891179430499,1.96732946127509,6.647955474445212,0.4637374272101641,0.3809930464549256,4.680626013170125,4.912840877966119,1.7832859640738585,0.7716466169193965,4.567238404375582,0.14407184571810672,0.09976009817685633,-0.029568803658636986,0.37368238603558235,-0.3096221755222144,soleimani_assassination,2020-01-03
2020-12-08,34,-4.26877743220242,-1488.1264305106308,325.41766988079587,2.651165252734021,6.9199426849364425,0.49272101641079935,0.40060064001851664,4.26877743220242,4.572973652769833,1.7100749714368892,0.7230033064093419,4.5773428892290875,-0.1559062700754863,-0.13715020850246437,-0.0561448364391511,-0.45640153621463136,-0.2931497558514472,soleimani_assassination,2020-01-03
2020-12-09,20,-4.276124712099001,-854.5522977853758,190.47363131145903,2.6237784267369735,6.899903138835977,0.28983589200635257,0.2545149947820513,4.276124712099001,4.486459841719652,1.088337858787278,0.724499563674867,4.570161077801263,-0.1505547324438499,-0.19745615149551987,-0.2818391658217923,-0.4308683418937848,-0.3048576077162943,soleimani_assassination,2020-01-03
2020-12-10,60,-6.59492378685191,-4565.056832162111,668.5505353441679,2.2737925677754562,8.868716354627367,0.8695076760190577,0.6256751213474674,6.59492378685191,6.828289846199933,4.126279740615868,0.7959353155011767,4.807036254612275,1.5383887518675572,1.4349568128079349,0.8209520971941384,0.7881619511332301,0.08129837931201601,soleimani_assassination,2020-01-03
2020-12-11,29,-5.753723161830991,-1760.3538392370017,294.37368682264986,2.198546812578475,7.952269974409466,0.4202620434092112,0.35084139220031924,5.753723161830991,5.9799972553170315,2.0186442444320076,0.7834118319033465,4.931517573635113,0.9256835243656192,0.843639842647612,0.05586767450769069,0.5744523520923853,0.2842289153901009,soleimani_assassination,2020-01-03
2020-12-12,7,-5.235148627147524,-421.5180473611695,69.34296343182272,2.335494502985007,7.570643130132533,0.10144256220222339,0.09662074082777983,5.235148627147524,6.0787429105997415,0.5058239386985283,0.7642376282783375,5.052725861396468,0.5479694347665487,0.9124722034695962,-0.49329523925805135,0.2472501533896095,0.4818237272510342,soleimani_assassination,2020-01-03
2020-12-14,30,-4.795357230325042,-1406.332275766793,280.8691873206281,2.2834745068479503,7.078831737172994,0.4347538380095288,0.3609932930398916,4.795357230325042,5.007072114896622,1.7310917978776907,0.7560991440216723,5.069403651429056,0.22763861257200627,0.1654456058838268,-0.04851560142518588,0.10836929059249671,0.5090120065726083,soleimani_assassination,2020-01-03
2020-12-15,14,-4.801741412891805,-602.6241965987462,119.22352087872089,1.8571121820798455,6.658853594971651,0.20288512440444678,0.1847229414973702,4.801741412891805,5.054574736236488,0.8869917980991127,0.7819258284146325,5.07057788072506,0.23228865908366367,0.19855812676076598,-0.35492900269383043,0.5490941354855154,0.5109262454510781,soleimani_assassination,2020-01-03
2020-12-16,19,-5.685456964049374,-1050.4795411979978,180.72074162534696,1.913080508116021,7.598537472165396,0.27534409740603494,0.24321602251770605,5.685456964049374,5.812722611418628,1.3827942289916813,0.7988690765249364,5.168621437299142,0.8759604797097287,0.7270381692654323,-0.17494972387982097,0.8382257282900896,0.6707577097283021,soleimani_assassination,2020-01-03
2020-12-17,9,-4.808633332538364,-366.22496751007185,75.88345167544358,1.811430649033237,6.620063981571602,0.13042615140285865,0.12259468676571213,4.808633332538364,4.8261506220938655,0.5895128971737033,0.7851590105438646,5.1380807984208605,0.23730852600882815,0.03933116127968145,-0.4629156415543012,0.6042674465747659,0.6209700928522328,soleimani_assassination,2020-01-03
2020-12-18,7,-4.260342655143817,-298.5918318942712,67.07812478398448,2.6611232998555487,6.921465954999367,0.10144256220222339,0.09662074082777983,4.260342655143817,4.451403983874677,0.4116374635201861,0.7222960069474627,5.071478298470114,-0.1620499079222731,-0.2218924413677289,-0.5274854989671748,-0.4684713954689843,0.5123941143420283,soleimani_assassination,2020-01-03
2020-12-20,7,-3.1015245916736545,-193.18796710676878,49.79592094671917,2.0060892003573985,5.107613792031056,0.10144256220222339,0.09662074082777983,3.1015245916736545,3.879594220447831,0.2996716037430858,0.7179964917703366,4.9512025734356735,-1.0060981219784437,-0.6204822916760263,-0.5681297827360042,-0.5418413693581047,0.3163195744028949,soleimani_assassination,2020-01-03
2020-12-21,26,-5.286507998847979,-1360.6316308145472,249.67996483763437,2.1582837859151374,7.444791784763116,0.3767866596082583,0.319752276449495,5.286507998847979,5.449502653123806,1.6903729671001055,0.7752507756467962,5.007883874319921,0.5853780559516569,0.4738494375129696,-0.0632967830831827,0.4351863046932958,0.4087219273369388,soleimani_assassination,2020-01-03
2020-12-22,18,-4.099708150364415,-733.2882721428932,166.725715040022,2.5814157870406205,6.681123937405037,0.2608523028057173,0.2317879230853792,4.099708150364415,4.398171403654617,0.9502628374291693,0.7213058336227418,4.952748641584248,-0.2790512484682068,-0.2589991288336428,-0.3319612330361946,-0.4853684147810626,0.31883998823419313,soleimani_assassination,2020-01-03
2020-12-23,20,-4.323098762038425,-832.602315833824,179.81396290702324,2.333799691656368,6.656898453694792,0.28983589200635257,0.2545149947820513,4.323098762038425,4.630354074696298,1.1002934588625022,0.7404206376494676,4.924628691076432,-0.11634024769580742,-0.09715219649016596,-0.2774992107403825,-0.15917985291767875,0.27299859873226023,soleimani_assassination,2020-01-03
2020-12-24,57,-4.733522553393777,-2251.763993966429,462.9144010079651,1.6938913637238588,6.427413917117636,0.8260322922181048,0.6021454666922562,4.733522553393777,4.864320464136272,2.850269147011616,0.7914262171969055,4.915823983733582,0.1826000942093536,0.06593810750388757,0.35775254009940605,0.7112155022387306,0.2586450877386361,soleimani_assassination,2020-01-03
2020-12-25,6,-5.749330828325839,-332.14441752234774,57.5961923081659,1.9250172781842367,7.674348106510075,0.08695076760190576,0.08337631511879212,5.749330828325839,5.766777354746363,0.47935801886468127,0.799464110278209,5.010514800027857,0.9224842807850857,0.6950112362700549,-0.502902528105486,0.8483798059342421,0.4130108854592022,soleimani_assassination,2020-01-03
2020-12-26,10,-4.979383051709898,-469.1809393506782,90.57431920071839,2.039024434180973,7.018407485890871,0.14491794600317628,0.13533297155897414,4.979383051709898,5.180065867356328,0.6738747049182935,0.7748783041181502,5.0326214683195865,0.36167748439884945,0.286033882453201,-0.4322917954993644,0.4288301865717476,0.44904936964748454,soleimani_assassination,2020-01-03
2020-12-27,81,-7.013586520446085,-5813.806230752596,801.4452387557608,1.4403995716026372,8.453986092048723,1.1738353626257279,0.7764930556683854,7.013586520446085,7.254152809964281,5.44600122845578,0.8544225361161957,5.264608060766488,1.8433300914285249,1.7318119311280604,1.3000189730647929,1.7862293314278606,0.827235943646921,soleimani_assassination,2020-01-03
2020-12-28,42,-4.7124901216444055,-1784.98078138635,371.59358226614887,2.067488061393856,6.779978183038263,0.6086553732133404,0.47539865812882354,4.7124901216444055,4.803583448618016,2.240311480275087,0.7663186267938612,5.214923318225195,0.16728070368988382,0.02360032408006286,0.13633422077272303,0.28276178678482655,0.746239441376919,soleimani_assassination,2020-01-03
2020-12-29,55,-8.139913277496357,-4701.776125010391,556.0751876418805,0.9852723398143729,9.125185617310727,0.7970487030174696,0.5861457098367571,8.139913277496357,8.455288474475857,4.771175246047745,0.9025491877823373,5.562415810220309,2.6637126153987665,2.5690842467464985,1.0550530631153303,2.6074966210286172,1.312724744049048,soleimani_assassination,2020-01-03
2020-12-30,37,-4.8941717539071545,-1703.6582594366364,323.2695078346024,1.9214209856761857,6.815592739583338,0.5361964002117522,0.4293094912726766,4.8941717539071545,5.270086470104988,2.101114385870984,0.780082640808818,5.533022591906166,0.2996121386857896,0.3487842950366012,0.0858048342613356,0.5176406759813293,1.264807662222055,soleimani_assassination,2020-01-03
2020-12-31,54,-5.163014559838881,-2697.2985713119974,512.7780621630473,2.1664377401087727,7.329452299947653,0.7825569084171519,0.5780487989774147,5.163014559838881,5.260167644329413,2.9844743654177703,0.7718552204195596,5.50802818003322,0.4954291503131422,0.34187020658622747,0.40646984545495407,0.3772421439919138,1.2240615531661025,soleimani_assassination,2020-01-03
2021-01-01,33,-5.102512601356813,-1486.5523489571592,279.2473663725801,1.6797644019364428,6.782277003293256,0.4782292218104817,0.39084489968257824,5.102512601356813,5.323424776632476,1.994291025806395,0.8014941878093014,5.4892244362290565,0.45136134397366634,0.38596468084722124,0.04702730896703164,0.8830224875653145,1.193407525393841,soleimani_assassination,2020-01-03
2021-01-02,150,-4.831700842084755,-7019.1717288916725,1434.332508938764,2.365257942086829,7.196958784171585,2.173769190047644,1.1549199005084732,4.831700842084755,4.893685170731455,5.580227455827232,0.7526454367435857,5.432927410720759,0.25411020596974493,0.08640728231471369,1.3487439048017122,0.04943278208521423,1.1016316215419186,soleimani_assassination,2020-01-03
2021-01-03,26,-5.228109861777859,-1316.8142111356565,244.57657945347543,2.0893408278317507,7.317450689609614,0.3767866596082583,0.319752276449495,5.228109861777859,5.384056863000438,1.671700029831525,0.7778901739282887,5.436204907561898,0.5428426098345699,0.4282293215984591,-0.07007517216225236,0.4802268674121697,1.1069746255861197,soleimani_assassination,2020-01-03
2021-01-04,61,-4.305075082071941,-2435.922444069724,504.439833016011,1.9822151886034651,6.287290270675406,0.8839994706193752,0.6333968951665391,4.305075082071941,4.828965289092084,2.7268211904432005,0.7602982187551127,5.378031517748363,-0.1294681539357871,0.04129317341946029,0.3129401858028599,0.18002527757215533,1.012139856216636,soleimani_assassination,2020-01-03
2021-01-05,92,-6.475164179890574,-5052.879137007528,770.5956147405742,0.9504375553839196,7.425601735274495,1.3332451032292216,0.8472600467705157,6.475164179890574,6.557108605800477,5.4861479059008555,0.8865289998765981,5.503861799356509,1.4511594571592188,1.2459252555825815,1.3145924596052592,2.3341167816932025,1.2172694829111652,soleimani_assassination,2020-01-03
2021-01-06,71,-5.40103608740803,-3556.578096833538,649.9599642639598,1.8766648032252782,7.277700890633309,1.0289174166225517,0.7075023584986169,5.40103608740803,5.471995649549195,3.8212457701773226,0.7949978331667172,5.503763113687438,0.6687968700482382,0.4895285683211785,0.710222922441062,0.7721640882191191,1.217108604669475,soleimani_assassination,2020-01-03
2021-01-07,20,-4.937893242198461,-984.8388287398925,180.30271149156073,2.038621166189786,6.9765144083882475,0.28983589200635257,0.2545149947820513,4.937893242198461,5.462140977208704,1.2567678727724678,0.7738668321374405,5.5045113219542925,0.3314575553835984,0.4826591991283666,-0.22069805283225868,0.4115697119003091,1.2183283403365026,soleimani_assassination,2020-01-03
2021-01-08,16,-3.179855367798796,-413.60499888297727,118.22975998708641,2.104752315697052,5.284607683495848,0.23186871360508204,0.20853229580078217,3.179855367798796,3.498315474277822,0.6631025401615236,0.7151644640500743,5.298434715067819,-0.949044341252871,-0.8862592127465282,-0.43620215640804105,-0.5901690973294728,0.8823804516340008,soleimani_assassination,2020-01-03
2021-01-09,52,-3.499851661561495,-1407.9309233781375,380.77293936918215,1.9113524323844635,5.411204093945958,0.7535733192165166,0.561655602792968,3.499851661561495,3.6975603510864627,1.9657112946602922,0.7389774424394501,5.121057841350795,-0.7159686680568653,-0.7473721375313261,0.0366526938383526,-0.1838075587202367,0.5932191192043003,soleimani_assassination,2020-01-03
2021-01-10,14,-6.3205874862763,-978.2929081578307,130.2288100670831,1.490735187829101,7.811322674105407,0.20288512440444678,0.1847229414973702,6.3205874862763,7.512108170641314,1.167557512456427,0.8397413550898856,5.368623948824113,1.3385704440149693,1.9116241609548,-0.2530819527730357,1.5356992543874437,0.9968035549950897,soleimani_assassination,2020-01-03
2021-01-11,17,-7.028196146576059,-1372.2240424516317,175.5180615616806,1.6481978549966922,8.676394001572747,0.24636050820539968,0.22022771094479596,7.028196146576059,7.81813581031035,1.5478035494314812,0.8403619360558103,5.623180923195386,1.8539713035667842,2.124946001342522,-0.11505034332034955,1.5462892877726544,1.411784563206455,soleimani_assassination,2020-01-03
2021-01-12,12,-5.57601794903277,-694.3322258742676,112.69081283228951,1.9074415601623487,7.483459509195114,0.17390153520381152,0.16033284668222497,5.57601794903277,6.161391584845497,0.8940188309196057,0.7968840746937121,5.683376712616686,0.7962483936759495,0.9700838862403989,-0.3523781473118633,0.8043522503450402,1.5099162661221885,soleimani_assassination,2020-01-03
2021-01-13,11,-4.767403709716775,-515.3528011095951,101.79104895163557,2.2431640065795944,7.010567716296365,0.1594097406034939,0.147911031305742,4.767403709716775,5.062849891196788,0.7051515993550285,0.7575935769745393,5.621369729974835,0.20727810915067044,0.20432646614192085,-0.42093809379578156,0.1338713535493218,1.4088319401617064,soleimani_assassination,2020-01-03
2021-01-14,30,-4.364204760284548,-1288.922347071476,285.3529751011493,2.573780538210217,6.937985298494766,0.4347538380095288,0.3609932930398916,4.364204760284548,4.516940279366601,1.5754486479154897,0.7294108599395659,5.503770833739084,-0.08639987525913839,-0.17620923712627443,-0.10501500549649727,-0.3470585019797972,1.2171211899652556,soleimani_assassination,2020-01-03
2021-01-15,64,-4.126749252498804,-2345.8634660253592,532.7392193902742,2.0986505252371153,6.225399777735921,0.9274748544203282,0.6562107806739239,4.126749252498804,4.403399225441343,2.7080173486277723,0.7478810856672075,5.391399030524747,-0.2593553232128704,-0.2553549855596249,0.3061142775821582,-0.031869481000676145,1.033931692574383,soleimani_assassination,2020-01-03
2021-01-16,108,-4.582167113436377,-4340.160635316341,909.0797358206112,1.9176189239327874,6.499786037369165,1.5651138168343037,0.9420028506730951,4.582167113436377,4.774235377052542,4.316414483117574,0.7721840718429469,5.3314654998637,0.0723573453164263,0.0031427450033878327,0.8899721578084829,0.38285389772537953,0.9362275261856321,soleimani_assassination,2020-01-03
2021-01-17,13,-5.1233750528468756,-647.0649275325259,123.05335501441232,2.1711338202847292,7.294508873131606,0.18839332980412915,0.17260225183739092,5.1233750528468756,5.2584094717022545,0.8843060711288824,0.7706300680676629,5.331774397085995,0.4665569259861606,0.3406446420556825,-0.35590393781531254,0.3563352760392019,0.936731093141746,soleimani_assassination,2020-01-03
2021-01-18,13,-3.1131119961390556,-364.65435618125355,112.25043054039035,2.7607682534839424,5.873880249623,0.18839332980412915,0.17260225183739092,3.1131119961390556,3.248578686297709,0.537330140755596,0.680268600106819,5.111300234871948,-0.9976582051762491,-1.0603425448339545,-0.4818582975024588,-1.1856568490592758,0.5773121836967469,soleimani_assassination,2020-01-03
2021-01-19,79,-4.9359733770714955,-3389.7917089320254,670.1898510937624,1.7737212297792024,6.709694606850697,1.1448517734250925,0.7630704466939122,4.9359733770714955,5.0579573883427535,3.7664954097112044,0.7909189807576583,5.109609614880557,0.3300591833848124,0.20091606270890547,0.6903482107060681,0.7025596601797999,0.5745561201857691,soleimani_assassination,2020-01-03
2021-01-20,232,-4.30713589563185,-8680.304034959196,1976.7928386503736,2.1067614458271207,6.413897341458972,3.3620963472736896,1.4729527554020079,4.30713589563185,4.391104553416708,6.3442076853618286,0.7527466480677907,5.036437854499913,-0.1279671193389191,-0.26392519858383073,1.626073345265049,0.05115992384615176,0.4552708758102892,soleimani_assassination,2020-01-03
2021-01-21,26,-3.993442155452764,-979.7703111284696,235.42134270945533,2.53061243591699,6.524054591369752,0.3767866596082583,0.319752276449495,3.993442155452764,4.161773524236716,1.2769122200753993,0.7205184433297382,4.945091609659789,-0.3564522021187627,-0.42378434482171257,-0.21338553301819965,-0.49880500073511774,0.30635742775528035,soleimani_assassination,2020-01-03
2021-01-22,15,-4.4516197468182215,-618.0987885726697,127.6792350441961,2.030164628064094,6.481784374882315,0.2173769190047644,0.19669847764443782,4.4516197468182215,4.8410282874792845,0.8756268272510619,0.7614923882460582,4.929572833042911,-0.022729428973080026,0.04970189434197161,-0.35905455579628714,0.20040343202919442,0.2810585822509099,soleimani_assassination,2020-01-03
2021-01-24,13,-3.212882538753649,-364.52953859411724,99.9473576505723,2.2376878710298023,5.4505704097834515,0.18839332980412915,0.17260225183739092,3.212882538753649,3.647215365798417,0.5545507610779132,0.7089473598182627,4.792871927413078,-0.9249883435613153,-0.7824659771843506,-0.47560710825201297,-0.6962621697718552,0.058207569106259585,soleimani_assassination,2020-01-03
2021-01-25,10,-3.607364740562133,-357.8996601493974,83.54767595059901,2.373701427248883,5.981066167811015,0.14491794600317628,0.13533297155897414,3.607364740562133,4.2837775686426065,0.4881953898373413,0.7158866000470879,4.7255586097479165,-0.6376593758747755,-0.3387393230205555,-0.4996945090334379,-0.5778460569254843,-0.05152719066503988,soleimani_assassination,2020-01-03
2021-01-26,8,-3.5446736214733923,-214.5265068654448,60.74562949988971,2.024265033006409,5.5689386544798,0.11593435680254102,0.10969204215974339,3.5446736214733923,3.531554593007128,0.38882248832918964,0.7334109400565075,4.599133435348749,-0.6833217009386243,-0.86308931218503,-0.535767472844638,-0.2787983001561636,-0.25762661679565113,soleimani_assassination,2020-01-03
2021-01-27,17,-2.7735999449848707,-441.7388277804992,148.42801073687548,2.9787297550627265,5.752329700047596,0.24636050820539968,0.22022771094479596,2.7735999449848707,2.976114990610418,0.6108235669606301,0.6588352455532456,4.406572883868622,-1.2449485689190263,-1.2502680596198466,-0.4551797396298396,-1.5514108001833913,-0.571540513644582,soleimani_assassination,2020-01-03
2021-01-28,8,-3.7425303648762402,-297.05520010421736,76.06603345786347,2.882861908678346,6.62539227355459,0.11593435680254102,0.10969204215974339,3.7425303648762402,3.9052279526152778,0.4105257985681244,0.6968042867359139,4.348900966694319,-0.5392088016211519,-0.6026138568905949,-0.5278890400631607,-0.9034801741937298,-0.6655577779273056,soleimani_assassination,2020-01-03
