date,N,mean_tone,sum_tone_x_polarity,sum_polarity,mean_pos,mean_neg,relative_N,coverage_scaled,F1_raw,F2_raw,F3_raw,F4_raw,F5_raw,F1_z,F2_z,F3_z,F4_z,F5_z,event_name,event_date
2025-03-17,893,-5.339966275166676,-47562.78526008856,8325.774982512672,1.9917049825245416,7.331671257691217,0.9555014661319438,0.6706466649610126,5.339966275166676,5.712715676317063,3.5812305734448118,0.7863751358726193,5.712715676317063,2.5876104630660484,2.451216990433642,0.9388219961637296,1.7576826492519633,4.956098543780318,us_israel_iran,2026-02-28
2025-03-18,847,-3.3755664269482084,-27217.926241187084,6879.376236648867,2.3732417196125946,5.748808146560803,0.9062819057264908,0.6451546986638057,3.3755664269482084,3.956452635369407,2.177762540997431,0.7078026164925877,4.788366707397245,0.2410175856788247,0.47115223735077305,0.16153386685177082,0.1294584474643016,2.8355458063059604,us_israel_iran,2026-02-28
2025-03-19,774,-3.5479487789193005,-22763.82015710574,5553.248374445909,1.8133953614744003,5.361344140393699,0.8281726033439243,0.6033168905350568,3.5479487789193005,4.099189991547436,2.140537425075244,0.7472527941952117,4.534057956161153,0.4469385949323518,0.6320787052697517,0.14091733690621808,0.9469673501578402,2.252135063469767,us_israel_iran,2026-02-28
2025-03-20,405,-4.426446586828344,-16420.73343259928,3379.6520419680287,1.9591866349414195,6.385633221769763,0.4333461296567046,0.360011661659024,4.426446586828344,4.858705342647408,1.5935723909689872,0.7652212188420369,4.62845963876838,1.4963566656521305,1.4883795788148302,-0.1620104237055605,1.3193192119640413,2.468702348343653,us_israel_iran,2026-02-28
2025-03-21,429,-3.7334897521647,-12999.056122590011,3191.3824188173858,1.8528150526092424,5.586304804773941,0.4590259003030278,0.37776902147563024,3.7334897521647,4.0731740721336065,1.410396770364552,0.7509362548083751,4.492862079091016,0.6685783627606817,0.6027475607604573,-0.2634592862257097,1.023298105032533,2.1576274339585657,us_israel_iran,2026-02-28
2025-03-22,289,-3.753487623633114,-10139.22295656567,2514.9182669055353,2.474325854109973,6.227813477743088,0.3092272381994756,0.2694370686526268,3.753487623633114,4.031631202488903,1.0113287025356203,0.7156646475363797,4.394426049348314,0.6924670139399433,0.5559108569139717,-0.48447669790837855,0.2923799029771733,1.9318049368761883,us_israel_iran,2026-02-28
2025-03-23,467,-3.533089397649699,-16789.608033737393,3329.3978249960296,1.7981210666955258,5.331210464345224,0.49968553715970626,0.40525544423670173,3.533089397649699,5.042836247349749,1.4318037133725097,0.7477854608294484,4.518713253699108,0.42918817702163403,1.6959744013749165,-0.25160339617317506,0.9580055695275674,2.216932719002781,us_israel_iran,2026-02-28
2025-03-24,613,-3.0061248531858045,-15978.610913650502,4320.393209186753,2.020912458551269,5.0270373117370735,0.6559041419248393,0.5043471689765613,3.0061248531858045,3.6984158941075247,1.5161305592943415,0.7132623636066875,4.374683379740213,-0.20030242683686034,0.18023371064914281,-0.20490033290278606,0.24259841620860098,1.8865131980522305,us_israel_iran,2026-02-28
2025-03-25,480,-2.3964308944829624,-8660.342622186117,3234.3683629801635,2.170918264196189,4.567349158679152,0.5135954129264647,0.41448788873904574,2.3964308944829624,2.6775993487044976,0.993291581963266,0.6778224834434043,4.097644399401918,-0.9286182542767921,-0.9706661339582429,-0.49446626616624,-0.49180683190639024,1.250956943978628,us_israel_iran,2026-02-28
2025-03-26,473,-2.608509661781502,-11915.356810639003,3316.4538792600997,2.201510369172778,4.8100200309542815,0.5061054798212871,0.40952716664700517,2.608509661781502,3.592800395975148,1.0682555709607162,0.686015713611841,4.020133683572968,-0.6752775073615702,0.06115956266823054,-0.45294867016372825,-0.32202208074495964,1.0731392948425549,us_israel_iran,2026-02-28
2025-03-27,331,-2.97311323958734,-8156.476395360978,2463.4279406379706,2.2346336228618746,5.2077468624492145,0.3541668368305413,0.3031863846472149,2.97311323958734,3.3110269883715944,0.9014074542572544,0.6997420882643213,3.9167938926696424,-0.23973676980500394,-0.25652040880733956,-0.5453548080402741,-0.03757637901208369,0.8360670592926447,us_israel_iran,2026-02-28
2025-03-28,422,-2.9098279921462504,-10442.062269697955,3283.0954429405047,2.43500951451989,5.344837506666141,0.4515359671978502,0.37262228350578974,2.9098279921462504,3.180553977543072,1.084266751042603,0.6870106175752702,3.8141921340192075,-0.31533477548782296,-0.40361967807782256,-0.44408113636445506,-0.30140511791251273,0.6006879465424945,us_israel_iran,2026-02-28
2025-03-29,287,-3.0886923430031508,-6430.306219092792,1978.7350762217316,1.9029274804526606,4.991619823455813,0.30708725731228204,0.2678011939379503,3.0886923430031508,3.2497054792049536,0.827155497163249,0.7239952970699173,3.73850475138155,-0.10167063164259645,-0.3256561567424533,-0.5864780566594158,0.4650123359721137,0.4270532135129216,us_israel_iran,2026-02-28
2025-03-30,675,-3.033928947603811,-16095.149542387893,5086.646833771928,2.250922069732857,5.284851017336667,0.722243549427841,0.5436278300510525,3.033928947603811,3.164196388773618,1.6493282103149332,0.7013017717325954,3.6640384031980227,-0.16708877637630515,-0.42206172474888554,-0.13113096260227336,-0.005255735736166001,0.25621966060180706,us_israel_iran,2026-02-28
2025-03-31,494,-4.4444229892901,-21980.818332589504,4298.017227087225,2.1280083708278466,6.5724313601179425,0.5285752791368199,0.4243361114708453,4.4444229892901,5.114176414664105,1.8859291690069915,0.7554136990043239,3.84665039382988,1.5178305514376849,1.7764054914136675,-9.333842891254037e-05,1.1160822369341274,0.675150572682067,us_israel_iran,2026-02-28
2025-04-01,339,-2.7372543353739984,-8176.32535902445,2803.6447509886975,2.766542081558867,5.503796416932866,0.36272676037931567,0.30948766334358163,2.7372543353739984,2.9163200352473657,0.8471464482319873,0.6654862334760054,3.732457112374897,-0.5214843097456758,-0.7015251190677718,-0.5754063908999258,-0.747445583402576,0.4131793002160839,us_israel_iran,2026-02-28
2025-04-02,249,-2.766043400882752,-5449.613519002814,1815.3575739790806,2.26227463284995,5.0283180337327025,0.2664276204556036,0.2362000395612951,2.766043400882752,3.0019504681151115,0.6533395607167652,0.6896994885999639,3.6447852525937376,-0.48709405252246185,-0.6049827458813707,-0.6827432090971924,-0.24568481121448718,0.21205092931990505,us_israel_iran,2026-02-28
2025-04-03,266,-2.606632660006335,-5383.1309668231415,1881.7057803107257,2.2337246104305284,4.840357270436864,0.2846174579967492,0.25046097596931566,2.606632660006335,2.860771871537869,0.6528597600186801,0.6842382307629383,3.552538113839667,-0.677519698023743,-0.7641518204759518,-0.6830089389737803,-0.3588560860139993,0.00042639228200048974,us_israel_iran,2026-02-28
2025-04-04,166,-1.9606905116031847,-2834.916351485921,1285.2782495720178,2.8909747730297854,4.85166528463297,0.17761841363706904,0.1634941054506162,1.9606905116031847,2.2056829736517476,0.32056134126007374,0.6266164058383886,3.396816984287526,-1.4491361517827341,-1.502719111706031,-0.8670470576331614,-1.5529281436953648,-0.3568140857814704,us_israel_iran,2026-02-28
2025-04-05,142,-2.1869337974567413,-2525.7794164105017,978.5537117746512,2.3521447624499783,4.539078559906719,0.1519386429907458,0.1414462995625111,2.1869337974567413,2.581135185548361,0.3093336930384462,0.6586752957462451,3.303959502413684,-1.1788750419470169,-1.0794227865483,-0.8732653094785868,-0.8885856885686948,-0.569838813458353,us_israel_iran,2026-02-28
2025-04-06,265,-4.4183731492261025,-9912.028013512636,2117.2376615171797,1.7856014659854003,6.203974615211502,0.2835474675531524,0.24962770354598843,4.4183731492261025,4.6815849697335485,1.1029483426505688,0.7765086097386655,3.4586478969008305,1.4867124625177073,1.2886886445511403,-0.43373463821999503,1.5532229123664394,-0.21496753711717015,us_israel_iran,2026-02-28
2025-04-07,252,-3.3071354098057797,-6750.711299915685,1821.9576300659926,1.9614275928470954,5.268563002652876,0.26963759178639396,0.23873149894924497,3.3071354098057797,3.7051966459127645,0.7895173936110593,0.7287095236240126,3.4859959261452174,0.1592726509271663,0.18787853795343648,-0.6073233131416137,0.562703205867255,-0.15222831175027968,us_israel_iran,2026-02-28
2025-04-08,202,-2.9954925431050925,-5580.359224689868,1567.8450102981524,2.3830582093834742,5.378550752488566,0.2161380696065539,0.19568032118267073,2.9954925431050925,3.5592543829499244,0.5861589429350996,0.6929685299671811,3.4940341989722348,-0.21300335589068725,0.023338759947321788,-0.7199501105115933,-0.17794188642670516,-0.13378767729182753,us_israel_iran,2026-02-28
2025-04-09,263,-4.079326387599717,-10015.79220523985,2191.5442750153225,2.126770789119004,6.206097176718721,0.2814074866659588,0.24795907277318852,4.079326387599717,4.570198430132024,1.0115059886084263,0.7447732523978383,3.6109788836192536,1.0817008674215143,1.1631080476299405,-0.4843785108768976,0.8955848821437942,0.13449560045240572,us_israel_iran,2026-02-28
2025-04-10,247,-3.076741339400451,-7949.868749725356,2123.121550601441,2.7594462343512696,5.836187573751723,0.26428763956840995,0.2345088327858365,3.076741339400451,3.7444246880134138,0.721523020286731,0.67897117351021,3.62535556297671,-0.11594681882371324,0.23210543431517652,-0.6449808999359804,-0.468003026429824,0.16747719916925344,us_israel_iran,2026-02-28
2025-04-11,301,-2.486287910271684,-6434.289929141788,2226.615799337635,2.455553385956575,4.94184129622826,0.3220671235226372,0.27919651436339965,2.486287910271684,2.8897171802408996,0.6941629182517152,0.6680515922896083,3.546710396067186,-0.8212786851843211,-0.7315179927441743,-0.6601338510805083,-0.6942847666241974,-0.012942998815069695,us_israel_iran,2026-02-28
2025-04-12,188,-3.0612883517714735,-4734.311114871105,1405.351972962755,2.2069940500790355,5.2682824018505094,0.20115820339619866,0.18328626081419316,3.0612883517714735,3.3687725252843648,0.5610920952702378,0.7047608788422322,3.5278180224305724,-0.13440633496417606,-0.19141632153626306,-0.7338329797175214,0.06642583890248069,-0.05628407018482086,us_israel_iran,2026-02-28
2025-04-13,179,-3.0672835130580296,-4982.68127831731,1406.6882869848034,2.395655134489989,5.462938647548019,0.19152828940382746,0.17523675995531662,3.0672835130580296,3.542136039959177,0.5375008246926503,0.695154731121792,3.5293288953606066,-0.12724475694502752,0.004039015662506431,-0.7468986243573702,-0.1326381891798738,-0.05281797043733712,us_israel_iran,2026-02-28
2025-04-14,209,-3.521561368036911,-5884.658809546604,1489.5503621112794,1.8027369286879542,5.324298296724866,0.2236280027117315,0.20182021854412768,3.521561368036911,3.950627625108107,0.7107222849137667,0.7470565429142334,3.561727646256848,0.41541725751957304,0.46458494234095343,-0.6509627129870443,0.9429005200772718,0.021508136059065507,us_israel_iran,2026-02-28
2025-04-15,190,-2.34111697331756,-3619.4804248892324,1380.4459748581355,2.4621940787573657,4.8033110520749265,0.20329818428339227,0.18506627351327407,2.34111697331756,2.6219645613159153,0.4332617941105559,0.6611117830873637,3.460381634329365,-0.9946940348999723,-1.0333904975558221,-0.8046297298825585,-0.838095419356748,-0.210990163015226,us_israel_iran,2026-02-28
2025-04-16,230,-2.2499500505412002,-4597.66230917664,1741.3837010540333,2.6606417161512113,4.910591766692411,0.24609780202726433,0.2200169100836304,2.2499500505412002,2.640235065019699,0.4950270579625829,0.648585435625488,3.3703099064209625,-1.1035983660799678,-1.0127917719882604,-0.7704220348827071,-1.097673478687895,-0.4176240811645701,us_israel_iran,2026-02-28
2025-04-17,340,-2.96052205067482,-8334.743081859819,2513.6106814988493,2.216225270984428,5.1767473216592474,0.3637967508229125,0.31027253865760657,2.96052205067482,3.3158448693772526,0.9185686924146997,0.7002254176906233,3.3563429637945994,-0.2547776965525559,-0.251088582172359,-0.5358503331283543,-0.027560553179456708,-0.4496657011764281,us_israel_iran,2026-02-28
2025-04-18,594,-4.839918537261869,-25927.302225284264,4997.901771346837,1.7870287543882877,6.626947291650157,0.6355743234965001,0.49199401086256667,4.839918537261869,5.187637414950106,2.3812109333955536,0.7876118562008891,3.545627026912088,1.9902735913567635,1.8592276735134703,0.2742104769936488,1.783310667612839,-0.015428360409861074,us_israel_iran,2026-02-28
2025-04-19,346,-2.832562011927355,-9053.726045563622,2805.630725258992,2.6380986548152126,5.470660666742567,0.3702166934844933,0.31496889775904796,2.832562011927355,3.226984208596397,0.8921689347309102,0.6746606293022389,3.5093190862507,-0.40763360100974294,-0.3512728132616186,-0.5504714130460339,-0.5573285623509464,-0.09872255508131311,us_israel_iran,2026-02-28
2025-04-20,169,-2.941403705021253,-4711.220015168398,1386.0219258638663,2.629954732885427,5.571358437906682,0.18082838496785944,0.1662162133351882,2.941403705021253,3.399094868020962,0.48890898573872565,0.6793251668218618,3.4892191112278335,-0.2776157016454465,-0.15722998345148634,-0.7738104304884016,-0.46066737674148,-0.14483398971374914,us_israel_iran,2026-02-28
2025-04-21,512,-3.77175199235684,-16417.43616010034,4317.90224862563,2.330825418495045,6.102577410851886,0.5478351071215624,0.43685724954657174,3.77175199235684,3.8021787467110775,1.6477172013528112,0.7236198168568285,3.521088104588832,0.7142848926146635,0.297219129307595,-0.13202319392747777,0.45723142255521665,-0.0717232021383699,us_israel_iran,2026-02-28
2025-04-22,681,-3.262421278489173,-21682.81158080255,5246.743062136194,2.2210236207673044,5.4834448992564795,0.7286634920894218,0.5473485620155671,3.262421278489173,4.1326231004676774,1.785681595470037,0.7117226691244306,3.5902769652620057,0.10585895199959569,0.6697722164440402,-0.05561383985901824,0.21069199601041275,0.08700324516289527,us_israel_iran,2026-02-28
2025-04-23,332,-2.5133823367108326,-7105.294908825089,2604.320526901804,2.6654782998701916,5.178860636581024,0.3552368272741381,0.3039762193354879,2.5133823367108326,2.7282720523183106,0.7640084604579531,0.660203578470558,3.4993021206958552,-0.788912775485917,-0.9135361756149946,-0.6214510242635735,-0.8569157492752285,-0.12170251659231578,us_israel_iran,2026-02-28
2025-04-24,182,-2.3049756163505495,-3672.08491543579,1408.3792515613209,2.7166859598503317,5.021661576200882,0.19473826073461786,0.17792713271923094,2.3049756163505495,2.607312562553686,0.41011770240499534,0.6489320301015293,3.406216905632934,-1.037867043142062,-1.0499096098043208,-0.8174477117179332,-1.0904911518572264,-0.3352496879065614,us_israel_iran,2026-02-28
2025-04-25,457,-3.955455355673913,-14041.724080685966,3423.0315119682296,1.767383385585615,5.722838741259528,0.4889856327237383,0.39809510471223014,3.955455355673913,4.102131117283238,1.574647414001558,0.7640412586362068,3.480897731748768,0.9337295256932445,0.6353946205216631,-0.17249171690511644,1.2948674089744174,-0.16392410029667773,us_israel_iran,2026-02-28
2025-04-26,694,-4.667822590252937,-23290.534204128577,4940.797306300621,1.2257409428422785,5.893563533095215,0.7425733678561802,0.5553629677051382,4.667822590252937,4.7139222194822565,2.5923358064439563,0.8278285544627071,3.61228630983856,1.7846947099265837,1.3251466505252938,0.3911385821082699,2.6167038430202356,0.13749497227150936,us_israel_iran,2026-02-28
2025-04-27,1067,-5.090515810309028,-39008.06479392519,7469.602105298436,0.9550242435326639,6.045540053841692,1.141679803317787,0.761590475939243,5.090515810309028,5.2222413247762525,3.876888358749494,0.8635789626429319,3.784647353764535,2.289626992630151,1.8982411814949625,1.1025672910638535,3.357544028394551,0.5329091457284064,us_israel_iran,2026-02-28
2025-04-28,644,-4.772984806278778,-27487.338039391987,5363.841211180318,1.7779805869074414,6.550965393186219,0.6890738456763401,0.52418035840711,4.772984806278778,5.124562222702967,2.5019048864269005,0.7865299413446973,3.918696196229141,1.9103172542982376,1.7881147695517183,0.3410548758699149,1.7608906158310604,0.8404311416427513,us_israel_iran,2026-02-28
2025-04-29,466,-1.7569864467863985,-6866.855024647064,3170.306423421214,2.5231231107497343,4.280109557536135,0.49861554671610947,0.40454171305421766,1.7569864467863985,2.165990950879993,0.7107743069960126,0.6291287930645688,3.739281983236645,-1.6924728166818932,-1.5474691140897892,-0.650933901396002,-1.5008650341221166,0.42883626427988447,us_israel_iran,2026-02-28
2025-04-30,414,-2.3455498916750392,-8044.242799287392,3141.8268516079006,2.6217019280850655,4.967251819760105,0.4429760436490758,0.3667076778861307,2.3455498916750392,2.560371140494445,0.860131154142219,0.6545371054831531,3.6189522794272246,-0.9893986493127997,-1.1028328070202327,-0.5682150209981619,-0.9743396085286634,0.15278740027700888,us_israel_iran,2026-02-28
2025-05-01,288,-2.7692998210633744,-6191.1191751616125,2051.750559059575,2.1774170322800743,4.94671685334345,0.3081572477558788,0.2686194658060115,2.7692998210633744,3.017481412555007,0.7438878385907268,0.6943604559883281,3.5596706203634745,-0.4832040642349153,-0.5874726833505711,-0.6325945061029833,-0.14909760788489287,0.016789104572130377,us_israel_iran,2026-02-28
2025-05-02,879,-3.3271756360014666,-28498.723117923128,7372.126281463834,2.529885607177784,5.857061243179253,0.9405215999215885,0.6629568028762307,3.3271756360014666,3.8657399547779216,2.2057737222512217,0.6983544009140722,3.599445209830698,0.1832118973563881,0.3688799823929135,0.17704740771854052,-0.06633282141737024,0.10803615239996844,us_israel_iran,2026-02-28
2025-05-03,261,-3.838611309214489,-8981.10830065529,2088.0648069863532,2.080818496707609,5.919429805922097,0.2792675057787652,0.24628765301730152,3.838611309214489,4.3011635800794314,0.9454025701921075,0.7399057606719983,3.6791158946992986,0.7941523375584316,0.8597899161656288,-0.5209888227999606,0.794717964644544,0.2908089953144749,us_israel_iran,2026-02-28
2025-05-04,373,-3.7098695895696037,-12499.046923872065,3074.0589083403875,2.2657876024543238,5.9756571920239265,0.39910643546160696,0.335833772461775,3.7098695895696037,4.0659750826375705,1.2458994996063768,0.7250739816916087,3.714402111100299,0.6403626686092857,0.59463119947142,-0.35456344599882406,0.48736544900695655,0.37175924819537004,us_israel_iran,2026-02-28
2025-05-05,536,-4.874400852126317,-25053.669047280262,4762.3095423877385,2.0052525052686856,6.879653357395002,0.5735148777678856,0.4533118926844153,4.874400852126317,5.260823309422846,2.2096238759799074,0.7743079627106468,3.8776351710736057,2.0314647747760257,1.9417396928919124,0.17917975325128122,1.5076198595575874,0.7462328764585261,us_israel_iran,2026-02-28
2025-05-06,548,-3.5120644507609233,-17600.92250035455,4468.627367601256,2.321182526080539,5.83324697684146,0.5863547630910472,0.4614387823674605,3.5120644507609233,3.9387760608472187,1.6206027437551644,0.7153470362029883,3.8858451665390255,0.4040726229447033,0.45122312573675094,-0.14704009886305452,0.28579818122674033,0.7650674605217211,us_israel_iran,2026-02-28
2025-05-07,589,-3.6019050920762488,-17223.824564605762,4382.941107542275,1.9197105333695794,5.521615625445828,0.630224371278516,0.488717656436743,3.6019050920762488,3.9297412723539846,1.7603146153070752,0.742020374809753,3.88669785580486,0.5113926317512796,0.44103702842107867,-0.06966293260734295,0.8385381952251812,0.7670236184422453,us_israel_iran,2026-02-28
2025-05-08,358,-2.624001852876327,-9430.526877570539,2923.2197321646004,2.7707081966967553,5.394710049573082,0.3830565788076549,0.3242959620465845,2.624001852876327,3.2260752668727286,0.8509532052905489,0.6606777371186734,3.8177730149351197,-0.6567711603410242,-0.35229758200506994,-0.5732980799128672,-0.8470899654968785,0.6089028600482462,us_israel_iran,2026-02-28
2025-05-09,494,-1.2699871540712038,-5320.5237398349445,3386.4545900505723,2.7925920404244917,4.0625791944956955,0.5285752791368199,0.4243361114708453,1.2699871540712038,1.571119174450672,0.5389014105765,0.5926298636861104,3.5858256802724484,-2.2742225417261595,-2.2181457779202365,-0.7461229324595647,-2.2572164992686936,0.07679153412381153,us_israel_iran,2026-02-28
2025-05-10,142,-2.25362840268571,-2831.3213906755545,1043.2934937257005,2.546754438536372,4.800382841222082,0.1519386429907458,0.1414462995625111,2.25362840268571,2.7138301999417593,0.31876739814886634,0.6533677891724244,3.4950092166613427,-1.0992043548756516,-0.9298183623907326,-0.8680406040857805,-0.9985708427018339,-0.13155088523683142,us_israel_iran,2026-02-28
2025-05-11,385,-3.723549616113036,-12138.258045028671,3101.024482236013,2.1655297143279153,5.889079330440951,0.41194632078476856,0.34496912190702506,3.723549616113036,3.9142735294615623,1.2845096414477541,0.7311440316604395,3.5389907752874987,0.6567042769017112,0.4235982212509935,-0.3331798417908823,0.613152458807516,-0.030652612312837526,us_israel_iran,2026-02-28
2025-05-12,474,-2.8358476023433004,-11071.694643814792,3479.9965105764104,2.2529585939511465,5.088806196294446,0.5071754702648839,0.41023734967095316,2.8358476023433004,3.181524639512046,1.1633706044560426,0.6931311941585939,3.4989967944806906,-0.40370876713487697,-0.4025253240390982,-0.400270743238593,-0.17457106701920178,-0.12240296670711032,us_israel_iran,2026-02-28
2025-05-13,340,-1.590089729398618,-5044.105935392135,2367.941006138616,2.6872213207986557,4.277311050197272,0.3637967508229125,0.31027253865760657,1.590089729398618,2.130165372496978,0.49336117703389587,0.6141562451501129,3.3593976938254055,-1.8918409079778962,-1.5878599686264414,-0.7713446561614101,-1.8111346432564528,-0.44265783256091934,us_israel_iran,2026-02-28
2025-05-14,258,-1.5871401301309882,-3454.486331251342,1890.187530490324,2.869584063791724,4.456724193922712,0.27605753444797476,0.2437752735988587,1.5871401301309882,1.8275892076990008,0.38690551946240986,0.6083178644892375,3.2017290127013553,-1.895364380370161,-1.9289936058270458,-0.8303034047865002,-1.9321208705824184,-0.8043661966242093,us_israel_iran,2026-02-28
2025-05-15,318,-2.310027918658534,-6229.983911242866,2274.3438882364767,2.4209984435582745,4.7310263622168085,0.3402569610637829,0.29286135756673787,2.310027918658534,2.7392444667079734,0.6765179122754041,0.6614946802752448,3.152296285383612,-1.0318317664538281,-0.9011655395071668,-0.6699062529948634,-0.8301608071917871,-0.9177700178638876,us_israel_iran,2026-02-28
2025-05-16,299,-2.2847362426735565,-5682.731975981251,2156.3033955886817,2.463490399714528,4.748226642388085,0.31992714263544364,0.27757654010183214,2.2847362426735565,2.635404640927088,0.6341891812865857,0.6584044568952909,3.086512428746074,-1.0620441831251886,-1.0182377400837117,-0.6933493378145963,-0.8941981644748697,-1.0686850315273608,us_israel_iran,2026-02-28
2025-05-17,189,-3.261690837559347,-5341.948944077058,1470.2839043923752,2.258794539930314,5.520485377489662,0.20222819383979548,0.18417666321933246,3.261690837559347,3.633277170564366,0.6007273349147503,0.7096396370990272,3.1434326536927055,0.1049863967075374,0.10679431829079608,-0.7118816416279812,0.16752622783062193,-0.938104111456355,us_israel_iran,2026-02-28
2025-05-18,471,-4.401320880074241,-20278.11362116732,4202.988518799133,2.261110811342001,6.662431691416243,0.5039654989340935,0.40810528572603116,4.401320880074241,4.824689272994047,1.7962023153346451,0.7466128714416839,3.319431153293871,1.4663425091340632,1.4500288198518174,-0.04978710888010433,0.9337065088002005,-0.5343452361078332,us_israel_iran,2026-02-28
2025-05-19,514,-3.3574524457443466,-17786.231946979533,4747.499363659464,2.9394638195981226,6.29691626534247,0.5499750880087559,0.43823885854957967,3.3574524457443466,3.746442197154833,1.471366127457497,0.6817515311663327,3.361824452875551,0.21937935387349378,0.23438003592484832,-0.22969239134497085,-0.4103868819935145,-0.4370905947319091,us_israel_iran,2026-02-28
2025-05-20,407,-2.4952500236338206,-9832.887347466733,3168.5294457532746,2.6449173048333035,5.1401673284671245,0.4354861105438982,0.3615035448400075,2.4952500236338206,3.1032968182276424,0.9020417288057387,0.6602583749032397,3.3302872403821078,-0.8105729058079894,-0.49072176615754853,-0.5450035253135833,-0.8557802265941697,-0.509440242466609,us_israel_iran,2026-02-28
2025-05-21,466,-3.01889748723574,-12647.780702722283,3633.8950153299284,2.3895802427876323,5.408477730023372,0.49861554671610947,0.40454171305421766,3.01889748723574,3.4805025047136553,1.2212699610214195,0.6935672636547162,3.3494629555678674,-0.1850447530418666,-0.06544852003243024,-0.3682041186254277,-0.16553458819874392,-0.46544915609399196,us_israel_iran,2026-02-28
2025-05-22,436,-3.3941853211338056,-13189.238475359258,3491.598234760161,2.3070337554424567,5.701219076576264,0.46651583340820546,0.38288940610958044,3.3941853211338056,3.7774215670220803,1.2995976018347783,0.7119179671477855,3.3987207375916646,0.26325896618003597,0.2693071265238483,-0.32482361832641754,0.21473907214716975,-0.35244667756627585,us_israel_iran,2026-02-28
2025-05-23,504,-3.8366181147118774,-19137.757441939328,4506.687879693873,2.5526114582133803,6.389229572925258,0.5392751835727879,0.43131164561267554,3.8366181147118774,4.24652382255487,1.6547780726437806,0.7145317782630792,3.484298454050249,0.7917713477475653,0.7981873797181271,-0.12811264426750474,0.26890394493479686,-0.15612248940266374,us_israel_iran,2026-02-28
2025-05-24,234,-2.2331253511937965,-3922.868087651274,1635.3629294480465,2.377802558266448,4.610927909460245,0.25037776380165155,0.22344571669897262,2.2331253511937965,2.3987752302635883,0.4989822945761428,0.6597661665095086,3.36296074449055,-1.1236964737481212,-1.285020986484404,-0.7682314908893543,-0.8659800474134532,-0.4344838235061346,us_israel_iran,2026-02-28
2025-05-25,143,-1.7133353600932033,-2168.909244311486,1037.8636943733734,2.7722263562239347,4.485561716317138,0.15300863343434262,0.14237472905970608,1.7133353600932033,2.089782363589661,0.24393565768168377,0.6180342649143609,3.218343918114199,-1.7446166453516825,-1.6333890099468487,-0.9094849563732097,-1.7307721235742328,-0.7662498743901343,us_israel_iran,2026-02-28
2025-05-26,206,-1.663746410690401,-3308.536007411529,1637.3547695969116,3.142288856783225,4.806035267473627,0.2204180313809411,0.19919344872741768,1.663746410690401,2.0206592174437756,0.33140738535328357,0.6046602016148881,3.0814341598786656,-1.803853605470196,-1.7113205624048513,-0.8610401510783003,-2.0079170301174214,-1.0803351088363646,us_israel_iran,2026-02-28
2025-05-27,178,-2.2082995342172875,-3587.1369075453226,1386.039654959724,2.789220050193952,4.99751958441124,0.19045829896023067,0.17433835815843687,2.2082995342172875,2.588047820067283,0.3849913151174828,0.6417987269282347,3.0344263327577843,-1.153352394025873,-1.071629270632554,-0.8313635559833854,-1.2383114961339656,-1.188175956649928,us_israel_iran,2026-02-28
2025-05-28,251,-2.7303694998684254,-6727.138322082477,2077.914439824451,2.7740870425447737,5.504456542413199,0.26856760134279717,0.23788839098470763,2.7303694998684254,3.237447217822312,0.6495232071174206,0.6649063915559663,3.0584675703722484,-0.5297086567257535,-0.3394764961403309,-0.6848568349735544,-0.7594613957357959,-1.1330228554405453,us_israel_iran,2026-02-28
2025-05-29,447,-1.9662602104186473,-8159.4484838542385,3457.2376745582087,2.8840261303143997,4.850286340733048,0.4782857282877703,0.3908831247402892,1.9662602104186473,2.3601063195335312,0.7685779351009394,0.6271127988285402,2.9850010947635126,-1.442482814081955,-1.3286175010107129,-0.6189202944463851,-1.542641607301472,-1.3015625966021018,us_israel_iran,2026-02-28
2025-05-30,242,-2.673431045087725,-5477.11012752539,1829.4769099391565,2.443195448404808,5.116626493492533,0.25893768735042594,0.23026826007279888,2.673431045087725,2.9938121097727026,0.6156063151769547,0.6768183871019028,2.9810669792850217,-0.5977250397238479,-0.6141581803840899,-0.7036411584344231,-0.5126142843981679,-1.310587866957737,us_israel_iran,2026-02-28
2025-05-31,161,-2.526164736174672,-3489.5311014599024,1218.6267270284936,2.5214726847961844,5.047637420970858,0.17226846141908503,0.15894072756824948,2.526164736174672,2.8634946403717856,0.40151046112485733,0.6668732982395079,2.9613702261675297,-0.7736434363210994,-0.7610820874842916,-0.8222146934506831,-0.7187020425921031,-1.355774268573421,us_israel_iran,2026-02-28
2025-06-01,481,-4.696370329035747,-22974.123163867815,4609.02565498595,2.4429017949269847,7.13927212396273,0.5146654033700615,0.4151945587077397,4.696370329035747,4.984594333731876,1.9499074062921193,0.7450576648258077,3.1687657069501385,1.8187966879704154,1.6303106838006856,0.03533997620762737,0.9014786373926127,-0.8799874507146768,us_israel_iran,2026-02-28
2025-06-02,501,-3.1563764059786545,-14761.475582690324,4329.227583843845,2.742398208032475,5.89877461401113,0.5360652122419975,0.4292240897109719,3.1563764059786545,3.409725013713386,1.3547927896413772,0.6826358800466731,3.182638956936636,-0.02081797823041709,-0.1452452315578596,-0.29425465395720457,-0.39206090414329947,-0.8481607713698487,us_israel_iran,2026-02-28
2025-06-03,327,-4.433173993213961,-14686.198427453714,2922.028631422612,2.251346690583558,6.684520683797517,0.34988687505615407,0.3000207926845351,4.433173993213961,5.026028242681396,1.3300443755525182,0.7480550464481919,3.372982230018355,1.5043929541511831,1.677024542021559,-0.30796116386396877,0.963592075246812,-0.4114934927067391,us_israel_iran,2026-02-28
2025-06-04,606,-2.638803154892572,-12894.674422633394,4306.5695740071,2.2338736486321786,4.872676803524751,0.6484142088196617,0.4998137402097903,2.638803154892572,2.9941869511318235,1.318910074524251,0.68565991845535,3.3299361082670145,-0.6390901215653002,-0.6137355727530641,-0.3141277168722095,-0.32939506928151746,-0.5102457760831461,us_israel_iran,2026-02-28
2025-06-05,320,-2.5778727895761877,-7354.911303604583,2406.316492108148,2.4709331241308883,5.048805913707076,0.3423969419509765,0.2944567786821555,2.5778727895761877,3.0565020552059736,0.7590721174709862,0.6714070645673207,3.3016562357833243,-0.7118750799828533,-0.5434796154818021,-0.6241849381948303,-0.624750771607775,-0.5751227468237462,us_israel_iran,2026-02-28
2025-06-06,300,-2.7476636404395474,-6501.200731064988,2204.956074557746,2.301094970709803,5.04875861114935,0.32099713307904043,0.27838685527215606,2.7476636404395474,2.9484490897937508,0.7649134402076098,0.6869196175024022,3.2739418184629794,-0.5090497734940465,-0.6653018387424927,-0.6209498158281741,-0.30329087290900797,-0.6387025045691808,us_israel_iran,2026-02-28
2025-06-07,260,-3.5341815849761153,-8680.011273960276,2147.6247442464382,2.362956792601247,5.8971383775773605,0.2781975153351684,0.2454508943541769,3.5341815849761153,4.041679672956986,0.86746803084245,0.7139310451128673,3.3580486457061367,0.4304928599777368,0.5672398103408514,-0.564151610194732,0.25645521270998073,-0.44575268935038836,us_israel_iran,2026-02-28
2025-06-08,580,-3.8746848527400948,-21304.440209385688,5079.400300122867,2.4414509358048364,6.316135788544931,0.6205944572861448,0.48279303087705994,3.8746848527400948,4.194282582703779,1.870670843747825,0.7212187543611097,3.4432183879429776,0.8372443385968529,0.739289005571007,-0.008543915729522048,0.4074752470325109,-0.2503644365118816,us_israel_iran,2026-02-28
2025-06-09,1435,-3.9795156038155706,-58488.85604425499,13363.849920226656,2.6666358985196217,6.646151502335193,1.5354362865614102,0.9303657273871838,3.9795156038155706,4.376647178275331,3.702404929392521,0.7136586734198557,3.543161324967359,0.9624709282995347,0.9448924371085747,1.0059324584454616,0.25081097238343036,-0.021084937292076774,us_israel_iran,2026-02-28
2025-06-10,1380,-3.966303554731098,-48338.95264905801,11141.05405340564,2.0534620101002625,6.019765564831361,1.4765868121635861,0.9068813268083393,3.966303554731098,4.338813223357585,3.5969666302391707,0.7456454694183875,3.6349237610509233,0.9466883470162837,0.9022372773427959,0.9475371573684381,0.9136594567313849,0.18942764137365195,us_israel_iran,2026-02-28
2025-06-11,630,-2.8834044530610647,-15505.460143327087,4843.854577320727,2.402626803089092,5.286031256150157,0.6740939794659849,0.5152721111521397,2.8834044530610647,3.2010581440501453,1.4857378998342554,0.6875102541201034,3.5991221743930986,-0.3468992701954014,-0.38050265264062433,-0.2217328170565934,-0.29105136674335097,0.10729507548579925,us_israel_iran,2026-02-28
2025-06-12,474,-3.1775227345365376,-13078.05034976087,3599.2476577770108,2.2079133772222495,5.385436111758787,0.5071754702648839,0.41023734967095316,3.1775227345365376,3.633551117690583,1.3035385051354689,0.709230639202604,3.6075038725416246,0.004442573495760662,0.10710317467288899,-0.3226410126071755,0.1590507420158474,0.1265235633742111,us_israel_iran,2026-02-28
2025-06-13,484,-3.4532204373459376,-14110.666976039316,3696.664342370891,2.092257903611009,5.545478340956947,0.5178753747008519,0.417311577250649,3.4532204373459376,3.8171350355789415,1.4410688673030092,0.7260630851060029,3.634993088790449,0.3337799364116065,0.3140813075426979,-0.24647204013233462,0.5078622095804338,0.18958668642349472,us_israel_iran,2026-02-28
2025-06-14,401,-2.6616742081287144,-8955.645383706446,2783.0391478335146,2.139286521663216,4.800960729791929,0.4290661678823174,0.3570212015022847,2.6616742081287144,3.21793726497813,0.9502741237937559,0.6917564397702579,3.590993793945436,-0.6117692832589091,-0.3614726146376084,-0.5182907914245932,-0.20305950527044295,0.08864772476752444,us_israel_iran,2026-02-28
2025-07-02,854,-3.4915330549345973,-23847.960480706388,6449.76484682005,2.030442399242332,5.521975454176929,0.9137718388316685,0.6490760794630743,3.4915330549345973,3.6974930167359874,2.2662705866126793,0.7311533288213026,3.595418780774439,0.3795466450728519,0.17919323042938443,0.21055262012210108,0.6133451198351195,0.09879910508928218,us_israel_iran,2026-02-28
2025-07-03,345,-2.3927636482259,-7703.38756919605,2712.9388372232406,2.735413592152616,5.128177240378515,0.36914670304089653,0.31418770129612594,2.3927636482259,2.8394991672870353,0.7517769103810277,0.652141922130994,3.51481823127039,-0.9329989988356211,-0.7881353189085692,-0.6282252709568165,-1.0239739531121916,-0.08610694407576489,us_israel_iran,2026-02-28
2025-07-04,379,-2.79490070184509,-9393.36892195368,2984.8180950954543,2.540304391947447,5.3352050937925375,0.40552637812318776,0.34041187897431174,2.79490070184509,3.1470490404050167,0.9514173994617098,0.6774425328866506,3.478282933602783,-0.45262228397683985,-0.4413941705852339,-0.517657606638986,-0.49968038231396966,-0.16992271938194642,us_israel_iran,2026-02-28
2025-07-05,395,-2.35310582409043,-7669.172499689449,3108.48650406202,2.7582401310712648,5.111345955161695,0.4226462252207366,0.3525186762666267,2.35310582409043,2.467172525815295,0.829513750223648,0.6495063271629335,3.371575783297211,-0.980372637014919,-1.2079077802217193,-0.5851719762447695,-1.07859024322184,-0.4147200278627405,us_israel_iran,2026-02-28
2025-07-06,500,-4.419014461288613,-17960.068972141085,3714.645937294013,1.5051387066497062,5.924153167938319,0.5349952217984008,0.4285272681993975,4.419014461288613,4.834934277807471,1.8936681952296417,0.7974048224167838,3.5237517411816186,1.4874785480574892,1.461579352120195,0.0041927964001153605,1.9862460542572042,-0.06561254257321557,us_israel_iran,2026-02-28
2025-07-07,967,-4.30501421149173,-34772.76474632459,7674.543926617463,1.815716227562027,6.120730439053757,1.034680758958107,0.7103389313834949,4.30501421149173,4.530922629255261,3.0580191945817945,0.7712179891285939,3.6260394209166527,1.3512984447876075,1.1188273065609848,0.649049814319315,1.4435876787279396,0.16904604045685023,us_israel_iran,2026-02-28
2025-07-08,555,-4.467693242604777,-22796.430271151436,4723.205838803665,2.0212937740162293,6.488987016621006,0.5938446961962248,0.46614914538062674,4.467693242604777,4.8264740197995515,2.0826113868630176,0.7624880043629114,3.75948983471659,1.5456282580668823,1.4520409980736226,0.10883593509336803,1.2626799951143968,0.47519517873223505,us_israel_iran,2026-02-28
2025-07-09,416,-3.740160222815026,-15062.105619343862,3484.143931176529,2.3175928827950454,6.057753105610072,0.4451160245362694,0.36818961213774737,3.740160222815026,4.323043455399868,1.3770881417712952,0.7232839233145072,3.828178369524316,0.6765466381253288,0.8844579578619728,-0.2819067328441064,0.45027084652752764,0.6327738264261245,us_israel_iran,2026-02-28
2025-07-10,618,-4.369985570849628,-27078.82558707306,5546.7579481199755,2.3026754573907002,6.672661028240332,0.6612540941428233,0.5075727955375848,4.369985570849628,4.8819194636483445,2.218085792655054,0.7434441080758204,3.949353773733024,1.428910611802219,1.514551889964163,0.1838662492959034,0.8680416014923121,0.9107628151622907,us_israel_iran,2026-02-28
2025-07-11,463,-3.495573156014879,-15486.710346360027,3870.2669140575113,2.431767324862443,5.927340480877322,0.4954055753853191,0.4023974579339025,3.495573156014879,4.001457958909627,1.4066097520023761,0.7090876943598365,3.9623697423755155,0.3843727869744161,0.5218926177866076,-0.2655566652541957,0.15608855810789657,0.940622801881343,us_israel_iran,2026-02-28
2025-07-12,240,-3.2473900718984225,-7430.35708300945,2113.2673884810574,2.778945356719659,6.026335428618081,0.25679770646323236,0.2285669830556617,3.2473900718984225,3.516051552922572,0.7422461515387307,0.6844001429974765,3.9192765144186805,0.087903278486192,-0.025369434085180064,-0.6335037279933718,-0.35550084908229884,0.8417624519668944,us_israel_iran,2026-02-28
2025-07-13,241,-4.005435327118579,-9699.137993041146,2205.2342584724097,2.572457146549448,6.577892473668027,0.25786769690682915,0.2294179833571228,4.005435327118579,4.3982347706496485,0.9189188952149218,0.7188678844723411,3.9784278937900046,0.9934335849815986,0.9692309500577755,-0.5356563789568511,0.3587591911092773,0.977461872498326,us_israel_iran,2026-02-28
2025-07-14,252,-3.384688914486857,-7895.168979331511,2091.874178290461,2.4581995473011364,5.842888461787994,0.26963759178639396,0.23873149894924497,3.384688914486857,3.774208344492147,0.8080318580323402,0.7038701981463665,3.962315672998904,0.2519149415820338,0.2656844410109199,-0.5970693756934377,0.04796864958850232,0.9404987611040582,us_israel_iran,2026-02-28
2025-07-15,332,-2.5992622323845267,-7294.026361914256,2671.627564924047,2.7239043731511807,5.323166605535707,0.3552368272741381,0.3039762193354879,2.5992622323845267,2.730180829722657,0.7901139064617688,0.6615036228255484,3.8383659638468233,-0.6863241137725629,-0.9113841614965468,-0.6069929441220715,-0.8299754946048304,0.6561452280885471,us_israel_iran,2026-02-28
2025-07-16,353,-2.8670187430499214,-9192.213431080767,2777.064631170377,2.5000099360818058,5.367028679131728,0.3777066265896709,0.32042025194991036,2.8670187430499214,3.3100466326585867,0.9186508679931712,0.6822171520491579,3.776286349776841,-0.36647297889729963,-0.25762569187004214,-0.5358048215098574,-0.4007380226180519,0.5137281323987138,us_israel_iran,2026-02-28
2025-07-17,314,-1.5921883035356574,-5000.8414099498805,2347.6041599569567,2.9421290328770073,4.5343173364126645,0.3359769992893957,0.28966285886550347,1.5921883035356574,2.130189362946763,0.46119781585435454,0.6064802865486835,3.604610422131625,-1.8893340359033988,-1.5878329210584392,-0.7891578148979401,-1.9702002003415917,0.11988568699420991,us_israel_iran,2026-02-28
2025-07-18,253,-3.5891283572938826,-8725.706767060034,2161.3692607839826,2.4769165738905743,6.066044931184457,0.27070758222999075,0.23957389668150295,3.5891283572938826,4.037119859794343,0.859861466246977,0.7100634747775538,3.642400124507755,0.49613005938661725,0.5620989372976415,-0.5683643832883918,0.17630923200627655,0.20657919725547946,us_israel_iran,2026-02-28
2025-07-19,114,-2.614979864459215,-2725.876379730772,885.6370156900335,2.576882943603874,5.191862808063089,0.12197891057003536,0.11509401064046128,2.614979864459215,3.0778708787447617,0.3009685203446609,0.6683012900697717,3.5864093439855242,-0.6675484640445781,-0.5193877492194618,-0.8778982254297862,-0.6891103879482606,0.0781305194271367,us_israel_iran,2026-02-28
2025-07-20,299,-6.49420700570765,-23086.945479902315,3242.667468887959,2.1754173481293715,8.669624353837039,0.31992714263544364,0.27757654010183214,6.49420700570765,7.119738826571618,1.8026395113494087,0.7994090379813913,3.9621814961357424,3.9664199144789416,4.037537992262263,-0.04622197171085602,2.0277785431431696,0.9401909454153412,us_israel_iran,2026-02-28
2025-07-21,265,-4.354688130318468,-10907.737856875538,2212.4048902658265,1.9970047843989291,6.351692914717396,0.2835474675531524,0.24962770354598843,4.354688130318468,4.930262948191614,1.0870507976303732,0.7608004438093017,4.069934198044791,1.4106369059549961,1.5690558153748368,-0.4425392370734882,1.2277094105251507,1.1873868580915985,us_israel_iran,2026-02-28
2025-07-22,389,-3.0119091912584977,-10993.467204736879,3114.5637462394784,2.4973407080204644,5.509249899278965,0.4162262825591558,0.3479957865714186,3.0119091912584977,3.529697286822394,1.0481317080936863,0.6880893715555164,4.01308308686366,-0.19339268973110182,-0.009984815668108736,-0.4640939469785962,-0.27905056759045554,1.056964492191752,us_israel_iran,2026-02-28
2025-07-23,370,-3.4038682839077157,-11885.032109547288,2849.560170950828,2.1488228458175307,5.552691129725247,0.39589646413081653,0.33353683549433627,3.4038682839077157,4.170830372598009,1.1353154558541165,0.7209869575460858,4.028728300729023,0.27482584320757697,0.7128482654713507,-0.4158086347118551,0.4026718222843006,1.0928562410940488,us_israel_iran,2026-02-28
2025-07-24,262,-2.0781614295770896,-4827.107849957914,1937.4704746514167,2.6583820230958395,4.736543452672929,0.280337496222362,0.2471237121007044,2.0781614295770896,2.4914484701122435,0.513562966821597,0.6405126688826466,3.86458931762748,-1.3088101282047444,-1.180538336960957,-0.7601562207786298,-1.2649619185876777,0.7163043308896383,us_israel_iran,2026-02-28
2025-07-25,383,-2.107328689112106,-6861.60641806516,2848.1138942923353,2.6645000083060033,4.771828697418108,0.409806339897575,0.3434523473666605,2.107328689112106,2.4091755711792024,0.7237669849486603,0.6416914698438484,3.7083915291060863,-1.273968095642053,-1.2732953235359077,-0.6437381163071494,-1.2405341381211252,0.35797034754182544,us_israel_iran,2026-02-28
2025-07-26,306,-3.260966877250253,-8932.078660559571,2586.8842244946377,2.59645156871905,5.857418445969304,0.32741707574062123,0.283235005697437,3.260966877250253,3.4528327847004836,0.9236199720571288,0.6928682882268369,3.684226078806226,0.10412158290378389,-0.09664420999934438,-0.5330527633846042,-0.1800191524854435,0.30253228950455413,us_israel_iran,2026-02-28
2025-07-27,501,-3.390295503347247,-16171.657219544666,4309.280379680378,2.6055312699634796,5.995826773310727,0.5360652122419975,0.4292240897109719,3.390295503347247,3.7527512240324747,1.4551965012754235,0.6970790825291986,3.691736875294834,0.25861234664351423,0.24149302609511933,-0.2386476779608124,-0.09276069054541138,0.3197628383449367,us_israel_iran,2026-02-28
2025-07-28,470,-3.737831864649477,-17961.3659293488,3855.5094094868077,2.2326898224484606,5.970521687097936,0.5028955084904967,0.40739358639166307,3.737831864649477,4.658623289870163,1.5227687286685876,0.7278273490997773,3.793072631250715,0.6737652753125394,1.262800943273472,-0.20122388988044942,0.5444222862544682,0.5522376091529697,us_israel_iran,2026-02-28
2025-07-29,437,-3.4798271788892077,-14555.056255354191,3740.92667184687,2.540322877199411,6.020150056088618,0.46758582385180225,0.3836187540436446,3.4798271788892077,3.8907622447911976,1.3349269666526886,0.7032497039595583,3.8065572650489066,0.36556327739106304,0.39709087867754456,-0.30525701954809964,0.035110417982829316,0.5831727625161095,us_israel_iran,2026-02-28
2025-07-30,355,-2.612179089529734,-8326.033099979397,2585.239820451788,2.335093300941877,4.9472723904716105,0.3798466074768645,0.3219723389887773,2.612179089529734,3.220603765311168,0.8410494113134632,0.6793496234753571,3.745328296669764,-0.6708941568813215,-0.3584663204775475,-0.5787831364410988,-0.4601605721305304,0.4427071365730743,us_israel_iran,2026-02-28
2025-07-31,600,-3.556255746167573,-19562.76328080368,4909.884517607267,2.3134425582556037,5.869698304423176,0.6419942661580809,0.495911519037587,3.556255746167573,3.984363218859819,1.7635881891681084,0.717291612465499,3.7755542946463607,0.45686176316877936,0.5026194841804512,-0.06784991653303316,0.3260947907516005,0.5120487217398408,us_israel_iran,2026-02-28
2025-08-01,545,-2.1985875844401908,-10881.813857810937,4088.8624097249326,2.6519561249587422,4.8505437093989325,0.5831447917602568,0.45941324339972756,2.1985875844401908,2.661330406210216,1.0100602530660405,0.6465236676428678,3.661449527177051,-1.1649538977590088,-0.989008238103119,-0.48517920818473814,-1.1403986013422438,0.2502805095691961,us_israel_iran,2026-02-28
2025-08-02,276,-2.837335078023306,-7700.845484287419,2563.700573741023,3.2257175583452726,6.063052636368581,0.2953173624327172,0.2587557326429744,2.837335078023306,3.0038006634488252,0.7341767168675315,0.6527293182276168,3.598648166897316,-0.401931888644913,-0.6028967789839359,-0.6379728542115471,-1.0118015988577604,0.10620765295755207,us_israel_iran,2026-02-28
2025-08-03,489,-4.436706846659696,-20460.475495369636,4357.766468420335,2.237440511660268,6.674147358319965,0.5232253269188359,0.4208300123581921,4.436706846659696,4.695174843269295,1.8670993971094756,0.7489290860052721,3.707529013785725,1.5086131584747244,1.3040102842825474,-0.010521903836325737,0.9817044174675635,0.3559916476295587,us_israel_iran,2026-02-28
2025-08-04,450,-3.8715706907705174,-16451.46232984322,3836.4986930636137,2.326990980240978,6.198561671011495,0.48149569961856065,0.39305218530608244,3.8715706907705174,4.288144906601285,1.521729320574331,0.727056875321845,3.7642498643593223,0.8335242862340573,0.845112264877093,-0.20179954928593483,0.5284560927052396,0.4861151821386875,us_israel_iran,2026-02-28
2025-08-05,358,-2.862817721941768,-9301.281183925896,2789.1739277239053,2.46408545149267,5.326903173434438,0.3830565788076549,0.3242959620465845,2.862817721941768,3.334779911526052,0.928400227301117,0.6837262162585016,3.71306499613801,-0.3714913493777733,-0.22974063560465932,-0.5304052961318204,-0.3694663402653356,0.3686917673099711,us_israel_iran,2026-02-28
2025-08-06,250,-2.3045596355354707,-5052.155323052583,1904.3954407235492,2.656511063679363,4.961070699214832,0.2674976108992004,0.23704457158927517,2.3045596355354707,2.6528919440875605,0.5462833515074418,0.6512658286623945,3.597824287916847,-1.0383639570563443,-0.9985220188009577,-0.7420345635589228,-1.0421288576495198,0.10431758883012358,us_israel_iran,2026-02-28
2025-08-07,732,-4.554405036023524,-33468.68611702172,6629.210559498936,2.2509467712634654,6.805351807286988,0.7832330047128586,0.5784280116176879,4.554405036023524,5.048668437460437,2.6343954490886707,0.7514495848674028,3.7438295732099593,1.6492106712942298,1.702549791166881,0.41443263668949903,1.0339356209504242,0.4392689089747681,us_israel_iran,2026-02-28
2025-08-08,713,-3.1055733804386265,-23641.54747323175,6098.164037463869,2.723625678268676,5.829199058707304,0.7629031862845195,0.5669619877187387,3.1055733804386265,3.876830358775311,1.7607420567798866,0.6815524973294768,3.756441396494333,-0.08150522476531542,0.3813836435989424,-0.06942620104302472,-0.4145113737713083,0.46820174418036614,us_israel_iran,2026-02-28
2025-08-09,250,-3.4112396515227457,-10295.169218089955,2374.802015941868,3.043984206122364,6.455223857645109,0.2674976108992004,0.23704457158927517,3.4112396515227457,4.335169478962564,0.8086158417835576,0.6795538969471638,3.818837779218335,0.2836313818344098,0.8981292082907191,-0.5967459457135322,-0.4559275016727764,0.6113455401306136,us_israel_iran,2026-02-28
2025-08-10,318,-5.083793885823422,-17718.652017505745,3163.814092915502,2.432653517647254,7.516447403470677,0.3402569610637829,0.29286135756673787,5.083793885823422,5.600408714652934,1.4888467789917288,0.7554901154451341,4.0036338721016245,2.281597252587887,2.32459868148319,-0.22001101448702898,1.1176657816559141,1.0352870100888254,us_israel_iran,2026-02-28
2025-08-11,616,-4.047557592037934,-25059.097610211895,5570.385378448312,2.4976379072670007,6.545195499304937,0.6591141132556297,0.5062837932042121,4.047557592037934,4.49862907280436,2.049212810909472,0.7237991904780834,4.057134001868203,1.043751144784313,1.0824185617492639,0.09033867258048761,0.46094850422185957,1.1580218758661165,us_israel_iran,2026-02-28
2025-08-12,249,-2.586952577684584,-5386.867332047373,1898.1283133046088,2.518026348315559,5.104978926000142,0.2664276204556036,0.2362000395612951,2.586952577684584,2.837989030714646,0.6110383011922931,0.6696806236249657,3.935814874980911,-0.7010287310978893,-0.7898378931412516,-0.7061710792895615,-0.660527057610561,0.8797031723471622,us_israel_iran,2026-02-28
2025-08-13,343,-2.7851619809988204,-8344.264931220627,2623.013268782907,2.431053512099578,5.216215493098399,0.3670067221537029,0.3126234751793948,2.7851619809988204,3.1811752653056207,0.8707070174373788,0.6821017397914013,3.859639222558874,-0.4642557673501178,-0.40291921922202356,-0.5623577497197996,-0.4031296607218693,0.7049482976149357,us_israel_iran,2026-02-28
2025-08-14,414,-1.835333394919494,-7683.851668364056,3341.82326678892,3.11835174069112,4.953685135610614,0.4429760436490758,0.3667076778861307,1.835333394919494,2.2992992312688307,0.6730308473977965,0.6136846512871957,3.7045391317962504,-1.5988827104614705,-1.3971732750623975,-0.6718375076247095,-1.820907278104807,0.3491325471700051,us_israel_iran,2026-02-28
2025-08-15,333,-2.850697121320518,-7972.200581581674,2452.3095432554355,2.2567979006842385,5.107495022004756,0.35630681771773487,0.30476543067723444,2.850697121320518,3.250894897631314,0.8687939359096001,0.6935485966709494,3.654832785124145,-0.38597013032111066,-0.3243151699723664,-0.5634172790625201,-0.16592141599786986,0.23510101465414468,us_israel_iran,2026-02-28
2025-08-16,149,-2.2120208443024723,-3095.2641244287847,1161.362528439969,2.791179270600338,5.0032001149028105,0.15942857609592342,0.14792727693381735,2.2120208443024723,2.6652006144770146,0.3272182200185083,0.6418984588058823,3.5535905986759184,-1.1489070669971813,-0.9846448467445884,-0.8633602527202079,-1.2362447957384997,0.00284090203503331,us_israel_iran,2026-02-28
2025-08-17,128,-3.3043155095699097,-4329.520589135737,1033.017515480287,2.383066915059916,5.687382424629827,0.1369587767803906,0.12835695798130603,3.3043155095699097,4.191139573391248,0.42413188701884275,0.7047169476251827,3.6011723220361036,0.15590411177031582,0.735745480590264,-0.8096861816435114,0.06551547136713423,0.11199832755052683,us_israel_iran,2026-02-28
2025-08-18,315,-2.673859879424409,-7280.816631931402,2400.367877307746,2.473177802046123,5.147037681470529,0.33704698973299246,0.2904634431514213,2.673859879424409,3.0332086597065993,0.7766585470820581,0.675445161964793,3.5338994833827537,-0.5972127715107576,-0.5697413031291395,-0.614444977855421,-0.5410710326402715,-0.04233256582488019,us_israel_iran,2026-02-28
2025-08-19,482,-3.2243113604935325,-13782.858703831722,3968.5406612292772,2.504587744264932,5.728899104758464,0.5157353938136583,0.41590072964661756,3.2243113604935325,3.4730294786906395,1.3409934474371383,0.6958047313135612,3.527499535238497,0.0603343801017286,-0.07387383849671925,-0.3018971970288584,-0.11916851744532848,-0.05701471295039422,us_israel_iran,2026-02-28
2025-08-20,245,-3.8057930551358203,-8562.235573943288,2034.7440252911322,2.2496422995568492,6.05543535469267,0.26214765868121637,0.2328147609839845,3.8057930551358203,4.2080160784441665,0.8860448004859541,0.7291244714122861,3.595756547425781,0.7549489740786747,0.7547725693755963,-0.5538631660043228,0.5713019887073123,0.09957397694094641,us_israel_iran,2026-02-28
2025-08-21,332,-3.71894327782991,-10672.803691683088,2585.0333690480898,2.033650904832168,5.752594182662079,0.3552368272741381,0.3039762193354879,3.71894327782991,4.128690878606813,1.130470317517863,0.7388149381402745,3.658091643211219,0.6512017308615952,0.6653389090598577,-0.41849203641860927,0.7721133229705581,0.24257717427561418,us_israel_iran,2026-02-28
2025-08-22,249,-3.347877953202816,-7837.256397890909,1994.1702783970438,2.330419012147676,5.6782969653504916,0.2664276204556036,0.2362000395612951,3.347877953202816,3.9300838462955436,0.7907689049928928,0.7090146512005945,3.6936900715417575,0.2079420510133203,0.4414232567770769,-0.6066301837519107,0.15457491643531993,0.3242436738167156,us_israel_iran,2026-02-28
2025-08-23,289,-4.8707760448225015,-14929.88922952798,2587.118063300747,2.040594786067558,6.911370830890065,0.3092272381994756,0.2694370686526268,4.8707760448225015,5.770857326271318,1.3123676195804104,0.7720506452569391,3.914208075463613,2.0271347260801105,2.51676766768207,-0.31775115000131166,1.4608424501243005,0.8301349254998612,us_israel_iran,2026-02-28
2025-08-24,407,-3.5721994403641206,-11290.658071240965,2955.34848539052,1.844549524769439,5.416748965133561,0.4354861105438982,0.3615035448400075,3.5721994403641206,3.8204151310937586,1.2913627605671207,0.745975251212393,3.905202454600698,0.47590745759539504,0.31777938770734687,-0.329384352319736,0.9204933816525358,0.8094750939691061,us_israel_iran,2026-02-28
2025-08-25,260,-3.3087286423847044,-7748.3084274077355,2040.3217018585667,2.2693312593048907,5.578059901689595,0.2781975153351684,0.2454508943541769,3.3087286423847044,3.7975915368393416,0.8121304044486073,0.7108171094382782,3.889686319456289,0.16117586234571568,0.29204736837529355,-0.5947994618776999,0.19192647584139516,0.7738794650867068,us_israel_iran,2026-02-28
2025-08-26,595,-3.7010931824884223,-23030.232747469203,5160.877840296067,2.4863255434583618,6.187418725946786,0.6366443139400969,0.4926479955746462,3.7010931824884223,4.462464228013585,1.8233361377879096,0.7133503748515662,3.9501213315345596,0.6298787264707092,1.0416452078715395,-0.0347594790316336,0.24442223502046578,0.9125236726435488,us_israel_iran,2026-02-28
2025-08-27,508,-3.6880197598886526,-15854.27490350757,3976.4643629907227,2.069832997015047,5.7578527569036995,0.5435551453471752,0.43408829179007163,3.6880197598886526,3.987028037033249,1.6009261976580953,0.7355753587861094,3.9580445761302845,0.6142617427983093,0.5056238818222398,-0.15793763650090223,0.7049809266864201,0.9307004203677093,us_israel_iran,2026-02-28
2025-08-28,392,-3.5382570009726457,-12932.443356648524,3306.9588535725375,2.4489312617235446,5.987188262696191,0.41943625388994615,0.35025978848324246,3.5382570009726457,3.9106756174717714,1.2393091487600307,0.7097087998060352,3.95290074086984,0.4353611876547732,0.41954182505658566,-0.358213405500882,0.1689594565764999,0.9188999269291762,us_israel_iran,2026-02-28
2025-08-29,337,-2.3006192057310697,-6763.9280323125295,2594.943107528881,2.6997543548924474,5.000373560623517,0.3605867794921221,0.30791606220670953,2.3006192057310697,2.6065804728773805,0.7083976064658387,0.6493883758148524,3.8179663578491283,-1.0430710356693047,-1.0507349901319547,-0.6522501986441924,-1.0810344977919433,0.609346408815387,us_israel_iran,2026-02-28
2025-08-30,284,-2.3079636879135417,-6034.739346808479,2003.088146130611,2.372581793597122,4.680545481510664,0.3038772859814916,0.26534235323381417,2.3079636879135417,3.012717816969691,0.6124005161291715,0.6636127917370009,3.737490748695026,-1.034297613296504,-0.5928433069396983,-0.705416638521744,-0.7862681030844575,0.4247269858164408,us_israel_iran,2026-02-28
2025-08-31,895,-3.4802212575829135,-25793.080970553478,6803.635721620474,2.060803182169701,5.541024439752614,0.9576414470191373,0.6717404052858722,3.4802212575829135,3.791073188793556,2.337805238053254,0.7289068781003779,3.7378560960303635,0.3660340279139867,0.284698383107789,0.2501709328401087,0.5667928969868032,0.4255651306276844,us_israel_iran,2026-02-28
2025-09-01,783,-5.062900770316059,-38287.55516005195,6868.5193551925095,1.8545773001500896,6.917478070466148,0.8378025173362955,0.6085705738390123,5.062900770316059,5.574353536778936,3.0811324270812213,0.7885812136614677,3.9286089205614463,2.256639178965315,2.2952232757832727,0.661850705281187,1.8033982413593743,0.8631719629402128,us_israel_iran,2026-02-28
2025-09-02,489,-3.754491163392752,-16260.55705375985,3857.6465336484853,2.067178276839907,5.821669440232659,0.5232253269188359,0.4208300123581921,3.754491163392752,4.21514955087939,1.5800025626892948,0.7379619494534994,3.9621248203379382,0.6936658020859908,0.7628150647232486,-0.16952585419257593,0.754437208794545,0.9400609252365739,us_israel_iran,2026-02-28
2025-09-03,416,-3.2730554592658336,-11731.247391679464,3263.3080020461757,2.2857174651341214,5.558772924399956,0.4451160245362694,0.36818961213774737,3.2730554592658336,3.594894317154151,1.2051050200524238,0.7086212932093501,3.9306039732149483,0.11856211571139878,0.06352031354985241,-0.377156810411587,0.14642352958449323,0.8677488213649406,us_israel_iran,2026-02-28
2025-09-04,423,-4.1412012338624855,-16508.307567631768,3482.540638869798,2.045877679605162,6.187078913467647,0.452605957641447,0.37335915554558946,4.1412012338624855,4.740305793815308,1.5461553956192506,0.7515014616587973,4.009871224182691,1.1556140647073527,1.3548923004531248,-0.18827156165874892,1.0350106411728393,1.0495961449229916,us_israel_iran,2026-02-28
2025-09-05,441,-4.056641895558268,-17120.79099374389,3851.1017406739875,2.3380075563863807,6.39464945194465,0.47186578562618947,0.386530837906618,4.056641895558268,4.445686493535107,1.5680171909772287,0.7322684774913406,4.056594256157172,1.0546028875983708,1.0227294760575336,-0.1761637589697406,0.6364538615106308,1.156783643030304,us_israel_iran,2026-02-28
2025-09-06,251,-3.219067670653982,-8483.737193293247,2247.557926772877,2.8676731901169896,6.0867408607709725,0.26856760134279717,0.23788839098470763,3.219067670653982,3.7746467364578655,0.7657788286427665,0.6797475330244956,4.025304020263296,0.054070479582760296,0.26617869754260975,-0.6204705344036318,-0.4519148653218158,1.085000585319409,us_israel_iran,2026-02-28
2025-09-07,371,-5.250556501635342,-18883.5834021921,3289.050485372044,1.8074043440233591,7.057960845658701,0.3969664545744133,0.334303067512944,5.250556501635342,5.74134799273416,1.7552771446467266,0.7961274797650859,4.197686753938988,2.4808051515467517,2.483497941074167,-0.07245285446913148,1.9597762371267295,1.480464517319543,us_israel_iran,2026-02-28
2025-09-08,352,-3.4221362150467503,-11626.452541316805,2874.838605771978,2.372509457493639,5.79464567254039,0.3766366361460741,0.3196433041294279,3.4221362150467503,4.04421052297465,1.0938629269585176,0.7095060128380647,4.179829606769622,0.2966479774000305,0.5700931681798973,-0.4387664491369713,0.16475719029228292,1.4394983632081448,us_israel_iran,2026-02-28
2025-09-09,922,-3.5318555680987362,-27832.194427558632,7293.789112704528,2.18948930526979,5.721344873368526,0.9865311889962509,0.6863899966256062,3.5318555680987362,3.8158759456151166,2.42423033146942,0.7232290229035411,4.148834616044803,0.4277142939734223,0.31266177094698105,0.2980360766367357,0.44913316914962953,1.3683926286430759,us_israel_iran,2026-02-28
2025-09-10,564,-4.025803523465552,-20021.987943157084,4605.27917031683,2.0697925381934916,6.095596061659043,0.603474610188596,0.4721729060304507,4.025803523465552,4.347616551067768,1.9008753487823573,0.7465163460523029,4.175154475468038,1.0177646113336813,0.9121624186811715,0.008184362130961027,0.9317062550687789,1.4287731254321885,us_israel_iran,2026-02-28
2025-09-11,448,-3.8829177397721657,-16678.68875951065,3845.8666143886167,2.3508029765297858,6.233720716301952,0.47935571873136706,0.39160666781299996,3.8829177397721657,4.3367829495464925,1.520576477464163,0.7261580187037334,4.202569316090371,0.8470790135930417,0.8999482844535063,-0.20243803284507228,0.5098294773046612,1.4916656230535648,us_israel_iran,2026-02-28
2025-09-12,415,-3.6742555660553764,-14790.845541604127,3597.2283770985737,2.4968823098621593,6.171137875917536,0.4440460340926726,0.3674489195280547,3.6742555660553764,4.111733810332615,1.350101237816989,0.7119431823707084,4.198239743923153,0.5978195916540626,0.6462209908309111,-0.29685299425198824,0.21526159626298577,1.4817331338963415,us_israel_iran,2026-02-28
2025-09-13,284,-3.4681893119658906,-8937.144184843017,2291.4687361567144,2.300181287954932,5.768370599920822,0.3038772859814916,0.26534235323381417,3.4681893119658906,3.9001815926288956,0.9202575134973923,0.7149201839537885,4.175254104808648,0.3516611506651812,0.4077105399786156,-0.534915006815421,0.27695270741199524,1.4290016855085945,us_israel_iran,2026-02-28
2025-09-14,225,-3.8072845763042675,-7828.416328144356,1873.6178291359902,2.259952887705621,6.067237464009888,0.24074784980928032,0.21571430250730894,3.8072845763042675,4.178235393796606,0.8212857368243103,0.7286055929728998,4.175480970442893,0.7567306851460649,0.721196913213355,-0.5897289287333648,0.5605494961124368,1.4295221388848762,us_israel_iran,2026-02-28
2025-09-15,370,-3.6521713034441237,-12070.796531235523,2962.860314535455,2.177779638190714,5.829950941634838,0.39589646413081653,0.33353683549433627,3.6521713034441237,4.074034969525081,1.2181336592339784,0.7280403459530282,4.1710843282221255,0.571438621714102,0.6037181628520207,-0.36994110877622344,0.5488361275580719,1.4194357840444114,us_israel_iran,2026-02-28
2025-09-16,512,-3.7347051901664394,-16656.754033026085,4077.71211420393,2.114788141444056,5.849493331610495,0.5478351071215624,0.43685724954657174,3.7347051901664394,4.084828346514573,1.631533037243417,0.7344659215524977,4.165837386110132,0.6700302760055206,0.6158869467103305,-0.14098653213984313,0.6819905406279839,1.4073987527574514,us_israel_iran,2026-02-28
2025-09-17,285,-2.61457318858153,-6761.406548281953,2247.572381926979,2.6358228476863914,5.250396036267921,0.3049472764250884,0.26616263875167717,2.61457318858153,3.008315372911369,0.6959016990822465,0.6657684897575737,4.043459843896987,-0.6680342626557142,-0.5978067572339086,-0.6591708553671749,-0.7415965090393973,1.1266519343250951,us_israel_iran,2026-02-28
2025-09-18,604,-2.7645935035801212,-15252.968973073359,4863.857309038774,2.6440751927784594,5.40866869635858,0.6462742279324681,0.49851469101032,2.7645935035801212,3.1359820002794754,1.3781904762063821,0.6716553724817632,3.947229829928836,-0.48882604139752833,-0.45387149064642124,-0.281296222699867,-0.6196051945156716,0.9058902670233814,us_israel_iran,2026-02-28
2025-09-19,334,-2.551048755490354,-7358.833905329153,2512.1651439322522,2.4852018856264584,5.036250641116813,0.3573768081613317,0.30555401965558304,2.551048755490354,2.9292795193434165,0.7794832015774503,0.6695848472366107,3.839907862191057,-0.7439179898749991,-0.6869141997017969,-0.6128805885298961,-0.6625117901189482,0.6596825033652133,us_israel_iran,2026-02-28
2025-09-20,238,-3.589715936781297,-6534.915671134381,1705.7542981063773,1.788659464605943,5.3783754013872365,0.2546577255760388,0.22686280676186224,3.589715936781297,3.831100222575455,0.8143730328959926,0.7504324315355374,3.8283147997346703,0.4968319581580491,0.3298260871669888,-0.5935574182897387,1.0128575941168716,0.6330868115278218,us_israel_iran,2026-02-28
2025-09-21,158,-2.4052765968775387,-3320.772549084661,1145.0218970796266,2.420848717635999,4.826125314513537,0.16905849008829463,0.15619871553106765,2.4052765968775387,2.9001825707912463,0.37570111492920916,0.6659504081432527,3.7304195973224603,-0.9180515347499988,-0.719718990844774,-0.836508783490053,-0.7378266933245679,0.40850502862887256,us_israel_iran,2026-02-28
2025-09-22,757,-2.1410705224164777,-11527.068082783504,5203.2298667300165,2.3662083759978465,4.507278898414326,0.8099827658027787,0.5933173235764798,2.1410705224164777,2.2153678345999577,1.27033423194864,0.6557484895903576,3.570176598901403,-1.2336614616470274,-1.4918001027905372,-0.3410306636671622,-0.9492366216755718,0.0408909127609639,us_israel_iran,2026-02-28
2025-09-23,657,-3.396583283838138,-22393.090990627774,5464.763128327753,2.4605844070366047,5.857167690874744,0.7029837214430985,0.5323818428815474,3.396583283838138,4.09772399366195,1.808279268150406,0.704176756162945,3.620917062334337,0.2661234757692268,0.6304258943448129,-0.04309848338602593,0.05432131825413066,0.15729481675315768,us_israel_iran,2026-02-28
2025-09-24,648,-3.8506420307732574,-23136.695512205122,5646.458082235546,2.4315139246099347,6.2821559553831925,0.6933538074507274,0.5267110638633942,3.8506420307732574,4.097559067160354,2.028175760585683,0.7209540918926972,3.6691916698547096,0.808523752596586,0.6302399511546153,0.07868764162404687,0.4019907616198717,0.26804179064490413,us_israel_iran,2026-02-28
2025-09-25,658,-2.782980854838573,-15880.563866497845,5214.542129382949,2.5709276040267217,5.353908458865295,0.7040537118866954,0.533009948970613,2.782980854838573,3.0454378299129856,1.483356483423701,0.6755860205026739,3.6020380146885054,-0.46686125274402124,-0.5559537620145404,-0.22305172611905688,-0.53815208232258,0.11398431659317945,us_israel_iran,2026-02-28
2025-09-26,447,-3.6474323849817902,-14585.51308225117,3670.565725342029,2.2820620237753566,5.9294944087571455,0.4782857282877703,0.3908831247402892,3.6474323849817902,3.9736417145594274,1.4257197679206075,0.7220914156134524,3.646747973257439,0.5657777007359643,0.4905317317935557,-0.2549728912167484,0.42555902724266575,0.21655361479503812,us_israel_iran,2026-02-28
2025-09-27,351,-4.2554820703604985,-13429.494902071336,2923.7078200191054,2.0370849192629192,6.292566989623419,0.37556664570247733,0.3188657521916316,4.2554820703604985,4.5933094990263355,1.356927491303502,0.7554417709712825,3.7501329351601824,1.2921293455404772,1.1891641746774038,-0.29307238387820694,1.1166639601161572,0.45372947731883984,us_israel_iran,2026-02-28
2025-09-28,318,-4.284292745165626,-13414.206560705361,2731.45652299236,2.1525965880969986,6.436889333262624,0.3402569610637829,0.29286135756673787,4.284292745165626,4.911008631398553,1.2547037895625313,0.7493916856253179,3.872405342428518,1.3265454163581087,1.547347908792654,-0.34968733203561136,0.9912906685263245,0.7342351052457534,us_israel_iran,2026-02-28
2025-09-29,326,-3.669351048342372,-10824.059887798427,2695.436435421611,2.299429438131898,5.968780486474271,0.3488168846125573,0.29922782643484547,3.669351048342372,4.015698439612939,1.0979719386219096,0.7218951309776495,3.878126987496828,0.5919608524860706,0.5379477719691903,-0.4364907393129368,0.42149150596455104,0.7473611545198057,us_israel_iran,2026-02-28
2025-09-30,469,-2.8742189169288905,-11120.515004486944,3606.004487305218,2.407245005613613,5.281463922542503,0.5018255180468999,0.4066813801805872,2.8742189169288905,3.083888287892107,1.1688913160777936,0.686911674234635,3.7924557331078286,-0.3578719414070649,-0.5126035378116378,-0.39721318616587603,-0.303455477797866,0.5508223806087447,us_israel_iran,2026-02-28
2025-10-01,1035,-3.5327459393114764,-29974.650473483307,7843.978890105941,2.0229888130041367,5.555734752315611,1.1074401091226895,0.7454739925174487,3.5327459393114764,3.8213578712319136,2.633570219928331,0.7330699826206438,3.796596590717266,0.42877789553495854,0.31884226181865877,0.41397559683147267,0.6530631042800576,0.5603219389297163,us_israel_iran,2026-02-28
2025-10-02,1750,-3.356838930057702,-56575.473928549516,14539.209898869169,2.4756405060766267,5.832479436134332,1.8724832762944026,1.0551769087201364,3.356838930057702,3.8912344152174216,3.5420589252896963,0.7020215736777377,3.8013713809044742,0.2186464727639015,0.3976232180803654,0.917127410742029,0.009660407424596982,0.5712758045614188,us_israel_iran,2026-02-28
2025-10-03,1002,-3.897235530911977,-36056.13770012307,8414.013369907327,2.249991700565632,6.147227231477608,1.072130424483995,0.7285772685957433,3.897235530911977,4.285248443873129,2.83943721818613,0.7320551341135325,3.848873068908311,0.8641824697651999,0.841846704068192,0.5279917128122777,0.6320328393290949,0.680249620639669,us_israel_iran,2026-02-28
2025-10-04,1265,-3.7540228212669238,-47499.38448579994,12008.001002000197,2.869234044702585,6.623256865969511,1.353537911149954,0.8559196901423032,3.7540228212669238,3.955644613777753,3.2131420499659202,0.6977364453963502,3.860549783229364,0.6931063394604741,0.470241249055705,0.7349621053636621,-0.07913844528589735,0.7070372185607772,us_israel_iran,2026-02-28
2025-10-05,770,-4.256350740342407,-32850.47683762186,7363.646073777277,2.653412989424428,6.909763729766837,0.8238926415695371,0.6009730311312622,4.256350740342407,4.461169984066166,2.5579520059813685,0.7225385384649861,3.9135420269326726,1.2931670236863984,1.0401860375978251,0.3720956688944967,0.43482455994778735,0.8286069408500519,us_israel_iran,2026-02-28
2025-10-06,696,-3.7965151372545987,-24155.49798417187,5675.725074727145,2.1791311344812816,5.97564627173588,0.7447133487433738,0.5565902720994824,3.7965151372545987,4.255931650342159,2.113103393274341,0.7327785878226519,3.9489502180959835,0.7438659473533351,0.808794052961466,0.12572344095347338,0.6470246564091089,0.9098370165303629,us_israel_iran,2026-02-28
2025-10-07,763,-3.814785863880801,-26338.529322280272,6185.271344302589,2.145864829725778,5.9606506936065795,0.8164027084643595,0.5968580113572394,3.814785863880801,4.25826578271968,2.2768855044696035,0.7352913439134853,3.9823248701279543,0.7656914209220786,0.8114256253068389,0.2164315211394764,0.6990954098043981,0.9864019418002574,us_israel_iran,2026-02-28
2025-10-08,654,-3.8544957482646156,-23792.58074045483,5658.168526081195,2.3985690418319074,6.2530647900965235,0.6997737501123081,0.5304951540359236,3.8544957482646156,4.204996834361417,2.04479131570645,0.7227611468044214,4.003804449909147,0.8131272481755971,0.7513685811062875,0.0878898987889495,0.4394375759061438,1.03567833333238,us_israel_iran,2026-02-28
2025-10-09,596,-2.121864917224837,-12920.257742109203,4935.79535575049,3.079835457285643,5.201700374510479,0.6377143043836937,0.49330155287023075,2.121864917224837,2.6176647958178307,1.0467192586478757,0.6281081770532315,3.855696663456376,-1.2566037034668318,-1.0382381848958036,-0.464876209318813,-1.5220148165588205,0.6959036567070475,us_israel_iran,2026-02-28
2025-10-10,683,-1.689531993357186,-9605.318177871724,5980.429254515651,3.5332934868614156,5.222825480218601,0.7308034729766154,0.5485857359396182,1.689531993357186,1.6061252075875696,0.926853151969382,0.5964772178010168,3.61690230742048,-1.7730511877852055,-2.178678903799706,-0.5312621188471993,-2.1774894505223092,0.14808455114014177,us_israel_iran,2026-02-28
2025-10-11,469,-3.4805714303429394,-16466.97270267611,4521.477811751765,3.0800531033272103,6.560624533670151,0.5018255180468999,0.4066813801805872,3.4805714303429394,3.641944821641462,1.415483593108987,0.680514874648738,3.6179804476207718,0.36645233017830275,0.11656649363676153,-0.2606420315082875,-0.43601357803347573,0.1505579169683981,us_israel_iran,2026-02-28
2025-10-12,370,-3.8287763346732753,-14072.019230221043,3479.9685326100202,2.788272011866092,6.617048346539368,0.39589646413081653,0.33353683549433627,3.8287763346732753,4.043720251592865,1.277037942482528,0.7035431111738543,3.6598115688462767,0.7824038734009807,0.5695404212052794,-0.3373179217308545,0.041190568283026446,0.24652286268584261,us_israel_iran,2026-02-28
2025-10-13,326,-1.7002956062800507,-4569.381746036327,2921.6297688132104,3.6308794496409744,5.331175055921025,0.3488168846125573,0.29922782643484547,1.7002956062800507,1.5639838403934552,0.5087757585638973,0.5948608159671881,3.4363670517231646,-1.7601934096487155,-2.226190372117552,-0.7628075388458928,-2.2109854438596788,-0.2660821148614985,us_israel_iran,2026-02-28
2025-10-14,525,-2.074799416459368,-9345.335890394324,4206.749805389746,2.9690286778557886,5.043828094315157,0.5617449828883208,0.44580377489291056,2.074799416459368,2.221509793242505,0.9249534120031943,0.62946689772774,3.3045911588765757,-1.3128262535586956,-1.4848754704664187,-0.5323142591812561,-1.4938586379971566,-0.5683897277920444,us_israel_iran,2026-02-28
2025-10-15,550,-3.5533848900908325,-16772.846109334176,4360.821422349174,2.1876906661811084,5.741075556271942,0.5884947439782408,0.46278686592639207,3.5533848900908325,3.8462584189697555,1.6444598567153335,0.7240818300348036,3.3633854209902547,0.4534323542183601,0.34691590213255724,-0.13382722170812789,0.46680552102958855,-0.43350957141707497,us_israel_iran,2026-02-28
2025-10-16,366,-2.8811658954756285,-9239.397436357813,3038.526402616085,2.710409405562848,5.591575301038476,0.3916165023564293,0.3304660227740798,2.8811658954756285,3.04074943314725,0.9521274344301511,0.6735227175969541,3.330595900850335,-0.34957336085488183,-0.5612396041508594,-0.5172643652258535,-0.5809090125218365,-0.5087321432282725,us_israel_iran,2026-02-28
2025-10-17,347,-3.9539971034756114,-12447.730290166068,2892.7619755152637,2.1912463697539293,6.14524347322954,0.3712866839280901,0.31574948443039236,3.9539971034756114,4.303060671954822,1.248472546861689,0.7371499982575731,3.435429077215707,0.9319875563965799,0.8619287556607614,-0.35313840528434104,0.7376114967223222,-0.268233926002474,us_israel_iran,2026-02-28
2025-10-18,317,-3.8403340965083035,-10346.737948078351,2458.975018520335,1.9583424446801305,5.798676541188434,0.33918697062018605,0.2920626914794797,3.8403340965083035,4.20774423088869,1.1216183124066312,0.7475392997944491,3.514740607155784,0.7962103098172795,0.7544660801138741,-0.42339457665073044,0.9529044812859597,-0.08628502187349735,us_israel_iran,2026-02-28
2025-10-19,284,-2.519573019864077,-6759.913401205401,2408.927898394153,2.981283733719642,5.50085675358372,0.3038772859814916,0.26534235323381417,2.519573019864077,2.806191669626856,0.6685494342351618,0.648522240561539,3.4433666491411077,-0.7815176349259444,-0.8256872121003347,-0.674319466011595,-1.0989830425578997,-0.2500243098929021,us_israel_iran,2026-02-28
2025-10-20,374,-2.758602432534071,-8501.845788223209,2823.5320425506247,2.395474241688345,5.1540766742224156,0.40017642590520375,0.33659824718526526,2.758602432534071,3.011067577806946,0.9285407434719772,0.682699770043294,3.4045309896922338,-0.49598273338023857,-0.5947038371245987,-0.5303274735173675,-0.39073693948528593,-0.3391173545383331,us_israel_iran,2026-02-28
2025-10-21,270,-2.3736239896004276,-5750.261304447432,2030.3698142733933,2.5731321057060708,4.946756095306498,0.2888974197711364,0.25378713954214616,2.3736239896004276,2.832125095646811,0.6023952426693094,0.6578230903273811,3.340301136969912,-0.955862463545664,-0.796449073170367,-0.710957897824465,-0.9062455714238904,-0.4864673214854039,us_israel_iran,2026-02-28
2025-10-22,302,-2.5943601160559115,-7069.195375831827,2424.9904282496427,2.717704756954897,5.312064873010808,0.32313711396623407,0.2800055184371044,2.5943601160559115,2.9151436201479646,0.726435149308782,0.6615463603323195,3.2912555021445353,-0.692179984343559,-0.7028514454887057,-0.6422603965185774,-0.829089863809257,-0.5989831122604591,us_israel_iran,2026-02-28
2025-10-23,548,-3.403552704804682,-13088.512176753085,3792.482758657904,1.758518135424214,5.162070840228896,0.5863547630910472,0.4614387823674605,3.403552704804682,3.451172492972622,1.5705312158285492,0.7459005091025133,3.3094878687893354,0.27444886513149813,-0.09851607375410404,-0.17477140686157105,0.9189445333636024,-0.5571561656209797,us_israel_iran,2026-02-28
2025-10-24,303,-2.24158505555935,-5822.796570809439,2248.68576117513,2.589910048416909,4.83149510397626,0.32420710440983086,0.2808138685522374,2.24158505555935,2.5894220843763116,0.6294681711405031,0.6510216063892235,3.2298369446551267,-1.1135908519079376,-1.0700798829518459,-0.6959639931256348,-1.047189769771598,-0.7398836753541681,us_israel_iran,2026-02-28
2025-10-25,303,-1.1298497004944423,-3396.821347372538,2251.4221079418076,3.1502931496567514,4.280142850151194,0.32420710440983086,0.2808138685522374,1.1298497004944423,1.50874477752989,0.3172774652784311,0.5760284928450797,3.040693235345397,-2.441625095089541,-2.288468583763147,-0.8688657793707789,-2.601239498651957,-1.173799029878238,us_israel_iran,2026-02-28
2025-10-26,155,-3.0084263186814835,-3852.9050559576244,1209.716757374496,2.3980989612221477,5.406525279903631,0.16584851875750423,0.15344916418626478,3.0084263186814835,3.184964606359394,0.4616405041176351,0.6927335785641573,3.0455883033149433,-0.19755318892350443,-0.39864700003671394,-0.7889126391446787,-0.18281068233226805,-1.162569234495792,us_israel_iran,2026-02-28
2025-10-27,419,-2.9556571701682692,-12112.558470803348,3479.545673513634,2.6743738892758118,5.63003105944408,0.4483259958670598,0.3704084038916899,2.9556571701682692,3.481074717025377,1.0948002548530575,0.6779571919011413,3.086184487964544,-0.2605890867114205,-0.06480339034325307,-0.4382473252033621,-0.4890153270290678,-1.0694373618110367,us_israel_iran,2026-02-28
2025-10-28,337,-2.1875266602592647,-6561.8913371492,2526.0834971023723,2.654135033523739,4.841661693783004,0.3605867794921221,0.30791606220670953,2.1875266602592647,2.5976541728237543,0.6735745951992272,0.6459168878132884,3.034646231084333,-1.1781668319403165,-1.0607987742574179,-0.6715363616765154,-1.152972636278038,-1.1876714870026326,us_israel_iran,2026-02-28
2025-10-29,334,-3.5835482535531207,-10637.300799500996,2717.3212958977047,2.2760721245673072,5.859620378120429,0.3573768081613317,0.30555401965558304,3.5835482535531207,3.914627547195083,1.0949675735029005,0.7202362154401268,3.123159443994777,0.48946429238147876,0.42399735168861413,-0.4381546584682968,0.387114519605598,-0.9846129644629977,us_israel_iran,2026-02-28
2025-10-30,659,-2.1174880116931565,-9931.681187761384,4264.5098507852745,2.17684768670674,4.294335698399897,0.7051237023302922,0.5336376607900497,2.1174880116931565,2.328915053609865,1.1299713493109094,0.6636090252492716,3.0351071044248736,-1.2618321783900777,-1.3637834897148657,-0.41876838191077753,-0.7863461543742098,-1.1866141955934644,us_israel_iran,2026-02-28
2025-10-31,265,-2.6487881607681816,-5876.685398518787,1896.915586311175,2.254691931523786,4.903480092291968,0.2835474675531524,0.24962770354598843,2.6487881607681816,3.0980215677107945,0.6612109057523635,0.6850184762223843,3.0348420965178806,-0.627162436023263,-0.4966692451903342,-0.6783837916281534,-0.34268739815176735,-1.187222151313135,us_israel_iran,2026-02-28
2025-11-01,307,-2.563609861763139,-6834.965874911156,2305.036121326685,2.472325559878504,5.035935421641644,0.328487066184218,0.28404075051675864,2.563609861763139,2.9652315691162476,0.7281696691673659,0.6707192829386774,3.02241149290077,-0.7289129986362992,-0.6463807574459876,-0.64129976067582,-0.6390033716534147,-1.2157392497413686,us_israel_iran,2026-02-28
2025-11-02,164,-2.4214614957665916,-3470.55708701535,1293.6550285841656,2.733339461214771,5.154800956981362,0.17547843274987543,0.16167524153054574,2.4214614957665916,2.6827531376843825,0.3914903721849803,0.6534874740680854,2.9786243596143893,-0.8987177069202279,-0.9648555943830374,-0.8277641580680103,-0.9960906645779656,-1.3161914907008578,us_israel_iran,2026-02-28
2025-11-03,388,-3.150190193549892,-11275.562500034841,3108.9691907256674,2.431308499521018,5.58149869307091,0.415156292115559,0.3472399787875445,3.150190193549892,3.6267848950291466,1.093871975984995,0.6965721948521569,3.039965953478865,-0.028207778243130293,0.0994747279704,-0.43876143747963386,-0.1032647037787824,-1.1754674901728308,us_israel_iran,2026-02-28
2025-11-04,357,-2.992001590016367,-10133.05902602171,2683.1144238219113,2.261862543677967,5.253864133694334,0.38198658836405813,0.3235220207861301,2.992001590016367,3.7766033889780473,0.9679784005974095,0.6990493879337327,3.1109697189698484,-0.21717350773666985,0.268384687533239,-0.5084855633186591,-0.05193090718236434,-1.012577462331026,us_israel_iran,2026-02-28
2025-11-05,254,-1.8531770241522096,-4229.526652934468,1805.4528059989127,2.627452444614668,4.480629468766878,0.2717775726735876,0.24041558537707064,1.8531770241522096,2.3426403830004157,0.44553263906889123,0.630357039123554,3.0238519315771724,-1.577567430223487,-1.3483091329032473,-0.7978337203531436,-1.475412624363976,-1.2124347335022487,us_israel_iran,2026-02-28
2025-11-06,346,-3.514934707785059,-9644.332640689667,2520.9536841869235,1.8855292995567818,5.4004640073418395,0.3702166934844933,0.31496889775904796,3.514934707785059,3.8256683179803153,1.1070951106060813,0.7412117716644757,3.1107047633723166,0.40750131629102754,0.32370199152745305,-0.4314380176826463,0.8217818633527845,-1.0131852980473484,us_israel_iran,2026-02-28
2025-11-07,428,-0.8898781679341469,-5537.74590385652,3027.8525840780353,3.092271878740912,3.9821500466750583,0.457955909859431,0.3770353929779419,0.8898781679341469,1.8289351116288688,0.3355155647495421,0.5628940553246562,2.9837582647317173,-2.728285415081105,-1.9274761925065849,-0.8587649021919916,-2.873418744224888,-1.3044137780441263,us_israel_iran,2026-02-28
2025-11-08,108,-2.528841206554578,-2564.0319734964623,898.5585937721114,2.8955728864084103,5.424414092962989,0.11555896790845456,0.10935559580476617,2.528841206554578,2.853494464654512,0.27654293683841963,0.6519738680375698,2.966377671737069,-0.7704462326887938,-0.7723565919296643,-0.8914259408262045,-1.027456465118701,-1.3442866672807519,us_israel_iran,2026-02-28
2025-11-09,142,-1.8283137950708757,-2003.303055334194,1148.5500723037221,3.130033497900203,4.958347292971078,0.1519386429907458,0.1414462995625111,1.8283137950708757,1.7442017580618299,0.25860822075186657,0.6130210015046739,2.8314610014744894,-1.6072680414936507,-2.0230071710085706,-0.901358794011573,-1.8346598043816702,-1.6537995504839094,us_israel_iran,2026-02-28
2025-11-10,273,-1.7223584642117464,-3708.0521675335613,2001.2949161643555,2.8041960722244474,4.526554536436194,0.2921073911019268,0.2562745219540613,1.7223584642117464,1.8528264563027745,0.4413965920493965,0.6174749051056879,2.7351926787981817,-1.7338380088761711,-1.900540358642525,-0.8001244032730268,-1.7423634940072403,-1.8746491019491602,us_israel_iran,2026-02-28
2025-11-11,370,-3.126734025362002,-9677.199108048128,2922.8703715452098,2.3864578137314445,5.513191839093446,0.39589646413081653,0.33353683549433627,3.126734025362002,3.310854700317128,1.04288097225171,0.6979033351335961,2.7987747825215514,-0.05622757128598614,-0.2567146516377543,-0.4670019823208789,-0.07568006172688724,-1.7287851386209707,us_israel_iran,2026-02-28
2025-11-12,336,-2.698618004417294,-7560.21630389449,2739.743106012622,2.727689667452993,5.426307671870287,0.3595167890485253,0.3071293344429875,2.698618004417294,2.759461749279664,0.8288247516125465,0.6654782244901529,2.788841650253562,-0.5676377133481055,-0.8783719558070163,-0.5855535670107436,-0.7476115501387802,-1.751572777846874,us_israel_iran,2026-02-28
2025-11-13,267,-2.660126602554307,-6869.0011169420195,2137.404828431354,2.6725674635755694,5.332694066129875,0.285687448440346,0.2512935546277664,2.660126602554307,3.213710863553721,0.6684726697157555,0.6661486381602442,2.832283750181494,-0.6136179904970016,-0.3662375890735201,-0.6743619808023186,-0.7337188587567948,-1.6519120793214421,us_israel_iran,2026-02-28
2025-11-14,312,-2.827118290716477,-7376.645397999353,2484.0662061718294,2.5673161850453354,5.3944344757618135,0.33383701840220203,0.2880597649186521,2.827118290716477,2.9695848603678847,0.8143790302210099,0.6775437596051187,2.8386497479809396,-0.41413645094200724,-0.6414727235317628,-0.5935540967680255,-0.4975827049812604,-1.6373078178203502,us_israel_iran,2026-02-28
2025-11-15,231,-3.192622698331991,-5873.18856725889,1703.163637833184,2.090190031425313,5.282812729757304,0.24716779247086113,0.22087521455921072,3.192622698331991,3.4483994589803104,0.7051712235006848,0.7165076293705267,2.8954312415358423,0.022480381594427994,-0.10164247722514333,-0.6540370788020933,0.3098486494912925,-1.5070451620006127,us_israel_iran,2026-02-28
2025-11-16,189,-2.6754015396106765,-3999.9616702788453,1500.0078790658429,2.630574042538161,5.305975582148838,0.20222819383979548,0.18417666321933246,2.6754015396106765,2.666627106498863,0.4927465283373591,0.6685494116541979,2.871780083459704,-0.5953711663936896,-0.9830365759405225,-0.7716850694266001,-0.6839686720921779,-1.5613033801510618,us_israel_iran,2026-02-28
2025-11-17,449,-2.6534192312841673,-9004.480607535213,3358.397719041886,2.4131542140259405,5.066573445310108,0.48042570917496386,0.3923296877496213,2.6534192312841673,2.6811835169135634,1.0410151384785575,0.6773740537178664,2.850898643798216,-0.6216303458546827,-0.9666252329232464,-0.4680353442568909,-0.501099446394038,-1.6092075759964024,us_israel_iran,2026-02-28
2025-11-18,282,-1.1583462866125707,-2505.2274238643913,2086.1112067732465,3.119605592107273,4.2779518787198425,0.301737305094298,0.2636997608291803,1.1583462866125707,1.2009078977814538,0.305455638737104,0.5782924831054442,2.6768911807235005,-2.4075842219570696,-2.6355333121537132,-0.875413107293407,-2.5543238115437505,-2.008398806333637,us_israel_iran,2026-02-28
2025-11-19,215,-2.4543460569025,-4481.4520820425505,1602.2856945937226,2.4990727729295,4.953418829832,0.2300479453733123,0.2070531486029292,2.4543460569025,2.7969119971322423,0.5081800788428467,0.6646661403813624,2.688240328842513,-0.8594351357026059,-0.8361493991408491,-0.7631374464500135,-0.7644400165065766,-1.9823626793718703,us_israel_iran,2026-02-28
2025-11-20,334,-1.8007951739970645,-5025.1241948611005,2629.168778529322,3.035483817985483,4.836278991982548,0.3573768081613317,0.30555401965558304,1.8007951739970645,1.9112976830920698,0.5502402039911781,0.6143832212345571,2.602042113655984,-1.6401406770041285,-1.8346181063741365,-0.7398431246419397,-1.8064311164148152,-2.180110356196567,us_israel_iran,2026-02-28
2025-11-21,378,-2.1432006891359974,-6824.585475896451,2915.4032890475796,2.784753212373245,4.927953901509242,0.40445638767959097,0.33965031523211886,2.1432006891359974,2.3408718449123875,0.7279387896707359,0.6389395874555085,2.57455246937967,-1.2311168503469372,-1.350303036920438,-0.6414276295605277,-1.2975602019475445,-2.24317446118546,us_israel_iran,2026-02-28
2025-11-22,209,-0.984164982169155,-1535.6005072636933,1584.4395585703812,3.2984427686531763,4.282607750822331,0.2236280027117315,0.20182021854412768,0.984164982169155,0.9691758192715444,0.19862439178485639,0.5649095385686234,2.411035037609197,-2.615654187321615,-2.8967951562613687,-0.9345798700381008,-2.831652760112142,-2.6183004679476647,us_israel_iran,2026-02-28
2025-11-23,164,-3.253291906432522,-4600.772729203522,1335.6103689683437,2.4453368790042993,5.69862878543682,0.17547843274987543,0.16167524153054574,3.253291906432522,3.4446967739231207,0.5259767547418476,0.6997363471605316,2.515835580782194,0.09495337212868306,-0.10581699778531638,-0.7532810445956846,-0.03769534941304736,-2.3778771146615147,us_israel_iran,2026-02-28
2025-11-24,253,-2.108986425876924,-3909.0159825887786,1800.5693826722716,2.503944302224129,4.6129307281010545,0.27070758222999075,0.23957389668150295,2.108986425876924,2.170988810654609,0.5052580960957304,0.6481680103198723,2.474115961179886,-1.2719878301230787,-1.5418343738772817,-0.7647557394576763,-1.1063236020440625,-2.4735862640506743,us_israel_iran,2026-02-28
2025-11-25,209,-2.078131719976907,-4289.709056620309,1607.0311385766518,2.8055062418695638,4.88363796184647,0.2236280027117315,0.20182021854412768,2.078131719976907,2.669337857647056,0.4194089978892233,0.6351341361872613,2.494034023602412,-1.308845618095584,-0.9799803920558923,-0.8123018775992704,-1.376418916197431,-2.4278921558562003,us_israel_iran,2026-02-28
2025-11-26,329,-2.0068180887866527,-5760.541701512399,2550.3966782795364,2.8725737493445695,4.879391838131224,0.3520268559433477,0.3016048412869113,2.0068180887866527,2.2586846001534098,0.605266051160201,0.6294393058212813,2.4613541449635212,-1.3940340073959783,-1.442963454355651,-0.7093679468530797,-1.494430413093896,-2.5028631986529617,us_israel_iran,2026-02-28
2025-11-27,316,0.1628078136918459,494.2006202548305,2503.8661818396868,4.043217485706187,3.880409672014341,0.33811698017658925,0.2912633870148183,-0.1628078136918459,-0.19737501302554528,-0.04741995524836455,0.4897264339644495,2.1815298054390597,-3.9857816569227054,-4.212000300283867,-1.0708475625054068,-4.389639591232639,-3.144809356589363,us_israel_iran,2026-02-28
2025-11-28,146,-1.9998309210623337,-2192.856220151271,966.2553897169802,2.309178339869449,4.309009260931782,0.15621860476513302,0.14515485684029777,1.9998309210623337,2.269437504295388,0.2902851710516039,0.6510859952670595,2.1857447241531975,-1.4023805963197487,-1.4308403008254593,-0.8838150260941418,-1.0458554670147848,-3.135139894386206,us_israel_iran,2026-02-28
2025-11-29,126,-2.8399138231310506,-3363.4916245519107,1035.378746634494,2.688688908412625,5.528602731543675,0.13481879589319698,0.12647298699233614,2.8399138231310506,3.248561587230725,0.35917238401220897,0.6728010850510687,2.293591099009225,-0.39885142368360765,-0.32694581559576624,-0.8456629544703296,-0.5958630904269278,-2.887729086220451,us_israel_iran,2026-02-28
2025-11-30,136,-2.248492941657025,-2818.615324131028,1058.3913123474501,2.766898059860642,5.015391001517669,0.145518700329165,0.13585754781453396,2.248492941657025,2.663112679826806,0.3054747373318114,0.6444621835505812,2.3304347927648337,-1.1053389696196616,-0.9869988482302587,-0.8754025298448229,-1.1831178410604815,-2.8032058181916857,us_israel_iran,2026-02-28
2025-12-01,221,-2.746174483455982,-5567.551726779449,1807.7147530311336,2.7167651406953883,5.462939624151369,0.23646788803489313,0.2122588375934958,2.746174483455982,3.0798839902390074,0.5828998036872854,0.6678651346475235,2.4023594551160854,-0.5108286604014729,-0.5171181056519295,-0.7217551322082278,-0.6981486473785148,-2.638203157108936,us_israel_iran,2026-02-28
2025-12-02,337,-2.646570835363276,-7889.696961598252,2691.5364350808136,2.6700920824382632,5.316662917801539,0.3605867794921221,0.30791606220670953,2.646570835363276,2.9312985916764536,0.8149216699761817,0.6656849894158399,2.450585177434892,-0.6298111635757112,-0.6846378357020088,-0.5932535644933771,-0.743326850364092,-2.52756833095737,us_israel_iran,2026-02-28
2025-12-03,520,-3.1189765235197324,-12974.087262156489,3949.457228232423,2.238066765386694,5.357043288906426,0.5563950306703368,0.44237226928734885,3.1189765235197324,3.2850304516307,1.3797487225633902,0.7053279347648648,2.5392340490965912,-0.06549437029632896,-0.28582970069740515,-0.2804332130923493,0.07817669256331047,-2.3241985931235023,us_israel_iran,2026-02-28
2025-12-04,534,-2.838194163360232,-11795.788979274845,3931.2871464106897,2.261883392487196,5.100077555847428,0.571374896880692,0.45195096662924095,2.838194163360232,3.000490307619614,1.2827245956121267,0.6927607456273094,2.58080263368764,-0.4009056599295489,-0.6066289755540163,-0.3341684606309505,-0.1822477110788992,-2.2288359337693278,us_israel_iran,2026-02-28
2025-12-05,523,-2.695714744186143,-12394.884311284517,4375.004809988741,2.834747608775707,5.530462352961849,0.5596050020011272,0.4444325853545085,2.695714744186143,2.8331132992094736,1.198063473136915,0.6611265441343572,2.6115792690467954,-0.5711058309952325,-0.7953349422015552,-0.38105665757794804,-0.8377895325893621,-2.1582311291386986,us_israel_iran,2026-02-28
2025-12-06,247,-3.066095233352929,-6746.588053971019,2054.678020615561,2.6262196315331736,5.692314864886102,0.26428763956840995,0.2345088327858365,3.066095233352929,3.2835256844524032,0.7190264143838124,0.6842929926342635,2.6811487557572966,-0.1286642279834015,-0.2875262213107031,-0.6463636048405763,-0.3577212795329253,-1.9986314860936745,us_israel_iran,2026-02-28
2025-12-07,178,-2.640770301809021,-4192.656759568172,1482.3768104231976,2.843594653655033,5.484364955464054,0.19045829896023067,0.17433835815843687,2.640770301809021,2.828334017429231,0.46038755869094455,0.6585484575908237,2.701854396676171,-0.6367402471509336,-0.8007232508873677,-0.7896065627569921,-0.8912141005885293,-1.9511305908603624,us_israel_iran,2026-02-28
2025-12-08,213,-1.8516998142168613,-3068.789972583206,1545.0329230803875,2.700987940498113,4.552687754714975,0.22790796448611872,0.20531187942937348,1.8516998142168613,1.9862295014819809,0.3801759689958855,0.6276387235949115,2.631028624778436,-1.5793320456686766,-1.750137678887482,-0.8340304577526542,-1.531743096732103,-2.11361228287435,us_israel_iran,2026-02-28
2025-12-09,338,-2.5836209296202575,-7748.147838926871,2669.704368550344,2.6574563525720363,5.241077282192294,0.3616567699357189,0.30870217151638046,2.5836209296202575,2.9022493764484247,0.7975693913489431,0.6635506695982656,2.655894179174088,-0.7050085835830132,-0.7173888108331038,-0.6028638440876661,-0.7875554331911389,-2.056568113177124,us_israel_iran,2026-02-28
2025-12-10,397,-2.252771667117939,-6811.786493912982,2883.828345814383,2.505639790892394,4.7584114580103325,0.42478620610793016,0.3540217716634148,2.252771667117939,2.3620637836505343,0.7975302167462374,0.6550630350700122,2.6243165114278493,-1.1002277766514976,-1.3264105960009651,-0.602885540309418,-0.9634409980664195,-2.1290105694721677,us_israel_iran,2026-02-28
2025-12-11,852,-3.7358042796790967,-25398.289776220132,6520.9337399199385,1.958936909409242,5.694741189088338,0.9116318579444749,0.6479572531743729,3.7358042796790967,3.8948854242662434,2.4206414794579345,0.7440528744220662,2.75513518567283,0.6713432040350923,0.40173947752568046,0.29604844884480047,0.8806568021504094,-1.8288989156374307,us_israel_iran,2026-02-28
2025-12-12,934,-3.7891022148614564,-31525.497755872868,7407.618726398294,2.070983542675424,5.860085757536881,0.9993710743194125,0.6928326682658448,3.7891022148614564,4.255820786716042,2.625213797854485,0.7388771344338163,2.912306976976336,0.735010769063565,0.8086690619132253,0.40934752726996365,0.7734021897550936,-1.4683304685368979,us_israel_iran,2026-02-28
2025-12-13,282,-3.7284880936894327,-8990.004716458136,2255.562712632806,2.134980620943946,5.863468714633379,0.301737305094298,0.2636997608291803,3.7284880936894327,3.985703729764424,0.9832014185603497,0.7330756836268885,3.0226139122900313,0.6626035831536533,0.504130817239023,-0.5000545403944945,0.6531812437570059,-1.2152748785953524,us_israel_iran,2026-02-28
2025-12-14,452,-4.7202479107279105,-21328.51320393876,4233.569305550758,2.3230279313072377,7.043275842035149,0.4836356805057543,0.394495616294059,4.7202479107279105,5.037950642729367,1.8621171086033514,0.7519802915298508,3.2372432072030697,1.8473198845990841,1.690466221062076,-0.01328126395218424,1.0449332246758234,-0.722892938253171,us_israel_iran,2026-02-28
2025-12-15,397,-3.9694996134208163,-14928.109902371416,3432.6161302048354,2.3384443119354796,6.307943925356295,0.42478620610793016,0.3540217716634148,3.9694996134208163,4.348901635406755,1.4052892857604775,0.7295466907384756,3.357619014640396,0.9505062298998557,0.9136112621317489,-0.2662879841807801,0.5800514564701963,-0.44673830772958645,us_israel_iran,2026-02-28
2025-12-16,320,-3.39550232269318,-10433.689616422962,2868.355729608015,2.7840546661659347,6.179556988859114,0.3423969419509765,0.2944567786821555,3.39550232269318,3.6375159150322034,0.9998286759480106,0.6894048098787079,3.3990648597548416,0.2648322031569881,0.11157320865198106,-0.4908458021178512,-0.2517913104013108,-0.35165722550900425,us_israel_iran,2026-02-28
2025-12-17,1250,-4.822632621191602,-57344.477332259914,10616.469740556275,1.8352715856267086,6.65790420681831,1.3374880544960017,0.849076871791605,4.822632621191602,5.401463832482531,4.094785819801514,0.7839122101700464,3.613688380962981,1.9696245327822637,2.1003021269196522,1.2232462847902745,1.7066445093555198,0.14071146935323317,us_israel_iran,2026-02-28
2025-12-18,977,-2.151212929987091,-18726.310302062644,7597.431328581413,2.8125364871975567,4.963749417184647,1.045380663394075,0.7155839156412045,2.151212929987091,2.464821265526227,1.5393733718181508,0.6383187910294559,3.5018585005182423,-1.2215457503847076,-1.2105586630992609,-0.19202767613476832,-1.3104246967258428,-0.11583791522134004,us_israel_iran,2026-02-28
2025-12-19,646,-3.0292940574239133,-18174.521611406653,5157.8339660923175,2.477484523991075,5.506778581414988,0.6912138265635337,0.5254465116938017,3.0292940574239133,3.5236732572018115,1.5917319953681583,0.6897040476642615,3.510571990821012,-0.17262542936143108,-0.016776491200269524,-0.16302969712019444,-0.24559033570465894,-0.09584826159941087,us_israel_iran,2026-02-28
2025-12-20,360,-3.2603993597920122,-11126.414078565991,2946.121185068517,2.4616352993658257,5.722034659157837,0.3851965596948485,0.325842049926852,3.2603993597920122,3.7766315027897357,1.0623752109748252,0.6992015426035209,3.5526821013971928,0.10344364942373971,0.2684163839057648,-0.45620541268115034,-0.04877787202810399,0.0007567147246487832,us_israel_iran,2026-02-28
2025-12-21,648,-3.7167524017595457,-21599.70337067095,5384.584288041309,2.2963956263125964,6.01314802807214,0.6933538074507274,0.5267110638633942,3.7167524017595457,4.011396649253315,1.9576546116475957,0.7236435932193646,3.6016831532905833,0.6485845986180666,0.5330978017382798,0.03963064091742693,0.4577241297920102,0.11317022761370346,us_israel_iran,2026-02-28
2025-12-22,494,-3.6636425167412647,-15881.453909871685,3887.9321761905653,2.1033327661137466,5.76697528285501,0.5285752791368199,0.4243361114708453,3.6636425167412647,4.084807344924544,1.5546158193732496,0.7327508970389862,3.6605646253343482,0.5851416707356509,0.615863268874376,-0.18358589244442086,0.6464508323229432,0.2482504526447724,us_israel_iran,2026-02-28
2025-12-23,439,-3.5109387604710975,-14259.424368001588,3470.0452501388877,2.196746166619677,5.707684927090773,0.46972580473899583,0.38507585600380984,3.5109387604710975,4.10929061153622,1.351977748565363,0.7220867459559959,3.713389355532618,0.40272791869895375,0.6434664536637988,-0.2958137190454886,0.42546225995882775,0.3694358815193102,us_israel_iran,2026-02-28
2025-12-24,279,-4.896224570462982,-16060.87186650806,2747.60068851494,2.475903285583823,7.372127856046795,0.2985273337635076,0.2612308021598037,4.896224570462982,5.8454170337207385,1.2790446720965851,0.7485890072872102,3.946399834521167,2.057534509027618,2.6008285658953048,-0.3362065269062603,0.9746571138602675,0.9039861711753807,us_israel_iran,2026-02-28
2025-12-25,102,-2.095416800038048,-2093.742601339694,881.6570288904416,3.2741397808164727,5.369556580854522,0.10913902524687374,0.10358406141911941,2.095416800038048,2.3747812729113638,0.2170517825137958,0.6212106899850057,3.803442698042771,-1.288197558183888,-1.3120725090253997,-0.9243741569497731,-1.664948446084983,0.5760276216515875,us_israel_iran,2026-02-28
2025-12-26,183,-2.292417614435746,-3724.023099727056,1457.2828171856318,2.8354382342729236,5.12785584870867,0.19580825117821465,0.1788223175731698,2.292417614435746,2.5554566730698522,0.4099354306589573,0.6439365161293544,3.680223634914257,-1.0528683260398477,-1.108373528142713,-0.8175486599841059,-1.194011018778163,0.29335026665703456,us_israel_iran,2026-02-28
2025-12-27,237,-2.3042420565081456,-4550.6872970021805,1734.5224805578207,2.507209099505041,4.81145115601319,0.2535877351324419,0.22600962829487148,2.3042420565081456,2.6235966082945685,0.5207808906928162,0.6574223953605964,3.571109566413534,-1.0387433241613684,-1.0315504777965594,-0.7561586900806254,-0.9145489992330164,0.043031237333550375,us_israel_iran,2026-02-28
2025-12-28,325,-2.054522485921334,-6520.465629344984,2627.792302924632,3.015496146154151,5.070018632075485,0.3477468941689605,0.29843423089064036,2.054522485921334,2.48134741169915,0.6131398379334597,0.627049578305958,3.461129553196251,-1.3370482574541747,-1.1919265796480012,-0.7050071770670268,-1.5439516987396777,-0.2092743592939998,us_israel_iran,2026-02-28
2025-12-29,493,-2.992629446093021,-12195.70130703681,3439.1660908062768,1.9916833406515402,4.98431278674456,0.5275052886932231,0.42363587437724187,2.992629446093021,3.5461216425804123,1.2677851920826981,0.7144947754730239,3.4722035571396157,-0.21642349617520637,0.008532506151177394,-0.3424424082763248,0.2681371521836264,-0.18386944170714353,us_israel_iran,2026-02-28
2025-12-30,801,-4.33879668401935,-25456.76750935072,5483.953299907088,1.253793480653925,5.592590164673275,0.857062345321038,0.6189958549470347,4.33879668401935,4.642046734749186,2.6856971628659165,0.8168677734690393,3.598635472603991,1.3916536247606344,1.2441120272299664,0.44284526327628093,2.38956833781815,0.1061785309274902,us_israel_iran,2026-02-28
2025-12-31,920,-3.633252800469764,-28089.91879309094,7245.726054206869,2.1212681944427634,5.754520994912528,0.9843912081090573,0.6853121709315443,3.633252800469764,3.876756943740915,2.4899123642330467,0.7306596020485396,3.629715426186186,0.5488393406305064,0.38130087324019535,0.3344130109137623,0.6031138343064614,0.1774791791299947,us_israel_iran,2026-02-28
2026-01-01,392,-1.7118952922646593,-6123.543038692689,3404.4680318783307,3.486486067998194,5.198381360262853,0.41943625388994615,0.35025978848324246,1.7118952922646593,1.7986783783409992,0.5996080829740781,0.5985562132298102,3.439974721286268,-1.7463368923332125,-1.9615885604890102,-0.7125015212597792,-2.134407330981318,-0.2578057454110283,us_israel_iran,2026-02-28
2026-01-02,369,-3.872948475818505,-12971.791963626489,3069.389814104264,2.2225905508499104,6.09553902666842,0.39482647368721974,0.3327700159139848,3.872948475818505,4.22617938719264,1.2888011259321672,0.7328016436703539,3.5262883880869027,0.8351701327164375,0.7752504400667701,-0.3308030723385394,0.6475024327298551,-0.059793210567802076,us_israel_iran,2026-02-28
2026-01-03,1627,-4.0125915635113705,-50986.76641050727,12370.717319197538,1.7953997680899019,5.807991331601271,1.740874451731996,1.0082770124525762,4.0125915635113705,4.121569113165595,4.045803833849656,0.7638685496313842,3.5904445510618204,1.001982136521884,0.6573096125358758,1.1961184020382096,1.2912884352602279,0.08738770442937138,us_israel_iran,2026-02-28
2026-01-04,670,-3.35565592857298,-19563.124916212393,5320.4397400403595,2.292649453654078,5.648305382227057,0.716893597209857,0.5405166098203013,3.35565592857298,3.676975188532817,1.813787766235662,0.7112879368996331,3.6037842312530826,0.217233306874836,0.15606080237749895,-0.04004769058347047,0.2016832288829559,0.11799031913198732,us_israel_iran,2026-02-28
2026-01-05,674,-3.7249987932441933,-22487.10744022355,5405.712075159512,2.1476727659591432,5.872671559203336,0.7211735589842442,0.543006359898383,3.7249987932441933,4.1598788702707585,2.0226980353453987,0.7322218749111329,3.671397662464568,0.6584354054889642,0.700501206263299,0.0756538918652578,0.6354881364765007,0.2731025672833525,us_israel_iran,2026-02-28
2026-01-06,456,-2.8018023353854424,-10950.90288177328,3411.955240506717,2.34027782409096,5.142080159476403,0.48791564228014145,0.3973762427878131,2.8018023353854424,3.2095681536979765,1.1133696850695873,0.6872272311441605,3.6269118779334732,-0.4443778707415125,-0.370908207071142,-0.4279629458361844,-0.29691632898114356,0.1710475476554893,us_israel_iran,2026-02-28
2026-01-07,1309,-3.586347803133102,-34440.31585135066,8912.811319628552,1.6112612854573425,5.197609088590445,1.4006174906682132,0.8757259920394977,3.586347803133102,3.864136086388731,3.1406579876974092,0.763358501933197,3.6589294852418224,0.4928085214651019,0.3670717320386234,0.694817976774303,1.2807189382807849,0.2444992710932727,us_israel_iran,2026-02-28
2026-01-08,805,-2.927933171839233,-19083.232766935704,6063.214685175791,2.3020052682268366,5.229938440066071,0.8613423070954251,0.6212978979275956,2.927933171839233,3.1473787021912822,1.819118724936193,0.6943677014351215,3.6036463049602383,-0.2937070576126159,-0.4410224997886597,-0.03709522510511593,-0.14894746363707057,0.11767390186135156,us_israel_iran,2026-02-28
2026-01-09,686,-3.4022400819412324,-21004.795696721903,5409.836436329694,2.241909431572892,5.644149513514127,0.7340134443074058,0.5504386316774313,3.4022400819412324,3.8827043929950342,1.8727243753418439,0.7157123162299476,3.6294915804241374,0.27288085876820095,0.38800620972127053,-0.007406600383326024,0.29336772061554384,0.1769656536548285,us_israel_iran,2026-02-28
2026-01-10,253,-3.201775193017498,-7369.7396462722345,2057.9275141679277,2.4661628267480253,5.667938019765523,0.27070758222999075,0.23957389668150295,3.201775193017498,3.581146369604766,0.7670617592893733,0.6968118697710669,3.6224228934293383,0.033413582825742034,0.04802045633308779,-0.6197600039609832,-0.09829802450452857,0.16074935000634039,us_israel_iran,2026-02-28
2026-01-11,169,-3.142913830047199,-4958.811472154486,1397.6066192585913,2.5634739111852505,5.70638774123245,0.18082838496785944,0.1662162133351882,3.142913830047199,3.5480738312366173,0.5224032356692387,0.6900221528571984,3.6067601502840807,-0.03689982878680381,0.010733463444814965,-0.7552601804867708,-0.2389983799173059,0.1248173871115834,us_israel_iran,2026-02-28
2026-01-12,307,-3.781567071786991,-11349.256218118422,2622.345117720254,2.3801368512730425,6.161703923060034,0.328487066184218,0.28404075051675864,3.781567071786991,4.3279033493444,1.0741191491998383,0.7213555117504661,3.6787585072647797,0.7260095908743739,0.8899371511712479,-0.44970122194603446,0.4103092110301058,0.2899891113441455,us_israel_iran,2026-02-28
2026-01-13,612,-4.296331947680703,-24031.978825001297,5187.554441027947,2.0900320988948975,6.386364046575602,0.6548341514812425,0.503700793222258,4.296331947680703,4.632621999093509,2.164065809992899,0.7534291622257722,3.779640324610224,1.3409269624048181,1.2334862915378575,0.15394815333777176,1.0749575429867828,0.5214224997356104,us_israel_iran,2026-02-28
2026-01-14,587,-3.536703178501357,-17871.303262605354,4535.1209923152865,2.094613480864557,5.631316659365915,0.6280843903913225,0.48740410308657217,3.536703178501357,3.940645308667196,1.7238036406008828,0.7288852678129352,3.787673460332178,0.4335050539622578,0.45333057299084645,-0.08988394696079713,0.5663450763836267,0.5398513491403961,us_israel_iran,2026-02-28
2026-01-15,616,-3.2456730742165294,-18428.62614041857,5071.781066483445,2.4938688739984283,5.739541948214957,0.6591141132556297,0.5062837932042121,3.2456730742165294,3.6335610506145506,1.6432316755151208,0.6971037972172992,3.7787165787319017,0.08585222226437705,0.10711437335565183,-0.1345074300530979,-0.09224853879537752,0.5193033305507337,us_israel_iran,2026-02-28
2026-01-16,447,-3.1674239145738117,-13932.366924514561,3757.693896205998,2.6195250630777447,5.786948977651556,0.4782857282877703,0.3908831247402892,3.1674239145738117,3.707690756445475,1.2380925571057304,0.6883919404989338,3.7726302321837024,-0.007621069767111831,0.19069047457168253,-0.35888719516280865,-0.2727805627558296,0.5053406181250534,us_israel_iran,2026-02-28
2026-01-17,223,-2.807820985492656,-5924.849753210293,1717.2986330052356,2.446534872736263,5.25435585822892,0.2386078689220867,0.21398806257938113,2.807820985492656,3.4500986836761953,0.6008401727553021,0.6823049491016958,3.7385738015413406,-0.43718823392399725,-0.09972671924957596,-0.7118191482102685,-0.3989186424210591,0.42721162176596233,us_israel_iran,2026-02-28
2026-01-18,177,-2.3529221824740514,-3650.639350135008,1329.7418508891983,2.5798718208793527,4.932794003353405,0.18938830851663385,0.17343914850993872,2.3529221824740514,2.745374485802508,0.40808881983844614,0.656597021451726,3.632262269168515,-0.9805920078875937,-0.8942543681952296,-0.8185713755978982,-0.9316528643572443,0.1833219019973186,us_israel_iran,2026-02-28
2026-01-19,451,-3.0446523730584887,-14402.53795735853,4013.4164008668326,2.9271376725248923,5.971790045583381,0.48256569006215744,0.3937741612366752,3.0446523730584887,3.588597972103721,1.1989054344583592,0.6710684966494883,3.6251555257869583,-0.15427900456942953,0.056421621260070554,-0.3805903508824139,-0.6317667675579269,0.16701829303684293,us_israel_iran,2026-02-28
2026-01-20,505,-1.0119835182952417,-6255.928386012199,3999.3449716136015,3.4537557374995083,4.46573925579475,0.5403451740163847,0.43200653028182967,1.0119835182952417,1.5642382516175246,0.43718348844112587,0.563891922348087,3.4050087599775947,-2.5824232853787055,-2.225903541109996,-0.8024577627415426,-2.85274037918663,-0.3380212997791766,us_israel_iran,2026-02-28
2026-01-21,395,-2.8689250939896582,-9660.94438207928,2956.999358923971,2.3085746162000707,5.177499710189729,0.4226462252207366,0.3525186762666267,2.8689250939896582,3.267144564277086,1.0113496764413419,0.6916174598932424,3.3769838441334215,-0.3641957289061414,-0.305994798009589,-0.48446508184904147,-0.20593952491476172,-0.4023133734537945,us_israel_iran,2026-02-28
2026-01-22,419,-2.483405875476634,-9423.368639847755,3190.2614120342105,2.5652915873621724,5.04869746283881,0.4483259958670598,0.3704084038916899,2.483405875476634,2.953792000963056,0.9198744065505449,0.6630817866366043,3.3378622435441514,-0.8247214477810398,-0.6592780770174351,-0.5351271844177296,-0.7972718912098791,-0.4920623968349752,us_israel_iran,2026-02-28
2026-01-23,869,-3.793556485764788,-28304.851945553077,6436.998252981739,1.806903145484545,5.600459631249332,0.9298216954856204,0.6574276128902212,3.793556485764788,4.3972129295579245,2.4939887848005613,0.7560666056265086,3.4539684014724483,0.7403316615413316,0.9680788951082603,0.33667067068509804,1.1296121373641603,-0.22570278665420443,us_israel_iran,2026-02-28
2026-01-24,414,-2.6910533595074693,-10464.790229284146,3530.208842013648,2.918010569055019,5.60906392856249,0.4429760436490758,0.3667076778861307,2.6910533595074693,2.9643544327295324,0.9868299285326548,0.6577946434184057,3.406888837907512,-0.5766741332406526,-0.647369667878245,-0.4980449486807135,-0.9068350643665284,-0.3337082053364894,us_israel_iran,2026-02-28
2026-01-25,261,-2.307818238799783,-5611.438553668452,2111.1354634486993,2.8904116918045135,5.198229930604296,0.2792675057787652,0.24628765301730152,2.307818238799783,2.658019180115398,0.5683871376245209,0.642657960788261,3.332977541048537,-1.0344713609450173,-0.9927414158373038,-0.7297927381917317,-1.2205059659444149,-0.5032684127414214,us_israel_iran,2026-02-28
2026-01-26,431,-4.138793310641076,-15895.254757017909,3632.9754180855575,2.145191996750878,6.283985307391953,0.46116588119022145,0.3792346658102473,4.138793310641076,4.375271761512252,1.5695738980186555,0.745503989375506,3.441785940305044,1.1527376566859517,0.9433417501158667,-0.1753016018873257,0.9107276272354332,-0.25365062047707676,us_israel_iran,2026-02-28
2026-01-27,366,-3.3035713295804716,-10543.061415895192,2800.2649264239126,2.173712868575765,5.477284198156236,0.3916165023564293,0.3304660227740798,3.3035713295804716,3.7650228435204673,1.0917180782369373,0.715891556405441,3.469266270758468,0.15501514435144065,0.2553284258301771,-0.43995433900115805,0.2970820369436165,-0.19060788236724188,us_israel_iran,2026-02-28
2026-01-28,472,-3.1959241547219848,-13370.532137726184,3790.008962801193,2.416877925606372,5.612802080328359,0.5050354893776903,0.40881647890466605,3.1959241547219848,3.527836548398037,1.3065464597798129,0.6990069437611388,3.473196387457774,0.026424168322364244,-0.012082669168907876,-0.3209751054511142,-0.05281045934115418,-0.18159178562723416,us_israel_iran,2026-02-28
2026-01-29,348,-3.753696751825146,-12056.562183515143,2927.86087185259,2.3298482790480457,6.083545030873192,0.3723566743716869,0.316529462261407,3.753696751825146,4.117874008093291,1.1881556143476035,0.7230786445820091,3.550471895298604,0.6927168300485773,0.6531436378828652,-0.38654396533685825,0.44601694448896534,-0.004313728095471151,us_israel_iran,2026-02-28
2026-01-30,382,-4.016990608884401,-15783.129334515059,3335.838251138388,2.3577851289850082,6.374775737869412,0.40873634945397813,0.34269309649631535,4.016990608884401,4.731383282486466,1.3765949503552148,0.7300007220179489,3.6713530198959443,1.0072370588071913,1.344832787852046,-0.2821798789538395,0.5894601495277708,0.273000152584699,us_israel_iran,2026-02-28
2026-01-31,395,-3.22957948843545,-11032.786976714438,2776.2288986689355,1.899424051565739,5.129003540001189,0.4226462252207366,0.3525186762666267,3.22957948843545,3.9740192107373113,1.1384870861611143,0.7297512100935967,3.7008047954129752,0.06662747339273027,0.4909573325485817,-0.4140520784304153,0.584289622261108,0.3405655908510533,us_israel_iran,2026-02-28
2026-02-01,277,-3.685309110126182,-9912.936146353211,2287.124117524374,2.285728328554912,5.971037438681095,0.296387352876314,0.2595814366655574,3.685309110126182,4.3342362009995155,0.9566378333632212,0.7231690479067482,3.7677776564872247,0.6110237098532989,0.8970770021254826,-0.514766353537605,0.44789033333310185,0.4942083044394632,us_israel_iran,2026-02-28
2026-02-02,314,-2.911694446526576,-7562.394472069788,2399.8470883781833,2.365565337848468,5.277259784375045,0.3359769992893957,0.28966285886550347,2.911694446526576,3.151198469557681,0.8434097375236979,0.6904854814785741,3.70054930553874,-0.3131051843183815,-0.4367159770464277,-0.5774759078458596,-0.22939702208052687,0.3399794704891306,us_israel_iran,2026-02-28
2026-02-03,635,-2.7442314239496866,-12624.826198918225,4128.8010699068645,1.8789087525187513,4.623140176468438,0.6794439316839689,0.5184627455796225,2.7442314239496866,3.0577463009626205,1.4227817585668314,0.7110282046414214,3.6354305696907177,-0.513149760966588,-0.5420768146999899,-0.25660006030197174,0.19630091007553838,0.19059031314008176,us_israel_iran,2026-02-28
2026-02-04,682,-2.868480308564681,-15755.173430009516,4875.629217616357,2.140268069776573,5.008748378341253,0.7297334825330186,0.5479673403024953,2.868480308564681,3.231413367752368,1.571833525394269,0.7006206258848297,3.591534641581068,-0.36472705164634833,-0.3462792435479381,-0.17405014371718844,-0.0193708253760344,0.08988848553305652,us_israel_iran,2026-02-28
2026-02-05,437,-2.436171112176232,-8725.13336522227,3195.023650319107,2.4375479110962166,4.873719023272449,0.46758582385180225,0.3836187540436446,2.436171112176232,2.7308509482710197,0.9345609266901661,0.6666038960172774,3.50316599990005,-0.8811461920744774,-0.9106286493169566,-0.5269932921583371,-0.7242847478650428,-0.11283837555984375,us_israel_iran,2026-02-28
2026-02-06,507,-3.4478569283570075,-15013.108055101126,3996.864685566938,2.2177526852957934,5.665609613652802,0.5424851549035783,0.4333948527015503,3.4478569283570075,3.7562212474480057,1.494283445601305,0.7186793399573206,3.5277730221428136,0.32737290476647574,0.24540523679321477,-0.2170000043885081,0.35485206499326416,-0.05638730552840059,us_israel_iran,2026-02-28
2026-02-07,254,-2.509344320643354,-5376.162570996589,1845.9887071354674,2.3791638773465658,4.88850819798992,0.2717775726735876,0.24041558537707064,2.509344320643354,2.912348569747811,0.6032854837600996,0.6726374205269281,3.4625371445394877,-0.7937364267152294,-0.7060026709323888,-0.710464852157518,-0.5992546392951896,-0.20604519825578982,us_israel_iran,2026-02-28
2026-02-08,207,-2.49143497875808,-4158.22795300682,1582.303956715894,2.57627274423423,5.06770772299231,0.2214880218245379,0.2000698055476743,2.49143497875808,2.627957754486889,0.4984609117348031,0.6629671209548528,3.373997869296173,-0.8151302046392049,-1.0266335879815829,-0.7685202503651891,-0.7996480583433185,-0.40916351049949945,us_israel_iran,2026-02-28
2026-02-09,291,-1.9250086245408249,-5433.870163104871,2089.300088260868,2.6273583823358893,4.552367006876715,0.3113672190866692,0.2710702716512191,1.9250086245408249,2.600808851555652,0.521812610785221,0.6340586526772398,3.2871410971599833,-1.4917602957971032,-1.0572420928158042,-0.7555872885509444,-1.3987056939851064,-0.608421985506854,us_israel_iran,2026-02-28
2026-02-10,387,-2.573541341971302,-8054.578368578048,2676.7800766059236,2.171601521011666,4.745142862982967,0.41408630167196214,0.3464835993261586,2.573541341971302,3.0090549608360093,0.891689867180889,0.6860370427976552,3.2503663430211076,-0.7170492526990743,-0.5969729231514036,-0.5507367368803935,-0.3215800852887728,-0.6927870988798575,us_israel_iran,2026-02-28
2026-02-11,362,-2.8092424916630634,-8777.338846381203,2871.788648723501,2.5619376612451283,5.371180152908193,0.38733654058204214,0.3273857511089564,2.8092424916630634,3.0564013999716506,0.9197059631803082,0.6770579082193352,3.226086616339215,-0.43549015995109125,-0.5435930972764135,-0.5352204740610412,-0.5076507922851506,-0.748487318830969,us_israel_iran,2026-02-28
2026-02-12,210,-2.337756243280184,-4247.474730494803,1533.4669665109573,2.4822337033859965,4.819989946666181,0.22469799315532832,0.20269427740191368,2.337756243280184,2.7698508173012235,0.47384981247348923,0.6600715313111151,3.175693201173743,-0.9987086275378608,-0.866659002264607,-0.7821507106698521,-0.8596521052235772,-0.8640950579781231,us_israel_iran,2026-02-28
2026-02-13,943,-3.704996766543434,-32899.29590151664,7725.426898544999,2.243698275553841,5.948695042097274,1.0090009883117839,0.6976375777748286,3.704996766543434,4.25857319389209,2.5847449698749334,0.7261241997842526,3.287023445835087,0.6345417906366325,0.8117722100797353,0.3869345197283383,0.5091286625209238,-0.6086918898908743,us_israel_iran,2026-02-28
2026-02-14,404,-3.256183833411384,-11945.762004117318,3281.4694704583044,2.4331326754456737,5.689316508857058,0.4322761392131078,0.35926488459426836,3.256183833411384,3.640369691584825,1.1698325091282633,0.7004434721305622,3.3234088410595124,0.09840795152944821,0.11479064375895208,-0.39669192157800703,-0.02304190570299474,-0.5252200063906348,us_israel_iran,2026-02-28
2026-02-15,395,-3.214114983073698,-10135.121852588838,3016.2017606802515,2.2109194207166354,5.42503440379033,0.4226462252207366,0.3525186762666267,3.214114983073698,3.360226754294792,1.1330355592018713,0.7104592993188524,3.330486150831078,0.048154198632953206,-0.20105108553792475,-0.41707131869387504,0.18451173210286476,-0.5089839211948184,us_israel_iran,2026-02-28
2026-02-16,323,-2.312275192064489,-5525.75635280783,2146.078313381496,2.165965056261094,4.478240248325582,0.34560691328176685,0.2968451479178841,2.312275192064489,2.5748158016196063,0.686387671415237,0.6740069042168415,3.2493205091574318,-1.0291472642264745,-1.0865474535752695,-0.6644400461122011,-0.5708754234387464,-0.6951863506095941,us_israel_iran,2026-02-28
2026-02-17,783,-2.5349804224837724,-15005.279604179532,5307.201120751676,2.1215271072457735,4.656507529729546,0.8378025173362955,0.6085705738390123,2.5349804224837724,2.8273433138811,1.542714490381611,0.6869996657036117,3.214098280752637,-0.7631125728001231,-0.8018402004163798,-0.19017725151663664,-0.30163206879342963,-0.7759898083675629,us_israel_iran,2026-02-28
2026-02-18,449,-2.3795908981504454,-8412.208119172046,3088.9850490999693,2.2500542715260794,4.629645169676525,0.48042570917496386,0.3923296877496213,2.3795908981504454,2.723291950416883,0.9335841540432052,0.672942940203103,3.1620142244936686,-0.9487346351067689,-0.9191508950572809,-0.52753426193176,-0.5929234877068815,-0.8954760541387793,us_israel_iran,2026-02-28
2026-02-19,1029,-2.396268133250126,-18822.62488364286,6879.888738727073,2.1448633768769154,4.541131510127043,1.1010201664611088,0.7424230203227993,2.396268133250126,2.7358908840618037,1.7790446249908347,0.679200565790734,3.1181985326681314,-0.9288126822849366,-0.9049464713148805,-0.05928961889267513,-0.46324942980597256,-0.9959938113593595,us_israel_iran,2026-02-28
2026-02-20,587,-3.1511040980475173,-17079.86303149451,4478.963074642132,2.2395783382352987,5.390682436282815,0.6280843903913225,0.48740410308657217,3.1511040980475173,3.8133520519945767,1.5358610666412722,0.7064873135509923,3.184489515947611,-0.02711606476805298,0.30981625596315204,-0.19397290969719436,0.10220199572918705,-0.843915396399434,us_israel_iran,2026-02-28
2026-02-21,265,-2.8432756961649837,-7109.596427132754,2150.546966434175,2.6359979376423657,5.47927363380735,0.2835474675531524,0.24962770354598843,2.8432756961649837,3.3059479928128175,0.7097603825817864,0.6751805636528476,3.19852181228925,-0.39483546566810374,-0.26224662398839355,-0.6514954470764001,-0.5465541885662998,-0.8117238481629635,us_israel_iran,2026-02-28
2026-02-22,193,-2.0481042174331137,-3136.3863239291786,1504.3794352824675,2.8733039412380217,4.921408158671136,0.20650815561418268,0.18773036579005084,2.0481042174331137,2.084837276002965,0.3844913539148643,0.6313777976133964,3.083987964582679,-1.3447152622817689,-1.6389642531780908,-0.831640451430184,-1.4542598894070768,-1.0744764150549466,us_israel_iran,2026-02-28
2026-02-23,403,-2.752034490210315,-8665.549613184112,2797.9344899881976,2.0953654968156834,4.847399987025999,0.43120614876951097,0.3585175494367314,2.752034490210315,3.0971238405301853,0.9866526613955666,0.6981944008201985,3.078242986945723,-0.5038285325386905,-0.4976813703143985,-0.4981431252249526,-0.06964843388835995,-1.0876559916698403,us_israel_iran,2026-02-28
2026-02-24,539,-2.966175326398125,-12014.19833739907,3682.9766546605624,1.933402740011107,4.899578066409232,0.5767248490986759,0.4553498153316134,2.966175326398125,3.2620891914142054,1.3506473871165745,0.7170484163815503,3.0938501589201874,-0.24802452124649735,-0.3116943802396405,-0.2965505182727815,0.3210551439031892,-1.0518515148245213,us_israel_iran,2026-02-28
2026-02-25,810,-2.100951048770217,-14729.138142169004,6001.187302352287,2.6539610820051918,4.754912130775409,0.8666922593134092,0.6241680193254772,2.100951048770217,2.4543706770151332,1.3113464548106903,0.6417861386226716,3.02397400105005,-1.2815865677236846,-1.2223409767261673,-0.3183167056358,-1.2385723581241246,-1.2121546934269343,us_israel_iran,2026-02-28
2026-02-26,893,-2.1961527385176685,-14593.240020446206,6142.765608283568,2.3413220676300615,4.5374748061477295,0.9555014661319438,0.6706466649610126,2.1961527385176685,2.375679124198896,1.472842509831869,0.6596320387718874,2.949523251199235,-1.1678624665539554,-1.3110602439793886,-0.2288747207836232,-0.8687595182799736,-1.3829524621393912,us_israel_iran,2026-02-28
2026-02-27,441,-2.3102530587387906,-8929.172099850037,3160.579762295751,2.428297237405834,4.7385502961446235,0.47186578562618947,0.386530837906618,2.3102530587387906,2.825169042202609,0.8929840505706319,0.6611763783116431,2.926560772093107,-1.0315628231889302,-0.8042915409125528,-0.550019974287486,-0.8367568405721876,-1.4356307790575127,us_israel_iran,2026-02-28
2026-02-28,1626,-4.267098945281189,-60885.1093287095,13663.854948390797,2.0681279407637096,6.335226886044899,1.7398044612883992,1.0078865533601273,4.267098945281189,4.455924741493248,4.300751648806092,0.753892584165801,3.082158489814949,1.30600639606617,1.0342723904402777,1.3373171365858663,1.0845608346254882,-1.0786734205769881,us_israel_iran,2026-02-28
2026-03-01,2314,-4.652505710719408,-92151.13482142283,18877.747361149468,1.7527763929439844,6.405282103663391,2.4759578864829987,1.2458700918185321,4.652505710719408,4.881468803373781,5.796417717000234,0.7851478518237033,3.265111610365177,1.7663977830306803,1.514043801765258,2.165667660676328,1.7322501748107673,-0.6589599209604646,us_israel_iran,2026-02-28
2026-03-02,5305,-4.3752925915007985,-186871.89115739142,40267.816248920244,1.6076238502364286,5.982916441737227,5.676299303281032,1.89856383752097,4.3752925915007985,4.640725734969606,8.306772292796825,0.78820692751788,3.4108989293851972,1.4352501647560019,1.242622691611445,3.5559870459550984,1.7956420721262654,-0.3245086381314058,us_israel_iran,2026-02-28
2026-03-03,4383,-4.32972278892396,-149821.7392243796,31884.637610444574,1.472446113003748,5.802168901927709,4.689768114284781,1.7386694941065364,4.32972278892396,4.698869124838412,7.527956931039964,0.7975911976123149,3.548759041171571,1.3808143154314716,1.3081753304928374,3.1246527215360604,1.9901082265073888,-0.008243193730315419,us_israel_iran,2026-02-28
2026-03-04,4937,-3.7726414873961893,-149621.6659183104,35271.2728085785,1.6858154532411902,5.458456940637379,5.282542820037409,1.8377748061763954,3.7726414873961893,4.2420262724944875,6.93326547827256,0.7640325899827604,3.6236668688028204,0.7153474475347842,0.793116704003751,2.7952924538616224,1.2946877722331025,0.16360315898139743,us_israel_iran,2026-02-28
2026-03-05,4638,-4.141107011309393,-155878.21842097666,34886.655625808155,1.6904054880719266,5.831512499381319,4.962615677401965,1.7855092568483986,4.141107011309393,4.468133033241008,7.393984902292727,0.7752693540541699,3.7177076165058858,1.1555015102433641,1.048036392541039,3.0504544746237485,1.5275423549193836,0.37934242162038573,us_israel_iran,2026-02-28
2026-03-06,3952,-3.622320568912505,-109880.73597501713,28070.4955531411,1.740268808805526,5.36258937771803,4.228602233094559,1.654143982910114,3.622320568912505,3.9144565783314587,5.991839773238161,0.7549903485180959,3.7382563664784985,0.5357801374700718,0.42380459615436666,2.2738990140150936,1.1073093286329312,0.4264833926943523,us_israel_iran,2026-02-28
2026-03-07,2729,-3.830762938542425,-81687.65460373735,19629.133779102056,1.6810153389189773,5.511778277461402,2.920003920575671,1.366092653948726,3.830762938542425,4.161551677369748,5.233177109361842,0.7662917318952753,3.7874846152184136,0.78477699030677,0.7023871802308596,1.8537259362179968,1.3415029891340458,0.5394181187951298,us_israel_iran,2026-02-28
2026-03-08,2646,-4.3628157481498615,-93304.3033840197,19690.475014105905,1.5393923931408482,5.9022081412907115,2.8311947137571365,1.3431766902575513,4.3628157481498615,4.738550152658997,5.860032416803453,0.7931369218196771,3.894246904480623,1.4203458306072605,1.3529129368318316,2.200899635943025,1.8978042033675513,0.7843419217811058,us_israel_iran,2026-02-28
2026-03-09,4089,-4.118507214690722,-131640.49959817936,29727.65183474241,1.5758224301628816,5.694329644853604,4.375190923867321,1.6817940941023823,4.118507214690722,4.428217214396073,6.926481110184909,0.7832476660869149,3.9577357886312012,1.128504704158356,1.0030340756086906,2.7915350410403144,1.6928734508754406,0.929992029707368,us_israel_iran,2026-02-28
2026-03-10,4252,-3.639719948435317,-119884.28035363635,30312.945960575456,1.7446915263203777,5.384411474755694,4.5495993661736,1.7137257388777614,3.639719948435317,3.9548871465530264,6.237481757940441,0.7552719428998245,3.9626742777391737,0.5565647349114818,0.46938725730257486,2.4099438645962343,1.113144686733138,0.9413214377004727,us_israel_iran,2026-02-28
2026-03-11,4535,-3.961390213301123,-139932.85902111823,32368.018444718673,1.5879949093051908,5.549385122606314,4.852406661711495,1.7668529718083343,3.961390213301123,4.32318275090301,6.999194070863541,0.7775101084424251,4.005720918463402,0.9408190673916663,0.8846150038793423,2.8318059413215764,1.573976535139221,1.0400749116546981,us_israel_iran,2026-02-28
2026-03-12,6357,-4.13272061470525,-202794.75315891946,45663.40292669588,1.5252240033832465,5.657944618088498,6.801929249944867,2.0543710428486377,4.13272061470525,4.441078416439282,8.490141559034088,0.7876669637374117,4.058486013966517,1.1454834589000624,1.0175341887775553,3.6575431559851372,1.784452637163707,1.1611235323319953,us_israel_iran,2026-02-28
2026-03-13,5664,-3.7017918508308965,-173382.53538261433,43568.21484772976,1.9951682384025031,5.696960089233399,6.060425872532283,1.9545053715742842,3.7017918508308965,3.979564826986454,7.235172056898898,0.7406220809870838,4.049053073016513,0.6307133275106108,0.49720963019024117,2.962498542138691,0.8095619594974162,1.1394833840475858,us_israel_iran,2026-02-28
2026-03-14,3815,-3.8284071847861294,-114744.87138809946,28345.115679924205,1.8007525910832396,5.629159775869369,4.082013542321797,1.6257075496566802,3.8284071847861294,4.048135582998132,6.223870463466688,0.7576347469328469,4.051213209024661,0.7819629018255398,0.5745184010892215,2.402405468726563,1.1621080487457656,1.1444389608691292,us_israel_iran,2026-02-28
2026-03-15,3532,-3.616987364721447,-90711.85770109168,23461.689803507797,1.512810083707764,5.129797448429211,3.779206246783903,1.5642744755561688,3.616987364721447,3.8663821089105523,5.657961013042931,0.7722565910466966,4.035525339320951,0.5294093067149496,0.3696039666335557,2.0889856487447833,1.465110175300804,1.1084493550342032,us_israel_iran,2026-02-28
2026-03-16,4511,-2.680161084564213,-90677.92933208944,31104.05260431765,2.107497888699677,4.7876589732638895,4.826726891065172,1.7624554175010305,2.680161084564213,2.9153091555504296,4.723664423265634,0.6943509870927701,3.9253840937162745,-0.5896856058405762,-0.7026648158050158,1.5715405543779721,-0.1492938276960093,0.855773874529511,us_israel_iran,2026-02-28
2026-03-17,3897,-3.5498390529003916,-115477.60329002327,29512.445589514966,2.011640082160911,5.561479135061302,4.169752758696736,1.6428248650744428,3.5498390529003916,3.912844258865811,5.831763863117073,0.7343710003156703,3.9301247835420967,0.4491966400367441,0.421986817797592,2.185243553506345,0.6800235290533837,0.8666495103831561,us_israel_iran,2026-02-28
2026-03-18,3810,-3.097014408237741,-95648.73572130283,28242.269436626957,2.15782736761695,5.2548417758546915,4.076663590103814,1.624654272218517,3.097014408237741,3.3867227255206864,5.031577689465749,0.7089000836470147,3.879448370737556,-0.09172942796028498,-0.17117871590997716,1.742073349669122,0.1522007827693762,0.7503925451986461,us_israel_iran,2026-02-28
2026-03-19,3662,-4.026606951443959,-126572.53591332091,29181.983778442544,1.9711290445459815,5.99773599598994,3.918305004451487,1.5929639598562206,4.026606951443959,4.337352007125135,6.414239754156754,0.7526462006171183,3.9340827950813533,1.0187243540120037,0.9005898573999696,2.507838429376825,1.0587325695439074,0.8757296007892001,us_israel_iran,2026-02-28
2026-03-20,3094,-3.7653958327237573,-98018.20766613448,23867.270541476122,1.9743270580201706,5.739722890743927,3.310550432488504,1.461065606515535,3.7653958327237573,4.106804232004667,5.5014903461096045,0.7440608926396067,3.952975526908269,0.7066920805219247,0.6406632332130864,2.002326894016531,0.8808229601908748,0.9190714938847829,us_israel_iran,2026-02-28
2026-03-21,2384,-3.2120158717361136,-62164.549060556055,18060.44180081255,2.181836401550682,5.393852273286796,2.550857217534775,1.2671890440663076,3.2120158717361136,3.4420281489326157,4.070231322031093,0.7119949756122351,3.9026322910636035,0.04564668484033844,-0.10882568734929188,1.2096471723082591,0.21633488511776894,0.8035788713220343,us_israel_iran,2026-02-28
2026-03-22,2362,-4.511878486551719,-87364.89582127536,18502.544331666333,1.6607720885756074,6.172650575127327,2.527317427775645,1.2605376465735498,4.511878486551719,4.721777408296976,5.687392689063734,0.7879889596317857,3.9991092909233688,1.5984101694611155,1.3340028310279846,2.1052859077231316,1.791125218267543,1.024907149964475,us_israel_iran,2026-02-28
2026-03-23,3248,-3.8776701804332747,-99879.1949751471,23854.531407680868,1.7333526264830035,5.611022806916279,3.475328960802411,1.4985798598188675,3.8776701804332747,4.187011401237888,5.8109984354175,0.7639891040155152,4.023918400328156,0.8408104907261336,0.7310912528436532,2.1737429563585655,1.293786631416118,1.081821828978073,us_israel_iran,2026-02-28
2026-03-24,2361,-3.2137836240637743,-61078.863536576886,17361.97615925147,2.0699349900120496,5.283718614075823,2.526247437332048,1.2602342565935136,3.2137836240637743,3.5179672507516098,4.0501202163244185,0.718516114375937,3.974736370619514,0.04775837051616217,-0.023209617667937762,1.1985089608408581,0.351469612145161,0.9689931341453399,us_israel_iran,2026-02-28
2026-03-25,3699,-2.839703705550039,-76627.7209565679,24920.350421145085,1.9486734812537838,4.788377186803822,3.9578946508645685,1.6009811850743354,2.839703705550039,3.0749054351799465,4.546312203771483,0.7107527347993635,3.8881801770431927,-0.3991024216764363,-0.5227310811367462,1.4733168886208388,0.19059246815156478,0.7704242176374126,us_israel_iran,2026-02-28
2026-03-26,3626,-3.895697520552325,-122674.78038166893,27316.1145529346,1.8188520881704164,5.714549608722741,3.879785348482002,1.585101232930842,3.895697520552325,4.490930807305824,6.175074942953115,0.7585616483293959,3.9601367064643744,0.8623452245838892,1.0737393014003693,2.3753808568494694,1.181315823912452,0.9354999850951866,us_israel_iran,2026-02-28
2026-03-27,2734,-3.32503852098038,-71530.10168466438,19828.95291748752,1.9638437456340827,5.288882266614462,2.925353872793655,1.3674565058438655,3.32503852098038,3.6073564742584394,4.546845557696084,0.7292268117784259,3.9291783092604193,0.18065898589531898,0.07757053123038164,1.473612278088023,0.5734227436771588,0.8644781998754963,us_israel_iran,2026-02-28
2026-03-28,2409,-3.475913418467961,-68890.84318520935,17919.848536849026,1.981397491025262,5.457310909493223,2.577606978624695,1.2746941351808871,3.475913418467961,3.844387581934491,4.4307264489176585,0.7336368917368563,3.9173220257515964,0.36088805694822573,0.34480666314846387,1.4093015829007862,0.6648109157351885,0.8372786515487566,us_israel_iran,2026-02-28
2026-03-29,2791,-4.021273844565552,-92686.64790678675,21436.971209235526,1.829737712119863,5.851011556685414,2.986343328078673,1.3828743515681994,4.021273844565552,4.323682063203745,5.560916460281748,0.7617761434354862,3.9548776551314986,1.0123536395026507,0.8851779438629411,2.0352390887008625,1.2479284102156774,0.9234351739952399,us_israel_iran,2026-02-28
2026-03-30,2852,-3.5676828095817585,-77208.30375879555,19867.932456144426,1.6993164591895602,5.266999268771318,3.051612745138078,1.3991150105304833,3.5676828095817585,3.886076416316678,4.9915985716974065,0.7560666892588617,3.9438299843211118,0.47051207251974925,0.39180793211141873,1.71993156022807,1.129613870441098,0.8980906673560882,us_israel_iran,2026-02-28
2026-03-31,4204,-3.4774066498964613,-109812.52354999498,28994.111720390683,1.7096924553075594,5.187099105204021,4.498239824880954,1.7044280091774808,3.4774066498964613,3.787407753994655,5.926989293383559,0.7521032149069704,3.923154220618668,0.362671811023338,0.2805658596299218,2.237982621902289,1.0474805124447641,0.8506583135667769,us_israel_iran,2026-02-28
2026-04-01,3880,-3.353908844234853,-97019.77550658317,27235.801507606437,1.8328138133988667,5.18672265763372,4.151562921155589,1.6393001484709908,3.353908844234853,3.562214810512825,5.498063266312363,0.7388981707036766,3.883306024352579,0.21514631034622098,0.026676436670389027,2.000428861155779,0.7738381152411553,0.7592424040816222,us_israel_iran,2026-02-28
2026-04-02,3819,-2.967309656818251,-86853.22624873545,26798.968988461675,2.0249821169249524,4.992291773743202,4.086293504096185,1.6265493735724226,2.967309656818251,3.240916704151201,4.8264756634931265,0.7114289468424693,3.812289796551496,-0.24666949584935882,-0.33556489097016884,1.6284809012480856,0.20460531669979243,0.5963237864034189,us_israel_iran,2026-02-28
2026-04-03,4337,-3.1940028368224778,-106914.28027856782,30843.65717462613,1.9588732846814672,5.152876121503945,4.640548553879328,1.7299813221065135,3.1940028368224778,3.4663295494842297,5.525565250458104,0.7245581680679375,3.7752189926636723,0.024129039404354725,-0.08142754392720206,2.0156603914185185,0.47667646725735546,0.5112795040945814,us_israel_iran,2026-02-28
2026-04-04,2033,-3.784171365753613,-63919.6144560523,15558.002677886268,1.9342799535930086,5.718451319346623,2.1752905718322975,1.1553991468444131,3.784171365753613,4.108471747913113,4.372228367504782,0.7472431887902949,3.8082511345548533,0.7291205754726674,0.6425432417303398,1.37690336418934,0.9467683015225553,0.5870586754543338,us_israel_iran,2026-02-28
2026-04-05,2072,-3.7873088010091194,-73670.50950598039,17900.00454700053,2.425844766242672,6.213153567251791,2.2170201991325724,1.1684555271095964,3.7873088010091194,4.1156698766495685,4.425301901409925,0.7191983754832579,3.8355531556866174,0.7328684291647312,0.6506586325726575,1.4062972847713178,0.3656078128245289,0.6496923534225157,us_israel_iran,2026-02-28
2026-04-06,4265,-4.169418015982992,-156118.03240066476,34559.91890617214,1.9668641345843698,6.136282150567363,4.563509241940358,1.7162290677880243,4.169418015982992,4.517314777980664,7.155676394789085,0.7572715504114166,3.904221358746527,1.189320695262643,1.1034853981760744,2.9184711520869198,1.1545816849373487,0.8072243579708622,us_israel_iran,2026-02-28
2026-04-07,5253,-4.491682748391079,-209410.68891144134,43740.17812296689,1.9175108172157393,6.409193565606819,5.620659800213998,1.890195032688463,4.491682748391079,4.787604849772775,8.49015641942128,0.769715516600849,3.997158387024921,1.5742851547069574,1.4082187050815222,3.657551386170859,1.4124525929307934,1.0204315733786788,us_israel_iran,2026-02-28
2026-04-08,6773,-3.213143065004302,-192263.06548216374,57417.65437217091,2.6321450164548033,5.845288081459106,7.2470452744811364,2.10985498764834,3.213143065004302,3.3485008676242525,6.779265921727001,0.6895115554373988,3.9269099594646493,0.04699318448345776,-0.21427120937680666,2.7100022837581883,-0.24957926853902437,0.8592743693626644,us_israel_iran,2026-02-28
2026-04-09,4398,-3.5376670889160016,-132590.6322398966,35527.11701550169,2.2701747565312766,5.807841845447278,4.705817970938733,1.7414863509397809,3.5376670889160016,3.7320965892628664,6.160798949516085,0.718968792911958,3.9035132739992195,0.434656502490161,0.2182063581293494,2.3674743281817743,0.36085027288755517,0.8055999378657357,us_israel_iran,2026-02-28
2026-04-10,3477,-2.8480296175319295,-80863.31878768052,26781.595266223554,2.42723558902287,5.275265206554799,3.720356772386079,1.5518843841108148,2.8480296175319295,3.0193615422776485,4.419812688932898,0.6848769440677698,3.8097953831919957,-0.38915662282485514,-0.5853529675060601,1.4032571729917687,-0.3456203075365353,0.5906013425475422,us_israel_iran,2026-02-28
2026-04-11,1989,-2.8937871363804626,-45703.073837699354,14363.505166025663,2.1638417676633788,5.057628904043843,2.128210992314038,1.1404612731940456,2.8937871363804626,3.1818886343844475,3.3002521619090137,0.7003599590674753,3.7422208640525434,-0.3344965352086511,-0.4021149450694672,0.7832066356208492,-0.02477251064676551,0.4355783627392431,us_israel_iran,2026-02-28
2026-04-12,3788,-2.5415739463050544,-78417.50603723244,27975.75413320727,2.421894406626679,4.963468352931734,4.053123800344684,1.6200066263747095,2.5415739463050544,2.8030524454799495,4.117366634435508,0.672068321425082,3.6424317896712375,-0.7552362150158689,-0.8292264695693993,1.2357523047062329,-0.6110478328716824,0.2066518404360995,us_israel_iran,2026-02-28
2026-04-13,5222,-3.861223019784321,-171153.114472799,41694.14076847301,2.061550570582084,5.922773590366405,5.587490096462497,1.8851724104830485,3.861223019784321,4.104968019924188,7.279071107619444,0.7418002414449585,3.69525529757434,0.8211633755692678,0.6385930314637059,2.9868113232097646,0.833976467091636,0.3278344652383116,us_israel_iran,2026-02-28
2026-04-14,4237,-3.458049347269464,-120403.83774356908,31216.87426307628,1.95481699064144,5.412866337910904,4.533549509519648,1.7108294739167325,3.458049347269464,3.8570113307591556,5.916132745567117,0.7346768443391368,3.7111225638383623,0.33954835756189705,0.3590390642846867,2.2319698980297593,0.6863614019497812,0.36423562545351396,us_israel_iran,2026-02-28
2026-04-15,4224,-2.8341724178442913,-97097.88870656407,30963.624116049377,2.2481155093602143,5.082287927204506,4.519639633752889,1.7083125744175092,2.8341724178442913,3.1358696366629553,4.841652379470678,0.6933162644028008,3.6522119362450924,-0.40570987501383005,-0.4539981728297919,1.6368862805645767,-0.17073593670868017,0.22908851455748058,us_israel_iran,2026-02-28
2026-04-16,3747,-3.3107589108605877,-104902.72477126133,29169.966653347907,2.237063385955869,5.547822296816457,4.009254192157215,1.611287040174577,3.3107589108605877,3.5962579600419735,5.334582926212162,0.7126401751914726,3.6425238506124678,0.16360113923066977,0.0650577263149201,1.9098879120226662,0.22970507584331484,0.20686303781663906,us_israel_iran,2026-02-28
2026-04-17,4021,-2.8484429635729467,-84991.07280179767,27583.74122893557,2.0057388799314535,4.8541818435044,4.302431573702739,1.6681655028383564,2.8484429635729467,3.081201788270887,4.7516742886350425,0.7076148601719028,3.580727760228399,-0.3886628563054641,-0.5156323797818465,1.587053366463404,0.12556765475725926,0.06509637497037242,us_israel_iran,2026-02-28
2026-04-18,3376,-3.0725853374196634,-82752.14641605888,24694.03752038256,2.1209996180766852,5.193584955496348,3.6122877375828017,1.528723989355503,3.0725853374196634,3.351098270088677,4.697134914655412,0.7100314314855727,3.557262651432452,-0.12091141126927259,-0.21134281827053894,1.556847614002803,0.1756452127802123,0.011264973231994064,us_israel_iran,2026-02-28
2026-04-19,3078,-4.003297473785215,-100448.82098385434,23719.506536127326,1.8514225002950673,5.8547199740802816,3.293430585390955,1.4570860836283233,4.003297473785215,4.234861329465692,5.8331490376768595,0.7597471748736204,3.622333527728317,0.9908797915624438,0.7850387277448472,2.18601071009093,1.205882975715639,0.16054433578735028,us_israel_iran,2026-02-28
2026-04-20,4359,-4.083302835530806,-147614.7321212525,33653.65240778362,1.8185977687204447,5.901900604251251,4.664088343638458,1.734145953663576,4.083302835530806,4.386291577882681,7.0810430898187535,0.7644455473124531,3.699829856480594,1.086450971836793,0.9557658286689055,2.877136700098301,1.3032453076642772,0.33832897947218443,us_israel_iran,2026-02-28
2026-04-21,3928,-4.035826440864242,-134915.16121821184,30629.203528611688,1.8809161492995086,5.916742590163751,4.202922462448236,1.6492204797270555,4.035826440864242,4.404788426580645,6.655967618897261,0.7587845003038721,3.7752231788118564,1.029737584453048,0.9766197425166758,2.6417155077589203,1.1859338886139716,0.5112891075541943,us_israel_iran,2026-02-28
2026-04-22,3703,-4.102043626069633,-133229.04531874176,30270.628669481404,2.036289646522489,6.138333272592122,3.9621746126389557,1.601844074622032,4.102043626069633,4.401264564850686,6.570834276260715,0.7509010915034305,3.845152128796144,1.1088379648081574,0.9726468328536301,2.594565779293327,1.0225694311325821,0.6717133967608736,us_israel_iran,2026-02-28
2026-04-23,4241,-3.6595648288932088,-132587.11688541653,33316.052267158644,2.09807095352777,5.757635782420979,4.537829471294035,1.7116026318033892,3.6595648288932088,3.9796766982537877,6.263720792388736,0.7329239718271661,3.8557811875894084,0.5802706291963561,0.4973357572840567,2.4244759305426897,0.6500373860068172,0.6960975638651781,us_israel_iran,2026-02-28
2026-04-24,3461,-3.150715807840284,-86521.68319752818,24924.122133732453,2.0253531815656207,5.176068989405905,3.7032369252885298,1.5482509791740273,3.150715807840284,3.4714034353261827,4.8780988345878065,0.718756499274589,3.816592612414193,-0.027579900598359866,-0.07570708959742449,1.657071561784445,0.35645100402132474,0.6061948938133755,us_israel_iran,2026-02-28
2026-04-25,2196,-3.06602046913173,-50702.67527128879,15246.740605638033,1.9384698668999896,5.004490336031719,2.349699014138576,1.208870495274736,3.06602046913173,3.325476348206491,3.7064216830417527,0.7208006656755056,3.76461530140981,-0.12875353830843989,-0.2402297578930825,1.0081570726566407,0.3988113767408933,0.48695353276582337,us_israel_iran,2026-02-28
2026-04-26,1025,-3.4238929143121206,-28552.82947537565,7422.220800270217,1.9086490551708752,5.332541969482996,1.0967402046867214,0.7403838552066195,3.4238929143121206,3.846938839967701,2.5349950357130355,0.7364178007909813,3.770214843300143,0.2987464595331705,0.34768302960940844,0.35938132124852573,0.7224384865528739,0.4997994646415557,us_israel_iran,2026-02-28
2026-04-27,2428,-2.920207280742303,-53853.620589286125,16620.815485568764,1.962634309704788,4.882841590447091,2.597936797053034,1.280360569240935,2.920207280742303,3.2401310655331694,3.738918256272738,0.7132946871288754,3.7136392356905166,-0.30293609570074576,-0.336450644015103,1.0261547755125544,0.24326824252356108,0.37000913260811913,us_israel_iran,2026-02-28
2026-04-28,2294,-3.172187014188295,-58326.65974924442,17068.87519769767,2.1342367452375157,5.306423759425811,2.4545580776110625,1.2396945409666467,3.172187014188295,3.4171355214496963,3.932542924414516,0.7131656868499895,3.6819440377921255,-0.0019312629593129201,-0.1368903981251645,1.1333906744493645,0.24059502575799485,0.29729704991194117,us_israel_iran,2026-02-28
2026-04-29,1868,-3.4729777721668516,-52772.939183062415,13899.833277140135,1.9840232330654324,5.457001005232285,1.998742148638825,1.0981929169570268,3.4729777721668516,3.79665986856501,3.813999590142831,0.7333669170362336,3.6947103424805405,0.35738125220734823,0.2909969770224277,1.0677373610797958,0.6592163472411047,0.3265842815362548,us_israel_iran,2026-02-28
2026-04-30,2340,-3.5646689974309487,-69014.87435832698,17696.474892112525,1.9989635551547225,5.563632552585672,2.5037776380165155,1.253841711590335,3.5646689974309487,3.89992214715528,4.469530676991824,0.7356775997717553,3.7188708770721597,0.4669118940055393,0.4074180332039039,1.4307926786377985,0.7070996222374454,0.382011062427213,us_israel_iran,2026-02-28
