date,N,mean_tone,sum_tone_x_polarity,sum_polarity,mean_pos,mean_neg,relative_N,coverage_scaled,F1_raw,F2_raw,F3_raw,F4_raw,F5_raw,F1_z,F2_z,F3_z,F4_z,F5_z,event_name,event_date
2022-12-16,758,-1.7989737164687287,-12261.213751552375,5497.402136963259,2.726767849525041,4.525741565993771,0.22730126601257578,0.20481766616367278,1.7989737164687287,2.2303650790090126,0.3684615980969138,0.6240242248165382,2.2303650790090126,-1.6374025072226435,-1.7603327796661152,-0.831941406766797,-1.7388439385128138,-3.3917518407550036,israel_hamas_war,2023-10-07
2022-12-17,316,-2.035302145347764,-6280.335652677358,2358.2568128596517,2.7137679350154396,4.749070080363205,0.09475883912925323,0.090534100774337,2.035302145347764,2.6631262627676855,0.18426424953313877,0.636362476389922,2.458134123092525,-1.4023719973963302,-1.3522816409585297,-0.9171343181640566,-1.4850639358097468,-2.9689492471106798,israel_hamas_war,2023-10-07
2022-12-18,663,-3.643423346615861,-25873.616014420615,5905.51225361924,2.6319174772344835,6.275340823850345,0.19881364032498383,0.1813324347114409,3.643423346615861,4.381265316749409,0.6606708261263602,0.7045199108109463,3.167776629976984,0.19691737963414754,0.26775412876099913,-0.6967920407901464,-0.08316401597711744,-1.6516556979442751,israel_hamas_war,2023-10-07
2022-12-19,657,-2.4416252990393694,-16198.023737368756,5157.698572520225,2.7043765228701364,5.146001821909505,0.19701442186050433,0.17983047484118722,2.4416252990393694,3.140552614623591,0.4390786369105055,0.6555100398863581,3.1598603707872797,-0.998280376175194,-0.9021156514125542,-0.7992803984640622,-1.0912262281749685,-1.6663504732190946,israel_hamas_war,2023-10-07
2022-12-20,930,-3.0331793362617776,-27917.601760969843,7291.978016010006,2.4038286200465335,5.437007956308312,0.2788788619943212,0.24598380504962453,3.0331793362617776,3.8285361941128944,0.7461129945315667,0.6934219203986958,3.3231471826662604,-0.40997516203880857,-0.253414950983562,-0.6572742782420378,-0.31143363911360916,-1.3632448082322723,israel_hamas_war,2023-10-07
2022-12-21,943,-2.7401440217931197,-26134.86315438232,7198.893177596303,2.44694452017253,5.187088541965649,0.28277716866736013,0.24902739063307514,2.7401440217931197,3.6304001892564135,0.6823709157059608,0.6794689647981198,3.3887212099691513,-0.7014011224421375,-0.4402376731566858,-0.6867555564255118,-0.5984257699653227,-1.2415212046981565,israel_hamas_war,2023-10-07
2022-12-22,1032,-2.351297840779977,-24706.09402346867,8024.117489951413,2.71200490226089,5.063302743040866,0.3094655758904726,0.26961909664031036,2.351297840779977,3.0789795955016945,0.6339547997634097,0.6512028814834582,3.329349967117143,-1.0881117547643795,-0.9601729391483338,-0.7091484405134446,-1.1798182514960418,-1.351730717877271,israel_hamas_war,2023-10-07
2022-12-23,752,-3.2168547696913325,-24686.458362327638,6149.4846178544485,2.4803256855362807,5.697180455227614,0.2255020475480963,0.20335059477051476,3.2168547696913325,4.014394684499711,0.6541493307070998,0.6966892298408492,3.4496318419118444,-0.22730847667099122,-0.07816871475202142,-0.6998082904037414,-0.24422980604781466,-1.1284541579029699,israel_hamas_war,2023-10-07
2022-12-24,467,-2.616797209094964,-11780.090849885419,3737.980681299841,2.693722039242498,5.31051924833746,0.14003917048532044,0.13106262189095275,2.616797209094964,3.1514584622703357,0.3429643031809137,0.6634631637826436,3.4009567925040116,-0.8240705127114601,-0.8918325120788122,-0.8437341323602193,-0.9276419640762265,-1.2188085658876282,israel_hamas_war,2023-10-07
2022-12-25,611,-2.7113966275951875,-16940.790467833158,5234.641677579399,2.927969180129902,5.639365807725089,0.18322041363282823,0.16823988516693192,2.7113966275951875,3.2362846420591893,0.45616505726862083,0.6582403764670606,3.3756740196644173,-0.7299906355471237,-0.8118497859146327,-0.791377777134194,-1.0350671507959919,-1.2657404129000842,israel_hamas_war,2023-10-07
2022-12-26,673,-3.0052584169177425,-19397.447608436243,5598.214684800057,2.6565198887179915,5.6617783056357345,0.201812337765783,0.18383069893737203,3.0052584169177425,3.4649345729993266,0.5524587552694088,0.6806414212799947,3.388682170595675,-0.43774273930141044,-0.5962554392239586,-0.7468410856678926,-0.5743100346547125,-1.241593672615939,israel_hamas_war,2023-10-07
2022-12-27,723,-3.2742192662766265,-22071.967172976067,5782.422567272872,2.361799472859523,5.63601873913615,0.21680582496977877,0.19622924907326522,3.2742192662766265,3.817079591847562,0.6424975879226799,0.7046945291508208,3.4483832651963366,-0.17025902670713433,-0.26421739763435875,-0.7051973250364144,-0.07957236909734951,-1.1307718629967622,israel_hamas_war,2023-10-07
2022-12-28,798,-2.607884770333347,-19215.367756185977,6302.760392597047,2.645155605182352,5.2530403755157,0.2392960557757724,0.21454352146099512,2.607884770333347,3.0487225531777358,0.5595047821918148,0.6650936984031928,3.3947960404536293,-0.8329340042341444,-0.9887023476017035,-0.743582235570518,-0.894104223501779,-1.230244632435575,israel_hamas_war,2023-10-07
2022-12-29,918,-2.466209267262148,-21621.982672218124,7408.711052882926,2.8021410378737874,5.268350305135936,0.2752804250653622,0.24316609565459862,2.466209267262148,2.9184540357805475,0.5996984785873251,0.6527917670959563,3.333032270528098,-0.9738314234513937,-1.111532718847092,-0.7249922936280829,-1.1471371708229512,-1.3448953402297,israel_hamas_war,2023-10-07
2022-12-30,650,-2.7808240704490563,-19257.293716192755,5202.816811825546,2.6117547431028156,5.392578813551873,0.19491533365194494,0.17807533237299422,2.7808240704490563,3.701320729267772,0.4951961706160384,0.6737074080413052,3.379409848417527,-0.6609444891851295,-0.3733665946139081,-0.7733255401879513,-0.7169326654214396,-1.2588056773543417,israel_hamas_war,2023-10-07
2022-12-31,1123,-2.1295287684100224,-22544.564464541272,8364.695028444163,2.6594987629206184,4.78902753133064,0.33675372260174485,0.29024407965804594,2.1295287684100224,2.695204593577941,0.618083117492499,0.6429496711351871,3.2954271614955184,-1.3086628682721746,-1.32203493698828,-0.7164892346778243,-1.3495748602048059,-1.4147008649322692,israel_hamas_war,2023-10-07
2023-01-01,502,-2.31098777795792,-10317.237025544791,3759.3617289170284,2.588890303169475,4.899878081127396,0.15053461152811748,0.1402267139417868,2.31098777795792,2.744411889439783,0.32406222206267077,0.6542969190236815,3.2292969845169117,-1.128200434154907,-1.2756373073886191,-0.852476512934567,-1.1161783710274746,-1.5374568366983947,israel_hamas_war,2023-10-07
2023-01-02,856,-4.353945819605536,-33934.5097037878,6545.964169587009,1.6466042920588027,6.00055011166434,0.25668850093240747,0.22848008738814438,4.353945819605536,5.18403535745732,0.9947899213467187,0.7846775146507926,3.4592918114849107,0.9035376532166041,1.024687147536238,-0.5422589886198259,1.5655620452607872,-1.1105225719561096,israel_hamas_war,2023-10-07
2023-01-03,1131,-3.288099049687832,-33270.90464863439,8719.172513722682,2.210580233654175,5.498679283342007,0.3391526805543842,0.2920370860146995,3.288099049687832,3.815832820863554,0.9602468649985372,0.7132564769961849,3.500514484254571,-0.1564554712614873,-0.2653929797771783,-0.5582354593009025,0.09653452371615993,-1.034001844417853,israel_hamas_war,2023-10-07
2023-01-04,1177,-3.164908736582011,-33323.000001036184,9095.917764576598,2.281571869846887,5.4464806064288975,0.3529466887820603,0.3022849461818086,3.164908736582011,3.663511573379679,0.9567042671080291,0.7047675495409683,3.5190701260162487,-0.2789692214364359,-0.40901690174106553,-0.5598739423222673,-0.07807044520652837,-0.9995574207028562,israel_hamas_war,2023-10-07
2023-01-05,1182,-2.977908012154331,-34195.11850853874,9636.7726383395,2.5875149610715242,5.565422973225854,0.35444603750245984,0.3033925423270762,2.977908012154331,3.548399427054539,0.9034750826236722,0.6826279088687167,3.5223634031780513,-0.4649429352574834,-0.5175563090397595,-0.5844929134034614,-0.5334508559747292,-0.9934441838000873,israel_hamas_war,2023-10-07
2023-01-06,992,-2.7199290403491596,-25172.50659211592,7755.182180205539,2.5488974658161148,5.268826506165275,0.29747078612727595,0.2604168202955856,2.7199290403491596,3.245894939304799,0.7083152721173517,0.6739591376017717,3.491696576980565,-0.7215050829239095,-0.8027882229058388,-0.6747560609156766,-0.7117549521809804,-1.0503703289104076,israel_hamas_war,2023-10-07
2023-01-07,403,-3.185494076661951,-12873.465820963349,3324.6425691894647,2.5321196728222066,5.717613749484158,0.12084750686420587,0.11408510170929677,3.185494076661951,3.8721352906522672,0.36341741573034103,0.6930664855211399,3.5334401559178774,-0.2584969363335179,-0.21230530054080432,-0.8342743859588305,-0.31874442084393734,-0.9728826548776661,israel_hamas_war,2023-10-07
2023-01-08,724,-2.965179565856162,-21029.61182114795,5701.22891147275,2.454723001238183,5.419902567094344,0.21710569471385865,0.19647565880769646,2.965179565856162,3.6886103237899195,0.5825856086847088,0.6882743211169624,3.5503021978098155,-0.47760147674969966,-0.3853512541058394,-0.7329071481074438,-0.41731231664444174,-0.9415820228065377,israel_hamas_war,2023-10-07
2023-01-09,1128,-2.2216190851928843,-22041.030923413404,8065.376725753512,2.464268793287206,4.685887878480091,0.33825307132214444,0.29136508531741007,2.2216190851928843,2.732796206906778,0.6473022343000112,0.6553545738350772,3.462228829318602,-1.2170783128033054,-1.2865897510511766,-0.7029751333691038,-1.0944239401586842,-1.1050706512938402,israel_hamas_war,2023-10-07
2023-01-10,839,-2.6630194473408246,-24890.233798342684,6814.527716248093,2.7295914183129573,5.392610865653783,0.25159071528304894,0.22441531450690966,2.6630194473408246,3.6525251396360328,0.5976223468130079,0.6639345681280087,3.4825729079289705,-0.7781021276476452,-0.4193760258207571,-0.7259525230324556,-0.9179458580007871,-1.0673063921673276,israel_hamas_war,2023-10-07
2023-01-11,700,-2.817157006257607,-20721.377444229925,5539.603591386293,2.548281205004263,5.36543821126187,0.2099088208559407,0.19054500210483255,2.817157006257607,3.7405884920087527,0.5367951876869994,0.6779919692671391,3.509967451861971,-0.6248110943706563,-0.33634096500038946,-0.7540856249385065,-0.6288054333734903,-1.016454511600409,israel_hamas_war,2023-10-07
2023-01-12,1023,-3.251835848769002,-33220.60156365475,8275.091740494987,2.4186039429151016,5.670439791684103,0.3067667481937533,0.2675559552065905,3.251835848769002,4.014529700146577,0.8700480466924242,0.7010024890123878,3.563210119076722,-0.1925195141712343,-0.07804140830561547,-0.5999532147192419,-0.1555122987331312,-0.917621336611605,israel_hamas_war,2023-10-07
2023-01-13,736,-3.1359751313957953,-21439.805341261315,5737.199459406047,2.3295664148768624,5.465541546272657,0.22070413164281766,0.19942784933834992,3.1359751313957953,3.736980994466054,0.6254007760328127,0.7011502051687648,3.5889074851560365,-0.30774392285634106,-0.3397424795895628,-0.7131047525421084,-0.15247399088686336,-0.8699198894203081,israel_hamas_war,2023-10-07
2023-01-14,765,-4.980956860733325,-40560.6044110972,6856.31870075713,1.990775622415775,6.971732483149099,0.2294003542211352,0.20652653361594214,4.980956860733325,5.915799160067949,1.0286997545377987,0.7778773978257614,3.839559521769103,1.527105140894616,1.7146682829209934,-0.5265753892788544,1.4256934702059263,-0.40464010739962264,israel_hamas_war,2023-10-07
2023-01-15,972,-4.013301382000722,-40000.95578812875,8536.115243819891,2.3843550928576094,6.397656474858331,0.29147339124567767,0.2557837303571372,4.013301382000722,4.68608431886967,1.0265371985355987,0.7284955645443607,3.9258953628296025,0.5647640396504733,0.555168401535157,-0.5275755906570151,0.40998052991618394,-0.24437681230733893,israel_hamas_war,2023-10-07
2023-01-16,674,-2.955222046662994,-18543.431181993976,5196.109793176254,2.3770698321405015,5.332291878803495,0.2021122075098629,0.18408018242987564,2.955222046662994,3.568714272809627,0.5439978134705143,0.6916645085200661,3.8925417743532877,-0.4875043091075176,-0.4984014119414673,-0.7507543464755586,-0.34758106151429524,-0.306290334278133,israel_hamas_war,2023-10-07
2023-01-17,870,-2.2888134401565696,-18374.908358675522,6521.379748663212,2.603512675705171,4.89232611586174,0.2608866773495263,0.23181518565623338,2.2888134401565696,2.8176412150269443,0.5305817125623774,0.6526722694951476,3.779469056167602,-1.1502529901814182,-1.2065892716264912,-0.756959412427243,-1.1495950637647419,-0.5161846977184649,israel_hamas_war,2023-10-07
2023-01-18,920,-2.279825064306527,-19422.337690165557,7004.36507854272,2.6668076192286487,4.946632683535176,0.27588016455352204,0.2436362655856084,2.279825064306527,2.772890543593201,0.5554480648561118,0.6497237105463943,3.6740756123614693,-1.1591920017449715,-1.248784743683086,-0.7454585034062876,-1.210242659863281,-0.7118241954985136,israel_hamas_war,2023-10-07
2023-01-19,1027,-2.9702112700035324,-31737.34400046152,8233.387310564389,2.5233594626439926,5.493570732647524,0.307966227170073,0.2684734324952935,2.9702112700035324,3.8547128664454826,0.7974228148940533,0.685246172640245,3.696423320715408,-0.4725974067922213,-0.22873292922709038,-0.6335430301321489,-0.47959695430448146,-0.67034064319196,israel_hamas_war,2023-10-07
2023-01-20,573,-2.1060188377086977,-11304.784637257455,4242.425835908952,2.6489328463367086,4.754951684045405,0.17182536335779147,0.15856267267822113,2.1060188377086977,2.6646982350453685,0.33393597561777194,0.6422239115876652,3.5857971205411316,-1.332043682103683,-1.350799426051097,-0.8479098141284391,-1.3645026851755007,-0.8756935898441425,israel_hamas_war,2023-10-07
2023-01-21,331,-3.673711259031857,-12058.282493000146,2677.2267522829866,2.207293543116982,5.881004802148838,0.09925688529045196,0.09463439268477618,3.673711259031857,4.5040198715770075,0.3476594338977042,0.7271003802166944,3.685088908977843,0.22703895040949346,0.38349957395988477,-0.8415625926596053,0.3812836047205407,-0.6913804587619719,israel_hamas_war,2023-10-07
2023-01-22,482,-2.706314056905028,-13239.419891329622,3947.868168356884,2.742141901378278,5.448455958283308,0.14453721664651917,0.13500037770312753,2.706314056905028,3.353561802657639,0.36535341986546216,0.6652085783770152,3.65258386085396,-0.7350452926876232,-0.7012689835632001,-0.8333789668334515,-0.8917413084733584,-0.7517188542125509,israel_hamas_war,2023-10-07
2023-01-23,663,-2.104607359957823,-12476.162069572034,4746.444167762287,2.5272168085296007,4.631824168487424,0.19881364032498383,0.1813324347114409,2.104607359957823,2.6285281420373106,0.38163357669277,0.646989475735251,3.545559238816795,-1.3334474079989131,-1.3849042584459723,-0.8258492495550179,-1.2664819182084133,-0.9503862717415352,israel_hamas_war,2023-10-07
2023-01-24,940,-2.1654057115474923,-18965.18101230957,6977.492778078048,2.6287294729911723,4.794135184538665,0.2818775594351204,0.2483258464764458,2.1654057115474923,2.7180509698117574,0.5377262062849614,0.645860514198577,3.456739032079417,-1.2729829618106239,-1.3004930561833017,-0.753655020559324,-1.2897030253583788,-1.1152612393987704,israel_hamas_war,2023-10-07
2023-01-25,926,-3.5645495539265215,-32377.22879311901,7285.616585333515,2.151643465657428,5.716193019583951,0.27767938301800155,0.2450454504733715,3.5645495539265215,4.443992957067871,0.8734766511765799,0.7265266671856339,3.563169798111367,0.11847676292273623,0.3269001104733096,-0.598367454661823,0.3694831568444883,-0.9176961835197919,israel_hamas_war,2023-10-07
2023-01-26,1967,-5.2267167735608755,-113464.43138599259,17605.427333581876,1.8618392069109382,7.088555980471815,0.5898437866051933,0.463635763987429,5.2267167735608755,6.4448552844589155,2.4232928244558063,0.7919824579884979,3.870812879261765,1.7715153368270502,2.213516058784231,0.1184363047935036,1.7158141720684237,-0.3466251973350844,israel_hamas_war,2023-10-07
2023-01-27,2772,-6.538125485685746,-207014.76787895296,27603.09744106888,1.7098509370036072,8.247976422689353,0.8312389305895251,0.6049927490357014,6.538125485685746,7.499693406543171,3.9555185111254,0.8282907631111684,4.254677425302416,3.0757217738746214,3.2081244317677884,0.8271043077960153,2.4626235329710897,0.365933993169227,israel_hamas_war,2023-10-07
2023-01-28,1646,-6.567210333469887,-117051.88713336927,16211.651793758832,1.640954916423874,8.20816524989376,0.4935855987555406,0.4011796712301856,6.567210333469887,7.22023200488626,2.634631282480927,0.8333907101635668,4.576222323554563,3.1046468872659783,2.9446198767139053,0.21618222062645504,2.5675220730150574,0.9628106122073317,israel_hamas_war,2023-10-07
2023-01-29,1799,-6.49871184827165,-124280.49856180532,17517.000917324935,1.6191824075275785,8.117894255799234,0.5394656695997676,0.43143538842592755,6.49871184827165,7.094850262803121,2.803774270527257,0.8337095964720113,4.852110390721118,3.0365245967111165,2.8263972528967565,0.2944123564370669,2.5740811035014826,1.4749354745778749,israel_hamas_war,2023-10-07
2023-01-30,1998,-5.097775949967893,-99846.20491286066,17770.890483813797,1.8982818157602466,6.99605776572814,0.5991397486716707,0.46946582757613314,5.097775949967893,5.6185257009941765,2.3932316051493854,0.7865741690691568,4.931151392405971,1.6432826580493525,1.4343687134701446,0.10453272359195984,1.6045734854601084,1.6216575221285852,israel_hamas_war,2023-10-07
2023-01-31,1436,-3.7723602469112616,-51352.81480381929,11743.093523008,2.202640741101473,5.9750009880127335,0.43061295249875836,0.3581029905437635,3.7723602469112616,4.373022722096591,1.3508934858273327,0.7306508631627151,4.878415603700427,0.3251461566610689,0.2599821744817935,-0.3775579239541667,0.45431190749741474,1.5237652544049356,israel_hamas_war,2023-10-07
2023-02-01,1271,-3.22164011393568,-38420.86868157613,9772.191274227485,2.2334723404465926,5.455112454382271,0.38113444472557234,0.32290522285705153,3.22164011393568,3.931653362424938,1.0402844189556175,0.7095080043925943,4.785220191205282,-0.2225494136044863,-0.15618562559772703,-0.5212173789871236,0.019433859832493555,1.3507686899365319,israel_hamas_war,2023-10-07
2023-02-02,1943,-3.74147182702836,-69992.10342533313,15176.075329868014,2.0345845522264314,5.776056379254791,0.5826469127472754,0.4590987065864703,3.74147182702836,4.612002899562693,1.717704876518438,0.7395111911973926,4.773772206674273,0.2944273764142645,0.4853169253867249,-0.20790439446357656,0.6365560495637959,1.329518051724538,israel_hamas_war,2023-10-07
2023-02-03,1082,-2.8739775166026535,-27960.20806264598,7808.241525137687,2.1712559390820774,5.0452334556847305,0.3244590630944683,0.2810041218113975,2.8739775166026535,3.5808585034967835,0.8075995281586298,0.699125735477889,4.656330670893889,-0.5683026430669701,-0.4869505994689114,-0.6288362097667937,-0.19411440651358297,1.1115139496775848,israel_hamas_war,2023-10-07
2023-02-04,958,-4.828999942846017,-42563.804107667194,7570.56626313682,1.5367350302141622,6.365734973060176,0.28727521482855883,0.2525277478886515,4.828999942846017,5.622274824397499,1.2194564801213315,0.8055373788730074,4.762590222697343,1.3759827725359206,1.4379037672857242,-0.43834870769096707,1.9946193040801095,1.308761184405017,israel_hamas_war,2023-10-07
2023-02-05,946,-3.952113748341073,-34913.0062951924,7675.765482893044,2.080901626301471,6.033015374642544,0.2836767778995999,0.2497284429705135,3.952113748341073,4.548472249836569,0.986955212815576,0.7435392023286204,4.745927008416116,0.5039124493348033,0.4254137849561956,-0.5458826109733579,0.719406416951029,1.2778296315906201,israel_hamas_war,2023-10-07
2023-02-06,2208,-4.715183828291238,-107617.49946117733,19382.317776047854,2.0315199010826093,6.746703729373846,0.662112394928453,0.5080893204574425,4.715183828291238,5.552354507063553,2.3957345471484173,0.7685727788895516,4.842140754297476,1.2627917376818283,1.3719758001350881,0.10569035652000482,1.2343109064173745,1.4564290609668071,israel_hamas_war,2023-10-07
2023-02-07,2245,-3.8664855477710924,-78942.41663451042,18571.832846190082,2.2030228934173675,6.06950844118846,0.6732075754594098,0.5147424881033942,3.8664855477710924,4.250652980150263,1.990244391075507,0.7336942219606186,4.786295134764452,0.418754520045757,0.14459956989866704,-0.08185244585002976,0.5169093994811623,1.352764083677008,israel_hamas_war,2023-10-07
2023-02-08,1358,-3.4832004072339044,-47101.83854452832,11588.3434600893,2.5250947375057646,6.0082951447396695,0.40722311246052495,0.3416183387382001,3.4832004072339044,4.06458772185592,1.1899251366114685,0.7040924213764714,4.715913677531694,0.03757438688702174,-0.030841628088410778,-0.4520072166255119,-0.09195685580465061,1.2221165552465585,israel_hamas_war,2023-10-07
2023-02-09,1449,-3.7931895477718864,-54959.639800475066,12883.59984338126,2.5490918525396107,6.342281400311498,0.4345112591717972,0.36082420525602116,3.7931895477718864,4.26586051015157,1.3686746039602373,0.7133072946046642,4.672296333881956,0.3458610627086358,0.15893877167288056,-0.3693339987269463,0.09757976847718226,1.1411506535930245,israel_hamas_war,2023-10-07
2023-02-10,1006,-5.1059941342556145,-57344.891168740185,9301.486920873474,2.0700083607417157,7.176002494997329,0.3016689625443948,0.26364725842049486,5.1059941342556145,6.165131624283905,1.346181355007621,0.7761187615892912,4.8349893121194,1.6514557079534686,1.9497642197987894,-0.3797373263535287,1.3895208645339931,1.4431539984430375,israel_hamas_war,2023-10-07
2023-02-11,615,-4.955806791416316,-31570.54697393477,5664.3748089911915,2.127279375829396,7.083086167245712,0.1844198926091479,0.16925311262025394,4.955806791416316,5.573527183233376,0.8387857249918051,0.7690342076130943,4.906952904022706,1.5020931961117507,1.3919395467575233,-0.6144123164570248,1.2438018283694405,1.576738408155551,israel_hamas_war,2023-10-07
2023-02-12,1142,-4.138579602145851,-45035.688893491424,9624.405092581126,2.1445478051359728,6.283127407281825,0.3424512477392633,0.29449723220835683,4.138579602145851,4.6793218344692,1.2188002381059158,0.745535067372307,4.884152451282501,0.6893542300499275,0.5487920453283976,-0.43865222545770144,0.760458476326638,1.5344144365482033,israel_hamas_war,2023-10-07
2023-02-13,1430,-3.8061103398122778,-53908.009974033215,11760.14803668933,2.208884703062159,6.014995042874437,0.42881373403427886,0.35684454337992927,3.8061103398122778,4.583956750021421,1.3581897062639396,0.7314060064954665,4.859739552445185,0.35871089357755476,0.4588721708981585,-0.3741833571320199,0.469844114462643,1.4890973172340907,israel_hamas_war,2023-10-07
2023-02-14,1380,-3.4549183469592175,-46124.31700369425,11342.859005472423,2.3822723502422827,5.837190697201501,0.4138202468302831,0.34629543551105313,3.4549183469592175,4.0663748867407525,1.19642245361537,0.7101669127908351,4.787299211068176,0.009447652084834527,-0.029156507764124342,-0.4490021497439892,0.032986653280743836,1.3546279281126714,israel_hamas_war,2023-10-07
2023-02-15,1750,-3.567581667790349,-59751.36303867062,14210.384174538429,2.276318930258663,5.843900598049012,0.5247720521398518,0.42184492488036773,3.567581667790349,4.204767605490259,1.5049662206535968,0.7196727351615002,4.736953584121532,0.1214922243746107,0.10133418454821058,-0.30629791424646574,0.22850768092183033,1.2611724643232813,israel_hamas_war,2023-10-07
2023-02-16,2060,-3.45697567841159,-72209.47941937906,16773.44928938116,2.3427377164692436,5.799713394880831,0.6177316728046255,0.48102496607303286,3.45697567841159,4.304986897661713,1.6628916084232348,0.7122810214723168,4.69624355146604,0.011493684643957133,0.19583109837917648,-0.23325601829877027,0.07647081339127128,1.1856033391888916,israel_hamas_war,2023-10-07
2023-02-17,1531,-3.2403299497495177,-46009.10845510093,12070.060746274032,2.321722923973716,5.5620528737232355,0.4591005781863503,0.3778202035500806,3.2403299497495177,3.8118373570989457,1.2242621211837852,0.7055062214412604,4.614138001851793,-0.20396222263160171,-0.2691603082715066,-0.4361260559729435,-0.06287703180124528,1.033192639705216,israel_hamas_war,2023-10-07
2023-02-18,866,-2.7904873475578826,-21671.64611533466,6966.526417745359,2.6270002163742676,5.417487563932151,0.25968719837320664,0.23086343488358893,2.7904873475578826,3.110825225629225,0.644221494056408,0.6734409588133896,4.45611281405885,-0.6513342829299908,-0.9301456489844226,-0.7044000031224291,-0.7224131409473665,0.7398540100910425,israel_hamas_war,2023-10-07
2023-02-19,1253,-3.0881548898642968,-36106.5027646855,10172.87366228165,2.515329443448398,5.603484333312695,0.37573678933213384,0.3189894343909171,3.0881548898642968,3.5492923595973624,0.9850887816293569,0.6901851043008084,4.366511689593221,-0.3553015349492913,-0.5167143616688712,-0.5467458519913011,-0.3780102681591059,0.5735294422817943,israel_hamas_war,2023-10-07
2023-02-20,2005,-4.307242740487819,-76619.2226236669,16336.546577657678,1.9203303947580048,6.227573135245824,0.6012388368802302,0.4707776027011368,4.307242740487819,4.690050143673174,2.02775341161873,0.7643160123721908,4.410250279510258,0.8570910680657586,0.5589077834106971,-0.06450419035855402,1.1467553713517318,0.654720410675587,israel_hamas_war,2023-10-07
2023-02-21,2388,-3.6410126853934717,-79693.12056009095,19313.676360314614,2.223395742796274,5.864408428189745,0.7160889488628377,0.540047834724037,3.6410126853934717,4.126253286704281,1.9663210169494956,0.7250927821951444,4.389627370184917,0.1945199577970704,0.027302921145126457,-0.09291721908445626,0.3399902149476565,0.6164385643152502,israel_hamas_war,2023-10-07
2023-02-22,1858,-5.336618318035354,-108939.42691771392,17043.54170322298,1.9182198246268307,7.254838142662183,0.5571579845004826,0.4428623549494199,5.336618318035354,6.391830337535605,2.363387355791349,0.7908854570125716,4.60060458870117,1.8808133004747378,2.163518760542179,0.09072949292060954,1.6932504474612524,1.008070866885001,israel_hamas_war,2023-10-07
2023-02-23,2218,-4.671299256885057,-105581.69326034038,18989.63688408525,1.9451521939391763,6.61645145082423,0.6651110923692521,0.5098918433502789,4.671299256885057,5.559963779445716,2.3818573889339096,0.7728051572290544,4.691653699051391,1.2191481809585558,1.3791505939400914,0.09927204746489388,1.3213648119120942,1.177083298578602,israel_hamas_war,2023-10-07
2023-02-24,1499,-3.2845523306259206,-44503.19816133625,12136.38417700874,2.4058840004671405,5.690436331093062,0.449504746375793,0.37122194386596297,3.2845523306259206,3.6669239793548605,1.2192979009044334,0.7028422910727996,4.568014277897113,-0.1599827116924657,-0.4057993392697468,-0.4384220519886998,-0.11767022936962254,0.9475742002239346,israel_hamas_war,2023-10-07
2023-02-25,906,-3.1874711746452955,-25134.254559062072,7027.426959015199,2.2845353613612365,5.472006536006533,0.27168198813640326,0.2403404243336618,3.1874711746452955,3.576594208043438,0.7660781746655657,0.7054698612359062,4.448750300169921,-0.25653069660008354,-0.4909714097467886,-0.6480402049209594,-0.06362490867490138,0.7261871398606878,israel_hamas_war,2023-10-07
2023-02-26,1538,-4.605538188033958,-68054.85244205678,13567.522228163401,2.1079988605224895,6.713537048556448,0.4611996663949097,0.37925778762997836,4.605538188033958,5.016011862563146,1.7466862240391383,0.7610394740497535,4.493996082179167,1.1537482728217823,0.8662575540461033,-0.19450026356399758,1.0793617135567641,0.8101758753007879,israel_hamas_war,2023-10-07
2023-02-27,1645,-4.769355832910158,-79985.79831594776,15134.154146752428,2.21536893666116,6.984724769571318,0.49328572901146067,0.40097887935656207,4.769355832910158,5.2851185167234185,1.9124109571329977,0.7592014812674801,4.57126708619623,1.316666228890057,1.1199986028854607,-0.11785110106038335,1.041556858429659,0.9536123156800028,israel_hamas_war,2023-10-07
2023-02-28,1402,-4.3808933064143,-63620.05177212512,12204.202773613266,2.161979442945942,6.5428727493602405,0.42041738120004124,0.35095075884664984,4.3808933064143,5.212962530389792,1.5374778303123073,0.751635134614139,4.640075193828981,0.9303371440490988,1.0519626202396044,-0.2912610057207285,0.8859280432189622,1.0813392703587867,israel_hamas_war,2023-10-07
2023-03-01,1343,-3.8057805708266326,-50999.7113991722,11191.716722440297,2.263795017058871,6.069575587885503,0.40272506629932625,0.3384168206196996,3.8057805708266326,4.556915856967113,1.2879401607553744,0.7283458129516391,4.635212269009932,0.35838293568781326,0.4333752741879553,-0.406674396513821,0.40690035608607245,1.0723123315380862,israel_hamas_war,2023-10-07
2023-03-02,1293,-3.9806868143009635,-52116.12009747025,11127.851376168283,2.3127700407104177,6.293456855011381,0.38773157909533046,0.3276704565640446,3.9806868143009635,4.683394694602373,1.304353465880469,0.7312678286625108,4.640424772385177,0.5323285916148813,0.5526323509692671,-0.3990830969638482,0.46700199614365534,1.0819881852314672,israel_hamas_war,2023-10-07
2023-03-03,999,-4.041751835877168,-39613.12837736221,8426.558887915808,2.196621022960218,6.238372858837386,0.2995698743358354,0.26203334382378285,4.041751835877168,4.70098517132181,1.0590737484608075,0.7395823810020251,4.652666705963619,0.5930582432343922,0.5692184366099294,-0.5125271470362802,0.6380203209562708,1.1047126133424674,israel_hamas_war,2023-10-07
2023-03-04,805,-3.6813556029756147,-35624.68687072104,7213.97050092876,2.6400492177226047,6.321404820698222,0.24139514398433182,0.21623586326456054,3.6813556029756147,4.938291176285591,0.7960411067932588,0.7053994579000452,4.677451856864154,0.23464131150887999,0.792974607869543,-0.6341820824134421,-0.06507300354140895,1.150720735854366,israel_hamas_war,2023-10-07
2023-03-05,898,-3.851976694233375,-35138.9126647554,7363.326346910061,2.173859284793147,6.025835979026522,0.2692830301837639,0.2384521978936178,3.851976694233375,4.772152015169212,0.9185123089749404,0.7348853567296479,4.688157143032854,0.40432534933557346,0.6363217553917521,-0.5775380625210091,0.5414093201632848,1.1705927196704438,israel_hamas_war,2023-10-07
2023-03-06,834,-2.455518800465798,-18762.19879576562,6156.85345482673,2.4633997453466745,4.918918545812473,0.25009136656264935,0.2232166418931478,2.455518800465798,3.0473680969386723,0.5481126607454659,0.6663108188796504,4.510244464029921,-0.9844631780538561,-0.9899794663254282,-0.7488511930260568,-0.8690698143743392,0.8403373839318886,israel_hamas_war,2023-10-07
2023-03-07,1279,-3.581240779687466,-42821.34865472141,10292.292788533718,2.232949894962255,5.814190674649721,0.3835334026782117,0.32464066355889315,3.581240779687466,4.1605256996212905,1.1626163830819067,0.7225163552635784,4.474774860152095,0.13507632023722593,0.05961842826981563,-0.4646377579332661,0.2869968366097115,0.7744959497922125,israel_hamas_war,2023-10-07
2023-03-08,1089,-3.6908271142469347,-40906.494114834626,9319.737337672968,2.4336210331763337,6.124448147423268,0.32655815130302773,0.2825877317825719,3.6908271142469347,4.389232510821867,1.0429824626166566,0.7156343350561899,4.468013474374036,0.24406080510718686,0.27526640743935654,-0.5199695098057643,0.1454436273526389,0.7619449402593054,israel_hamas_war,2023-10-07
2023-03-09,2191,-3.0078849457034904,-70489.18243786063,18910.928111080742,2.8116504324610663,5.819535378164556,0.6570146092790944,0.5050175551099008,3.0078849457034904,3.727431145833499,1.5190347013310532,0.6742451739366196,4.390981768161918,-0.4351306354486667,-0.34874704551470836,-0.2997911168512055,-0.7058715981742043,0.6189527030552477,israel_hamas_war,2023-10-07
2023-03-10,1283,-2.7944564052654606,-36121.94025024226,10644.442493776125,2.7510346554249954,5.5454910606904555,0.3847328816545313,0.32550725580702605,2.7944564052654606,3.393502315538178,0.9096158359503267,0.6684112423009438,4.275927514488183,-0.6473870233431234,-0.6636090168815365,-0.5816527603928496,-0.825867140286924,0.4053800595083431,israel_hamas_war,2023-10-07
2023-03-11,806,-2.349988143086754,-17736.513510049634,6482.681935526471,2.846520776798106,5.19650891988486,0.24169501372841173,0.21647739275120143,2.349988143086754,2.735983916293931,0.5087193062116578,0.6460884910107888,4.1062628367668275,-1.089414259579465,-1.2835840553138667,-0.7670709697416679,-1.285013871820276,0.09043530448660417,israel_hamas_war,2023-10-07
2023-03-12,919,-4.458558097616838,-41575.97329821213,7861.421649588948,2.0478818051572736,6.5064399027741135,0.27558029480944213,0.24340120825257378,4.458558097616838,5.288607474754394,1.0852184280242352,0.7606026666896897,4.2278620773383615,1.0075753991268657,1.1232883463996028,-0.500435000287568,1.0703772174668285,0.3161572611541403,israel_hamas_war,2023-10-07
2023-03-13,769,-2.5475630064728643,-19357.5816204072,6218.826796807055,2.7696689498240716,5.317231956296936,0.23059983319745486,0.20750171977853824,2.5475630064728643,3.112738504044847,0.5286237050873027,0.6575116992310741,4.108224924913836,-0.892924480119754,-0.9283416160317015,-0.7578650082929805,-1.0500549884015427,0.09407748492798959,israel_hamas_war,2023-10-07
2023-03-14,826,-2.7295276848921386,-22062.375732962704,6592.920241750609,2.6261079745942504,5.355635659486389,0.24769240861001002,0.22129577210921209,2.7295276848921386,3.3463738258578584,0.604032936521676,0.6709856774425538,4.028063612902276,-0.7119591542716581,-0.7080465371614216,-0.7229875682960651,-0.772914730189692,-0.05472416968137304,israel_hamas_war,2023-10-07
2023-03-15,922,-2.4850444886771665,-20694.282561824875,6994.409383733152,2.550541412783516,5.035585901460683,0.2764799040416819,0.24410621456073694,2.4850444886771665,2.9586890652916913,0.6066148031460052,0.6637887413259653,3.9142446958977373,-0.9550996453370935,-1.0735950520134814,-0.7217934320271064,-0.9209453045590476,-0.2660036853369885,israel_hamas_war,2023-10-07
2023-03-16,1298,-3.050655356422714,-35690.208600105994,10278.453141109374,2.4340148260680627,5.4846701824907775,0.38923092781573004,0.3287503046803687,3.050655356422714,3.4723326662219796,1.002903877898766,0.6926238607246936,3.865455164276967,-0.39259512042620104,-0.5892797665502933,-0.5385062115738499,-0.32784857319246813,-0.3565706040987407,israel_hamas_war,2023-10-07
2023-03-17,880,-2.6670548790437314,-21877.059097049885,6351.575487378684,2.275322269216022,4.942377148259753,0.2638853747903255,0.2341906071112529,2.6670548790437314,3.444351584976379,0.6245992013222806,0.6847579626678657,3.821315368085757,-0.774088858592364,-0.6156631680498691,-0.7134754879724775,-0.4896387278388579,-0.4385063227459722,israel_hamas_war,2023-10-07
2023-03-18,647,-3.2204120619099252,-19282.471706324417,5312.804220572608,2.4955159323932663,5.7159279943031915,0.1940157244197052,0.1773221844144342,3.2204120619099252,3.629433893245585,0.5710505015324601,0.6960929216991882,3.804991234265578,-0.22377072115125662,-0.44114879504641374,-0.738242237723238,-0.25649500269277875,-0.4688084480674363,israel_hamas_war,2023-10-07
2023-03-19,1116,-4.322728553558003,-47521.74367631381,9667.824231124916,2.1700981923629854,6.492826745920988,0.33465463439318544,0.2886725575543064,4.322728553558003,4.915453833275198,1.247853107168616,0.7494959026168294,3.923582113784267,0.8724918328329259,0.7714412445038411,-0.42521501520905414,0.8419271328119441,-0.2486708448877913,israel_hamas_war,2023-10-07
2023-03-20,1195,-2.9060496496690553,-32885.93913458236,9722.784014322595,2.615085641409236,5.5211352910782905,0.35834434417549876,0.30626656413333325,2.9060496496690553,3.382358292248209,0.8900258414050184,0.6785871889285443,3.862238010197072,-0.5364066506061052,-0.6741167323696969,-0.5907133070434081,-0.6165626251942354,-0.3625425354233251,israel_hamas_war,2023-10-07
2023-03-21,923,-2.4272539547623517,-21716.559560174268,7316.5806792240855,2.7498511803783496,5.177105135140701,0.2767797737857618,0.2443411062547254,2.4272539547623517,2.9681295829676113,0.5930779164677903,0.6531012571628771,3.7664314353565724,-1.01257279282747,-1.0646935744036123,-0.7280543624713501,-1.1407714074445183,-0.5403861422827813,israel_hamas_war,2023-10-07
2023-03-22,387,-1.6402391248178465,-6082.227386201043,2800.0199810945874,2.797477312390285,4.437716437208132,0.11604959095892721,0.10979529931497889,1.6402391248178465,2.1722085653915126,0.18009054565751448,0.6133514306309272,3.5837063091167622,-1.7952653262653508,-1.8151686394786197,-0.9190646933146595,-1.9583678897926293,-0.8795747164327075,israel_hamas_war,2023-10-07
2023-03-23,1073,-2.751145265657348,-28724.65971657419,8549.81641361492,2.6084983893590805,5.359643655016428,0.3217602353977491,0.2789643599262115,2.751145265657348,3.3596814629647946,0.7674714780981291,0.6726340500919725,3.549152776877033,-0.6904602975638212,-0.6954987471128096,-0.6473957896956296,-0.7390100871422475,-0.9437156672336153,israel_hamas_war,2023-10-07
2023-03-24,2874,-3.724701558740461,-94253.28880722202,22879.79146884971,2.1181279034498304,5.842829462190292,0.8618256444856766,0.6215575356335773,3.724701558740461,4.11949946902032,2.315116321821265,0.7339355298406981,3.608686791874142,0.2777492106754893,0.020934736797750656,0.06840371053485673,0.5218727538182506,-0.8332040037539692,israel_hamas_war,2023-10-07
2023-03-25,1188,-3.839679538864837,-42943.02783799558,9922.760593152283,2.25640627145659,6.096085810321426,0.35624525596693934,0.30472004039595413,3.839679538864837,4.327729912946872,1.1700273041904117,0.7298523303746415,3.6847392469967004,0.3920957301171417,0.21727551999793226,-0.4612101410305703,0.4378872421458852,-0.6920295284945196,israel_hamas_war,2023-10-07
2023-03-26,1925,-3.1339427248314338,-58853.64883514995,16961.767177587437,2.8386824499446552,5.972625174776089,0.5772492573538369,0.4556823534199386,3.1339427248314338,3.469782848624209,1.4280823963344829,0.6778364153374317,3.654704565489174,-0.30976516741528803,-0.5916839932076617,-0.34185736656308224,-0.6320049528894311,-0.7477822375237914,israel_hamas_war,2023-10-07
2023-03-27,3218,-3.4611620207363503,-104187.70635933403,27621.115055352904,2.561077637138491,6.022239657874842,0.9649808364491674,0.6754824928304974,3.4611620207363503,3.7720311490155685,2.337954349857232,0.7016214653247871,3.6580812067401074,0.015657035517835764,-0.30669363876796574,0.07896650155289697,-0.14278085057781215,-0.7415142537227194,israel_hamas_war,2023-10-07
2023-03-28,2155,-3.3166616621835856,-71084.56882052825,17806.474969265288,2.473101876394353,5.7897635385779385,0.6462192984922175,0.4984813245421311,3.3166616621835856,3.99206294020704,1.65329389842338,0.7006968222049099,3.684736968463546,-0.12804972503497428,-0.09922534836413557,-0.23769504450631157,-0.16179942319048285,-0.6920337580847669,israel_hamas_war,2023-10-07
2023-03-29,2370,-2.386803607490631,-53219.73901516843,18777.28408194295,2.7680505342173323,5.154854141707963,0.7106912934693992,0.5368975540081974,2.386803607490631,2.8342618018090717,1.2814690187596616,0.6506268032444731,3.5901761037572437,-1.0528009862234922,-1.1909176965939732,-0.4096673572213361,-1.1916673482807265,-0.867564981021346,israel_hamas_war,2023-10-07
2023-03-30,1911,-3.449233074975435,-63709.83779533808,15587.075624518051,2.3536345416640487,5.8028676166394835,0.5730510809367181,0.4530170971259473,3.449233074975435,4.087350272114175,1.5625615549361767,0.7114407014202789,3.636601868376427,0.003793603694686955,-0.009378786915601582,-0.27965956006444276,0.05918664441406885,-0.7813858701948786,israel_hamas_war,2023-10-07
2023-03-31,2023,-2.7312057997348225,-53891.42068728828,16121.160594115143,2.618865857946514,5.350071657681337,0.6066364922736687,0.474142858475509,2.7312057997348225,3.342899561893873,1.2949817249711573,0.6713657431984293,3.5997316170286715,-0.7102902556592743,-0.7113224256187968,-0.403417610457937,-0.7650973268907098,-0.8498272949761734,israel_hamas_war,2023-10-07
2023-04-01,1317,-4.266079552249572,-55891.07339448359,11436.091476742035,2.208680602289047,6.474760154538619,0.3949284529532484,0.33284312575248726,4.266079552249572,4.887253088885408,1.4199352528795188,0.7456445360610777,3.728201906642697,0.8161539486358161,0.7448507223116468,-0.3456254928467198,0.7627100890423376,-0.6113507633052075,israel_hamas_war,2023-10-07
2023-04-02,2044,-3.2411247762878204,-60025.58796993207,16325.207454226254,2.3728836623028244,5.614008438590645,0.6129337568993468,0.47805473004143834,3.2411247762878204,3.6768652489247664,1.5494350299588913,0.7029027521183895,3.717019525413133,-0.20317176129181777,-0.39642570198331845,-0.28573069457350764,-0.11642663304465144,-0.6321083680359261,israel_hamas_war,2023-10-07
2023-04-03,2166,-2.810092976610613,-63506.40163583051,17035.941273153345,2.5275345996802296,5.337627576290843,0.6495178656770965,0.500483042593044,2.810092976610613,3.727789419884253,1.406403882903423,0.6786417694727106,3.7218541380697445,-0.6318363282675523,-0.3484092284001747,-0.3518838717671847,-0.6154399822846082,-0.623133984450545,israel_hamas_war,2023-10-07
2023-04-04,1724,-2.7827246385247095,-47537.14491541777,13224.026073017574,2.443912063863392,5.2266367023881015,0.516975438793774,0.41671850959180123,2.7827246385247095,3.5947558370603185,1.1596128639704009,0.6813901927570036,3.7060198468516945,-0.659054359056058,-0.4738467837885247,-0.46602691222642845,-0.5589088875530258,-0.6525268258809916,israel_hamas_war,2023-10-07
2023-04-05,2881,-4.429529461922853,-133532.24058844484,25614.676100818448,2.2306840890348334,6.660213550957685,0.863924732694236,0.6226843359922453,4.429529461922853,5.2131145466320445,2.7581986117555193,0.7491047384236098,3.861279201078283,0.9787061891080755,1.0521059565717,0.2733332090449531,0.8338814506970843,-0.3643223513937746,israel_hamas_war,2023-10-07
2023-04-06,2497,-4.469973924975173,-108991.79691787832,21533.539404793675,2.0768951770385806,6.546869102013754,0.7487747509675484,0.5589154004170783,4.469973924975173,5.061490118694337,2.498337266131398,0.7591660544243435,3.988667626564178,1.0189285306009126,0.9091390667538516,0.153145026283661,1.0408281794678549,-0.1278540599610065,israel_hamas_war,2023-10-07
2023-04-07,3276,-5.7903458109490575,-193209.37716186294,30196.353626690194,1.7135501755221436,7.503895986471201,0.9823732816058025,0.6842947540001604,5.7903458109490575,6.3984340477152015,3.9623032622792445,0.8140970779316627,4.246238988508031,2.332048915620752,2.1697454083091414,0.8302423155274448,2.1706799426011343,0.35026991125973916,israel_hamas_war,2023-10-07
2023-04-08,2612,-5.481617769623923,-151563.29455422118,25290.655730552113,2.1004345551865296,7.582052324810452,0.7832597715367388,0.5784430217834501,5.481617769623923,5.992857447785616,3.1708035469231177,0.7830686908003138,4.43888690153809,2.025016413037385,1.7873266525486748,0.4641666600033141,1.5324708638486637,0.7078779330917588,israel_hamas_war,2023-10-07
2023-04-09,3346,-3.699575137810357,-120138.83583846742,29309.857094198145,2.5300476215010006,6.229622759311357,1.0033641636913966,0.6948278492904042,3.699575137810357,4.098922606560534,2.570567836293021,0.7111709103754692,4.398320443556568,0.25276078440225586,0.0015327837741008544,0.18655230718066124,0.05363743254447338,0.6325753224206531,israel_hamas_war,2023-10-07
2023-04-10,2570,-3.529811192514285,-85420.11645989613,21442.606599155504,2.406807749882061,5.936618942396347,0.7706652422853822,0.5713553190734982,3.529811192514285,3.98366290333659,2.0167764001682045,0.71153246278181,4.361664364990257,0.0839291850795826,-0.10714575513537761,-0.06958115575030902,0.06107404300039988,0.5645314617940786,israel_hamas_war,2023-10-07
2023-04-11,2073,-3.4056242098919287,-71173.83775281634,17817.692839276973,2.5947500849423553,6.000374294834285,0.6216299794776644,0.4834318035758207,3.4056242098919287,3.9945596994422377,1.6463870540895345,0.6981137246777359,4.328533501543873,-0.039575760888909524,-0.09687115051267296,-0.24088952141901396,-0.21493000603924203,0.5030313793260199,israel_hamas_war,2023-10-07
2023-04-12,1281,-2.448304484925026,-30053.388098439515,10091.608109030705,2.714804864887489,5.163109349812515,0.38413314216637146,0.3250740535557222,2.448304484925026,2.978057389242608,0.7958802632532329,0.6553904001871808,4.1935928517818155,-0.9916378724722894,-1.0553326316771967,-0.6342564739807535,-1.0936870438748307,0.2525440625046455,israel_hamas_war,2023-10-07
2023-04-13,1495,-2.7259424647094597,-36579.443123040335,11617.98945123282,2.5226439687264803,5.24858643343594,0.44830526739947335,0.37039409177136606,2.7259424647094597,3.1485175018091263,1.0096729834370595,0.6753868000073026,4.087297049226854,-0.7155246843747077,-0.894605547901174,-0.535375440078717,-0.6823899998634039,0.05522953631615946,israel_hamas_war,2023-10-07
2023-04-14,1863,-3.297197623800134,-58813.04168820764,15273.565884544818,2.4505868790674095,5.747784502867543,0.5586573332208822,0.44382476682768573,3.297197623800134,3.8506424847206127,1.4633779665678939,0.7010885741932528,4.065875332152413,-0.14740686664607985,-0.23257089797322897,-0.32553285151953565,-0.15374165097946338,0.015464880957340596,israel_hamas_war,2023-10-07
2023-04-15,1258,-3.0126035206013855,-35481.10073040009,10333.142422158955,2.600670585549449,5.613274106150834,0.3772361380525334,0.32007869237361,3.0126035206013855,3.4337183482841076,0.9642701955142252,0.6833834797819766,4.001578795688634,-0.4304379750304249,-0.6256892621249981,-0.5563746331662297,-0.5179098542964133,-0.10388734484058287,israel_hamas_war,2023-10-07
2023-04-16,936,-2.187094045382279,-19916.85868694279,7318.544236568731,2.815931736159679,5.003025781541957,0.2806780804588007,0.24738968802177863,2.187094045382279,2.7214235568084404,0.5410645135614117,0.6398584172142407,3.861446751034474,-1.251413740610062,-1.297313039083722,-0.7521110237632952,-1.41315748564794,-0.3640113321491375,israel_hamas_war,2023-10-07
2023-04-17,1608,-1.8034368333959618,-27629.12151265168,12786.21076943554,3.0740933897185427,4.877530223114504,0.4821905484805038,0.3935210938318216,1.8034368333959618,2.1608529697239924,0.7096904353345755,0.6134005406446434,3.6846416161264726,-1.6329639017962987,-1.8258758468639718,-0.6741200357012248,-1.9573577677879415,-0.6922107585001958,israel_hamas_war,2023-10-07
2023-04-18,2552,-2.7503475134472017,-59694.83989669874,19285.76514952911,2.403385245927087,5.1537327593742885,0.7652675868919439,0.5683022861982516,2.7503475134472017,3.0952798312052594,1.5630287797317213,0.681970660741159,3.626407624217515,-0.6912536685076177,-0.9448034236056673,-0.27944346444243845,-0.5469695000545762,-0.8003092181325867,israel_hamas_war,2023-10-07
2023-04-19,1804,-3.142186819484745,-54709.59550679653,14496.094994359762,2.446671278273083,5.588858097757828,0.5409650183201672,0.43240885544447316,3.142186819484745,3.7740919556669095,1.358709406206108,0.6955183456150094,3.6500224500359706,-0.30156634944567373,-0.30475050123092456,-0.373942991288149,-0.2683132023241259,-0.7564735439536093,israel_hamas_war,2023-10-07
2023-04-20,1624,-2.138816187679556,-33918.043969845006,12373.981430854248,2.7403152530981054,4.8791314407776625,0.4869884643857824,0.39675290980554834,2.138816187679556,2.7410776522802207,0.8485815460010737,0.6403524608551078,3.5557117339401554,-1.2994264556397928,-1.2787811643719647,-0.6098816621462376,-1.4029957219840241,-0.9315404216068514,israel_hamas_war,2023-10-07
2023-04-21,1366,-2.9003454525530716,-46957.758480100885,11933.432935095383,2.9178481138023002,5.818193566355372,0.4096220704131643,0.3433216332942626,2.9003454525530716,3.934974850531186,0.9957513378881077,0.665998833266826,3.592619009355425,-0.5420795201913621,-0.15305378971497374,-0.5418143249215424,-0.8754869075252598,-0.8630302698752583,israel_hamas_war,2023-10-07
2023-04-22,670,-3.3577214010962493,-22022.03371425167,5642.013678466058,2.5315972684563968,5.889318669552646,0.20091272853354325,0.18308187479024446,3.3577214010962493,3.903222319063747,0.6147379291360276,0.6993679444026202,3.62133499935164,-0.08721548678546537,-0.18299329701921968,-0.7180364140345421,-0.18913251899026678,-0.8097254184705491,israel_hamas_war,2023-10-07
2023-04-23,1065,-3.3674134137573684,-33980.2214010687,8813.899421346472,2.4542742421102703,5.821687655867638,0.3193612774451098,0.27714773876682147,3.3674134137573684,3.8552994283973403,0.9332710131159176,0.7034454396521653,3.6468604555586324,-0.07757670279409101,-0.2281798591243162,-0.5707120306371392,-0.10526433480738324,-0.762343083738908,israel_hamas_war,2023-10-07
2023-04-24,1620,-3.159538960151169,-45905.835469765916,12259.294056706549,2.2039632534758193,5.363502213626988,0.48578898540946275,0.3959459344690697,3.159538960151169,3.744574137582804,1.2510066060684875,0.7087580692562311,3.6564801925585226,-0.2843095069796536,-0.3325828940919704,-0.4237564939303123,0.004008777939695846,-0.7444861806198055,israel_hamas_war,2023-10-07
2023-04-25,1436,-2.4964558968596466,-32869.363506119225,10968.750041069354,2.570974712109645,5.067430608969292,0.43061295249875836,0.3581029905437635,2.4964558968596466,2.996637117542954,0.8939883224260526,0.66341473068799,3.5849986511396263,-0.9437509087687255,-1.037813779306968,-0.5888806243410215,-0.9286381628341309,-0.8771757707755349,israel_hamas_war,2023-10-07
2023-04-26,1301,-1.8495511091295702,-23469.67264289617,9628.691818950974,2.7757209169767108,4.625272026106281,0.3901305370479698,0.32939765427848927,1.8495511091295702,2.437472616654288,0.6092377968154585,0.6249529031680926,3.4680547814842058,-1.5871028863131011,-1.5650507864035086,-0.72058027413412,-1.71974236701656,-1.0942560663006224,israel_hamas_war,2023-10-07
2023-04-27,1584,-2.727305659711791,-42927.842547127584,12614.149805277224,2.6180863763553486,5.345392036067139,0.4749936746225858,0.3886537013911207,2.727305659711791,3.4031498919703966,1.05997743947194,0.6712383407392288,3.4577857994996455,-0.7141689760584875,-0.6545123032744063,-0.5121091819089741,-0.7677178113449277,-1.1133181483962342,israel_hamas_war,2023-10-07
2023-04-28,1195,-2.350999703453828,-26816.55995697262,8986.912304129864,2.5847145014654975,4.935714204919326,0.35834434417549876,0.30626656413333325,2.350999703453828,2.983957008754751,0.7200326014552892,0.6563075587338416,3.4084206620463124,-1.0884082547161433,-1.049769872006926,-0.6693366919188758,-1.074822418115956,-1.2049535514197685,israel_hamas_war,2023-10-07
2023-04-29,981,-2.46050606245202,-21513.42925938931,7249.256633877494,2.464577057396567,4.925083119848587,0.2941722189423969,0.25787127759576606,2.46050606245202,2.9676738382873573,0.6344938418566302,0.6664830319280859,3.3537451132641527,-0.9795033061805526,-1.0651232967140154,-0.7088991287527424,-0.865527640863163,-1.3064465524860063,israel_hamas_war,2023-10-07
2023-04-30,963,-1.7071337138806575,-15060.710415820284,6897.516572113468,2.72769823761495,4.434831951495608,0.2887745635489584,0.25369181614718667,1.7071337138806575,2.1834975325337322,0.43308585228047575,0.6191711356746581,3.2284732397610196,-1.7287381232257977,-1.8045242562250052,-0.8020521146369051,-1.8386649681148852,-1.5389859357060913,israel_hamas_war,2023-10-07
2023-05-01,1321,-2.1925084171703744,-26373.365803813904,10144.812289216994,2.743568762352358,4.936077179522731,0.3961279319295681,0.33370264192468724,2.1925084171703744,2.599689876159303,0.7316458512518682,0.6427480142811793,3.159364979550467,-1.2460291046279193,-1.4120959005606106,-0.6639654606353178,-1.353722650242219,-1.6672700569168524,israel_hamas_war,2023-10-07
2023-05-02,2383,-5.96838720678546,-189545.24957793253,23558.819030828286,1.9589073262816894,7.9272945330671485,0.7145896001424381,0.5391737517725488,5.96838720678546,8.045617623273047,3.2179977223137994,0.8018544073698781,3.672570104938461,2.509112505609058,3.7228771560067915,0.48599438572181436,1.9188659031658566,-0.7146188353309807,israel_hamas_war,2023-10-07
2023-05-03,1952,-4.400048306461694,-87927.0960158639,15958.473481610428,1.8876995869357585,6.2877478933974515,0.5853457404439947,0.46080251631398633,4.400048306461694,5.509743530118073,2.0275533315206427,0.7691013743924362,3.8579255794716447,0.9493869445670321,1.3317978490697222,-0.06459672918281836,1.2451833519460649,-0.37054760434284717,israel_hamas_war,2023-10-07
2023-05-04,1824,-3.9774133341773923,-76063.84618674853,15584.104436229103,2.283251785824985,6.260665120002377,0.5469624132017655,0.4362932747228896,3.9774133341773923,4.880860911706888,1.7353186884947414,0.7327628755064673,3.9592215888410505,0.5290730894901536,0.7388235293137411,-0.1997578498212922,0.4977529489706319,-0.182514082669457,israel_hamas_war,2023-10-07
2023-05-05,1208,-2.3979364766700333,-29811.39761681376,9145.631684778129,2.5864753398016265,4.984411816471659,0.3622426508485377,0.30913234960400243,2.3979364766700333,3.2596324282806473,0.7412797372341505,0.6583656199843824,3.871928657201633,-1.0417292589180827,-0.7898351249156464,-0.6595097027142655,-1.0324910726559553,-0.344554003644978,israel_hamas_war,2023-10-07
2023-05-06,865,-4.202487345684989,-40875.72721785349,7551.070322309667,2.2635368602844816,6.46602420596947,0.2593873286291267,0.23062535558717906,4.202487345684989,5.413236200050474,0.9692001384492208,0.7407043901629047,4.022858456166981,0.7529109913633995,1.2408009496119543,-0.5540944907269958,0.6610984277842377,-0.06438638597096273,israel_hamas_war,2023-10-07
2023-05-07,803,-3.159254308510587,-24449.22795906672,6403.404484928783,2.4075487392246453,5.566803047735233,0.24079540449617198,0.2157526292113186,3.159254308510587,3.818160795028809,0.6816174234083454,0.698088471195664,4.000838184412356,-0.2845925953094252,-0.26319792960940763,-0.6871040533124093,-0.21544943366724598,-0.10526212502527628,israel_hamas_war,2023-10-07
2023-05-08,1268,-2.139983967011477,-25579.870124614838,9448.344395462851,2.655695869594754,4.795679836606232,0.3802348354933326,0.3222536553390736,2.139983967011477,2.707338879063134,0.68961765573646,0.6435965687000991,3.864439761105795,-1.2982650897683745,-1.3105935018608703,-0.6834038747311167,-1.3362691122391768,-0.35845547434567765,israel_hamas_war,2023-10-07
2023-05-09,2744,-4.307811116167771,-119489.12166660091,22776.883505750375,1.9964012031680056,6.304212319335777,0.8228425777552876,0.6003971385697697,4.307811116167771,5.24606984254163,2.5863974676461754,0.7594875128500364,4.009514227491569,0.857656322218488,1.0831795521875456,0.19387365242170654,1.047440114688664,-0.08915697987167949,israel_hamas_war,2023-10-07
2023-05-10,2378,-4.794090135055732,-114961.39474233323,20271.72696444595,1.8653029064935704,6.659393041549301,0.7130902514220385,0.5382989041316039,4.794090135055732,5.671021267401688,2.5806534660086333,0.7811883358817258,4.190536810463543,1.341264689900636,1.4838668580672116,0.19121700059480248,1.4937946808024842,0.24687120120407302,israel_hamas_war,2023-10-07
2023-05-11,2694,-4.761390854005838,-128460.69387848226,22832.263390817927,1.856918416875687,6.618309270881525,0.8078490905512918,0.5921377908709335,4.761390854005838,5.626279430980249,2.8193994617640845,0.7809004683664045,4.347794499854558,1.3087449937618183,1.4416797165563464,0.30163914630664757,1.4878736620599298,0.5387851406622207,israel_hamas_war,2023-10-07
2023-05-12,2385,-3.7242646247291478,-95925.62777323139,18543.476392089524,2.0253889438386805,5.749653568567828,0.7151893396305979,0.5395234766410048,3.7242646247291478,5.173012101126431,2.009328198264977,0.7395012386611648,4.43761903929594,0.2773146763119067,1.0142933033864043,-0.07302601535202512,0.6363513402777372,0.7055244287052357,israel_hamas_war,2023-10-07
2023-05-13,2101,-4.752560933318864,-112508.23305555448,17871.364194863923,1.876780979048309,6.629341912367174,0.630026332311902,0.48859616948076157,4.752560933318864,6.295447388839425,2.32208306724351,0.7793611727685728,4.639205757960952,1.2999635671233511,2.072639140457299,0.0716258922335205,1.4562125763173395,1.0797253559592728,israel_hamas_war,2023-10-07
2023-05-14,2328,-3.558159806923865,-86111.11907441377,19476.284306841153,2.4039708497256007,5.9621306566494665,0.6980967642180428,0.5295080734374407,3.558159806923865,4.421332001410904,1.8840743443467916,0.7126533968188473,4.626806117831062,0.11212210850041861,0.30553306299526234,-0.13095703641296463,0.08413003608478002,1.0567081806961962,israel_hamas_war,2023-10-07
2023-05-15,1607,-3.373855654185669,-53320.76917601976,12853.243708047094,2.3122145836249914,5.686070237810661,0.4818906787364239,0.3933187581182457,3.373855654185669,4.1484290181658166,1.3270007159745287,0.7109111971821529,4.5899447862324845,-0.0711698432407607,0.04821245003577501,-0.3886085424401342,0.04829550751483509,0.9882833134462466,israel_hamas_war,2023-10-07
2023-05-16,1358,-2.927722688342532,-39087.4991935543,10679.408603476599,2.4681742241190867,5.395896912461619,0.40722311246052495,0.3416183387382001,2.927722688342532,3.660080875717188,1.000163761077713,0.6861454860653451,4.500077506005436,-0.5148526405656123,-0.41225171147049267,-0.5397735399657855,-0.4610993769050113,0.8214646866365999,israel_hamas_war,2023-10-07
2023-05-17,1398,-2.3479999369233537,-31625.536679024128,9992.649541036277,2.39990902332526,4.747908960248614,0.4192179022237216,0.35010594680007373,2.3479999369233537,3.1648799999588935,0.8220487410030641,0.6642459238832887,4.363193385550697,-1.0913915464866741,-0.8791773250089921,-0.6221533203592416,-0.9115417201092364,0.5673697485388417,israel_hamas_war,2023-10-07
2023-05-18,1590,-2.375845270491137,-35674.561330790435,11399.638476527041,2.3968693385050734,4.77271460899621,0.4767928930870653,0.3898727723815405,2.375845270491137,3.129446728003507,0.9262773823559506,0.6656892009277021,4.241963485992417,-1.0636991398821785,-0.912587407780172,-0.5739466470435352,-0.8818555972372865,0.3423333913520051,israel_hamas_war,2023-10-07
2023-05-19,1333,-2.2912924161725376,-29659.453351108677,10620.36768741692,2.837987583142884,5.129279999315422,0.3997263688585271,0.3362767667028753,2.2912924161725376,2.792695528446665,0.7705084052813199,0.6437941171460918,4.090728458635377,-1.1477876287365691,-1.2301105951576743,-0.6459911838722839,-1.3322058262168548,0.061599185025960145,israel_hamas_war,2023-10-07
2023-05-20,617,-2.102127307749038,-13114.159411847271,4792.205061289026,2.832408843118209,4.934536150867248,0.18501963209730773,0.1697593416205843,2.102127307749038,2.7365605695345128,0.35685574776612805,0.6353252346564111,3.948868786294349,-1.3359138397261132,-1.283040328149117,-0.8373092157316374,-1.5063984991689496,-0.2017317590040344,israel_hamas_war,2023-10-07
2023-05-21,845,-2.8604063722838604,-21945.773295048573,6484.489756132414,2.4067730009186703,5.267179373202531,0.25338993374752844,0.22585182761895856,2.8604063722838604,3.3843485178296944,0.646028006913225,0.6863711313827007,3.889815935498947,-0.5817992544704379,-0.6722401458243037,-0.7035644748645643,-0.4564581788464497,-0.3113502481136983,israel_hamas_war,2023-10-07
2023-05-22,1412,-3.0551598528143846,-42028.49457424783,10776.732692133555,2.28854354814435,5.343703400958734,0.4234160786408404,0.3530596717591257,3.0551598528143846,3.8999292062729185,1.0786537348063054,0.7001481263111786,3.8916852101334483,-0.3881153627920188,-0.1860983777765073,-0.5034712292671163,-0.17308530470830483,-0.3078803553243568,israel_hamas_war,2023-10-07
2023-05-23,1233,-2.0501030221255396,-26463.734611364547,8966.497307548765,2.6109976809683593,4.6611007030939,0.36973939445053555,0.3146204987165323,2.0501030221255396,2.95140161243177,0.6450044352414074,0.6409567716120704,3.7974070375220803,-1.3876524072418273,-1.0804664017309897,-0.7040378858632883,-1.3905659231082814,-0.48288682323365895,israel_hamas_war,2023-10-07
2023-05-24,1314,-2.509596212598522,-30641.735098506193,9775.706764964076,2.4650294298362314,4.974625642434754,0.39402884372100866,0.3321980034592828,2.509596212598522,3.1344777247539297,0.8336828513142068,0.6686634788991943,3.7349633133218396,-0.9306827598285596,-0.9078436737534415,-0.6167724409022284,-0.8206789980120571,-0.5987997149740855,israel_hamas_war,2023-10-07
2023-05-25,1446,-2.3841540261527068,-30446.354923214458,10008.309320695655,2.2686108571503594,4.652764883303067,0.43361164993955753,0.3601968895584383,2.3841540261527068,3.0421077074682383,0.8587648644484326,0.6722312236437347,3.6636838991543774,-1.055436016023472,-0.9949394950757261,-0.6051717868251194,-0.7472956449876719,-0.7311141008236441,israel_hamas_war,2023-10-07
2023-05-26,1169,-3.188409138817274,-33682.26731617488,9270.034365485486,2.370737417539817,5.559146556357091,0.350547730829421,0.30051023670589316,3.188409138817274,3.6334565750459213,0.9581495850212121,0.7010375655755291,3.664248024713076,-0.25559788374051934,-0.4373558026272951,-0.5592054699371937,-0.15479082452458037,-0.7300669271380424,israel_hamas_war,2023-10-07
2023-05-27,691,-3.3912599089639217,-23746.975369922755,5876.50240117812,2.55654254998846,5.947802458952381,0.20720999315922145,0.1883119064021351,3.3912599089639217,4.041004963285979,0.6386146185621272,0.6993839564010279,3.7078511841137933,-0.05386117287434653,-0.053077844850625805,-0.7069932328888953,-0.1888031753247542,-0.649127355389431,israel_hamas_war,2023-10-07
2023-05-28,818,-3.492692027986188,-28613.02328867805,6959.709055808444,2.5077548758653663,6.000446903851554,0.2452934506573707,0.21937120548225658,3.492692027986188,4.111238423795626,0.7661960605575975,0.7052544191131298,3.7588358471062673,0.047013879524740114,0.013145385447952185,-0.647985681647779,-0.06805624176738612,-0.5544856632488783,israel_hamas_war,2023-10-07
2023-05-29,1236,-3.027137400708064,-34964.021632788965,9927.709620021918,2.5024950617907584,5.529632462498821,0.3706390036827753,0.31527705714303916,3.027137400708064,3.52186183631666,0.9543869712628673,0.6884393264146914,3.7402311358707654,-0.41598391519754907,-0.5425786412764374,-0.5609457122535796,-0.4139183961481196,-0.5890211735331018,israel_hamas_war,2023-10-07
2023-05-30,1308,-2.5610369831807978,-33583.7779752298,10134.713446026659,2.5936074434350824,5.15464442661588,0.3922296252565292,0.3309065089805062,2.5610369831807978,3.3137373004262307,0.8474638074743253,0.6652654705947209,3.671449967906728,-0.8795245026812614,-0.7388195636379855,-0.6103986261525985,-0.8905711177800294,-0.7166981207060383,israel_hamas_war,2023-10-07
2023-05-31,1405,-2.310747431803989,-31528.160666682328,10728.592803815367,2.66263084061593,4.973378272419919,0.421316990432281,0.351583899840595,2.310747431803989,2.9387041938501097,0.8124215936202859,0.6513059634684816,3.5839768391672058,-1.128439460324383,-1.0924388158599394,-0.6266059616181109,-1.1776980040458838,-0.8790725375372105,israel_hamas_war,2023-10-07
2023-06-01,1640,-1.8143569164989322,-30757.173719061306,13098.311772882635,3.0862092773854837,4.900566193884416,0.4917863802910611,0.3999743147821814,1.8143569164989322,2.3481784715750713,0.7256961644469718,0.6135850709103788,3.446410276833122,-1.6221037919431989,-1.6492463634259928,-0.6667172436808566,-1.953562246918668,-1.1344342772662421,israel_hamas_war,2023-10-07
2023-06-02,1120,-2.1082004277921462,-22087.126791074395,8198.533584131164,2.6059594218767685,4.714159849668914,0.3358541133695051,0.2895708725723617,2.1082004277921462,2.694033825003239,0.6104734374331979,0.6440004151289592,3.3680491163115267,-1.3298740733436325,-1.3231388563507351,-0.720008779362416,-1.3279625748665038,-1.2798943508369156,israel_hamas_war,2023-10-07
2023-06-03,1314,-4.082099235982153,-46741.09032453756,10215.052823132673,1.845956783505373,5.928056019487527,0.39402884372100866,0.3321980034592828,4.082099235982153,4.575707158233114,1.356065216115935,0.7625477561865216,3.484189670735588,0.6331840548509655,0.4510936190098995,-0.37516595271417424,1.110384897228243,-1.0643052314490387,israel_hamas_war,2023-10-07
2023-06-04,1014,-3.626376094129246,-37250.34258086419,8255.831580951784,2.257734823227183,5.884110917356429,0.3040679204970341,0.2654885484187502,3.626376094129246,4.512003692857521,0.9627613252508306,0.7226998772559221,3.5908028167346178,0.17996375089776817,0.39102753045648214,-0.5570724990783159,0.29077161875255036,-0.8664016277071566,israel_hamas_war,2023-10-07
2023-06-05,1363,-2.770693537079549,-35285.193032630865,10251.88334812275,2.375432155936656,5.146125693016205,0.40872246118092453,0.3426832377732694,2.770693537079549,3.4418254514271305,0.9494702321638919,0.6841834891601133,3.5799612784714845,-0.6710193855229988,-0.6180450629840348,-0.5632197478012597,-0.5014548176213638,-0.8865265332455328,israel_hamas_war,2023-10-07
2023-06-06,1527,-2.1831700529130225,-29606.05060307201,11038.904485443316,2.522987496609407,4.7061575495224295,0.45790109921003064,0.37699779809641215,2.1831700529130225,2.6819736181350833,0.8230503028182371,0.6509978039575502,3.4760023044030497,-1.25531618245753,-1.3345104426442607,-0.6216900891149039,-1.1840363998106314,-1.0795032568630816,israel_hamas_war,2023-10-07
2023-06-07,1383,-1.7782045036024736,-23792.467408183766,10131.584665586388,2.773798928815679,4.552003432418151,0.4147198560625228,0.3469315299130046,1.7782045036024736,2.348346107099992,0.616915208933001,0.62136585290727,3.3448872284183078,-1.6580576552799502,-1.6490882996499454,-0.7170294027703903,-1.7935228066090994,-1.3228892464530266,israel_hamas_war,2023-10-07
2023-06-08,1381,-2.3655863886730417,-33675.5433080081,10666.198477624199,2.678973090103812,5.044559478776853,0.414120116574363,0.34650751193889034,2.3655863886730417,3.1572207641413614,0.8196934538156005,0.6531414781756966,3.3124852183721347,-1.0739016797771523,-0.8863992294086176,-0.623242661624147,-1.1399441193412305,-1.3830363746193475,israel_hamas_war,2023-10-07
2023-06-09,1048,-2.608902566313455,-26811.568568271927,8039.901896050984,2.531379774119505,5.140282340432959,0.3142634917957512,0.2732764264404562,2.608902566313455,3.3348129013167633,0.7129515702534762,0.6700350280915394,3.304566541166645,-0.8319217980038635,-0.718947349435142,-0.6726117318066971,-0.7924682133907109,-1.397735638402909,israel_hamas_war,2023-10-07
2023-06-10,505,-2.298429316215519,-11130.394849020331,3900.995919408908,2.7131575393268026,5.011586855542322,0.15143422076035723,0.14100831381874335,2.298429316215519,2.853218787961933,0.3240976423111176,0.6487705740621117,3.2404220763392897,-1.1406899246489244,-1.1730431272553963,-0.8524601307547413,-1.2298472998010366,-1.5168055770157662,israel_hamas_war,2023-10-07
2023-06-11,590,-2.405026373621812,-13161.430054221864,4354.478200740135,2.487722576528192,4.892748950150003,0.17692314900715003,0.16290353218475642,2.405026373621812,3.0225045223523686,0.3917872912604889,0.6629317561166899,3.210905303478416,-1.0346782997800033,-1.0134233663401297,-0.8211530662914392,-0.9385722517348999,-1.5715969037818918,israel_hamas_war,2023-10-07
2023-06-12,1571,-2.1471107541710786,-31665.523476050643,11766.568518358199,2.671374132258254,4.8184848864293315,0.47109536794954693,0.3860072715705109,2.1471107541710786,2.6911434227103763,0.82880036397728,0.6433345239752795,3.1508812632963212,-1.2911774430240122,-1.3258642208039004,-0.6190306347054308,-1.341658993502135,-1.683018190077038,israel_hamas_war,2023-10-07
2023-06-13,1321,-2.3652102740686294,-30274.774680419534,9787.243823553898,2.5218777636295373,4.887088037698168,0.3961279319295681,0.33370264192468724,2.3652102740686294,3.0932891042890462,0.7892769171641152,0.6596181125336534,3.141991942792094,-1.0742757287548714,-0.9466804828602922,-0.6373105802568862,-1.0067291111131005,-1.699519237355196,israel_hamas_war,2023-10-07
2023-06-14,1367,-2.4087742163022923,-31993.056028844934,10162.940175591137,2.5128550921382233,4.921629308440516,0.4099219401572442,0.34353434126696053,2.4087742163022923,3.1480118426441517,0.827496663658247,0.6620000854474037,3.1425007784664487,-1.0309510403041957,-0.8950823346505625,-0.6196336076940974,-0.9577353708821743,-1.6985746970480549,israel_hamas_war,2023-10-07
2023-06-15,1462,-2.542146613163248,-39112.89632232399,11425.438581377894,2.636395428499735,5.178542041662983,0.43840956584483615,0.3635380350501717,2.542146613163248,3.423316841952427,0.9241669845588161,0.6626466381125322,3.17220528098763,-0.8983111265211928,-0.6354968573119159,-0.5749227247881179,-0.9444367170066172,-1.6434348919028703,israel_hamas_war,2023-10-07
2023-06-16,933,-2.22638564937556,-19645.05796604091,7065.425704085721,2.673208945990527,4.8995945953660875,0.27977847122656097,0.24668699359904767,2.22638564937556,2.7804493018277396,0.5492203824365204,0.6469987724636468,3.1329620533489675,-1.2123379266581094,-1.2416575797400766,-0.7483388618952636,-1.2662906979416373,-1.7162812196177004,israel_hamas_war,2023-10-07
2023-06-17,786,-2.997371868432718,-23472.73642876626,6310.983254354125,2.515934456594153,5.513306325026871,0.23569761884681342,0.21163568415909875,2.997371868432718,3.7193469674589545,0.6343508460549944,0.6866535049798058,3.197027977520059,-0.4455859747513191,-0.3563696288587075,-0.7089652655823652,-0.4506501620613806,-1.5973570742723548,israel_hamas_war,2023-10-07
2023-06-18,1472,-3.5808515252225535,-52052.04190841795,11840.587248738626,2.231512840900482,5.812364366123037,0.4414082632856353,0.36562059631099914,3.5808515252225535,4.396069283976016,1.3092330699530208,0.7225824333877157,3.322519330823443,0.1346892035633053,0.2817128106181394,-0.39682623669605405,0.28835596812218184,-1.3644102755969691,israel_hamas_war,2023-10-07
2023-06-19,1768,-4.754936969913038,-86103.75949524176,15060.769125919449,1.8817988017854061,6.636735771698445,0.5301697075332902,0.4253786492095794,4.754936969913038,5.717089132390853,2.0226486653382985,0.779093600483469,3.572011567200834,1.3023265544911573,1.5273043138098656,-0.06686518089921707,1.4507090011281787,-0.9012834048716968,israel_hamas_war,2023-10-07
2023-06-20,1889,-4.415736857799406,-87128.8351845401,15726.960201887125,1.95490557901113,6.370642436810535,0.56645394656696,0.44881443204208243,4.415736857799406,5.5400938303439755,1.98184642988053,0.7651919639048294,3.7831158327958794,0.9649893341603126,1.3604151905321271,-0.08573657756842734,1.1647724283876173,-0.5094152676447631,israel_hamas_war,2023-10-07
2023-06-21,1961,-4.619674102217458,-98413.26254018133,16879.553373918123,1.9939756398443877,6.613649742061847,0.5880445681407139,0.4625034280109076,4.619674102217458,5.830323845668045,2.1366151085687863,0.7683477670815172,4.00272443023465,1.167806552365923,1.6340734868042524,-0.014154687636963825,1.2296827387299556,-0.10176072899876346,israel_hamas_war,2023-10-07
2023-06-22,1854,-2.9616297520463024,-60887.373651356356,14383.248326860587,2.39816255840527,5.359792310451573,0.5559585055241629,0.44209175799969486,2.9616297520463024,4.233214380207128,1.3093121036263502,0.6908769644906885,4.032351305623855,-0.48113179493222696,0.12815668908745684,-0.396789682919456,-0.363779703981222,-0.04676502136634144,israel_hamas_war,2023-10-07
2023-06-23,1065,-3.9061930793317976,-43107.46174525686,8958.705376149168,2.2528684256623492,6.159061504994146,0.3193612774451098,0.27714773876682147,3.9061930793317976,4.811795894083334,1.082592579123415,0.7321817413799443,4.116803137217489,0.45824397728508803,0.6737020254825047,-0.5016494787504473,0.48579985988643704,0.11000102899610388,israel_hamas_war,2023-10-07
2023-06-24,811,-4.594516246175912,-39425.20244246154,7048.724738129691,2.048441468853899,6.642957715029813,0.2431943624488113,0.217684165911192,4.594516246175912,5.593239047794428,1.0001534368142244,0.764313958487572,4.273018932916381,1.142786863623321,1.4105258920261232,-0.5397783150294413,1.14671312591355,0.3999809244444357,israel_hamas_war,2023-10-07
2023-06-25,1034,-3.3188687869191127,-32901.71628446317,8449.099358294945,2.4262035941105324,5.745072381029646,0.3100653153786324,0.2700769950377965,3.3188687869191127,3.894109287774175,0.8963501088958508,0.7030814279811531,4.2339288738801955,-0.12585472185951327,-0.19158598724732792,-0.5877882771002517,-0.11275152878328669,0.3274189201882771,israel_hamas_war,2023-10-07
2023-06-26,1196,-2.7379729867903104,-30639.11333329628,9266.57492744539,2.504999680286028,5.242972667076339,0.3586442139195787,0.3064873009814175,2.7379729867903104,3.306411869886307,0.8391539508813926,0.6766896462738664,4.139987352164155,-0.7035602340901999,-0.7457267225642491,-0.6142420087092185,-0.6555923351307845,0.1530373698232795,israel_hamas_war,2023-10-07
2023-06-27,1455,-2.2664289902621166,-33769.37614212338,11596.3243379535,2.8517766862962612,5.118205676558378,0.43631047763627673,0.3620776573091249,2.2664289902621166,2.9120758576577503,0.8206232992515926,0.6421853203104418,4.014978029489352,-1.1725145043624638,-1.1175467121153482,-0.622812599842806,-1.3652964519729933,-0.07901464615325496,israel_hamas_war,2023-10-07
2023-06-28,1216,-2.978270047367643,-38153.513125745885,10170.866932050905,2.692964866139742,5.6712349135073845,0.36464160880117696,0.31089183650781216,2.978270047367643,3.751254773131951,0.9259198446423352,0.6780367593929764,3.993093010192548,-0.4645828883466511,-0.32628371328410916,-0.5741120114149266,-0.6278841652190488,-0.11963931908840544,israel_hamas_war,2023-10-07
2023-06-29,1377,-2.7279768082615483,-37250.02973610336,10884.997133035842,2.588443379832858,5.316420188094406,0.41292063759804337,0.34565893623546184,2.7279768082615483,3.4221441935937627,0.9429495616186973,0.6725505307472911,3.941929098634832,-0.7135015134659975,-0.636602549125356,-0.5662356159032653,-0.7407279593539581,-0.2146137463405113,israel_hamas_war,2023-10-07
2023-06-30,846,-2.3511502685085324,-20702.355693375364,6649.203870112991,2.7542143870891094,5.105364655597641,0.25368980349160836,0.22609104597412755,2.3511502685085324,3.113508939984354,0.5315740234494449,0.6495722770735571,3.8614036319058944,-1.0882585165668355,-0.9276151708831636,-0.7565004598194033,-1.2133574275365921,-0.36409137322527463,israel_hamas_war,2023-10-07
2023-07-01,708,-2.2380810482476337,-15351.144299481544,5424.932883704383,2.712126766627866,4.950207814875499,0.21230777880858,0.19252579832044886,2.2380810482476337,2.829739026927667,0.4308883405197427,0.6460443305132022,3.7485950715032104,-1.200706759081006,-1.1951822274940096,-0.8030684833641767,-1.2859221894315873,-0.5734953864679582,israel_hamas_war,2023-10-07
2023-07-02,1150,-2.7341208508075243,-24321.684176132658,7172.811219032719,1.7515531480887248,4.485673998896248,0.34485020569190256,0.29628263561878,2.7341208508075243,3.390816157491529,0.8100725317775145,0.7191775917708221,3.7066254277817974,-0.7073912140880313,-0.6661417991430224,-0.6276924236057471,0.21832329699374028,-0.6514026995145695,israel_hamas_war,2023-10-07
2023-07-03,2279,-5.6898514938134195,-136607.51411184578,20991.9062640367,1.7605824286169205,7.4504339224303395,0.683403146758127,0.5208174270808239,5.6898514938134195,6.50762786350097,2.9633738154798874,0.8088612199220829,4.003656549194926,2.232106514687153,2.2727044132832472,0.36822856496671785,2.0629859105965966,-0.1000304573739449,israel_hamas_war,2023-10-07
2023-07-04,2230,-5.537967251598076,-130238.64507015159,20576.36160115577,1.8445503654914948,7.38251761708957,0.668709529298211,0.5120505907663946,5.537967251598076,6.3295274254334695,2.8357194028257413,0.8000935542066393,4.256387233707936,2.0810564228646102,2.1047732556721024,0.30918726414718667,1.8826476985143614,0.3691078723563539,israel_hamas_war,2023-10-07
2023-07-05,3168,-4.997131332392051,-164586.63236831327,27837.80015402508,1.8950265298306603,6.892157862222712,0.9499873492451716,0.6678228849880324,4.997131332392051,5.912343340984708,3.33719866306215,0.7843420093079628,4.441665000583603,1.543190782127679,1.7114097861680353,0.5411258806256524,1.5586611852561243,0.7130348563539611,israel_hamas_war,2023-10-07
2023-07-06,2147,-4.036694044849642,-85951.33622149668,17564.037220339582,2.0720202855257095,6.108714330375352,0.6438203405395782,0.49702300875205285,4.036694044849642,4.893597932140735,2.006329819582663,0.7467195328035356,4.496447427599309,0.5880282296662707,0.7508332840857203,-0.07441279215098294,0.7848212183692248,0.8147262531000388,israel_hamas_war,2023-10-07
2023-07-07,1989,-5.090322197777681,-103126.39417339589,17023.56720146458,1.7342675590962213,6.824589756873897,0.5964409209749515,0.467776727148149,5.090322197777681,6.057860432713754,2.3811342578060164,0.7973716005452945,4.667626743909922,1.6358698419709226,1.8486180599455784,0.09893759288893195,1.8266610456709518,1.1324825979343833,israel_hamas_war,2023-10-07
2023-07-08,1010,-5.22098657451224,-54055.231346177716,8893.380022154326,1.7921700900479978,7.01315666456024,0.30286844152071446,0.26456832721316986,5.22098657451224,6.078142529782891,1.3813076844211212,0.796467508816743,4.826487947052592,1.7658166081121214,1.8677420782610799,-0.36349108669389985,1.8080651854754453,1.4273731041857578,israel_hamas_war,2023-10-07
2023-07-09,1155,-2.8611076857207234,-31692.951172823934,8960.90281915402,2.4486248667301234,5.309732552450847,0.34634955441230214,0.2973968961785173,2.8611076857207234,3.536803357032277,0.8508845453658438,0.6843887520989438,4.700359700684471,-0.5811017926568264,-0.5284902600379054,-0.6088165044642155,-0.4972328556309295,1.1932440551271895,israel_hamas_war,2023-10-07
2023-07-10,1723,-2.882170074388903,-45034.52210374843,12503.405853516475,2.1872973927290764,5.0694674671179785,0.516675569049694,0.4165208139806177,2.882170074388903,3.6017803973853137,1.2004838254150434,0.6985850533986881,4.595530758300807,-0.5601550789232196,-0.46722331581794796,-0.4471237291772507,-0.20523545544867675,0.9986524287402706,israel_hamas_war,2023-10-07
2023-07-11,1691,-2.8644111836885338,-47437.37651408014,13200.483852005678,2.470953441865277,5.335364625553811,0.5070797372391368,0.4101738294849112,2.8644111836885338,3.5936089196361176,1.1749065044329334,0.683467491264775,4.4981015880068425,-0.577816437546282,-0.4749282138670821,-0.45895346753775546,-0.51618185951491,0.8177968341503442,israel_hamas_war,2023-10-07
2023-07-12,1686,-2.1224727091449997,-33382.40141218443,13006.089013312925,2.7958481689485333,4.918320878093533,0.5055803885187372,0.4091784640725498,2.1224727091449997,2.5666748380711897,0.8684701231638547,0.6375697561332833,4.301748482435548,-1.315680175560549,-1.4432258271619793,-0.6006830183804197,-1.4602319363395384,0.45331094608900674,israel_hamas_war,2023-10-07
2023-07-13,1328,-2.4028093334771037,-31758.865598626544,10489.43685661765,2.747931499156649,5.150740832633753,0.3982270201381275,0.3352050198540438,2.4028093334771037,3.027699773852996,0.8054337503336743,0.6521021022613085,4.172158818380735,-1.036883163909079,-1.0085247562746635,-0.629837901266624,-1.1613225797165985,0.21275654462353666,israel_hamas_war,2023-10-07
2023-07-14,1023,-2.407498744587922,-23160.365498487976,7949.127695069386,2.6814547797438624,5.088953524331783,0.3067667481937533,0.2675559552065905,2.407498744587922,2.913573210410707,0.6441406262668888,0.6549145585647775,4.047035433675018,-1.0322195071099856,-1.1161348560644329,-0.704437405194072,-1.103474418325861,-0.01950720215557765,israel_hamas_war,2023-10-07
2023-07-15,586,-2.527411480145133,-13418.94767446717,4560.163366549891,2.6272186341167605,5.154630114261893,0.17572367003083036,0.161883847402031,2.527411480145133,2.9426462597588077,0.40914709437395597,0.6623914549014923,3.9323071906734146,-0.9129653339816874,-1.08872183628027,-0.8131240030065929,-0.9496854668478981,-0.2324746793670493,israel_hamas_war,2023-10-07
2023-07-16,979,-3.906147737491044,-40209.65638325014,8119.026054822079,2.1935175790696326,6.099665316560675,0.2935724794542371,0.25740775466843135,3.906147737491044,4.95252215127068,1.0054727185107428,0.7355035326393923,4.037401694792451,0.4581988844623611,0.8063930145231831,-0.5373180999514177,0.5541243051927935,-0.03739009665702678,israel_hamas_war,2023-10-07
2023-07-17,1471,-3.2172872142915176,-43658.88729543037,11272.19953732204,2.2228314225354238,5.440118636826941,0.4411083935415554,0.3654125352443257,3.2172872142915176,3.873147130768633,1.1756370775834177,0.7099248454817171,4.01079307829704,-0.22687840706262785,-0.21135123504886927,-0.45861557096017863,0.028007678585916188,-0.08678307766028476,israel_hamas_war,2023-10-07
2023-07-18,1799,-2.79202741773127,-47304.130746733936,13709.907629727602,2.414410868601737,5.206438286333007,0.5394656695997676,0.43143538842592755,2.79202741773127,3.450361010760056,1.20457943346473,0.6831834852631444,3.943209332939221,-0.6498026708436395,-0.6099968718892238,-0.4452294740404888,-0.5220234525017947,-0.2122372759709482,israel_hamas_war,2023-10-07
2023-07-19,1678,-2.174083330473489,-31260.953557071993,12376.373153005627,2.60079300490796,4.774876335381449,0.5031814305660979,0.40758381577185526,2.174083330473489,2.5258573873461634,0.8861211796403681,0.6473821039263252,3.783225239587255,-1.2643530004897225,-1.4817126597906092,-0.5925192478256498,-1.258406123773563,-0.5092121782594511,israel_hamas_war,2023-10-07
2023-07-20,1616,-2.0991808981319053,-35381.62666872501,12461.355376768575,2.806026932359968,4.9052078304918725,0.4845895064331431,0.3951383073974278,2.0991808981319053,2.8393080526927417,0.8294667870088533,0.6361118525559949,3.6811356804693744,-1.3388440676202205,-1.1861595794232014,-0.6187224081282049,-1.4902189058533706,-0.6987187486221005,israel_hamas_war,2023-10-07
2023-07-21,1261,-3.145100773413926,-38490.05259923139,10216.4702740881,2.4783894523446226,5.623490225758548,0.37813574728477317,0.3207316781059479,3.145100773413926,3.767451141795343,1.0087334488693631,0.6940969810940382,3.6839998381507577,-0.2986683989924241,-0.3110121341220781,-0.5358099831696166,-0.2975486162584832,-0.6934020766346151,israel_hamas_war,2023-10-07
2023-07-22,907,-3.9887830194175,-34514.938097915954,7633.6756379875005,2.213808952246874,6.202591971664373,0.2719818578804832,0.2405762021436414,3.9887830194175,4.52140485589394,0.9596062699865087,0.7369648888805455,3.7618211411868816,0.540380332259135,0.39989190052051693,-0.5585317401894537,0.5841822910122775,-0.5489441284667769,israel_hamas_war,2023-10-07
2023-07-23,993,-3.306355423684134,-29176.975777269377,8065.016279054174,2.407756970461143,5.7141123941452765,0.29777065587135587,0.2606479122784444,3.306355423684134,3.6177206304028826,0.861794638433781,0.7035464543478506,3.745884735188732,-0.13829936152774489,-0.4521932473224556,-0.6037704894193745,-0.10318660851111033,-0.5785265232847319,israel_hamas_war,2023-10-07
2023-07-24,1856,-3.9559186383199547,-71555.20117705397,16009.87941382345,2.335046988443323,6.290965626763278,0.5565582450123228,0.4424771307020129,3.9559186383199547,4.469440357887448,1.7504035283744275,0.7293016956262129,3.824663116221694,0.5076964428044479,0.3508945010778222,-0.19278097725861795,0.4265614811891185,-0.4322919725894895,israel_hamas_war,2023-10-07
2023-07-25,1706,-3.7860231637782507,-62905.58032716649,14103.267475088694,2.240419682791031,6.026442846569282,0.5115777834003354,0.4131539949786895,3.7860231637782507,4.460355051641739,1.5642105951968415,0.7289879110927474,3.8967826735425892,0.3387340365966082,0.3423279528331991,-0.27889686428237676,0.42010738684054433,-0.29841804775282565,israel_hamas_war,2023-10-07
2023-07-26,1383,-3.0730983576606103,-40887.24665684594,10775.721532592272,2.359228670986134,5.432327028646744,0.4147198560625228,0.3469315299130046,3.0730983576606103,3.794385975285115,1.0661547147963373,0.6972069812582747,3.8867811955559257,-0.37027537646651315,-0.28561524112686515,-0.5092521371496916,-0.2335804076843379,-0.31698356814675366,israel_hamas_war,2023-10-07
2023-07-27,1307,-2.9943959505784554,-38155.48935713546,10211.195282761508,2.409150640916399,5.4035465914948535,0.3919297555124493,0.3306910976449981,2.9943959505784554,3.736633009217773,0.9902200836805269,0.6916365028300403,3.8735031397672266,-0.448545548822903,-0.3400705953775388,-0.5443725791705659,-0.3481570980822141,-0.34163132679457775,israel_hamas_war,2023-10-07
2023-07-28,1037,-2.5965692899518635,-24830.55139959666,7754.487136700602,2.440619471080289,5.0371887610321515,0.31096492461087216,0.2707634497408674,2.5965692899518635,3.2020881538481247,0.7030560584385612,0.6736183390476133,3.8068508194221904,-0.8441873398383472,-0.8440937035255679,-0.6771884940014402,-0.7187646858925308,-0.4653565416396691,israel_hamas_war,2023-10-07
2023-07-29,582,-3.4452666653761383,-18650.76376288927,4555.004615650413,2.190600873197165,5.635867538573304,0.1745241910545107,0.1608631218008524,3.4452666653761383,4.094565282943432,0.5542163512288184,0.7201035309996713,3.8426072621806786,-0.00015102232734731677,-0.002575742892347301,-0.7460281819099958,0.23736852869473243,-0.3989826548869083,israel_hamas_war,2023-10-07
2023-07-30,916,-4.0896692928627365,-38883.18795740845,7542.350844910882,2.072169089873698,6.161838382736435,0.2746806855772024,0.24269570455983616,4.0896692928627365,5.155314139708106,0.9925451704480488,0.7483401494634748,3.9836223808433586,0.6407125368727723,0.9976058702695346,-0.5432972058683935,0.8181549608281009,-0.13721943700299452,israel_hamas_war,2023-10-07
2023-07-31,1292,-3.211206927019697,-40221.10498531813,10049.789625818506,2.2836340077821426,5.49484093480184,0.38743170935125054,0.3274543469415979,3.211206927019697,4.002183775269059,1.0515236671815702,0.7064162288059609,3.9716422183674553,-0.23292530131130057,-0.08968239851854228,-0.5160191267552036,-0.04415949551987396,-0.15945794525802817,israel_hamas_war,2023-10-07
2023-08-01,1210,-3.7117006777901285,-46599.796249223466,9917.391771555871,2.242245434475131,5.95394611226526,0.3628423903366975,0.30957251164575794,3.7117006777901285,4.698795542480898,1.149040501300752,0.7264283757049496,4.035351842454836,0.26481973074604803,0.5671538324462172,-0.4709167239593223,0.3674614431449914,-0.04119519180689175,israel_hamas_war,2023-10-07
2023-08-02,1392,-2.7031725484435487,-35064.780391108456,10852.314880822969,2.5465153352692353,5.249687883712784,0.41741868375924207,0.3488373890196015,2.7031725484435487,3.2310876321024486,0.9429676538685098,0.6733646797367933,3.9401182007424413,-0.738169547940482,-0.8167500540308814,-0.56622724807687,-0.7239820913087426,-0.2179752756862069,israel_hamas_war,2023-10-07
2023-08-03,1203,-3.0884321387557256,-35228.87720255055,9582.930825247093,2.4387144481811944,5.5271465869369205,0.3607433021281381,0.30803109612872126,3.0884321387557256,3.6762111555409445,0.9513331370200971,0.6938542566296433,3.9070044840937386,-0.35502580871267053,-0.3970424475698138,-0.5623581377423004,-0.3025411076875861,-0.27944352893637814,israel_hamas_war,2023-10-07
2023-08-04,860,-2.943415250614186,-25081.930520890186,6661.303427172181,2.401143204444175,5.344558455058361,0.25788797990872714,0.22943410813592013,2.943415250614186,3.7653187240470483,0.6753198528983316,0.690003138515099,3.880175358452062,-0.4992462620664946,-0.31302279386479,-0.690016735664576,-0.38175304138062244,-0.3292458361469713,israel_hamas_war,2023-10-07
2023-08-05,732,-4.674513024953358,-34665.36061680087,6301.515511505183,1.9670573615022726,6.641570386455631,0.219504652666498,0.19844475389124056,4.674513024953358,5.501114859355584,0.9276325867982675,0.7715016354413874,4.039082676240043,1.22234429896746,1.3236618630748926,-0.57331985293993,1.294553252686696,-0.03426972830859882,israel_hamas_war,2023-10-07
2023-08-06,849,-4.373431906779805,-37969.228061893205,7296.82219328265,2.110588047365487,6.484019954145291,0.25458941272384805,0.22680835787863754,4.373431906779805,5.203529297568349,0.9919309090707662,0.754428817812926,4.164731823692235,0.9229167225262581,1.0430680115294342,-0.5435813072167441,0.943390068978682,0.19896998012388878,israel_hamas_war,2023-10-07
2023-08-07,1236,-3.6577292842668516,-42894.8269974802,9591.453011199626,2.0511729837563912,5.708902268023243,0.3706390036827753,0.31527705714303916,3.6577292842668516,4.4721927894963684,1.153198124569568,0.7356761478200883,4.200284768171349,0.21114474887450557,0.353489772775898,-0.4689937862323399,0.5576747499833764,0.26496611756190863,israel_hamas_war,2023-10-07
2023-08-08,1108,-3.0386947551382573,-36730.225319658064,8793.42086664875,2.4488028330124365,5.487497588150695,0.33225567644054615,0.2868735029779808,3.0386947551382573,4.177012095368554,0.8717210088873295,0.6914427752152125,4.201179341888259,-0.40449003392031124,0.07516347438376274,-0.5991794548299014,-0.35214179512962424,0.26662669478932577,israel_hamas_war,2023-10-07
2023-08-09,1217,-1.5869948721452287,-19401.63285300066,10255.340315933547,3.419871633743962,5.00686650588919,0.3649414785452569,0.311111554857238,1.5869948721452287,1.8918565601237705,0.49373244222356577,0.5941642451591783,3.9665203832891085,-1.8482171607540052,-2.0795129459500865,-0.7740025275833827,-2.353020564194958,-0.1689654934152287,israel_hamas_war,2023-10-07
2023-08-10,1191,-2.804268841704413,-31426.266381418907,9355.24347009985,2.5253397479554547,5.329608589659868,0.3571448651991791,0.30538312917053495,2.804268841704413,3.3592141649610636,0.8563763939151251,0.678503328168022,3.9076205479532917,-0.6376284769429962,-0.6959393630684323,-0.6062764756825088,-0.6182875198363544,-0.2782999433419543,israel_hamas_war,2023-10-07
2023-08-11,1059,-3.4475996212484894,-34092.99066752432,8319.056635955027,2.203988969335636,5.651588590584125,0.3175620589806303,0.2757831039146523,3.4475996212484894,4.098179897005887,0.950789724602888,0.7194364192162406,3.9332184671109083,0.0021691209185658268,0.000832481873476497,-0.5626094708167035,0.22364700346926966,-0.2307830972521504,israel_hamas_war,2023-10-07
2023-08-12,501,-2.404195202477141,-11556.862312319381,3760.17485881172,2.550571918533605,4.954767121010747,0.15023474178403756,0.13996604483530187,2.404195202477141,3.0734906610091928,0.3365056935027332,0.6601656627242186,3.8479682740246592,-1.0355049061210668,-0.9653484633265967,-0.8467212967594517,-0.9954667950535498,-0.3890311282371241,israel_hamas_war,2023-10-07
2023-08-13,801,-2.9256734073271558,-20367.27525586505,5841.935353194265,2.1838145779807823,5.109487985307938,0.24019566500801215,0.21526916153002487,2.9256734073271558,3.4863917562402653,0.6298072613060077,0.7005726063014107,3.8037139247813765,-0.516890666900852,-0.5760234304775252,-0.7110667139254848,-0.1643543647993729,-0.471179489158555,israel_hamas_war,2023-10-07
2023-08-14,1074,-2.111057940048442,-22135.963241355657,8104.75574062175,2.717634782592981,4.828692722641423,0.32206010514182903,0.2791912057074983,2.111057940048442,2.731231384359711,0.5893888116005122,0.6398731991544322,3.6901594469815198,-1.3270322545848074,-1.2880652244673925,-0.7297606062720551,-1.4128534425021646,-0.6819681322197375,israel_hamas_war,2023-10-07
2023-08-15,1046,-3.1270795186005933,-32104.057519732884,8129.15020914552,2.3222873005206983,5.449366819121291,0.3136637523075914,0.2728199910502317,3.1270795186005933,3.949251360076349,0.8531298062779767,0.7011849389113476,3.7188237576448033,-0.3165906808210544,-0.1395924484595572,-0.6077780513298869,-0.151759568001731,-0.6287592120074749,israel_hamas_war,2023-10-07
2023-08-16,1253,-2.770078658051464,-32969.88398855617,9537.371941637652,2.420775492058726,5.19085415011019,0.37573678933213384,0.3189894343909171,2.770078658051464,3.4569149856281003,0.8836258243501871,0.6819635733920271,3.69777464117682,-0.6716308876268203,-0.6038171196186095,-0.5936733718333983,-0.5471152765830539,-0.6678322171754718,israel_hamas_war,2023-10-07
2023-08-17,1394,-1.6822874502906247,-25928.898639278035,10445.0370811851,2.905282774562399,4.587570224853024,0.4180184232474019,0.3492604204426027,1.6822874502906247,2.482413268401353,0.5875564221938177,0.6122594724881079,3.574267554313218,-1.753447930787009,-1.522676181637946,-0.730608102664305,-1.9808278906110706,-0.897095666339527,israel_hamas_war,2023-10-07
2023-08-18,1357,-2.4952329116077854,-31958.897719026034,9938.76855327306,2.4144205940387975,4.909653505646583,0.40692324271644503,0.3414052227823343,2.4952329116077854,3.2155792287266065,0.8518855480812687,0.6703445976683232,3.5353510119910823,-0.9449671773683959,-0.8313729497399797,-0.6083535318084823,-0.7861008146093091,-0.969335575391589,israel_hamas_war,2023-10-07
2023-08-19,846,-4.401015467729698,-42604.18302280332,7641.0028838394655,2.3154514173405096,6.716466885070209,0.25368980349160836,0.22609104597412755,4.401015467729698,5.575731833959928,0.9950301904473215,0.7436368067321324,3.7452116094290107,0.9503487941717594,1.3940183150786756,-0.5421478620245804,0.7214139984661077,-0.5797760316110459,israel_hamas_war,2023-10-07
2023-08-20,689,-3.669227828349821,-27740.762623285726,5798.599474680734,2.373368288060746,6.042596116410567,0.20661025367106164,0.18781498497537308,3.669227828349821,4.784045310322647,0.6891359694527425,0.7179921190256222,3.8555360014841553,0.22258014279177274,0.6475359603909018,-0.6836266589199772,0.19393983595861047,-0.3749833246352653,israel_hamas_war,2023-10-07
2023-08-21,1006,-3.9387492917637377,-42980.188897564876,8475.551013982547,2.2431258580856,6.181875149849336,0.3016689625443948,0.26364725842049486,3.9387492917637377,5.071079016179393,1.0384404523791753,0.7337536392015915,3.9804128493082565,0.49062139054081255,0.9181804518978328,-0.5220702299233138,0.5181315262537468,-0.14317721876778472,israel_hamas_war,2023-10-07
2023-08-22,1084,-3.1840869474275166,-34906.22354245215,8444.875916353109,2.3031944950838015,5.4872814425113186,0.32505880258262815,0.2814568377610971,3.1840869474275166,4.133420536689933,0.8961830433793334,0.7043576652397971,3.9939081238916394,-0.259896337594421,0.034060931400681116,-0.5878655463870095,-0.08650117288625551,-0.11812624171883786,israel_hamas_war,2023-10-07
2023-08-23,1570,-1.5159813421888062,-24944.283793351544,11940.196414798998,3.0446196520899917,4.560600994278798,0.470795498205467,0.38580340966076554,1.5159813421888062,2.089101630056515,0.5848707707985452,0.5996671505456341,3.794010050599825,-1.9188406834058953,-1.8935302875899584,-0.7318502403125684,-2.2398337536048682,-0.4891925742503724,israel_hamas_war,2023-10-07
2023-08-24,1349,-3.2775486387850212,-47520.280828482915,11435.659099896833,2.599794657589265,5.877343296374287,0.4045242847638057,0.3396986580953461,3.2775486387850212,4.155447483469634,1.1133788744375,0.6933169341223577,3.8324666946379313,-0.16694793915934614,0.05483017100217142,-0.48741054344875584,-0.31359305508388546,-0.4178063641198759,israel_hamas_war,2023-10-07
2023-08-25,1238,-2.332198820049036,-26849.120191559676,9412.106172283944,2.635235877650742,4.967434697699779,0.37123874317093514,0.31571452340017825,2.332198820049036,2.852615525165125,0.7363090389462394,0.6533802363876269,3.732551616920258,-1.1071058834050522,-1.1736119446087447,-0.661808694866576,-1.1350332079930001,-0.6032764931849891,israel_hamas_war,2023-10-07
2023-08-26,709,-2.730791025863927,-19706.933033414534,5625.084494982211,2.6015187994673377,5.332309825331265,0.21260764855265993,0.19277312220005716,2.730791025863927,3.503402135735715,0.5264231121316862,0.6720979337345624,3.706371973402588,-0.7107027515862416,-0.5599843193384886,-0.7588828021002805,-0.7500372257788271,-0.6518731812226145,israel_hamas_war,2023-10-07
2023-08-27,684,-2.6982673276993365,-17827.916336687846,5219.1336800076,2.466022534986296,5.164289862685633,0.20511090495066206,0.18657160001089956,2.6982673276993365,3.4158765476690927,0.5034200525859994,0.6768123758945047,3.667716395793439,-0.7430478291434298,-0.6425123214260153,-0.7695219216588505,-0.6530679642122562,-0.7236286673016415,israel_hamas_war,2023-10-07
2023-08-28,1136,-2.8362946659229125,-28023.032647818683,8331.648175767115,2.2489513359501268,5.085246001873038,0.3406520292747838,0.29315608462780884,2.8362946659229125,3.36344406972496,0.8314770391127001,0.6933609456685782,3.6337617264919393,-0.6057785390011898,-0.6919509798207909,-0.6177926486571564,-0.3126878011868997,-0.7866579621945227,israel_hamas_war,2023-10-07
2023-08-29,965,-2.5322893766248713,-22287.25094637746,7196.622510113945,2.4626752651144788,4.99496464173935,0.28937430303711825,0.25415706430003837,2.5322893766248713,3.0969042651682144,0.6435992339211515,0.6697782011637227,3.5712295441299284,-0.9081142269779688,-0.9432717425002086,-0.7046878039674593,-0.7977507721104686,-0.9027350568466131,israel_hamas_war,2023-10-07
2023-08-30,1093,-2.7614907118742416,-29769.93700973737,8213.392094427745,2.37652458661903,5.138015298493271,0.3277576302793474,0.283491527077986,2.7614907118742416,3.624560555185761,0.7828592189209035,0.6837431668534535,3.5787355974023933,-0.6801716686829438,-0.44574387246843855,-0.6402788227537047,-0.5105116110827163,-0.8888017376618207,israel_hamas_war,2023-10-07
2023-08-31,1384,-3.5238024817259928,-48834.444176193356,11062.843137653239,2.2347906441273357,5.758593125853329,0.41501972580660274,0.347143471497399,3.5238024817259928,4.414276110449543,1.2232650263775109,0.7204199487430913,3.6663656085736758,0.07795347421538502,0.2988800533228758,-0.4365872211859497,0.24387678436635987,-0.7261361034735563,israel_hamas_war,2023-10-07
2023-09-01,1190,-2.215189405505746,-25768.582409295075,8657.654683377446,2.5300753322796674,4.745264737785413,0.3568449954550992,0.30516214842948836,2.215189405505746,2.9763929553312316,0.6759919581623746,0.6522395780934216,3.5930115048037092,-1.2234726805992404,-1.0569020287911934,-0.6897058810043124,-1.1584949005403584,-0.862301689333526,israel_hamas_war,2023-10-07
2023-09-02,841,-5.206506059086634,-50298.217550471796,7852.908608272005,2.065539246480467,7.272045305567109,0.25219045477120877,0.22489438153305646,5.206506059086634,6.405043030487996,1.1709139601063998,0.7787929806721238,3.8792065959857944,1.7514156198807393,2.175977027611767,-0.4608000547862263,1.444525686086981,-0.33104412829422686,israel_hamas_war,2023-10-07
2023-09-03,915,-4.406910144400231,-45556.551540687,8050.9263849457,2.195958252906824,6.602868397307055,0.27438081583312246,0.24246042601100765,4.406910144400231,5.6585477698408075,1.0685013110035113,0.75042601244412,4.059653550512789,0.9562110971951755,1.4721055793888036,-0.5081668155404411,0.8610581476952155,0.003915526544819029,israel_hamas_war,2023-10-07
2023-09-04,997,-2.280406561334524,-25692.52351549683,7331.668124499747,2.536661375551267,4.817067936885791,0.29897013484767554,0.2615717465447806,2.280406561334524,3.5043216740323846,0.5964899270804488,0.6550510267951913,3.998775299674302,-1.1586136983068245,-0.5591172853642713,-0.7264762772270336,-1.1006674640603142,-0.10909141192924594,israel_hamas_war,2023-10-07
2023-09-05,1386,-3.684217956259894,-62092.54386375466,11494.153804863861,2.3044111534948226,5.988629109754719,0.41561946529476257,0.34756721995606477,3.684217956259894,5.402097876703165,1.2805133927694659,0.7221270993091907,4.145873087219259,0.23748794470869478,1.2302986086078742,-0.4101093427382095,0.27899040420969584,0.16396292846016294,israel_hamas_war,2023-10-07
2023-09-06,1492,-2.3981574162944,-34873.16466532946,11075.623503210318,2.5125913666551853,4.910748782949585,0.4474056581672336,0.36977275263613746,2.3981574162944,3.148641216923031,0.8867732690779477,0.6615281913507682,4.0530904869062425,-1.041509532697238,-0.8944888967434482,-0.592217650663085,-0.9674415504334213,-0.00826734196686134,israel_hamas_war,2023-10-07
2023-09-07,1244,-1.8681485655584529,-25677.818282653625,9350.200759555368,2.824044993569394,4.692193559127848,0.37303796163541464,0.31702577508199553,1.8681485655584529,2.746231759399644,0.5922512469644866,0.6242741666899368,3.9190194220158356,-1.5686075673762914,-1.2739213494023431,-0.7284367044664922,-1.733702995411641,-0.2571404677966229,israel_hamas_war,2023-10-07
2023-09-08,1081,-3.1400487699820547,-33868.25778916862,7929.117563215639,2.097467549891322,5.237516319873377,0.32415919335038845,0.28077768695644517,3.1400487699820547,4.2713779331874875,0.881655630565992,0.7140460582964299,3.9552117583850763,-0.30369265675044754,0.16414115773944868,-0.5945846039754519,0.11277506990041204,-0.18995744146161253,israel_hamas_war,2023-10-07
2023-09-09,1053,-2.239619450139713,-24319.933001074376,7523.699039378745,2.4526969413018174,4.69231639144153,0.3157628405161508,0.27441660428917886,2.239619450139713,3.2324436256401015,0.6145887644073379,0.656726051152084,3.8838127620292644,-1.1991768061137387,-0.8154714857861197,-0.7181054040477749,-1.0662146339091658,-0.32249380505881187,israel_hamas_war,2023-10-07
2023-09-10,1226,-2.690310763145825,-34088.90331361904,9270.856581545762,2.435781234065652,5.126091997211477,0.36764030624197613,0.31308685059350205,2.690310763145825,3.676996080542892,0.8423009239511274,0.6778865289633701,3.8641837052681276,-0.7509606961325933,-0.39630234066359155,-0.6127865056849354,-0.6309741880318277,-0.358930785083004,israel_hamas_war,2023-10-07
2023-09-11,1435,-3.292942376832557,-49641.464840310684,11564.800145180938,2.3830759004969404,5.676018277329495,0.43031308275467844,0.3578933592974587,3.292942376832557,4.2924619722889314,1.178522209217562,0.7042997825917373,3.9156334197546565,-0.15163874373750816,0.18402132834342108,-0.45728117192787127,-0.08769173530052614,-0.2634258282321138,israel_hamas_war,2023-10-07
2023-09-12,1501,-2.863993781144042,-38953.75189712046,11604.14432836943,2.4334742381319865,5.297468019276027,0.45010448586395285,0.37163561305286164,2.863993781144042,3.356882747647977,1.0643620846350492,0.6852292829117743,3.8564869999693756,-0.5782315477101332,-0.6981376597852147,-0.5100812445374442,-0.4799443516088283,-0.37321800736960764,israel_hamas_war,2023-10-07
2023-09-13,1721,-3.695519002456078,-64355.281201706915,14679.152654764863,2.4169565518704097,6.112475554326489,0.5160758295615342,0.4161253054689392,3.695519002456078,4.384127797786554,1.537798973763305,0.716633355916578,3.914371607673453,0.24872692540034663,0.2704531662222404,-0.29111247401937673,0.16599204259136047,-0.2657681018398873,israel_hamas_war,2023-10-07
2023-09-14,1454,-2.7790515624779393,-39179.32508135631,11386.707084999349,2.5261231475778625,5.305174710055802,0.4360106078921968,0.3618688577103055,2.7790515624779393,3.4407950243113286,1.0056522144319318,0.6774323753864769,3.87230660758901,-0.6627072625175586,-0.6190166541843043,-0.5372350814919814,-0.6403154707318969,-0.3438524227752215,israel_hamas_war,2023-10-07
2023-09-15,1119,-2.2803165855153718,-24585.72864027667,8454.42061034007,2.6375095402807736,4.917826125796144,0.3355542436254252,0.2893463694599459,2.2803165855153718,2.908032350579697,0.6598013252381731,0.6509076953227823,3.7741807558564973,-1.1587031799775134,-1.121359340718592,-0.6971941926816082,-1.1858898041960892,-0.5260012515724,israel_hamas_war,2023-10-07
2023-09-16,612,-2.7716907471825074,-17140.97744222697,4647.354577668758,2.4110129414976,5.182703688680107,0.18352028337690815,0.16849328829306517,2.7716907471825074,3.6883300285697933,0.4670112881242434,0.6824989581628387,3.7551725164950085,-0.6700276521119404,-0.3856155448695197,-0.7863612989303433,-0.5361031856254623,-0.5612858221117699,israel_hamas_war,2023-10-07
2023-09-17,895,-3.4699426696217253,-30746.168925839273,6770.552925746255,2.0474604672820162,5.517403136903743,0.2683834209515242,0.23774319276055744,3.4699426696217253,4.541160709182464,0.8249552489719612,0.7293460167412504,3.832430006819912,0.024389460956130576,0.4185197228231237,-0.6208090345820555,0.42747310246925857,-0.41787446689774044,israel_hamas_war,2023-10-07
2023-09-18,1754,-3.013362736394986,-46287.459201691505,13454.038816195682,2.3285634482779014,5.341926184672888,0.5259715311161715,0.4226312768010674,3.013362736394986,3.4404136805352206,1.2735413407473712,0.6964257094781944,3.784223033374644,-0.42968292886063253,-0.6193762237758477,-0.4133339787864843,-0.24965003904834215,-0.5073599959186611,israel_hamas_war,2023-10-07
2023-09-19,2374,-2.050250719955895,-41116.996895153534,16322.064072773677,2.4125460959558516,4.462796815911746,0.7118907724457189,0.5375984745426516,2.050250719955895,2.5191052254070923,1.1022116594782625,0.6491017063612156,3.6487962046854054,-1.387505520570032,-1.4880792829337617,-0.49257547965437704,-1.2230363869855667,-0.758749795833005,israel_hamas_war,2023-10-07
2023-09-20,1971,-2.649731971295691,-51618.57710863978,15194.064134820042,2.5295389191771274,5.179270890472819,0.591043265581513,0.4643899429403403,2.649731971295691,3.397285719647987,1.2305088789572014,0.6718638827993095,3.6308695959979618,-0.791316628687599,-0.6600416397388132,-0.43323687496322594,-0.7548513152491099,-0.7920265594897863,israel_hamas_war,2023-10-07
2023-09-21,1381,-1.9347840325872434,-26958.506631232398,10051.14171576969,2.6716889814506546,4.606473014037898,0.414120116574363,0.34650751193889034,1.9347840325872434,2.6821337708268485,0.6704172012708987,0.632917076714323,3.5278596461819345,-1.5023380632689063,-1.3343594344422907,-0.6922842556314169,-1.5559308275882293,-0.9832416305659909,israel_hamas_war,2023-10-07
2023-09-22,1485,-1.5774667511365563,-21598.55390294373,11235.817328487372,2.994370102036897,4.571836853173453,0.4453065699586742,0.3683214582027786,1.5774667511365563,1.9222948603999286,0.5810148540450161,0.6042442243831474,3.3621654765815525,-1.8576929531881914,-2.0508126291145174,-0.7336336360937779,-2.145689959895718,-1.2908160199685197,israel_hamas_war,2023-10-07
2023-09-23,727,-3.234467403228713,-23175.789642783766,5909.169133628056,2.446844106933137,5.68131151016185,0.2180053039460984,0.19721452391377264,3.234467403228713,3.9220047892849044,0.6378839490423671,0.6989668724123613,3.420461138824287,-0.2097925719645229,-0.16528327900208045,-0.7073311740381191,-0.19738199017073652,-1.182603083071772,israel_hamas_war,2023-10-07
2023-09-24,1438,-4.984592853874341,-76592.76528146124,12704.683781509437,1.9251875026558187,6.909780356530159,0.4312126919869182,0.35852212124663857,4.984592853874341,6.028703004236544,1.7870868035218648,0.7820945663481792,3.6957146458534265,1.5307211651102017,1.8211254789599751,-0.17581463635434105,1.512434531745569,-0.6716561405234867,israel_hamas_war,2023-10-07
2023-09-25,918,-1.6131746597521976,-14775.115239774312,7246.553155445062,3.140337046727965,4.753511706480163,0.2752804250653622,0.24316609565459862,1.6131746597521976,2.0389162851406515,0.3922693836208775,0.6021792227205132,3.5227201119954374,-1.8221811529085,-1.9408501210405726,-0.8209300942885082,-2.18816405960168,-0.9927820331826778,israel_hamas_war,2023-10-07
2023-09-26,1364,-1.543349626770887,-20576.67502758145,9598.353149582214,2.7467830860215257,4.290132712792413,0.40902233092500445,0.3428960815666833,1.543349626770887,2.1437714060851247,0.5292085395071403,0.6096609417318178,3.3795615701580055,-1.8916227058273682,-1.84198207763358,-0.7575945171740813,-2.0342759126774923,-1.2585240396733093,israel_hamas_war,2023-10-07
2023-09-27,1312,-2.0674908083524426,-25896.79579188059,9574.78108521336,2.6151803142739922,4.682671122626435,0.3934291042328489,0.33176769060175293,2.0674908083524426,2.7046880300870626,0.6859266508274412,0.6416506506215311,3.30699422492558,-1.3703601149812474,-1.3130929911492417,-0.6851109973180199,-1.376293834729373,-1.3932291832173243,israel_hamas_war,2023-10-07
2023-09-28,1349,-2.6341772804591366,-34201.38482656118,10483.574445893022,2.5685949942748874,5.202772274734024,0.4045242847638057,0.3396986580953461,2.6341772804591366,3.262378209176518,0.8948264873572168,0.669479654562451,3.296171273194775,-0.8067858929434762,-0.787246124184411,-0.5884929656082888,-0.803891444216812,-1.413319586990516,israel_hamas_war,2023-10-07
2023-09-29,1018,-2.3711165771054947,-22721.108177225244,7507.648416759713,2.5018918179107663,4.873008395016261,0.30526739947335374,0.2664079235957371,2.3711165771054947,3.026394806462132,0.6316842439101064,0.6607558413434058,3.269469761483764,-1.0684018632172907,-1.009755211892687,-0.7101985927829604,-0.9833276738270289,-1.462885007309444,israel_hamas_war,2023-10-07
2023-09-30,670,-1.905530165612265,-14008.838032719254,5019.494410321357,2.793126268179954,4.69865643379222,0.20091272853354325,0.18308187479024446,1.905530165612265,2.7908862701218515,0.3488680351896585,0.6271746820093064,3.2016522504760294,-1.5314312675953294,-1.2318165474180969,-0.8410036038164819,-1.6740435873332884,-1.5887731395793385,israel_hamas_war,2023-10-07
2023-10-01,881,-1.99608252251847,-17457.643717415893,6507.70307060616,2.6953202998112307,4.6914028223297,0.2641852445344054,0.2344278392069025,1.99608252251847,2.6826122101772234,0.4679373126326682,0.6351128565070634,3.1333136578289724,-1.4413762255058602,-1.3339083132949932,-0.7859330043619738,-1.5107668107562902,-1.7156285440678634,israel_hamas_war,2023-10-07
2023-10-02,979,-1.7149844108385925,-16279.987364680437,7159.697999610409,2.7991462009190125,4.514130611757604,0.2935724794542371,0.25740775466843135,1.7149844108385925,2.2738371598308063,0.4414502864853247,0.617251435626359,3.040570663712965,-1.720930542405888,-1.7193428925250054,-0.798183489449528,-1.8781504236147049,-1.8877852943952305,israel_hamas_war,2023-10-07
2023-10-03,1082,-2.366074361384435,-24845.112306596002,8343.998871969583,2.6727848488685884,5.038859210253023,0.3244590630944683,0.2810041218113975,2.366074361384435,2.9776025485884765,0.6648766480612963,0.6534092045253149,3.020884589387871,-1.0734163870187479,-1.0557615015800768,-0.6948468107515523,-1.1344373752676702,-1.9243281148509934,israel_hamas_war,2023-10-07
2023-10-04,1022,-1.8228064342501908,-18212.469811189592,7650.378566385234,2.8314434396191475,4.654249873869339,0.3064668784496734,0.26732645429833735,1.8228064342501908,2.3805972022368684,0.4872843809402989,0.6217526792719168,2.9526143316048388,-1.6137006790621782,-1.6186786959491943,-0.7769848132561825,-1.7855663473586285,-2.051056670856388,israel_hamas_war,2023-10-07
2023-10-05,1170,-2.7520630657039162,-33034.33025241017,9069.045778780552,2.4996290563705,5.251692122074416,0.3508476005735009,0.3007322477102254,2.7520630657039162,3.642536498128919,0.8276341115894325,0.677522192820298,3.0265563865051917,-0.6895475380880072,-0.4287943301744868,-0.6195700368038836,-0.6384680559290518,-1.9137996844337841,israel_hamas_war,2023-10-07
2023-10-06,1230,-4.08190869283028,-52287.09665084954,10593.613687285626,2.265392680936742,6.34730137376702,0.3688397852182958,0.31396350893783465,4.08190869283028,4.935718650341584,1.2815703763648445,0.7369704918637491,3.221141431036661,0.6329945581647599,0.7905489694800512,-0.4096204784277752,0.5842975362789268,-1.552595808624671,israel_hamas_war,2023-10-07
2023-10-07,8165,-6.317313206769748,-553006.3760902454,82643.51472140111,1.9021832448331968,8.219496451602945,2.448436460412508,1.237920928436732,6.317313206769748,6.691467297276511,7.820334230150036,0.8120684212618428,3.5872764578582585,2.856122199097688,2.4460468781501974,2.614615939667326,2.1289534068688662,-0.8729475289952118,israel_hamas_war,2023-10-07
2023-10-08,12627,-5.417812739604878,-677324.3007366047,115519.87639820523,1.865413595280527,7.283226334885406,3.7864552584970905,1.5657901079244798,5.417812739604878,5.863270649648374,8.483157594260543,0.7960993536176154,3.826949566949932,1.96156180113991,1.6651390753678652,2.9211776386873805,1.800492765114744,-0.42804768512703534,israel_hamas_war,2023-10-07
2023-10-09,21116,-4.866875831294955,-992813.9703663402,183789.43769283753,1.9184620107788708,6.785337842073825,6.332049515991491,1.9922550833632047,4.866875831294955,5.401909831323409,9.696058114994896,0.7795833953890738,3.9905725134061734,1.413650646073196,1.2301213003505311,3.482154913345791,1.460783374448341,-0.12431806102561403,israel_hamas_war,2023-10-07
2023-10-10,20375,-4.568302526223581,-900766.6433247563,177671.09167263686,2.0758755264007704,6.644178052624352,6.109846035628274,1.9614805889573759,4.568302526223581,5.069854835948439,8.960636729672498,0.7619423427174804,4.107960625089746,1.1167171097893713,0.9170261706083567,3.1420159840510045,1.0979324171587668,0.09358687106263823,israel_hamas_war,2023-10-07
2023-10-11,18895,-4.404867413940898,-791449.7484844162,160374.45639144076,2.041399486769714,6.446266900710612,5.666038814389999,1.8970258026093698,4.404867413940898,4.93501126234624,8.356147141319092,0.7594863660309663,4.1937079398771315,0.9541795854402331,0.7898819723281785,2.862434174960374,1.0474165262778616,0.2527576979676778,israel_hamas_war,2023-10-07
2023-10-12,19504,-4.341748699825674,-796948.805393924,163290.76148967253,2.0152095685057576,6.356958268331431,5.848659488534667,1.9240529380189204,4.341748699825674,4.880550486282886,8.353754342039416,0.7592965635926552,4.270343236552201,0.8914075201899891,0.7385308287377618,2.861327484019303,1.0435125644384422,0.3950140889943776,israel_hamas_war,2023-10-07
2023-10-13,21089,-4.243812800764371,-841213.3980606601,177739.65692927272,2.0921307025926525,6.335943503357024,6.323953032901334,1.9911502140256365,4.243812800764371,4.732840225945755,8.450068766526714,0.7517664591614839,4.326670427472068,0.7940094864627055,0.59925461314498,2.905873761669893,0.8886291993578156,0.4995729965028397,israel_hamas_war,2023-10-07
2023-10-14,13940,-4.535079037012804,-592363.8177655722,118530.06074877527,1.9838973806605733,6.518976417673378,4.180184232474019,1.644840621753608,4.535079037012804,4.997583009942842,7.459482222941895,0.7666791925043863,4.400992028484736,1.083676084448257,0.8488809625702308,2.447718678022093,1.1953625712268052,0.6375345259037927,israel_hamas_war,2023-10-07
2023-10-15,13201,-4.481719396875122,-559449.5738740168,112802.51785488694,2.0316392734163498,6.513358670291471,3.9585804915989615,1.6011195085664298,4.481719396875122,4.959548638743259,7.175768358257332,0.7622422747436277,4.459158234670882,1.0306094962041181,0.8130182996039714,2.3164984931241683,1.104101585452482,0.7455071564116335,israel_hamas_war,2023-10-07
2023-10-16,16846,-4.4047766084464826,-718208.330891114,143227.79074382968,2.0487036684655187,6.453480276912001,5.051605708770253,1.800323643237006,4.4047766084464826,5.014448153959637,7.930023471363515,0.7590379505280687,4.523379823775118,0.9540892786508692,0.8647831309688603,2.6653481889683905,1.0381932674667875,0.8647202590985598,israel_hamas_war,2023-10-07
2023-10-17,17451,-4.101342431739863,-686466.8550128372,147833.8591646649,2.1850132481912943,6.286355679931158,5.233026903938602,1.8298620741881026,4.101342431739863,4.643502232111897,7.504890969099183,0.7420708191638671,4.547124036005616,0.6523215667071336,0.5150176910690717,2.4687206268460153,0.6892038974689251,0.9087961103868291,israel_hamas_war,2023-10-07
2023-10-18,20279,-4.766456284598565,-987621.7146115679,183535.94891167225,2.142043047396271,6.908499331994837,6.081058540196602,1.9574234078571275,4.766456284598565,5.38108049386481,9.329973104000945,0.7633243448178428,4.641475178092282,1.3137826049385413,1.21048128828964,3.312837340923329,1.1263582029907082,1.0839380299047414,israel_hamas_war,2023-10-07
2023-10-19,16857,-4.107045296418587,-670388.5117911225,145168.7226436193,2.252365785189867,6.359411081608453,5.054904275955132,1.8008685677892784,4.107045296418587,4.617995526742265,7.396248780807033,0.738455162038209,4.649817999414295,0.6579931111728946,0.4909673821195499,2.4184726488303445,0.614835056011496,1.0994246229466162,israel_hamas_war,2023-10-07
2023-10-20,17136,-3.7711059943309526,-600985.8808502506,143173.11173538602,2.2920004498287465,6.063106444159699,5.1385679345534285,1.8145914795406908,3.7711059943309526,4.197616951715059,6.843016805757771,0.7256767054078199,4.617163349034307,0.323898792453558,0.09459182288321122,2.162597941620949,0.3520006715030125,1.0388085241665497,israel_hamas_war,2023-10-07
2023-10-21,10658,-3.7450411026314696,-369601.4292200098,90320.67153225832,2.364703671439862,6.109744774071332,3.196011732403737,1.434134486622548,3.7450411026314696,4.0921023166662955,5.370892599102724,0.7209607579013103,4.565596608505892,0.2979770495056,-0.0048980773153536605,1.4817274074834723,0.2550004471331916,0.9430863344856566,israel_hamas_war,2023-10-07
2023-10-22,9276,-4.219133504412494,-364620.42969637195,78791.46173730306,2.137493496678135,6.35662700109063,2.781591746085294,1.3301450178430623,4.219133504412494,4.62766423742772,5.612059410509019,0.7483561132386088,4.564066142110818,0.7694657291532313,0.5000840232442635,1.5932692019571455,0.8184833126105692,0.9402453638703272,israel_hamas_war,2023-10-07
2023-10-23,12766,-3.843369823892186,-451590.0548298972,105682.65463402349,2.2175385971414636,6.06090842103365,3.8281371529241985,1.5744607106454194,3.843369823892186,4.2730763756242,6.051234784198452,0.732131087838949,4.547305302917041,0.39576574804725795,0.16574262154059274,1.7963917169678765,0.4847579897564389,0.9091325921093596,israel_hamas_war,2023-10-07
2023-10-24,13788,-4.030442612769301,-525269.6542696849,116827.57816317052,2.221345931908449,6.25178854467775,4.134604031373872,1.6360027286981804,4.030442612769301,4.496110101127426,6.593815112352,0.7378365777096195,4.5551765609206765,0.5818111305387713,0.37604144009761337,2.047339942784911,0.6021116703966192,0.9237438326867242,israel_hamas_war,2023-10-07
2023-10-25,14832,-4.045198037944811,-579189.1475284728,127957.64279395617,2.2909676879435925,6.336165725888404,4.447668044193303,1.6951876353082207,4.045198037944811,4.526413076092003,6.857369696297118,0.7344462432596146,4.56236067950924,0.5964855187118473,0.40461415850347265,2.1692362811060035,0.5323773907242378,0.9370795517020762,israel_hamas_war,2023-10-07
2023-10-26,12726,-4.174308270025543,-515396.1112655767,109025.23768860003,2.196408559023061,6.370716829048604,3.816142363161002,1.571973268026637,4.174308270025543,4.727310136554445,6.561901012982671,0.7436236240826819,4.586945704147239,0.7248866755834994,0.5940402839538088,2.0325793880804373,0.7211428504194591,0.9827161842988416,israel_hamas_war,2023-10-07
2023-10-27,13917,-4.095620666104867,-523032.1090677273,114740.20363582595,2.0744934549703427,6.170114121075208,4.173287228360181,1.643508314003471,4.095620666104867,4.558403179479962,6.731186615747782,0.7483817833855769,4.592551959935423,0.6466312250894172,0.4347776727111363,2.1108754844664634,0.8190113104332916,0.9931229518093927,israel_hamas_war,2023-10-07
2023-10-28,11038,-4.703886764919589,-496831.1905398909,97100.91623007137,2.046539867679332,6.750426632598921,3.309962235154105,1.4609291419320494,4.703886764919589,5.116647811671486,6.872045255219499,0.767358456166157,4.657805551099986,1.2515567179409832,0.9611473342983826,2.176023857587034,1.2093340430269215,1.1142517368907743,israel_hamas_war,2023-10-07
2023-10-29,9677,-4.5754446796296255,-427362.7603994344,85909.92910325217,2.1511496816408124,6.726594361270438,2.9018395134613404,1.3614481120525084,4.5754446796296255,4.974544442771008,6.229230520882448,0.7576918560342508,4.702136624075659,1.123820038388535,0.8271578646550992,1.8787163277326149,1.0105060492051172,1.196542518364477,israel_hamas_war,2023-10-07
2023-10-30,12087,-4.277402172865211,-492647.87357008585,102439.93631919188,2.0989069353756133,6.376309108240824,3.6245255966939363,1.5313737920155504,4.277402172865211,4.8091388112058935,6.550301585436153,0.752347677678787,4.726838032943994,0.8274143852599085,0.6711966582396226,2.0272145497104255,0.9005840242383879,1.242395192410787,israel_hamas_war,2023-10-07
2023-10-31,12808,-4.5154812854107,-572431.7058356644,113594.2648425431,2.1767637624532656,6.692245047863965,3.840731682175555,1.577065883306116,4.5154812854107,5.039265905097688,7.121211481928461,0.75456515953383,4.769466345299955,1.0641859639733748,0.8881838239887093,2.291265452760466,0.9461944211264516,1.3215251773448786,israel_hamas_war,2023-10-07
2023-11-01,12463,-4.353007111925466,-541519.0844488573,108533.96428324979,2.1777435869101613,6.530750698835628,3.737276620467984,1.5554624179444803,4.353007111925466,4.989397448301175,6.770938967645105,0.7499288033667624,4.805866541361472,0.9026041009323056,0.8411627847987563,2.1292613006545222,0.8508312755776128,1.3890940489880699,israel_hamas_war,2023-10-07
2023-11-02,12101,-3.8622594675309863,-449634.78126791265,101532.38480916963,2.264076646251432,6.126336113782418,3.628723773111055,1.532281187145065,3.8622594675309863,4.428486360415963,5.918067521970646,0.7301590862089724,4.772468927284901,0.41455164949772205,0.31227891832679155,1.7348006742061444,0.4441967663116609,1.3270988032779945,israel_hamas_war,2023-10-07
2023-11-03,12289,-3.8800904047579206,-451150.58602347196,103080.35798596418,2.2539639922651995,6.13405439702312,3.685099284998079,1.5443871075678808,3.8800904047579206,4.376688195872412,5.9923615973059725,0.7312876668053613,4.729803611372605,0.4322846589668132,0.2634383549440427,1.7691623445924713,0.4674100380705254,1.2479001294680494,israel_hamas_war,2023-10-07
2023-11-04,8478,-4.035372345618704,-318540.49664441566,71690.58831637888,2.2103504110771124,6.245722756695816,2.5422956903095217,1.264775017047802,4.035372345618704,4.44326799549558,5.103838127224125,0.7386079368966422,4.6887343808588025,0.586713789226084,0.3262165431706155,1.3582123398758716,0.617977414047845,1.1716642333651275,israel_hamas_war,2023-10-07
2023-11-05,9635,-4.264922604098873,-384687.23414774134,82255.21066331993,2.1361017837481726,6.401024387847046,2.889244984209984,1.3582150473294403,4.264922604098873,4.676752160082728,5.79268205658255,0.7497867852936947,4.680983616606897,0.8150033544606201,0.5463690956765813,1.6768087816702224,0.8479101690697224,1.157276662650164,israel_hamas_war,2023-10-07
2023-11-06,11054,-4.134408332041131,-435691.2375435679,94483.61976789075,2.206525695020268,6.340934027061399,3.3147601510593834,1.4620417380679855,4.134408332041131,4.611288587523326,6.0446775436601765,0.7418501207651335,4.669647912000503,0.6852058686192446,0.4846433995438461,1.7933589349189296,0.6846644503767614,1.136234447156595,israel_hamas_war,2023-10-07
2023-11-07,11489,-4.320070323447143,-477478.1452653309,97788.5378110873,2.0957111091044944,6.415781432551637,3.445203489734147,1.4918256473857696,4.320070323447143,4.8827618855263655,6.444791707028585,0.7537786588136139,4.689926089509542,0.8698482017591935,0.7406159602451706,1.9784152928655347,0.9300172380211111,1.1738763755393564,israel_hamas_war,2023-10-07
2023-11-08,11999,-4.135540622672825,-465475.8384714321,101393.83171137162,2.157324767894007,6.292865390566832,3.5981370592149036,1.5256512343384199,4.135540622672825,4.5907707659816905,6.309392655637473,0.744701038977926,4.678109490809822,0.6863319406948762,0.4652971162863066,1.9157920277730827,0.7433037176542644,1.1519414870719678,israel_hamas_war,2023-10-07
2023-11-09,12937,-3.8837731290384268,-465663.8570427702,108273.54364436962,2.2427599394759024,6.126533068514329,3.879414879161864,1.5850253108651655,3.8837731290384268,4.300809240826814,6.155878711183909,0.7320251618225432,4.637177847805196,0.4359471576738145,0.19189197977846353,1.8447904635809238,0.48257924469115115,1.0759609915919317,israel_hamas_war,2023-10-07
2023-11-10,11806,-3.7917228080473455,-408469.5122575732,96218.03923288904,2.1791021413299205,5.970824949377266,3.54026219860748,1.5129847633828588,3.7917228080473455,4.2452487653474344,5.736818835546902,0.7326231121975797,4.595292218259674,0.3444023783392754,0.13950392803688624,1.6509715452650104,0.4948782197031713,0.9982096321851684,israel_hamas_war,2023-10-07
2023-11-11,9600,-4.270655795551669,-382709.47579872026,83129.5828554166,2.19433787594378,6.464993671495449,2.878749543167187,1.3555128190020862,4.270655795551669,4.603769953523633,5.788928676415839,0.7465926943757341,4.593965161234612,0.8207050591453842,0.4775540687992221,1.6750728099720624,0.7822123352257023,0.9957462458441152,israel_hamas_war,2023-10-07
2023-11-12,9765,-4.573253181284871,-440763.84060824657,86157.30770170335,2.124909902020307,6.698163083305177,2.9282280509403726,1.368188446581976,4.573253181284871,5.1158033179759235,6.257072165928228,0.7591644197487142,4.64701189256038,1.1216405757834889,0.9603510599858097,1.891593336104523,1.0407945565527152,1.0942157094147,israel_hamas_war,2023-10-07
2023-11-13,10479,-3.8111329041505235,-374752.59334148525,88048.5231124205,2.2956227411884327,6.106755645338955,3.1423350482134325,1.4212596501445813,3.8111329041505235,4.256205329679415,5.416609418007475,0.7267889357530839,4.6037438442272824,0.36370587392186865,0.14983488820562604,1.5028718426921504,0.37487764222684034,1.0138981968625806,israel_hamas_war,2023-10-07
2023-11-14,10432,-3.716468953616378,-359503.6919688218,86294.72663622902,2.2778241234711922,5.994293077087571,3.1282411702416764,1.4178514494963652,3.716468953616378,4.1659983869500055,5.269400892893222,0.7246383158936226,4.5573322860034775,0.2695618191344475,0.06477863297412205,1.4347865910054913,0.3306424999539492,0.9277454570508245,israel_hamas_war,2023-10-07
2023-11-15,10877,-3.644556180473667,-367574.67889638105,89484.3509541391,2.291188442545142,5.935744623018809,3.2616832063572385,1.4496642011055783,3.644556180473667,4.107697882110848,5.2833826237507555,0.7215015092154414,4.505336596777883,0.19804399195248543,0.009807003632911706,1.4412532658377504,0.2661229201307368,0.8312270194757642,israel_hamas_war,2023-10-07
2023-11-16,11852,-4.002070982244428,-444021.7353376401,97568.33011585512,2.1150769842344816,6.11714796647891,3.5540562068351558,1.5160183098655922,4.002070982244428,4.550879725115695,6.067212886464327,0.7430734707934346,4.509520262947,0.5535953174074708,0.4276837968378656,1.8037817313261004,0.7098269923822088,0.8389930656229145,israel_hamas_war,2023-10-07
2023-11-17,11277,-4.018886807241827,-426897.07305032265,94183.6647188206,2.1664750462691544,6.185361853510981,3.381631103989205,1.4774210532364171,4.018886807241827,4.532602063476687,5.937587979593163,0.7405989757383568,4.513678396533675,0.5703187896576579,0.41044976355435336,1.7438290594116637,0.6589302054240758,0.8467117162070604,israel_hamas_war,2023-10-07
2023-11-18,7736,-4.633513329581,-339000.4834164435,67267.43319168162,2.03093162319306,6.664444952774059,2.3197923402022247,1.199902232840321,4.633513329581,5.039592969906347,5.559762990059632,0.7664354607934648,4.5715023660649825,1.1815697744982896,0.8884922138642648,1.5690816425352683,1.1903493621923973,0.9540490604498683,israel_hamas_war,2023-10-07
2023-11-19,6851,-4.404841101489726,-282804.3204142498,58597.98303132617,2.07418016676544,6.479021268255166,2.0544076166914995,1.1165856676647006,4.404841101489726,4.82617840725105,4.918382442263821,0.7574966306448923,4.598066263651751,0.954153417497413,0.687263317705137,1.2724374367074314,1.0064905451003054,1.0033590307409586,israel_hamas_war,2023-10-07
2023-11-20,8213,-3.931952391804439,-294806.1192709318,66661.22310139865,2.092298679380786,6.024251071185224,2.462830208128344,1.2420862339347916,3.931952391804439,4.42245289772888,4.8838239383472715,0.7422182154141446,4.581329858124212,0.4838618192516128,0.3065899577355691,1.2564538213886411,0.6922356253090783,0.9722916146493656,israel_hamas_war,2023-10-07
2023-11-21,9060,-4.027879315136682,-340903.05120940047,76274.44493966848,2.195466796055747,6.22334611119243,2.7168198813640325,1.3128684320737352,4.027879315136682,4.46942683724605,5.288075601045725,0.7392189587482625,4.569992197850688,0.5792619105727745,0.35088175244572267,1.4434238095616265,0.6305452504413211,0.9512457688945466,israel_hamas_war,2023-10-07
2023-11-22,10840,-3.8378773180450354,-407933.1894094907,98459.1261789936,2.6225339507096592,6.4604112687546955,3.2505880258262816,1.4470573323835478,3.8378773180450354,4.143172961619517,5.553628513865574,0.7112683290118624,4.525193832692907,0.39030340711941053,0.04325650680583665,1.5662443927542922,0.05564119309840274,0.8680875633712781,israel_hamas_war,2023-10-07
2023-11-23,7910,-3.7962072188024436,-284430.8291044481,67685.24707676383,2.380357014920133,6.176564233722576,2.37196967567213,1.2154970471193765,3.7962072188024436,4.2022573808715915,4.614278664707631,0.7218208575546138,4.490000586404179,0.3488621606474834,0.09896729016742814,1.131786735821004,0.2726914539214733,0.8027591256570549,israel_hamas_war,2023-10-07
2023-11-24,8435,-4.103121481618134,-325891.12346886675,72458.13313882625,2.2435271749482686,6.346648656566401,2.5294012913140853,1.2611282507004726,4.103121481618134,4.497647252993328,5.1745624165246085,0.7388263966940619,4.490429728775741,0.6540908460184701,0.3774908227890092,1.3909229524823508,0.6224708163463759,0.8035557330646559,israel_hamas_war,2023-10-07
2023-11-25,7841,-4.420885695149438,-349046.9976185784,71570.01897977918,2.3533895067027455,6.774275201852183,2.351278663330616,1.2093419635581215,4.420885695149438,4.8770002103422,5.346362587238032,0.7421695930069578,4.5277633243031294,0.9701098940232574,0.7351832684789126,1.4703820589013294,0.6912355326659768,0.8728572533066273,israel_hamas_war,2023-10-07
2023-11-26,9121,-4.389061092895848,-391410.93512143753,82426.42235426238,2.323966457951943,6.713027550847791,2.7351119357529075,1.3177777875474626,4.389061092895848,4.748610020209098,5.783807216406939,0.7428385527655555,4.548600272222735,0.9384600729325021,0.6141239746955062,1.6727040891833818,0.7049950680697933,0.911536414733019,israel_hamas_war,2023-10-07
2023-11-27,10525,-4.17949290983865,-408689.867496504,88874.02439127868,2.132297459155671,6.3117903689943216,3.156129056441108,1.4245841257964977,4.17949290983865,4.598530001265581,5.9540392532351545,0.747480426240091,4.552430159071852,0.7300428412818891,0.4726133103256895,1.7514379197382768,0.8004716966592224,0.9186457482233814,israel_hamas_war,2023-10-07
2023-11-28,8252,-3.930130075346784,-307892.5834580075,69171.92926185192,2.2261570455701807,6.156287120916965,2.474525128147461,1.2454578159082634,3.930130075346784,4.451120371277676,4.894811219876784,0.7344262602463474,4.539051149647424,0.4820495109815538,0.3336205595188813,1.2615355367832384,0.5319663690222723,0.8938105915944325,israel_hamas_war,2023-10-07
2023-11-29,8114,-4.007391401103361,-304025.3783150566,68085.7654805286,2.1918777207281197,6.199269121831482,2.433143103464433,1.233476198274537,4.007391401103361,4.465329517401149,4.943021910431044,0.7387868712282577,4.52878482400593,0.5588865164512588,0.34701838370770477,1.2838334098026631,0.6216578346399344,0.8747534404091761,israel_hamas_war,2023-10-07
2023-11-30,9946,-3.8160350323081422,-350869.61578241235,83349.89484609361,2.2821038816990162,6.0981389140071585,2.9825044746188376,1.3819108863717648,3.8160350323081422,4.209598781501723,5.273420353922651,0.7276804577943364,4.495657414241834,0.36858107952275204,0.10588950731457437,1.436645627468366,0.39321496212125556,0.8132597689344757,israel_hamas_war,2023-10-07
2023-12-01,8616,-4.516536970709249,-377790.1836889447,74725.34182110026,2.078160357559735,6.594697328268985,2.5836777149925503,1.2763895677971764,4.516536970709249,5.055717036308929,5.764860671983547,0.760383436136003,4.555413309680643,1.0652358514334281,0.9036956191212372,1.6639411439350824,1.0658679618258415,0.9241833041265703,israel_hamas_war,2023-10-07
2023-12-02,6146,-4.691511908689046,-271683.16763879947,52469.457899967885,1.9228299470521484,6.614341855741195,1.8429994471151594,1.0448596381965116,4.691511908689046,5.1779297616674205,4.901971435507463,0.7747696788270089,4.6217221206538275,1.2392498245947725,1.01893017253927,1.2648472001734334,1.3617721819088775,1.04727087019044,israel_hamas_war,2023-10-07
2023-12-03,6830,-5.262964358580099,-351817.07407208247,60262.07606162608,1.7800900067733527,7.043054365353452,2.0481103520658213,1.1145218419150282,5.262964358580099,5.838117387663548,5.865688730857837,0.7982476618656683,4.749775280770888,1.807563849599931,1.6414220286910493,1.7105750176200827,1.8446803608818776,1.2849730936848407,israel_hamas_war,2023-10-07
2023-12-04,7829,-4.526780792270268,-336684.54000989225,66716.77085748402,1.9974839720781774,6.5242647643484455,2.347680226401657,1.2082676362382219,4.526780792270268,5.046475356684987,5.469562727644981,0.7656016348452241,4.78184860502673,1.0754234137824685,0.8949816261947762,1.5273632192038908,1.1731987675445392,1.3445100897535138,israel_hamas_war,2023-10-07
2023-12-05,8300,-3.8193008264442243,-298437.6868354671,69170.3482532177,2.257238035766906,6.076538862211131,2.488918875863297,1.2495919105337163,3.8193008264442243,4.314532084513313,4.77256741661944,0.7291458526668066,4.731978906860999,0.37182893787154186,0.2048312687043961,1.2049966909151002,0.42335601674999973,1.251938081939319,israel_hamas_war,2023-10-07
2023-12-06,8935,-4.3618383560311065,-405976.9557823141,77725.61440850371,2.1685835868699366,6.530421942901043,2.679336163354043,1.3027323455156126,4.3618383560311065,5.2232067751644236,5.682307912312367,0.750709023066108,4.784594318255692,0.911386843721205,1.0616219332796084,1.6257597586160037,0.8668792671614488,1.349606895947173,israel_hamas_war,2023-10-07
2023-12-07,8825,-3.899181489675016,-323129.9601990888,73760.65584336013,2.22948324062199,6.128664730297006,2.6463504915052525,1.2937268020545745,3.899181489675016,4.380790226232468,5.04447559926765,0.7332563088881455,4.7446556036284,0.45127089537724124,0.2673061652335328,1.3307566429076694,0.5079021604850253,1.2754695512558194,israel_hamas_war,2023-10-07
2023-12-08,8551,-4.052144427884999,-338892.865053664,74101.62021852087,2.306849094589887,6.358993522474886,2.5641861816273557,1.2709357477579755,4.052144427884999,4.573352971963244,5.150015208477335,0.733799793450294,4.729337294232787,0.6033937589808602,0.4488738534112224,1.379569650512874,0.5190808524439938,1.2470345153677247,israel_hamas_war,2023-10-07
2023-12-09,6634,-5.095224492896726,-362383.8870072956,63358.454423771356,2.227670721879294,7.32289521477602,1.989335882226158,1.0950512497640164,5.095224492896726,5.719582182095234,5.579531948774786,0.7667498725568255,4.83452385023552,1.640745213616278,1.5296550139394196,1.5782249617055393,1.196816357753395,1.4422899719352265,israel_hamas_war,2023-10-07
2023-12-10,6552,-4.659880595557955,-302046.50763168785,58604.93431695609,2.1423532245772567,6.8022338201352115,1.964746563211605,1.086791552645165,4.659880595557955,5.153943283992337,5.064318867587507,0.7604860667275082,4.866676421374737,1.2077922310799387,0.9963132884557847,1.339934330930797,1.0679789247637173,1.5019740722250363,israel_hamas_war,2023-10-07
2023-12-11,6538,-4.237672310001641,-271546.7236114832,56539.27701157512,2.205060832730528,6.44273314273217,1.9605483867944862,1.0853745169853264,4.237672310001641,4.802797947980308,4.599461536610123,0.7450146431578758,4.86330712892093,0.7879027193615415,0.6652178492412808,1.1249336823377953,0.7497541023916792,1.4957197298320744,israel_hamas_war,2023-10-07
2023-12-12,7594,-4.033668105480258,-286819.4742839888,64389.720671091905,2.222678764687571,6.256346870167829,2.2772108365428765,1.1869927059268506,4.033668105480258,4.454429547055915,4.787934619334845,0.7378615349916351,4.824012230312763,0.5850189087984292,0.3367407860899577,1.2121041587997639,0.6026250056175539,1.422777486449642,israel_hamas_war,2023-10-07
2023-12-13,8046,-3.971525071886047,-305670.00018192054,69107.1529503667,2.308741127390726,6.280266199276774,2.4127519608669985,1.2275189924717318,3.971525071886047,4.423131139571835,4.875122454817783,0.7311981420457692,4.785666099758909,0.5232171656180652,0.3072294729386954,1.2524293078919346,0.4655686431535754,1.3515964200337462,israel_hamas_war,2023-10-07
2023-12-14,7405,-4.207256334276654,-306566.29972693283,64580.600658849056,2.256979574850131,6.464235909126786,2.2205354549117726,1.169547636076881,4.207256334276654,4.74703388632738,4.920586700122744,0.7412081401959654,4.78288613874866,0.7576537886026964,0.6126378358056814,1.2734569255650947,0.6714598379071754,1.3464360404479574,israel_hamas_war,2023-10-07
2023-12-15,7308,-4.176224816198302,-284209.7825318112,60760.181476734535,2.0689881308126266,6.24521294701093,2.191448089736021,1.1604747604198662,4.176224816198302,4.6775663868060855,4.846403493037225,0.7511500971114071,4.7731547282744105,0.7267926960577429,0.5471368312178018,1.239146532730026,0.8759515228001437,1.328371840350504,israel_hamas_war,2023-10-07
2023-12-16,5979,-5.4626544616392065,-328294.94039209577,54741.68268582926,1.8465020621917085,7.309156523830915,1.7929211998538135,1.0270880731220733,5.4626544616392065,5.997165674943346,5.610627245136709,0.7983212190753106,4.900844013213845,2.006157251806628,1.7913888860934082,1.592606812739164,1.8461933263738541,1.565398610472907,israel_hamas_war,2023-10-07
2023-12-17,5201,-5.113654127247877,-270724.11340078415,47744.6878440852,2.033125622790713,7.14677975003859,1.5596225389596394,0.9398598019013916,5.113654127247877,5.670245751419705,4.806117955027423,0.778524337646403,4.982445544543184,1.6590736321565651,1.4831356229393617,1.2205141132244233,1.439000087310844,1.7168737120619664,israel_hamas_war,2023-10-07
2023-12-18,7189,-4.561454783655724,-320506.1812820998,62536.251070051294,2.0687127994401364,6.6301675830958615,2.155763590190511,1.1492304921267107,4.561454783655724,5.125126239548291,5.242162925834406,0.7621863149660828,5.000594123911443,1.1099069751199335,0.9691416560615604,1.422188789069815,1.1029505737056275,1.7505625149400539,israel_hamas_war,2023-10-07
2023-12-19,7302,-3.888026824347793,-273311.24812486087,61833.736109030884,2.290013985048158,6.178040809395951,2.1896488712715416,1.1599108390367077,3.888026824347793,4.420099209967412,4.509764456026475,0.7295702448039618,4.942272220952499,0.4401774916287611,0.3043706621811764,1.0834479850770127,0.4320851496481112,1.6423008679873932,israel_hamas_war,2023-10-07
2023-12-20,5596,-4.065481488770331,-219232.0920409104,48073.80839002421,2.26263169932679,6.328113188097122,1.678071087871206,0.9850967920515439,4.065481488770331,4.560322957196859,4.004892772732588,0.7366198474082168,4.906381003253256,0.6166575725403735,0.43658783386431904,0.8499403427726531,0.5770852866061491,1.5756768015197433,israel_hamas_war,2023-10-07
2023-12-21,5752,-4.266915623304992,-243256.36298929167,50620.579683473334,2.2668012011668135,6.533716824471806,1.7248507679476728,1.0024136625597018,4.266915623304992,4.805483550570842,4.2772145177903695,0.7424241170164162,4.899622571363064,0.8169854279772496,0.6677501077624025,0.9758915710566051,0.6964707236834526,1.563131275222966,israel_hamas_war,2023-10-07
2023-12-22,6618,-4.431850237117805,-301082.6962333773,60768.819305605255,2.3752519217557877,6.807102158873592,1.9845379663208793,1.0934449497119734,4.431850237117805,4.954558927979793,4.845984259656276,0.7413242943041701,4.907639499368352,0.9810142185730409,0.8083134941933522,1.2389526335639607,0.6738489600383666,1.5780129197736297,israel_hamas_war,2023-10-07
2023-12-23,4522,-4.037807951802969,-174705.13502563688,39615.76925172834,2.3614331815209337,6.399241133323902,1.356010982729377,0.8569699273783804,4.037807951802969,4.409989716860411,3.460279987224437,0.7304507510889293,4.855295458101439,0.5891360190269551,0.2948384066811812,0.5980520873586698,0.45019589135653576,1.4808478440780863,israel_hamas_war,2023-10-07
2023-12-24,5237,-3.4941219906837797,-181491.03771976227,46797.265230703735,2.7208848926382267,6.215006883322006,1.5704178497465164,0.9440684731412279,3.4941219906837797,3.8782402523958988,3.2986904127140235,0.6955105365132014,4.752783325024647,0.04843598884710026,-0.20654892338696917,0.5233154724653222,-0.2684738242620196,1.2905568591056589,israel_hamas_war,2023-10-07
2023-12-25,5711,-4.0760244165515145,-247997.1145363396,54285.52338390979,2.7147038995783643,6.79072831612988,1.7125561084403962,0.99789140379196,4.0760244165515145,4.568383964588354,4.067429726922895,0.7144050014798728,4.734176907650594,0.6271425984140142,0.4441885692552826,0.8788642400976174,0.12015801241237324,1.2560181817545175,israel_hamas_war,2023-10-07
2023-12-26,6323,-4.88564006980175,-302341.5481975253,56408.983548829296,2.0177986230802487,6.903438692881999,1.8960763918173043,1.0633568525655195,4.88564006980175,5.3598120224203205,5.1951788473923735,0.7738207659300891,4.801758664034752,1.432311831118402,1.1904272161658023,1.4004582350580232,1.3422544150589322,1.38146868797776,israel_hamas_war,2023-10-07
2023-12-27,5368,-4.485163496417091,-238445.49002451988,46442.59051955698,2.0832929276071193,6.568456424024208,1.6097007862209853,0.9592355734681449,4.485163496417091,5.134198746387983,4.302328378584038,0.7592055845660503,4.838696499100898,1.0340346807029994,0.9776961357279553,0.9875069549593616,1.041641257350854,1.4500355669073068,israel_hamas_war,2023-10-07
2023-12-28,5267,-4.779323135041708,-249268.75755315463,45652.5964830486,1.9441714003022512,6.723494535343961,1.5794139420689137,0.9475622188932395,4.779323135041708,5.460122243993534,4.528706034647915,0.7756983927695288,4.90774508289384,1.3265787904582225,1.2850098674596515,1.0922086335977588,1.3808744854598531,1.5782089121157938,israel_hamas_war,2023-10-07
2023-12-29,5259,-4.917463765637469,-246590.0067378794,45279.62030794199,1.8462329686684296,6.763696734305898,1.5770149841162744,0.9466317462114432,4.917463765637469,5.445938041459853,4.655027311396896,0.785569333042215,4.963719372217491,1.4639607507693466,1.2716355626172955,1.1506333472083274,1.5839054606498888,1.6821127362665431,israel_hamas_war,2023-10-07
2023-12-30,3720,-4.678286559390901,-172600.8695714554,33344.33517260299,2.1426222004931237,6.820908759884024,1.1155154479772849,0.7492984934331883,4.678286559390901,5.17631761671083,3.505433070800336,0.7609622580694504,4.984970293604705,1.2260971091008395,1.0174100787554772,0.6189357899656198,1.0777734924402238,1.7215603474026344,israel_hamas_war,2023-10-07
2023-12-31,4244,-4.485847012943744,-173778.28807913113,35460.776552352014,1.9348305642576298,6.420677577201375,1.2726471938751605,0.8209453167541444,4.485847012943744,4.9005776233517055,3.682635096951735,0.7684365173845935,4.971353468117603,1.0347144433472828,0.7574144449045521,0.7008933025522041,1.2315082041956777,1.6962837381236413,israel_hamas_war,2023-10-07
2024-01-01,3710,-4.444124732642521,-155284.09566276075,31664.470956849545,2.045386549696198,6.48951128233872,1.1125167505364857,0.7478800094657961,4.444124732642521,4.904048321993842,3.3236720471158674,0.7603502010277104,4.9638364009485,0.9932213023958316,0.7606869716148597,0.5348697004862437,1.065184363682121,1.682329974088305,israel_hamas_war,2023-10-07
2024-01-02,6054,-4.818505416763359,-274293.33647072176,51802.80477467245,1.8691421359090743,6.687647552672433,1.8154114306598073,1.0351084074517232,4.818505416763359,5.294951454150412,4.987675468243422,0.7815603510270533,5.002362267127404,1.365545882537997,1.1292700936394986,1.304486077302734,1.5014464946778374,1.7538446797340057,israel_hamas_war,2023-10-07
2024-01-03,6815,-5.4760651039301065,-402260.39161576703,65293.84341869448,2.0524181757454723,7.528483279675579,2.0436123059046225,1.1130450685189903,5.4760651039301065,6.160770611040407,6.095107258818337,0.7857802644881421,5.123380792915594,2.0194942426615956,1.9456522141783394,1.8166831265468601,1.588244015638751,1.9784886685084344,israel_hamas_war,2023-10-07
2024-01-04,7718,-5.060434446839868,-403947.4058620238,69294.35223277609,1.9589219468817038,7.019356393721572,1.5961904671966078,0.9540451656406529,5.060434446839868,5.829441979702316,4.827883020049008,0.7818154135383959,5.829441979702316,1.7372720107742161,1.984952067624498,2.638214986139577,1.539077134609216,4.171907182043594,israel_iran,2024-04-01
2024-01-05,5502,-4.717690494012383,-250235.35618435877,46497.895752879085,1.8666996233027042,6.584390117315088,1.1378906388333425,0.7598196601408667,4.717690494012383,5.381649043093838,3.5845939878102864,0.7791172877586501,5.593761486750486,1.1986331221482895,1.318366805561024,1.1061767350893459,1.4560634790938614,3.426048913969508,israel_iran,2024-04-01
2024-01-06,4172,-4.598590060026786,-175449.72661964636,34469.82915642324,1.8317966713796132,6.430386731406399,0.8628280162145955,0.6220957718533333,4.598590060026786,5.089950571656732,2.8607634328294296,0.7782914537140472,5.407853400000023,1.011460963842822,0.8841440071866354,0.21423924609469874,1.430654914598408,2.8377054245785214,israel_iran,2024-04-01
2024-01-07,4291,-4.3534496149203195,-171940.16221980948,35690.72472514496,1.9820639043954635,6.335513519315783,0.8874388824489045,0.6352208214572732,4.3534496149203195,4.817502685751673,2.765401840562535,0.7617017788442684,5.2361899181016955,0.6262107622852952,0.47857766038324434,0.09673028136839634,0.9202378076237695,2.294441848978217,israel_iran,2024-04-01
2024-01-08,6023,-4.3917231857107675,-263771.8774857574,52826.43637956211,2.189530768057958,6.581253953768725,1.2456407338591824,0.808990885311057,4.3917231857107675,4.993179467767534,3.5528640280492496,0.7503609041264957,5.176848155914163,0.6863595510946756,0.7400903913910987,1.0670776110741835,0.5713113512920469,2.106642920796649,israel_iran,2024-04-01
2024-01-09,5682,-4.418880000570105,-242535.7828988491,49134.56457336694,2.1142633236648707,6.533143324234976,1.1751171591877594,0.7770825293831335,4.418880000570105,4.936154110752291,3.43383444788356,0.755503191910334,5.125479161793494,0.7290378141355891,0.6552023562242908,0.9204038569496703,0.7295249193372635,1.9440754188889657,israel_iran,2024-04-01
2024-01-10,6214,-4.293106523791107,-252496.16463843762,53394.82209157196,2.149779381455908,6.442885905247015,1.2851422082352582,0.8264282579611517,4.293106523791107,4.728851127276115,3.5479445456983405,0.7498122748034101,5.049453538308147,0.5313786426404247,0.34661081252196674,1.06101559738185,0.5544315875782353,1.703477059848607,israel_iran,2024-04-01
2024-01-11,6927,-4.630603749174119,-310270.0857513436,60490.09309597411,2.0509528602169036,6.681556609391023,1.4326005916391427,0.88896088741484,4.630603749174119,5.1292710900455445,4.11642561813231,0.7651359134101245,5.06346810483335,1.0617720424216899,0.9426765920308561,1.7615242686428318,1.025896359935668,1.747828971139091,israel_iran,2024-04-01
2024-01-12,9441,-4.778284284442759,-418505.4283305256,80114.33697248138,1.85375251790368,6.632036802346439,1.952530992589165,1.082662766100896,4.778284284442759,5.223851861549809,5.173270480611238,0.7815462477391507,5.089649809222164,1.2938592280089465,1.0834696756306972,3.0638173901611387,1.530795668599444,1.8306862345726804,israel_iran,2024-04-01
2024-01-13,6408,-4.857756828106677,-297166.88911913644,55798.50580779306,1.9249375821851955,6.782694410291873,1.3252641246172407,0.8438336345730126,4.857756828106677,5.325714099635134,4.099138600133126,0.7789367323000972,5.125893702399784,1.4187542181094843,1.235101961710828,1.7402224054922701,1.4505083012180775,1.945387315918634,israel_iran,2024-04-01
2024-01-14,5586,-4.701478997273325,-256792.34045192983,48150.332366772556,1.9591720988188113,6.660651096092137,1.155263014998737,0.7679127648316835,4.701478997273325,5.333137443286609,3.61032573559425,0.7727131920785236,5.156095821480307,1.173155961969524,1.2461523626188529,1.1378845848726133,1.2590276712496955,2.040967989344035,israel_iran,2024-04-01
2024-01-15,6196,-4.506429498213956,-266399.91776149726,52527.16702765313,1.985581815422809,6.492011313636766,1.2814195561998163,0.8247978615920228,4.506429498213956,5.071659730311555,3.7168934135420835,0.765784723895676,5.14432888074606,0.8666261325336615,0.856916232305281,1.269202206687148,1.0458584130566277,2.00372914141626,israel_iran,2024-04-01
2024-01-16,7213,-4.0150502359560365,-271246.2249753917,60916.948359315335,2.215194163826732,6.230244399782769,1.4917493962022716,0.912985032546656,4.0150502359560365,4.452721816849072,3.6656807703507805,0.7377052538903346,5.05159696576872,0.09439958401843711,-0.06443570855201419,1.2060956190216996,0.1819329920939572,1.710260366661412,israel_iran,2024-04-01
2024-01-17,6889,-4.212229656388566,-282173.1148829638,59903.19038827011,2.2416272525336964,6.453856908922262,1.4247416595643214,0.885724986576071,4.212229656388566,4.71048558606016,3.730877055860091,0.74220788504566,5.007367557972196,0.40427668908625636,0.3192718392967623,1.2864334975331844,0.3204661451614552,1.570287520016864,israel_iran,2024-04-01
2024-01-18,8176,-4.1560887894544525,-313485.5820223289,67503.84443936587,2.0501261311635433,6.206214920617997,1.690911280098402,0.9898799020813951,4.1560887894544525,4.6439663492634375,4.114028763946758,0.7516907164680207,4.96160541837195,0.31604857033339884,0.2202511999176866,1.758570754054318,0.6122258944345907,1.425464035654159,israel_iran,2024-04-01
2024-01-19,6026,-4.182547759278444,-242966.59088844428,51062.87338328549,2.145605757208229,6.328153516486673,1.2462611758650892,0.8092671344466446,4.182547759278444,4.7581848570232435,3.3847984398375006,0.7467941101573613,4.936636587459867,0.3576301357632497,0.39027704825780474,0.8599794197855327,0.46157124648645825,1.3464451540035383,israel_iran,2024-04-01
2024-01-20,5422,-4.4777993384598815,-232768.33474739894,46008.92421307443,2.0039004241926373,6.481699762652519,1.1213455186758239,0.7520505659812962,4.4777993384598815,5.05919968198806,3.3675315268394272,0.76384694304839,4.951346014844624,0.8216324359158264,0.838368184986924,0.8387023309472508,0.9862384083376454,1.3929960920813815,israel_iran,2024-04-01
2024-01-21,4391,-5.273162745170716,-232433.55910849755,39345.39450886686,1.8436502954705367,7.116813040641253,0.9081202826458027,0.6461186122580548,5.273162745170716,5.907516292818373,3.4070885951205776,0.7942460979623235,5.063849161392932,2.0715849380977995,2.101173611588681,0.8874463801061209,1.9215339356725158,1.7490349011760165,israel_iran,2024-04-01
2024-01-22,5706,-3.9509454477662374,-205004.77814530567,47396.437479543216,2.1777377107070683,6.128683158473305,1.180080695235015,0.7793618922787673,3.9509454477662374,4.325320404804429,3.0792163204612764,0.7378247809730891,4.978461706757941,-0.0063442265763297345,-0.2540856487190865,0.4834269982795072,0.18561050043957436,1.4788091466740279,israel_iran,2024-04-01
2024-01-23,7012,-4.333837679375819,-295813.5576809552,59855.711779836856,2.1011724167180277,6.435010096093846,1.4501797818065063,0.8961614021936172,4.333837679375819,4.942110767457346,3.8838180516289653,0.7538510436527807,4.974323503977863,0.5953896461770546,0.6640694446621617,1.4748944664598667,0.6786930169321258,1.4657129726129894,israel_iran,2024-04-01
2024-01-24,7412,-3.624476773401037,-249722.91469044003,59946.212195521526,2.2316237419774043,5.856100515378441,1.5329053825940993,0.9293670164308652,3.624476773401037,4.165783050244105,3.368469165018691,0.7240727216994662,4.883535530299277,-0.51940571892529,-0.4915732029086435,0.8398577320800754,-0.23750124614283064,1.1783961906351692,israel_iran,2024-04-01
2024-01-25,5286,-3.670595329955431,-185767.18096043827,43077.86020247972,2.2394148021505216,5.910010132105953,1.0932188144080421,0.7387029838225694,3.670595329955431,4.312358601083552,2.7114797226432654,0.7252057881118653,4.820178634648774,-0.4469281512174968,-0.27338060990256324,0.030284953622514616,-0.20264001560235653,0.977890565971133,israel_iran,2024-04-01
2024-01-26,6735,-4.47183583725411,-288497.7571719218,58148.552571835964,2.0809753680719765,6.552811205326087,1.392892303261098,0.8725028030079682,4.47183583725411,4.961391890460479,3.9016893025956954,0.7589730357148553,4.83567323727236,0.8122605020412907,0.6927713543601223,1.496916248495415,0.8362821433491682,1.0269263488336804,israel_iran,2024-04-01
2024-01-27,5992,-4.464270483040448,-250722.26196323513,51567.86885062637,2.0709245757883856,6.535195058828833,1.239229499798144,0.8061318333901618,4.464270483040448,4.861986107851143,3.5987905492429793,0.7593660483804678,4.838532606003355,0.8003711778034983,0.5447957517230391,1.12367039471659,0.8483740251588455,1.035975395629085,israel_iran,2024-04-01
2024-01-28,5852,-5.011343076668868,-273357.17877305025,50917.69681187931,1.8447810259067916,6.856124102575659,1.2102755395224865,0.7931171862749034,5.011343076668868,5.368608477775352,3.9745823204258297,0.7879782621847131,4.895639915432739,1.6601225210402835,1.298954599740816,1.5867383965675859,1.728690457442091,1.2167029491567192,israel_iran,2024-04-01
2024-01-29,7519,-5.060702011728235,-362621.34320825234,65786.7358020392,1.8443488080765131,6.9050508198047496,1.5550344808047805,0.93806571898722,5.060702011728235,5.51207380617617,4.747271071211918,0.7892028154481342,4.961541243264372,1.7376925020853435,1.512517310786204,2.5388812142589186,1.766366478157262,1.425260940633471,israel_iran,2024-04-01
2024-01-30,7321,-4.904038272922479,-341758.6296630503,63663.59594091409,1.89599315290593,6.800031425828409,1.5140853084149217,0.9219090429316017,4.904038272922479,5.368195506584878,4.521077230689908,0.7819701248841362,5.004717348776785,1.4914877726884432,1.298339850184221,2.260154701882562,1.5438371626464604,1.5619004005918913,israel_iran,2024-04-01
2024-01-31,6040,-4.439642866641474,-253896.25029210994,51120.79289718938,2.0120322833340127,6.451675149975487,1.2491565718926552,0.8105552890033066,4.439642866641474,4.966594528428551,3.598576006842049,0.7622753032063087,5.000694533665293,0.761667673869395,0.7005160093331,1.12340602564699,0.9378835208731201,1.5491693939894355,israel_iran,2024-04-01
2024-02-01,6705,-4.3912835382496915,-277282.11196453136,55866.74197417381,1.9704090865182429,6.361692624767934,1.3866878832020286,0.8699065818747207,4.3912835382496915,4.96327693662025,3.8200064528015183,0.7635159585426997,4.992169382024961,0.6856686236023958,0.6955774370061105,1.396262862923329,0.9760549565717762,1.5221898389236435,israel_iran,2024-04-01
2024-02-02,6311,-4.122192797434168,-233912.79098274326,50525.17207719554,1.9418486240364843,6.064041421470652,1.3052031664262493,0.8351688141809619,4.122192797434168,4.629628784348455,3.442726870458396,0.7574475026513461,4.951762294298043,0.26277936070895,0.19890827848040188,0.9313615113453019,0.7893458303121353,1.3943134920421216,israel_iran,2024-04-01
2024-02-03,5216,-4.590942208859346,-202154.35460181473,40816.665453731934,1.6171693723467777,6.208111581206123,1.0787418342702133,0.7317628233249643,4.590942208859346,4.952740562086544,3.359480832476663,0.793340407591048,4.951102379514204,0.9994419916064838,0.6798929734838768,0.8287818929867712,1.8936684191539632,1.392225059132014,israel_iran,2024-04-01
2024-02-04,4937,-4.135713960556541,-173880.79470700515,39463.73528493341,1.9288753759029538,6.064589336459495,1.0210407277208673,0.7036125904801158,4.135713960556541,4.406090641232075,2.9099404132719675,0.7586934520496708,4.894329184814477,0.2840285300001463,-0.1338509491192442,0.2748373959661368,0.8276801492377088,1.212554878789912,israel_iran,2024-04-01
2024-02-05,6654,-3.3235298349957607,-193825.03492593384,53407.20189747336,2.3514002386092243,5.674930073604986,1.3761403691016103,0.865477477660086,3.3235298349957607,3.629192843654734,2.8764402185201727,0.7070391888767723,4.760282941676162,-0.9923585547105058,-1.290342219206919,0.23355690651714178,-0.7615745997897492,0.7883386125356819,israel_iran,2024-04-01
2024-02-06,6148,-3.642937436094973,-201388.74345608772,49775.160037312766,2.226608708539433,5.8695461446344055,1.2714924841053052,0.8204370974314398,3.642937436094973,4.045968778505612,2.9888010161940906,0.72497948113399,4.683935481501568,-0.4903938844210509,-0.6699289142127229,0.37201307840582415,-0.2096028375890432,0.5467217366353231,israel_iran,2024-04-01
2024-02-07,7612,-3.8589189949713543,-277355.0755110168,63646.64083778885,2.251218434581378,6.110137429552733,1.5742681829878957,0.9455652929416044,3.8589189949713543,4.35773313186928,3.6488598699180104,0.7307591650012242,4.649265749343034,-0.1509682990032821,-0.20583601278611446,1.185368127495688,-0.03177840510931363,0.437002404082661,israel_iran,2024-04-01
2024-02-08,6430,-3.459178749051079,-204496.08272520595,51833.09193326904,2.3009776498344165,5.760156398885496,1.3298140326605583,0.8457884500835045,3.459178749051079,3.9452804202473257,2.925733432721708,0.7145590637833635,4.572328634130656,-0.7791796504371835,-0.8198137609561277,0.29429828500254623,-0.5302094389434925,0.19351944635374607,israel_iran,2024-04-01
2024-02-09,6572,-3.9768561554501844,-239323.00314054205,54087.61512147202,2.126576115935287,6.103432271385472,1.359181620940154,0.8583147881105553,3.9768561554501844,4.42472833389051,3.4133944484113825,0.7416070536195913,4.5531554485903065,0.034375718079899774,-0.1061068508333805,0.8952167441940501,0.301980271225969,0.132842048825088,israel_iran,2024-04-01
2024-02-10,4357,-4.102580582342655,-162129.68784286384,35870.51150141334,2.0651328786029826,6.167713460945637,0.9010886065788574,0.6424266729297128,4.102580582342655,4.5198599366634555,2.635607193940435,0.7491593073123959,4.545375571982854,0.23195780527890458,0.035506201049943314,-0.06320868555753707,0.5343416352236483,0.10822106632633409,israel_iran,2024-04-01
2024-02-11,5031,-4.44704712142484,-213300.4275209472,43895.86831936171,2.1390155288683497,6.58606265029319,1.0404812439059516,0.7131856839106476,4.44704712142484,4.859237000828711,3.171570342676252,0.7548428237609324,4.574144602144013,0.7733038224716228,0.5407034267326812,0.5972298960794759,0.709207269775017,0.199266441959349,israel_iran,2024-04-01
2024-02-12,7283,-3.7018487944544445,-267318.06413016556,63109.89988153743,2.481761301079617,6.183610095534062,1.5062263763401005,0.9187781861291064,3.7018487944544445,4.235754844041014,3.401177920693074,0.7136001231234638,4.535689345956158,-0.3978118028630394,-0.387413081807973,0.880162973691657,-0.5597133153743701,0.07756705810545657,israel_iran,2024-04-01
2024-02-13,7622,-3.5868846205945526,-265964.7412777584,65409.217643862015,2.497374905909888,6.08425952650444,1.5763363230075855,0.9463683598936217,3.5868846205945526,4.066166067386321,3.3945141155197223,0.7089860998416725,4.4866022659875595,-0.5784836260384539,-0.6398631985641293,0.8719515247377979,-0.7016736873220895,-0.07777886803224769,israel_iran,2024-04-01
2024-02-14,6492,-3.7732491331870994,-236374.75529810818,55697.29529690497,2.403062378639428,6.176311511826527,1.3426365007826353,0.8512770048447382,3.7732491331870994,4.243918022196012,3.2120802206325187,0.719902360088317,4.459757224668792,-0.28560267769773057,-0.3752613621070483,0.6471480413900838,-0.36581141046549503,-0.1627353944448335,israel_iran,2024-04-01
2024-02-15,6846,-4.111276660647372,-277364.36752655904,59022.51525054821,2.2550916762895334,6.3663683369369055,1.4158486574796552,0.8820506363388249,4.111276660647372,4.699297655295753,3.626354194688973,0.7384327396021172,4.484016834580655,0.24562411773989914,0.30261746815588725,1.1576355935292992,0.20431565813703279,-0.0859609851316566,israel_iran,2024-04-01
2024-02-16,5494,-4.0947825691154165,-217638.78616425255,46639.065643155765,2.197154187152863,6.291936756268279,1.1362361268175907,0.7590454612510775,4.0947825691154165,4.666448248115597,3.1081261238970836,0.741179096584469,4.5017533609896025,0.21970284601978673,0.25371778952393215,0.5190509952307615,0.2888132505645511,-0.029830184048633288,israel_iran,2024-04-01
2024-02-17,4589,-4.084311026830835,-180714.0929424448,39474.86621679954,2.258875889591723,6.3431869164225585,0.9490694550356613,0.6673520561324697,4.084311026830835,4.5779532715816345,2.7256733616400766,0.7374029996604546,4.506715671255671,0.2032463050601701,0.12198402978450744,0.04777501208909461,0.17263348919247395,-0.014125956285274162,israel_iran,2024-04-01
2024-02-18,4415,-4.123417226075659,-184442.67721973886,39504.5507307074,2.412192941968671,6.53561016804433,0.9130838186930583,0.6487165048108816,4.123417226075659,4.668896970301935,2.6749288107767826,0.730415062523077,4.51609353240759,0.26470361021711514,0.257362961179973,-0.01475477055922785,-0.04236545957405493,0.015552169338973888,israel_iran,2024-04-01
2024-02-19,6464,-3.740430880059034,-219982.44659022443,53614.320934578216,2.2769319094892184,6.017362789548253,1.3368457087275036,0.8488020322935805,3.740430880059034,4.103053862393474,3.174885332647774,0.7254821546486104,4.473562099584203,-0.33717816793093985,-0.5849519695304173,0.6013147800497582,-0.1941370033819654,-0.1190470943805055,israel_iran,2024-04-01
2024-02-20,6655,-4.611396509597704,-318517.09105401987,61292.715876786795,2.2993142077696525,6.9107107173673565,1.3763471831035794,0.865564511660629,4.611396509597704,5.1966548797465,3.9914611679034655,0.7503465814197622,4.547277096133824,1.031586925824696,1.042984206208152,1.6075372931224905,0.570870682346311,0.11423882151761046,israel_iran,2024-04-01
2024-02-21,5901,-4.2722071284903445,-250469.9111874804,51238.59910399939,2.2054147465495557,6.477621875039901,1.2204094256189666,0.7976916048343019,4.2722071284903445,4.888305214572703,3.4079037605100075,0.7460088166545302,4.585370032864311,0.4985342205437263,0.5839744149331886,0.8884508646026101,0.4374099991451255,0.2347915726588102,israel_iran,2024-04-01
2024-02-22,6359,-4.001956205516954,-246161.4333982372,53247.69079908554,2.1858194125022194,6.187775618019175,1.3151302385207606,0.8394659444960304,4.001956205516954,4.62295039848873,3.35950594589604,0.7389628463598967,4.590843311009069,0.07382167463401909,0.18896682290010136,0.828812838903692,0.22062553520318556,0.2521128609275461,israel_iran,2024-04-01
2024-02-23,5394,-4.195813972292414,-221566.5023599416,46819.262618714565,2.2420320775092026,6.437846049801616,1.1155547266206922,0.7493170601984688,4.195813972292414,4.732379152664766,3.143994990857811,0.7416977468318643,4.603732173523814,0.37847863848713637,0.35186263660403566,0.5632502721331858,0.3047706433938362,0.29290225572339657,israel_iran,2024-04-01
2024-02-24,3876,-4.391639546891406,-167173.20681728012,34954.12111224485,2.313225777669474,6.70486532456088,0.8016110716317767,0.5886813043882768,4.391639546891406,4.782646552046114,2.5852760968671737,0.743490529043628,4.621185459092641,0.6862281085985048,0.4266907655237248,-0.1252289913224102,0.35992945254150627,0.3481366842648727,israel_iran,2024-04-01
2024-02-25,4536,-3.8816630609067095,-167144.33204499283,39284.87217261349,2.389511522083407,6.271174582990116,0.9381083129313053,0.6617124009322825,3.8816630609067095,4.254674199029557,2.568544583642731,0.724096740940235,4.578382636837968,-0.11522488676452311,-0.3592497005393302,-0.14584633579591713,-0.23676224242629237,0.21267855416804476,israel_iran,2024-04-01
2024-02-26,6762,-3.881679032149531,-240769.32700635798,55663.56683667148,2.1750704836791157,6.056749515828647,1.3984762813142606,0.8748336529447567,3.881679032149531,4.325438355627217,3.395823447254442,0.7357728322765588,4.546535020626175,-0.11519978717512866,-0.2539100669407891,0.8735649438615012,0.12247787574592532,0.11189037449094766,israel_iran,2024-04-01
2024-02-27,7140,-3.4514801316622403,-220260.66750367833,56362.026142568124,2.221180532387936,5.672660664050176,1.476651974058536,0.9069076376315263,3.4514801316622403,3.9079621968615443,3.1301736925379515,0.7186185436071117,4.474613607407742,-0.7912784042738925,-0.8753657263438805,0.5462190290705224,-0.4053107918196682,-0.11571938662536735,israel_iran,2024-04-01
2024-02-28,7506,-2.8804596490397643,-198707.4985888611,59613.34268108505,2.5308161840789087,5.411275833118673,1.5523458987791836,0.9370128965717652,2.8804596490397643,3.33327221142239,2.69902783920484,0.6813413671613536,4.351459453826684,-1.6886650265762368,-1.7308501327094818,0.01494116691594623,-1.5522234773894181,-0.5054654472586999,israel_iran,2024-04-01
2024-02-29,6774,-3.7488428303460526,-254153.45591127538,57660.24528837532,2.3815754322122205,6.130418262558274,1.4009580493378884,0.8758678449239974,3.7488428303460526,4.4077761834029925,3.283490890773976,0.7202094459168377,4.3540233767700345,-0.3239583765490716,-0.1313418484214316,0.7351435720776227,-0.35636325301715527,-0.497351398013251,israel_iran,2024-04-01
2024-03-01,6977,-3.482148928265229,-254077.59407414903,62323.27267362983,2.725262978437962,6.207411906703192,1.442941291737592,0.893202760770145,3.482148928265229,4.07676912932164,3.1102650361393045,0.6949107615042348,4.3232447874619035,-0.7430808901195194,-0.6240794640721102,0.5216866618261802,-1.1347318111417246,-0.5947564272865822,israel_iran,2024-04-01
2024-03-02,4976,-4.167196262731239,-212555.4475590423,45453.4039658559,2.4836651288690983,6.650861391600337,1.0291064737976576,0.7075955354637349,4.167196262731239,4.676337281993482,2.948689470909786,0.728101382890127,4.357027601241407,0.33350450795649655,0.2684386207388468,0.32258577703758645,-0.11355080069654744,-0.48784392612595356,israel_iran,2024-04-01
2024-03-03,4278,-4.0126554998926744,-167472.78852829357,37242.9695421017,2.346520490131002,6.359175990023676,0.8847503004233077,0.6337953455065617,4.0126554998926744,4.49676249201805,2.5432023789532825,0.7304614862831388,4.371501825142441,0.09063613914630829,0.001123309018271877,-0.17707417256068736,-0.0409371325277667,-0.44203733672464934,israel_iran,2024-04-01
2024-03-04,5974,-3.6751933508633843,-208468.49810602388,49624.15308311454,2.3157472384546933,5.990940589318078,1.2355068477627023,0.8044679798778586,3.6751933508633843,4.200948230932304,2.9565753706296047,0.7212189399110231,4.357603981867585,-0.4397021364291766,-0.43922626022998446,0.3323031474168247,-0.3253039942875538,-0.4860198538397505,israel_iran,2024-04-01
2024-03-05,6400,-3.6390121318747015,-229562.83520621125,54613.22212483689,2.447151912565531,6.086164044440233,1.323609612601489,0.8431218440709992,3.6390121318747015,4.203429614196141,3.0681306192229365,0.7132238012871838,4.34305612174483,-0.4965626920259216,-0.43553246924316735,0.4697666844695559,-0.5712916678419844,-0.532059479858182,israel_iran,2024-04-01
2024-03-06,7064,-3.313133108250541,-224421.04916012057,58440.53120743392,2.4799376366613886,5.79307074491193,1.4609341099088933,0.9005409973442364,3.313133108250541,3.8401610068111958,2.983612193638152,0.7002375046319286,4.289908320888503,-1.0086975193900993,-0.9762946833306294,0.36561917125513066,-0.9708430768430554,-0.7002563730425009,israel_iran,2024-04-01
2024-03-07,7226,-3.534670395949945,-255786.70506771927,60384.67513476577,2.410956743262626,5.945627139212571,1.4944379782278685,0.9140634446015043,3.534670395949945,4.235953981649445,3.23091299765297,0.7114901522955206,4.286118130192403,-0.6605408343451807,-0.3871166452542662,0.6703546603022429,-0.6246311160096033,-0.7122511929482858,israel_iran,2024-04-01
2024-03-08,7941,-3.2272924668093914,-249780.23001073315,67148.10107951252,2.614291122061399,5.84158358887079,1.642309989635691,0.9716535306464431,3.2272924668093914,3.719840561313257,3.135810119804014,0.6908313791970558,4.225597634254421,-1.143600286669761,-1.155403885680471,0.5531644954479755,-1.2602428010687732,-0.9037804608903456,israel_iran,2024-04-01
2024-03-09,5312,-3.6052484687169803,-184180.74314183785,45091.68372437493,2.441698405360536,6.046946874077517,1.0985959784592356,0.7412685394428946,3.6052484687169803,4.084583407167748,2.6724572667345683,0.7123571164794654,4.209092399180347,-0.5496239403694305,-0.6124471179137813,-0.017800321443730904,-0.5979570941198875,-0.9560145931781668,israel_iran,2024-04-01
2024-03-10,5144,-3.1638316752072924,-155209.85459125592,42348.32867246895,2.5343680535772393,5.698199728784532,1.0638512261284467,0.7245737646572774,3.1638316752072924,3.665076272352616,2.2924294276468884,0.6921533936219623,4.148096040098725,-1.2433320251231639,-1.2369260914236722,-0.4860882020968094,-1.2195681776396718,-1.149049825639013,israel_iran,2024-04-01
2024-03-11,6895,-2.314443963805898,-153310.6689305957,58546.872543711106,3.088381538308153,5.402825502114051,1.4259825435761353,0.8862366149379056,2.314443963805898,2.6185970705119037,2.0511449839468074,0.6362847444885067,3.9862153977646217,-2.5781863649517325,-2.794716659283558,-0.783410053690947,-2.938487594995303,-1.6613536400693083,israel_iran,2024-04-01
2024-03-12,6849,-3.075364696455394,-196255.26283000738,54896.968973701696,2.4699807393545554,5.545345435809949,1.416469099485562,0.8823074249195931,3.075364696455394,3.574974474893562,2.7134171060181846,0.6918427665479424,3.9423787024681456,-1.3823622099649688,-1.371051767291907,0.03267228702638167,-1.2291252891390683,-1.8000836691116515,israel_iran,2024-04-01
2024-03-13,6456,-2.893888865853677,-179030.0689883276,52206.64969206528,2.5963214973756146,5.490210363229291,1.3351911967117518,0.8480937707286991,2.893888865853677,3.429257959365621,2.4542891203116435,0.678932632415128,3.8865676722070557,-1.6675603554067253,-1.587965598996884,-0.2866372023408443,-1.626333393966352,-1.9767088867891915,israel_iran,2024-04-01
2024-03-14,5793,-3.1416235900345972,-175882.0606116228,46915.878561501515,2.478547652721482,5.620171242756079,1.1980735134063163,0.7875813010119092,3.1416235900345972,3.748881317037704,2.4742839943291526,0.6939580587115405,3.867550367415816,-1.278233117373656,-1.1121737715305742,-0.26199859375873896,-1.164043766142093,-2.0368929683709034,israel_iran,2024-04-01
2024-03-15,5396,-3.3419927588928657,-175271.8865982136,45454.58294791505,2.540881210241767,5.882873969134632,1.1159683546246302,0.7495125586028559,3.3419927588928657,3.855978324541049,2.504865543550009,0.6983671585728746,3.861917347199701,-0.9633431666148702,-0.9527489995510879,-0.22431459432832204,-1.0283883049441105,-2.0547197925165768,israel_iran,2024-04-01
2024-03-16,3377,-3.5620092733053355,-118454.29683537468,28218.479805067924,2.3970350146751267,5.959044287980463,0.6984108846492544,0.5296930401530091,3.5620092733053355,4.197756139014292,1.8867715210303138,0.7131387905912595,3.893401589698207,-0.6175764511853704,-0.4439780132250507,-0.9859586374198689,-0.5739072051455277,-1.9550815819568261,israel_iran,2024-04-01
2024-03-17,3400,-3.546703542727604,-116446.17282076119,28734.641757930385,2.452330840096549,5.999034382824154,0.7031676066945409,0.5324898153313339,3.546703542727604,4.052466489811851,1.8885835145020096,0.7098302137688176,3.9059038455940023,-0.6416301555322614,-0.6602564110538147,-0.9837258152543805,-0.675702702837319,-1.9155156814757763,israel_iran,2024-04-01
2024-03-18,5279,-4.164694404602208,-220775.22786122214,46915.36929189686,2.361237689903562,6.525932094505769,1.0917711163942594,0.7380111312277167,4.164694404602208,4.705818822134989,3.073590828758217,0.7343093755172927,3.989224109596564,0.32957271551784323,0.312324887257704,0.47649500720858634,0.07745147401650876,-1.65183196702798,israel_iran,2024-04-01
2024-03-19,5278,-3.7293161624500626,-194942.86972355397,44555.81409400359,2.356241321389936,6.085557483839998,1.0915643023922903,0.737912256056862,3.7293161624500626,4.375250989966532,2.7519081029828443,0.7208839755893997,4.023290598933542,-0.3546454903764529,-0.17975890197014455,0.08010267380035126,-0.33560989366923755,-1.5440217175754039,israel_iran,2024-04-01
2024-03-20,4721,-3.104856369125279,-145821.47087586383,38420.18901447128,2.5166450006175425,5.6215013697428216,0.976368903295567,0.6812612738521003,3.104856369125279,3.7954386643162783,2.1152184051580947,0.6907594326659791,3.9944700556442254,-1.3360146036554208,-1.0428684319427746,-0.7044558205030383,-1.2624563911805342,-1.635230116851442,israel_iran,2024-04-01
2024-03-21,4934,-3.004890954403273,-144208.58255229951,40494.06026290199,2.601127715228643,5.606018669631917,1.0204202857149602,0.7033055520062973,3.004890954403273,3.5612280323594514,2.1133564914053236,0.6830655147047391,3.9452824970826703,-1.4931151431184566,-1.3915147430334207,-0.7067501567478176,-1.4991763617587566,-1.7908940276826728,israel_iran,2024-04-01
2024-03-22,5747,-3.6784163980311164,-208779.68020043225,49712.210395252616,2.4858492566354444,6.1642656546665595,1.1885600693157432,0.7832438249832319,3.6784163980311164,4.19976658733264,2.881096929474934,0.7126224007281681,3.9677895559916854,-0.4346369601362195,-0.4409852567307185,0.23929512114124435,-0.5897950523793701,-1.7196659181048874,israel_iran,2024-04-01
2024-03-23,3479,-4.36549034655095,-150392.81153272974,30323.78029642939,2.1753721444062424,6.540862490957193,0.7195059128500906,0.5420369895874355,4.36549034655095,4.959566718350034,2.3662572455174877,0.7504229480491106,4.067944312923796,0.6451333610657041,0.6900544003171084,-0.39511415017771345,0.5732202663090699,-1.4027060687378334,israel_iran,2024-04-01
2024-03-24,3431,-4.349527950303185,-151282.77148671477,30954.389937362474,2.3362226085503126,6.685750558853497,0.7095788407555794,0.5362470482239223,4.349527950303185,4.887280020470179,2.33242152451753,0.7410519223232636,4.153371446030094,0.6200476744948001,0.5824483093972851,-0.4368080905887036,0.28490046029013927,-1.1323547437420034,israel_iran,2024-04-01
2024-03-25,4944,-4.353845989842664,-221945.5994286077,45378.77540964496,2.4123544534650905,6.766200443307755,1.02248842573465,0.7043286471824165,4.353845989842664,4.890956122659816,3.066538456066472,0.7371749169018679,4.230252982613933,0.6268336848661002,0.5879205608356628,0.4678047473862503,0.16561603148444323,-0.8890476757488256,israel_iran,2024-04-01
2024-03-26,5384,-4.361115405502124,-242331.44909645055,49182.0128003385,2.38686547707235,6.747980882574474,1.1134865866010024,0.7483389944708575,4.361115405502124,4.927237323129294,3.2635927173248254,0.7387076494667358,4.305580358237653,0.6382579271888892,0.6419288122969179,0.7106241224085151,0.21277385269954677,-0.6506590623443327,israel_iran,2024-04-01
2024-03-27,4458,-4.107927262141067,-184864.7987542525,39084.50760311626,2.329673381392035,6.437600643533101,0.9219768207777246,0.6533542505262242,4.107927262141067,4.729874062415282,2.683931737572421,0.7342761986486526,4.355722455098205,0.24036037413737016,0.3481335553615043,-0.0036609477516000083,0.07643071613893153,-0.49197432329951635,israel_iran,2024-04-01
2024-03-28,5126,-3.66776437719647,-184574.32751057402,41940.02627562601,2.2570294652864717,5.924793842482941,1.0601285740930049,0.7227683954620339,3.66776437719647,4.400911108103949,2.6509441738390986,0.7241410159587278,4.360203408056223,-0.45137713196612794,-0.14156121019153403,-0.04430974954904384,-0.23540002604605986,-0.47779344744199925,israel_iran,2024-04-01
2024-03-29,4467,-3.3041605942212544,-139900.13446478485,35627.679141625726,2.335795138486611,5.6399557327078655,0.9238381467954454,0.6543222254177621,3.3041605942212544,3.9267260129030417,2.1619857131485265,0.7071379013451063,4.316027056212533,-1.0227982641152678,-0.8474338805937804,-0.6468269804810414,-0.7585374979233847,-0.6175983878648799,israel_iran,2024-04-01
2024-03-30,3952,-3.8160428374804867,-142829.8215317203,34144.206078662,2.41184271064513,6.227885548125618,0.8173289357814193,0.5973678053804641,3.8160428374804867,4.1831349425043465,2.279581135063557,0.7208427581970865,4.300014137492538,-0.21835027796719844,-0.46574314909584025,-0.5019204624867403,-0.33687803558923507,-0.668274486144035,israel_iran,2024-04-01
2024-03-31,4345,-3.849641878537527,-168438.250348628,37944.505460781416,2.441635385332089,6.291277263869615,0.8986068385552295,0.6411203743526956,3.849641878537527,4.439068273606095,2.4680838422917937,0.7204099613254136,4.313600935083424,-0.16554774130809008,-0.0847603942642246,-0.2696387078731994,-0.350193964254565,-0.6252763355848262,israel_iran,2024-04-01
2024-04-01,5742,-4.810460734239735,-283354.2039588714,51587.70973315442,2.086907366522977,6.897368100762711,1.1875259993058982,0.7827712245759837,4.810460734239735,5.492668804732093,3.7654902397155228,0.7677155632502585,4.43864124218444,1.344426092910847,1.4836309954483355,1.3290854636344775,1.1052648477899634,-0.2295611632100077,israel_iran,2024-04-01
2024-04-02,8862,-3.7036614965181602,-331160.1944772271,78867.22110092113,2.597910907175423,6.301572403693582,1.832785685449124,1.0412605686571825,3.7036614965181602,4.198958576890435,3.856476675978211,0.7080829508379913,4.414648284374823,-0.3949630528939882,-0.442188062332,1.441203158769439,-0.7294610131885976,-0.30549169837531415,israel_iran,2024-04-01
2024-04-03,7524,-3.1235744812212953,-230991.07403713206,63659.69843413954,2.6686552390636966,5.7922297202849915,1.5560685508146253,0.9384703557231875,3.1235744812212953,3.628529190663834,2.9313820545196196,0.6845891119090305,4.33486763940211,-1.3065981748215953,-1.2913301340816126,0.30125877804617446,-1.45229960960337,-0.5579735772949381,israel_iran,2024-04-01
2024-04-04,7218,-3.6451062765450817,-265180.13518986444,64403.145714602215,2.63873431771265,6.283840594257732,1.4927834662121167,0.9133999440552056,3.6451062765450817,4.117502836973067,3.3294398690715563,0.7042631366229757,4.312477013330119,-0.48698544555578066,-0.5634432034930746,0.7917640284020967,-0.8469858312524301,-0.6288332117686457,israel_iran,2024-04-01
2024-04-05,7991,-3.610664825758889,-285801.85022335773,68943.28802894257,2.5084761235329305,6.119140949291819,1.6526506897341402,0.9755594003481975,3.610664825758889,4.145463008717794,3.522418012275671,0.7092504103555867,4.298126110616263,-0.5411118703142561,-0.5218216483364456,1.029560622226296,-0.6935416046312577,-0.6742495264979433,israel_iran,2024-04-01
2024-04-06,4519,-4.711280278449658,-223549.08004414995,43201.77932791124,2.4243752765653053,7.1356555550149645,0.9345924748978325,0.659896697012974,4.711280278449658,5.174534093777992,3.1089582944512943,0.7464050776325208,4.391786155918238,1.188559154808896,1.010055169802291,0.5200764342778291,0.4496018222869619,-0.3778434968697311,israel_iran,2024-04-01
2024-04-07,5516,-4.434556857362271,-250917.86904415925,50093.525833997766,2.323469018200459,6.758025875562731,1.1407860348609082,0.7611730676031916,4.434556857362271,5.008987985306972,3.3754652465792083,0.7441534631268554,4.460928084287213,0.7536747614836579,0.7636229751934986,0.8484786273668938,0.38032604858885916,-0.15902997395705532,israel_iran,2024-04-01
2024-04-08,5605,-3.4599326555962913,-183219.68344243255,46577.55866387955,2.4250344450724652,5.884967100668756,1.1591924810361476,0.7697343004240735,3.4599326555962913,3.933647204753942,2.663228842169818,0.7081788214208856,4.415462353845981,-0.7779948494208828,-0.8371309836372844,-0.029172013032348017,-0.7265113480535673,-0.3029154119875653,israel_iran,2024-04-01
2024-04-09,6109,-3.156775515935909,-187369.0049272499,50875.147489064504,2.5855627649543322,5.742338280890242,1.263426738028515,0.8168799206939055,3.156775515935909,3.6829181668225024,2.578706533106188,0.6895300807825441,4.34280405361969,-1.2544211245997587,-1.2103666195592986,-0.13332431164902836,-1.300280051784021,-0.5328572000805848,israel_iran,2024-04-01
2024-04-10,6039,-3.4960608289646125,-211112.10662558468,51927.98541716248,2.5513556939100175,6.047416522874629,1.248949757890686,0.8104633329725008,3.4960608289646125,4.065478468490922,2.833429111717264,0.7032883730854252,4.318585019552373,-0.7212176576114849,-0.6408867593495129,0.1805566313330118,-0.8769765326209791,-0.6095031989820241,israel_iran,2024-04-01
2024-04-11,5251,-3.459754439779701,-172719.82895266023,43371.34737958955,2.3999406604747984,5.859695100254499,1.0859803243391277,0.7352389242901504,3.459754439779701,3.9823487022665516,2.543746132611699,0.7094374703681979,4.286250710241847,-0.7782749242948286,-0.7646338586754613,-0.17640413415268935,-0.6877863001290814,-0.7118316167465355,israel_iran,2024-04-01
2024-04-12,5937,-3.3621274394838694,-188264.84170587212,48238.580398642895,2.381474632847159,5.743602072331028,1.2278547296898499,0.8010391178252164,3.3621274394838694,3.9027856987095046,2.6931955981401123,0.7068981968712463,4.248162702568489,-0.9317005310937847,-0.883071469546046,0.007754409718853113,-0.7659125227527975,-0.8323687688962002,israel_iran,2024-04-01
2024-04-13,5231,-4.929980118369808,-239957.3773305544,43806.963113300684,1.722255506987978,6.652235625357786,1.0818440442997481,0.7332540607107382,4.929980118369808,5.477608130696885,3.6149279410178674,0.7943450557448307,4.378175221334597,1.532256651863061,1.461211652649749,1.1435556352602105,1.9245785851582018,-0.4209180337916283,israel_iran,2024-04-01
2024-04-14,9870,-5.150374768770795,-501023.71353236266,89858.69870294661,1.976925011913823,7.127299780684618,2.0412541994338587,1.1122699959395852,5.150374768770795,5.5756840546805435,5.728607323148034,0.7828563049628318,4.506338065731918,1.878617626496623,1.6072076256677978,3.7481291333861604,1.5711024029586944,-0.015320964826007914,israel_iran,2024-04-01
2024-04-15,9052,-4.649352026435975,-410215.4601895367,79858.61704775559,2.0864274472192412,6.735779473655216,1.8720803458232307,1.0550366263598607,4.649352026435975,5.136771401190521,4.905236676730393,0.7635027759003827,4.571761332649418,1.0912358772892876,0.9538415668694459,2.733533739721033,0.9756493641652625,0.19172410684569938,israel_iran,2024-04-01
2024-04-16,8376,-3.927016701431121,-314953.8012158119,71099.68175905819,2.2807419930677604,6.207758694498882,1.7322740804921986,1.0051342589651053,3.927016701431121,4.429749802300436,3.9471790221365617,0.7313139178502476,4.557861149021576,-0.04394942201692254,-0.09863188514650395,1.5529707849378895,-0.014710237920559251,0.1477341832134005,israel_iran,2024-04-01
2024-04-17,7543,-3.638535306917788,-265186.37897323526,64082.48327796766,2.428543779523187,6.067079086440975,1.559998016852036,0.9400064838239977,3.638535306917788,4.138203849294485,3.42024678012526,0.7141417624300849,4.517788337996361,-0.49731204577160304,-0.5326276443470025,0.9036605042710145,-0.5430486145843071,0.020915722110486583,israel_iran,2024-04-01
2024-04-18,6862,-3.5310093578991455,-227863.24489613945,56496.76428588206,2.351135097054658,5.882144454953804,1.4191576815111588,0.8834194140884856,3.5310093578991455,4.033208764720001,3.1193622180962226,0.714435167395584,4.4719368918031455,-0.6662943347370388,-0.6889234905846406,0.5328966302030962,-0.5340213783763891,-0.124190390907334,israel_iran,2024-04-01
2024-04-19,10386,-4.31165176604424,-400045.2575140602,83617.87080267847,1.869683013698392,6.181334779742632,2.1479702244498537,1.1467578719493867,4.31165176604424,4.784207654104077,4.944420603815708,0.7677706022185694,4.5063915407782815,0.5605233980595054,0.42901462447580274,2.781817987039591,1.1069582402884093,-0.015151732298672836,israel_iran,2024-04-01
2024-04-20,6504,-3.0914371553388422,-189041.3352445214,54457.727593182106,2.6407610958531875,5.73219825119203,1.345118268806263,0.8523358350854289,3.0914371553388422,3.4713408656476634,2.6349426694098548,0.68460839395033,4.394667753750547,-1.3571035545779135,-1.5253209192373756,-0.06402754342019917,-1.4517063560396972,-0.36872410161739866,israel_iran,2024-04-01
2024-04-21,5237,-4.029335647290879,-212663.14803211825,47125.212006563626,2.48458862151053,6.51392426880141,1.083084928311562,0.7338499335607628,4.029335647290879,4.512725544926957,2.9569276970584246,0.7238889745676188,4.4044050577292415,0.11684980676193481,0.02488593441207282,0.33273730033847965,-0.24315462272728114,-0.3379084469558817,israel_iran,2024-04-01
2024-04-22,7115,-3.699722032874644,-259480.75347816985,60512.87061489635,2.4026246205898283,6.102346653464472,1.4714816240093114,0.9048178185801701,3.699722032874644,4.2880258503931215,3.3475744191386276,0.7175034996391584,4.389437457709609,-0.401154112725156,-0.3096023804346155,0.8141102597673906,-0.4396175230087809,-0.3852764242035809,israel_iran,2024-04-01
2024-04-23,6329,-3.707904093442207,-220670.24955605244,52955.31861005892,2.3295934272920835,6.03749752073429,1.308925818461691,0.8367824027283763,3.707904093442207,4.167102669723828,3.102708896396952,0.7215766576743632,4.363006139249546,-0.3882956042834316,-0.4896088152982055,0.5123756369434784,-0.3142980362256466,-0.4689236415130199,israel_iran,2024-04-01
2024-04-24,9345,-3.2490576256799097,-281692.9623698271,76422.70025628193,2.4644332126432946,5.713490838323205,1.9326768484001426,1.075915606086948,3.2490576256799097,3.6859854653810404,3.49571180454482,0.6986480679834587,4.289539202526493,-1.1093952747707367,-1.2058006341532856,0.9966519978250304,-1.0197455214177442,-0.7014245222548305,israel_iran,2024-04-01
2024-04-25,7040,-4.330720874008424,-300847.3140526667,62376.24258878214,2.2647704286763375,6.595491302684763,1.4559705738616378,0.8985220288864246,4.330720874008424,4.823107349315903,3.8912481062548396,0.7443901210434756,4.345227593746969,0.5904914340705913,0.4869207712840889,1.4840501234302619,0.38760733951783183,-0.5251874204594519,israel_iran,2024-04-01
2024-04-26,6761,-4.292932809555169,-282651.29403740785,58200.95531977055,2.1577012715846813,6.4506340811398495,1.3982694673122915,0.8747474219819601,4.292932809555169,4.856471727731121,3.755231907900157,0.7493474425456984,4.4014865230095355,0.5311056422206877,0.5365870368976943,1.3164446726956185,0.5401300212080659,-0.34714473640898863,israel_iran,2024-04-01
2024-04-27,4921,-4.281042989861391,-196487.56954984248,41087.90675392384,2.03423025816053,6.315273248021922,1.0177317036893636,0.7019739615015718,4.281042989861391,4.782126544596439,3.005180706951534,0.7563651231891491,4.4428584531687365,0.5124202089315331,0.4259166816251663,0.39219689096274124,0.7560440930520647,-0.21621495181400044,israel_iran,2024-04-01
2024-04-28,5051,-4.601209609534426,-231250.76136234024,45103.93919157996,2.1642476196616083,6.765457229196034,1.0446175239453312,0.7152107421469168,4.601209609534426,5.12706352276899,3.2908345396086425,0.7576350331513504,4.51507841030632,1.0155777140403266,0.9393904039486807,0.7441927558355869,0.7951156103731102,0.012339611511834582,israel_iran,2024-04-01
2024-04-29,6720,-4.199862219491362,-275225.049115386,57622.03606247048,2.187422763950038,6.387284983441402,1.3897900932315632,0.8712055349866294,4.199862219491362,4.776385353981642,3.6589432118021055,0.7448982719422146,4.537253433050471,0.38484065699726944,0.41737033634445214,1.1977932877474713,0.4032416972540053,0.08251692593995708,israel_iran,2024-04-01
2024-04-30,7965,-4.225649531036854,-330220.6618478571,69238.61251512458,2.233604143152294,6.459253674189148,1.6472735256829467,0.9735302521273361,4.225649531036854,4.769313679931458,4.113797653352068,0.7430529533456234,4.563609240822328,0.425366678585477,0.406843431351999,1.7582859688900434,0.34646649298316107,0.16592517450649685,israel_iran,2024-04-01
2024-05-01,8630,-4.9857911419334755,-427236.0447388214,78139.00615390606,2.0342774391089318,7.020068581042406,1.7848048369923202,1.0241777944398693,4.9857911419334755,5.467641140678425,5.106336575283264,0.775325856270409,4.6641689169661396,1.619966405623591,1.4463747758026975,2.9813383361394172,1.3394119167991758,0.4841664720671059,israel_iran,2024-04-01
2024-05-02,9229,-4.783290996743499,-437904.7502640649,82770.56506199775,2.0926195932956984,6.875910590039198,1.9086864241717407,1.0677015786431998,4.783290996743499,5.29058548695494,5.107127348332839,0.766670842321058,4.733288916785243,1.3017275213138841,1.182809454225772,2.9823127632665245,1.073121756471774,0.7029105976782769,israel_iran,2024-04-01
2024-05-03,7756,-4.077831216871992,-307446.3445478847,66450.33864175067,2.244886521640762,6.322717738512754,1.6040493992714293,0.9570676947007275,4.077831216871992,4.6267084687920095,3.90276052211034,0.7379796669552828,4.725288547530852,0.1930629667227755,0.1945610921999643,1.498236254728199,0.19037590154374273,0.6775918219013897,israel_iran,2024-04-01
2024-05-04,5610,-3.7078303776441652,-197961.93808423588,47016.256751943736,2.3364820261461645,6.04431240379033,1.1602265510459926,0.7702131009395686,3.7078303776441652,4.210499766680209,2.855819532923244,0.7212099585929268,4.668485794899094,-0.38841145226617146,-0.42500782925640124,0.20814714396137476,-0.32558032389832314,0.49782809954519536,israel_iran,2024-04-01
2024-05-05,5747,-4.576026586326841,-246767.488728846,49657.1832893497,2.03225669894983,6.608283285276672,1.1885600693157432,0.7832438249832319,4.576026586326841,4.969421791222939,3.5841445666995964,0.7647998038710822,4.698360890430875,0.9760013611364369,0.7047246771271773,1.1056229376097955,1.015555225471537,0.5923738412516865,israel_iran,2024-04-01
2024-05-06,8375,-4.322248828593256,-351243.30356452987,74325.81571817769,2.27623771813189,6.598486546725147,1.7320672664902295,1.0050585631075681,4.322248828593256,4.725724166907826,4.344113197059308,0.7435145419508358,4.705471458973631,0.5771772002550313,0.3419560144531433,2.04209143457131,0.3606682613923879,0.6148766639159533,israel_iran,2024-04-01
2024-05-07,9268,-4.036566994646754,-358553.7590902418,79590.6385813515,2.275557600073661,6.312124594720415,1.916752170248531,1.070470726785504,4.036566994646754,4.504974020578506,4.321026804477889,0.7350207485026491,4.689961514301795,0.12821422288336795,0.013347003207979786,2.013643313823547,0.09933839729955467,0.565792328059508,israel_iran,2024-04-01
2024-05-08,8384,-3.9945902088327503,-301555.83188019705,68854.16309205578,2.108988476932372,6.103578685765122,1.7339285925079504,1.0057396196387778,3.9945902088327503,4.379631068596777,4.017517637244236,0.7431998502841279,4.660663375827962,0.06224565050617982,-0.17323871010710684,1.6396452798273171,0.3509860939375786,0.4730724828733634,israel_iran,2024-04-01
2024-05-09,7350,-3.7754875676062403,-245986.01197154637,59002.59605331881,2.126038260640337,5.9015258282465775,1.5200829144720223,0.9242918035503171,3.7754875676062403,4.169070997304194,3.4896522131445717,0.7351577343887479,4.612535310876704,-0.2820848685056456,-0.4866787597999601,0.9891850890289324,0.10355306336309945,0.3207615524238113,israel_iran,2024-04-01
2024-05-10,7127,-3.5316175222686765,-239903.9927817921,59005.659243442904,2.3737772668888772,5.905394789157554,1.4739633920329391,0.9058214767843993,3.5316175222686765,4.065779382143787,3.1990149994590737,0.7132832545549933,4.558759849770628,-0.6653385746794106,-0.6404388188177295,0.6310484715578729,-0.5694624599042921,0.15057830228243937,israel_iran,2024-04-01
2024-05-11,6277,-3.4519474072588645,-193489.19919303176,49692.18682774653,2.232301493737664,5.684248900996528,1.298171490359304,0.8321138025600755,3.4519474072588645,3.893754965217058,2.8724130832915673,0.7180209330540595,4.483512540464211,-0.7905440578150525,-0.8965146334719457,0.2285944842224112,-0.4236975686541038,-0.08755692517565236,israel_iran,2024-04-01
2024-05-12,5252,-3.2225886077053243,-158705.77235175142,43171.142376940545,2.49867736188806,5.721265969593384,1.0861871383410968,0.7353380641276513,3.2225886077053243,3.676200434216969,2.3696920682698566,0.6960225562239084,4.392291441445899,-1.1509926313607932,-1.2203666467666212,-0.3908816027122772,-1.1005250500798038,-0.37624441930576463,israel_iran,2024-04-01
2024-05-13,5776,-3.293752006125781,-178255.1155734043,48098.7867061814,2.516800131474973,5.810552137600754,1.1945576753728437,0.7859805115838145,3.293752006125781,3.7060210408695378,2.588824886804957,0.6977670632691609,4.315763089980695,-1.039155869487033,-1.1759756453119148,-0.12085600821981181,-1.0468515304886061,-0.6184337620362542,israel_iran,2024-04-01
2024-05-14,5935,-3.251090405205302,-181286.91461024803,48949.608931203504,2.4982634689393466,5.7493538741446475,1.227441101685912,0.8008534385703335,3.251090405205302,3.7035416332955533,2.603646930111685,0.6970927038662559,4.250530463483969,-1.1062006623046494,-1.1796664952837437,-0.10259160089713032,-1.0675996511235064,-0.8248755137968312,israel_iran,2024-04-01
2024-05-15,6097,-3.268657031528925,-179978.91253239222,47933.8728023664,2.296610700437473,5.565267731966398,1.2609449700048871,0.8157828542136544,3.268657031528925,3.7547333860223167,2.6665143626261973,0.707880156099634,4.198833042103094,-1.0785938496918945,-1.1034623725360602,-0.025123442761670493,-0.7357004304450874,-0.9884823897503561,israel_iran,2024-04-01
2024-05-16,5541,-3.4592099465675914,-179254.3880537659,45583.654435148586,2.3837007869714455,5.842910733539037,1.1459563849101329,0.7635853201017557,3.4592099465675914,3.93242688141183,2.6414019343489916,0.7102451257083876,4.17163585860869,-0.7791306220138271,-0.8389475588627998,-0.05606813840348604,-0.6629370426597139,-1.0745533408229813,israel_iran,2024-04-01
2024-05-17,5745,-3.606675236836889,-197928.30531858717,48013.59291557167,2.3753910948602046,5.9820663316970935,1.1881464413118052,0.7830548116216254,3.606675236836889,4.1223389731868085,2.8242243981616912,0.7157758665557805,4.163051003725904,-0.5473817044726494,-0.5562441236017581,0.16921415754660227,-0.4927718787905083,-1.101721838793879,israel_iran,2024-04-01
2024-05-18,3574,-4.316883730180332,-149680.18431410496,31319.168758055654,2.223087060211408,6.539970790391739,0.7391532430371439,0.5533983528451468,4.316883730180332,4.7791876428906015,2.388956345705809,0.7463114933038589,4.231887244652986,0.5687456856428367,0.4215418279738295,-0.3671432690300603,0.4467224986914891,-0.8838757252035722,israel_iran,2024-04-01
2024-05-19,5673,-2.946983392587256,-149525.4318576707,43207.375859899454,2.3346676426715973,5.281651035258853,1.1732558331700385,0.7762264270502957,2.946983392587256,3.4606459865211225,2.2875263894045643,0.6934650792072704,4.148953014962116,-1.5841197093035126,-1.5412413329430872,-0.4921299525979594,-1.1792113432249751,-1.1463377565178652,israel_iran,2024-04-01
2024-05-20,9849,-4.531824932116446,-474628.45657686907,89175.23264450482,2.261208695709714,6.79303362782616,2.0369111053925097,1.1108409151026266,4.531824932116446,5.322424652021547,5.034136554677131,0.7502597550507503,4.272012640658596,0.906536299235553,1.2302052848758727,2.892370131299682,0.5681992819464811,-0.7568908483658973,israel_iran,2024-04-01
2024-05-21,7896,-4.791620761481373,-393001.7665087474,71378.49022775832,2.1241041473595104,6.915724908840884,1.6330033595470868,0.9681251564522443,4.791620761481373,5.50588510985223,4.638888599368976,0.7650282838144387,4.402793306625613,1.3148181540848205,1.5033048078106777,2.4053273194676397,1.022584903425154,-0.3430091571235436,israel_iran,2024-04-01
2024-05-22,7422,-3.12528008848138,-213759.52600954322,59285.90367510562,2.431290410832444,5.556570499313825,1.534973522613789,0.9301831922603117,3.12528008848138,3.605570848358371,2.9070830094111995,0.6956268470142999,4.322626971495517,-1.3039177295754416,-1.3255059581536448,0.2713163707661375,-1.1126998968780095,-0.5967116300312238,israel_iran,2024-04-01
2024-05-23,5383,-3.4047996524104147,-178683.4550459089,45209.72737760167,2.4969060792008544,5.90170573161127,1.1132797725990335,0.7482411352638144,3.4047996524104147,3.9523232147255625,2.5476111572654094,0.7027001443278506,4.280787694973916,-0.8646390609895043,-0.8093298461394022,-0.17164147200640287,-0.8950746582947684,-0.7291204260797453,israel_iran,2024-04-01
2024-05-24,5146,-3.7479300056917197,-189258.03802006276,44889.16360257399,2.4875938392231256,6.235523844914845,1.0642648541323847,0.7247741601874806,3.7479300056917197,4.216118609285259,2.7164028223166756,0.7148274356373133,4.270784439646058,-0.325392925148001,-0.4166436114133316,0.0363514247469451,-0.5219524003721092,-0.760777737215223,israel_iran,2024-04-01
2024-05-25,3465,-2.4924066359997337,-81617.20395893909,28961.762592405743,2.9329832032708025,5.4253898392705375,0.7166105168225249,0.5403517168255227,2.4924066359997337,2.8181020992258423,1.3467762047897818,0.6490963985044825,4.114669890841296,-2.2985093198088347,-2.4977331631715205,-1.6513658423549915,-2.5443094432397837,-1.2548335902657592,israel_iran,2024-04-01
2024-05-26,3820,-3.4556406465650564,-125091.32249180443,32866.591501403775,2.574089559100164,6.029730205665221,0.7900294875215137,0.5822320931926834,3.4556406465650564,3.806032715210569,2.0119848869712906,0.7008201439037982,4.076510787528911,-0.784739951575086,-1.0270981113004483,-0.8316649364460043,-0.9529169237453079,-1.3755957388482152,israel_iran,2024-04-01
2024-05-27,4984,-4.5415708769866905,-231397.73779379932,44250.96170427954,2.1685164981318095,6.7100873751184995,1.0307609858134095,0.7084105926663677,4.5415708769866905,5.229213759018048,3.2172969166024568,0.7557592917659979,4.1942818271844216,0.9218525283628995,1.0914514045433812,0.6535762954507293,0.7374043834286731,-1.0028856236979689,israel_iran,2024-04-01
2024-05-28,6521,-3.82360486992316,-246206.92939184554,53928.910038115035,2.223215970046473,6.046820839969634,1.3486341068397358,0.853833928043745,3.82360486992316,4.565397839819778,3.264723565373685,0.7311721796263513,4.230267304283784,-0.20646617405501347,0.10329399453141756,0.7120176056791417,-0.019071119900269436,-0.8890023519473611,israel_iran,2024-04-01
2024-05-29,6186,-4.315496937159035,-264349.73324168456,52940.779735500415,2.1213316910955897,6.436828628254625,1.2793514161801265,0.8238909359103911,4.315496937159035,4.993310158301654,3.5554988104743837,0.7521276054739001,4.303952099307687,0.5665662725690737,0.7402849375235041,1.070324311844343,0.6256677264295172,-0.6558120148448545,israel_iran,2024-04-01
2024-05-30,5450,-3.436655688393052,-180641.88346968265,45323.489249636215,2.439790435586613,5.876446123979664,1.1271363107309553,0.7547766200748671,3.436655688393052,3.985612900955823,2.5939073648463733,0.7066232522233762,4.264911475168052,-0.8145757420712216,-0.7597747674285227,-0.1145931436986376,-0.7743717874970205,-0.779363913182368,israel_iran,2024-04-01
2024-05-31,5549,-4.325672301826137,-218951.54151071527,45948.94223518095,1.9774541928588674,6.303126494685006,1.1476108969258847,0.7643560135550272,4.325672301826137,4.765105154979484,3.306353636569225,0.7611937776497404,4.315695138127319,0.5825573559140512,0.4005786145613192,0.76331610491119,0.9046080558603408,-0.6186488093277664,israel_iran,2024-04-01
2024-06-01,3880,-4.074718884441791,-146568.01702827011,32903.44850420155,2.2027756742999225,6.277494558741714,0.8024383276396526,0.5891403746899055,4.074718884441791,4.454488015429579,2.4005814103360708,0.7402469952293197,4.330921849689556,0.1881717840559236,-0.0618065425974102,-0.3528183267015478,0.2601351431973512,-0.5704608215480783,israel_iran,2024-04-01
2024-06-02,3386,-3.9041918310671515,-120708.18880177621,28610.972085203768,2.2727965955715286,6.1769884266386805,0.7002722106669752,0.5307883621654537,3.9041918310671515,4.218947487778674,2.072299587591877,0.7310231456069597,4.3155799230692935,-0.07981982236813591,-0.4124325384871692,-0.7573423726210874,-0.023656472754726716,-0.6190134305255534,israel_iran,2024-04-01
2024-06-03,4774,-3.8538936212810144,-172644.07409158262,39944.457429694296,2.25659502321939,6.110488644500404,0.9873300453999231,0.6867920521415455,3.8538936212810144,4.322103370547745,2.6468235088948,0.7303008894335152,4.314003274072978,-0.15886591959487598,-0.2588745309183022,-0.04938742348545731,-0.045878240778382276,-0.6240030530226214,israel_iran,2024-04-01
2024-06-04,4629,-3.8606011542322776,-169760.53991923717,38308.10859928061,2.207537897638734,6.068139051871012,0.9573420151144206,0.6715874381491286,3.8606011542322776,4.431451881245453,2.592731238886424,0.7332498705414655,4.325342109158969,-0.1483247034348678,-0.09609816778104083,-0.1160424205055365,0.04485351963633609,-0.5881190314250283,israel_iran,2024-04-01
2024-06-05,5101,-4.025487982340472,-192645.35893775622,41938.1076451905,2.098029155780411,6.123517138120883,1.0549582240437805,0.7202555188090954,4.025487982340472,4.593563461842297,2.8993799351804155,0.7448133136054078,4.353345684953948,0.11080301306770621,0.1452213832911855,0.2618242864106677,0.40062777089157336,-0.49949608991330446,israel_iran,2024-04-01
2024-06-06,4993,-4.53793653698185,-218971.6494213439,42067.60547710005,1.9436900007960813,6.481626537777931,1.0326223118311302,0.7093267386519003,4.53793653698185,5.205232076747118,3.2188797239866345,0.7693036229680871,4.444256518293847,0.9161409852563136,1.0557522350067519,0.6555267039186932,1.1541249281254524,-0.2117904938547966,israel_iran,2024-04-01
2024-06-07,4884,-4.065862351860538,-192387.36276795616,42022.20967855309,2.2690968419396222,6.3349591938001595,1.0100795856165112,0.6981743161212148,4.065862351860538,4.578230517614714,2.838680666953225,0.7362759107432378,4.460483926950592,0.1742533098500596,0.12239673866065955,0.1870278405935876,0.13795616917597575,-0.1604355990798448,israel_iran,2024-04-01
2024-06-08,4363,-3.6226125657469757,-172760.27584468422,41727.194039645154,2.970632066845187,6.593244632592162,0.9023294905906712,0.6430791828690039,3.6226125657469757,4.140232283065669,2.329626728631551,0.6893903842340469,4.429819932265239,-0.5223354124491812,-0.5296081146795996,-0.4402519673463775,-1.304578117219178,-0.257477970647374,israel_iran,2024-04-01
2024-06-09,4761,-3.455982081202145,-178085.70312212562,45673.39199677227,3.0686264763882436,6.52460855759039,0.9846414633743263,0.6854382748396318,3.455982081202145,3.899112707344156,2.3688623956158787,0.6801259986313937,4.377980241639619,-0.7842033703401943,-0.8885390902065492,-0.3919039637311431,-1.589616909981654,-0.42153508620773555,israel_iran,2024-04-01
2024-06-10,5211,-3.520494966245718,-185775.61612108676,46598.053004360896,2.710876389872813,6.231371356118531,1.0777077642603685,0.7312652496113098,3.520494966245718,3.986767775548495,2.5744156302470347,0.6968461994258599,4.340409417409475,-0.6828182155759535,-0.7580556193132412,-0.138611760618096,-1.0751838915809564,-0.5404355074493812,israel_iran,2024-04-01
2024-06-11,5061,-3.697064519058102,-193068.37798448486,45221.42897458806,2.619105457778601,6.316169976836703,1.046685663965021,0.7162217355154632,3.697064519058102,4.2694002016826715,2.647917966152435,0.7068802772847749,4.3364334468313634,-0.40533052569128253,-0.3373285500807725,-0.04803878263095129,-0.7664638574568674,-0.5530182651149045,israel_iran,2024-04-01
2024-06-12,4649,-4.2382386714964015,-197712.95280458927,39583.625908817754,2.138100056467087,6.37633872796349,0.9614782951538002,0.6736984211735689,4.2382386714964015,4.994816625945988,2.85529470154389,0.7488853803991407,4.409120117971787,0.4451511286682458,0.7425274676024599,0.2075004224608446,0.5259136832786148,-0.32298669156440546,israel_iran,2024-04-01
2024-06-13,4624,-3.43484899616417,-160745.125950216,37811.57402906555,2.37119726111618,5.80604625728035,0.9563079451045757,0.6710589953683895,3.43484899616417,4.251214874753749,2.304986316608049,0.7100248689204811,4.395090098681639,-0.8174150472908353,-0.3643992560379431,-0.47061502272833344,-0.669713717510621,-0.3673875062340128,israel_iran,2024-04-01
2024-06-14,4147,-3.606218975901041,-144363.27852481158,34607.87426922001,2.3695302840798647,5.975749259980904,0.857657666165371,0.6193163748503323,3.606218975901041,4.171399763007323,2.2333904630715105,0.7160634018825373,4.372992003070279,-0.548098740853251,-0.48321215555143937,-0.5588387449605314,-0.48392523467070475,-0.4373213692957844,israel_iran,2024-04-01
2024-06-15,4301,-4.00418537141844,-168983.95726080268,36852.69582991808,2.2821081780338717,6.286293549452312,0.8895070224685943,0.6363159603755699,4.00418537141844,4.585389303422862,2.5479270601359327,0.7336599927716739,4.393161482785934,0.07732491789719984,0.13305331835153758,-0.17125220187797038,0.057471814081051745,-0.3734909986942241,israel_iran,2024-04-01
2024-06-16,4371,-3.424880756009398,-142014.0490168576,36007.0898068877,2.406421416423086,5.831302172432485,0.9039840026064231,0.6439485343414518,3.424880756009398,3.9440579557665925,2.2054469431264954,0.7078778632875445,4.350920770164535,-0.8330806243323219,-0.821633523483926,-0.5932720427011715,-0.7357709737512522,-0.5071702199289279,israel_iran,2024-04-01
2024-06-17,4895,-3.5788039176978894,-162193.86809723554,41213.72962873323,2.4203763484782495,5.999180266176139,1.01235453963817,0.6993054492577081,3.5788039176978894,3.935432914184933,2.5026770814709685,0.7125292388597351,4.301712329923602,-0.5911828459420236,-0.8344727738002963,-0.2270113185244858,-0.5926613780752732,-0.6629002150296711,israel_iran,2024-04-01
2024-06-18,3778,-3.7642970615331275,-135910.4855499911,31444.520806642726,2.2793814859939876,6.043678547527115,0.7813432994388164,0.577367742295429,3.7642970615331275,4.322231093478127,2.173383695746699,0.7261366039877419,4.297227483143028,-0.2996712962300673,-0.25868440236543766,-0.6327818591356351,-0.17400145877587517,-0.6770934136709369,israel_iran,2024-04-01
2024-06-19,3814,-4.166574679752508,-153398.85334407838,32248.812211981498,2.1444017282912204,6.31097640804373,0.7887886035096997,0.5815386329329117,4.166574679752508,4.756728785411998,2.4230241432761583,0.746386064145828,4.34953487707728,0.3325276598980834,0.3881095377921057,-0.32516335313485634,0.44901683138464155,-0.5115561570289787,israel_iran,2024-04-01
2024-06-20,3797,-3.931443332466,-141094.36885158863,31870.43613428177,2.231070029089856,6.162513361555856,0.785272765476227,0.579571213347979,3.931443332466,4.427123879231103,2.2785513824061416,0.7341933801984635,4.359915861487653,-0.03699275479839274,-0.10254083831264187,-0.5031893713400906,0.07388262800089056,-0.47870344632624373,israel_iran,2024-04-01
2024-06-21,3727,-3.836416930393626,-142045.97453922394,31293.831516988368,2.2800517329502705,6.116468663343897,0.7707957853383982,0.5714290417840162,3.836416930393626,4.539104598365079,2.1922400504188064,0.7284527845657852,4.379618423616634,-0.18633139427001924,0.0641538343977555,-0.6095461867505745,-0.10273917068671382,-0.4163507302312907,israel_iran,2024-04-01
2024-06-22,2291,-4.3067409287158975,-94951.43341958545,19123.06135475881,2.020147945672345,6.326888874388243,0.4738108785109392,0.3878514805902725,4.3067409287158975,4.96528414870962,1.6703758457211861,0.7579802282868472,4.450042797802741,0.5528057769638168,0.6985653760449513,-1.252611397428914,0.8057362827964719,-0.1934786498873867,israel_iran,2024-04-01
2024-06-23,2826,-4.5824555114071135,-121365.0632914717,23646.814493592134,1.8925681561138765,6.47502366752099,0.5844563695643449,0.4602413639946162,4.5824555114071135,5.132406452647543,2.1090355750146563,0.7738216447451247,4.525604055338938,0.986104731397911,0.947343897677851,-0.7120745897786247,1.2931316068449321,0.04565012981593346,israel_iran,2024-04-01
2024-06-24,4470,-4.483162855842976,-198394.45219206583,38616.385453488016,2.0779247749295204,6.561087630772496,0.9244585888013523,0.6546446756100996,4.483162855842976,5.13757178105197,2.934878693470573,0.759471953812912,4.586294735564578,0.8300614658623009,0.9550330135763436,0.305567498290675,0.8516324340707354,0.23771798012624984,israel_iran,2024-04-01
2024-06-25,4821,-3.6727855132641496,-169965.42908647418,39987.79848262581,2.310858693546914,5.983644206811063,0.9970503034924653,0.6916712436469556,3.6727855132641496,4.250432270241683,2.5403601236079365,0.7213987720171655,4.5509690933159455,-0.44348617100584586,-0.36556424233209556,-0.18057653105932323,-0.3197710719078902,0.1259228883213679,israel_iran,2024-04-01
2024-06-26,4349,-3.4875565870999843,-144582.88645476237,36462.30465903911,2.448254893279062,5.935811480379046,0.8994340945631054,0.6415559968409866,3.4875565870999843,3.965270100361576,2.2374628427762797,0.7079871766078532,4.486721848158849,-0.7345824897223961,-0.7900570920402604,-0.5538205703295908,-0.7324077138233945,-0.07740042622718565,israel_iran,2024-04-01
2024-06-27,4327,-3.8895828122090776,-154961.39637723434,35874.751085026146,2.200661688999013,6.090244501208091,0.8948841865197878,0.6391577213737861,3.8895828122090776,4.3195114026007575,2.486056887346197,0.7345692209618353,4.471844756338039,-0.10277861016501018,-0.26273293843649237,-0.2474914904545645,0.08544617922351587,-0.12448197209664512,israel_iran,2024-04-01
2024-06-28,4890,-3.6202547815272905,-160777.6534355701,39425.244820734595,2.221083736100833,5.841338517628123,1.0113204696283251,0.6987914564375975,3.6202547815272905,4.078038174946567,2.529803111458632,0.7245140894135682,4.428669774382767,-0.5260407856913174,-0.6221903607805996,-0.19358536972044574,-0.22392161703543145,-0.2611178763327714,israel_iran,2024-04-01
2024-06-29,3648,-2.9528441097071565,-100016.70880036918,28900.499383576614,2.4847209527638303,5.437565062470988,0.7544574791828487,0.562159680456971,2.9528441097071565,3.4607259713029737,1.659969901152224,0.6863631345819087,4.326387348365749,-1.5749093056480377,-1.541122267472392,-1.265434083630249,-1.3977179781063345,-0.5848111619669841,israel_iran,2024-04-01
2024-06-30,2345,-3.7369482270254952,-86590.91521716584,20782.869213592345,2.5628412838416974,6.299789510867193,0.48497883461726427,0.39540051937010406,3.7369482270254952,4.166456244671641,1.4775912698250704,0.7108261256497621,4.310104355379873,-0.3426513275417215,-0.49057108463652954,-1.4901694686631783,-0.6450613270982813,-0.6363419645183446,israel_iran,2024-04-01
2024-07-01,3463,-3.9815619080254327,-146687.83676481317,31385.530639840617,2.5407712608068937,6.522333168832326,0.7161968888185869,0.5401107315577445,3.9815619080254327,4.673740853647013,2.1504843148860653,0.7196577309097567,4.348409921374211,0.041771038453520315,0.26457357346304905,-0.6609995353912418,-0.37333795445037915,-0.5151163053545466,israel_iran,2024-04-01
2024-07-02,3143,-4.240300188105492,-134334.91965777494,27247.126510461723,2.214423006561591,6.45472319466708,0.6500164081885124,0.5007852322197186,4.240300188105492,4.930241712137833,2.123479714381725,0.7445627337271412,4.409347664691901,0.44839090286715944,0.6464011504489343,-0.6942758531694846,0.3929181408032894,-0.3222665742545479,israel_iran,2024-04-01
2024-07-03,3946,-3.6565361779576295,-137359.58419641864,32887.52072110499,2.338929164075543,5.995465342033173,0.8160880517696054,0.5966847656609333,3.6565361779576295,4.176647591080665,2.181799432475373,0.7193642366747556,4.38377524160753,-0.46902279634441,-0.4754002305174557,-0.6224115990876714,-0.3823679372269501,-0.40319564459582885,israel_iran,2024-04-01
2024-07-04,3685,-4.013205653257732,-140322.81653621557,31246.96004112796,2.2331475181646154,6.2463531714223475,0.762109597255701,0.5665117260652597,4.013205653257732,4.49076698506093,2.2735280616818954,0.7366416255019619,4.390528786207943,0.09150073207255417,-0.007801611965260968,-0.5093793394788596,0.1492081720386662,-0.3818226959230919,israel_iran,2024-04-01
2024-07-05,4375,-2.7165248411115326,-114921.57510925693,36005.512278652706,2.756653268433115,5.473178109544647,0.904811258614299,0.644382926827342,2.7165248411115326,3.1917772539898768,1.7504822279146295,0.6650413426683742,4.26299695206419,-1.9462965967939405,-1.941479746466159,-1.1539006081503997,-2.0537288661706286,-0.7854228061715557,israel_iran,2024-04-01
2024-07-06,3654,-3.0317724108320703,-104299.7195303957,30342.71472903225,2.636099937035013,5.667872347867083,0.7556983631946625,0.5628667055118273,3.0317724108320703,3.4373891875469056,1.7064837487466975,0.6825495261071801,4.176554728280793,-1.4508696193214499,-1.5758614400765334,-1.2081175692313897,-1.5150518631935512,-1.058986589546426,israel_iran,2024-04-01
2024-07-07,2520,-4.565711481601772,-116992.60326098186,22463.23168579131,2.174134673046596,6.739846154648368,0.5211712849618362,0.41948062032388184,4.565711481601772,5.208182192902516,1.915227484522181,0.7560983453888808,4.286946804153876,0.9597906694543935,1.0601437825051514,-0.9508938830388789,0.7478360989782293,-0.7096286877168957,israel_iran,2024-04-01
2024-07-08,3989,-3.626641110214204,-139717.4673380146,33183.83398477296,2.3460970915177346,5.972738201731939,0.8249810538542717,0.601569605530853,3.626641110214204,4.210407616013468,2.1816770620735335,0.7179776965386637,4.280527935193156,-0.5160043577457878,-0.42514500488226975,-0.6225623895567847,-0.4250278332480263,-0.7299424880916083,israel_iran,2024-04-01
2024-07-09,3665,-3.9097561782527595,-141415.3543961983,31257.6102173456,2.309461640388709,6.219217818641468,0.7579733172163213,0.5641616212276181,3.9097561782527595,4.524189578566167,2.2057343841277732,0.7292122829234193,4.306301172536292,-0.07107517856257985,0.04195131272191117,-0.5929178446044627,-0.07937156658967447,-0.6483779006849494,israel_iran,2024-04-01
2024-07-10,3582,-3.8338751920428105,-134233.36905501003,30218.153930938985,2.301118508241435,6.134993700284245,0.7408077550528958,0.5543492325482949,3.8338751920428105,4.442143267976891,2.125305770394879,0.7272299785301712,4.3168332463415915,-0.19032586042811442,-0.08018295286011187,-0.6920257024899803,-0.1403614341721907,-0.6150470372381623,israel_iran,2024-04-01
2024-07-11,3028,-3.606701791744034,-106326.6916939645,25075.20538955782,2.3372048157458534,5.943906607489887,0.6262327979620794,0.4862661730558613,3.606701791744034,4.240311895440849,1.7538170776250894,0.717766771113844,4.30912089960509,-0.5473399721370262,-0.3806294480048085,-1.1497912520912308,-0.43151740859949955,-0.6394543078935641,israel_iran,2024-04-01
2024-07-12,3433,-3.3487410163809868,-108243.01580060902,27977.063425541786,2.4003547212796184,5.749095737660605,0.7099924687595174,0.5364889662706694,3.3487410163809868,3.8689913288679207,1.7965626061864266,0.7054580878338432,4.26343789353004,-0.9527379498529784,-0.9333778210658741,-1.0971182347000867,-0.810220581492295,-0.7840273583178898,israel_iran,2024-04-01
2024-07-13,3200,-4.893814653241573,-161366.44924218516,29251.98848868896,2.1237158747368623,7.017530527978436,0.6618048063007445,0.5079042444703072,4.893814653241573,5.516426662911538,2.4855892340323797,0.767677646879091,4.393878419433248,1.4754208542286755,1.518996980094179,-0.2480677544980978,1.1040982689009746,-0.3712221086414787,israel_iran,2024-04-01
2024-07-14,2544,-4.973315274983918,-128844.06003555546,23792.12703196033,2.1894679584121937,7.162783233396111,0.5261348210090918,0.4227382782448162,4.973315274983918,5.415407368264185,2.102410736515346,0.7658886707052991,4.5041568337779445,1.6003599704030194,1.3686195009271735,-0.7202380221944147,1.0490565607155504,-0.02222391155308854,israel_iran,2024-04-01
2024-07-15,3497,-3.9390320154711427,-137677.99182390375,30309.07459888804,2.364066291218967,6.303098306690111,0.7232285648855322,0.5441996039339029,3.9390320154711427,4.5424676815753,2.143619662702359,0.7272387913586769,4.511340264896627,-0.025066768223563223,0.06916012529641258,-0.6694584773209847,-0.14009028850686503,0.0005094993707636514,israel_iran,2024-04-01
2024-07-16,3821,-4.072911947829716,-153984.63960963444,32739.79839373803,2.247736435629506,6.320648383459221,0.7902363015234827,0.5823476231641351,4.072911947829716,4.703286127720514,2.371850592175443,0.7376709282918785,4.532639225619498,0.1853320947761682,0.30855471441222193,-0.38822176971816613,0.18087689106746666,0.06791433953199552,israel_iran,2024-04-01
2024-07-17,4072,-3.682229889553874,-141840.24266940894,32564.76633002441,2.157505675314469,5.839735564868343,0.8421466160176972,0.6109315307663263,3.682229889553874,4.355635204992506,2.249590343058669,0.7302187578794173,4.512723786349498,-0.4286438716552785,-0.20895898999860862,-0.5388765035515003,-0.04840519507755224,0.0048879309573458445,israel_iran,2024-04-01
2024-07-18,3245,-4.029176338376513,-127524.04067361428,27417.346303079805,2.209964419884132,6.239140758260645,0.6711114363893487,0.513488935833337,4.029176338376513,4.6512174907054895,2.068937470277817,0.7384380507416778,4.527810712586453,0.11659944500974496,0.2310452603488712,-0.7614853290826136,0.2044790667939556,0.052633539992356364,israel_iran,2024-04-01
2024-07-19,3798,-4.036841666825744,-144860.77682545828,31766.495030218266,2.163582198474735,6.20042386530048,0.785479579478196,0.5796870511223307,4.036841666825744,4.560175011050407,2.3401048416899695,0.7413222584993954,4.531163503677081,0.1286458836493919,0.09551928350021628,-0.42734035179434393,0.29321793546761554,0.06324412097319826,israel_iran,2024-04-01
2024-07-20,2811,-4.386106620045981,-114219.22493387046,23349.004477200473,1.9600958321329096,6.346202452178889,0.5813541595348102,0.45828154296681967,4.386106620045981,4.891824190851551,2.0100717094516543,0.7640229419842813,4.566823890160141,0.6775328433946041,0.5892127684963273,-0.8340224422754047,0.9916533949720091,0.17609857815792473,israel_iran,2024-04-01
2024-07-21,3318,-3.70143679110503,-116957.10661324834,26927.664876480056,2.2070972880641295,5.9085340791691605,0.6862088585330843,0.5224827300409033,3.70143679110503,4.343380948542791,1.9339367996903967,0.728043674214277,4.540122206764519,-0.3984592862815154,-0.22720069521350905,-0.9278393995314935,-0.11532633250208014,0.09159573669369005,israel_iran,2024-04-01
2024-07-22,4706,-2.5822073900710154,-108976.58559947523,37451.81772966797,2.688052459837843,5.270259849908858,0.9732666932660322,0.6796903893531995,2.5822073900710154,2.909780945375795,1.7551015463480775,0.6622333536036614,4.364785117347236,-2.157383041805407,-2.3612598901686117,-1.1482084703205657,-2.140122702462023,-0.4632937079268046,israel_iran,2024-04-01
2024-07-23,4623,-3.195173513919525,-133470.79765926435,37196.61745561382,2.4254088579671054,5.620582371886631,0.9561011311026067,0.6709532732937633,3.195173513919525,3.5882509429394513,2.143812127905841,0.6985568603445773,4.2834748069778295,-1.194076792369437,-1.3512883963046947,-0.6692213127952108,-1.0225517210290835,-0.7206165203035056,israel_iran,2024-04-01
2024-07-24,5306,-3.926803016559373,-202928.4461788243,45569.46820602343,2.3307436298680178,6.25754664642739,1.0973550944474217,0.7406770720847542,3.926803016559373,4.453166871760881,2.908492960958777,0.7286137805214715,4.30313842083319,-0.04428523824616563,-0.06377319911792755,0.27305377827718624,-0.09778578307779098,-0.6583870638451191,israel_iran,2024-04-01
2024-07-25,6015,-2.8812303502164225,-173489.06914198087,49927.818289535986,2.7096606594334336,5.590891009649855,1.2439862218434306,0.8082538476431288,2.8812303502164225,3.4747977196981026,2.3287655165085828,0.6735565577495299,4.215639423808637,-1.687453831975039,-1.52017504092009,-0.44131319275772013,-1.7917399193644479,-0.9352952184469987,israel_iran,2024-04-01
2024-07-26,4493,-3.3183496417318135,-144678.27495019932,37707.84921509849,2.537113763053355,5.855463404785169,0.929215310846639,0.6571133455520344,3.3183496417318135,3.836821191389222,2.1805318347897864,0.6976955096968409,4.176425481032263,-1.0004994818356723,-0.9812663377635055,-0.6239735915857189,-1.0490530303771797,-1.0593956184301272,israel_iran,2024-04-01
2024-07-27,3727,-4.016768340037089,-147857.45942670884,31853.24625079205,2.2649249594142495,6.28169329945134,0.7707957853383982,0.5714290417840162,4.016768340037089,4.641833308372212,2.295298083615767,0.7349916784846692,4.229488922879098,0.0970996686300761,0.2170759519286531,-0.4825533115287554,0.09844399553499453,-0.89146569627904,israel_iran,2024-04-01
2024-07-28,1809,-4.028591308103971,-79997.0115011497,15717.491790476566,2.3299530442555207,6.358544352359494,0.3741265295618896,0.3178182780332654,4.028591308103971,5.08968050167018,1.2803599524413842,0.7318347537097432,4.3206065819054835,0.11568004131723668,0.8837419805845081,-1.7332070204324095,0.0013143999761525498,-0.6031055587844404,israel_iran,2024-04-01
2024-07-29,3421,-3.6053309904468076,-122736.75402011015,28449.093724912236,2.355342941624335,5.960673932071143,0.7075107007358896,0.5350365793455956,3.6053309904468076,4.314258837448741,1.928983960537328,0.7167703027305588,4.317986569899034,-0.5494942534341106,-0.2705519150931599,-0.9339425170182917,-0.46217590633261046,-0.6113971131383389,israel_iran,2024-04-01
2024-07-30,3836,-4.424841838789973,-170845.82571693358,32848.562667205,2.069195695204205,6.494037533994178,0.7933385115530174,0.5840789729845097,4.424841838789973,5.201013738342374,2.584457076819337,0.7583628006126484,4.407784623846773,0.7384071345464251,1.0494728098950126,-0.1262382257072767,0.8175069450473472,-0.3272131310233112,israel_iran,2024-04-01
2024-07-31,6526,-5.145419946250795,-347694.78095757565,59958.59218182264,2.0211141290675725,7.166534075318368,1.3496681768495806,0.8542741168456158,5.145419946250795,5.798915022941193,4.395599080383214,0.7800183372168358,4.5558566271931396,1.870830880520524,1.9395095922993344,2.1055347213662574,1.4837862079175603,0.14139047117958298,israel_iran,2024-04-01
2024-08-01,5311,-4.667605569770627,-245836.722546475,46422.06163918221,2.0365664148117495,6.704171984582378,1.0983891644572668,0.7411699858406807,4.667605569770627,5.295687306118655,3.459489154056778,0.7670029325036297,4.634284863363356,1.119922213588301,1.1904040301697405,0.9520167724967912,1.0833392267702264,0.3895923807452546,israel_iran,2024-04-01
2024-08-02,4141,-4.4878984743204615,-192454.00271129346,37657.11489302554,2.302913222755918,6.790811697076379,0.8564167821535571,0.6186481685043088,4.4878984743204615,5.1106943072512925,2.7764301715716355,0.7467579849778008,4.692523017177074,0.8375037219623028,0.9150231642635716,0.11031990092834867,0.4604597774682308,0.5738987185133545,israel_iran,2024-04-01
2024-08-03,3136,-5.241172606970581,-166139.695073317,28006.719535687353,1.8447707653424106,7.085943372312989,0.6485687101747295,0.49990746308247536,5.241172606970581,5.93213692384125,2.620101301528027,0.7934352463971349,4.830261639214142,2.0213108709845464,2.137823921231465,-0.08231576337813305,1.8965863394514864,1.0098002595903068,israel_iran,2024-04-01
2024-08-04,3344,-6.396400180770854,-234277.5386712831,32626.20223047548,1.6801196211091125,8.07651980187997,0.6915860225842779,0.5256665637446731,6.396400180770854,7.180656118549072,3.362373703361621,0.8277973031215717,5.07619406412116,3.8368075160121693,3.996371536785424,0.8323466222944239,2.9538090831555235,1.7881028259461034,israel_iran,2024-04-01
2024-08-05,5074,-4.840682674060356,-235587.7579703786,44564.917886812276,1.9711562868180958,6.811838960878452,1.049374245990618,0.7175345006950821,4.840682674060356,5.286394974826019,3.4733568255552325,0.7755712907467351,5.103156289772465,1.3919213497718566,1.1765714513515124,0.9691051587350058,1.3469632375056748,1.8734302057212942,israel_iran,2024-04-01
2024-08-06,5765,-4.715324625887767,-255476.2769858774,49166.19133013095,1.9065346801290517,6.62185930601682,1.1922827213511848,0.7849433394873355,4.715324625887767,5.196177903438936,3.701262658611215,0.7764485689537605,5.116169503160709,1.1949150446540964,1.0422741785346832,1.2499412674960715,1.3739545925476881,1.914613133838378,israel_iran,2024-04-01
2024-08-07,4465,-4.150244568337964,-174729.99517038697,37181.174631365706,2.088503094483392,6.238747662821358,0.9234245187915074,0.6541072008449761,4.150244568337964,4.6994210619420915,2.714704857417612,0.7491965649465598,5.075915474315045,0.3068640909542573,0.3028011714816092,0.03425911386278785,0.5354879466487944,1.7872211725360592,israel_iran,2024-04-01
2024-08-08,3967,-3.559396937003865,-138346.22727096183,33049.464778745016,2.385850407064618,5.945247344068483,0.8204311458109541,0.5990733663366381,3.559396937003865,4.1860353321042565,2.132339905179224,0.7136211243302095,4.986627718055839,-0.6216818654765144,-0.46142562462529996,-0.6833579162606956,-0.5590671679800249,1.504652129975019,israel_iran,2024-04-01
2024-08-09,3912,-4.526848801917655,-169477.4988784749,33706.92616354568,2.044720558594557,6.571569360512212,0.8090563757026601,0.5928053699423077,4.526848801917655,5.027972531703773,2.683540278693688,0.7626913001081411,4.997162667072492,0.8987160671998807,0.7918834004938913,-0.004143321488021293,0.9506825622534033,1.537992092605763,israel_iran,2024-04-01
2024-08-10,3369,-5.677529066515215,-201578.87041132688,31833.083379654847,1.8856467727166941,7.563175839231909,0.6967563726335024,0.5287184123828035,5.677529066515215,6.332370257923551,3.001814154305145,0.8004357950024185,5.13518947040822,2.7070663933647445,2.733611884986358,0.388048469079573,2.1119733072125855,1.974805641297849,israel_iran,2024-04-01
2024-08-11,3261,-4.650074221330836,-143894.83308018712,27001.980390484077,1.8151009436866334,6.465175165017472,0.6744204604208524,0.5154671116287767,4.650074221330836,5.329047388350001,2.396960327728839,0.7807922199866468,5.154098339663445,1.092370841895754,1.2400639004773508,-0.35728039217517477,1.5075963794613108,2.034646556841181,israel_iran,2024-04-01
2024-08-12,4604,-4.285941659205832,-199656.48574000297,40093.93949591768,2.2112797672604283,6.497221426466262,0.952171665065196,0.6689424272927725,4.285941659205832,4.97971734008158,2.8670482167443625,0.7460780313318026,5.139074948665342,0.5201187074452727,0.7200506471748572,0.2219836475231622,0.439539537885991,1.9871020178337229,israel_iran,2024-04-01
2024-08-13,4816,-4.439576106389391,-206779.56069238723,40349.90998276814,1.969363730730568,6.40893983711996,0.9960162334826204,0.6911533108635244,4.439576106389391,5.1246597769535205,3.068427724761622,0.7649448107505357,5.139960465275781,0.7615627568673891,0.935812184188284,0.4701327916562698,1.0200166746851629,1.9899044130474326,israel_iran,2024-04-01
2024-08-14,4896,-4.035398527952264,-193096.58366532048,40486.89282684525,2.1169915884386192,6.152390116390882,1.012561353640139,0.6994082161266986,4.035398527952264,4.769360407358447,2.8223908857953983,0.7439963876377541,5.10518525475771,0.12637792031252934,0.40691298987250846,0.1669548188038834,0.3754932825851235,1.879851273035452,israel_iran,2024-04-01
2024-08-15,4502,-4.705204818125728,-215746.23479448637,40191.26067864116,2.1111093500043463,6.8163141681300745,0.9310766368643598,0.6580776903151663,4.705204818125728,5.367988740625406,3.096390319171971,0.7635253502070316,5.135423968836233,1.1790112717032244,1.2980320580552862,0.5045895938353406,0.9763439113689973,1.975547758683946,israel_iran,2024-04-01
2024-08-16,4319,-4.079796580274379,-175310.69374549107,37672.16577923569,2.3213156227171394,6.401112202991519,0.893229674504036,0.638284193184477,4.079796580274379,4.653586809233027,2.60406966859722,0.7338681764869126,5.087756119044498,0.19615163145361741,0.23457223159489451,-0.10207068298243999,0.06387703482741668,1.8246932715637694,israel_iran,2024-04-01
2024-08-17,3220,-4.361264692353969,-133405.77638502672,27278.028915658026,2.055086429546311,6.41635112190028,0.665941086340124,0.5103901807785267,4.361264692353969,4.890594433986015,2.225946674753548,0.7574099534977529,5.068033159212769,0.6384925387795558,0.5873821505131671,-0.5680113252215382,0.788190549663368,1.7622760028405784,israel_iran,2024-04-01
2024-08-18,3410,-4.196287789826893,-137071.29942140763,28050.328524787805,2.0148075016830065,6.211095291509898,0.7052357467142307,0.5337033690449435,4.196287789826893,4.886620108576591,2.2395729309127725,0.7550654861433205,5.052891889578987,0.37922326592134104,0.5814659635258701,-0.5512204221304441,0.7160579579254914,1.7143584132087397,israel_iran,2024-04-01
2024-08-19,5598,-3.3895716526108433,-185736.35804112372,46961.5134362636,2.4997044770407366,5.88927612965158,1.1577447830223648,0.7690635943287564,3.3895716526108433,3.955076070817139,2.606796158391758,0.7020252407012844,4.948882944584802,-0.8885706076159902,-0.8052319402788841,-0.098710976149984,-0.915839523143696,1.3852012114142256,israel_iran,2024-04-01
2024-08-20,6693,-3.087870948819144,-203917.99444673065,55207.663274348146,2.580348350059884,5.668219298879028,1.3842061151784006,0.8688662031749117,3.087870948819144,3.6936537855874025,2.6829467071946014,0.6871761910818761,4.8239421153342095,-1.3627080225795642,-1.194385560764547,-0.004874747743504609,-1.3727025423140213,0.9898008566821381,israel_iran,2024-04-01
2024-08-21,4882,-4.087714297279461,-189067.68344377493,40774.2758078791,2.132123577279883,6.219837874559343,1.0096659576125733,0.6979685180173549,4.087714297279461,4.636935413264656,2.853095890150499,0.7447158263870629,4.806256305939876,0.20859471105542896,0.20978493765192574,0.2047909453608541,0.3976283664821924,0.9338305597808934,israel_iran,2024-04-01
2024-08-22,4171,-3.680348043370967,-146612.4923211703,33919.82866213511,2.2259766211022307,5.906324664473198,0.8626212022126265,0.6219847441677815,3.680348043370967,4.32232408310584,2.289120336204486,0.7262796171791459,4.762543543580943,-0.4316012849901131,-0.25854597786096134,-0.4901658176266872,-0.16960134967255555,0.7954927414174874,israel_iran,2024-04-01
2024-08-23,5039,-3.171392789162293,-149466.10396032163,41451.96245078279,2.5274175616386185,5.698810350800911,1.0421357559217035,0.7139961993748203,3.171392789162293,3.6057666542998392,2.264362398186588,0.6927610578577927,4.645589857176052,-1.2314493646592888,-1.3252144811245612,-0.5206736939748378,-1.200872077583512,0.42536930483480645,israel_iran,2024-04-01
2024-08-24,2822,-4.461465358631738,-114085.69517962774,23644.557589319596,1.9585936122007142,6.420058970832452,0.583629113556469,0.45971912049387387,4.461465358631738,4.825029808600056,2.0510209307840683,0.7662400257331494,4.664545554036111,0.7959627875707894,0.489782547165235,-0.7835629177358729,1.059866755505025,0.4853584157412843,israel_iran,2024-04-01
2024-08-25,5229,-5.151146293088411,-244024.1172372333,43385.24357570841,1.5729489012382016,6.724095194326612,1.0814304162958102,0.7330553574980561,5.151146293088411,5.624587927261597,3.7760753874047115,0.8104205686843315,4.7635038148284625,1.8798301147041039,1.6800060064713402,1.342128972209191,2.4191763920543887,0.7985317126984186,israel_iran,2024-04-01
2024-08-26,4477,-4.234814138770115,-179860.57852139234,37006.14785761241,2.0155109401763007,6.250325078946416,0.9259062868151352,0.6553966552945033,4.234814138770115,4.860289139346176,2.775483022343806,0.756163691668515,4.776197796776463,0.43976930796350894,0.5422696417665844,0.10915277984156896,0.7498466181272964,0.8387043687893692,israel_iran,2024-04-01
2024-08-27,3577,-3.9828703016688145,-141873.15902371638,31432.474996025237,2.40225718855967,6.385127490228484,0.7397736850430509,0.5537550386999011,3.9828703016688145,4.513585361689043,2.205534498037301,0.7266243283557994,4.746140233640642,0.04382724306965574,0.02616585898172402,-0.5931641534904224,-0.15899556728619874,0.7435811716922173,israel_iran,2024-04-01
2024-08-28,4262,-4.514082921765943,-191030.2024097653,37994.46007576098,2.2003095569209914,6.714392478686935,0.8814412763918039,0.6320381195049142,4.514082921765943,5.027843586376828,2.853072481162195,0.7531819293418545,4.770052330924787,0.8786538620449116,0.7916914522796019,0.20476209972273632,0.6581062728579284,0.8192558074798141,israel_iran,2024-04-01
2024-08-29,3782,-4.139450422226888,-151609.252108797,31647.49435299848,2.1142375536933344,6.253687975920223,0.7821705554466923,0.5778320345959079,4.139450422226888,4.7905609972699965,2.391907059584253,0.7473403000288205,4.769313640151491,0.28990056229978606,0.43847222099643857,-0.363507262910437,0.4783759552126607,0.8169180721250041,israel_iran,2024-04-01
2024-08-30,3743,-2.9901246409623323,-105577.58744802866,28977.621190625563,2.3758462008420453,5.365970841804378,0.774104809369902,0.5732959629594917,2.9901246409623323,3.643418027777368,1.7142263854094046,0.6931151707984695,4.64862105330837,-1.51632112704703,-1.269166587991954,-1.1985767342174332,-1.1899770296611574,0.4349621339617605,israel_iran,2024-04-01
2024-08-31,3017,-4.391784512875192,-128655.2808500502,26236.135371005796,2.1521580204940913,6.543942533369282,0.6239578439404206,0.4848662832378016,4.391784512875192,4.903743597550969,2.1294282335391332,0.7525145889052579,4.668454010948346,0.6864559297336434,0.606956015852012,-0.6869458127284098,0.6375741058511288,0.49772751284766953,israel_iran,2024-04-01
2024-09-01,4517,-5.086940167396819,-255515.4606948992,44808.26038918039,2.416487896064749,7.50342806346157,0.9341788468938945,0.6596828678816505,5.086940167396819,5.702418671816975,3.3557672783706973,0.7564003660994586,4.763686918440448,1.778927047267921,1.795864973897178,0.8242058798553435,0.7571284171550242,0.7991111808639978,israel_iran,2024-04-01
2024-09-02,4872,-4.847143408628144,-251149.1000914125,45471.204075124,2.2430132787651558,7.0901566873933,1.0075978175928835,0.6969388917253686,4.847143408628144,5.523255985842895,3.378162755243224,0.7596729421088232,4.8409518888794745,1.4020747101990552,1.5291631208341232,0.8518026223098638,0.8578162722315206,1.0436317023236432,israel_iran,2024-04-01
2024-09-03,4773,-4.919244530505501,-238033.00919127493,42947.66470908244,2.039399807770761,6.958644338276263,0.9871232313979541,0.6866879804679078,4.919244530505501,5.542397026791924,3.3779860920806235,0.7733507666033512,4.913008395974886,1.5153851503580091,1.5576565041684198,0.8515849297897519,1.2786440258194927,1.2716689951539686,israel_iran,2024-04-01
2024-09-04,4566,-4.369763734433307,-200026.208532378,39718.84576437199,2.1645318170115533,6.534295551444861,0.9443127329903747,0.6649085639797373,4.369763734433307,5.0360529034255705,2.905493329592784,0.7511697007736292,4.927171894309966,0.6518491991735139,0.8039118544095329,0.26935749376683704,0.5961957235296675,1.3164922310771552,israel_iran,2024-04-01
2024-09-05,3453,-4.061443024012865,-129936.55931858269,28647.53657823911,2.1174882444718626,6.178931268484728,0.714128748798897,0.5389049333398779,4.061443024012865,4.535697474849671,2.188731682119365,0.7447708326266574,4.889955459724753,0.16730811994749017,0.05908198503228171,-0.6138693604407965,0.39932075201113015,1.198713347063649,israel_iran,2024-04-01
2024-09-06,3649,-4.072932029754655,-144544.65822350865,31248.118219623026,2.2452712034870226,6.318203233241678,0.7546642931848176,0.5622775526857645,4.072932029754655,4.625707609258156,2.290118253945911,0.737808383725995,4.861309168740557,0.18536365450360134,0.1930712111408406,-0.4889361372292724,0.18510600378790232,1.1080564042143923,israel_iran,2024-04-01
2024-09-07,3375,-4.919832264626679,-165988.12178318223,30180.767384558145,2.0113086653989787,6.931140930025658,0.6979972566453164,0.5294494722490497,4.919832264626679,5.499797923233367,2.604802596060442,0.7750830302216011,4.920560167811015,1.51630880328092,1.4942434123400488,-0.10116753586235372,1.3319408499878314,1.2955680942776997,israel_iran,2024-04-01
2024-09-08,2922,-4.471931902311558,-126581.55468100002,24560.956881989936,1.9667987445988313,6.438730646910388,0.6043105137533672,0.472694077836787,4.471931902311558,5.153771300083987,2.1138557267120706,0.7660113179087116,4.942913319754432,0.8124114729784947,0.9791476428088733,-0.7061349759118425,1.0528300662987353,1.366309134342994,israel_iran,2024-04-01
2024-09-09,3489,-4.147494340211721,-129852.08932714547,28309.906874913024,1.9832758844818474,6.130770224693568,0.7215740528697804,0.5432390193509458,4.147494340211721,4.586807363969628,2.253080758140213,0.755574979757738,4.905132880880784,0.3025419729149262,0.13516424548751949,-0.5345754526467568,0.7317336272037841,1.2467453454504747,israel_iran,2024-04-01
2024-09-10,4997,-4.741346505780215,-233978.0314110473,42788.85831840886,1.9107814517735764,6.65212795755379,1.033449567839006,0.7097336453883141,4.741346505780215,5.468199914798475,3.3650931395965373,0.7768537116961428,4.963336782893214,1.2358097018744396,1.4472065678270842,0.8356976374044681,1.38641968231598,1.430943286512222,israel_iran,2024-04-01
2024-09-11,5370,-4.205402207568593,-216696.13425890068,44640.14649244342,2.0537371171136014,6.259139324682194,1.1105911905734367,0.7469680933493528,4.205402207568593,4.854288152830827,3.141301268754671,0.7529450688346884,4.9529009329186895,0.3935470192723823,0.5333365639041455,0.5599309431656654,0.6508187487941205,1.3979169427092546,israel_iran,2024-04-01
2024-09-12,3748,-3.945959048218247,-148450.27223068662,31347.807054618996,2.208958450092984,6.15491749831123,0.7751388793797469,0.5738786617707238,3.945959048218247,4.735587148792693,2.2645016979935666,0.7358929683175846,4.927677120011376,-0.014180597396637882,0.3566380646307225,-0.5205020423096808,0.12617412000538777,1.3180911193089326,israel_iran,2024-04-01
2024-09-13,3428,-3.6078445313403997,-114870.33274847559,27905.082249434072,2.2662472572927626,5.874091788633162,0.7089583987496725,0.5358840613852538,3.6078445313403997,4.116466374178317,1.933386380301271,0.7216028417849532,4.843589800625039,-0.5455441009594388,-0.5649860836217571,-0.9285176517611797,-0.31349242562260937,1.0519799039980222,israel_iran,2024-04-01
2024-09-14,2684,-4.038302307103835,-99924.96552174083,21421.30256770874,1.9714044663640178,6.009706773467853,0.5550887812847494,0.44153263807518667,4.038302307103835,4.664747403006734,1.7830422710006688,0.7529912305287519,4.824458321811777,0.13094135129975504,0.2511859088488862,-1.11377861706854,0.6522390128150809,0.9914344957861005,israel_iran,2024-04-01
2024-09-15,2982,-3.9312285906225393,-106181.7359364096,23546.612379089624,1.982509846051847,5.913738436674385,0.6167193538715062,0.480399005773851,3.9312285906225393,4.5094272682172925,1.8885583064048053,0.748930153274338,4.790872170957435,-0.03733023211038872,0.019976114570961327,-0.9837568778376992,0.527291217293509,0.8851443739616587,israel_iran,2024-04-01
2024-09-16,3812,-3.800879774857927,-131763.3467009549,30754.912951929815,2.133520363348819,5.934400138206746,0.7883749755057617,0.5813073726079951,3.800879774857927,4.284302378189205,2.2094794355215295,0.735555108291231,4.742033342247093,-0.2421797726433362,-0.31514514694994367,-0.5883030190581839,0.11577912802589596,0.7305840888042959,israel_iran,2024-04-01
2024-09-17,4607,-4.49378383214066,-201957.77038055114,40329.01098703936,2.1300356926814996,6.623819524822159,0.952792107071103,0.6692601982362855,4.49378383214066,5.007754106478209,3.0075106583294726,0.7566745576940301,4.7758625308430185,0.8467528496836991,0.7617862212494652,0.395067964817275,0.7655645125912836,0.8376433523881751,israel_iran,2024-04-01
2024-09-18,6550,-4.508641290912538,-287360.985404557,56247.04757516694,2.039347108373268,6.547988399285806,1.3546317128968361,0.856384330057133,4.508641290912538,5.108907894597242,3.8611297513860614,0.7625168940290773,4.811773532786601,0.8701020729585972,0.9123639076076433,1.4469368935044842,0.945316583292796,0.9512909325462839,israel_iran,2024-04-01
2024-09-19,6158,-4.350364947404523,-256657.32845679516,53190.67164545724,2.1436443893585726,6.494009336763095,1.273560624124995,0.82134715947612,4.350364947404523,4.825231953594161,3.573159892235185,0.7518256163851713,4.81589668096089,0.6213630563847754,0.49008346051793444,1.0920871136634438,0.6163763811670697,0.9643394632828365,israel_iran,2024-04-01
2024-09-20,5279,-4.886312928419362,-238892.31949148924,44583.12547943658,1.7795301695691208,6.665843097988484,1.0917711163942594,0.7380111312277167,4.886312928419362,5.358357381240025,3.60615333183539,0.7892893406612258,4.87982142414354,1.4636315266922482,1.2836948014907754,1.1327431559758356,1.769028612846052,1.1666421555427207,israel_iran,2024-04-01
2024-09-21,3760,-5.168577563454894,-191559.76779487196,33048.256187346684,1.8104261368026968,6.979003700257591,0.7776206474033747,0.5752757551617019,5.168577563454894,5.796365372773139,2.9733573609283437,0.7940223461174801,4.976840014596886,1.9072242088087092,1.935714179092698,0.3529826920759827,1.9146497278612324,1.4736769760329833,israel_iran,2024-04-01
2024-09-22,4901,-4.841162604907937,-219894.15917430384,41742.037178757615,1.837941160181984,6.679103765089921,1.0135954236499838,0.6999218921158777,4.841162604907937,5.267930700953121,3.388435690467795,0.7842043600441256,5.003979445559176,1.3926755845766592,1.1490855045395856,0.8644614082449928,1.612578223313072,1.5595651576152734,israel_iran,2024-04-01
2024-09-23,7170,-4.460694655539564,-279686.7471752351,57955.35628867499,1.8111698471726858,6.271864502712251,1.4828563941176054,0.909409669218207,4.460694655539564,4.825899883733239,4.056598851177659,0.7759294630241838,4.985981574891701,0.7947515899592648,0.49107774236206075,1.68780295924935,1.3579831796738528,1.5026072801221702,israel_iran,2024-04-01
2024-09-24,7366,-4.279082294625085,-291343.6395901273,60499.15385618788,1.9671079061892136,6.2461902008143,1.523391938503526,0.9256040038101678,4.279082294625085,4.815664699752301,3.960735704538179,0.7604971984991202,4.97061811894773,0.5093388804520493,0.4758416315652382,1.5696759560268834,0.8831762967915668,1.4539865372745855,israel_iran,2024-04-01
2024-09-25,6672,-4.246977109490804,-261643.22504889435,55981.54444935926,2.071771071255741,6.318748180746546,1.3798630211370522,0.8670429318829843,4.246977109490804,4.673740741211169,3.682311484652829,0.7530819000550723,4.9389748500572885,0.4588840114537832,0.26457340609087715,1.2265887544008058,0.6550286562335591,1.3538450557492097,israel_iran,2024-04-01
2024-09-26,5655,-3.5993563985306882,-183092.91938059998,46545.125320103805,2.3157174965882197,5.9150738951189075,1.1695331811345968,0.7745120205087952,3.5993563985306882,3.9336647634187023,2.7877447967572637,0.7186519027901249,4.83371163640827,-0.5588836169025064,-0.8371048457816063,0.12426230541450872,-0.40428442464741954,1.0207184688143458,israel_iran,2024-04-01
2024-09-27,5388,-4.271609377698139,-215475.0694122123,45162.27008891034,2.055200330537561,6.326809708235701,1.1143138426088783,0.7487303355628911,4.271609377698139,4.771130171003572,3.1982835227575204,0.7548081759589078,4.833681274300946,0.4975948259322895,0.4095474627878486,0.6301471121334163,0.7081412554612211,1.0206223818259814,israel_iran,2024-04-01
2024-09-28,6487,-4.239819174560851,-240841.50845525487,52574.60953686903,1.932395757013472,6.172214931574323,1.3416024307727903,0.8508354944769914,4.239819174560851,4.580947163979597,3.607388643880511,0.7615683428527292,4.806625221646882,0.4476349665509622,0.12644074266569047,1.1342653646144016,0.91613236171827,0.9349980676507471,israel_iran,2024-04-01
2024-09-29,5564,-4.890726661143832,-264152.571750923,48941.06546397196,1.9526475845945073,6.84337424573834,1.1507131069554193,0.7657994648003814,4.890726661143832,5.3973604629711085,3.745315859588903,0.7780078742118562,4.864014063410967,1.470567923584995,1.341754849632466,1.3042256593220762,1.4219299799482852,1.116616586811292,israel_iran,2024-04-01
2024-09-30,6341,-4.107370870767658,-233261.58195970414,50941.685907209816,1.963164107843566,6.0705349786112235,1.3114075864853187,0.8378566837573819,4.107370870767658,4.578992190886451,3.4413881367430603,0.7556338510172037,4.830297184272527,0.23948597787584133,0.12353056667789633,0.9297118617411614,0.7335449284002391,1.0099127490685547,israel_iran,2024-04-01
2024-10-01,8584,-4.691960161325987,-373299.7151450603,70860.8610895216,1.7815164879251697,6.473476649251157,1.7752913929017469,1.0207557481366862,4.691960161325987,5.268066312000564,4.789345304701835,0.7841892224110862,4.872559107102751,1.1581966456245107,1.1492873753557784,2.590727030813822,1.6121124814029344,1.143659094270211,israel_iran,2024-04-01
2024-10-02,10221,-4.748852738910524,-464380.60537962575,88025.42598483888,1.931679979475316,6.680532718385841,2.1138459141249712,1.1358585905321128,4.748852738910524,5.275528066852056,5.394025178663472,0.7757045666144488,4.914178503419521,1.2476061144375865,1.1603949552359047,3.3358415396109886,1.3510637568565296,1.2753720352366884,israel_iran,2024-04-01
2024-10-03,7146,-4.109066979858783,-276989.50652575766,60312.58125798667,2.1654903876235525,6.274557367482335,1.4778928580703499,0.9074085450124476,4.109066979858783,4.592565941439927,3.7286024895523506,0.743426761262871,4.8823313030319,0.24215149628483124,0.14373647286838254,1.28363067172386,0.3579674993129064,1.174585171518721,israel_iran,2024-04-01
2024-10-04,7598,-3.729684469343901,-245144.6745582894,59662.18220384097,2.061334535783496,5.791019005127397,1.57137278696033,0.9444399146456623,3.729684469343901,4.108878782219725,3.522462881882406,0.737488317987224,4.8021318664471595,-0.35406667807551007,-0.5762809848152759,1.0296159126310573,0.1752584914220764,0.9207779424077494,israel_iran,2024-04-01
2024-10-05,6117,-4.696656648382782,-264167.48312310723,50940.92238177213,1.8155528579053988,6.512209506288181,1.2650812500442667,0.8176106302758368,4.696656648382782,5.185761677877129,3.8400364024734457,0.7819879124179105,4.838760584061984,1.1655774047826202,1.026768568958934,1.4209446933491536,1.5443844344646596,1.0366968779963295,israel_iran,2024-04-01
2024-10-06,7328,-4.7838224614322735,-318389.08115649875,60787.34598412124,1.7556969832659348,6.539519444698209,1.5155330064287047,0.9224847120830721,4.7838224614322735,5.237752627654904,4.413003085990884,0.7883482608907858,4.879123574865062,1.3025627440711163,1.1041623776800578,2.126980742058994,1.7400742651791559,1.1644336713033043,israel_iran,2024-04-01
2024-10-07,10243,-4.812878091369679,-497755.8904933028,92691.63671166766,2.1181942019802804,6.93107229334996,2.118395822168289,1.1373187100345925,4.812878091369679,5.370019433809903,5.473776302430315,0.7659264203266256,4.932538445333009,1.3482250878957145,1.3010549510888625,3.434114563024571,1.0502180091862479,1.3334757599277842,israel_iran,2024-04-01
2024-10-08,7193,-4.1855685862187135,-289018.49650846416,60996.152065309514,2.1471817895619565,6.3327503757806705,1.487613116162892,0.9113236628510357,4.1855685862187135,4.7383070361390605,3.8144076951070693,0.746792574787631,4.90908447479554,0.3623775130762988,0.3606868931658339,1.389363814734339,0.46152400752716244,1.259250958267544,israel_iran,2024-04-01
2024-10-09,5886,-3.72777970284311,-206413.07648877503,48366.211733321834,2.244690825890867,5.972470528733976,1.2173072155894318,0.7962934936948678,3.72777970284311,4.267712295246126,2.968406723301756,0.7268289219333033,4.841707894724417,-0.3570601118111429,-0.3398411702280779,0.34688228741194127,-0.1527008048659073,1.046024234701271,israel_iran,2024-04-01
2024-10-10,5215,-4.0723617998961155,-204596.14980406326,44540.8511438955,2.2342746267916835,6.3066364266878,1.0785350202682444,0.7316633283866305,4.0723617998961155,4.5934494862499715,2.979597788906561,0.7384032437755617,4.816097099376425,0.1844675103857214,0.14505171904713826,0.36067243606764154,0.20340815545379887,0.9649737276227878,israel_iran,2024-04-01
2024-10-11,6093,-3.316759619514257,-182958.89357840118,52058.1408395239,2.6135831673907375,5.930342786904994,1.2601177139970112,0.8154168977671598,3.316759619514257,3.514510711060469,2.7045418395837006,0.6941004426569644,4.682614163532753,-1.0029982795331658,-1.46105822019687,0.021735773220410197,-1.1596630171477122,0.5425401604706915,israel_iran,2024-04-01
2024-10-12,3742,-4.545778714828979,-162161.7199520471,32706.015083034337,2.097235586871232,6.643014301700212,0.773897995367933,0.5731793824416144,4.545778714828979,4.958161963184736,2.6055466364819098,0.7600485554064615,4.711789323877208,0.9284653513760877,0.6879632795926783,-0.1002506948411124,0.8693728249805456,0.6348708166601575,israel_iran,2024-04-01
2024-10-13,4775,-4.551047643256796,-209808.8389075763,41031.35713214736,2.020953364983891,6.572001008240687,0.9875368594018921,0.6868961129853971,4.551047643256796,5.11337800092395,3.126096936164445,0.7648127434167311,4.755283506355366,0.9367457301521271,0.9190181148396913,0.5411954613059308,1.015953338485056,0.7725168950782278,israel_iran,2024-04-01
2024-10-14,5425,-4.5382040407411095,-239752.0105525998,46963.844475681886,2.0593629082637213,6.59756694900483,1.1219659606817307,0.7523429989140877,4.5382040407411095,5.105033738810386,3.414286037695197,0.7621139431394799,4.794791014262111,0.9165613805000574,0.9065968332763344,0.8963154017480145,0.9329189306000456,0.8975463408935439,israel_iran,2024-04-01
2024-10-15,5573,-3.5898271142406166,-190013.08868128576,46809.5317811418,2.4047573365762456,5.994584450816863,1.1525744329731402,0.7666645365003444,3.5898271142406166,4.059281976365261,2.7521931406556512,0.7136969303730873,4.71600217807747,-0.5738593533292501,-0.6501108671676082,0.08045391040455767,-0.5567348316683964,0.64820324013781,israel_iran,2024-04-01
2024-10-16,5662,-3.4144621243735744,-180267.4305669171,46998.317681563814,2.4430972389050365,5.857559363278611,1.1709808791483796,0.7751790834637166,3.4144621243735744,3.8356145381269933,2.646819620093482,0.705674218800675,4.62093165815793,-0.8494540136190692,-0.9830625636868403,-0.04939221544630889,-0.8035708464200971,0.3473334802184605,israel_iran,2024-04-01
2024-10-17,6052,-4.5267291632433055,-259157.3287046323,52708.35283277884,2.091258091278119,6.6179872545214256,1.251638339916283,0.8116581023168583,4.5267291632433055,4.916817065538514,3.6741564023404414,0.7598806775736626,4.651025977199343,0.898528049170513,0.6264172006365671,1.2165396847805714,0.8642077015881339,0.4425729987631097,israel_iran,2024-04-01
2024-10-18,5624,-4.143387918857799,-232443.39861259123,49667.32509617117,2.343964388381482,6.487352307239281,1.1631219470735583,0.7715525240564882,4.143387918857799,4.680006385737697,3.1968414069398947,0.7345849470505573,4.650177828216195,0.29608853087442005,0.2739004542804815,0.6283700703211286,0.08593002624116564,0.43988886091310586,israel_iran,2024-04-01
2024-10-19,4219,-4.4528672952502815,-178310.5636567795,36238.42817561428,2.068236674206369,6.52110396945665,0.8725482743071377,0.6273002167482903,4.4528672952502815,4.9204828308963195,2.7932846194618746,0.7592089125336695,4.6723712717119374,0.7824505103565094,0.6318740646509997,0.13108873118311531,0.8435394021204567,0.5101244715103627,israel_iran,2024-04-01
2024-10-20,4145,-3.9539415697128457,-149036.2484393667,34183.23854534583,2.1464596789971155,6.100401248709961,0.857244038161433,0.6190936890090539,3.9539415697128457,4.359921844200409,2.447860272519775,0.7397240358709544,4.636111854782058,-0.0016356743693673134,-0.20257789220503183,-0.29455912594181677,0.24404517128063802,0.39537426213167,israel_iran,2024-04-01
2024-10-21,4121,-3.5710823047638134,-130759.4687835429,32123.94577413827,2.112049938874859,5.683132243638673,0.8522805021141774,0.6164175837801613,3.5710823047638134,4.070467236587488,2.2012779257825996,0.7290570137523283,4.575375520106178,-0.6033177384029965,-0.633460471399976,-0.5984092987007995,-0.08414875732624429,0.2031619291416038,israel_iran,2024-04-01
2024-10-22,5402,-3.813952921028425,-192534.4481070817,44140.01178443776,2.1785485102778788,5.992501431306304,1.117209238636444,0.7500988246028135,3.813952921028425,4.3619029611352005,2.860841603153889,0.7333820591169331,4.551522367372648,-0.22163468390863922,-0.19962879845389267,0.2143355711840892,0.048920586097546875,0.12767383522636666,israel_iran,2024-04-01
2024-10-23,4867,-3.520482252891735,-161114.9033715436,40138.174518726264,2.3632614951615154,5.88374374805325,1.0065637475830385,0.6964236807574347,3.520482252891735,4.0140067480242845,2.451747208600088,0.7134400396912696,4.4941274278990795,-0.6828381952336646,-0.7175076425103171,-0.28976946352220717,-0.5646386272310832,-0.05396398136086531,israel_iran,2024-04-01
2024-10-24,4766,-3.4138370032811856,-151685.57084682118,39616.875769701204,2.4492791242197933,5.863116127500979,0.9856755333841712,0.6859591753289735,3.4138370032811856,3.8288120377939943,2.3417528154782965,0.7053461667727168,4.427016840257819,-0.8504364219961776,-0.9931887762651411,-0.4253096422690624,-0.8136640741874871,-0.266348918445053,israel_iran,2024-04-01
2024-10-25,4275,-4.010394349054484,-157242.82447152384,35074.77823473597,2.0971160693015265,6.107510418356011,0.8841298584174008,0.6334661007519593,4.010394349054484,4.4830739461611175,2.540448870773236,0.7443983498266155,4.431031761847851,0.08708262999041767,-0.019253481639525012,-0.1804671726974418,0.3878605157685511,-0.25364289247706195,israel_iran,2024-04-01
2024-10-26,4951,-5.359344855418257,-243922.0674554241,41441.77957678724,1.5055204198759293,6.864865275294185,1.023936123748433,0.7050441915143808,5.359344855418257,5.885897515657171,3.778574960635121,0.8201372702879575,4.583724918744308,2.2070243403110834,2.0689918662743474,1.3452090619558152,2.7181316615692457,0.2295852785232131,israel_iran,2024-04-01
2024-10-27,4162,-5.428924952988731,-244031.64198525972,38579.05640228819,1.9202151307002755,7.349140083689006,0.8607598761949057,0.6209849398858267,5.428924952988731,6.325495352726818,3.3712806355763716,0.7928426426339309,4.763027582233643,2.316372867445296,2.7233778904152626,0.8433221561394693,1.8783536072990379,0.7970245789771508,israel_iran,2024-04-01
2024-10-28,5261,-4.068339588767477,-208624.81299265704,45289.618910424986,2.2701087563124207,6.338448345079897,1.0880484643588175,0.7362298806508404,4.068339588767477,4.606459891068652,2.9952331698853687,0.7362962538814708,4.747522503348234,0.17814640883374463,0.16441902790041446,0.37993907568895624,0.138582069674036,0.7479556418793889,israel_iran,2024-04-01
2024-10-29,6078,-4.1262172395375405,-240521.13107480897,51701.14076249566,2.1900289882022457,6.316246227739785,1.2570155039674764,0.8140433670929201,4.1262172395375405,4.652143599301092,3.3589197750299937,0.7425396036918951,4.734583182972928,0.26910396834685985,0.23242386704502524,0.8280905320505403,0.3306721843436501,0.707006563046827,israel_iran,2024-04-01
2024-10-30,3800,-3.614349377920328,-128514.4858794484,31676.536504807675,2.3607906406197934,5.975140018540121,0.785893207482134,0.5799186864236342,3.614349377920328,4.057087676234529,2.096028743519636,0.7167933927058708,4.660104801592613,-0.5353214163472367,-0.6533773057558722,-0.7281022091483978,-0.46146549347091054,0.4713047624882347,israel_iran,2024-04-01
2024-10-31,3965,-3.8626181688539236,-146457.36732512448,33118.859186491725,2.245091821814113,6.107709990668037,0.8200175178070161,0.5988461262110726,3.8626181688539236,4.422174281439634,2.313113927450679,0.7312169171236503,4.635370762523074,-0.14515486628622376,-0.10990881728507404,-0.4605998047237652,-0.0176946743626739,0.393028926792941,israel_iran,2024-04-01
2024-11-01,4280,-3.8737058767382657,-152336.20263445462,34838.39246991319,2.1330527240039023,6.0067586007421685,0.8851639284272457,0.6340147818016543,3.8737058767382657,4.372653036905012,2.4559867862039972,0.7379481367683367,4.610555681907932,-0.12772999094425963,-0.18362621893913936,-0.284545259906585,0.1894058073779596,0.314496618845368,israel_iran,2024-04-01
2024-11-02,3212,-4.672202524693094,-139235.72635991522,26869.409974663286,1.8465590699484846,6.518761594641579,0.6642865743243722,0.509396547717688,4.672202524693094,5.181942085487125,2.3800038363165283,0.779260216794215,4.667673228586786,1.1271465531282818,1.0210827177850634,-0.37817496517763083,1.4604609989613913,0.4952565702056108,israel_iran,2024-04-01
2024-11-03,2859,-4.150239817898969,-106091.84379010489,22894.066249277013,1.9287391762686017,6.078978994167571,0.5912812316293213,0.46453949780092124,4.150239817898969,4.634032357334304,1.9279503207601738,0.7591399778042457,4.660975099415382,0.30685662540698894,0.20546344407774186,-0.9352162157603741,0.8414184765785896,0.4740589947909134,israel_iran,2024-04-01
2024-11-04,3499,-3.9678543787950344,-131582.37116574164,29220.932628737635,2.1916847895589897,6.159539168354025,0.7236421928894702,0.5444396059734284,3.9678543787950344,4.503017505893552,2.160257074551111,0.7375612484344516,4.640391326435237,0.020228985706683154,0.010434532404222036,-0.64895708891505,0.17750235383508062,0.40891750992250303,israel_iran,2024-04-01
2024-11-05,5461,-3.636463049346375,-197196.93317749703,46509.85831254098,2.440133089183339,6.076596138529714,1.1294112647526142,0.7558455399907978,3.636463049346375,4.23989537556438,2.7486043771897943,0.7134894131372339,4.597589255550432,-0.5005686999182466,-0.3812494801408964,0.07603167007178147,-0.5631195467398556,0.2734617576865712,israel_iran,2024-04-01
2024-11-06,5593,-1.8026021555577216,-96526.48165628278,47005.47616869034,3.3008691500675846,5.103471305625306,1.1567107130125198,0.7685842429804364,1.8026021555577216,2.0535156650658006,1.3854516131242343,0.6072423329981048,4.330954007152555,-3.3825708055018793,-3.6358977185235077,-1.6037082153616318,-3.8320399863988346,-0.5703590527959946,israel_iran,2024-04-01
2024-11-07,4586,-2.44771394232429,-105502.55444876777,37104.71551443888,2.821576469138649,5.26929041146294,0.9484490130297544,0.667033678161342,2.44771394232429,2.8433732205199806,1.63270763403537,0.6512640102998638,4.17253114143349,-2.3687460742502964,-2.4601145326989737,-1.2990279101262183,-2.4776181939942603,-1.071720038461898,israel_iran,2024-04-01
2024-11-08,3584,-4.004240513057448,-150978.5762660606,32198.74166506999,2.4898916945134055,6.494132207570855,0.7412213830568337,0.5545868112643123,4.004240513057448,4.688958898969831,2.2206989776719044,0.7228533982488894,4.230659801183436,0.07741157568038642,0.28722717940519477,-0.574477780285914,-0.2750163603928103,-0.8877602166559241,israel_iran,2024-04-01
2024-11-09,3261,-4.524565496911623,-141391.19634673058,28688.347241113992,2.136421213689848,6.66098671060147,0.6744204604208524,0.5154671116287767,4.524565496911623,4.928523597347542,2.332264708068255,0.7571533306088055,4.30028250307899,0.8951277416854632,0.6438435620992496,-0.4370013270706908,0.7802949933255768,-0.667425189331156,israel_iran,2024-04-01
2024-11-10,2888,-3.667556269373861,-104450.10967996166,25219.88409071999,2.532545288221655,6.200101557595516,0.5972788376864219,0.4683014549226657,3.667556269373861,4.141577705283568,1.717521936958523,0.7099911020179738,4.279045261231958,-0.4517041835898251,-0.5276053170729712,-1.1945158031703171,-0.670752629051961,-0.7346347077104965,israel_iran,2024-04-01
2024-11-11,4323,-1.9731335894007989,-82549.18076261239,33902.79775040787,2.93464506632295,4.907778655723749,0.8940569305119119,0.6387210526605658,1.9731335894007989,2.4348781292428665,1.2602819632619988,0.625798710917258,4.079882627596501,-3.1145723149573805,-3.068200961066818,-1.7579480473612827,-3.261113020815179,-1.3649248735528443,israel_iran,2024-04-01
2024-11-12,5237,-2.414495686764567,-117221.25910814379,40710.932351107396,2.6796084055300127,5.09410409229458,1.083084928311562,0.7338499335607628,2.414495686764567,2.879355798024488,1.7718774993149258,0.6552987512363136,3.9533138084693826,-2.420950187872651,-2.4065508118479393,-1.1275363651410064,-2.3534806920636795,-1.765477329311793,israel_iran,2024-04-01
2024-11-13,5231,-2.540725865412941,-125395.39147028083,40912.407057988115,2.640209334354141,5.180935199767082,1.0818440442997481,0.7332540607107382,2.540725865412941,3.0649722293911688,1.8629975579668434,0.662426730149823,3.860223782428282,-2.222573287048276,-2.1302419033534163,-1.0152540143176347,-2.134173056189669,-2.0600794184722977,israel_iran,2024-04-01
2024-11-14,4562,-2.914580890111026,-125722.27399656031,35549.954017153614,2.439021919823225,5.353602809934252,0.9434854769824987,0.664482998672238,2.914580890111026,3.5364961073056977,1.9366894497337754,0.6870089341644542,3.820228199618643,-1.6350418270491758,-1.4283307251437076,-0.9244474568304325,-1.3778485619064553,-2.1866534753718994,israel_iran,2024-04-01
2024-11-15,4193,-3.340322163237922,-135707.50015812955,34319.768714544094,2.422346516108691,5.762668679346612,0.8671711102559442,0.6244245102024936,3.340322163237922,3.9542078877885674,2.0857790306983732,0.7040510667037382,3.829617950013692,-0.9659685894108055,-0.8065243188858415,-0.7407323793640711,-0.8535106194416632,-2.1569377238492202,israel_iran,2024-04-01
2024-11-16,3109,-3.588827315682166,-108793.00556494563,25197.558670108803,2.2579437995582086,5.846771115240376,0.642984732121567,0.4965145463287931,3.588827315682166,4.317601041802669,1.781904966498311,0.721403673874404,3.875086847654639,-0.5754305856731938,-0.2655767044924613,-1.115180056279796,-0.31962025570383007,-2.013042262578923,israel_iran,2024-04-01
2024-11-17,2897,-5.119999322582748,-156468.09668920955,26779.519242975406,2.0619401459187423,7.181939468501493,0.5991401637041427,0.4694660871109352,5.119999322582748,5.842826948069765,2.4036660479835614,0.776939961149844,4.0800501934031255,1.8308811268697969,2.004876952359178,-0.34901729351936334,1.3890733326727143,-1.364394577893871,israel_iran,2024-04-01
2024-11-18,3576,-3.755949350682044,-127722.58261714615,29812.535239075532,2.290444681352984,6.046394032035027,0.7395668710410819,0.5536361575505115,3.755949350682044,4.284190579328494,2.079429366465946,0.7252622054838614,4.101644518041988,-0.3127901321958221,-0.31531157090792183,-0.7485567293206438,-0.20090421354333995,-1.2960549992819759,israel_iran,2024-04-01
2024-11-19,3807,-3.376452306532636,-123059.94776273183,32085.21772497913,2.5257504326253457,5.902202739157982,0.7873409054959168,0.5807289877065737,3.376452306532636,3.835409465428892,1.9608037300122236,0.7003127116223754,4.072113455194811,-0.9091883017657137,-0.9833678352242636,-0.894732725319767,-0.9685291716707443,-1.389511980441994,israel_iran,2024-04-01
2024-11-20,3371,-3.515219790292073,-114259.30689286588,28049.45947064197,2.4027964339316803,5.918016224223754,0.6971700006374404,0.5289621583928781,3.515219790292073,4.073494072584737,1.8594182474982552,0.711230557321028,4.072580035373631,-0.691108412644456,-0.6289547186256459,-1.0196646062299495,-0.6326181149656244,-1.3880353937303245,israel_iran,2024-04-01
2024-11-21,4944,-4.913404695435251,-281429.53424708144,47507.97357043875,2.3479066298752906,7.261311325310541,1.02248842573465,0.7043286471824165,4.913404695435251,5.923837897017723,3.460651682195643,0.7556610079170709,4.269275590925984,1.506207563865093,2.12546997699123,0.9534492934396136,0.7343804689622709,-0.7655527921170737,israel_iran,2024-04-01
2024-11-22,4023,-4.501146273948218,-195405.0006853047,37086.68062047193,2.358758284909054,6.859904558857272,0.8320127299212171,0.6054152148747494,4.501146273948218,5.26887274396406,2.725062438625038,0.744132275484611,4.3735748759949455,0.8583232871489875,1.1504878312311986,0.047022204493099996,0.37967416510453156,-0.43547675082671233,israel_iran,2024-04-01
2024-11-23,2797,-5.158974299450229,-141177.78588165535,25108.996438076098,1.9090713840746893,7.068045683524917,0.5784587635072445,0.4564489048275071,5.158974299450229,5.62259771033974,2.354808169017313,0.7873402597182397,4.497023087626921,1.8921322096414535,1.6770433664652975,-0.40922223179239975,1.7090609363251186,-0.04480008441509061,israel_iran,2024-04-01
2024-11-24,2907,-5.038176064241421,-148423.02980243927,26561.327973473864,2.0494238312218873,7.087599895463307,0.6012083037238325,0.4707585340607764,5.038176064241421,5.587937092251774,2.3717643783423834,0.775701159094462,4.60204132644021,1.7022918736586452,1.6254475164582902,-0.38832800639088844,1.3509589171591132,0.2875512304367478,israel_iran,2024-04-01
2024-11-25,3812,-3.739998343431425,-142288.22477608165,32132.851655361996,2.3446980548532794,6.084696398284704,0.7883749755057617,0.5813073726079951,3.739998343431425,4.428123165107821,2.174088610578376,0.7218426462436544,4.583664646667373,-0.3378579204005701,-0.10105329980197789,-0.6319132304757997,-0.3061143245440367,0.22939453542711136,israel_iran,2024-04-01
2024-11-26,4875,-4.061237608257534,-191914.62692588323,42899.43199282949,2.36932293872554,6.430560546983074,1.0082182595987903,0.6972478909419251,4.061237608257534,4.473593658721662,2.831689356971594,0.7307551920916429,4.571671506756582,0.16698529903921483,-0.03336585227030981,0.17841282506697131,-0.031900640236323996,0.19143983476182994,israel_iran,2024-04-01
2024-11-27,5450,-3.9338934708199886,-210982.0655382559,49310.19235415345,2.5569241227692223,6.490817593589211,1.1271363107309553,0.7547766200748671,3.9338934708199886,4.278670503309944,2.969210817640099,0.7173964285313018,4.543595096419516,-0.03314224251630867,-0.32352876465667646,0.3478731296472147,-0.4429117964373866,0.10258639370923696,israel_iran,2024-04-01
2024-11-28,4137,-3.845922929172279,-154112.9097528521,35553.7704470356,2.3740859667693828,6.220008895941661,0.8555895261456812,0.6182024494225703,3.845922929172279,4.334643212663869,2.377558975104729,0.7237538094825652,4.522216518172864,-0.17139225216357837,-0.24020770243610118,-0.38118763624434254,-0.24731326792187328,0.03492958789886781,israel_iran,2024-04-01
2024-11-29,3520,-4.402887845962684,-163678.6611236987,32636.55616669753,2.4344305325154663,6.837318378478151,0.7279852869308189,0.5469561558379873,4.402887845962684,5.01519401396637,2.4081866108135457,0.7374356708874057,4.575062696949007,0.7039053608467302,0.7728612791105507,-0.3434468469118347,0.173638689913559,0.2021719374146742,israel_iran,2024-04-01
2024-11-30,3471,-5.7124327368594665,-214300.28299312483,33960.02685277194,2.0357494703446744,7.748182207204141,0.7178514008343387,0.5410743243812679,5.7124327368594665,6.310368478864524,3.090850683669673,0.7919293043494869,4.754825004016441,2.761919218770117,2.7008600024510883,0.49776339874608244,1.8502527862465226,0.7710658723137407,israel_iran,2024-04-01
2024-12-01,3705,-4.517216701980347,-169204.93103649368,33468.33571528145,2.2580361449992257,6.7752528469795745,0.7662458772950806,0.5688563208568092,4.517216701980347,5.055672097828148,2.5696472736014697,0.750031672073785,4.787238216666833,0.8835787509538465,0.8331170177186421,-0.1444875502263264,0.561181817519564,0.873643995548912,israel_iran,2024-04-01
2024-12-02,4172,-4.42890430853082,-188765.1005714159,37683.0303982736,2.301730779372366,6.7306350879031855,0.8628280162145955,0.6220957718533333,4.42890430853082,5.009286635823852,2.755202644280034,0.7451685623462636,4.8122389272138175,0.7447915044769061,0.7640675468175336,0.0841623599683139,0.41155776415469125,0.9527637667087867,israel_iran,2024-04-01
2024-12-03,4044,-3.4652047443988776,-140841.75444137133,34541.860298328604,2.5381518684445528,6.0033566128434295,0.8363558239625658,0.6077830773219284,3.4652047443988776,4.077422386199227,2.106092803101296,0.7028450098709236,4.737860016875426,-0.7697095039612895,-0.6231070248678681,-0.7157008094415347,-0.8906175575995438,0.717376762246058,israel_iran,2024-04-01
2024-12-04,3398,-3.7467670554690904,-128717.58678682991,29646.5932061483,2.488975684470914,6.2357427399400045,0.702753978690603,0.532246927762961,3.7467670554690904,4.341732822108398,1.994205254316899,0.7147213739864658,4.710883964721925,-0.32722055831344926,-0.22965409878772441,-0.853573822159491,-0.5252156156799115,0.6320056257269298,israel_iran,2024-04-01
2024-12-05,3460,-4.856939788580035,-183275.13434029318,32792.24598210814,2.3102939759568253,7.167233764536859,0.7155764468126798,0.5397491447325162,4.856939788580035,5.588977785793945,2.621529096903402,0.7562345329694089,4.813855933730312,1.4174702005244522,1.626996694484165,-0.08055636787714623,0.7520262034501184,0.9578811086862729,israel_iran,2024-04-01
2024-12-06,3003,-4.075017052887165,-121262.51829351763,25962.30554836344,2.285219670087128,6.360236722974292,0.6210624479128548,0.4830817663254109,4.075017052887165,4.670714550663684,1.968566435714902,0.7356739116836937,4.799441041105221,0.18864037035398856,0.26006861413406834,-0.8851671603065099,0.11943437047974345,0.9122622850273225,israel_iran,2024-04-01
2024-12-07,3137,-4.1557944888204785,-127578.88388256317,27385.95536385029,2.287094047245847,6.442888536066327,0.6487755241766985,0.5000329058555323,4.1557944888204785,4.658551516189515,2.0780339943833104,0.7380184868160277,4.783861169202593,0.31558606249015925,0.24196270209388004,-0.7502761713406507,0.19157027823708173,0.8629566504006784,israel_iran,2024-04-01
2024-12-08,5325,-3.904904061672064,-193323.84144707982,46297.769055298646,2.394756331163841,6.299660392835905,1.1012845604848325,0.7425488531889297,3.904904061672064,4.175662140786338,2.899582032807385,0.7245638888514,4.723229497478378,-0.07870051713076952,-0.47686717335864875,0.26207332045418863,-0.2223894299861621,0.6710755443479076,israel_iran,2024-04-01
2024-12-09,4600,-3.942423195794488,-169185.48810009458,39289.96324694041,2.2994365811180177,6.241859776912506,0.9513444090573201,0.6685185755629206,3.942423195794488,4.306073972040923,2.6355831391187485,0.730785997261869,4.691847614223505,-0.0197373624516218,-0.28273591847237156,-0.06323832702142068,-0.03095285277272954,0.5717612701785687,israel_iran,2024-04-01
2024-12-10,4456,-4.163178159315555,-189734.0157871964,39578.605665836556,2.359457337065355,6.522635496380909,0.9215631927737866,0.6531390176918703,4.163178159315555,4.793852956547455,2.7191340934516104,0.7343579512949221,4.71262094903517,0.32718986187637267,0.4433726366981392,0.03971702336818831,0.07894601252201068,0.6375026615457285,israel_iran,2024-04-01
2024-12-11,4404,-4.053977562372404,-172126.24060573307,37102.61393611132,2.1853879145575874,6.239365476929994,0.9108088646713995,0.6475266417689831,4.053977562372404,4.639194448728737,2.6250584767698113,0.7405991827884583,4.713971933005712,0.15557578177514816,0.21314774135812117,-0.07620730276226356,0.27097095260645787,0.6417781217327121,israel_iran,2024-04-01
2024-12-12,4472,-3.34824449141725,-145672.24502342253,37183.67203108922,2.4832650565151253,5.8315095479323755,0.9248722168052903,0.6548595846560707,3.34824449141725,3.917640111004264,2.192629996976477,0.7013430700590672,4.636443616579408,-0.9535182631230915,-0.8609591682951699,-0.6090656765661155,-0.9368279733934254,0.3964241889902114,israel_iran,2024-04-01
2024-12-13,3846,-3.4205893114356236,-124673.7194376704,31856.576167428706,2.431225906870423,5.851815218306046,0.7954066515727072,0.5852315431195453,3.4205893114356236,3.9135944422408215,2.001836761109693,0.7064814878824321,4.563934411604195,-0.8398248394140133,-0.8669815571102468,-0.8441699265113027,-0.7787334730240008,0.16695424277241053,israel_iran,2024-04-01
2024-12-14,2141,-3.7015895714328253,-79897.66147940447,17830.596968399568,2.3132867108738635,6.014876282306688,0.4427887782155918,0.36657789223462645,3.7015895714328253,4.4809302583084465,1.3569209030135194,0.7222332568697227,4.556535981021475,-0.39821918452249494,-0.02244457871193016,-1.6388650759836019,-0.29409634665861284,0.14354042285129515,israel_iran,2024-04-01
2024-12-15,2419,-3.450311656332907,-75205.303128728,19091.738874483966,2.221048982599145,5.671360638932052,0.500283070762969,0.4056538041459265,3.450311656332907,3.9391541872196667,1.3996320488804763,0.7185841727550576,4.484284778741755,-0.7931147204148101,-0.8289332809716354,-1.5862344265387671,-0.4063682851706497,-0.0851130220039667,israel_iran,2024-04-01
2024-12-16,3692,-4.184111670124327,-145683.90562394407,30627.363265188822,2.055745257189844,6.239856927314172,0.7635572952694839,0.5673329596867431,4.184111670124327,4.756658428691083,2.3737844574714764,0.7521885438250732,4.514131344972214,0.3600878981628114,0.38800480466789816,-0.38583877145382317,0.6275426261580352,0.009342432996963615,israel_iran,2024-04-01
2024-12-17,3500,-3.7424596594947612,-123368.88040320798,29133.261567173024,2.2906646798487653,6.0331243393435265,0.7238490068914392,0.5445595853962796,3.7424596594947612,4.234640193606692,2.037992280536769,0.724805052774987,4.488386979451167,-0.33398984180144203,-0.38907235217855773,-0.7996174231813815,-0.21496950204000598,-0.07213078372835685,israel_iran,2024-04-01
2024-12-18,2850,-3.2068453024970496,-86306.360585767,23579.48237777311,2.533328643097635,5.740173945594684,0.5894199056116005,0.4633691104241262,3.2068453024970496,3.6602313487221654,1.4859530550858457,0.6938021574369213,4.4032891751397285,-1.1757340056453809,-1.244138252277172,-1.4798656901093623,-1.168840404906228,-0.34143988159081473,israel_iran,2024-04-01
2024-12-19,3049,-3.7519485402463273,-107246.69852407656,24522.746362085807,2.145466589517015,5.897415129763342,0.630575892003428,0.4889332603976675,3.7519485402463273,4.373355942297263,1.834452432626906,0.7332465322256433,4.391733323341906,-0.3190776015119683,-0.18257987287872934,-1.0504286380517966,0.04475080915421267,-0.37801069617158123,israel_iran,2024-04-01
2024-12-20,2782,-3.985866984079561,-114955.04978640651,24696.49683484878,2.4456892316929264,6.431556215772488,0.5753565534777096,0.45448162981724594,3.985866984079561,4.6547107695126835,1.8115033231592297,0.7244990863251161,4.414639361656189,0.04853667607342881,0.23624536061572762,-1.0787075921970855,-0.22438321939132694,-0.30551993611100303,israel_iran,2024-04-01
2024-12-21,2173,-4.3721581787507935,-93926.06002065941,19047.413004079746,2.1966666547754876,6.568824833526281,0.44940682627859924,0.3711543874091502,4.3721581787507935,4.931171492976053,1.6227456904901565,0.74939606550219,4.462474177106612,0.6556121855527275,0.6477852236511616,-1.3113034777298256,0.5416260112729575,-0.1541370526205626,israel_iran,2024-04-01
2024-12-22,3085,-4.883410821408282,-139374.28681627678,26772.06926345991,1.8973657827253425,6.780776604133624,0.6380211960743114,0.49348892556346113,4.883410821408282,5.2059586969059195,2.4099091593417525,0.7813626813039547,4.53471315538918,1.4590707235556037,1.056833882905542,-0.3413242429427872,1.525147851536972,0.07447770693991414,israel_iran,2024-04-01
2024-12-23,2821,-3.974574898253046,-108219.85184663364,24024.35497729646,2.270839983928504,6.245414882181549,0.5834222995545,0.4595885169922024,3.974574898253046,4.504589278209706,1.826668983162551,0.7333522751925637,4.532123051382283,0.030790610797336228,0.012774275119243741,-1.0600197644876475,0.048004219464065946,0.06628080245910602,israel_iran,2024-04-01
2024-12-24,2374,-3.6772392354293832,-87795.53227213342,20944.45669464302,2.5725970408032146,6.249836276232597,0.49097644067436474,0.39943123463453434,3.6772392354293832,4.191826675293465,1.4688042078541097,0.7084027786488769,4.496537357076035,-0.43648692875068756,-0.4528046221442946,-1.5009972928494981,-0.7196208211870274,-0.04633727632646548,israel_iran,2024-04-01
2024-12-25,2642,-3.358354227322631,-89819.30174548239,23251.273425196276,2.721139583007169,6.079493810329802,0.5464025932020521,0.43593132583896144,3.358354227322631,3.8629841945839223,1.4640118109536353,0.6908018478457055,4.43088641535351,-0.9376303185876647,-0.9423200505062876,-1.5069027059717555,-1.2611513967488932,-0.25410287065846515,israel_iran,2024-04-01
2024-12-26,2834,-4.484012186219572,-129137.97249733405,25341.670924718906,2.2290014800586877,6.713013666278262,0.5861108815800967,0.46128503349277017,4.484012186219572,5.095874414949079,2.0684077115022848,0.75072716344349,4.501589110660025,0.8313962300976779,0.8929622495273017,-0.7621381223486201,0.5825801086637356,-0.030349987214414145,israel_iran,2024-04-01
2024-12-27,3102,-4.324850746249364,-123869.50854064671,25862.633770460798,2.0062776846542985,6.331128430903663,0.6415370341077841,0.4956330188428637,4.324850746249364,4.78951639806017,2.1435388314083843,0.7593642846651674,4.529135535942466,0.5812662411353164,0.4369172289876151,-0.6695580813800892,0.8483197606558784,0.05682620965900517,israel_iran,2024-04-01
2024-12-28,2314,-4.382886727579462,-93700.7413695657,19026.219923193978,1.919667250556418,6.302553978135881,0.4785676005562258,0.391073781656924,4.382886727579462,4.92482173273628,1.7140320871284407,0.7665269278017551,4.561052480938051,0.6724726248689288,0.638332960679962,-1.1988161575460652,1.0686939160728028,0.1578337942005433,israel_iran,2024-04-01
2024-12-29,3021,-3.135856250461476,-92950.77812206109,26076.229638837172,2.7478993555433724,5.883755606004849,0.6247850999482966,0.4853755608507393,3.135856250461476,3.5645789061323088,1.5220679863150353,0.6816486099381232,4.45317056907816,-1.2872967736464132,-1.386526627122216,-1.4353632014341922,-1.5427704910898954,-0.18358018931817655,israel_iran,2024-04-01
2024-12-30,5856,-1.0716452122122209,-66325.06166389139,48697.56649090098,3.6220980300705437,4.693743242282764,1.2111027955303624,0.7934913935717415,1.0716452122122209,1.361978974376144,0.8503412528527597,0.5644339626692367,4.1239091720579815,-4.531305399793027,-4.665320312102545,-2.263095951609078,-5.149131774458159,-1.225594028687216,israel_iran,2024-04-01
2024-12-31,3087,-2.8759000039956097,-90136.55915326718,25658.815115279616,2.7179967286921234,5.593896732687733,0.6384348240782494,0.4937414105677409,2.8759000039956097,3.5128886017652308,1.419950924624564,0.6729990896393288,4.059689480146612,-1.6958307318172812,-1.463472894617265,-1.5611965680432036,-1.8088916274161744,-1.4288301454542298,israel_iran,2024-04-01
2025-01-01,2695,-3.640243868303172,-96451.10332828038,22562.267955112216,2.3658275936985467,6.00607146200172,0.5573637353064081,0.4429944784821706,3.640243868303172,4.274885109961929,1.612607933986883,0.7174084902412076,4.080839876986236,-0.49462695797302847,-0.3291637070834398,-1.3237956901921855,-0.442540691932712,-1.361895465547965,israel_iran,2024-04-01
2025-01-02,2849,-4.313218749122709,-124898.68559588814,25761.263512474165,2.364496892984129,6.677715642106837,0.5892130916096315,0.4632389827859612,4.313218749122709,4.848313652605179,1.9980510658769397,0.7385046100378637,4.153496940733059,0.5629859886228665,0.5244429135737614,-0.8488348352758827,0.20652690701193233,-1.1319575905426278,israel_iran,2024-04-01
2025-01-03,2506,-4.260765429929497,-102683.42207003522,21415.222476185696,2.1424070847530676,6.403172514682564,0.5182758889342705,0.417575407475802,4.260765429929497,4.794880005763281,1.7791908605616202,0.7492964567441912,4.218320950314698,0.4805530315366952,0.44490150375859144,-1.1185245031498254,0.5385613331230755,-0.9268089891008384,israel_iran,2024-04-01
2025-01-04,1973,-4.715398140303736,-92738.6468811061,17510.95338114459,2.0799475038837616,6.795345644187496,0.4080440258848027,0.34220152563109774,4.715398140303736,5.296036421464352,1.6136164375699795,0.7656474587168124,4.329613004496368,1.1950305761550575,1.1909237238164616,-1.322552965431039,1.0416351539491486,-0.5746029251084607,israel_iran,2024-04-01
2025-01-05,1998,-4.159612089752731,-82256.16053681425,16732.669143721258,2.107548595694519,6.26716068544725,0.41321437593402727,0.3458668090622271,4.159612089752731,4.915901929948811,1.4386717604194392,0.7483436708137067,4.3923298674190105,0.32158560910914985,0.6250549283740656,-1.538127888286788,0.5092468202093852,-0.3761228125940876,israel_iran,2024-04-01
2025-01-06,2618,-3.7731239073718994,-100826.29102971259,22959.4821503203,2.4983658825096766,6.271489789881576,0.5414390571547966,0.4327164327943334,3.7731239073718994,4.391488029633369,1.6326927176889852,0.715118928310886,4.392717382328309,-0.2857994761922632,-0.15558841946225052,-1.2990462907381555,-0.5129839999473192,-0.3748964438120046,israel_iran,2024-04-01
2025-01-07,2762,-3.4178881091632074,-95728.42924250173,23042.481413008907,2.462395810191913,5.880283919355121,0.57122027343833,0.45185256169057936,3.4178881091632074,4.154432308165261,1.5443814976971657,0.704843540682628,4.365357677714079,-0.8440699109257503,-0.5084699352254743,-1.4078674606480668,-0.829128449276624,-0.4614817256187547,israel_iran,2024-04-01
2025-01-08,3398,-3.4707105990942555,-116097.2479371193,28190.648276944794,2.4127683433229117,5.883478942417168,0.702753978690603,0.532246927762961,3.4707105990942555,4.118289398547366,1.8472750535222633,0.7091735262677049,4.337774154372823,-0.7610567839655353,-0.5622723267099256,-1.0346280115031734,-0.6959071093211946,-0.5487753267522815,israel_iran,2024-04-01
2025-01-09,4033,-3.2710774027392526,-130953.05060422355,32787.63014943219,2.4293794922123455,5.700456894951599,0.8340808699409069,0.6065434677044943,3.2710774027392526,3.993977302031125,1.984050630987277,0.7011773206102832,4.303816040878218,-1.0747901179322585,-0.7473235069753922,-0.8660868187054148,-0.9419276124638142,-0.6562425990790017,israel_iran,2024-04-01
2025-01-10,3079,-3.669869203814579,-112106.0028275796,26065.395117918753,2.3978349852831538,6.067704189097734,0.6367803120624975,0.49273108783307096,3.669869203814579,4.300951599636866,1.8082586450006435,0.7167534239827653,4.305668774636832,-0.44806929396935075,-0.2903610900018869,-1.082705834699354,-0.46269521739118785,-0.6503792508863073,israel_iran,2024-04-01
2025-01-11,1633,-3.6716044965123253,-56929.36051279806,13445.99605859078,2.2811591903815525,5.952763686893878,0.3377272652153486,0.29097210327162787,3.6716044965123253,4.233926610176665,1.0683344827317576,0.7229559683298395,4.297130481831433,-0.44534219660572394,-0.3901345935826125,-1.9944746109677614,-0.2718605707590962,-0.6774003938090102,israel_iran,2024-04-01
2025-01-12,1851,-3.866198220318364,-68060.907483404,15521.485811713594,2.2596307147229333,6.125828935041297,0.38281271764458685,0.32411962604689515,3.866198220318364,4.3849479559515165,1.2531107213927597,0.7305298923254057,4.308374123007711,-0.13952864027662792,-0.16532398331939996,-1.7667847832821526,-0.03883247318588594,-0.6418176324631245,israel_iran,2024-04-01
2025-01-13,3687,-3.3556201933232868,-112425.19773952677,29351.779014914897,2.3026318635926137,5.658252056915901,0.762523225259639,0.5667464330697423,3.3556201933232868,3.8302686076506203,1.9017857753027718,0.7107567593517268,4.255447588513804,-0.9419269867643704,-0.9910205241105928,-0.9674573788549309,-0.6471955307787426,-0.8093142837912312,israel_iran,2024-04-01
2025-01-14,4487,-3.781768848211255,-157690.3032198387,37362.8080646501,2.2725664411328497,6.054335289344104,0.927974426834825,0.656469932010564,3.781768848211255,4.220515303533449,2.4826175386649116,0.7270813905711025,4.251876355383959,-0.2722135287596875,-0.41009868551557277,-0.25172961497894836,-0.14493306301931583,-0.8206161684901042,israel_iran,2024-04-01
2025-01-15,5271,-3.4211987862714377,-183394.53124319046,47808.02734668273,2.824406046693794,6.245604832965233,1.0901166043785075,0.7372198559890919,3.4211987862714377,3.8360614612540735,2.522175676525085,0.6885994863547537,4.211265886850973,-0.8388670198945144,-0.9823972732245937,-0.20298424783533506,-1.3289117952827914,-0.9491361547915617,israel_iran,2024-04-01
2025-01-16,6852,-3.2039887785339047,-232207.1925745576,64084.592559769284,3.074347741480952,6.278336520014857,1.417089541491469,0.8825641475769144,3.2039887785339047,3.623448059812297,2.827725625172775,0.6712871240465397,4.148342741774725,-1.1802231727923098,-1.298893913371887,0.17352853141100594,-1.8615639390781311,-1.148269088623032,israel_iran,2024-04-01
2025-01-17,4994,-3.4642875341212376,-172697.9104515135,44172.725544137655,2.690435882933139,6.154723417054377,1.0328291258330993,0.7094284808595339,3.4642875341212376,3.909605040761017,2.45766424259225,0.695829572799561,4.120354129169937,-0.7711509447817873,-0.872920186359366,-0.28247822055802385,-1.106462601112156,-1.2368446761132972,israel_iran,2024-04-01
2025-01-18,3660,-3.8375933353438767,-143503.53084569323,33280.16940194263,2.627674562101644,6.46526789744552,0.7569392472064764,0.5635732310354156,3.8375933353438767,4.311983184716501,2.1627648753997257,0.7110204343872529,4.136097570519542,-0.18448261634191954,-0.2739394552905879,-0.6458668607167238,-0.6390829999503135,-1.1870213931106492,israel_iran,2024-04-01
2025-01-19,4965,-4.025328574632669,-199212.95242588466,44772.94858726975,2.4961925694077083,6.521521144040378,1.0268315197759987,0.7064737459966215,4.025328574632669,4.449404354899394,2.843788956987982,0.7231900846790973,4.163250181547081,0.11055249605679655,-0.06937408757125618,0.19332251184683144,-0.26465747662846406,-1.1010915005640112,israel_iran,2024-04-01
2025-01-20,4688,-2.63381993195166,-126123.83789991536,40496.49398541528,3.0022553481682914,5.636075280119952,0.9695440412305906,0.6778020648089611,2.63381993195166,3.1144384485565237,1.7852085882118327,0.6524495903946185,4.050691907536961,-2.076271407396083,-2.0566064125496446,-1.1111091808028348,-2.441141266821096,-1.457304771586639,israel_iran,2024-04-01
2025-01-21,4732,-3.0894891167274827,-153524.07979663802,39559.069918941255,2.6352078844660616,5.724697001193544,0.9786438573172258,0.6824116894943529,3.0894891167274827,3.8808819345656365,2.1083034878204177,0.6847801595223363,4.031993719529854,-1.3601649925521415,-0.9156774469261288,-0.712976701480405,-1.4464216179704181,-1.5164789439945117,israel_iran,2024-04-01
2025-01-22,3878,-3.515707405117098,-131972.7378092696,32766.20955431531,2.466773625228366,5.982481030345463,0.8020246996357147,0.5889108658822837,3.515707405117098,4.027708410718163,2.070438292136267,0.7080483751781493,4.0324748772737165,-0.6903421020932059,-0.6971113261086361,-0.7596359469715069,-0.7305248078926421,-1.5149562236496388,israel_iran,2024-04-01
2025-01-23,3396,-3.292804227196453,-110595.9066177729,28679.636840614738,2.576159258694874,5.868963485891327,0.702340350686665,0.5320039811858845,3.292804227196453,3.856251989256441,1.7517849581342229,0.6949530117432176,4.008006780087216,-1.0406453504390518,-0.9523416218300172,-1.1522953237189733,-1.1334318914675998,-1.5923904328284253,israel_iran,2024-04-01
2025-01-24,3674,-3.8838329906227202,-139869.0416062355,31846.937037584834,2.3921794542783017,6.2760124449010215,0.7598346432340422,0.5652198519282977,3.8838329906227202,4.391915035382087,2.1952195078740115,0.7240278616230467,4.044201854163678,-0.11181473606460199,-0.15495277804042043,-0.6058747614661966,-0.23888146309129243,-1.4778438493358297,israel_iran,2024-04-01
2025-01-25,4081,-4.321837444440119,-179722.2887140906,37052.4682972713,2.378712287002104,6.700549731442222,0.8440079420354181,0.611941432085766,4.321837444440119,4.850480871400573,2.6447113949925734,0.7380059874723518,4.124419208868117,0.5765306899337951,0.5276690388441112,-0.05199006792683841,0.19118570898613524,-1.2239799147353263,israel_iran,2024-04-01
2025-01-26,4478,-3.929515870351158,-169017.71605327266,37925.93012721827,2.269937255447274,6.199453125798433,0.9261131008171042,0.6555040348174785,3.929515870351158,4.456521316321623,2.5758135078945,0.7319833951126239,4.162555166924788,-0.040021855801757475,-0.058779767726323116,-0.13688923112521645,0.005887673137355098,-1.1032910139644503,israel_iran,2024-04-01
2025-01-27,4872,-3.9415253630091116,-188798.28386783222,41482.19625452693,2.2864413676053505,6.227966730614462,1.0075978175928835,0.6969388917253686,3.9415253630091116,4.5513087761651185,2.7470023182030014,0.731462088588002,4.219043585055889,-0.02114835059509595,0.08232099245684127,0.07405753888863578,-0.010151445786502478,-0.9245220662852751,israel_iran,2024-04-01
2025-01-28,3849,-3.282128229098225,-115754.7414786803,31115.491850591792,2.4009587291235026,5.683086958221728,0.7960270935786141,0.5855770552777004,3.282128229098225,3.7201642845468545,1.9219389834391523,0.703000351311477,4.1703003338827935,-1.0574232037116273,-1.1549219907713235,-0.9426236636481654,-0.8858381433371835,-1.078779877124528,israel_iran,2024-04-01
2025-01-29,3240,-3.449968752339231,-109083.22941030147,27108.1192591348,2.4583673613511863,5.908336113690418,0.6700773663795038,0.512869952528949,3.449968752339231,4.0240058104932155,1.7693853102385786,0.7061725243777734,4.154285401920144,-0.7936536108154582,-0.7026230225636003,-1.1306073557914575,-0.7882394012261211,-1.1294623467145226,israel_iran,2024-04-01
2025-01-30,3850,-4.810669408694668,-194291.11041394193,35319.46997264874,2.1816094479447097,6.992278856639378,0.7962339075805831,0.5856921994735875,4.810669408694668,5.500963365656399,2.817571546918683,0.7621935895105041,4.2925574529323764,1.3447540350249607,1.4959782917440438,0.16101620653236143,0.9353694228850546,-0.6918726624799686,israel_iran,2024-04-01
2025-01-31,2906,-3.501286611185677,-97726.26922339197,24532.918864529227,2.470437022096293,5.971723633281971,0.6010014897218635,0.47062936450875026,3.501286611185677,3.9834750101704737,1.647808292785311,0.7073691057368772,4.257168228797202,-0.7130050852100336,-0.7629572349774942,-1.2804201799676818,-0.7514239964416605,-0.8038689719383927,israel_iran,2024-04-01
2025-02-01,3075,-3.8936069903183173,-114881.74279340076,26849.93352235364,2.4190393540040356,6.312646344322353,0.6359530560546216,0.49222554342572394,3.8936069903183173,4.278660231979983,1.9165328166956312,0.7229584942037373,4.253698974411783,-0.09645441740679506,-0.32354405457443514,-0.9492853923595626,-0.27178285680402653,-0.8148481244130334,israel_iran,2024-04-01
2025-02-02,2305,-3.498317368645098,-78928.69874375219,20134.2571531272,2.6183591363124195,6.116676504957518,0.47670627453850495,0.3898141175157903,3.498317368645098,3.9201197314346006,1.3636934978485507,0.7002463133703081,4.214841848112953,-0.7176713951155019,-0.8572680014650442,-1.630519571376801,-0.9705720570192764,-0.9378193069686683,israel_iran,2024-04-01
2025-02-03,2704,-2.8679091605333906,-71005.62243983166,21249.91397054906,2.495393417246074,5.363302577779465,0.5592250613241291,0.44418894227607,2.8679091605333906,3.341454583686345,1.2738935365611785,0.6824672415340117,4.121704317437995,-1.708388733223771,-1.7186698406281031,-1.7411752371694582,-1.5175835254542602,-1.2325717340866789,israel_iran,2024-04-01
2025-02-04,3878,-3.6368780241933023,-131442.385751231,31679.19865283419,2.2660373485060035,5.902915372699305,0.8020246996357147,0.5889108658822837,3.6368780241933023,4.149170160258187,2.141796986335927,0.7226036891334028,4.124421841535625,-0.4999165466460658,-0.5163031767862288,-0.6717044634434802,-0.2826991995872091,-1.2239715831300952,israel_iran,2024-04-01
2025-02-05,6664,-2.7772823000882885,-159376.5063965888,49601.372531916495,2.332950426480202,5.1102327265684915,1.3782085091213003,0.8663474769820165,2.7772823000882885,3.2131471018072415,2.4060915135483003,0.6865654950967267,4.028295723946791,-1.8508132778061146,-1.9096685577603187,-0.3460285226660614,-1.391491920673016,-1.5281819939431245,israel_iran,2024-04-01
2025-02-06,5446,-2.6222687660334714,-126758.38234571104,40879.55459588959,2.4420380918170497,5.0643068578505215,1.1263090547230794,0.7543876384624427,2.6222687660334714,3.100776992282996,1.9782071418218141,0.674670147962598,3.9306111567253335,-2.09442462971023,-2.0769428776114425,-0.8732874363324895,-1.7574779160779979,-1.8373244317105752,israel_iran,2024-04-01
2025-02-07,4715,-3.554140680998426,-167875.31008289926,39752.70076959859,2.438486474940722,5.992627155939148,0.9751280192837531,0.6806332161428748,3.554140680998426,4.222991314624946,2.4190662023321856,0.710775280502744,3.9594186372476585,-0.6299423289208634,-0.40641289155285826,-0.3300405110316372,-0.6466256876447305,-1.7461573721849877,israel_iran,2024-04-01
2025-02-08,4040,-4.660930591469944,-195971.22553915743,36947.39343275828,2.242231911289567,6.903162502759511,0.8355285679546898,0.6073324879604041,4.660930591469944,5.304060918284035,2.8307345723281987,0.7548239245050963,4.099792676490103,1.109432158654226,1.202869002265891,0.17723629526797277,0.7086257934312338,-1.3019155239072326,israel_iran,2024-04-01
2025-02-09,3000,-3.7612486397934455,-106379.98268488098,25149.864239988034,2.311019720101283,6.0722683598947285,0.6204420059069479,0.48269895518180583,3.7612486397934455,4.229843217830888,1.8155507886072846,0.7243301556562538,4.111941165516341,-0.3044620401203086,-0.39621313778103856,-1.0737201180656208,-0.22958073555465078,-1.2634691897565362,israel_iran,2024-04-01
2025-02-10,4044,-4.38184470992875,-186475.25105743072,35927.75672545374,2.2511840650966706,6.633028775025419,0.8363558239625658,0.6077830773219284,4.38184470992875,5.190283726379125,2.663211062147308,0.7466084946850808,4.227286098007175,0.6708350431561725,1.033500097393922,-0.029193922398459433,0.4558603863813145,-0.898436978132982,israel_iran,2024-04-01
2025-02-11,4687,-4.167422247707169,-199788.1163002765,40672.400298501,2.2551410522186366,6.422563299925804,0.9693372272286216,0.6776970532647874,4.167422247707169,4.91212996611955,2.824249776981265,0.740122391740467,4.299589923187736,0.3338596544011726,0.6194399771498117,0.16924543050192117,0.2563014482757593,-0.6696169975360856,israel_iran,2024-04-01
2025-02-12,4345,-3.2387115114088143,-132802.43121083555,34688.712312009644,2.372440827956081,5.611152339364895,0.8986068385552295,0.6411203743526956,3.2387115114088143,3.8284047564618815,2.076403936614804,0.7028354553852859,4.252429122402843,-1.1256546994713228,-0.9937950558897286,-0.7522848039176443,-0.8909115219452037,-0.8188668262081469,israel_iran,2024-04-01
2025-02-13,3291,-3.87952982728778,-134123.34419903392,29094.141997836265,2.4804936700443907,6.36002349733217,0.6806248804799219,0.519165676924543,3.87952982728778,4.609977644606556,2.0141187289328153,0.7194175834873152,4.293632079113286,-0.11857736775273797,0.16965556128948175,-0.8290355176849739,-0.380726607547692,-0.6884717920384583,israel_iran,2024-04-01
2025-02-14,3023,-3.2761322446354963,-100197.6711535032,25863.064648129173,2.6396488376771536,5.91578108231265,0.6251987279522345,0.485630102428836,3.2761322446354963,3.874160797133184,1.5909884375327483,0.6914650856399862,4.251489210264584,-1.066846186613526,-0.9256825425641001,-1.350436233683942,-1.2407454563763258,-0.8218413669976848,israel_iran,2024-04-01
2025-02-15,2962,-5.090261884240691,-154687.1205327967,27630.749288727882,2.1190738669154205,7.209335751156113,0.6125830738321265,0.4778372870163325,5.090261884240691,5.598368647784089,2.4323169289682167,0.7728365333775409,4.393281211031472,1.7841472877837727,1.6409759462519864,-0.3137123527882916,1.2628225321803077,-0.37311209460785577,israel_iran,2024-04-01
2025-02-16,2276,-3.6119169719965214,-77032.63724055342,18480.08078032788,2.2538132144252625,5.865730186421784,0.47070866848140447,0.3857443720261627,3.6119169719965214,4.16841453001412,1.3932766441734372,0.7224211876014924,4.369242778086373,-0.5391440612478337,-0.4876559780292261,-1.594065850173669,-0.2883142526046624,-0.44918654497533417,israel_iran,2024-04-01
2025-02-17,3062,-3.5844557839346494,-103117.37194936398,24794.078220085703,2.256445886622765,5.840901670557414,0.6332644740290249,0.49058075680202595,3.5844557839346494,4.1589516268375935,1.7584650312060595,0.7213351815901861,4.353981981544377,-0.5823006616662209,-0.5017424704191706,-1.1440638287081661,-0.3217275684652316,-0.497482401521129,israel_iran,2024-04-01
2025-02-18,3944,-3.553054943303192,-131454.16550003891,31011.637945829294,2.1549682111360933,5.708023154439284,0.8156744237656675,0.5964569820387868,3.553054943303192,4.238865606829966,2.1192444285006147,0.7259353201669957,4.3444473070371465,-0.6316486188223354,-0.3827823954809483,-0.69949476832577,-0.1801943893952243,-0.5276567945120112,israel_iran,2024-04-01
2025-02-19,2936,-3.835058617551366,-109904.65072299121,23757.97512063263,2.1284473807053508,5.963505998256717,0.607205909780933,0.4744972115781121,3.835058617551366,4.626010851722142,1.8197246202667325,0.7369674192341479,4.375907783617641,-0.1884660493491985,0.19352261834448142,-1.068576929643694,0.15923191846878923,-0.4280937959743736,israel_iran,2024-04-01
2025-02-20,3882,-4.02917076878849,-153484.80388294286,33131.279224641396,2.2527097243952183,6.281880493183709,0.8028519556435906,0.5893698308353209,4.02917076878849,4.632625346044245,2.3746716944074926,0.736049456744244,4.405867057676575,0.11659069212970741,0.2033689648824831,-0.3847454770641237,0.13098882376766938,-0.33328165440726953,israel_iran,2024-04-01
2025-02-21,4577,-4.883555212725951,-219286.66798818565,39622.19226601171,1.8866244327468902,6.770179645472842,0.9465876870120334,0.6660779356085769,4.883555212725951,5.534440560884659,3.252828374523006,0.7820645568849615,4.52503399925694,1.4592976415748267,1.5458124966410516,0.697359801327753,1.5467425667032249,0.043846072820383636,israel_iran,2024-04-01
2025-02-22,3024,-5.197699831039176,-155144.89394233105,27240.528144729153,1.9052056639660533,7.1029054950052295,0.6254055419542035,0.48575734892522604,5.197699831039176,5.695370262942221,2.5248208904346856,0.7885010930322905,4.646733522886556,1.9529912769552331,1.785372701481063,-0.19972469290753134,1.744776475447405,0.4289886647377332,israel_iran,2024-04-01
2025-02-23,2795,-4.7797309148805,-147004.15574305537,27106.922311348288,2.459315635824202,7.239046550704701,0.5780451355033065,0.45618682499517416,4.7797309148805,5.423122332169455,2.1804502703906143,0.7464194893401477,4.729710452886782,1.2961326785098495,1.3801040081986702,-0.6240740990109557,0.4500452295370253,0.69158582975946,israel_iran,2024-04-01
2025-02-24,3057,-3.2629404814685414,-93150.98235427975,24792.36664188842,2.423545565920688,5.68648604738923,0.6322304040191798,0.4899474255104285,3.2629404814685414,3.7572444655967097,1.59866928848927,0.701166939726444,4.628078638141455,-1.087577687760802,-1.0997243755751513,-1.3409715338749055,-0.9422470027314738,0.36995153420208693,israel_iran,2024-04-01
2025-02-25,3852,-3.0526750942695333,-110892.8276770428,30692.821514477677,2.4576735528753164,5.510348647144848,0.7966475355845211,0.5859224480984355,3.0526750942695333,3.6129890379981884,1.7886308644835274,0.6915578933917758,4.525977803386677,-1.4180200297570742,-1.3144632295153909,-1.1068920936911943,-1.237890025842269,0.0468329305988548,israel_iran,2024-04-01
2025-02-26,3684,-4.054430286468668,-154335.42695855867,32027.717842673374,2.319652099256624,6.374082385725293,0.761902783253732,0.5663943519020187,4.054430286468668,4.8188081247838355,2.2964064144363374,0.7331811659001398,4.559650127164423,0.15628725983932437,0.48052093895738246,-0.4811875750283101,0.04273967325077059,0.1533957639515188,israel_iran,2024-04-01
2025-02-27,3282,-4.363004510830152,-147326.95085778675,28933.381145713887,2.2263864017625425,6.589390912592695,0.6787635544622009,0.5180575429625216,4.363004510830152,5.09193689171068,2.260287396815067,0.7474543284870422,4.610619957048597,0.6412267486253923,0.887100846309046,-0.5256950991448092,0.4818842865220547,0.3147000304408555,israel_iran,2024-04-01
2025-02-28,2953,-3.4929158569087897,-102224.89385691579,25189.987090100985,2.518693966246076,6.011609823154866,0.6107217478144057,0.4766823691121289,3.4929158569087897,4.05815586531553,1.6650114057806038,0.7047357247258181,4.555785972508579,-0.7261601350467051,-0.6517871978281208,-1.259221708443751,-0.8324456395888249,0.14116687023578908,israel_iran,2024-04-01
2025-03-01,2438,-3.2960075618331452,-73902.3029013143,19840.67208612515,2.4210429963855504,5.717050558218695,0.5042125368003797,0.4082695299056688,3.2960075618331452,3.724788282398719,1.3456594578351477,0.7025048950173582,4.469627448542902,-1.0356111533529453,-1.1480387003755197,-1.6527419496050992,-0.901081924198564,-0.1314990880707107,israel_iran,2024-04-01
2025-03-02,2823,-4.1865152958720016,-130498.44908430558,27790.794048450676,2.828951712398869,7.01546700827087,0.5838359275584379,0.4598497069404981,4.1865152958720016,4.695743808427842,1.9251678319086525,0.7126339510062603,4.496522464453912,0.36386531360871305,0.2973272061796221,-0.9386449272209549,-0.5894396831768485,-0.046384407021096453,israel_iran,2024-04-01
2025-03-03,4217,-2.33210363709113,-116141.83736801842,37628.66551475768,3.2954925868086757,5.627596223899807,0.8721346463031997,0.6270793019128346,2.33210363709113,3.0865255458625938,1.4624139207354883,0.6306780469500878,4.35411492831213,-2.5504333244870265,-2.098157602923721,-1.5088717002053589,-3.1109897301911427,-0.4970616647656162,israel_iran,2024-04-01
2025-03-04,3681,-2.9269936251958137,-102741.39909323017,29453.24780727059,2.5372160109922306,5.464209636188044,0.761282341247825,0.5660421467294856,2.9269936251958137,3.488287599572237,1.656801755069358,0.6829045069129208,4.263882474941382,-1.6155346066424505,-1.5000939847533494,-1.2693380197689967,-1.5041301135317924,-0.7826203911254489,israel_iran,2024-04-01
2025-03-05,3759,-3.1163442013265303,-112436.01912416889,31051.329997831992,2.5720925971063537,5.688436798432884,0.7774138334014057,0.5751594052341168,3.1163442013265303,3.620972729091449,1.7923946773397559,0.6886286006687045,4.201843715257412,-1.3179609133756751,-1.302578694533795,-1.1022541494030882,-1.3280160306572053,-0.9789545097103411,israel_iran,2024-04-01
2025-03-06,3219,-3.522187582058088,-110600.99093899017,26735.89931555823,2.3917330675540915,5.913920649612179,0.6657342723381551,0.510266030625844,3.522187582058088,4.136797106900718,1.7972526766164196,0.7120355424148234,4.20106047010481,-0.6801581870254142,-0.5347217232628227,-1.0962678979986005,-0.607851013382385,-0.9814332463494239,israel_iran,2024-04-01
2025-03-07,2957,-3.1550860930472653,-90649.22130764149,24314.191513831556,2.5337507502013517,5.688836843248617,0.6115490038222816,0.4771958306365093,3.1550860930472653,3.7282432877142586,1.5055939289013887,0.6918548180356616,4.151046508465849,-1.2570761353144668,-1.1428955740878817,-1.4556632969495995,-1.2287544991419967,-1.1397124757431933,israel_iran,2024-04-01
2025-03-08,2602,-3.6139502568431383,-93289.38020056458,21837.321594026922,2.3892819034821433,6.0032321603252825,0.5381300331232928,0.43056741440377355,3.6139502568431383,4.272015677329296,1.5560492178728034,0.7153079654896403,4.157443960888211,-0.5359486546447216,-0.3334351489643311,-1.393489956183606,-0.5071678636669039,-1.1194664523066893,israel_iran,2024-04-01
2025-03-09,3059,-3.799764214239018,-103854.8050486156,24050.45079023144,2.031214785693737,5.830978999932755,0.6326440320231178,0.490200806162122,3.799764214239018,4.318206172285064,1.8626474810459486,0.7416478350600867,4.174008165983308,-0.24393293072827685,-0.26467590631497007,-1.0156853952915785,0.30323500014858434,-1.067045697540288,israel_iran,2024-04-01
2025-03-10,3542,-4.067477348738015,-140106.7985570426,29869.067277241284,2.1826739847559624,6.250151333493976,0.7325351949741364,0.5495857664349695,4.067477348738015,4.690698817495279,2.2354276561630595,0.7411693113063401,4.222918276079113,0.17679135644735774,0.2898172248289539,-0.5563284214073602,0.2885121853904174,-0.9122598281182206,israel_iran,2024-04-01
2025-03-11,3443,-4.131497986383826,-136774.89907622177,29263.166697206587,2.18391215946661,6.315410145850436,0.7120606087792072,0.5376976794172061,4.131497986383826,4.673960972558656,2.221496879795443,0.7430486712922526,4.266707258701503,0.27740292034567055,0.26490124281735794,-0.5734945683841295,0.3463347463810982,-0.7736807954184829,israel_iran,2024-04-01
2025-03-12,3713,-3.6133148909437636,-128542.11884708841,30700.257690268205,2.327500606005118,5.940815496948883,0.7679003893108325,0.5697926217407061,3.6133148909437636,4.187004556897758,2.0588401648855807,0.7185036739011976,4.260717354049953,-0.536947163237176,-0.4599828350898778,-0.7739276958149791,-0.4088450059276567,-0.7926370520580466,israel_iran,2024-04-01
2025-03-13,3579,-4.3166704894837755,-164116.00031917237,31880.082264235032,2.295434280856748,6.612104770340522,0.7401873130469888,0.553992758608896,4.3166704894837755,5.147916462665074,2.39140419247473,0.7423043258453954,4.352408029230369,0.5684105674566354,0.9704321227187528,-0.36412691902177324,0.3234333542467229,-0.5024634898252747,israel_iran,2024-04-01
2025-03-14,4100,-3.81895380874486,-150601.66645260176,34644.043139761176,2.3154064053545427,6.134360214099402,0.8479374080728288,0.6140701025554274,3.81895380874486,4.3471157752876515,2.345105356990396,0.7259798394876648,4.3544906952378355,-0.213775544222871,-0.22164102631086763,-0.4211784855536188,-0.17882465653193735,-0.49587247483777913,israel_iran,2024-04-01
2025-03-15,3602,-4.0335400942447395,-140493.37344349883,32328.61607592806,2.4708224120569824,6.504362506301722,0.7449440350922755,0.5567224835597284,4.0335400942447395,4.345789906797477,2.245562458805672,0.7247051247932592,4.346703256825348,0.12345730082807764,-0.22361471620798493,-0.5438398488287304,-0.2180440017960084,-0.520517388187729,israel_iran,2024-04-01
2025-03-16,3358,-4.116023909807382,-134319.10085137837,29098.841737569124,2.2747518535491267,6.390775763356508,0.6944814186118436,0.527376746299235,4.116023909807382,4.615960389858431,2.170695297244073,0.7374941314466187,4.376100539806965,0.25308465202645214,0.17856148517873427,-0.6360946281163707,0.1754373550314615,-0.4274837802886079,israel_iran,2024-04-01
