date,event_name,event_date,N,mean_tone,F1_raw,F2_raw,F3_raw,F4_raw,F5_raw,F1_z,F2_z,F3_z,F4_z,F5_z,GPR,GPR_zscore
2019-01-01,hormuz_crisis,2019-06-13,355,-2.5918409153683584,2.5918409153683584,2.833022580142928,0.666502671551515,0.6778364860322937,2.833022580142928,-1.1302483271267632,-1.2312849926014224,-0.966705033240852,-1.193955373675189,-2.945109198279607,87.42,-0.3347709792014608
2019-01-02,hormuz_crisis,2019-06-13,406,-3.543996948473769,3.543996948473769,3.983863643424415,1.02496049755063,0.7369137292692601,3.4387284029226577,0.1819317916028949,0.2609264864494164,-0.7454216655565656,0.2500423355697475,-1.0185405687402729,87.42,-0.3347709792014608
2019-01-03,hormuz_crisis,2019-06-13,1149,-4.9704400555358985,4.9704400555358985,5.416982831180636,3.317164471453892,0.7743080048726995,4.16871158678169,2.147733845580607,2.1191473746753897,0.669602858879037,1.1640533041190133,1.303317087605044,87.42,-0.3347709792014608
2019-01-04,hormuz_crisis,2019-06-13,599,-2.927566736740685,2.927566736740685,3.31587866384718,1.1768565532945447,0.7063456572317475,3.920722949696924,-0.6675796753174849,-0.6052008061556148,-0.6516531150742655,-0.4971188991065283,0.5145395808986764,87.42,-0.3347709792014608
2019-01-05,hormuz_crisis,2019-06-13,384,-2.6625654366096367,2.6625654366096367,2.8985419995465973,0.7335581132643115,0.695283724266345,3.6711122075537954,-1.0327818327153322,-1.1463307509999576,-0.9253103338158722,-0.7675006059473646,-0.2793973556855776,87.42,-0.3347709792014608
2019-01-06,hormuz_crisis,2019-06-13,634,-2.0434093087066927,2.0434093087066927,2.0771045925071463,0.8605778561407259,0.6274664495549229,3.33091863213498,-1.8860499244735,-2.211428588759518,-0.8468984414607741,-2.425126858711501,-1.3614511278697314,87.42,-0.3347709792014608
2019-01-07,hormuz_crisis,2019-06-13,610,-3.400950504092769,3.400950504092769,3.886796904524683,1.3877635579005476,0.7230388440380789,3.4374693258896656,-0.0152026000781961,0.1350671418000309,-0.5214558955901055,-0.0890950613717087,-1.022545315306525,87.42,-0.3347709792014608
2019-01-08,hormuz_crisis,2019-06-13,533,-4.061624802137352,4.061624802137352,4.829430313695711,1.4818324529579852,0.7654549296283104,3.68187333778265,0.8952822875954604,1.3573109759668935,-0.4633852373902735,0.947661684059944,-0.2451694266520498,87.42,-0.3347709792014608
2019-01-09,hormuz_crisis,2019-06-13,557,-3.3446374016222604,3.3446374016222604,3.75498303599337,1.265972533726868,0.7183263395810322,3.693808065748229,-0.0928085080561033,-0.0358462657904771,-0.596639992652996,-0.2042806263698407,-0.207208635066709,87.42,-0.3347709792014608
2019-01-10,hormuz_crisis,2019-06-13,457,-3.437175642672769,3.437175642672769,3.909944111473095,1.1008267322605063,0.747701035349326,3.726992295939849,0.0347197918304845,0.1650804329645787,-0.6985878829118832,0.5137114645786677,-0.1016595475753743,87.42,-0.3347709792014608
2019-01-11,hormuz_crisis,2019-06-13,589,-3.775581233505073,3.775581233505073,4.328728876552363,1.4968289524594944,0.7562669203731783,3.814684786844509,0.5010814730234995,0.7080880242309356,-0.454127590681291,0.7230834270191661,0.1772639754770338,87.42,-0.3347709792014608
2019-01-12,hormuz_crisis,2019-06-13,395,-2.3475327558856467,2.3475327558856467,3.30408257683667,0.6629024886072151,0.6738282922731512,3.743527703886575,-1.4669329655374497,-0.6204959298756308,-0.9689275000093588,-1.2919257983139276,-0.0490653722699431,87.42,-0.3347709792014608
2019-01-13,hormuz_crisis,2019-06-13,219,-2.880675484831485,2.880675484831485,3.307658543020505,0.4789968227962906,0.7005252373828323,3.685085585411196,-0.7322011935962901,-0.6158592359319852,-1.082456239278571,-0.6393847271676818,-0.2349522299887139,87.42,-0.3347709792014608
2019-01-14,hormuz_crisis,2019-06-13,373,-2.8431326388357507,2.8431326388357507,3.2642657964830604,0.7636250602493501,0.7000695651248751,3.630520973496893,-0.783939537316555,-0.6721234383111463,-0.90674939079199,-0.6505225132356184,-0.4085059018267222,87.42,-0.3347709792014608
2019-01-15,hormuz_crisis,2019-06-13,342,-3.9855323351851,3.9855323351851,4.47265637837564,0.991663954410708,0.7584298728441218,3.7365688264946906,0.7904181488952178,0.894708294591651,-0.7659763045233969,0.7759514730232774,-0.07119947495776,87.42,-0.3347709792014608
2019-01-16,hormuz_crisis,2019-06-13,414,-2.8746064043419297,2.8746064043419297,3.140978252372258,0.8455562559329551,0.692505829291212,3.663463137278739,-0.7405650819512176,-0.8319813843089667,-0.8561715833505281,-0.8353994069209542,-0.3037267550125248,87.42,-0.3347709792014608
2019-01-17,hormuz_crisis,2019-06-13,498,-2.9998730498408275,2.9998730498408275,3.2696317240239443,1.0336352544745937,0.7119848630328525,3.616197403679181,-0.5679332904710785,-0.6651658323238948,-0.7400665601947928,-0.3592824021309712,-0.4540648831605622,87.42,-0.3347709792014608
2019-01-18,hormuz_crisis,2019-06-13,422,-3.345879798272545,3.345879798272545,3.835582488787473,1.0006155197128463,0.7333318386983556,3.6420102875859626,-0.0910963431089757,0.0686611527418753,-0.7604503196726494,0.1624918424229085,-0.3719618382459183,87.42,-0.3347709792014608
2019-01-19,hormuz_crisis,2019-06-13,348,-4.629595938790441,4.629595938790441,5.072922710443693,1.1697738360390244,0.7760097524918822,3.80744997900408,1.678011596254854,1.6730297672767152,-0.6560254216971959,1.2056483334259205,0.1542522207573121,87.42,-0.3347709792014608
2019-01-20,hormuz_crisis,2019-06-13,349,-3.421840739538612,3.421840739538612,4.10878190059328,0.8668014842670122,0.7724920509636511,3.841753703189456,0.0135865381245147,0.4228988588627667,-0.843056468176579,1.1196667833356713,0.2633620830145698,87.42,-0.3347709792014608
2019-01-21,hormuz_crisis,2019-06-13,308,-3.602797326704952,3.602797326704952,4.497899765294777,0.8166596203736481,0.7442712763857793,3.915429882458701,0.2629654505895408,0.9274395490912526,-0.8740100691291165,0.4298794538878787,0.4977039208939495,87.42,-0.3347709792014608
2019-01-22,hormuz_crisis,2019-06-13,495,-3.798619320018406,3.798619320018406,4.594073830266901,1.302175411318709,0.745288621574857,3.990707386828786,0.5328305961139409,1.0521414287141235,-0.574291213822305,0.454745951409556,0.737139093836237,87.42,-0.3347709792014608
2019-01-23,hormuz_crisis,2019-06-13,477,-2.128715364855077,2.128715364855077,2.318790662544961,0.7071437071046709,0.645575952246923,3.8072565831942726,-1.7684884040995028,-1.8980519292503668,-0.941616488477426,-1.9824846674040668,0.1536370866670543,87.42,-0.3347709792014608
2019-01-24,hormuz_crisis,2019-06-13,1047,-3.455113513303292,3.455113513303292,3.587870714028672,2.153187014391443,0.7159841990065533,3.783416345298674,0.0594402330137937,-0.2525285975935525,-0.0489442976503515,-0.2615284842414637,0.0778084373078125,87.42,-0.3347709792014608
2019-01-25,hormuz_crisis,2019-06-13,856,-3.5484966702739085,3.5484966702739085,3.6962151302751023,1.897703012482412,0.7316476310131558,3.7740217906053566,0.1881329238550323,-0.1120463131389164,-0.2066598118096897,0.121325533603009,0.0479271753487067,87.42,-0.3347709792014608
2019-01-26,hormuz_crisis,2019-06-13,229,-2.965964713039234,2.965964713039234,3.1996452180284223,0.513853336475957,0.7027498785144103,3.712616700170515,-0.614662864052759,-0.7559122185602316,-1.0609385985037565,-0.5850088537877179,-0.1473840078637629,87.42,-0.3347709792014608
2019-01-27,hormuz_crisis,2019-06-13,222,-3.807922449791554,3.807922449791554,4.664829514302656,0.6411613821507662,0.7315944452740307,3.813716933566661,0.5456513749630469,1.1438851518874964,-0.98234873091834,0.1200255392015604,0.1741855243659977,87.42,-0.3347709792014608
2019-01-28,hormuz_crisis,2019-06-13,394,-2.663150788882392,2.663150788882392,2.92263448112156,0.7503683539792281,0.6834683671280555,3.719687690122991,-1.0319751502094652,-1.115091791327742,-0.9149330274574128,-1.0562979110816888,-0.1248933087324416,87.42,-0.3347709792014608
2019-01-29,hormuz_crisis,2019-06-13,671,-3.31856067277516,3.31856067277516,3.756467202354429,1.4635122901144806,0.7114727205788934,3.7284653594591535,-0.1287452284726839,-0.0339218557642336,-0.474694649646055,-0.3718004630593994,-0.0969741741500597,87.42,-0.3347709792014608
2019-01-30,hormuz_crisis,2019-06-13,703,-3.107908553944469,3.107908553944469,3.4987668654472586,1.423024322934082,0.6856558987747566,3.702816565629989,-0.4190479863057671,-0.3680630444629299,-0.499688702163663,-1.0028290876623738,-0.1785552977225822,87.42,-0.3347709792014608
2019-01-31,hormuz_crisis,2019-06-13,899,-2.1722079357542907,2.1722079357542907,2.32674967706627,1.2064103336535512,0.6498496353845595,3.548144080286824,-1.708550657698572,-1.887732056933016,-0.6334089603332869,-1.8780250087833608,-0.670522102247409,87.42,-0.3347709792014608
2019-02-01,hormuz_crisis,2019-06-13,683,-2.579870333968684,2.579870333968684,2.8305525167206422,1.1541448964510923,0.6583128429020122,3.473704712812298,-1.146745159973643,-1.2344877432768355,-0.665673486642388,-1.6711627451017816,-0.9072914130012936,96.8,-0.1424482400550252
2019-02-02,hormuz_crisis,2019-06-13,250,-2.808682725472431,2.808682725472431,3.1338504198698662,0.5272797832034262,0.6783968332221191,3.441018773042825,-0.8314154654581589,-0.8412235236626777,-1.052650177572767,-1.1802590667022304,-1.0112555880489902,96.8,-0.1424482400550252
2019-02-03,hormuz_crisis,2019-06-13,332,-2.6772987573298788,2.6772987573298788,2.842553267142236,0.6488547843071938,0.6742053531167327,3.385399408768794,-1.012477628509519,-1.2189272474727806,-0.9775994359814006,-1.2827094746579024,-1.188164110924848,96.8,-0.1424482400550252
2019-02-04,hormuz_crisis,2019-06-13,625,-3.2325169957190893,3.2325169957190893,3.493700871072744,1.3455577974563129,0.7205186382943122,3.394058684203332,-0.2473232749795545,-0.3746317490387835,-0.5475103771201016,-0.1506952837488424,-1.1606215518486274,96.8,-0.1424482400550252
2019-02-05,hormuz_crisis,2019-06-13,630,-3.1355044060723367,3.1355044060723367,3.418915163421212,1.3137048617211973,0.7156468713485585,3.388754769559565,-0.3810177399358614,-0.4716009092357213,-0.5671738476286656,-0.2697736280349136,-1.1774917141982997,96.8,-0.1424482400550252
2019-02-06,hormuz_crisis,2019-06-13,1030,-2.2284371804065883,2.2284371804065883,2.3135702795223088,1.3718924844386355,0.6232192633015313,3.273276126121109,-1.6310603154032115,-1.9048208183002864,-0.5312534347416856,-2.528938866256168,-1.5447946580750551,96.8,-0.1424482400550252
2019-02-07,hormuz_crisis,2019-06-13,578,-3.6860878016899,3.6860878016899,4.084843939280064,1.4387489697817315,0.7282149328523471,3.3553987908244616,0.3777492691600628,0.3918602543183627,-0.4899815551641647,0.0374216814741158,-1.2835870823156388,96.8,-0.1424482400550252
2019-02-08,hormuz_crisis,2019-06-13,347,-2.709727258064639,2.709727258064639,2.941447821241748,0.6829357515877251,0.6781888343219334,3.3063424414689746,-0.9677874385985428,-1.0906979084690755,-0.956560555904634,-1.1853430875355788,-1.4396206223504238,96.8,-0.1424482400550252
2019-02-09,hormuz_crisis,2019-06-13,182,-2.6817638495866074,2.6817638495866074,3.1032342950318355,0.375599929304666,0.6765323850053926,3.2849224432358475,-1.0063242197363116,-0.8809212146688498,-1.146285262221919,-1.2258309113998556,-1.5077512149396546,96.8,-0.1424482400550252
2019-02-10,hormuz_crisis,2019-06-13,188,-3.0107215361547377,3.0107215361547377,3.3291687315965954,0.4346166203886705,0.6875500729164765,3.289465861976219,-0.5529828332303715,-0.5879685468230413,-1.1098530484287017,-0.956530665940437,-1.4932999620593528,96.8,-0.1424482400550252
2019-02-11,hormuz_crisis,2019-06-13,702,-2.6322991786657144,2.6322991786657144,2.9585987859010663,1.203880166099425,0.6731726091642634,3.254691109895952,-1.0744922042946947,-1.068459506349103,-0.6349708846562446,-1.3079523570249851,-1.603908022834449,96.8,-0.1424482400550252
2019-02-12,hormuz_crisis,2019-06-13,802,-3.488167438537565,3.488167438537565,3.709220480499421,1.7730818807105286,0.7555538141269924,3.295927976189431,0.1049923295508841,-0.0951832262079815,-0.2835909923362872,0.7056533011446331,-1.4727459141115564,96.8,-0.1424482400550252
2019-02-13,hormuz_crisis,2019-06-13,765,-3.0761617762441698,3.0761617762441698,3.4199591716697646,1.5065747444472688,0.7061150575081958,3.3098717664101907,-0.4627986837583679,-0.4702472200579368,-0.4481113134085204,-0.5027553414033611,-1.42839489781637,96.8,-0.1424482400550252
2019-02-14,hormuz_crisis,2019-06-13,965,-3.334728064218101,3.334728064218101,3.676590475400495,1.9547862046826368,0.7118622071957903,3.348791064892562,-0.106464710484516,-0.1374921685316676,-0.1714211865320084,-0.3622804219781882,-1.3046042774856794,96.8,-0.1424482400550252
2019-02-15,hormuz_crisis,2019-06-13,964,-3.6123652845760863,3.6123652845760863,3.811939051585664,2.115873744260173,0.7269362012235699,3.394975292803159,0.2761511929036435,0.0380044360827068,-0.0719785445689312,0.0061662362041543,-1.1577060946950395,96.8,-0.1424482400550252
2019-02-16,hormuz_crisis,2019-06-13,318,-3.5126051053751794,3.5126051053751794,4.178733914553716,0.8192702251461786,0.7184132857833041,3.468413002013571,0.1386702347024934,0.513600521798612,-0.8723984892615322,-0.2021554405956066,-0.9241227585786508,96.8,-0.1424482400550252
2019-02-17,hormuz_crisis,2019-06-13,372,-2.602175891088433,2.602175891088433,2.7743657582837185,0.6972637708438005,0.6520706923871077,3.3916389714498774,-1.116005546326219,-1.307341005630168,-0.9477155757611748,-1.8237367406101588,-1.1683179326790247,96.8,-0.1424482400550252
2019-02-18,hormuz_crisis,2019-06-13,734,-2.452435130371344,2.452435130371344,2.75773373883923,1.162312185580757,0.6594613899132268,3.3186383903777434,-1.322365473002929,-1.328906529425518,-0.6606316515578113,-1.6430893421756918,-1.4005108952400949,96.8,-0.1424482400550252
2019-02-19,hormuz_crisis,2019-06-13,626,-1.7277776606948083,1.7277776606948083,1.9106144944346728,0.7201405370940274,0.6201740285351889,3.1630166105879343,-2.321026502852456,-2.4273041283267727,-0.9335932787699832,-2.603372129993159,-1.8954971207979023,96.8,-0.1424482400550252
2019-02-20,hormuz_crisis,2019-06-13,1080,-3.0760412637644747,3.0760412637644747,3.349240532507279,1.96159160677026,0.715189410882245,3.187329656815861,-0.4629647637646027,-0.5619429098521616,-0.1672200722497422,-0.2809551224519309,-1.818164609883116,96.8,-0.1424482400550252
2019-02-21,hormuz_crisis,2019-06-13,756,-2.047238835974896,2.047238835974896,2.260023929559288,0.9933038417179584,0.6501280946396754,3.087266057143928,-1.8807723970822368,-1.9742504560021767,-0.7649639684558006,-1.8712187581109587,-2.1364369210225687,96.8,-0.1424482400550252
2019-02-22,hormuz_crisis,2019-06-13,467,-2.491219764138582,2.491219764138582,2.760990045314234,0.8127591508123765,0.6781614567446449,3.0494736803038087,-1.2689158034402657,-1.3246843148588472,-0.876417908984928,-1.1860122649840044,-2.256643141464304,96.8,-0.1424482400550252
2019-02-23,hormuz_crisis,2019-06-13,458,-2.172843015995105,2.172843015995105,2.372899605590059,0.6972005966144935,0.6555260257449216,2.9772505744968774,-1.707675444354518,-1.8278928182250989,-0.9477545745085812,-1.7392796268388309,-2.4863631882965667,96.8,-0.1424482400550252
2019-02-24,hormuz_crisis,2019-06-13,434,-2.737226578893665,2.737226578893665,3.0572993382994085,0.8386380493499215,0.6864282635663006,2.976377873858864,-0.9298902234197132,-0.940481715169574,-0.8604423341613446,-0.9839505325947762,-2.4891389873873844,96.8,-0.1424482400550252
2019-02-25,hormuz_crisis,2019-06-13,652,-2.804005681644444,2.804005681644444,3.1145630324762656,1.208131072496165,0.6884035349457511,2.9912563141450974,-0.8378609677835462,-0.8662320689674186,-0.6323467129547078,-0.9356698886313678,-2.441815129445284,96.8,-0.1424482400550252
2019-02-26,hormuz_crisis,2019-06-13,673,-2.955986559451224,2.955986559451224,3.218118010637728,1.306754486444308,0.6931971512658481,3.01096945318907,-0.6284139030679871,-0.7319598987645409,-0.5714644568339544,-0.8185017439118468,-2.379113544214402,96.8,-0.1424482400550252
2019-02-27,hormuz_crisis,2019-06-13,389,-2.377418592738605,2.377418592738605,2.7272111316436223,0.6624408303715695,0.6520073989407479,2.9783327085160693,-1.4257468578129098,-1.368482962940999,-0.969212491106479,-1.8252837930206305,-2.4829212444090785,96.8,-0.1424482400550252
2019-02-28,hormuz_crisis,2019-06-13,282,-2.566955856529072,2.566955856529072,2.97168810872984,0.5375318509107244,0.6803880827849863,2.9812299176647845,-1.164542789722176,-1.0514875382804585,-1.0463213659150077,-1.131587875397961,-2.473706090700446,96.8,-0.1424482400550252
2019-03-01,hormuz_crisis,2019-06-13,439,-2.852870847041358,2.852870847041358,3.152111544760246,0.8827297403592194,0.6759534599358703,3.00009388843066,-0.7705191705330013,-0.8175456579249823,-0.8332236290145458,-1.2399813088864389,-2.4137054551785733,82.33,-0.4391337449003263
2019-03-02,hormuz_crisis,2019-06-13,246,-3.169246451355588,3.169246451355588,3.571768089732814,0.5862779105399065,0.6967847373142672,3.059679706610195,-0.3345173351213735,-0.2734076933990214,-1.0162294235616245,-0.7308120388445902,-2.224180831586052,82.33,-0.4391337449003263
2019-03-03,hormuz_crisis,2019-06-13,365,-5.145391043221983,5.145391043221983,5.750767044446037,1.3559196153291684,0.7845606785626853,3.3448490358208507,2.388836353795648,2.5519409640354858,-0.5411138144342521,1.414654661101621,-1.3171426901286971,82.33,-0.4391337449003263
2019-03-04,hormuz_crisis,2019-06-13,800,-5.06645737849129,5.06645737849129,5.975468342174938,2.570310382121534,0.7808272733033855,3.6216165143800416,2.280056718991168,2.843294710896598,0.2085545121297239,1.3234007645633592,-0.4368283166894568,82.33,-0.4391337449003263
2019-03-05,hormuz_crisis,2019-06-13,367,-2.5019860201431268,2.5019860201431268,2.913747741844189,0.6625002684399761,0.685110154620511,3.5480398526738126,-1.2540786689884236,-1.1266145765186113,-0.9691757987678224,-1.016168459396488,-0.6708536190365957,82.33,-0.4391337449003263
2019-03-06,hormuz_crisis,2019-06-13,415,-2.9435885665655075,2.9435885665655075,3.284359587142731,0.8676584721613062,0.6922629996001921,3.5270330050121244,-0.6454997579186156,-0.646069288840229,-0.8425274319732671,-0.8413347806512895,-0.7376701035220651,82.33,-0.4391337449003263
2019-03-07,hormuz_crisis,2019-06-13,525,-2.855729317369916,2.855729317369916,3.176626215202207,1.028743855399152,0.7035346101844241,3.486976698383693,-0.7665798708754873,-0.7857592768113855,-0.7430861211629056,-0.5658280208343813,-0.8650772058863565,82.33,-0.4391337449003263
2019-03-08,hormuz_crisis,2019-06-13,660,-2.525689700224476,2.525689700224476,2.5750682809856404,1.099040950679027,0.6493352952194487,3.393762527542454,-1.2214122816926016,-1.565755475584935,-0.6996902825071406,-1.890596787348141,-1.1615635373980784,82.33,-0.4391337449003263
2019-03-09,hormuz_crisis,2019-06-13,180,-2.8866396618572763,2.8866396618572763,3.515958819522731,0.400145549292443,0.6998327597527462,3.4082614257757946,-0.723981874235047,-0.3457714943634007,-1.1311327475916275,-0.6563106373279939,-1.1154468889381943,82.33,-0.4391337449003263
2019-03-10,hormuz_crisis,2019-06-13,350,-2.700606713683334,2.700606713683334,3.289371239605623,0.6858335841135083,0.7045755412343011,3.3961526257166885,-0.9803565938556992,-0.6395710454487248,-0.9547716644541456,-0.5403850250352171,-1.1539613516656255,82.33,-0.4391337449003263
2019-03-11,hormuz_crisis,2019-06-13,421,-2.3188124827961065,2.3188124827961065,2.786865173400692,0.6920410199007199,0.6718669555245699,3.334275482505159,-1.506512792837046,-1.291133927768533,-0.950939687032954,-1.3398658445454212,-1.3507739932376677,82.33,-0.4391337449003263
2019-03-12,hormuz_crisis,2019-06-13,813,-3.727444665311288,3.727444665311288,4.0742765611627165,1.915026863009858,0.74690204064071,3.4102916106736454,0.434743766206947,0.378158307600183,-0.1959654435802123,0.4941820067752204,-1.1089894794346604,82.33,-0.4391337449003263
2019-03-13,hormuz_crisis,2019-06-13,540,-2.717449354816508,2.717449354816508,3.14583447238998,1.0023149292379254,0.7016029488327659,3.3823320446222898,-0.9571455044192656,-0.8256846788068372,-0.7594012393192324,-0.6130427250757956,-1.1979204766683844,82.33,-0.4391337449003263
2019-03-14,hormuz_crisis,2019-06-13,557,-3.639867558823864,3.639867558823864,3.938402475908741,1.377719555979209,0.7419418095836672,3.439384943159135,0.3140524782319365,0.2019803137915606,-0.5276562639709224,0.3729413751674551,-1.016452311081097,82.33,-0.4391337449003263
2019-03-15,hormuz_crisis,2019-06-13,410,-3.621703525534112,3.621703525534112,4.075252110903358,1.0563842921084257,0.7458497186298874,3.5044258049312083,0.2890203589888121,0.3794232316351492,-0.7260231126981176,0.4684605869906044,-0.8095768292618487,82.33,-0.4391337449003263
2019-03-16,hormuz_crisis,2019-06-13,247,-4.074412996774043,4.074412996774043,4.481199931451959,0.7565206465594538,0.7410149806703575,3.603773584585101,0.9129058851711452,0.9057860953228938,-0.911135091068838,0.3502873250738709,-0.4935813269944379,82.33,-0.4391337449003263
2019-03-17,hormuz_crisis,2019-06-13,342,-3.838538356007585,3.838538356007585,4.221553946485949,0.9550895100438,0.7671357094742657,3.67354371000155,0.5878436019266714,0.569122127015243,-0.7885544591448862,0.9887442077919552,-0.2716634753722037,82.33,-0.4391337449003263
2019-03-18,hormuz_crisis,2019-06-13,730,-2.862011830656727,2.862011830656727,3.5923948919893864,1.3505346376927074,0.7209924506039439,3.6700382400682137,-0.7579218476692261,-0.2466624267541168,-0.5444380715709999,-0.1391141087949618,-0.2828133242780068,82.33,-0.4391337449003263
2019-03-19,hormuz_crisis,2019-06-13,628,-2.800896018895733,2.800896018895733,3.057504702964167,1.1704664515910517,0.711038956981285,3.615118581556633,-0.8421464393795245,-0.9402154338211572,-0.6555978559119158,-0.3824027458840729,-0.4574962928977437,82.33,-0.4391337449003263
2019-03-20,hormuz_crisis,2019-06-13,422,-2.8212109698934347,2.8212109698934347,3.201814378843157,0.8437085762366512,0.7028657718321802,3.5729740011200843,-0.8141501090667169,-0.7530996262997287,-0.8573121939215497,-0.5821761270691513,-0.5915455681738698,82.33,-0.4391337449003263
2019-03-21,hormuz_crisis,2019-06-13,551,-2.598390886430364,2.598390886430364,2.9273435732195257,0.97467704396222,0.6816736352902374,3.512096227583963,-1.1212217164589853,-1.108985855843953,-0.776462672731751,-1.1001657106017693,-0.7851795144229604,82.33,-0.4391337449003263
2019-03-22,hormuz_crisis,2019-06-13,759,-2.4750881693035027,2.4750881693035027,2.715594009581593,1.204665722977114,0.685729349966162,3.4321953064130044,-1.2911469896009582,-1.3835460358948484,-0.6344859442844781,-1.0010337541918328,-1.039320390092309,82.33,-0.4391337449003263
2019-03-23,hormuz_crisis,2019-06-13,466,-3.522342824055968,3.522342824055968,3.883296640030952,1.147062246506097,0.7140066061477016,3.4856465995250607,0.1520899268647532,0.1305286047040691,-0.670045751713151,-0.3098658710512483,-0.8693078515873782,82.33,-0.4391337449003263
2019-03-24,hormuz_crisis,2019-06-13,334,-2.9794257207368173,2.9794257207368173,3.583343642908197,0.7259369192088571,0.701825532789148,3.4983213807937474,-0.5961120529832457,-0.2583985197817563,-0.9300150532111482,-0.6076022084653413,-0.8289931723154165,82.33,-0.4391337449003263
2019-03-25,hormuz_crisis,2019-06-13,696,-4.01848144527982,4.01848144527982,4.555688771834493,1.825223448231239,0.7556241585011912,3.6120167292820433,0.835825798159505,1.0023703294334343,-0.2514029333222014,0.7073726961203592,-0.4673623550370598,82.33,-0.4391337449003263
2019-03-26,hormuz_crisis,2019-06-13,814,-4.134387065113755,4.134387065113755,4.677250921696408,2.1261418026845376,0.7622691222868941,3.726598202419561,0.9955570236174756,1.1599910828368778,-0.0656398615135696,0.8697924699422777,-0.1029130409127954,82.33,-0.4391337449003263
2019-03-27,hormuz_crisis,2019-06-13,582,-3.5162669789634653,3.5162669789634653,3.867000688081704,1.3803197049124023,0.7364285389097213,3.7469329328704335,0.1437167161118255,0.1093988350629053,-0.5260511387074022,0.2381830522089515,-0.0382343597718422,82.33,-0.4391337449003263
2019-03-28,hormuz_crisis,2019-06-13,591,-3.8032241880710576,3.8032241880710576,4.471603556164205,1.5120124111985886,0.7436095925089369,3.8276832704404615,0.5391766319504788,0.8933431769925078,-0.4447545302005569,0.4137062211834983,0.2186082548049408,82.33,-0.4391337449003263
2019-03-29,hormuz_crisis,2019-06-13,661,-3.0182579047146554,3.0182579047146554,3.3859491072196333,1.3149925827058695,0.7078383192612382,3.784801220838261,-0.542596853781719,-0.5143455844585227,-0.5663789110546579,-0.4606344520815392,0.0822133112087092,82.33,-0.4391337449003263
2019-03-30,hormuz_crisis,2019-06-13,192,-3.0119551595365,3.0119551595365,3.3465631026974783,0.4433966441256797,0.7069497211114261,3.739733715657085,-0.5512827588525733,-0.5654145373635624,-1.1044329597042943,-0.4823540453201942,-0.0611329113770164,82.33,-0.4391337449003263
2019-03-31,hormuz_crisis,2019-06-13,411,-4.424909150357757,4.424909150357757,4.5767522728486005,1.2933941789842227,0.7817944350446684,3.816952080919248,1.3959297472620875,1.029681831434091,-0.5797120486387223,1.3470406513007944,0.1844755581860908,82.33,-0.4391337449003263
2019-04-01,hormuz_crisis,2019-06-13,678,-4.276927838225991,4.276927838225991,5.21171813416375,1.9020417341034108,0.7672469472407162,3.9522108797007487,1.19199454234664,1.852995647121355,-0.203981429969195,0.991463141024702,0.6146932460493568,79.25,-0.5022844950678127
2019-04-02,hormuz_crisis,2019-06-13,632,-3.396809892712253,3.396809892712253,4.116310046123568,1.4268748925529455,0.7296722996999913,3.9752619404004608,-0.0209088370225535,0.4326600548564426,-0.4973116665657095,0.0730434247075732,0.6880117593465654,79.25,-0.5022844950678127
2019-04-03,hormuz_crisis,2019-06-13,848,-1.8480710154560152,1.8480710154560152,2.09145174689286,0.981163231197593,0.6280215934261715,3.780293093719553,-2.155248475885447,-2.192825682459816,-0.7724586163246305,-2.4115577340458687,0.0678743103963695,79.25,-0.5022844950678127
2019-04-04,hormuz_crisis,2019-06-13,493,-2.5856377007995333,2.5856377007995333,3.0169806984001304,0.8833288025875837,0.6754028763750493,3.703080212653169,-1.1387970676130037,-0.9927599481914908,-0.8328538156146699,-1.2534389679952858,-0.1777167155841463,79.25,-0.5022844950678127
2019-04-05,hormuz_crisis,2019-06-13,445,-2.43008993572135,2.43008993572135,2.655709385419907,0.7607365242218431,0.6715199739488319,3.598788470008767,-1.3531597117089924,-1.461194050415561,-0.9085325433234284,-1.3483469545814144,-0.509437481906981,79.25,-0.5022844950678127
2019-04-06,hormuz_crisis,2019-06-13,899,-3.840562871685116,3.840562871685116,4.286011953001852,2.132988586950442,0.7341845331188456,3.6717634327240702,0.5906336165143531,0.6527001121155518,-0.0614132011639337,0.1833338574257851,-0.2773260036585159,79.25,-0.5022844950678127
2019-04-07,hormuz_crisis,2019-06-13,748,-2.644970788129153,2.644970788129153,3.094083261191537,1.2725370393609012,0.6661764261976373,3.612916938727898,-1.0570292744469458,-0.8927866912992537,-0.5925875886921325,-1.4789568187048263,-0.4644990586757351,79.25,-0.5022844950678127
2019-04-08,hormuz_crisis,2019-06-13,1220,-3.111535001617845,3.111535001617845,3.374730197414552,2.1688162218229152,0.7109490333417053,3.592344746127631,-0.414050325866546,-0.5288923246885278,-0.0392960673598487,-0.3846007077801491,-0.52993303572193,79.25,-0.5022844950678127
2019-04-09,hormuz_crisis,2019-06-13,1088,-3.014329626442614,3.014329626442614,3.404355195318321,1.932747430774928,0.7052225238149126,3.569846153795565,-0.5480104713718938,-0.4904797555255794,-0.1850261736635837,-0.5245711293092948,-0.6014943127736048,79.25,-0.5022844950678127
2019-04-10,hormuz_crisis,2019-06-13,836,-3.129075177766816,3.129075177766816,3.4269427129405385,1.6429703765112624,0.7205000228691784,3.55710822850332,-0.3898779532496021,-0.4611921725964218,-0.3639114923656347,-0.1511502919682007,-0.6420098342537053,79.25,-0.5022844950678127
2019-04-11,hormuz_crisis,2019-06-13,609,-3.549713114821204,3.549713114821204,3.871195215292888,1.446516099583367,0.7303992870971495,3.588145775435821,0.1898093238304572,0.1148375718732454,-0.4851867466397412,0.0908128411296584,-0.5432887026264853,79.25,-0.5022844950678127
2019-04-12,hormuz_crisis,2019-06-13,482,-3.7472572945982168,3.7472572945982168,4.278662077825006,1.2558974743395943,0.7441784920947113,3.6583207361568575,0.4620478396425566,0.6431700662574313,-0.6028595334444993,0.4276115704116874,-0.3200831912713954,79.25,-0.5022844950678127
2019-04-13,hormuz_crisis,2019-06-13,206,-3.216821525170497,3.216821525170497,3.774518750174092,0.5055050136714129,0.7050088075184257,3.666037894418313,-0.2689534318991085,-0.0105157332938295,-1.0660921893886983,-0.5297948978138198,-0.2955372244727314,79.25,-0.5022844950678127
2019-04-14,hormuz_crisis,2019-06-13,363,-4.640315493529704,4.640315493529704,5.0372692900974,1.216927516750569,0.784540578876523,3.807665817719674,1.6927843710117592,1.62680058341664,-0.6269164875081401,1.4141633737770154,0.1549387390024143,79.25,-0.5022844950678127
2019-04-15,hormuz_crisis,2019-06-13,472,-3.576492706560671,3.576492706560671,4.053506822304982,1.1774726190904452,0.7382493408757146,3.8347964064099815,0.2267146698519689,0.3512277055133689,-0.6512728050234193,0.2826880718040068,0.2412330077809555,79.25,-0.5022844950678127
2019-04-16,hormuz_crisis,2019-06-13,785,-3.1381674682365808,3.1381674682365808,3.5393504715379067,1.5685521506068172,0.6982020361882311,3.807912803668263,-0.3773477351200904,-0.3154412491499742,-0.4098513894771747,-0.6961696585441041,0.1557243272576257,79.25,-0.5022844950678127
2019-04-17,hormuz_crisis,2019-06-13,988,-4.564904198664794,4.564904198664794,5.230213587922208,2.723909935839856,0.7476758728724738,3.961344706153446,1.588858965501632,1.8769773499725977,0.3033746668490617,0.5130964298048264,0.6437452096422878,79.25,-0.5022844950678127
2019-04-18,hormuz_crisis,2019-06-13,445,-2.8861519776639004,2.8861519776639004,3.407128448480976,0.903506159006535,0.6978964999663129,3.908572689859113,-0.7246539589359962,-0.486883880877322,-0.8203979196751494,-0.7036377389819733,0.4758932470449704,79.25,-0.5022844950678127
2019-04-19,hormuz_crisis,2019-06-13,340,-3.333085586264422,3.333085586264422,3.8943164014366807,0.825028468613181,0.7069971753964147,3.9136565492821935,-0.1087282333120094,0.1448171237625929,-0.8688438074721954,-0.4811941421990787,0.4920634797109665,79.25,-0.5022844950678127
2019-04-20,hormuz_crisis,2019-06-13,183,-2.440170664008644,2.440170664008644,3.0229996649172968,0.3435147204455189,0.6697957535603707,3.819839875284649,-1.3392673130043793,-0.984955594301538,-1.1660921196936913,-1.390491275385021,0.193660766291587,79.25,-0.5022844950678127
2019-04-21,hormuz_crisis,2019-06-13,137,-2.55693816376078,2.55693816376078,2.9401463708188422,0.2741284026526582,0.6752158496264813,3.7283184712554047,-1.1783483182585262,-1.0923854040950465,-1.2089257167273748,-1.258010376234773,-0.0974413814885875,79.25,-0.5022844950678127
2019-04-22,hormuz_crisis,2019-06-13,3841,-3.127193220248582,3.127193220248582,3.381514509902676,4.467485400459111,0.7298313424079031,3.6871537038786015,-0.3924715063583981,-0.5200956026256386,1.3797195605537835,0.0769308319952779,-0.2283741651730397,79.25,-0.5022844950678127
2019-04-23,hormuz_crisis,2019-06-13,3022,-3.3462532499544806,3.3462532499544806,3.892599418021645,4.188518258415712,0.7458072695902819,3.703365041453596,-0.0905816838984003,0.1425908368816306,1.20750742236831,0.4674230247654325,-0.176810760562659,79.25,-0.5022844950678127
2019-04-24,hormuz_crisis,2019-06-13,1934,-3.27402106736021,3.27402106736021,3.709029698992837,3.1252942319865604,0.7249653154157546,3.703059113243648,-0.1901259084132904,-0.0954305986412382,0.5511574249444285,-0.0420072132618817,-0.1777838264801569,79.25,-0.5022844950678127
2019-04-25,hormuz_crisis,2019-06-13,1320,-3.294170186515273,3.294170186515273,3.62628508812313,2.42893305121516,0.743427725814781,3.690713443897778,-0.1623581133818839,-0.2027194868368895,0.121279386220615,0.4092609377653867,-0.2170516993945441,79.25,-0.5022844950678127
2019-04-26,hormuz_crisis,2019-06-13,874,-2.666556414243197,2.666556414243197,2.993128595196674,1.4491746659807123,0.7065851865933096,3.6187856097974658,-1.0272818082204265,-1.0236872268012882,-0.4835455590775026,-0.4912641938013866,-0.4458325754515409,79.25,-0.5022844950678127
2019-04-27,hormuz_crisis,2019-06-13,633,-3.28200049345941,3.28200049345941,3.567647344931636,1.3804283886009063,0.7472544992885762,3.614892719886294,-0.1791293449066837,-0.2787507619518805,-0.5259840460374695,0.5027969903498769,-0.4582146911569752,79.25,-0.5022844950678127
2019-04-28,hormuz_crisis,2019-06-13,819,-3.377949029562305,3.377949029562305,3.758988661806778,1.7454694618528277,0.7614880506019547,3.6247862187986826,-0.0469012676609705,-0.0306524636137406,-0.3006367048066748,0.850701096309885,-0.4267464372222247,79.25,-0.5022844950678127
2019-04-29,hormuz_crisis,2019-06-13,1585,-2.923559018683806,2.923559018683806,3.171114366377307,2.4468243801894407,0.72938340755021,3.568149809884906,-0.6731027700339657,-0.7929060882606193,0.132324070533871,0.0659821676203111,-0.6068898741835769,79.25,-0.5022844950678127
2019-04-30,hormuz_crisis,2019-06-13,1182,-3.051517190327776,3.051517190327776,3.3873981781497515,2.0788979339734186,0.7221050931330417,3.546049234719714,-0.4967617471108611,-0.5124666801120653,-0.094804470604449,-0.1119183025048604,-0.6771851779543626,79.25,-0.5022844950678127
2019-05-01,hormuz_crisis,2019-06-13,1042,-3.3666746768163938,3.3666746768163938,3.7091843324409663,2.0906083458312965,0.7253320826746686,3.571296664263641,-0.0624386176439142,-0.0952300967529186,-0.0875753931930171,-0.0330424909309227,-0.5968806738427624,106.47,0.055820511282505036
2019-05-02,hormuz_crisis,2019-06-13,1104,-3.44936547256413,3.44936547256413,3.792990972256407,2.235613622028486,0.7407960833779291,3.597751607755596,0.0515187742220278,0.0134358467412192,0.0019393377504868,0.344936919883861,-0.5127354298793918,106.47,0.055820511282505036
2019-05-03,hormuz_crisis,2019-06-13,953,-3.430625619343454,3.430625619343454,3.793968384408136,1.9920256487055088,0.7468527307446594,3.6236593148099687,0.0256931091323643,0.0147031856284973,-0.1484325139842597,0.4929767478118914,-0.4303307809605684,106.47,0.055820511282505036
2019-05-04,hormuz_crisis,2019-06-13,732,-4.34769351772617,4.34769351772617,4.990364113055743,2.0560810009540367,0.770707597076474,3.764219575767244,1.2895177575550558,1.5659820691650743,-0.1088898313151065,1.0760502030053838,0.0167492686869449,106.47,0.055820511282505036
2019-05-05,hormuz_crisis,2019-06-13,603,-5.208864516094367,5.208864516094367,5.864090209683187,2.1054197441302125,0.8001994380817623,3.989503988094152,2.476310072675762,2.69887882835454,-0.0784320132526792,1.7969056207545455,0.7333114432445148,106.47,0.055820511282505036
2019-05-06,hormuz_crisis,2019-06-13,2444,-3.723357690643416,3.723357690643416,4.377344699335424,4.113840607592957,0.7797608777174232,4.033824992579346,0.4291114467987063,0.7711246077653564,1.1614073769340914,1.297335350896342,0.8742832709198416,106.47,0.055820511282505036
2019-05-07,hormuz_crisis,2019-06-13,1655,-3.281908245206533,3.281908245206533,3.526856174979029,2.8279038844233333,0.7417675389859891,3.9838046218409953,-0.1792564735696381,-0.3316416901514974,0.3675722641457527,0.3686817596192742,0.7151834678831478,106.47,0.055820511282505036
2019-05-08,hormuz_crisis,2019-06-13,2984,-2.984329948623958,2.984329948623958,3.1997863092745824,3.70858329755681,0.7183247755200451,3.904148320529086,-0.5893534649919085,-0.7557292758552561,0.9112337279322288,-0.2043188559885345,0.4618206546475463,106.47,0.055820511282505036
2019-05-09,hormuz_crisis,2019-06-13,1692,-3.640413197490693,3.640413197490693,4.0008342073670935,3.183518329926468,0.7387357064421027,3.914532839870916,0.3148044308381593,0.2829309761476066,0.5871003547343172,0.2945760802018097,0.4948506973587076,106.47,0.055820511282505036
2019-05-10,hormuz_crisis,2019-06-13,1613,-3.1791466113465887,3.1791466113465887,3.840619742936757,2.692417359069528,0.7309901247424252,3.904722443666229,-0.3208737802199098,0.0751925919686132,0.2839336533201471,0.105254412190982,0.4636467682226747,106.47,0.055820511282505036
2019-05-11,hormuz_crisis,2019-06-13,999,-2.705782840004818,2.705782840004818,3.124365364179944,1.628063164386001,0.7061105777050781,3.8230962670321538,-0.9732232986656948,-0.8535221020081369,-0.3731140201460437,-0.50286483915724,0.2040183721627701,106.47,0.055820511282505036
2019-05-12,hormuz_crisis,2019-06-13,1039,-4.734522888633098,4.734522888633098,5.050166060852694,2.933693195852666,0.8045184778147663,3.945874468763484,1.822612956447292,1.6435228832873658,0.4328781757487046,1.902473909639988,0.5945390225360663,106.47,0.055820511282505036
2019-05-13,hormuz_crisis,2019-06-13,2348,-5.278602883972147,5.278602883972147,5.697764140405842,5.691676695683952,0.8308677015140368,4.130143838396792,2.572417534751516,2.4832159729352474,2.1354379543204463,2.5465157873138105,1.1806446427384685,106.47,0.055820511282505036
2019-05-14,hormuz_crisis,2019-06-13,2943,-4.478146956814604,4.478146956814604,4.812566251342807,5.520940993541874,0.8099311711860187,4.205417407199157,1.4692975449429104,1.335444579094786,2.0300393037298647,2.0347738681465657,1.420067297819735,106.47,0.055820511282505036
2019-05-15,hormuz_crisis,2019-06-13,3008,-4.208475213214817,4.208475213214817,4.494149370300146,5.253821560570668,0.7941033208055966,4.230225692703926,1.0976589812710384,0.9225766860595792,1.8651409993420809,1.6479010481010348,1.4989750163996916,106.47,0.055820511282505036
2019-05-16,hormuz_crisis,2019-06-13,2541,-4.383174111387887,4.383174111387887,4.641961531977138,4.9576753242281,0.7917110979325443,4.278218635898701,1.3384140812508551,1.1142339108798385,1.6823238539156842,1.5894290517887668,1.6516261802501346,106.47,0.055820511282505036
2019-05-17,hormuz_crisis,2019-06-13,2666,-3.972560333415934,3.972560333415934,4.161080270596998,4.6234476329161005,0.7582771455891392,4.267978001445552,0.7725412440289947,0.490710332180094,1.4759982453152296,0.7722184314280637,1.6190537922326764,106.47,0.055820511282505036
2019-05-18,hormuz_crisis,2019-06-13,2027,-5.172516045343879,5.172516045343879,5.391129272276079,5.088303971403118,0.8156862869865318,4.393371111942162,2.4262177149038333,2.085624954766516,1.7629635969101691,2.1754434995822494,2.017891683429539,106.47,0.055820511282505036
2019-05-19,hormuz_crisis,2019-06-13,1991,-4.276926010736525,4.276926010736525,4.500739399923204,4.159471658374286,0.7716542673433142,4.412726307609429,1.1919920238567492,0.931121495733621,1.1895763604392529,1.09918922611864,2.079454758091794,106.47,0.055820511282505036
2019-05-20,hormuz_crisis,2019-06-13,2525,-4.293325387268477,4.293325387268477,4.585680597816569,4.837700594681342,0.7917496827109369,4.436671737574335,1.2145922438801484,1.04125853775,1.6082609927768023,1.5903721616659003,2.1556179918865546,106.47,0.055820511282505036
2019-05-21,hormuz_crisis,2019-06-13,2022,-3.798954276890934,3.798954276890934,4.166937517535278,3.731233245815511,0.7696516974176342,4.4112133462950975,0.5332922050661307,0.4983049961139773,0.925216005525388,1.0502413364263978,2.0746424817419973,106.47,0.055820511282505036
2019-05-22,hormuz_crisis,2019-06-13,1605,-4.024704707030804,4.024704707030804,4.238094739093001,3.397100749569378,0.7767690566216252,4.396823244501267,0.8444021659599154,0.5905693636392677,0.7189491627914705,1.2242076527829728,2.0288718821386413,106.47,0.055820511282505036
2019-05-23,hormuz_crisis,2019-06-13,1725,-3.725534032397245,3.725534032397245,3.897366234976012,3.3000731165224857,0.764900456106972,4.348374587769319,0.4321106951168846,0.1487716199669673,0.6590520149493014,0.9341089444468564,1.8747712301509627,106.47,0.055820511282505036
2019-05-24,hormuz_crisis,2019-06-13,1393,-3.4117923780514694,3.4117923780514694,3.708059447480061,2.6126880192900988,0.7402109140077725,4.28829127564579,-0.0002612554206612,-0.0966886528514376,0.2347150966867086,0.3306338958473952,1.683664227473019,106.47,0.055820511282505036
2019-05-25,hormuz_crisis,2019-06-13,1077,-3.756932343654823,3.756932343654823,4.234445054250645,2.390872174830908,0.7395195258713824,4.28658904038053,0.4753811658815419,0.5858370841000295,0.0977836266292386,0.3137346156771624,1.678249927430311,106.47,0.055820511282505036
2019-05-26,hormuz_crisis,2019-06-13,514,-3.3781464878117675,3.3781464878117675,3.778463079586969,1.1954602219651684,0.7223317323102169,4.235883991671861,-0.0466291475669785,-0.0054014096788287,-0.6401686888569162,-0.1063786660097493,1.516972369038884,106.47,0.055820511282505036
2019-05-27,hormuz_crisis,2019-06-13,728,-2.904835787799487,2.904835787799487,3.1754280104557395,1.3677472304890137,0.6952123268465276,4.129862215627189,-0.6989055276394189,-0.7873129013160878,-0.5338123850207658,-0.7692457400296852,1.1797488851398514,106.47,0.055820511282505036
2019-05-28,hormuz_crisis,2019-06-13,1142,-3.8224505879193456,3.8224505879193456,4.162521428940974,2.5396644833437407,0.7412550494374806,4.137408751070993,0.5656728140451183,0.4925789768545192,0.189636170290317,0.3561552148194434,1.2037521519088847,106.47,0.055820511282505036
2019-05-29,hormuz_crisis,2019-06-13,1334,-4.146776616124693,4.146776616124693,4.353788648967686,3.080474340451953,0.7821504583878088,4.162606564838897,1.0126312445973262,0.7405811992258562,0.5234891866785217,1.3557427650719198,1.283898843111938,106.47,0.055820511282505036
2019-05-30,hormuz_crisis,2019-06-13,1417,-4.093735055367649,4.093735055367649,4.4730271574811775,3.172470508289281,0.7808787367173153,4.197404120391568,0.9395338959781228,0.8951890567534545,0.5802803078553352,1.3246586609673348,1.3945794348961928,106.47,0.055820511282505036
2019-05-31,hormuz_crisis,2019-06-13,1534,-2.9339395188016284,2.9339395188016284,3.4720927321677664,2.401494093975469,0.7127008645954109,4.12309542495736,-0.658797251396802,-0.4026494431789224,0.1043407551645898,-0.3417815073786027,1.1582257527266224,106.47,0.055820511282505036
2019-06-01,hormuz_crisis,2019-06-13,762,-3.6619957086577104,3.6619957086577104,4.092161742828028,1.7879265023394146,0.7279800226947881,4.115041738836422,0.3445476043107423,0.4013487152397826,-0.2744271029529738,0.0316798812341677,1.13260939169917,106.59,0.05828093012019941
2019-06-02,hormuz_crisis,2019-06-13,719,-3.1905600598889268,3.1905600598889268,3.559100089055722,1.487434232652485,0.7187448118383878,4.046718277931173,-0.3051447402908607,-0.2898333638326782,-0.4599271438966544,-0.1940521026965169,0.9152929461719864,106.59,0.05828093012019941
2019-06-03,hormuz_crisis,2019-06-13,1069,-3.631417222246738,3.631417222246738,3.855378209158996,2.2982738991176834,0.7582127056455007,4.024701713832533,0.3024069461263283,0.0943288162594062,0.0406208119118639,0.7706433557153296,0.8452648564170894,106.59,0.05828093012019941
2019-06-04,hormuz_crisis,2019-06-13,752,-2.888740084276926,2.888740084276926,3.1065033538561577,1.395711884998785,0.6926085188620368,3.930560481571192,-0.7210872514587672,-0.8766824650630296,-0.516549230258272,-0.8328894132768769,0.5458298204642781,106.59,0.05828093012019941
2019-06-05,hormuz_crisis,2019-06-13,572,-3.646826784130364,3.646826784130364,3.967836202441602,1.4111704856881182,0.7400161322996224,3.938529605190046,0.3236430881440197,0.2401448753499928,-0.5070063190087052,0.3258729367206565,0.5711772135247345,106.59,0.05828093012019941
2019-06-06,hormuz_crisis,2019-06-13,725,-2.601824106289603,2.601824106289603,2.771027178888926,1.2210441513315295,0.6782185782124774,3.81498775965512,-1.1164903460891222,-1.3116698974776893,-0.6243752045522961,-1.18461607138763,0.1782276411552817,106.59,0.05828093012019941
2019-06-07,hormuz_crisis,2019-06-13,1091,-3.195825750675198,3.195825750675198,3.3843882636287472,2.0532885921254587,0.713041983307285,3.769408274085957,-0.2978880150054176,-0.5163694162434974,-0.1106136425551507,-0.3334437006100826,0.0332529624488774,106.59,0.05828093012019941
2019-06-08,hormuz_crisis,2019-06-13,538,-3.437665089548699,3.437665089548699,3.933232641293176,1.2640325198965725,0.7540185169884126,3.790257676128588,0.0353943057099739,0.1952769671659687,-0.597837602978633,0.668126743884217,0.0995686596228708,106.59,0.05828093012019941
2019-06-09,hormuz_crisis,2019-06-13,453,-4.086808846254763,4.086808846254763,4.293577369508076,1.2990705660815418,0.7878485805738785,3.836411388362051,0.9299887861640812,0.6625096346591757,-0.5762078984652023,1.4950193279724349,0.2463697811932538,106.59,0.05828093012019941
2019-06-10,hormuz_crisis,2019-06-13,900,-3.44880990152172,3.44880990152172,3.696677747088508,1.9170495451180944,0.747411931242861,3.811387035057592,0.0507531336641308,-0.1114464717347544,-0.1947168004311398,0.5066450267323004,0.1667748157203669,106.59,0.05828093012019941
2019-06-11,hormuz_crisis,2019-06-13,726,-3.061457395955598,3.061457395955598,3.233716972672577,1.4383327393643763,0.6938217264885892,3.744900841906857,-0.4830630047331299,-0.7117338649946744,-0.4902385027373647,-0.8032355408618558,-0.0446978318990047,106.59,0.05828093012019941
2019-06-12,hormuz_crisis,2019-06-13,1162,-3.621508300766184,3.621508300766184,3.9636169879570593,2.4368141741964813,0.7259944584299776,3.763842594195609,0.2887513168883028,0.2346741283569547,0.1261445650727713,-0.0168523469614598,0.0155502033279661,106.59,0.05828093012019941
2019-06-13,hormuz_crisis,2019-06-13,3758,-4.202339986775793,4.202339986775793,4.463236285640562,5.9338123297981165,0.7747943676646457,3.8327949540987567,1.089203936218248,0.8824939489608778,2.2849132472752296,1.1759412447024171,0.2348669880213485,106.59,0.05828093012019941
2019-06-14,hormuz_crisis,2019-06-13,4321,-4.021140247744524,4.021140247744524,4.273530784369755,6.109579275569779,0.7580977625848169,3.877489544502056,0.8394899326212028,0.6365166931370192,2.393417787745301,0.7678338556908398,0.3770270804998042,106.59,0.05828093012019941
2019-06-15,hormuz_crisis,2019-06-13,2897,-4.588289034041305,4.588289034041305,4.948001056012518,5.605633458997989,0.7742212176316211,3.982093522388444,1.6210859482585924,1.5110529898816702,2.082321699633422,1.1619320037596488,0.7097409735181779,106.59,0.05828093012019941
2019-06-16,hormuz_crisis,2019-06-13,2390,-4.447897388635257,4.447897388635257,4.810208856599853,4.848153408238399,0.7591650768368096,4.066614099271075,1.4276101737715692,1.3323879176596605,1.6147137289647608,0.7939217238863812,0.9785755890174284,106.59,0.05828093012019941
2019-06-17,hormuz_crisis,2019-06-13,2799,-3.26501741549422,3.26501741549422,3.585838737352868,3.910115800822184,0.719199912573317,4.013014941616184,-0.2025339723899311,-0.2551633132094104,1.0356438754749868,-0.1829282861013954,0.808092737732047,106.59,0.05828093012019941
2019-06-18,hormuz_crisis,2019-06-13,3672,-3.649834437800143,3.649834437800143,3.873098612308149,5.089933177135444,0.7280268695768621,3.9974005848628007,0.3277879795402719,0.117305567642588,1.7639693390224942,0.0328249378870113,0.7584281501382706,106.59,0.05828093012019941
2019-06-19,hormuz_crisis,2019-06-13,2346,-4.020823188293779,4.020823188293779,4.234616193149816,4.333209808801211,0.7686950250184015,4.021102935439662,0.8390529883670486,0.5860589874001492,1.296828483933982,1.026857835821118,0.833818221275708,106.59,0.05828093012019941
2019-06-20,hormuz_crisis,2019-06-13,4623,-4.279458172302725,4.279458172302725,4.536496439936492,6.729542717064852,0.7903461818781834,4.076171879114988,1.1954816326488529,0.9774850356411798,2.7761339351548115,1.5560670404995267,1.008976021245105,106.59,0.05828093012019941
2019-06-21,hormuz_crisis,2019-06-13,4159,-4.1160238356144205,4.1160238356144205,4.376167314281951,6.131398528590018,0.7859553861165317,4.10986104484381,0.9702503891721646,0.7695979786346183,2.406887260130836,1.4487448522221276,1.1161311572988395,106.59,0.05828093012019941
2019-06-22,hormuz_crisis,2019-06-13,2637,-4.355000421059809,4.355000421059809,4.698187259970288,5.035847591237597,0.7791161348169284,4.171254680270443,1.299587507628066,1.187137702208013,1.7305811975938763,1.2815761986347514,1.3114059055644494,106.59,0.05828093012019941
2019-06-23,hormuz_crisis,2019-06-13,2793,-4.55059041538587,4.55059041538587,4.698531891330751,5.442876182317765,0.7836986250797989,4.22906347659378,1.569132931963671,1.1875845605002058,1.9818482947118288,1.393583886868953,1.495278355389768,106.59,0.05828093012019941
2019-06-24,hormuz_crisis,2019-06-13,4652,-4.169212747424194,4.169212747424194,4.506985671486746,6.576854016479827,0.7480443567135623,4.264209216325822,1.043550804426607,0.9392205794609688,2.6818760687555563,0.5221031097592586,1.607066416661768,106.59,0.05828093012019941
2019-06-25,hormuz_crisis,2019-06-13,3144,-4.099105785489485,4.099105785489485,4.558247898639429,5.247348283984889,0.7467148693380707,4.2957984819235016,0.9469353775041612,1.0056885620865026,1.861144912943742,0.4896070652674839,1.7075423999557355,106.59,0.05828093012019941
2019-06-26,hormuz_crisis,2019-06-13,2582,-3.270062844914124,3.270062844914124,3.797679329744929,3.734212549823508,0.7232044460645717,4.242915455888769,-0.1955807925065243,0.0195148971726649,0.927055190992764,-0.0850473276962788,1.5393373486553166,106.59,0.05828093012019941
2019-06-27,hormuz_crisis,2019-06-13,2466,-3.0953477705424057,3.0953477705424057,3.309522396314829,3.4385464362776457,0.6952307131689015,4.143150700952212,-0.4363581851416683,-0.6134425136148947,0.7445344352157248,-0.7687963316630334,1.2220155730243978,106.59,0.05828093012019941
2019-06-28,hormuz_crisis,2019-06-13,2265,-2.805915129127017,2.805915129127017,3.112157529004959,2.959270342764984,0.6865997330561362,4.038063643474062,-0.8352295303538855,-0.8693511094737989,0.448667473105341,-0.9797593832289392,0.8877651486535778,106.59,0.05828093012019941
2019-06-29,hormuz_crisis,2019-06-13,813,-2.6123589038517423,2.6123589038517423,2.924945485336846,1.342135947249879,0.6725547040042681,3.9203058819620686,-1.1019721878931426,-1.1120952810986475,-0.5496227554320561,-1.3230555268188913,0.5132130134724654,106.59,0.05828093012019941
2019-06-30,hormuz_crisis,2019-06-13,518,-2.7580994151286933,2.7580994151286933,3.399244113850889,0.982427335306144,0.6827817050516746,3.8673169013610775,-0.901125063323236,-0.4971069212389045,-0.7716782589326164,-1.0730816743548364,0.3446709524623262,106.59,0.05828093012019941
2019-07-01,hormuz_crisis,2019-06-13,1956,-3.012797756813006,3.012797756813006,3.2020532854135784,2.896941889681244,0.7167398895599771,3.797182556280181,-0.5501215632544936,-0.7527898536141879,0.4101908407079888,-0.2430574898576355,0.1215946272818136,93.52,-0.20969968828533536
2019-07-02,hormuz_crisis,2019-06-13,1464,-3.347045769303862,3.347045769303862,3.689401774092413,2.6531578344937854,0.7258661266278574,3.789623531548997,-0.0894895014221992,-0.1208806940374225,0.2596979436168092,-0.0199891017951516,0.0975516358339528,93.52,-0.20969968828533536
2019-07-03,hormuz_crisis,2019-06-13,1219,-3.662483489118329,3.662483489118329,3.987408329907581,2.5513336957500856,0.7409769595797794,3.809510098356772,0.3452198216789833,0.2655226222917848,0.1968398144353486,0.3493579931570509,0.1608048427872417,93.52,-0.20969968828533536
2019-07-04,hormuz_crisis,2019-06-13,1275,-3.377926385740694,3.377926385740694,3.6142437512003975,2.430082009632732,0.7114022780921246,3.7946401227667415,-0.0469324734418479,-0.218332608190055,0.121988661816038,-0.3735222561552562,0.1135079085060161,93.52,-0.20969968828533536
2019-07-05,hormuz_crisis,2019-06-13,1550,-3.8129022402333135,3.8129022402333135,4.302405290567647,3.1431077489977386,0.7328077736775366,3.850486383793247,0.5525140968131691,0.6739561545666987,0.5621540743369977,0.1496823637117461,0.2911381219270559,93.52,-0.20969968828533536
2019-07-06,hormuz_crisis,2019-06-13,988,-3.132427845145904,3.132427845145904,3.5878525851753484,1.8691413793941265,0.717957600962024,3.822315644371723,-0.3852575934276886,-0.2525521039524185,-0.2242914936922729,-0.2132935337430274,0.2015354455133429,93.52,-0.20969968828533536
2019-07-07,hormuz_crisis,2019-06-13,2058,-3.2993261927320523,3.2993261927320523,3.606410438368118,3.27705172434714,0.7397615406131088,3.79693024797577,-0.1552525460016733,-0.2284894923161687,0.6448404374083669,0.3196500699791644,0.1207921102083924,93.52,-0.20969968828533536
2019-07-08,hormuz_crisis,2019-06-13,2432,-3.0795954105662715,3.0795954105662715,3.319897214423712,3.3924358801678105,0.7216606884302024,3.747146176092765,-0.4580667422111878,-0.5999902453833484,0.7160694432369898,-0.1227806809388655,-0.0375560970126688,93.52,-0.20969968828533536
2019-07-09,hormuz_crisis,2019-06-13,2204,-2.1614770150702043,2.1614770150702043,2.3460920577398343,2.2413380973133106,0.6467860005037097,3.6021388602912023,-1.723339096029839,-1.862652205862213,0.0054731737484059,-1.952908018001738,-0.4987808948772722,93.52,-0.20969968828533536
2019-07-10,hormuz_crisis,2019-06-13,1506,-3.2622267712309574,3.2622267712309574,3.899425676589532,2.636752687165291,0.7129508976156356,3.631513045738585,-0.2063797999574532,0.1514419473598454,0.2495707097139424,-0.3356700660069774,-0.4053504174526278,93.52,-0.20969968828533536
2019-07-11,hormuz_crisis,2019-06-13,2551,-4.38676392323376,4.38676392323376,4.723987020635826,4.973413161900436,0.7890276770555621,3.7422004378032447,1.3433612533217727,1.220590365873059,1.6920391438817954,1.5238394374636723,-0.0532870077620055,93.52,-0.20969968828533536
2019-07-12,hormuz_crisis,2019-06-13,1159,-3.90360857787844,3.90360857787844,4.196052009325526,2.6216927600547058,0.7641790904949115,3.7871577188241226,0.6775178238940405,0.5360556293180636,0.2402739078410259,0.9164769387155596,0.0897086248154031,93.52,-0.20969968828533536
2019-07-13,hormuz_crisis,2019-06-13,774,-4.790359171835374,4.790359171835374,5.342557948127522,2.3678899435498555,0.7925436441275772,3.944876680134672,1.899561752836081,2.0226460693585584,0.0835962239115115,1.6097785930435238,0.5913653560483343,93.52,-0.20969968828533536
2019-07-14,hormuz_crisis,2019-06-13,761,-4.483449000815501,4.483449000815501,4.865159609536362,2.1867180024746977,0.7808541348975413,4.037208438321521,1.4766043691237285,1.403638542033923,-0.028244931011715,1.324057330074922,0.8850449974568398,93.52,-0.20969968828533536
2019-07-15,hormuz_crisis,2019-06-13,1325,-3.489026804229429,3.489026804229429,3.8545329604737417,2.5794960879479114,0.7269414255527277,4.020424752983449,0.1061766339467761,0.0932328440778154,0.2142250367281266,0.0062939320633845,0.831661126203967,93.52,-0.20969968828533536
2019-07-16,hormuz_crisis,2019-06-13,1395,-3.701955082423012,3.701955082423012,4.0363122160095815,2.837731930925927,0.7541890138431465,4.022914845561808,0.3996162002011721,0.328932716474139,0.3736393188174982,0.6722941195805019,0.8395813641572678,93.52,-0.20969968828533536
2019-07-17,hormuz_crisis,2019-06-13,1112,-3.47050245386923,3.47050245386923,3.816769575218262,2.261287507735347,0.7358841340774701,3.9999927627578113,0.0806479564927684,0.044267822960679,0.0177883539490332,0.2248764169023697,0.7666730908783054,93.52,-0.20969968828533536
2019-07-18,hormuz_crisis,2019-06-13,2805,-4.225807426560396,4.225807426560396,4.4248326438401735,5.067056414662207,0.7698725360813236,4.041860088134116,1.1215447573149864,0.8326987539853925,1.7498470443629155,1.055639193655468,0.8998405009298297,93.52,-0.20969968828533536
2019-07-19,hormuz_crisis,2019-06-13,4466,-4.162308907495041,4.162308907495041,4.412185801552987,6.431767325533473,0.7864762628350382,4.079091571384223,1.034036521910978,0.8163005180892253,2.592311078817639,1.461476400735749,1.018262687019594,93.52,-0.20969968828533536
2019-07-20,hormuz_crisis,2019-06-13,3775,-4.141292330734682,4.141292330734682,4.402609268257859,5.861756676336169,0.7745837508188247,4.109811013152957,1.0050732708997376,0.8038833274202064,2.240431814586992,1.1707932346357652,1.115972021489911,93.52,-0.20969968828533536
2019-07-21,hormuz_crisis,2019-06-13,2624,-3.8383253326912055,3.8383253326912055,4.095885436437696,4.425406490506558,0.7522082239143881,4.105090343575375,0.5875500313869066,0.4061769565374733,1.3537433864339086,0.6238785882709298,1.1009569868368647,93.52,-0.20969968828533536
2019-07-22,hormuz_crisis,2019-06-13,3473,-3.569295241424704,3.569295241424704,3.909422066338776,4.829094504496357,0.7421321400601889,4.082223473956886,0.2167957381555917,0.1644035352009619,1.6029482768013033,0.3775935349000016,1.0282243301478973,93.52,-0.20969968828533536
2019-07-23,hormuz_crisis,2019-06-13,2782,-2.7971000756403765,2.7971000756403765,2.9691595817100827,3.337863448332821,0.6754985984087557,3.9621413527845526,-0.8473776841527779,-1.054766094428962,0.6823807618265374,-1.2510992786356798,0.6462791037383934,93.52,-0.20969968828533536
2019-07-24,hormuz_crisis,2019-06-13,1871,-2.928213156967938,2.928213156967938,3.188961446799928,2.7359345432807025,0.7069964752627947,3.881461720850264,-0.6666888341726985,-0.7697650837171759,0.310797703637771,-0.4812112552410557,0.3896613825911012,93.52,-0.20969968828533536
2019-07-25,hormuz_crisis,2019-06-13,1131,-3.042172825566623,3.042172825566623,3.502058598845251,2.0069845435832723,0.710461474470165,3.844584688824707,-0.5096393524984486,-0.363794894394967,-0.1391980813807574,-0.3965178835833978,0.2723665995809126,93.52,-0.20969968828533536
2019-07-26,hormuz_crisis,2019-06-13,1371,-3.7392025071500297,3.7392025071500297,4.442835119271162,2.8316827128522686,0.7471248379759694,3.911758391925887,0.4509474195615821,0.8560412478766465,0.3699050124358067,0.4996277389067966,0.4860260102347623,93.52,-0.20969968828533536
2019-07-27,hormuz_crisis,2019-06-13,809,-3.515676161238027,3.515676161238027,3.7118705184437726,1.7992715822484169,0.7462727071095523,3.8961153939714266,0.1429025015858882,-0.0917471157261347,-0.2674235524462607,0.4787994985952503,0.4362703235670934,93.52,-0.20969968828533536
2019-07-28,hormuz_crisis,2019-06-13,1269,-3.2537234994412367,3.2537234994412367,3.4423270765082283,2.33286669782618,0.7199086735454946,3.850974487661826,-0.2180982828517279,-0.4412443929715449,0.0619756560263837,-0.1656043697479943,0.2926906339977608,93.52,-0.20969968828533536
2019-07-29,hormuz_crisis,2019-06-13,1143,-2.75098466651856,2.75098466651856,3.303344470408215,1.828943681437989,0.7067767857804101,3.796770865977652,-0.910930002168741,-0.6214529785250432,-0.2491063570645452,-0.4865810235634554,0.120285163855659,93.52,-0.20969968828533536
2019-07-30,hormuz_crisis,2019-06-13,766,-2.831810826841528,2.831810826841528,3.095315045429399,1.3883349542130494,0.6968977272954253,3.723344443060263,-0.7995422915819054,-0.8911895267227566,-0.5211031609274982,-0.7280502770388545,-0.1132622739462941,93.52,-0.20969968828533536
2019-07-31,hormuz_crisis,2019-06-13,961,-2.8058251802833767,2.8058251802833767,3.0598696142371424,1.639584834553722,0.6911987072515409,3.651874632455145,-0.8353534901674281,-0.9371490262510204,-0.3660014568508928,-0.8673487858623122,-0.3405863145821228,93.52,-0.20969968828533536
2019-08-01,hormuz_crisis,2019-06-13,1082,-3.973640264304439,3.973640264304439,4.376108481342242,2.5374585309548165,0.7574132361332697,3.7285054113450986,0.7740295125398566,0.7695216942624477,0.1882743906382429,0.7511022925069107,-0.0968467811085636,103.4,-0.007125203981839987
2019-08-02,hormuz_crisis,2019-06-13,520,-3.593754192113109,3.593754192113109,3.999243762682221,1.2842408459363237,0.7364552748852448,3.753905038521191,0.2505029748924535,0.2808687627879315,-0.5853625888570296,0.2388365472824352,-0.016058181958428,103.4,-0.007125203981839987
2019-08-03,hormuz_crisis,2019-06-13,292,-2.46116602466531,2.46116602466531,3.2884719563973333,0.5318131897221302,0.6910461643387794,3.7057084023468,-1.310333300215126,-0.6407370802463547,-1.049851612752081,-0.8710773216659474,-0.1693572321091645,103.4,-0.007125203981839987
2019-08-04,hormuz_crisis,2019-06-13,1023,-4.471091356725341,4.471091356725341,4.95430601949643,2.7385470542480217,0.7846984114341762,3.8380119103830905,1.4595741195368424,1.5192281751317198,0.312410460238493,1.4180212019221332,0.2514605619000839,103.4,-0.007125203981839987
2019-08-05,hormuz_crisis,2019-06-13,1181,-3.978265804152601,3.978265804152601,4.45153379365168,2.7085980841669475,0.7598985311535752,3.905613555820461,0.7804040364793365,0.8673201830635107,0.2939223467770439,0.811849208230855,0.4664811288267461,103.4,-0.007125203981839987
2019-08-06,hormuz_crisis,2019-06-13,1773,-3.636785374879056,3.636785374879056,3.963926964886496,3.280443954571425,0.7195736594367169,3.92037938156936,0.3098048755764626,0.2350760527817117,0.6469345306978576,-0.1737929645288861,0.5134467936878205,103.4,-0.007125203981839987
2019-08-07,hormuz_crisis,2019-06-13,695,-3.931942226064925,3.931942226064925,4.3500722451986125,1.7838538794602448,0.7331973117842518,3.965837361258585,0.7165648377748726,0.735762410131569,-0.2769412165826564,0.1592036633347538,0.6580349986180297,103.4,-0.007125203981839987
2019-08-08,hormuz_crisis,2019-06-13,715,-3.766463079866585,3.766463079866585,4.053540811988008,1.748103454516972,0.7395881182513844,3.9709051706387455,0.4885156124838952,0.3512717774506672,-0.2990106871139296,0.3154111874697436,0.6741541809093533,103.4,-0.007125203981839987
2019-08-09,hormuz_crisis,2019-06-13,743,-3.3598119198733536,3.3598119198733536,3.697469123294917,1.6078702806961904,0.7229757516083963,3.940808144514955,-0.0718962830970871,-0.1104203520583464,-0.385579501388318,-0.0906372004245916,0.5784245640032161,103.4,-0.007125203981839987
2019-08-10,hormuz_crisis,2019-06-13,378,-3.8919976105644594,3.8919976105644594,4.347837851371354,1.057604436821209,0.7368937256156994,3.976017778650904,0.6615165804644995,0.7328652349923293,-0.7252698923426844,0.2495533955255699,0.690415854218274,103.4,-0.007125203981839987
2019-08-11,hormuz_crisis,2019-06-13,347,-4.2542722605613,4.2542722605613,4.730743877859568,1.0722092472879925,0.7479954062191533,4.050748078394181,1.1607725602803336,1.2293514887016328,-0.71625404330808,0.5209066354838852,0.9281105332965494,103.4,-0.007125203981839987
2019-08-12,hormuz_crisis,2019-06-13,695,-1.760532336156605,1.760532336156605,2.2907411342531145,0.7987229356905385,0.6274343562696033,3.866111351770512,-2.275886806792101,-1.93442170213604,-0.8850827524516434,-2.425911300028402,0.3408364606427184,103.4,-0.007125203981839987
2019-08-13,hormuz_crisis,2019-06-13,598,-3.2670255662852727,3.2670255662852727,3.6025380142300825,1.3115101815805734,0.7092373304524521,3.837358502248045,-0.1997665104910263,-0.2335105816176347,-0.5685286686906788,-0.4264390691450382,0.2493822665165469,103.4,-0.007125203981839987
2019-08-14,hormuz_crisis,2019-06-13,396,-3.4221352942866843,3.4221352942866843,4.014565334956407,0.968482305737978,0.7205601529739322,3.8561715115710906,0.013992468319629,0.3007351255326319,-0.7802868116869045,-0.1496805596522753,0.3092208089671969,103.4,-0.007125203981839987
2019-08-15,hormuz_crisis,2019-06-13,1485,-2.443558232443386,2.443558232443386,2.586428378003557,1.9560865618529544,0.6490375668126904,3.719044620238319,-1.3345988555285524,-1.551025668216982,-0.1706184493814433,-1.897874024974338,-0.1269387212409853,103.4,-0.007125203981839987
2019-08-16,hormuz_crisis,2019-06-13,1086,-2.8775385552913284,2.8775385552913284,3.1087182933186885,1.842534016214168,0.6849254561751835,3.650813595026019,-0.736524241955312,-0.8738105149763974,-0.2407167646798694,-1.020682957997652,-0.3439611565414424,103.4,-0.007125203981839987
2019-08-17,hormuz_crisis,2019-06-13,1473,-4.407851939989015,4.407851939989015,4.627066860132529,3.5088520215424626,0.7504110356347593,3.749678487417888,1.3724229568321045,1.094921078715294,0.7879355149133175,0.5799507470807704,-0.0295015738832398,103.4,-0.007125203981839987
2019-08-18,hormuz_crisis,2019-06-13,1108,-3.9533819187607713,3.9533819187607713,4.470681323413349,2.56910454875763,0.772761216246167,3.82384857934976,0.7461111910289817,0.892147385200668,0.2078101264634685,1.1262458657380463,0.2064112520992131,103.4,-0.007125203981839987
2019-08-19,hormuz_crisis,2019-06-13,1486,-4.146218138807954,4.146218138807954,4.509663967827212,3.3206163574764243,0.7605973115924942,3.8957449509699154,1.0118615988603812,0.942693330539338,0.6717337789162806,0.828929175029862,0.4350920554393929,103.4,-0.007125203981839987
2019-08-20,hormuz_crisis,2019-06-13,780,-3.358516611355692,3.358516611355692,3.681199065527165,1.6702640077074131,0.7232394774598103,3.8782225967637536,-0.0736813666604955,-0.1315165466072561,-0.3470625740568124,-0.0841910715186954,0.3793586999726349,103.4,-0.007125203981839987
2019-08-21,hormuz_crisis,2019-06-13,1328,-3.4010316047007803,3.4010316047007803,3.6697102863897166,2.518461327736369,0.723467674585445,3.8600262986872425,-0.0150908341472469,-0.1464132066728058,0.1765470274734305,-0.0786133548105703,0.3214817311050236,103.4,-0.007125203981839987
2019-08-22,hormuz_crisis,2019-06-13,658,-2.936917427058571,2.936917427058571,3.446782691941498,1.2748428214168137,0.7121040605096585,3.8183966771049,-0.6546933525878886,-0.4354671221494531,-0.5911641821391965,-0.3563689133826009,0.1890703855576627,103.4,-0.007125203981839987
2019-08-23,hormuz_crisis,2019-06-13,825,-3.7652509552082254,3.7652509552082254,4.164951415770597,1.956712532101056,0.7481539738590514,3.851517539667263,0.4868451658104289,0.4957297631418681,-0.1702320251091206,0.5247824309040399,0.2944179196181657,103.4,-0.007125203981839987
2019-08-24,hormuz_crisis,2019-06-13,831,-3.1116451065032744,3.1116451065032744,3.550354732029558,1.6262071319680744,0.7181016622000811,3.8205092888148666,-0.4138985887177885,-0.3011728289936011,-0.3742597870234309,-0.2097723115879747,0.1957899700386923,103.4,-0.007125203981839987
2019-08-25,hormuz_crisis,2019-06-13,1135,-3.414756531449314,3.414756531449314,3.8843339957086753,2.2586139866628607,0.7294902947095756,3.829332740411719,0.0038236876162811,0.1318736679795687,0.0161379345591211,0.068594760978002,0.2238547242666476,103.4,-0.007125203981839987
2019-08-26,hormuz_crisis,2019-06-13,1399,-2.95474415182216,2.95474415182216,3.391855366460234,2.269490265474181,0.7054075648363226,3.786073803978684,-0.6301260831451317,-0.5066873698550711,0.0228520845334842,-0.5200482572795241,0.0862610166535229,103.4,-0.007125203981839987
2019-08-27,hormuz_crisis,2019-06-13,985,-3.1860383309420106,3.1860383309420106,3.51755216874812,1.896780782547824,0.713802931950771,3.761553442768387,-0.311376200912999,-0.3437055148983629,-0.2072291232625398,-0.3148441851648632,0.0082690989335726,103.4,-0.007125203981839987
2019-08-28,hormuz_crisis,2019-06-13,621,-3.0191938365754094,3.0191938365754094,3.369349326352906,1.2501741429486193,0.701650908145941,3.724042131223938,-0.5413070324315757,-0.5358693068467636,-0.6063926632932846,-0.6118704777844981,-0.1110431370669911,103.4,-0.007125203981839987
2019-08-29,hormuz_crisis,2019-06-13,862,-2.96278191243356,2.96278191243356,3.260074754410662,1.593057672521025,0.7232790081210122,3.671482103102583,-0.6190491279963114,-0.6775576561967905,-0.3947236282100783,-0.0832248418659086,-0.2782208288408641,103.4,-0.007125203981839987
2019-08-30,hormuz_crisis,2019-06-13,722,-3.1788103805985544,3.1788103805985544,3.673104664862521,1.4868949079002909,0.7301584526848293,3.6698432578107583,-0.3213371447185176,-0.1420119642397986,-0.4602600801273209,0.0849262370729512,-0.28343350438261,103.4,-0.007125203981839987
2019-08-31,hormuz_crisis,2019-06-13,840,-3.229140157357295,3.229140157357295,3.5573052625850834,1.7018161632509523,0.7316853305360511,3.660074088820408,-0.2519769451853282,-0.2921605841134304,-0.3275847813292795,0.1222470055898135,-0.314506302109901,103.4,-0.007125203981839987
2019-09-01,hormuz_crisis,2019-06-13,411,-3.586943269246793,3.586943269246793,4.097035489348524,1.0484580331813922,0.7508827555438113,3.6990359568387134,0.2411167427365393,0.4076681460768532,-0.7309161548952656,0.591480778455866,-0.1905802808478998,90.37,-0.27428568277480986
2019-09-02,hormuz_crisis,2019-06-13,1093,-3.094481387278121,3.094481387278121,3.389757813641202,1.990863594802034,0.7249642176426715,3.662244490203505,-0.4375521605564819,-0.5094071132621668,-0.1491498736917086,-0.0420340456211865,-0.3076029060041911,90.37,-0.27428568277480986
2019-09-03,hormuz_crisis,2019-06-13,995,-3.317164577183692,3.317164577183692,3.776799106296495,1.989919653232824,0.7377461084662602,3.672666539189082,-0.1306692081727289,-0.0075589622063685,-0.1497325881818998,0.2703877949688948,-0.2744534927477863,90.37,-0.27428568277480986
2019-09-04,hormuz_crisis,2019-06-13,1064,-2.5488311023147334,2.5488311023147334,2.8096449263561314,1.607523390302961,0.6793497555254719,3.5778573760664405,-1.1895207778984929,-1.2615970873353946,-0.3857936439425143,-1.1569672279546002,-0.5760130165223902,90.37,-0.27428568277480986
2019-09-05,hormuz_crisis,2019-06-13,971,-2.9420827951596475,2.9420827951596475,3.109947712218955,1.7327239501810034,0.7038574483010743,3.525855421706379,-0.6475748834583623,-0.8722164173602517,-0.308504770562359,-0.5579370381927236,-0.7414156429740493,90.37,-0.27428568277480986
2019-09-06,hormuz_crisis,2019-06-13,535,-2.687642916842304,2.687642916842304,2.966630763905961,0.9836336453031124,0.6932233695643386,3.4658969048958626,-0.9982221913907686,-1.0580450276162938,-0.7709335790309954,-0.8178609021784455,-0.9321257091753704,90.37,-0.27428568277480986
2019-09-07,hormuz_crisis,2019-06-13,1098,-3.5221004585670808,3.5221004585670808,3.8701175673507664,2.273612840715277,0.7560970703726588,3.503680763362806,0.1517559194490287,0.113440264563908,0.0253970347806684,0.7189318620810117,-0.8119465831248698,90.37,-0.27428568277480986
2019-09-08,hormuz_crisis,2019-06-13,643,-3.096135484108432,3.096135484108432,3.4403345874884828,1.3190011281341747,0.7219737332884114,3.4902198671951243,-0.4352726255856131,-0.4438279078303815,-0.5639043537495734,-0.1151290703799301,-0.8547616582105398,90.37,-0.27428568277480986
2019-09-09,hormuz_crisis,2019-06-13,899,-3.05358455458936,3.05358455458936,3.420715661868789,1.695913130923292,0.7116817916316478,3.4895097251016347,-0.4939126822644449,-0.4692663345170997,-0.3312288442518091,-0.3666902360971193,-0.8570204073068484,90.37,-0.27428568277480986
2019-09-10,hormuz_crisis,2019-06-13,1243,-3.167864623310752,3.167864623310752,3.4848878314421854,2.2379149849630773,0.7095791637643384,3.4883978132144566,-0.3364216525072792,-0.3860589732851547,0.0033600162891985,-0.4180837957392105,-0.8605570656648912,90.37,-0.27428568277480986
2019-09-11,hormuz_crisis,2019-06-13,1721,-3.3651713564984336,3.3651713564984336,3.6328305613780194,2.97627587200031,0.7372331646145169,3.5007329597333903,-0.0645103653036712,-0.1942324501483338,0.4591653350726671,0.257850145845398,-0.8213226627082086,90.37,-0.27428568277480986
2019-09-12,hormuz_crisis,2019-06-13,1269,-2.676659421871592,2.676659421871592,2.9933839348559506,1.919121163116425,0.6869748384391121,3.4522454671872453,-1.0133587060308438,-1.023356146530706,-0.193437948153474,-0.9705908559913016,-0.9755468397777364,90.37,-0.27428568277480986
2019-09-13,hormuz_crisis,2019-06-13,696,-3.031687467272011,3.031687467272011,3.330585888617754,1.3770144589004905,0.7022587210583805,3.441304771968925,-0.524089377718657,-0.586131022909391,-0.5280915348586155,-0.5970139881258382,-1.010345911208543,90.37,-0.27428568277480986
2019-09-14,hormuz_crisis,2019-06-13,2557,-6.429800422805343,6.429800422805343,6.636435669783044,7.299916133189455,0.8601394298853141,3.771914590528471,4.158899656028167,3.700322727191085,3.12823714284975,3.261991093841248,0.041224803650082,90.37,-0.27428568277480986
2019-09-15,hormuz_crisis,2019-06-13,3439,-5.801150351233633,5.801150351233633,6.101337010385894,7.806426828165745,0.8280843505418924,4.013862120046273,3.292547822007858,3.006499411832168,3.440916583004416,2.478483627930886,0.8107873583311046,90.37,-0.27428568277480986
2019-09-16,hormuz_crisis,2019-06-13,6527,-5.016939009793699,5.016939009793699,5.304108341211249,9.306319762432349,0.81911324593935,4.147274057074009,2.211814732743405,1.9727912747774048,4.366831252980681,2.259207070906943,1.2351307326512544,90.37,-0.27428568277480986
2019-09-17,hormuz_crisis,2019-06-13,4131,-4.302369941413491,4.302369941413491,4.581623363401791,6.386493749937098,0.7862751154687962,4.19568157619864,1.2270566758841697,1.0359978184725105,2.564362772075691,1.4565598487749705,1.389100538243259,90.37,-0.27428568277480986
2019-09-18,hormuz_crisis,2019-06-13,5107,-4.156715360411449,4.156715360411449,4.3771552439282,6.867838602085653,0.7744881828213894,4.217735804062284,1.026327973079617,0.7708789547882012,2.8615068213206647,1.1684573103134317,1.4592484251429017,90.37,-0.27428568277480986
2019-09-19,hormuz_crisis,2019-06-13,3744,-4.753620435031505,4.753620435031505,5.084282442187937,6.698821350471536,0.7907250420681958,4.313433551710668,1.8489315637230097,1.687759101020998,2.757169005485095,1.565327344747436,1.7636342698931446,90.37,-0.27428568277480986
2019-09-20,hormuz_crisis,2019-06-13,3142,-4.544175287737667,4.544175287737667,5.540392457103212,5.815003210956161,0.7810613788755041,4.443725308231655,1.5602921509714724,2.2791636152342263,2.2115699415302035,1.3291228986938353,2.178053285462348,90.37,-0.27428568277480986
2019-09-21,hormuz_crisis,2019-06-13,2458,-4.416207402064278,4.416207402064278,4.882712051285852,4.896237410487272,0.7717471719769631,4.494981918888203,1.383937741002722,1.426397510148318,1.6443969697189904,1.101460051072829,2.341085197049779,90.37,-0.27428568277480986
2019-09-22,hormuz_crisis,2019-06-13,1954,-3.87896920937241,3.87896920937241,4.1766232930781815,3.7273543788009977,0.7501231266995241,4.464760222428463,0.6435619507308794,0.5108638332199625,0.922821501364742,0.5729135222515206,2.2449590411815894,90.37,-0.27428568277480986
2019-09-23,hormuz_crisis,2019-06-13,3741,-3.290152244848925,3.290152244848925,3.467229664959932,4.634503207877355,0.7308490958616999,4.365423420852212,-0.1678952974037104,-0.4089550269319337,1.4828230784801737,0.1018073085424945,1.9289984568878888,90.37,-0.27428568277480986
2022-12-16,israel_hamas_war,2023-10-07,758,-1.7989737164687287,1.7989737164687287,2.2303650790090126,0.3684615980969138,0.6240242248165382,2.2303650790090126,-1.6374025072226437,-1.7603327796661152,-0.831941406766797,-1.7388439385128138,-3.391751840755004,111.2,0.15280202046828772
2022-12-17,israel_hamas_war,2023-10-07,316,-2.035302145347764,2.035302145347764,2.663126262767685,0.1842642495331387,0.636362476389922,2.458134123092525,-1.4023719973963302,-1.3522816409585297,-0.9171343181640566,-1.4850639358097468,-2.96894924711068,111.2,0.15280202046828772
2022-12-18,israel_hamas_war,2023-10-07,663,-3.643423346615861,3.643423346615861,4.381265316749409,0.6606708261263602,0.7045199108109463,3.167776629976984,0.1969173796341475,0.2677541287609991,-0.6967920407901464,-0.0831640159771174,-1.6516556979442751,111.2,0.15280202046828772
2022-12-19,israel_hamas_war,2023-10-07,657,-2.441625299039369,2.441625299039369,3.140552614623591,0.4390786369105055,0.6555100398863581,3.15986037078728,-0.998280376175194,-0.9021156514125542,-0.7992803984640622,-1.0912262281749685,-1.6663504732190946,111.2,0.15280202046828772
2022-12-20,israel_hamas_war,2023-10-07,930,-3.0331793362617776,3.0331793362617776,3.8285361941128944,0.7461129945315667,0.6934219203986958,3.3231471826662604,-0.4099751620388085,-0.253414950983562,-0.6572742782420378,-0.3114336391136091,-1.3632448082322723,111.2,0.15280202046828772
2022-12-21,israel_hamas_war,2023-10-07,943,-2.74014402179312,2.74014402179312,3.6304001892564135,0.6823709157059608,0.6794689647981198,3.388721209969152,-0.7014011224421375,-0.4402376731566858,-0.6867555564255118,-0.5984257699653227,-1.2415212046981563,111.2,0.15280202046828772
2022-12-22,israel_hamas_war,2023-10-07,1032,-2.351297840779977,2.351297840779977,3.0789795955016945,0.6339547997634097,0.6512028814834582,3.329349967117143,-1.0881117547643795,-0.9601729391483338,-0.7091484405134446,-1.1798182514960418,-1.351730717877271,111.2,0.15280202046828772
2022-12-23,israel_hamas_war,2023-10-07,752,-3.2168547696913325,3.2168547696913325,4.014394684499711,0.6541493307070998,0.6966892298408492,3.4496318419118444,-0.2273084766709912,-0.0781687147520214,-0.6998082904037414,-0.2442298060478146,-1.12845415790297,111.2,0.15280202046828772
2022-12-24,israel_hamas_war,2023-10-07,467,-2.616797209094964,2.616797209094964,3.151458462270336,0.3429643031809137,0.6634631637826436,3.400956792504012,-0.8240705127114601,-0.8918325120788122,-0.8437341323602193,-0.9276419640762265,-1.2188085658876282,111.2,0.15280202046828772
2022-12-25,israel_hamas_war,2023-10-07,611,-2.7113966275951875,2.7113966275951875,3.2362846420591893,0.4561650572686208,0.6582403764670606,3.3756740196644173,-0.7299906355471237,-0.8118497859146327,-0.791377777134194,-1.035067150795992,-1.2657404129000842,111.2,0.15280202046828772
2022-12-26,israel_hamas_war,2023-10-07,673,-3.0052584169177425,3.0052584169177425,3.4649345729993266,0.5524587552694088,0.6806414212799947,3.388682170595675,-0.4377427393014104,-0.5962554392239586,-0.7468410856678926,-0.5743100346547125,-1.241593672615939,111.2,0.15280202046828772
2022-12-27,israel_hamas_war,2023-10-07,723,-3.2742192662766265,3.2742192662766265,3.817079591847562,0.6424975879226799,0.7046945291508208,3.4483832651963366,-0.1702590267071343,-0.2642173976343587,-0.7051973250364144,-0.0795723690973495,-1.1307718629967622,111.2,0.15280202046828772
2022-12-28,israel_hamas_war,2023-10-07,798,-2.607884770333347,2.607884770333347,3.048722553177736,0.5595047821918148,0.6650936984031928,3.3947960404536293,-0.8329340042341444,-0.9887023476017036,-0.743582235570518,-0.894104223501779,-1.230244632435575,111.2,0.15280202046828772
2022-12-29,israel_hamas_war,2023-10-07,918,-2.466209267262148,2.466209267262148,2.9184540357805475,0.5996984785873251,0.6527917670959563,3.333032270528098,-0.9738314234513936,-1.111532718847092,-0.7249922936280829,-1.1471371708229512,-1.3448953402297,111.2,0.15280202046828772
2022-12-30,israel_hamas_war,2023-10-07,650,-2.7808240704490563,2.7808240704490563,3.701320729267772,0.4951961706160384,0.6737074080413052,3.379409848417527,-0.6609444891851295,-0.3733665946139081,-0.7733255401879513,-0.7169326654214396,-1.2588056773543417,111.2,0.15280202046828772
2022-12-31,israel_hamas_war,2023-10-07,1123,-2.1295287684100224,2.1295287684100224,2.695204593577941,0.618083117492499,0.6429496711351871,3.2954271614955184,-1.3086628682721746,-1.32203493698828,-0.7164892346778243,-1.349574860204806,-1.4147008649322692,111.2,0.15280202046828772
2023-01-01,israel_hamas_war,2023-10-07,502,-2.31098777795792,2.31098777795792,2.744411889439783,0.3240622220626707,0.6542969190236815,3.229296984516912,-1.128200434154907,-1.2756373073886191,-0.852476512934567,-1.1161783710274746,-1.5374568366983947,104.27,0.010712832591443297
2023-01-02,israel_hamas_war,2023-10-07,856,-4.353945819605536,4.353945819605536,5.18403535745732,0.9947899213467188,0.7846775146507926,3.4592918114849107,0.903537653216604,1.024687147536238,-0.5422589886198259,1.5655620452607872,-1.1105225719561096,104.27,0.010712832591443297
2023-01-03,israel_hamas_war,2023-10-07,1131,-3.288099049687832,3.288099049687832,3.815832820863554,0.9602468649985372,0.7132564769961849,3.500514484254571,-0.1564554712614873,-0.2653929797771783,-0.5582354593009025,0.0965345237161599,-1.034001844417853,104.27,0.010712832591443297
2023-01-04,israel_hamas_war,2023-10-07,1177,-3.164908736582011,3.164908736582011,3.663511573379679,0.9567042671080292,0.7047675495409683,3.5190701260162487,-0.2789692214364359,-0.4090169017410655,-0.5598739423222673,-0.0780704452065283,-0.9995574207028562,104.27,0.010712832591443297
2023-01-05,israel_hamas_war,2023-10-07,1182,-2.977908012154331,2.977908012154331,3.548399427054539,0.9034750826236722,0.6826279088687167,3.522363403178052,-0.4649429352574834,-0.5175563090397595,-0.5844929134034614,-0.5334508559747292,-0.9934441838000873,104.27,0.010712832591443297
2023-01-06,israel_hamas_war,2023-10-07,992,-2.71992904034916,2.71992904034916,3.245894939304799,0.7083152721173517,0.6739591376017717,3.491696576980565,-0.7215050829239095,-0.8027882229058388,-0.6747560609156766,-0.7117549521809804,-1.0503703289104076,104.27,0.010712832591443297
2023-01-07,israel_hamas_war,2023-10-07,403,-3.185494076661951,3.185494076661951,3.8721352906522672,0.363417415730341,0.6930664855211399,3.5334401559178774,-0.2584969363335179,-0.2123053005408043,-0.8342743859588305,-0.3187444208439373,-0.972882654877666,104.27,0.010712832591443297
2023-01-08,israel_hamas_war,2023-10-07,724,-2.965179565856162,2.965179565856162,3.68861032378992,0.5825856086847088,0.6882743211169624,3.5503021978098155,-0.4776014767496996,-0.3853512541058394,-0.7329071481074438,-0.4173123166444417,-0.9415820228065376,104.27,0.010712832591443297
2023-01-09,israel_hamas_war,2023-10-07,1128,-2.2216190851928843,2.2216190851928843,2.732796206906778,0.6473022343000112,0.6553545738350772,3.462228829318602,-1.2170783128033054,-1.2865897510511766,-0.7029751333691038,-1.0944239401586842,-1.1050706512938402,104.27,0.010712832591443297
2023-01-10,israel_hamas_war,2023-10-07,839,-2.6630194473408246,2.6630194473408246,3.6525251396360328,0.5976223468130079,0.6639345681280087,3.4825729079289705,-0.7781021276476452,-0.4193760258207571,-0.7259525230324556,-0.9179458580007872,-1.0673063921673276,104.27,0.010712832591443297
2023-01-11,israel_hamas_war,2023-10-07,700,-2.817157006257607,2.817157006257607,3.7405884920087527,0.5367951876869994,0.6779919692671391,3.509967451861971,-0.6248110943706563,-0.3363409650003894,-0.7540856249385065,-0.6288054333734903,-1.016454511600409,104.27,0.010712832591443297
2023-01-12,israel_hamas_war,2023-10-07,1023,-3.251835848769002,3.251835848769002,4.014529700146577,0.8700480466924242,0.7010024890123878,3.563210119076722,-0.1925195141712343,-0.0780414083056154,-0.5999532147192419,-0.1555122987331312,-0.917621336611605,104.27,0.010712832591443297
2023-01-13,israel_hamas_war,2023-10-07,736,-3.135975131395796,3.135975131395796,3.736980994466054,0.6254007760328127,0.7011502051687648,3.5889074851560365,-0.307743922856341,-0.3397424795895628,-0.7131047525421084,-0.1524739908868633,-0.8699198894203081,104.27,0.010712832591443297
2023-01-14,israel_hamas_war,2023-10-07,765,-4.980956860733325,4.980956860733325,5.915799160067949,1.0286997545377987,0.7778773978257614,3.839559521769103,1.527105140894616,1.7146682829209934,-0.5265753892788544,1.4256934702059263,-0.4046401073996226,104.27,0.010712832591443297
2023-01-15,israel_hamas_war,2023-10-07,972,-4.013301382000722,4.013301382000722,4.68608431886967,1.0265371985355989,0.7284955645443607,3.9258953628296025,0.5647640396504733,0.555168401535157,-0.5275755906570151,0.4099805299161839,-0.2443768123073389,104.27,0.010712832591443297
2023-01-16,israel_hamas_war,2023-10-07,674,-2.955222046662994,2.955222046662994,3.568714272809627,0.5439978134705143,0.6916645085200661,3.892541774353288,-0.4875043091075176,-0.4984014119414673,-0.7507543464755586,-0.3475810615142952,-0.306290334278133,104.27,0.010712832591443297
2023-01-17,israel_hamas_war,2023-10-07,870,-2.2888134401565696,2.2888134401565696,2.8176412150269443,0.5305817125623774,0.6526722694951476,3.779469056167602,-1.1502529901814182,-1.2065892716264912,-0.756959412427243,-1.149595063764742,-0.5161846977184649,104.27,0.010712832591443297
2023-01-18,israel_hamas_war,2023-10-07,920,-2.279825064306527,2.279825064306527,2.772890543593201,0.5554480648561118,0.6497237105463943,3.674075612361469,-1.1591920017449715,-1.248784743683086,-0.7454585034062876,-1.210242659863281,-0.7118241954985136,104.27,0.010712832591443297
2023-01-19,israel_hamas_war,2023-10-07,1027,-2.9702112700035324,2.9702112700035324,3.8547128664454826,0.7974228148940533,0.685246172640245,3.696423320715408,-0.4725974067922213,-0.2287329292270903,-0.6335430301321489,-0.4795969543044814,-0.67034064319196,104.27,0.010712832591443297
2023-01-20,israel_hamas_war,2023-10-07,573,-2.1060188377086977,2.1060188377086977,2.6646982350453685,0.3339359756177719,0.6422239115876652,3.585797120541132,-1.332043682103683,-1.350799426051097,-0.8479098141284391,-1.3645026851755009,-0.8756935898441425,104.27,0.010712832591443297
2023-01-21,israel_hamas_war,2023-10-07,331,-3.673711259031857,3.673711259031857,4.504019871577008,0.3476594338977042,0.7271003802166944,3.685088908977843,0.2270389504094934,0.3834995739598847,-0.8415625926596053,0.3812836047205407,-0.6913804587619719,104.27,0.010712832591443297
2023-01-22,israel_hamas_war,2023-10-07,482,-2.706314056905028,2.706314056905028,3.353561802657639,0.3653534198654621,0.6652085783770152,3.65258386085396,-0.7350452926876232,-0.7012689835632001,-0.8333789668334515,-0.8917413084733584,-0.7517188542125509,104.27,0.010712832591443297
2023-01-23,israel_hamas_war,2023-10-07,663,-2.104607359957823,2.104607359957823,2.6285281420373106,0.38163357669277,0.646989475735251,3.545559238816795,-1.3334474079989131,-1.3849042584459723,-0.8258492495550179,-1.2664819182084133,-0.9503862717415352,104.27,0.010712832591443297
2023-01-24,israel_hamas_war,2023-10-07,940,-2.1654057115474923,2.1654057115474923,2.718050969811757,0.5377262062849614,0.645860514198577,3.456739032079417,-1.272982961810624,-1.3004930561833017,-0.753655020559324,-1.2897030253583788,-1.1152612393987704,104.27,0.010712832591443297
2023-01-25,israel_hamas_war,2023-10-07,926,-3.564549553926521,3.564549553926521,4.443992957067871,0.8734766511765799,0.7265266671856339,3.563169798111367,0.1184767629227362,0.3269001104733096,-0.598367454661823,0.3694831568444883,-0.917696183519792,104.27,0.010712832591443297
2023-01-26,israel_hamas_war,2023-10-07,1967,-5.226716773560876,5.226716773560876,6.444855284458916,2.4232928244558063,0.7919824579884979,3.870812879261765,1.7715153368270502,2.213516058784231,0.1184363047935036,1.7158141720684237,-0.3466251973350844,104.27,0.010712832591443297
2023-01-27,israel_hamas_war,2023-10-07,2772,-6.538125485685746,6.538125485685746,7.499693406543171,3.9555185111254,0.8282907631111684,4.254677425302416,3.075721773874621,3.2081244317677884,0.8271043077960153,2.4626235329710897,0.365933993169227,104.27,0.010712832591443297
2023-01-28,israel_hamas_war,2023-10-07,1646,-6.567210333469887,6.567210333469887,7.22023200488626,2.634631282480927,0.8333907101635668,4.576222323554563,3.1046468872659783,2.9446198767139053,0.216182220626455,2.5675220730150574,0.9628106122073316,104.27,0.010712832591443297
2023-01-29,israel_hamas_war,2023-10-07,1799,-6.49871184827165,6.49871184827165,7.094850262803121,2.803774270527257,0.8337095964720113,4.852110390721118,3.0365245967111165,2.8263972528967565,0.2944123564370669,2.5740811035014826,1.4749354745778749,104.27,0.010712832591443297
2023-01-30,israel_hamas_war,2023-10-07,1998,-5.097775949967893,5.097775949967893,5.6185257009941765,2.3932316051493854,0.7865741690691568,4.931151392405971,1.6432826580493525,1.4343687134701446,0.1045327235919598,1.6045734854601084,1.6216575221285852,104.27,0.010712832591443297
2023-01-31,israel_hamas_war,2023-10-07,1436,-3.7723602469112616,3.7723602469112616,4.373022722096591,1.3508934858273327,0.7306508631627151,4.878415603700427,0.3251461566610689,0.2599821744817935,-0.3775579239541667,0.4543119074974147,1.5237652544049356,104.27,0.010712832591443297
2023-02-01,israel_hamas_war,2023-10-07,1271,-3.22164011393568,3.22164011393568,3.931653362424938,1.0402844189556175,0.7095080043925943,4.785220191205282,-0.2225494136044863,-0.156185625597727,-0.5212173789871236,0.0194338598324935,1.350768689936532,120.99,0.35353119064351207
2023-02-02,israel_hamas_war,2023-10-07,1943,-3.74147182702836,3.74147182702836,4.612002899562693,1.717704876518438,0.7395111911973926,4.773772206674273,0.2944273764142645,0.4853169253867249,-0.2079043944635765,0.6365560495637959,1.329518051724538,120.99,0.35353119064351207
2023-02-03,israel_hamas_war,2023-10-07,1082,-2.873977516602653,2.873977516602653,3.5808585034967835,0.8075995281586298,0.699125735477889,4.656330670893889,-0.5683026430669701,-0.4869505994689114,-0.6288362097667937,-0.1941144065135829,1.1115139496775848,120.99,0.35353119064351207
2023-02-04,israel_hamas_war,2023-10-07,958,-4.828999942846017,4.828999942846017,5.622274824397499,1.2194564801213317,0.8055373788730074,4.762590222697343,1.3759827725359206,1.4379037672857242,-0.438348707690967,1.9946193040801088,1.308761184405017,120.99,0.35353119064351207
2023-02-05,israel_hamas_war,2023-10-07,946,-3.952113748341073,3.952113748341073,4.548472249836569,0.986955212815576,0.7435392023286204,4.745927008416116,0.5039124493348033,0.4254137849561956,-0.5458826109733579,0.719406416951029,1.27782963159062,120.99,0.35353119064351207
2023-02-06,israel_hamas_war,2023-10-07,2208,-4.715183828291238,4.715183828291238,5.552354507063553,2.3957345471484173,0.7685727788895516,4.842140754297476,1.2627917376818285,1.371975800135088,0.1056903565200048,1.2343109064173745,1.4564290609668071,120.99,0.35353119064351207
2023-02-07,israel_hamas_war,2023-10-07,2245,-3.866485547771093,3.866485547771093,4.250652980150263,1.990244391075507,0.7336942219606186,4.786295134764452,0.418754520045757,0.144599569898667,-0.0818524458500297,0.5169093994811623,1.352764083677008,120.99,0.35353119064351207
2023-02-08,israel_hamas_war,2023-10-07,1358,-3.4832004072339044,3.4832004072339044,4.06458772185592,1.1899251366114685,0.7040924213764714,4.715913677531694,0.0375743868870217,-0.0308416280884107,-0.4520072166255119,-0.0919568558046506,1.2221165552465585,120.99,0.35353119064351207
2023-02-09,israel_hamas_war,2023-10-07,1449,-3.7931895477718864,3.7931895477718864,4.26586051015157,1.368674603960237,0.7133072946046642,4.672296333881956,0.3458610627086358,0.1589387716728805,-0.3693339987269463,0.0975797684771822,1.1411506535930245,120.99,0.35353119064351207
2023-02-10,israel_hamas_war,2023-10-07,1006,-5.105994134255615,5.105994134255615,6.165131624283905,1.346181355007621,0.7761187615892912,4.8349893121194,1.6514557079534686,1.9497642197987888,-0.3797373263535287,1.3895208645339931,1.4431539984430375,120.99,0.35353119064351207
2023-02-11,israel_hamas_war,2023-10-07,615,-4.955806791416316,4.955806791416316,5.573527183233376,0.8387857249918051,0.7690342076130943,4.906952904022706,1.5020931961117507,1.3919395467575233,-0.6144123164570248,1.2438018283694403,1.576738408155551,120.99,0.35353119064351207
2023-02-12,israel_hamas_war,2023-10-07,1142,-4.138579602145851,4.138579602145851,4.6793218344692,1.2188002381059158,0.745535067372307,4.884152451282501,0.6893542300499275,0.5487920453283976,-0.4386522254577014,0.760458476326638,1.5344144365482033,120.99,0.35353119064351207
2023-02-13,israel_hamas_war,2023-10-07,1430,-3.8061103398122778,3.8061103398122778,4.583956750021421,1.3581897062639396,0.7314060064954665,4.859739552445185,0.3587108935775547,0.4588721708981585,-0.3741833571320199,0.469844114462643,1.489097317234091,120.99,0.35353119064351207
2023-02-14,israel_hamas_war,2023-10-07,1380,-3.454918346959217,3.454918346959217,4.0663748867407525,1.19642245361537,0.7101669127908351,4.787299211068176,0.0094476520848345,-0.0291565077641243,-0.4490021497439892,0.0329866532807438,1.3546279281126714,120.99,0.35353119064351207
2023-02-15,israel_hamas_war,2023-10-07,1750,-3.567581667790349,3.567581667790349,4.204767605490259,1.5049662206535968,0.7196727351615002,4.736953584121532,0.1214922243746107,0.1013341845482105,-0.3062979142464657,0.2285076809218303,1.2611724643232811,120.99,0.35353119064351207
2023-02-16,israel_hamas_war,2023-10-07,2060,-3.45697567841159,3.45697567841159,4.304986897661713,1.6628916084232348,0.7122810214723168,4.69624355146604,0.0114936846439571,0.1958310983791764,-0.2332560182987702,0.0764708133912712,1.1856033391888916,120.99,0.35353119064351207
2023-02-17,israel_hamas_war,2023-10-07,1531,-3.2403299497495177,3.2403299497495177,3.8118373570989457,1.2242621211837852,0.7055062214412604,4.614138001851793,-0.2039622226316017,-0.2691603082715066,-0.4361260559729435,-0.0628770318012452,1.033192639705216,120.99,0.35353119064351207
2023-02-18,israel_hamas_war,2023-10-07,866,-2.790487347557882,2.790487347557882,3.110825225629225,0.644221494056408,0.6734409588133896,4.45611281405885,-0.6513342829299908,-0.9301456489844226,-0.7044000031224291,-0.7224131409473665,0.7398540100910425,120.99,0.35353119064351207
2023-02-19,israel_hamas_war,2023-10-07,1253,-3.0881548898642968,3.0881548898642968,3.5492923595973624,0.9850887816293568,0.6901851043008084,4.366511689593221,-0.3553015349492913,-0.5167143616688712,-0.5467458519913011,-0.3780102681591059,0.5735294422817943,120.99,0.35353119064351207
2023-02-20,israel_hamas_war,2023-10-07,2005,-4.307242740487819,4.307242740487819,4.690050143673174,2.02775341161873,0.7643160123721908,4.410250279510258,0.8570910680657586,0.5589077834106971,-0.064504190358554,1.1467553713517318,0.654720410675587,120.99,0.35353119064351207
2023-02-21,israel_hamas_war,2023-10-07,2388,-3.641012685393472,3.641012685393472,4.126253286704281,1.966321016949496,0.7250927821951444,4.389627370184917,0.1945199577970704,0.0273029211451264,-0.0929172190844562,0.3399902149476565,0.6164385643152502,120.99,0.35353119064351207
2023-02-22,israel_hamas_war,2023-10-07,1858,-5.336618318035354,5.336618318035354,6.391830337535605,2.363387355791349,0.7908854570125716,4.60060458870117,1.8808133004747376,2.163518760542179,0.0907294929206095,1.6932504474612524,1.008070866885001,120.99,0.35353119064351207
2023-02-23,israel_hamas_war,2023-10-07,2218,-4.671299256885057,4.671299256885057,5.559963779445716,2.3818573889339096,0.7728051572290544,4.691653699051391,1.2191481809585558,1.3791505939400914,0.0992720474648938,1.3213648119120942,1.177083298578602,120.99,0.35353119064351207
2023-02-24,israel_hamas_war,2023-10-07,1499,-3.284552330625921,3.284552330625921,3.666923979354861,1.2192979009044334,0.7028422910727996,4.568014277897113,-0.1599827116924657,-0.4057993392697468,-0.4384220519886998,-0.1176702293696225,0.9475742002239346,120.99,0.35353119064351207
2023-02-25,israel_hamas_war,2023-10-07,906,-3.1874711746452955,3.1874711746452955,3.576594208043438,0.7660781746655657,0.7054698612359062,4.448750300169921,-0.2565306966000835,-0.4909714097467886,-0.6480402049209594,-0.0636249086749013,0.7261871398606878,120.99,0.35353119064351207
2023-02-26,israel_hamas_war,2023-10-07,1538,-4.605538188033958,4.605538188033958,5.016011862563146,1.7466862240391383,0.7610394740497535,4.493996082179167,1.1537482728217825,0.8662575540461033,-0.1945002635639975,1.079361713556764,0.8101758753007879,120.99,0.35353119064351207
2023-02-27,israel_hamas_war,2023-10-07,1645,-4.769355832910158,4.769355832910158,5.2851185167234185,1.9124109571329977,0.7592014812674801,4.57126708619623,1.316666228890057,1.1199986028854607,-0.1178511010603833,1.041556858429659,0.9536123156800028,120.99,0.35353119064351207
2023-02-28,israel_hamas_war,2023-10-07,1402,-4.3808933064143,4.3808933064143,5.212962530389792,1.5374778303123071,0.751635134614139,4.640075193828981,0.9303371440490988,1.0519626202396044,-0.2912610057207285,0.8859280432189622,1.0813392703587867,120.99,0.35353119064351207
2023-03-01,israel_hamas_war,2023-10-07,1343,-3.805780570826633,3.805780570826633,4.556915856967113,1.2879401607553744,0.7283458129516391,4.635212269009932,0.3583829356878132,0.4333752741879553,-0.406674396513821,0.4069003560860724,1.0723123315380862,105.38,0.033471706840115314
2023-03-02,israel_hamas_war,2023-10-07,1293,-3.980686814300964,3.980686814300964,4.683394694602373,1.304353465880469,0.7312678286625108,4.640424772385177,0.5323285916148813,0.5526323509692671,-0.3990830969638482,0.4670019961436553,1.0819881852314672,105.38,0.033471706840115314
2023-03-03,israel_hamas_war,2023-10-07,999,-4.041751835877168,4.041751835877168,4.70098517132181,1.0590737484608077,0.7395823810020251,4.652666705963619,0.5930582432343922,0.5692184366099294,-0.5125271470362802,0.6380203209562708,1.1047126133424674,105.38,0.033471706840115314
2023-03-04,israel_hamas_war,2023-10-07,805,-3.681355602975615,3.681355602975615,4.938291176285591,0.7960411067932588,0.7053994579000452,4.677451856864154,0.2346413115088799,0.792974607869543,-0.6341820824134421,-0.0650730035414089,1.150720735854366,105.38,0.033471706840115314
2023-03-05,israel_hamas_war,2023-10-07,898,-3.851976694233375,3.851976694233375,4.772152015169212,0.9185123089749404,0.7348853567296479,4.688157143032854,0.4043253493355734,0.6363217553917521,-0.5775380625210091,0.5414093201632848,1.1705927196704438,105.38,0.033471706840115314
2023-03-06,israel_hamas_war,2023-10-07,834,-2.455518800465798,2.455518800465798,3.0473680969386723,0.5481126607454659,0.6663108188796504,4.510244464029921,-0.984463178053856,-0.9899794663254282,-0.7488511930260568,-0.8690698143743392,0.8403373839318886,105.38,0.033471706840115314
2023-03-07,israel_hamas_war,2023-10-07,1279,-3.581240779687466,3.581240779687466,4.1605256996212905,1.1626163830819067,0.7225163552635784,4.474774860152095,0.1350763202372259,0.0596184282698156,-0.4646377579332661,0.2869968366097115,0.7744959497922125,105.38,0.033471706840115314
2023-03-08,israel_hamas_war,2023-10-07,1089,-3.690827114246935,3.690827114246935,4.389232510821867,1.0429824626166566,0.7156343350561899,4.468013474374036,0.2440608051071868,0.2752664074393565,-0.5199695098057643,0.1454436273526389,0.7619449402593054,105.38,0.033471706840115314
2023-03-09,israel_hamas_war,2023-10-07,2191,-3.0078849457034904,3.0078849457034904,3.727431145833499,1.5190347013310532,0.6742451739366196,4.390981768161918,-0.4351306354486667,-0.3487470455147083,-0.2997911168512055,-0.7058715981742043,0.6189527030552477,105.38,0.033471706840115314
2023-03-10,israel_hamas_war,2023-10-07,1283,-2.794456405265461,2.794456405265461,3.393502315538178,0.9096158359503268,0.6684112423009438,4.275927514488183,-0.6473870233431234,-0.6636090168815365,-0.5816527603928496,-0.825867140286924,0.4053800595083431,105.38,0.033471706840115314
2023-03-11,israel_hamas_war,2023-10-07,806,-2.349988143086754,2.349988143086754,2.735983916293931,0.5087193062116578,0.6460884910107888,4.106262836766828,-1.089414259579465,-1.2835840553138669,-0.7670709697416679,-1.285013871820276,0.0904353044866041,105.38,0.033471706840115314
2023-03-12,israel_hamas_war,2023-10-07,919,-4.458558097616838,4.458558097616838,5.288607474754394,1.0852184280242352,0.7606026666896897,4.2278620773383615,1.0075753991268657,1.1232883463996028,-0.500435000287568,1.0703772174668285,0.3161572611541403,105.38,0.033471706840115314
2023-03-13,israel_hamas_war,2023-10-07,769,-2.5475630064728643,2.5475630064728643,3.112738504044847,0.5286237050873027,0.6575116992310741,4.108224924913836,-0.892924480119754,-0.9283416160317016,-0.7578650082929805,-1.0500549884015429,0.0940774849279895,105.38,0.033471706840115314
2023-03-14,israel_hamas_war,2023-10-07,826,-2.7295276848921386,2.7295276848921386,3.3463738258578584,0.604032936521676,0.6709856774425538,4.028063612902276,-0.7119591542716581,-0.7080465371614216,-0.7229875682960651,-0.772914730189692,-0.054724169681373,105.38,0.033471706840115314
2023-03-15,israel_hamas_war,2023-10-07,922,-2.4850444886771665,2.4850444886771665,2.958689065291692,0.6066148031460052,0.6637887413259653,3.914244695897737,-0.9550996453370936,-1.0735950520134814,-0.7217934320271064,-0.9209453045590476,-0.2660036853369885,105.38,0.033471706840115314
2023-03-16,israel_hamas_war,2023-10-07,1298,-3.050655356422714,3.050655356422714,3.47233266622198,1.002903877898766,0.6926238607246936,3.865455164276967,-0.392595120426201,-0.5892797665502933,-0.5385062115738499,-0.3278485731924681,-0.3565706040987407,105.38,0.033471706840115314
2023-03-17,israel_hamas_war,2023-10-07,880,-2.6670548790437314,2.6670548790437314,3.444351584976379,0.6245992013222806,0.6847579626678657,3.821315368085757,-0.774088858592364,-0.6156631680498691,-0.7134754879724775,-0.4896387278388579,-0.4385063227459722,105.38,0.033471706840115314
2023-03-18,israel_hamas_war,2023-10-07,647,-3.220412061909925,3.220412061909925,3.629433893245585,0.5710505015324601,0.6960929216991882,3.804991234265578,-0.2237707211512566,-0.4411487950464137,-0.738242237723238,-0.2564950026927787,-0.4688084480674363,105.38,0.033471706840115314
2023-03-19,israel_hamas_war,2023-10-07,1116,-4.322728553558003,4.322728553558003,4.915453833275198,1.247853107168616,0.7494959026168294,3.923582113784267,0.8724918328329259,0.7714412445038411,-0.4252150152090541,0.8419271328119441,-0.2486708448877913,105.38,0.033471706840115314
2023-03-20,israel_hamas_war,2023-10-07,1195,-2.906049649669056,2.906049649669056,3.382358292248209,0.8900258414050184,0.6785871889285443,3.862238010197072,-0.5364066506061052,-0.6741167323696969,-0.5907133070434081,-0.6165626251942354,-0.3625425354233251,105.38,0.033471706840115314
2023-03-21,israel_hamas_war,2023-10-07,923,-2.427253954762352,2.427253954762352,2.968129582967612,0.5930779164677903,0.6531012571628771,3.766431435356573,-1.01257279282747,-1.0646935744036123,-0.7280543624713501,-1.1407714074445183,-0.5403861422827813,105.38,0.033471706840115314
2023-03-22,israel_hamas_war,2023-10-07,387,-1.6402391248178465,1.6402391248178465,2.1722085653915126,0.1800905456575144,0.6133514306309272,3.5837063091167622,-1.7952653262653508,-1.81516863947862,-0.9190646933146596,-1.958367889792629,-0.8795747164327075,105.38,0.033471706840115314
2023-03-23,israel_hamas_war,2023-10-07,1073,-2.751145265657348,2.751145265657348,3.359681462964794,0.7674714780981291,0.6726340500919725,3.549152776877033,-0.6904602975638212,-0.6954987471128096,-0.6473957896956296,-0.7390100871422475,-0.9437156672336152,105.38,0.033471706840115314
2023-03-24,israel_hamas_war,2023-10-07,2874,-3.724701558740461,3.724701558740461,4.11949946902032,2.315116321821265,0.7339355298406981,3.608686791874142,0.2777492106754893,0.0209347367977506,0.0684037105348567,0.5218727538182506,-0.8332040037539692,105.38,0.033471706840115314
2023-03-25,israel_hamas_war,2023-10-07,1188,-3.839679538864837,3.839679538864837,4.327729912946872,1.1700273041904117,0.7298523303746415,3.684739246996701,0.3920957301171417,0.2172755199979322,-0.4612101410305703,0.4378872421458852,-0.6920295284945196,105.38,0.033471706840115314
2023-03-26,israel_hamas_war,2023-10-07,1925,-3.1339427248314338,3.1339427248314338,3.469782848624209,1.4280823963344829,0.6778364153374317,3.654704565489174,-0.309765167415288,-0.5916839932076617,-0.3418573665630822,-0.6320049528894311,-0.7477822375237914,105.38,0.033471706840115314
2023-03-27,israel_hamas_war,2023-10-07,3218,-3.4611620207363503,3.4611620207363503,3.772031149015569,2.337954349857232,0.7016214653247871,3.6580812067401074,0.0156570355178357,-0.3066936387679657,0.0789665015528969,-0.1427808505778121,-0.7415142537227194,105.38,0.033471706840115314
2023-03-28,israel_hamas_war,2023-10-07,2155,-3.3166616621835856,3.3166616621835856,3.99206294020704,1.65329389842338,0.7006968222049099,3.684736968463546,-0.1280497250349742,-0.0992253483641355,-0.2376950445063115,-0.1617994231904828,-0.6920337580847669,105.38,0.033471706840115314
2023-03-29,israel_hamas_war,2023-10-07,2370,-2.386803607490631,2.386803607490631,2.834261801809072,1.2814690187596616,0.6506268032444731,3.590176103757244,-1.0528009862234922,-1.1909176965939732,-0.4096673572213361,-1.1916673482807263,-0.867564981021346,105.38,0.033471706840115314
2023-03-30,israel_hamas_war,2023-10-07,1911,-3.449233074975435,3.449233074975435,4.087350272114175,1.5625615549361769,0.7114407014202789,3.636601868376427,0.0037936036946869,-0.0093787869156015,-0.2796595600644427,0.0591866444140688,-0.7813858701948786,105.38,0.033471706840115314
2023-03-31,israel_hamas_war,2023-10-07,2023,-2.7312057997348225,2.7312057997348225,3.342899561893873,1.2949817249711573,0.6713657431984293,3.5997316170286715,-0.7102902556592743,-0.7113224256187968,-0.403417610457937,-0.7650973268907098,-0.8498272949761734,105.38,0.033471706840115314
2023-04-01,israel_hamas_war,2023-10-07,1317,-4.266079552249572,4.266079552249572,4.887253088885408,1.4199352528795188,0.7456445360610777,3.728201906642697,0.8161539486358161,0.7448507223116468,-0.3456254928467198,0.7627100890423376,-0.6113507633052075,106.81,0.06279169798930555
2023-04-02,israel_hamas_war,2023-10-07,2044,-3.2411247762878204,3.2411247762878204,3.6768652489247664,1.5494350299588913,0.7029027521183895,3.717019525413133,-0.2031717612918177,-0.3964257019833184,-0.2857306945735076,-0.1164266330446514,-0.6321083680359261,106.81,0.06279169798930555
2023-04-03,israel_hamas_war,2023-10-07,2166,-2.810092976610613,2.810092976610613,3.727789419884253,1.406403882903423,0.6786417694727106,3.721854138069745,-0.6318363282675523,-0.3484092284001747,-0.3518838717671847,-0.6154399822846082,-0.623133984450545,106.81,0.06279169798930555
2023-04-04,israel_hamas_war,2023-10-07,1724,-2.782724638524709,2.782724638524709,3.5947558370603185,1.1596128639704009,0.6813901927570036,3.706019846851696,-0.659054359056058,-0.4738467837885247,-0.4660269122264284,-0.5589088875530258,-0.6525268258809916,106.81,0.06279169798930555
2023-04-05,israel_hamas_war,2023-10-07,2881,-4.429529461922853,4.429529461922853,5.2131145466320445,2.75819861175552,0.7491047384236098,3.861279201078283,0.9787061891080756,1.0521059565717,0.2733332090449531,0.8338814506970843,-0.3643223513937746,106.81,0.06279169798930555
2023-04-06,israel_hamas_war,2023-10-07,2497,-4.469973924975173,4.469973924975173,5.061490118694337,2.498337266131398,0.7591660544243435,3.988667626564178,1.0189285306009126,0.9091390667538516,0.153145026283661,1.0408281794678549,-0.1278540599610065,106.81,0.06279169798930555
2023-04-07,israel_hamas_war,2023-10-07,3276,-5.7903458109490575,5.7903458109490575,6.3984340477152015,3.962303262279245,0.8140970779316627,4.246238988508031,2.332048915620752,2.1697454083091414,0.8302423155274448,2.1706799426011343,0.3502699112597391,106.81,0.06279169798930555
2023-04-08,israel_hamas_war,2023-10-07,2612,-5.481617769623923,5.481617769623923,5.992857447785616,3.1708035469231177,0.7830686908003138,4.43888690153809,2.025016413037385,1.7873266525486748,0.4641666600033141,1.5324708638486635,0.7078779330917588,106.81,0.06279169798930555
2023-04-09,israel_hamas_war,2023-10-07,3346,-3.699575137810357,3.699575137810357,4.098922606560534,2.570567836293021,0.7111709103754692,4.398320443556568,0.2527607844022558,0.0015327837741008,0.1865523071806612,0.0536374325444733,0.6325753224206531,106.81,0.06279169798930555
2023-04-10,israel_hamas_war,2023-10-07,2570,-3.529811192514285,3.529811192514285,3.98366290333659,2.0167764001682045,0.71153246278181,4.361664364990257,0.0839291850795826,-0.1071457551353776,-0.069581155750309,0.0610740430003998,0.5645314617940786,106.81,0.06279169798930555
2023-04-11,israel_hamas_war,2023-10-07,2073,-3.4056242098919287,3.4056242098919287,3.9945596994422377,1.6463870540895345,0.6981137246777359,4.328533501543873,-0.0395757608889095,-0.0968711505126729,-0.2408895214190139,-0.214930006039242,0.5030313793260199,106.81,0.06279169798930555
2023-04-12,israel_hamas_war,2023-10-07,1281,-2.448304484925026,2.448304484925026,2.978057389242608,0.7958802632532329,0.6553904001871808,4.193592851781816,-0.9916378724722894,-1.0553326316771967,-0.6342564739807535,-1.0936870438748307,0.2525440625046455,106.81,0.06279169798930555
2023-04-13,israel_hamas_war,2023-10-07,1495,-2.72594246470946,2.72594246470946,3.1485175018091263,1.0096729834370597,0.6753868000073026,4.087297049226854,-0.7155246843747077,-0.894605547901174,-0.535375440078717,-0.6823899998634039,0.0552295363161594,106.81,0.06279169798930555
2023-04-14,israel_hamas_war,2023-10-07,1863,-3.297197623800134,3.297197623800134,3.8506424847206127,1.463377966567894,0.7010885741932528,4.065875332152413,-0.1474068666460798,-0.2325708979732289,-0.3255328515195356,-0.1537416509794633,0.0154648809573405,106.81,0.06279169798930555
2023-04-15,israel_hamas_war,2023-10-07,1258,-3.012603520601385,3.012603520601385,3.433718348284108,0.9642701955142252,0.6833834797819766,4.001578795688634,-0.4304379750304249,-0.6256892621249981,-0.5563746331662297,-0.5179098542964133,-0.1038873448405828,106.81,0.06279169798930555
2023-04-16,israel_hamas_war,2023-10-07,936,-2.187094045382279,2.187094045382279,2.7214235568084404,0.5410645135614117,0.6398584172142407,3.861446751034474,-1.251413740610062,-1.297313039083722,-0.7521110237632952,-1.41315748564794,-0.3640113321491375,106.81,0.06279169798930555
2023-04-17,israel_hamas_war,2023-10-07,1608,-1.8034368333959616,1.8034368333959616,2.1608529697239924,0.7096904353345755,0.6134005406446434,3.684641616126473,-1.6329639017962987,-1.825875846863972,-0.6741200357012248,-1.9573577677879408,-0.6922107585001958,106.81,0.06279169798930555
2023-04-18,israel_hamas_war,2023-10-07,2552,-2.7503475134472017,2.7503475134472017,3.0952798312052594,1.5630287797317213,0.681970660741159,3.626407624217515,-0.6912536685076177,-0.9448034236056672,-0.2794434644424384,-0.5469695000545762,-0.8003092181325867,106.81,0.06279169798930555
2023-04-19,israel_hamas_war,2023-10-07,1804,-3.142186819484745,3.142186819484745,3.7740919556669095,1.358709406206108,0.6955183456150094,3.6500224500359706,-0.3015663494456737,-0.3047505012309245,-0.373942991288149,-0.2683132023241259,-0.7564735439536093,106.81,0.06279169798930555
2023-04-20,israel_hamas_war,2023-10-07,1624,-2.138816187679556,2.138816187679556,2.7410776522802207,0.8485815460010737,0.6403524608551078,3.5557117339401554,-1.2994264556397928,-1.2787811643719649,-0.6098816621462376,-1.402995721984024,-0.9315404216068514,106.81,0.06279169798930555
2023-04-21,israel_hamas_war,2023-10-07,1366,-2.900345452553072,2.900345452553072,3.934974850531186,0.9957513378881075,0.665998833266826,3.592619009355425,-0.5420795201913621,-0.1530537897149737,-0.5418143249215424,-0.8754869075252598,-0.8630302698752583,106.81,0.06279169798930555
2023-04-22,israel_hamas_war,2023-10-07,670,-3.3577214010962493,3.3577214010962493,3.903222319063747,0.6147379291360276,0.6993679444026202,3.62133499935164,-0.0872154867854653,-0.1829932970192196,-0.7180364140345421,-0.1891325189902667,-0.8097254184705491,106.81,0.06279169798930555
2023-04-23,israel_hamas_war,2023-10-07,1065,-3.3674134137573684,3.3674134137573684,3.85529942839734,0.9332710131159176,0.7034454396521653,3.646860455558632,-0.077576702794091,-0.2281798591243162,-0.5707120306371392,-0.1052643348073832,-0.762343083738908,106.81,0.06279169798930555
2023-04-24,israel_hamas_war,2023-10-07,1620,-3.159538960151169,3.159538960151169,3.744574137582804,1.2510066060684877,0.7087580692562311,3.656480192558522,-0.2843095069796536,-0.3325828940919704,-0.4237564939303123,0.0040087779396958,-0.7444861806198055,106.81,0.06279169798930555
2023-04-25,israel_hamas_war,2023-10-07,1436,-2.496455896859646,2.496455896859646,2.996637117542954,0.8939883224260526,0.66341473068799,3.5849986511396263,-0.9437509087687256,-1.037813779306968,-0.5888806243410215,-0.9286381628341308,-0.8771757707755349,106.81,0.06279169798930555
2023-04-26,israel_hamas_war,2023-10-07,1301,-1.8495511091295704,1.8495511091295704,2.437472616654288,0.6092377968154585,0.6249529031680926,3.4680547814842058,-1.5871028863131011,-1.5650507864035086,-0.72058027413412,-1.71974236701656,-1.0942560663006224,106.81,0.06279169798930555
2023-04-27,israel_hamas_war,2023-10-07,1584,-2.727305659711791,2.727305659711791,3.4031498919703966,1.05997743947194,0.6712383407392288,3.457785799499645,-0.7141689760584875,-0.6545123032744063,-0.5121091819089741,-0.7677178113449277,-1.1133181483962342,106.81,0.06279169798930555
2023-04-28,israel_hamas_war,2023-10-07,1195,-2.350999703453828,2.350999703453828,2.983957008754751,0.7200326014552892,0.6563075587338416,3.4084206620463124,-1.088408254716143,-1.049769872006926,-0.6693366919188758,-1.074822418115956,-1.2049535514197685,106.81,0.06279169798930555
2023-04-29,israel_hamas_war,2023-10-07,981,-2.46050606245202,2.46050606245202,2.9676738382873573,0.6344938418566302,0.6664830319280859,3.3537451132641527,-0.9795033061805526,-1.0651232967140154,-0.7088991287527424,-0.865527640863163,-1.3064465524860065,106.81,0.06279169798930555
2023-04-30,israel_hamas_war,2023-10-07,963,-1.7071337138806577,1.7071337138806577,2.183497532533732,0.4330858522804757,0.6191711356746581,3.22847323976102,-1.7287381232257977,-1.8045242562250048,-0.8020521146369051,-1.8386649681148848,-1.538985935706091,106.81,0.06279169798930555
2023-05-01,israel_hamas_war,2023-10-07,1321,-2.1925084171703744,2.1925084171703744,2.599689876159303,0.7316458512518682,0.6427480142811793,3.159364979550467,-1.2460291046279193,-1.4120959005606106,-0.6639654606353178,-1.353722650242219,-1.6672700569168524,108.47,0.09682749191074293
2023-05-02,israel_hamas_war,2023-10-07,2383,-5.96838720678546,5.96838720678546,8.045617623273047,3.2179977223137994,0.8018544073698781,3.672570104938461,2.509112505609058,3.722877156006792,0.4859943857218143,1.9188659031658568,-0.7146188353309807,108.47,0.09682749191074293
2023-05-03,israel_hamas_war,2023-10-07,1952,-4.400048306461694,4.400048306461694,5.509743530118073,2.0275533315206427,0.7691013743924362,3.8579255794716447,0.949386944567032,1.3317978490697222,-0.0645967291828183,1.2451833519460649,-0.3705476043428471,108.47,0.09682749191074293
2023-05-04,israel_hamas_war,2023-10-07,1824,-3.977413334177392,3.977413334177392,4.880860911706888,1.7353186884947414,0.7327628755064673,3.9592215888410505,0.5290730894901536,0.7388235293137411,-0.1997578498212922,0.4977529489706319,-0.182514082669457,108.47,0.09682749191074293
2023-05-05,israel_hamas_war,2023-10-07,1208,-2.3979364766700333,2.3979364766700333,3.259632428280648,0.7412797372341505,0.6583656199843824,3.871928657201633,-1.0417292589180829,-0.7898351249156464,-0.6595097027142655,-1.0324910726559553,-0.344554003644978,108.47,0.09682749191074293
2023-05-06,israel_hamas_war,2023-10-07,865,-4.202487345684989,4.202487345684989,5.413236200050474,0.9692001384492208,0.7407043901629047,4.022858456166981,0.7529109913633995,1.2408009496119543,-0.5540944907269958,0.6610984277842377,-0.0643863859709627,108.47,0.09682749191074293
2023-05-07,israel_hamas_war,2023-10-07,803,-3.159254308510587,3.159254308510587,3.818160795028809,0.6816174234083454,0.698088471195664,4.000838184412356,-0.2845925953094252,-0.2631979296094076,-0.6871040533124093,-0.2154494336672459,-0.1052621250252762,108.47,0.09682749191074293
2023-05-08,israel_hamas_war,2023-10-07,1268,-2.139983967011477,2.139983967011477,2.707338879063134,0.68961765573646,0.6435965687000991,3.864439761105795,-1.2982650897683743,-1.3105935018608703,-0.6834038747311167,-1.3362691122391768,-0.3584554743456776,108.47,0.09682749191074293
2023-05-09,israel_hamas_war,2023-10-07,2744,-4.307811116167771,4.307811116167771,5.24606984254163,2.5863974676461754,0.7594875128500364,4.009514227491569,0.857656322218488,1.0831795521875456,0.1938736524217065,1.047440114688664,-0.0891569798716794,108.47,0.09682749191074293
2023-05-10,israel_hamas_war,2023-10-07,2378,-4.794090135055732,4.794090135055732,5.671021267401688,2.5806534660086333,0.7811883358817258,4.190536810463543,1.341264689900636,1.4838668580672116,0.1912170005948024,1.4937946808024842,0.246871201204073,108.47,0.09682749191074293
2023-05-11,israel_hamas_war,2023-10-07,2694,-4.761390854005838,4.761390854005838,5.626279430980249,2.8193994617640845,0.7809004683664045,4.347794499854558,1.3087449937618183,1.4416797165563464,0.3016391463066475,1.4878736620599298,0.5387851406622207,108.47,0.09682749191074293
2023-05-12,israel_hamas_war,2023-10-07,2385,-3.724264624729148,3.724264624729148,5.173012101126431,2.009328198264977,0.7395012386611648,4.43761903929594,0.2773146763119067,1.0142933033864043,-0.0730260153520251,0.6363513402777372,0.7055244287052357,108.47,0.09682749191074293
2023-05-13,israel_hamas_war,2023-10-07,2101,-4.752560933318864,4.752560933318864,6.295447388839425,2.32208306724351,0.7793611727685728,4.639205757960952,1.2999635671233511,2.072639140457299,0.0716258922335205,1.4562125763173397,1.0797253559592728,108.47,0.09682749191074293
2023-05-14,israel_hamas_war,2023-10-07,2328,-3.558159806923865,3.558159806923865,4.421332001410904,1.884074344346792,0.7126533968188473,4.626806117831062,0.1121221085004186,0.3055330629952623,-0.1309570364129646,0.08413003608478,1.0567081806961962,108.47,0.09682749191074293
2023-05-15,israel_hamas_war,2023-10-07,1607,-3.373855654185669,3.373855654185669,4.1484290181658166,1.3270007159745287,0.7109111971821529,4.5899447862324845,-0.0711698432407607,0.048212450035775,-0.3886085424401342,0.048295507514835,0.9882833134462466,108.47,0.09682749191074293
2023-05-16,israel_hamas_war,2023-10-07,1358,-2.927722688342532,2.927722688342532,3.660080875717188,1.000163761077713,0.6861454860653451,4.500077506005436,-0.5148526405656123,-0.4122517114704926,-0.5397735399657855,-0.4610993769050113,0.8214646866365999,108.47,0.09682749191074293
2023-05-17,israel_hamas_war,2023-10-07,1398,-2.3479999369233537,2.3479999369233537,3.164879999958893,0.8220487410030641,0.6642459238832887,4.363193385550697,-1.091391546486674,-0.8791773250089921,-0.6221533203592416,-0.9115417201092364,0.5673697485388417,108.47,0.09682749191074293
2023-05-18,israel_hamas_war,2023-10-07,1590,-2.375845270491137,2.375845270491137,3.129446728003507,0.9262773823559506,0.6656892009277021,4.241963485992417,-1.0636991398821785,-0.912587407780172,-0.5739466470435352,-0.8818555972372865,0.3423333913520051,108.47,0.09682749191074293
2023-05-19,israel_hamas_war,2023-10-07,1333,-2.2912924161725376,2.2912924161725376,2.792695528446665,0.7705084052813199,0.6437941171460918,4.090728458635377,-1.1477876287365691,-1.2301105951576743,-0.6459911838722839,-1.3322058262168548,0.0615991850259601,108.47,0.09682749191074293
2023-05-20,israel_hamas_war,2023-10-07,617,-2.102127307749038,2.102127307749038,2.7365605695345128,0.356855747766128,0.6353252346564111,3.948868786294349,-1.3359138397261132,-1.283040328149117,-0.8373092157316374,-1.5063984991689496,-0.2017317590040344,108.47,0.09682749191074293
2023-05-21,israel_hamas_war,2023-10-07,845,-2.8604063722838604,2.8604063722838604,3.3843485178296944,0.646028006913225,0.6863711313827007,3.889815935498947,-0.5817992544704379,-0.6722401458243037,-0.7035644748645643,-0.4564581788464497,-0.3113502481136983,108.47,0.09682749191074293
2023-05-22,israel_hamas_war,2023-10-07,1412,-3.0551598528143846,3.0551598528143846,3.89992920627292,1.0786537348063054,0.7001481263111786,3.891685210133448,-0.3881153627920188,-0.1860983777765073,-0.5034712292671163,-0.1730853047083048,-0.3078803553243568,108.47,0.09682749191074293
2023-05-23,israel_hamas_war,2023-10-07,1233,-2.05010302212554,2.05010302212554,2.95140161243177,0.6450044352414074,0.6409567716120704,3.79740703752208,-1.3876524072418273,-1.0804664017309895,-0.7040378858632883,-1.3905659231082814,-0.4828868232336589,108.47,0.09682749191074293
2023-05-24,israel_hamas_war,2023-10-07,1314,-2.509596212598522,2.509596212598522,3.1344777247539297,0.8336828513142068,0.6686634788991943,3.73496331332184,-0.9306827598285596,-0.9078436737534415,-0.6167724409022284,-0.8206789980120571,-0.5987997149740855,108.47,0.09682749191074293
2023-05-25,israel_hamas_war,2023-10-07,1446,-2.3841540261527068,2.3841540261527068,3.0421077074682383,0.8587648644484326,0.6722312236437347,3.6636838991543774,-1.055436016023472,-0.994939495075726,-0.6051717868251194,-0.7472956449876719,-0.7311141008236441,108.47,0.09682749191074293
2023-05-26,israel_hamas_war,2023-10-07,1169,-3.188409138817274,3.188409138817274,3.633456575045921,0.958149585021212,0.7010375655755291,3.664248024713076,-0.2555978837405193,-0.4373558026272951,-0.5592054699371937,-0.1547908245245803,-0.7300669271380424,108.47,0.09682749191074293
2023-05-27,israel_hamas_war,2023-10-07,691,-3.3912599089639217,3.3912599089639217,4.041004963285979,0.6386146185621272,0.6993839564010279,3.707851184113793,-0.0538611728743465,-0.0530778448506258,-0.7069932328888953,-0.1888031753247542,-0.649127355389431,108.47,0.09682749191074293
2023-05-28,israel_hamas_war,2023-10-07,818,-3.492692027986188,3.492692027986188,4.111238423795626,0.7661960605575975,0.7052544191131298,3.7588358471062673,0.0470138795247401,0.0131453854479521,-0.647985681647779,-0.0680562417673861,-0.5544856632488783,108.47,0.09682749191074293
2023-05-29,israel_hamas_war,2023-10-07,1236,-3.027137400708064,3.027137400708064,3.52186183631666,0.9543869712628672,0.6884393264146914,3.740231135870765,-0.415983915197549,-0.5425786412764374,-0.5609457122535796,-0.4139183961481196,-0.5890211735331018,108.47,0.09682749191074293
2023-05-30,israel_hamas_war,2023-10-07,1308,-2.5610369831807978,2.5610369831807978,3.3137373004262307,0.8474638074743253,0.6652654705947209,3.671449967906728,-0.8795245026812614,-0.7388195636379855,-0.6103986261525985,-0.8905711177800294,-0.7166981207060383,108.47,0.09682749191074293
2023-05-31,israel_hamas_war,2023-10-07,1405,-2.310747431803989,2.310747431803989,2.9387041938501097,0.8124215936202859,0.6513059634684816,3.5839768391672058,-1.128439460324383,-1.0924388158599394,-0.6266059616181109,-1.1776980040458838,-0.8790725375372105,108.47,0.09682749191074293
2023-06-01,israel_hamas_war,2023-10-07,1640,-1.814356916498932,1.814356916498932,2.348178471575072,0.7256961644469718,0.6135850709103788,3.446410276833122,-1.6221037919431989,-1.6492463634259928,-0.6667172436808566,-1.953562246918668,-1.134434277266242,110.53,0.139064681957828
2023-06-02,israel_hamas_war,2023-10-07,1120,-2.1082004277921462,2.1082004277921462,2.694033825003239,0.6104734374331979,0.6440004151289592,3.3680491163115267,-1.3298740733436325,-1.3231388563507351,-0.720008779362416,-1.3279625748665038,-1.2798943508369156,110.53,0.139064681957828
2023-06-03,israel_hamas_war,2023-10-07,1314,-4.082099235982153,4.082099235982153,4.575707158233114,1.356065216115935,0.7625477561865216,3.484189670735588,0.6331840548509655,0.4510936190098995,-0.3751659527141742,1.110384897228243,-1.0643052314490389,110.53,0.139064681957828
2023-06-04,israel_hamas_war,2023-10-07,1014,-3.626376094129246,3.626376094129246,4.512003692857521,0.9627613252508306,0.7226998772559221,3.5908028167346178,0.1799637508977681,0.3910275304564821,-0.5570724990783159,0.2907716187525503,-0.8664016277071566,110.53,0.139064681957828
2023-06-05,israel_hamas_war,2023-10-07,1363,-2.770693537079549,2.770693537079549,3.4418254514271305,0.949470232163892,0.6841834891601133,3.5799612784714845,-0.6710193855229988,-0.6180450629840348,-0.5632197478012597,-0.5014548176213638,-0.8865265332455328,110.53,0.139064681957828
2023-06-06,israel_hamas_war,2023-10-07,1527,-2.1831700529130225,2.1831700529130225,2.681973618135084,0.8230503028182371,0.6509978039575502,3.4760023044030497,-1.25531618245753,-1.3345104426442609,-0.6216900891149039,-1.1840363998106314,-1.0795032568630816,110.53,0.139064681957828
2023-06-07,israel_hamas_war,2023-10-07,1383,-1.7782045036024736,1.7782045036024736,2.348346107099992,0.616915208933001,0.62136585290727,3.344887228418308,-1.6580576552799502,-1.6490882996499454,-0.7170294027703903,-1.7935228066090994,-1.3228892464530266,110.53,0.139064681957828
2023-06-08,israel_hamas_war,2023-10-07,1381,-2.3655863886730417,2.3655863886730417,3.157220764141361,0.8196934538156005,0.6531414781756966,3.3124852183721347,-1.0739016797771523,-0.8863992294086176,-0.623242661624147,-1.1399441193412303,-1.3830363746193477,110.53,0.139064681957828
2023-06-09,israel_hamas_war,2023-10-07,1048,-2.608902566313455,2.608902566313455,3.334812901316764,0.7129515702534762,0.6700350280915394,3.304566541166645,-0.8319217980038635,-0.718947349435142,-0.6726117318066971,-0.7924682133907109,-1.397735638402909,110.53,0.139064681957828
2023-06-10,israel_hamas_war,2023-10-07,505,-2.298429316215519,2.298429316215519,2.853218787961933,0.3240976423111176,0.6487705740621117,3.2404220763392897,-1.1406899246489244,-1.1730431272553965,-0.8524601307547413,-1.2298472998010366,-1.5168055770157662,110.53,0.139064681957828
2023-06-11,israel_hamas_war,2023-10-07,590,-2.405026373621812,2.405026373621812,3.022504522352369,0.3917872912604889,0.6629317561166899,3.210905303478416,-1.0346782997800033,-1.0134233663401295,-0.8211530662914392,-0.9385722517349,-1.5715969037818918,110.53,0.139064681957828
2023-06-12,israel_hamas_war,2023-10-07,1571,-2.1471107541710786,2.1471107541710786,2.6911434227103763,0.82880036397728,0.6433345239752795,3.150881263296321,-1.2911774430240122,-1.3258642208039004,-0.6190306347054308,-1.341658993502135,-1.683018190077038,110.53,0.139064681957828
2023-06-13,israel_hamas_war,2023-10-07,1321,-2.3652102740686294,2.3652102740686294,3.0932891042890462,0.7892769171641152,0.6596181125336534,3.141991942792094,-1.0742757287548714,-0.9466804828602922,-0.6373105802568862,-1.0067291111131005,-1.699519237355196,110.53,0.139064681957828
2023-06-14,israel_hamas_war,2023-10-07,1367,-2.4087742163022923,2.4087742163022923,3.148011842644152,0.827496663658247,0.6620000854474037,3.1425007784664487,-1.0309510403041957,-0.8950823346505625,-0.6196336076940974,-0.9577353708821744,-1.6985746970480549,110.53,0.139064681957828
2023-06-15,israel_hamas_war,2023-10-07,1462,-2.542146613163248,2.542146613163248,3.423316841952427,0.924166984558816,0.6626466381125322,3.17220528098763,-0.8983111265211928,-0.6354968573119159,-0.5749227247881179,-0.9444367170066172,-1.6434348919028705,110.53,0.139064681957828
2023-06-16,israel_hamas_war,2023-10-07,933,-2.22638564937556,2.22638564937556,2.78044930182774,0.5492203824365204,0.6469987724636468,3.1329620533489675,-1.2123379266581094,-1.2416575797400766,-0.7483388618952636,-1.2662906979416373,-1.7162812196177004,110.53,0.139064681957828
2023-06-17,israel_hamas_war,2023-10-07,786,-2.997371868432718,2.997371868432718,3.7193469674589545,0.6343508460549944,0.6866535049798058,3.197027977520059,-0.4455859747513191,-0.3563696288587075,-0.7089652655823652,-0.4506501620613806,-1.5973570742723548,110.53,0.139064681957828
2023-06-18,israel_hamas_war,2023-10-07,1472,-3.580851525222553,3.580851525222553,4.396069283976016,1.3092330699530208,0.7225824333877157,3.322519330823443,0.1346892035633053,0.2817128106181394,-0.396826236696054,0.2883559681221818,-1.3644102755969691,110.53,0.139064681957828
2023-06-19,israel_hamas_war,2023-10-07,1768,-4.754936969913038,4.754936969913038,5.717089132390853,2.0226486653382985,0.779093600483469,3.572011567200834,1.3023265544911573,1.5273043138098656,-0.066865180899217,1.450709001128179,-0.9012834048716968,110.53,0.139064681957828
2023-06-20,israel_hamas_war,2023-10-07,1889,-4.415736857799406,4.415736857799406,5.540093830343976,1.98184642988053,0.7651919639048294,3.78311583279588,0.9649893341603126,1.3604151905321271,-0.0857365775684273,1.1647724283876173,-0.5094152676447631,110.53,0.139064681957828
2023-06-21,israel_hamas_war,2023-10-07,1961,-4.619674102217458,4.619674102217458,5.830323845668045,2.1366151085687863,0.7683477670815172,4.00272443023465,1.167806552365923,1.6340734868042524,-0.0141546876369638,1.2296827387299556,-0.1017607289987634,110.53,0.139064681957828
2023-06-22,israel_hamas_war,2023-10-07,1854,-2.9616297520463024,2.9616297520463024,4.233214380207128,1.3093121036263502,0.6908769644906885,4.032351305623855,-0.4811317949322269,0.1281566890874568,-0.396789682919456,-0.363779703981222,-0.0467650213663414,110.53,0.139064681957828
2023-06-23,israel_hamas_war,2023-10-07,1065,-3.9061930793317976,3.9061930793317976,4.811795894083334,1.082592579123415,0.7321817413799443,4.116803137217489,0.458243977285088,0.6737020254825047,-0.5016494787504473,0.485799859886437,0.1100010289961038,110.53,0.139064681957828
2023-06-24,israel_hamas_war,2023-10-07,811,-4.594516246175912,4.594516246175912,5.593239047794428,1.0001534368142244,0.764313958487572,4.273018932916381,1.142786863623321,1.4105258920261232,-0.5397783150294413,1.14671312591355,0.3999809244444357,110.53,0.139064681957828
2023-06-25,israel_hamas_war,2023-10-07,1034,-3.3188687869191127,3.3188687869191127,3.894109287774175,0.8963501088958508,0.7030814279811531,4.233928873880196,-0.1258547218595132,-0.1915859872473279,-0.5877882771002517,-0.1127515287832866,0.3274189201882771,110.53,0.139064681957828
2023-06-26,israel_hamas_war,2023-10-07,1196,-2.7379729867903104,2.7379729867903104,3.306411869886307,0.8391539508813926,0.6766896462738664,4.139987352164155,-0.7035602340901999,-0.7457267225642491,-0.6142420087092185,-0.6555923351307845,0.1530373698232795,110.53,0.139064681957828
2023-06-27,israel_hamas_war,2023-10-07,1455,-2.2664289902621166,2.2664289902621166,2.9120758576577503,0.8206232992515926,0.6421853203104418,4.014978029489352,-1.1725145043624638,-1.1175467121153482,-0.622812599842806,-1.365296451972993,-0.0790146461532549,110.53,0.139064681957828
2023-06-28,israel_hamas_war,2023-10-07,1216,-2.978270047367643,2.978270047367643,3.751254773131951,0.9259198446423352,0.6780367593929764,3.993093010192548,-0.4645828883466511,-0.3262837132841091,-0.5741120114149266,-0.6278841652190488,-0.1196393190884054,110.53,0.139064681957828
2023-06-29,israel_hamas_war,2023-10-07,1377,-2.7279768082615483,2.7279768082615483,3.4221441935937627,0.9429495616186973,0.6725505307472911,3.941929098634832,-0.7135015134659975,-0.636602549125356,-0.5662356159032653,-0.7407279593539581,-0.2146137463405113,110.53,0.139064681957828
2023-06-30,israel_hamas_war,2023-10-07,846,-2.3511502685085324,2.3511502685085324,3.113508939984354,0.5315740234494449,0.6495722770735571,3.8614036319058944,-1.0882585165668357,-0.9276151708831636,-0.7565004598194033,-1.213357427536592,-0.3640913732252746,110.53,0.139064681957828
2023-07-01,israel_hamas_war,2023-10-07,708,-2.2380810482476337,2.2380810482476337,2.829739026927667,0.4308883405197427,0.6460443305132022,3.7485950715032095,-1.200706759081006,-1.1951822274940096,-0.8030684833641767,-1.285922189431587,-0.5734953864679582,107.45,0.07591393179034168
2023-07-02,israel_hamas_war,2023-10-07,1150,-2.7341208508075243,2.7341208508075243,3.390816157491529,0.8100725317775145,0.7191775917708221,3.706625427781797,-0.7073912140880313,-0.6661417991430224,-0.6276924236057471,0.2183232969937402,-0.6514026995145695,107.45,0.07591393179034168
2023-07-03,israel_hamas_war,2023-10-07,2279,-5.68985149381342,5.68985149381342,6.50762786350097,2.9633738154798874,0.8088612199220829,4.003656549194926,2.232106514687153,2.2727044132832472,0.3682285649667178,2.0629859105965966,-0.1000304573739449,107.45,0.07591393179034168
2023-07-04,israel_hamas_war,2023-10-07,2230,-5.537967251598076,5.537967251598076,6.3295274254334695,2.8357194028257413,0.8000935542066393,4.256387233707936,2.0810564228646102,2.1047732556721024,0.3091872641471866,1.8826476985143608,0.3691078723563539,107.45,0.07591393179034168
2023-07-05,israel_hamas_war,2023-10-07,3168,-4.997131332392051,4.997131332392051,5.912343340984708,3.33719866306215,0.7843420093079628,4.441665000583603,1.543190782127679,1.7114097861680353,0.5411258806256524,1.5586611852561243,0.7130348563539611,107.45,0.07591393179034168
2023-07-06,israel_hamas_war,2023-10-07,2147,-4.036694044849642,4.036694044849642,4.893597932140735,2.006329819582663,0.7467195328035356,4.496447427599309,0.5880282296662707,0.7508332840857203,-0.0744127921509829,0.7848212183692248,0.8147262531000388,107.45,0.07591393179034168
2023-07-07,israel_hamas_war,2023-10-07,1989,-5.090322197777681,5.090322197777681,6.057860432713754,2.3811342578060164,0.7973716005452945,4.667626743909922,1.6358698419709226,1.8486180599455784,0.0989375928889319,1.826661045670952,1.132482597934383,107.45,0.07591393179034168
2023-07-08,israel_hamas_war,2023-10-07,1010,-5.22098657451224,5.22098657451224,6.078142529782891,1.3813076844211212,0.796467508816743,4.826487947052592,1.7658166081121214,1.86774207826108,-0.3634910866938998,1.8080651854754453,1.4273731041857578,107.45,0.07591393179034168
2023-07-09,israel_hamas_war,2023-10-07,1155,-2.8611076857207234,2.8611076857207234,3.536803357032277,0.8508845453658438,0.6843887520989438,4.700359700684471,-0.5811017926568264,-0.5284902600379054,-0.6088165044642155,-0.4972328556309295,1.1932440551271897,107.45,0.07591393179034168
2023-07-10,israel_hamas_war,2023-10-07,1723,-2.882170074388903,2.882170074388903,3.6017803973853137,1.2004838254150434,0.6985850533986881,4.595530758300807,-0.5601550789232196,-0.4672233158179479,-0.4471237291772507,-0.2052354554486767,0.9986524287402706,107.45,0.07591393179034168
2023-07-11,israel_hamas_war,2023-10-07,1691,-2.8644111836885338,2.8644111836885338,3.5936089196361176,1.1749065044329334,0.683467491264775,4.4981015880068425,-0.577816437546282,-0.4749282138670821,-0.4589534675377554,-0.51618185951491,0.8177968341503442,107.45,0.07591393179034168
2023-07-12,israel_hamas_war,2023-10-07,1686,-2.122472709145,2.122472709145,2.5666748380711897,0.8684701231638547,0.6375697561332833,4.301748482435548,-1.315680175560549,-1.4432258271619791,-0.6006830183804197,-1.4602319363395384,0.4533109460890067,107.45,0.07591393179034168
2023-07-13,israel_hamas_war,2023-10-07,1328,-2.402809333477104,2.402809333477104,3.027699773852996,0.8054337503336743,0.6521021022613085,4.172158818380735,-1.036883163909079,-1.0085247562746635,-0.629837901266624,-1.1613225797165985,0.2127565446235366,107.45,0.07591393179034168
2023-07-14,israel_hamas_war,2023-10-07,1023,-2.407498744587922,2.407498744587922,2.913573210410707,0.6441406262668888,0.6549145585647775,4.047035433675018,-1.0322195071099856,-1.1161348560644329,-0.704437405194072,-1.103474418325861,-0.0195072021555776,107.45,0.07591393179034168
2023-07-15,israel_hamas_war,2023-10-07,586,-2.527411480145133,2.527411480145133,2.942646259758808,0.4091470943739559,0.6623914549014923,3.932307190673415,-0.9129653339816874,-1.08872183628027,-0.8131240030065929,-0.949685466847898,-0.2324746793670493,107.45,0.07591393179034168
2023-07-16,israel_hamas_war,2023-10-07,979,-3.906147737491044,3.906147737491044,4.95252215127068,1.0054727185107428,0.7355035326393923,4.037401694792451,0.4581988844623611,0.8063930145231831,-0.5373180999514177,0.5541243051927935,-0.0373900966570267,107.45,0.07591393179034168
2023-07-17,israel_hamas_war,2023-10-07,1471,-3.2172872142915176,3.2172872142915176,3.873147130768633,1.1756370775834175,0.7099248454817171,4.01079307829704,-0.2268784070626278,-0.2113512350488692,-0.4586155709601786,0.0280076785859161,-0.0867830776602847,107.45,0.07591393179034168
2023-07-18,israel_hamas_war,2023-10-07,1799,-2.79202741773127,2.79202741773127,3.450361010760056,1.20457943346473,0.6831834852631444,3.943209332939221,-0.6498026708436395,-0.6099968718892238,-0.4452294740404888,-0.5220234525017947,-0.2122372759709482,107.45,0.07591393179034168
2023-07-19,israel_hamas_war,2023-10-07,1678,-2.174083330473489,2.174083330473489,2.5258573873461634,0.8861211796403681,0.6473821039263252,3.783225239587255,-1.2643530004897223,-1.4817126597906092,-0.5925192478256498,-1.258406123773563,-0.5092121782594511,107.45,0.07591393179034168
2023-07-20,israel_hamas_war,2023-10-07,1616,-2.0991808981319053,2.0991808981319053,2.8393080526927417,0.8294667870088533,0.6361118525559949,3.6811356804693744,-1.3388440676202205,-1.1861595794232014,-0.6187224081282049,-1.4902189058533706,-0.6987187486221005,107.45,0.07591393179034168
2023-07-21,israel_hamas_war,2023-10-07,1261,-3.145100773413926,3.145100773413926,3.767451141795343,1.0087334488693631,0.6940969810940382,3.6839998381507577,-0.2986683989924241,-0.3110121341220781,-0.5358099831696166,-0.2975486162584832,-0.6934020766346151,107.45,0.07591393179034168
2023-07-22,israel_hamas_war,2023-10-07,907,-3.9887830194175,3.9887830194175,4.52140485589394,0.9596062699865088,0.7369648888805455,3.7618211411868816,0.540380332259135,0.3998919005205169,-0.5585317401894537,0.5841822910122775,-0.5489441284667769,107.45,0.07591393179034168
2023-07-23,israel_hamas_war,2023-10-07,993,-3.306355423684134,3.306355423684134,3.6177206304028826,0.861794638433781,0.7035464543478506,3.745884735188732,-0.1382993615277448,-0.4521932473224556,-0.6037704894193745,-0.1031866085111103,-0.5785265232847319,107.45,0.07591393179034168
2023-07-24,israel_hamas_war,2023-10-07,1856,-3.9559186383199534,3.9559186383199534,4.469440357887448,1.7504035283744277,0.7293016956262129,3.824663116221694,0.5076964428044479,0.3508945010778222,-0.1927809772586179,0.4265614811891185,-0.4322919725894895,107.45,0.07591393179034168
2023-07-25,israel_hamas_war,2023-10-07,1706,-3.78602316377825,3.78602316377825,4.460355051641739,1.5642105951968417,0.7289879110927474,3.896782673542589,0.3387340365966082,0.3423279528331991,-0.2788968642823767,0.4201073868405443,-0.2984180477528256,107.45,0.07591393179034168
2023-07-26,israel_hamas_war,2023-10-07,1383,-3.0730983576606103,3.0730983576606103,3.794385975285115,1.0661547147963373,0.6972069812582747,3.8867811955559257,-0.3702753764665131,-0.2856152411268651,-0.5092521371496916,-0.2335804076843379,-0.3169835681467536,107.45,0.07591393179034168
2023-07-27,israel_hamas_war,2023-10-07,1307,-2.9943959505784554,2.9943959505784554,3.736633009217773,0.9902200836805268,0.6916365028300403,3.8735031397672266,-0.448545548822903,-0.3400705953775388,-0.5443725791705659,-0.3481570980822141,-0.3416313267945777,107.45,0.07591393179034168
2023-07-28,israel_hamas_war,2023-10-07,1037,-2.5965692899518635,2.5965692899518635,3.2020881538481247,0.7030560584385612,0.6736183390476133,3.8068508194221904,-0.8441873398383472,-0.8440937035255679,-0.6771884940014402,-0.7187646858925308,-0.4653565416396691,107.45,0.07591393179034168
2023-07-29,israel_hamas_war,2023-10-07,582,-3.4452666653761383,3.4452666653761383,4.094565282943432,0.5542163512288184,0.7201035309996713,3.842607262180679,-0.0001510223273473,-0.0025757428923473,-0.7460281819099958,0.2373685286947324,-0.3989826548869083,107.45,0.07591393179034168
2023-07-30,israel_hamas_war,2023-10-07,916,-4.0896692928627365,4.0896692928627365,5.155314139708106,0.9925451704480488,0.7483401494634748,3.983622380843359,0.6407125368727723,0.9976058702695346,-0.5432972058683935,0.8181549608281009,-0.1372194370029945,107.45,0.07591393179034168
2023-07-31,israel_hamas_war,2023-10-07,1292,-3.211206927019697,3.211206927019697,4.002183775269059,1.0515236671815702,0.7064162288059609,3.9716422183674553,-0.2329253013113005,-0.0896823985185422,-0.5160191267552036,-0.0441594955198739,-0.1594579452580281,107.45,0.07591393179034168
2023-08-01,israel_hamas_war,2023-10-07,1210,-3.711700677790129,3.711700677790129,4.698795542480898,1.149040501300752,0.7264283757049496,4.035351842454836,0.264819730746048,0.5671538324462172,-0.4709167239593223,0.3674614431449914,-0.0411951918068917,101.14,-0.05346309209174891
2023-08-02,israel_hamas_war,2023-10-07,1392,-2.7031725484435487,2.7031725484435487,3.2310876321024486,0.9429676538685098,0.6733646797367933,3.940118200742441,-0.738169547940482,-0.8167500540308814,-0.56622724807687,-0.7239820913087426,-0.2179752756862069,101.14,-0.05346309209174891
2023-08-03,israel_hamas_war,2023-10-07,1203,-3.0884321387557256,3.0884321387557256,3.676211155540945,0.9513331370200973,0.6938542566296433,3.9070044840937386,-0.3550258087126705,-0.3970424475698138,-0.5623581377423004,-0.3025411076875861,-0.2794435289363781,101.14,-0.05346309209174891
2023-08-04,israel_hamas_war,2023-10-07,860,-2.943415250614186,2.943415250614186,3.765318724047048,0.6753198528983316,0.690003138515099,3.880175358452062,-0.4992462620664946,-0.31302279386479,-0.690016735664576,-0.3817530413806224,-0.3292458361469713,101.14,-0.05346309209174891
2023-08-05,israel_hamas_war,2023-10-07,732,-4.674513024953358,4.674513024953358,5.501114859355584,0.9276325867982677,0.7715016354413874,4.039082676240043,1.22234429896746,1.3236618630748926,-0.57331985293993,1.294553252686696,-0.0342697283085988,101.14,-0.05346309209174891
2023-08-06,israel_hamas_war,2023-10-07,849,-4.373431906779805,4.373431906779805,5.203529297568349,0.9919309090707662,0.754428817812926,4.164731823692235,0.922916722526258,1.0430680115294342,-0.5435813072167441,0.943390068978682,0.1989699801238887,101.14,-0.05346309209174891
2023-08-07,israel_hamas_war,2023-10-07,1236,-3.657729284266852,3.657729284266852,4.472192789496368,1.153198124569568,0.7356761478200883,4.200284768171349,0.2111447488745055,0.353489772775898,-0.4689937862323399,0.5576747499833764,0.2649661175619086,101.14,-0.05346309209174891
2023-08-08,israel_hamas_war,2023-10-07,1108,-3.0386947551382573,3.0386947551382573,4.177012095368554,0.8717210088873295,0.6914427752152125,4.201179341888259,-0.4044900339203112,0.0751634743837627,-0.5991794548299014,-0.3521417951296242,0.2666266947893257,101.14,-0.05346309209174891
2023-08-09,israel_hamas_war,2023-10-07,1217,-1.5869948721452287,1.5869948721452287,1.8918565601237705,0.4937324422235657,0.5941642451591783,3.966520383289109,-1.8482171607540048,-2.0795129459500865,-0.7740025275833827,-2.353020564194958,-0.1689654934152287,101.14,-0.05346309209174891
2023-08-10,israel_hamas_war,2023-10-07,1191,-2.804268841704413,2.804268841704413,3.359214164961064,0.8563763939151251,0.678503328168022,3.907620547953292,-0.6376284769429962,-0.6959393630684323,-0.6062764756825088,-0.6182875198363544,-0.2782999433419543,101.14,-0.05346309209174891
2023-08-11,israel_hamas_war,2023-10-07,1059,-3.4475996212484894,3.4475996212484894,4.098179897005887,0.950789724602888,0.7194364192162406,3.933218467110908,0.0021691209185658,0.0008324818734764,-0.5626094708167035,0.2236470034692696,-0.2307830972521504,101.14,-0.05346309209174891
2023-08-12,israel_hamas_war,2023-10-07,501,-2.404195202477141,2.404195202477141,3.0734906610091928,0.3365056935027332,0.6601656627242186,3.8479682740246592,-1.0355049061210668,-0.9653484633265969,-0.8467212967594517,-0.9954667950535498,-0.3890311282371241,101.14,-0.05346309209174891
2023-08-13,israel_hamas_war,2023-10-07,801,-2.925673407327156,2.925673407327156,3.4863917562402653,0.6298072613060077,0.7005726063014107,3.803713924781377,-0.516890666900852,-0.5760234304775252,-0.7110667139254848,-0.1643543647993729,-0.471179489158555,101.14,-0.05346309209174891
2023-08-14,israel_hamas_war,2023-10-07,1074,-2.111057940048442,2.111057940048442,2.731231384359711,0.5893888116005122,0.6398731991544322,3.69015944698152,-1.3270322545848074,-1.2880652244673925,-0.7297606062720551,-1.4128534425021646,-0.6819681322197375,101.14,-0.05346309209174891
2023-08-15,israel_hamas_war,2023-10-07,1046,-3.1270795186005933,3.1270795186005933,3.949251360076349,0.8531298062779767,0.7011849389113476,3.7188237576448033,-0.3165906808210544,-0.1395924484595572,-0.6077780513298869,-0.151759568001731,-0.6287592120074749,101.14,-0.05346309209174891
2023-08-16,israel_hamas_war,2023-10-07,1253,-2.770078658051464,2.770078658051464,3.4569149856281003,0.8836258243501871,0.6819635733920271,3.69777464117682,-0.6716308876268203,-0.6038171196186095,-0.5936733718333983,-0.5471152765830539,-0.6678322171754718,101.14,-0.05346309209174891
2023-08-17,israel_hamas_war,2023-10-07,1394,-1.6822874502906249,1.6822874502906249,2.482413268401353,0.5875564221938177,0.6122594724881079,3.574267554313218,-1.753447930787009,-1.522676181637946,-0.730608102664305,-1.9808278906110703,-0.897095666339527,101.14,-0.05346309209174891
2023-08-18,israel_hamas_war,2023-10-07,1357,-2.4952329116077854,2.4952329116077854,3.2155792287266065,0.8518855480812687,0.6703445976683232,3.5353510119910823,-0.944967177368396,-0.8313729497399797,-0.6083535318084823,-0.7861008146093091,-0.969335575391589,101.14,-0.05346309209174891
2023-08-19,israel_hamas_war,2023-10-07,846,-4.401015467729698,4.401015467729698,5.575731833959928,0.9950301904473215,0.7436368067321324,3.74521160942901,0.9503487941717594,1.3940183150786756,-0.5421478620245804,0.7214139984661077,-0.5797760316110459,101.14,-0.05346309209174891
2023-08-20,israel_hamas_war,2023-10-07,689,-3.669227828349821,3.669227828349821,4.784045310322647,0.6891359694527425,0.7179921190256222,3.8555360014841553,0.2225801427917727,0.6475359603909018,-0.6836266589199772,0.1939398359586104,-0.3749833246352653,101.14,-0.05346309209174891
2023-08-21,israel_hamas_war,2023-10-07,1006,-3.9387492917637377,3.9387492917637377,5.071079016179393,1.0384404523791753,0.7337536392015915,3.980412849308257,0.4906213905408125,0.9181804518978328,-0.5220702299233138,0.5181315262537468,-0.1431772187677847,101.14,-0.05346309209174891
2023-08-22,israel_hamas_war,2023-10-07,1084,-3.1840869474275166,3.1840869474275166,4.133420536689933,0.8961830433793334,0.7043576652397971,3.99390812389164,-0.259896337594421,0.0340609314006811,-0.5878655463870095,-0.0865011728862555,-0.1181262417188378,101.14,-0.05346309209174891
2023-08-23,israel_hamas_war,2023-10-07,1570,-1.5159813421888062,1.5159813421888062,2.089101630056515,0.5848707707985452,0.5996671505456341,3.794010050599825,-1.9188406834058955,-1.8935302875899584,-0.7318502403125684,-2.239833753604868,-0.4891925742503724,101.14,-0.05346309209174891
2023-08-24,israel_hamas_war,2023-10-07,1349,-3.277548638785021,3.277548638785021,4.155447483469634,1.1133788744375,0.6933169341223577,3.8324666946379313,-0.1669479391593461,0.0548301710021714,-0.4874105434487558,-0.3135930550838854,-0.4178063641198759,101.14,-0.05346309209174891
2023-08-25,israel_hamas_war,2023-10-07,1238,-2.332198820049036,2.332198820049036,2.852615525165125,0.7363090389462394,0.6533802363876269,3.732551616920258,-1.1071058834050522,-1.1736119446087447,-0.661808694866576,-1.135033207993,-0.6032764931849891,101.14,-0.05346309209174891
2023-08-26,israel_hamas_war,2023-10-07,709,-2.730791025863927,2.730791025863927,3.503402135735715,0.5264231121316862,0.6720979337345624,3.706371973402588,-0.7107027515862416,-0.5599843193384886,-0.7588828021002805,-0.7500372257788271,-0.6518731812226145,101.14,-0.05346309209174891
2023-08-27,israel_hamas_war,2023-10-07,684,-2.6982673276993365,2.6982673276993365,3.4158765476690927,0.5034200525859994,0.6768123758945047,3.667716395793439,-0.7430478291434298,-0.6425123214260153,-0.7695219216588505,-0.6530679642122562,-0.7236286673016415,101.14,-0.05346309209174891
2023-08-28,israel_hamas_war,2023-10-07,1136,-2.8362946659229125,2.8362946659229125,3.36344406972496,0.8314770391127001,0.6933609456685782,3.6337617264919393,-0.6057785390011898,-0.6919509798207909,-0.6177926486571564,-0.3126878011868997,-0.7866579621945227,101.14,-0.05346309209174891
2023-08-29,israel_hamas_war,2023-10-07,965,-2.532289376624872,2.532289376624872,3.0969042651682144,0.6435992339211515,0.6697782011637227,3.5712295441299284,-0.9081142269779688,-0.9432717425002086,-0.7046878039674593,-0.7977507721104686,-0.9027350568466131,101.14,-0.05346309209174891
2023-08-30,israel_hamas_war,2023-10-07,1093,-2.7614907118742416,2.7614907118742416,3.624560555185761,0.7828592189209035,0.6837431668534535,3.5787355974023933,-0.6801716686829438,-0.4457438724684385,-0.6402788227537047,-0.5105116110827163,-0.8888017376618207,101.14,-0.05346309209174891
2023-08-31,israel_hamas_war,2023-10-07,1384,-3.5238024817259928,3.5238024817259928,4.414276110449543,1.2232650263775109,0.7204199487430913,3.666365608573676,0.077953474215385,0.2988800533228758,-0.4365872211859497,0.2438767843663598,-0.7261361034735563,101.14,-0.05346309209174891
2023-09-01,israel_hamas_war,2023-10-07,1190,-2.215189405505746,2.215189405505746,2.976392955331232,0.6759919581623746,0.6522395780934216,3.593011504803709,-1.2234726805992404,-1.0569020287911934,-0.6897058810043124,-1.1584949005403584,-0.862301689333526,98.63,-0.10492685278018757
2023-09-02,israel_hamas_war,2023-10-07,841,-5.206506059086634,5.206506059086634,6.405043030487996,1.1709139601063998,0.7787929806721238,3.8792065959857935,1.7514156198807391,2.175977027611767,-0.4608000547862263,1.444525686086981,-0.3310441282942268,98.63,-0.10492685278018757
2023-09-03,israel_hamas_war,2023-10-07,915,-4.406910144400231,4.406910144400231,5.658547769840808,1.068501311003511,0.75042601244412,4.059653550512789,0.9562110971951756,1.4721055793888036,-0.5081668155404411,0.8610581476952155,0.003915526544819,98.63,-0.10492685278018757
2023-09-04,israel_hamas_war,2023-10-07,997,-2.280406561334524,2.280406561334524,3.5043216740323846,0.5964899270804488,0.6550510267951913,3.998775299674302,-1.1586136983068245,-0.5591172853642713,-0.7264762772270336,-1.1006674640603142,-0.1090914119292459,98.63,-0.10492685278018757
2023-09-05,israel_hamas_war,2023-10-07,1386,-3.684217956259894,3.684217956259894,5.402097876703165,1.280513392769466,0.7221270993091907,4.145873087219259,0.2374879447086947,1.2302986086078742,-0.4101093427382095,0.2789904042096958,0.1639629284601629,98.63,-0.10492685278018757
2023-09-06,israel_hamas_war,2023-10-07,1492,-2.3981574162944,2.3981574162944,3.148641216923031,0.8867732690779477,0.6615281913507682,4.0530904869062425,-1.041509532697238,-0.8944888967434482,-0.592217650663085,-0.9674415504334212,-0.0082673419668613,98.63,-0.10492685278018757
2023-09-07,israel_hamas_war,2023-10-07,1244,-1.8681485655584529,1.8681485655584529,2.746231759399644,0.5922512469644866,0.6242741666899368,3.919019422015836,-1.5686075673762914,-1.2739213494023431,-0.7284367044664922,-1.733702995411641,-0.2571404677966229,98.63,-0.10492685278018757
2023-09-08,israel_hamas_war,2023-10-07,1081,-3.1400487699820547,3.1400487699820547,4.271377933187488,0.881655630565992,0.7140460582964299,3.955211758385076,-0.3036926567504475,0.1641411577394486,-0.5945846039754519,0.112775069900412,-0.1899574414616125,98.63,-0.10492685278018757
2023-09-09,israel_hamas_war,2023-10-07,1053,-2.239619450139713,2.239619450139713,3.232443625640101,0.6145887644073379,0.656726051152084,3.883812762029264,-1.199176806113739,-0.8154714857861197,-0.7181054040477749,-1.0662146339091658,-0.3224938050588118,98.63,-0.10492685278018757
2023-09-10,israel_hamas_war,2023-10-07,1226,-2.690310763145825,2.690310763145825,3.676996080542892,0.8423009239511274,0.6778865289633701,3.864183705268128,-0.7509606961325933,-0.3963023406635915,-0.6127865056849354,-0.6309741880318277,-0.358930785083004,98.63,-0.10492685278018757
2023-09-11,israel_hamas_war,2023-10-07,1435,-3.292942376832557,3.292942376832557,4.2924619722889314,1.178522209217562,0.7042997825917373,3.915633419754657,-0.1516387437375081,0.184021328343421,-0.4572811719278712,-0.0876917353005261,-0.2634258282321138,98.63,-0.10492685278018757
2023-09-12,israel_hamas_war,2023-10-07,1501,-2.863993781144042,2.863993781144042,3.356882747647977,1.0643620846350492,0.6852292829117743,3.856486999969376,-0.5782315477101332,-0.6981376597852147,-0.5100812445374442,-0.4799443516088283,-0.3732180073696076,98.63,-0.10492685278018757
2023-09-13,israel_hamas_war,2023-10-07,1721,-3.695519002456078,3.695519002456078,4.384127797786554,1.537798973763305,0.716633355916578,3.914371607673453,0.2487269254003466,0.2704531662222404,-0.2911124740193767,0.1659920425913604,-0.2657681018398873,98.63,-0.10492685278018757
2023-09-14,israel_hamas_war,2023-10-07,1454,-2.77905156247794,2.77905156247794,3.440795024311329,1.0056522144319318,0.6774323753864769,3.87230660758901,-0.6627072625175586,-0.6190166541843043,-0.5372350814919814,-0.6403154707318969,-0.3438524227752215,98.63,-0.10492685278018757
2023-09-15,israel_hamas_war,2023-10-07,1119,-2.280316585515372,2.280316585515372,2.908032350579697,0.6598013252381731,0.6509076953227823,3.774180755856497,-1.1587031799775134,-1.121359340718592,-0.6971941926816082,-1.1858898041960892,-0.5260012515724,98.63,-0.10492685278018757
2023-09-16,israel_hamas_war,2023-10-07,612,-2.7716907471825074,2.7716907471825074,3.688330028569793,0.4670112881242434,0.6824989581628387,3.755172516495009,-0.6700276521119404,-0.3856155448695197,-0.7863612989303433,-0.5361031856254623,-0.5612858221117699,98.63,-0.10492685278018757
2023-09-17,israel_hamas_war,2023-10-07,895,-3.4699426696217253,3.4699426696217253,4.541160709182464,0.8249552489719612,0.7293460167412504,3.832430006819912,0.0243894609561305,0.4185197228231237,-0.6208090345820555,0.4274731024692585,-0.4178744668977404,98.63,-0.10492685278018757
2023-09-18,israel_hamas_war,2023-10-07,1754,-3.013362736394986,3.013362736394986,3.440413680535221,1.2735413407473712,0.6964257094781944,3.784223033374644,-0.4296829288606325,-0.6193762237758477,-0.4133339787864843,-0.2496500390483421,-0.5073599959186611,98.63,-0.10492685278018757
2023-09-19,israel_hamas_war,2023-10-07,2374,-2.050250719955895,2.050250719955895,2.5191052254070923,1.1022116594782625,0.6491017063612156,3.648796204685405,-1.387505520570032,-1.4880792829337617,-0.492575479654377,-1.2230363869855667,-0.758749795833005,98.63,-0.10492685278018757
2023-09-20,israel_hamas_war,2023-10-07,1971,-2.649731971295691,2.649731971295691,3.397285719647987,1.2305088789572014,0.6718638827993095,3.6308695959979618,-0.791316628687599,-0.6600416397388132,-0.4332368749632259,-0.7548513152491099,-0.7920265594897863,98.63,-0.10492685278018757
2023-09-21,israel_hamas_war,2023-10-07,1381,-1.934784032587244,1.934784032587244,2.6821337708268485,0.6704172012708987,0.632917076714323,3.5278596461819345,-1.5023380632689065,-1.3343594344422909,-0.6922842556314169,-1.555930827588229,-0.9832416305659908,98.63,-0.10492685278018757
2023-09-22,israel_hamas_war,2023-10-07,1485,-1.5774667511365563,1.5774667511365563,1.9222948603999288,0.5810148540450161,0.6042442243831474,3.3621654765815525,-1.857692953188192,-2.050812629114517,-0.7336336360937779,-2.145689959895718,-1.2908160199685197,98.63,-0.10492685278018757
2023-09-23,israel_hamas_war,2023-10-07,727,-3.234467403228713,3.234467403228713,3.922004789284904,0.6378839490423671,0.6989668724123613,3.420461138824287,-0.2097925719645229,-0.1652832790020804,-0.7073311740381191,-0.1973819901707365,-1.182603083071772,98.63,-0.10492685278018757
2023-09-24,israel_hamas_war,2023-10-07,1438,-4.984592853874341,4.984592853874341,6.028703004236544,1.7870868035218648,0.7820945663481792,3.6957146458534265,1.5307211651102015,1.8211254789599751,-0.175814636354341,1.512434531745569,-0.6716561405234867,98.63,-0.10492685278018757
2023-09-25,israel_hamas_war,2023-10-07,918,-1.6131746597521976,1.6131746597521976,2.0389162851406515,0.3922693836208775,0.6021792227205132,3.522720111995437,-1.8221811529085,-1.9408501210405729,-0.8209300942885082,-2.18816405960168,-0.9927820331826778,98.63,-0.10492685278018757
2023-09-26,israel_hamas_war,2023-10-07,1364,-1.543349626770887,1.543349626770887,2.1437714060851247,0.5292085395071403,0.6096609417318178,3.379561570158005,-1.891622705827368,-1.84198207763358,-0.7575945171740813,-2.0342759126774923,-1.2585240396733093,98.63,-0.10492685278018757
2023-09-27,israel_hamas_war,2023-10-07,1312,-2.0674908083524426,2.0674908083524426,2.7046880300870626,0.6859266508274412,0.6416506506215311,3.30699422492558,-1.3703601149812474,-1.3130929911492415,-0.6851109973180199,-1.376293834729373,-1.3932291832173245,98.63,-0.10492685278018757
2023-09-28,israel_hamas_war,2023-10-07,1349,-2.634177280459137,2.634177280459137,3.262378209176518,0.8948264873572168,0.669479654562451,3.296171273194775,-0.8067858929434762,-0.787246124184411,-0.5884929656082888,-0.803891444216812,-1.413319586990516,98.63,-0.10492685278018757
2023-09-29,israel_hamas_war,2023-10-07,1018,-2.3711165771054947,2.3711165771054947,3.026394806462132,0.6316842439101064,0.6607558413434058,3.269469761483764,-1.0684018632172907,-1.009755211892687,-0.7101985927829604,-0.9833276738270288,-1.462885007309444,98.63,-0.10492685278018757
2023-09-30,israel_hamas_war,2023-10-07,670,-1.905530165612265,1.905530165612265,2.7908862701218515,0.3488680351896585,0.6271746820093064,3.2016522504760294,-1.5314312675953294,-1.2318165474180969,-0.8410036038164819,-1.6740435873332884,-1.5887731395793383,98.63,-0.10492685278018757
2023-10-01,israel_hamas_war,2023-10-07,881,-1.99608252251847,1.99608252251847,2.6826122101772234,0.4679373126326682,0.6351128565070634,3.1333136578289724,-1.4413762255058602,-1.3339083132949932,-0.7859330043619738,-1.5107668107562902,-1.7156285440678634,197.89,1.930249595799259
2023-10-02,israel_hamas_war,2023-10-07,979,-1.7149844108385923,1.7149844108385923,2.2738371598308063,0.4414502864853247,0.617251435626359,3.040570663712965,-1.720930542405888,-1.7193428925250054,-0.798183489449528,-1.8781504236147049,-1.8877852943952305,197.89,1.930249595799259
2023-10-03,israel_hamas_war,2023-10-07,1082,-2.366074361384435,2.366074361384435,2.9776025485884765,0.6648766480612963,0.6534092045253149,3.020884589387871,-1.073416387018748,-1.0557615015800768,-0.6948468107515523,-1.1344373752676702,-1.9243281148509928,197.89,1.930249595799259
2023-10-04,israel_hamas_war,2023-10-07,1022,-1.8228064342501908,1.8228064342501908,2.3805972022368684,0.4872843809402989,0.6217526792719168,2.9526143316048388,-1.6137006790621782,-1.6186786959491943,-0.7769848132561825,-1.7855663473586283,-2.051056670856388,197.89,1.930249595799259
2023-10-05,israel_hamas_war,2023-10-07,1170,-2.752063065703916,2.752063065703916,3.642536498128919,0.8276341115894325,0.677522192820298,3.026556386505192,-0.6895475380880072,-0.4287943301744868,-0.6195700368038836,-0.6384680559290518,-1.913799684433784,197.89,1.930249595799259
2023-10-06,israel_hamas_war,2023-10-07,1230,-4.08190869283028,4.08190869283028,4.935718650341584,1.2815703763648445,0.7369704918637491,3.221141431036661,0.6329945581647599,0.7905489694800512,-0.4096204784277752,0.5842975362789268,-1.552595808624671,197.89,1.930249595799259
2023-10-07,israel_hamas_war,2023-10-07,8165,-6.317313206769748,6.317313206769748,6.691467297276511,7.820334230150036,0.8120684212618428,3.5872764578582585,2.856122199097688,2.4460468781501974,2.614615939667326,2.1289534068688662,-0.8729475289952118,197.89,1.930249595799259
2023-10-08,israel_hamas_war,2023-10-07,12627,-5.417812739604878,5.417812739604878,5.863270649648374,8.483157594260543,0.7960993536176154,3.826949566949932,1.96156180113991,1.6651390753678652,2.9211776386873805,1.800492765114744,-0.4280476851270353,197.89,1.930249595799259
2023-10-09,israel_hamas_war,2023-10-07,21116,-4.866875831294955,4.866875831294955,5.401909831323409,9.696058114994896,0.7795833953890738,3.990572513406173,1.413650646073196,1.2301213003505311,3.482154913345791,1.460783374448341,-0.124318061025614,197.89,1.930249595799259
2023-10-10,israel_hamas_war,2023-10-07,20375,-4.568302526223581,4.568302526223581,5.069854835948439,8.960636729672498,0.7619423427174804,4.107960625089746,1.116717109789371,0.9170261706083568,3.1420159840510045,1.0979324171587668,0.0935868710626382,197.89,1.930249595799259
2023-10-11,israel_hamas_war,2023-10-07,18895,-4.404867413940898,4.404867413940898,4.93501126234624,8.356147141319092,0.7594863660309663,4.193707939877132,0.9541795854402332,0.7898819723281785,2.862434174960374,1.0474165262778616,0.2527576979676778,197.89,1.930249595799259
2023-10-12,israel_hamas_war,2023-10-07,19504,-4.341748699825674,4.341748699825674,4.880550486282886,8.353754342039416,0.7592965635926552,4.270343236552201,0.8914075201899891,0.7385308287377618,2.861327484019303,1.0435125644384422,0.3950140889943776,197.89,1.930249595799259
2023-10-13,israel_hamas_war,2023-10-07,21089,-4.243812800764371,4.243812800764371,4.732840225945755,8.450068766526714,0.7517664591614839,4.326670427472068,0.7940094864627055,0.59925461314498,2.905873761669893,0.8886291993578156,0.4995729965028397,197.89,1.930249595799259
2023-10-14,israel_hamas_war,2023-10-07,13940,-4.535079037012804,4.535079037012804,4.997583009942842,7.459482222941895,0.7666791925043863,4.400992028484736,1.083676084448257,0.8488809625702308,2.447718678022093,1.1953625712268052,0.6375345259037927,197.89,1.930249595799259
2023-10-15,israel_hamas_war,2023-10-07,13201,-4.481719396875122,4.481719396875122,4.959548638743259,7.175768358257332,0.7622422747436277,4.459158234670882,1.030609496204118,0.8130182996039714,2.3164984931241683,1.104101585452482,0.7455071564116335,197.89,1.930249595799259
2023-10-16,israel_hamas_war,2023-10-07,16846,-4.4047766084464826,4.4047766084464826,5.014448153959637,7.930023471363515,0.7590379505280687,4.523379823775118,0.9540892786508692,0.8647831309688603,2.6653481889683905,1.0381932674667875,0.8647202590985598,197.89,1.930249595799259
2023-10-17,israel_hamas_war,2023-10-07,17451,-4.101342431739863,4.101342431739863,4.643502232111897,7.504890969099183,0.7420708191638671,4.547124036005616,0.6523215667071336,0.5150176910690717,2.468720626846016,0.6892038974689251,0.9087961103868292,197.89,1.930249595799259
2023-10-18,israel_hamas_war,2023-10-07,20279,-4.766456284598565,4.766456284598565,5.38108049386481,9.329973104000944,0.7633243448178428,4.641475178092282,1.3137826049385413,1.21048128828964,3.312837340923329,1.1263582029907082,1.0839380299047414,197.89,1.930249595799259
2023-10-19,israel_hamas_war,2023-10-07,16857,-4.107045296418587,4.107045296418587,4.617995526742265,7.396248780807033,0.738455162038209,4.649817999414295,0.6579931111728946,0.4909673821195499,2.4184726488303445,0.614835056011496,1.0994246229466162,197.89,1.930249595799259
2023-10-20,israel_hamas_war,2023-10-07,17136,-3.7711059943309526,3.7711059943309526,4.197616951715059,6.843016805757771,0.7256767054078199,4.617163349034307,0.323898792453558,0.0945918228832112,2.162597941620949,0.3520006715030125,1.0388085241665497,197.89,1.930249595799259
2023-10-21,israel_hamas_war,2023-10-07,10658,-3.7450411026314696,3.7450411026314696,4.092102316666296,5.370892599102724,0.7209607579013103,4.565596608505892,0.2979770495056,-0.0048980773153536,1.4817274074834723,0.2550004471331916,0.9430863344856566,197.89,1.930249595799259
2023-10-22,israel_hamas_war,2023-10-07,9276,-4.219133504412494,4.219133504412494,4.62766423742772,5.612059410509019,0.7483561132386088,4.564066142110818,0.7694657291532313,0.5000840232442635,1.5932692019571455,0.8184833126105692,0.9402453638703272,197.89,1.930249595799259
2023-10-23,israel_hamas_war,2023-10-07,12766,-3.843369823892186,3.843369823892186,4.2730763756242,6.051234784198452,0.732131087838949,4.547305302917041,0.3957657480472579,0.1657426215405927,1.7963917169678765,0.4847579897564389,0.9091325921093596,197.89,1.930249595799259
2023-10-24,israel_hamas_war,2023-10-07,13788,-4.030442612769301,4.030442612769301,4.496110101127426,6.593815112352,0.7378365777096195,4.5551765609206765,0.5818111305387713,0.3760414400976133,2.047339942784911,0.6021116703966192,0.9237438326867242,197.89,1.930249595799259
2023-10-25,israel_hamas_war,2023-10-07,14832,-4.045198037944811,4.045198037944811,4.526413076092003,6.857369696297118,0.7344462432596146,4.56236067950924,0.5964855187118473,0.4046141585034726,2.1692362811060035,0.5323773907242378,0.9370795517020762,197.89,1.930249595799259
2023-10-26,israel_hamas_war,2023-10-07,12726,-4.174308270025543,4.174308270025543,4.727310136554445,6.561901012982671,0.7436236240826819,4.586945704147239,0.7248866755834994,0.5940402839538088,2.0325793880804373,0.7211428504194591,0.9827161842988416,197.89,1.930249595799259
2023-10-27,israel_hamas_war,2023-10-07,13917,-4.095620666104867,4.095620666104867,4.558403179479962,6.731186615747782,0.7483817833855769,4.592551959935423,0.6466312250894172,0.4347776727111363,2.1108754844664634,0.8190113104332916,0.9931229518093928,197.89,1.930249595799259
2023-10-28,israel_hamas_war,2023-10-07,11038,-4.703886764919589,4.703886764919589,5.116647811671486,6.872045255219499,0.767358456166157,4.657805551099986,1.2515567179409832,0.9611473342983826,2.176023857587034,1.2093340430269215,1.1142517368907745,197.89,1.930249595799259
2023-10-29,israel_hamas_war,2023-10-07,9677,-4.5754446796296255,4.5754446796296255,4.974544442771008,6.229230520882448,0.7576918560342508,4.702136624075659,1.123820038388535,0.8271578646550992,1.8787163277326149,1.0105060492051172,1.196542518364477,197.89,1.930249595799259
2023-10-30,israel_hamas_war,2023-10-07,12087,-4.277402172865211,4.277402172865211,4.8091388112058935,6.550301585436153,0.752347677678787,4.726838032943994,0.8274143852599085,0.6711966582396226,2.027214549710425,0.9005840242383879,1.242395192410787,197.89,1.930249595799259
2023-10-31,israel_hamas_war,2023-10-07,12808,-4.5154812854107,4.5154812854107,5.039265905097688,7.121211481928461,0.75456515953383,4.769466345299955,1.0641859639733748,0.8881838239887093,2.291265452760466,0.9461944211264516,1.3215251773448786,197.89,1.930249595799259
2023-11-01,israel_hamas_war,2023-10-07,12463,-4.353007111925466,4.353007111925466,4.989397448301175,6.770938967645105,0.7499288033667624,4.805866541361472,0.9026041009323056,0.8411627847987563,2.1292613006545222,0.8508312755776128,1.38909404898807,156.7,1.0857108297606994
2023-11-02,israel_hamas_war,2023-10-07,12101,-3.862259467530986,3.862259467530986,4.428486360415963,5.918067521970646,0.7301590862089724,4.772468927284901,0.414551649497722,0.3122789183267915,1.7348006742061444,0.4441967663116609,1.3270988032779945,156.7,1.0857108297606994
2023-11-03,israel_hamas_war,2023-10-07,12289,-3.880090404757921,3.880090404757921,4.376688195872412,5.9923615973059725,0.7312876668053613,4.729803611372605,0.4322846589668132,0.2634383549440427,1.7691623445924711,0.4674100380705254,1.2479001294680494,156.7,1.0857108297606994
2023-11-04,israel_hamas_war,2023-10-07,8478,-4.035372345618704,4.035372345618704,4.44326799549558,5.103838127224125,0.7386079368966422,4.6887343808588025,0.586713789226084,0.3262165431706155,1.3582123398758716,0.617977414047845,1.1716642333651277,156.7,1.0857108297606994
2023-11-05,israel_hamas_war,2023-10-07,9635,-4.264922604098873,4.264922604098873,4.676752160082728,5.79268205658255,0.7497867852936947,4.680983616606897,0.8150033544606201,0.5463690956765813,1.6768087816702224,0.8479101690697224,1.157276662650164,156.7,1.0857108297606994
2023-11-06,israel_hamas_war,2023-10-07,11054,-4.134408332041131,4.134408332041131,4.611288587523326,6.0446775436601765,0.7418501207651335,4.669647912000503,0.6852058686192446,0.4846433995438461,1.7933589349189296,0.6846644503767614,1.136234447156595,156.7,1.0857108297606994
2023-11-07,israel_hamas_war,2023-10-07,11489,-4.320070323447143,4.320070323447143,4.8827618855263655,6.444791707028585,0.7537786588136139,4.689926089509542,0.8698482017591935,0.7406159602451706,1.9784152928655347,0.9300172380211112,1.1738763755393564,156.7,1.0857108297606994
2023-11-08,israel_hamas_war,2023-10-07,11999,-4.135540622672825,4.135540622672825,4.5907707659816905,6.309392655637473,0.744701038977926,4.678109490809822,0.6863319406948762,0.4652971162863066,1.9157920277730829,0.7433037176542644,1.1519414870719678,156.7,1.0857108297606994
2023-11-09,israel_hamas_war,2023-10-07,12937,-3.8837731290384254,3.8837731290384254,4.300809240826814,6.155878711183909,0.7320251618225432,4.637177847805196,0.4359471576738145,0.1918919797784635,1.844790463580924,0.4825792446911511,1.0759609915919317,156.7,1.0857108297606994
2023-11-10,israel_hamas_war,2023-10-07,11806,-3.7917228080473455,3.7917228080473455,4.245248765347434,5.736818835546902,0.7326231121975797,4.595292218259674,0.3444023783392754,0.1395039280368862,1.6509715452650104,0.4948782197031713,0.9982096321851684,156.7,1.0857108297606994
2023-11-11,israel_hamas_war,2023-10-07,9600,-4.270655795551669,4.270655795551669,4.603769953523633,5.788928676415839,0.7465926943757341,4.593965161234612,0.8207050591453842,0.4775540687992221,1.6750728099720624,0.7822123352257023,0.9957462458441152,156.7,1.0857108297606994
2023-11-12,israel_hamas_war,2023-10-07,9765,-4.573253181284871,4.573253181284871,5.115803317975924,6.257072165928228,0.7591644197487142,4.64701189256038,1.1216405757834889,0.9603510599858096,1.891593336104523,1.0407945565527152,1.0942157094147,156.7,1.0857108297606994
2023-11-13,israel_hamas_war,2023-10-07,10479,-3.811132904150524,3.811132904150524,4.256205329679415,5.416609418007475,0.7267889357530839,4.603743844227282,0.3637058739218686,0.149834888205626,1.5028718426921504,0.3748776422268403,1.0138981968625806,156.7,1.0857108297606994
2023-11-14,israel_hamas_war,2023-10-07,10432,-3.716468953616378,3.716468953616378,4.1659983869500055,5.269400892893222,0.7246383158936226,4.5573322860034775,0.2695618191344475,0.064778632974122,1.434786591005491,0.3306424999539492,0.9277454570508245,156.7,1.0857108297606994
2023-11-15,israel_hamas_war,2023-10-07,10877,-3.644556180473667,3.644556180473667,4.107697882110848,5.283382623750756,0.7215015092154414,4.505336596777883,0.1980439919524854,0.0098070036329117,1.4412532658377504,0.2661229201307368,0.8312270194757642,156.7,1.0857108297606994
2023-11-16,israel_hamas_war,2023-10-07,11852,-4.002070982244428,4.002070982244428,4.550879725115695,6.067212886464327,0.7430734707934346,4.509520262947,0.5535953174074708,0.4276837968378656,1.8037817313261004,0.7098269923822088,0.8389930656229145,156.7,1.0857108297606994
2023-11-17,israel_hamas_war,2023-10-07,11277,-4.018886807241827,4.018886807241827,4.532602063476687,5.937587979593163,0.7405989757383568,4.513678396533675,0.5703187896576579,0.4104497635543533,1.7438290594116637,0.6589302054240758,0.8467117162070604,156.7,1.0857108297606994
2023-11-18,israel_hamas_war,2023-10-07,7736,-4.633513329581,4.633513329581,5.039592969906347,5.559762990059632,0.7664354607934648,4.571502366064983,1.1815697744982896,0.8884922138642648,1.5690816425352685,1.1903493621923973,0.9540490604498684,156.7,1.0857108297606994
2023-11-19,israel_hamas_war,2023-10-07,6851,-4.404841101489726,4.404841101489726,4.82617840725105,4.918382442263821,0.7574966306448923,4.598066263651751,0.954153417497413,0.687263317705137,1.2724374367074314,1.0064905451003054,1.0033590307409586,156.7,1.0857108297606994
2023-11-20,israel_hamas_war,2023-10-07,8213,-3.931952391804439,3.931952391804439,4.42245289772888,4.883823938347272,0.7422182154141446,4.581329858124212,0.4838618192516128,0.3065899577355691,1.2564538213886411,0.6922356253090783,0.9722916146493656,156.7,1.0857108297606994
2023-11-21,israel_hamas_war,2023-10-07,9060,-4.027879315136682,4.027879315136682,4.46942683724605,5.288075601045725,0.7392189587482625,4.569992197850688,0.5792619105727745,0.3508817524457226,1.4434238095616263,0.6305452504413211,0.9512457688945466,156.7,1.0857108297606994
2023-11-22,israel_hamas_war,2023-10-07,10840,-3.8378773180450354,3.8378773180450354,4.143172961619517,5.553628513865574,0.7112683290118624,4.525193832692907,0.3903034071194105,0.0432565068058366,1.5662443927542922,0.0556411930984027,0.8680875633712781,156.7,1.0857108297606994
2023-11-23,israel_hamas_war,2023-10-07,7910,-3.796207218802444,3.796207218802444,4.202257380871592,4.614278664707631,0.7218208575546138,4.490000586404179,0.3488621606474834,0.0989672901674281,1.131786735821004,0.2726914539214733,0.8027591256570549,156.7,1.0857108297606994
2023-11-24,israel_hamas_war,2023-10-07,8435,-4.103121481618134,4.103121481618134,4.497647252993328,5.1745624165246085,0.7388263966940619,4.490429728775741,0.6540908460184701,0.3774908227890092,1.3909229524823508,0.6224708163463759,0.8035557330646559,156.7,1.0857108297606994
2023-11-25,israel_hamas_war,2023-10-07,7841,-4.420885695149438,4.420885695149438,4.8770002103422,5.346362587238032,0.7421695930069578,4.5277633243031294,0.9701098940232574,0.7351832684789126,1.4703820589013294,0.6912355326659768,0.8728572533066273,156.7,1.0857108297606994
2023-11-26,israel_hamas_war,2023-10-07,9121,-4.389061092895848,4.389061092895848,4.748610020209098,5.783807216406939,0.7428385527655555,4.548600272222735,0.938460072932502,0.6141239746955062,1.6727040891833818,0.7049950680697933,0.911536414733019,156.7,1.0857108297606994
2023-11-27,israel_hamas_war,2023-10-07,10525,-4.17949290983865,4.17949290983865,4.598530001265581,5.9540392532351545,0.747480426240091,4.552430159071852,0.7300428412818891,0.4726133103256895,1.7514379197382768,0.8004716966592224,0.9186457482233814,156.7,1.0857108297606994
2023-11-28,israel_hamas_war,2023-10-07,8252,-3.930130075346784,3.930130075346784,4.451120371277676,4.894811219876784,0.7344262602463474,4.539051149647424,0.4820495109815538,0.3336205595188813,1.2615355367832384,0.5319663690222723,0.8938105915944325,156.7,1.0857108297606994
2023-11-29,israel_hamas_war,2023-10-07,8114,-4.007391401103361,4.007391401103361,4.465329517401149,4.943021910431044,0.7387868712282577,4.52878482400593,0.5588865164512588,0.3470183837077047,1.2838334098026631,0.6216578346399344,0.8747534404091761,156.7,1.0857108297606994
2023-11-30,israel_hamas_war,2023-10-07,9946,-3.8160350323081422,3.8160350323081422,4.209598781501723,5.273420353922651,0.7276804577943364,4.495657414241834,0.368581079522752,0.1058895073145743,1.436645627468366,0.3932149621212555,0.8132597689344757,156.7,1.0857108297606994
2023-12-01,israel_hamas_war,2023-10-07,8616,-4.516536970709249,4.516536970709249,5.055717036308929,5.764860671983547,0.760383436136003,4.555413309680643,1.065235851433428,0.9036956191212372,1.6639411439350824,1.0658679618258415,0.9241833041265703,142.28,0.7900504994311045
2023-12-02,israel_hamas_war,2023-10-07,6146,-4.691511908689046,4.691511908689046,5.1779297616674205,4.901971435507463,0.7747696788270089,4.621722120653828,1.2392498245947725,1.01893017253927,1.2648472001734334,1.3617721819088775,1.04727087019044,142.28,0.7900504994311045
2023-12-03,israel_hamas_war,2023-10-07,6830,-5.262964358580099,5.262964358580099,5.838117387663548,5.865688730857837,0.7982476618656683,4.749775280770888,1.807563849599931,1.6414220286910493,1.710575017620083,1.8446803608818776,1.2849730936848407,142.28,0.7900504994311045
2023-12-04,israel_hamas_war,2023-10-07,7829,-4.526780792270268,4.526780792270268,5.046475356684987,5.469562727644981,0.7656016348452241,4.78184860502673,1.0754234137824683,0.8949816261947762,1.5273632192038908,1.1731987675445392,1.3445100897535138,142.28,0.7900504994311045
2023-12-05,israel_hamas_war,2023-10-07,8300,-3.819300826444224,3.819300826444224,4.314532084513313,4.77256741661944,0.7291458526668066,4.731978906860999,0.3718289378715418,0.2048312687043961,1.2049966909151002,0.4233560167499997,1.251938081939319,142.28,0.7900504994311045
2023-12-06,israel_hamas_war,2023-10-07,8935,-4.3618383560311065,4.3618383560311065,5.223206775164424,5.682307912312367,0.750709023066108,4.784594318255692,0.911386843721205,1.0616219332796084,1.6257597586160035,0.8668792671614488,1.349606895947173,142.28,0.7900504994311045
2023-12-07,israel_hamas_war,2023-10-07,8825,-3.899181489675016,3.899181489675016,4.380790226232468,5.04447559926765,0.7332563088881455,4.7446556036284,0.4512708953772412,0.2673061652335328,1.3307566429076694,0.5079021604850253,1.2754695512558194,142.28,0.7900504994311045
2023-12-08,israel_hamas_war,2023-10-07,8551,-4.052144427884999,4.052144427884999,4.573352971963244,5.150015208477335,0.733799793450294,4.729337294232787,0.6033937589808602,0.4488738534112224,1.379569650512874,0.5190808524439938,1.2470345153677247,142.28,0.7900504994311045
2023-12-09,israel_hamas_war,2023-10-07,6634,-5.095224492896726,5.095224492896726,5.719582182095234,5.579531948774786,0.7667498725568255,4.83452385023552,1.640745213616278,1.5296550139394196,1.5782249617055393,1.196816357753395,1.4422899719352265,142.28,0.7900504994311045
2023-12-10,israel_hamas_war,2023-10-07,6552,-4.659880595557955,4.659880595557955,5.153943283992337,5.064318867587507,0.7604860667275082,4.866676421374737,1.2077922310799387,0.9963132884557848,1.339934330930797,1.0679789247637173,1.5019740722250363,142.28,0.7900504994311045
2023-12-11,israel_hamas_war,2023-10-07,6538,-4.237672310001641,4.237672310001641,4.802797947980308,4.599461536610123,0.7450146431578758,4.86330712892093,0.7879027193615415,0.6652178492412808,1.1249336823377951,0.7497541023916792,1.4957197298320744,142.28,0.7900504994311045
2023-12-12,israel_hamas_war,2023-10-07,7594,-4.033668105480258,4.033668105480258,4.454429547055915,4.787934619334845,0.7378615349916351,4.824012230312763,0.5850189087984292,0.3367407860899577,1.212104158799764,0.6026250056175539,1.422777486449642,142.28,0.7900504994311045
2023-12-13,israel_hamas_war,2023-10-07,8046,-3.971525071886047,3.971525071886047,4.423131139571835,4.875122454817783,0.7311981420457692,4.785666099758909,0.5232171656180652,0.3072294729386954,1.2524293078919346,0.4655686431535754,1.3515964200337462,142.28,0.7900504994311045
2023-12-14,israel_hamas_war,2023-10-07,7405,-4.207256334276654,4.207256334276654,4.74703388632738,4.920586700122744,0.7412081401959654,4.78288613874866,0.7576537886026964,0.6126378358056814,1.2734569255650947,0.6714598379071754,1.3464360404479574,142.28,0.7900504994311045
2023-12-15,israel_hamas_war,2023-10-07,7308,-4.176224816198302,4.176224816198302,4.6775663868060855,4.846403493037225,0.7511500971114071,4.7731547282744105,0.7267926960577429,0.5471368312178018,1.239146532730026,0.8759515228001437,1.328371840350504,142.28,0.7900504994311045
2023-12-16,israel_hamas_war,2023-10-07,5979,-5.462654461639207,5.462654461639207,5.997165674943346,5.610627245136709,0.7983212190753106,4.900844013213845,2.006157251806628,1.7913888860934082,1.592606812739164,1.846193326373854,1.565398610472907,142.28,0.7900504994311045
2023-12-17,israel_hamas_war,2023-10-07,5201,-5.113654127247877,5.113654127247877,5.670245751419705,4.806117955027423,0.778524337646403,4.982445544543184,1.6590736321565651,1.4831356229393615,1.2205141132244233,1.439000087310844,1.7168737120619664,142.28,0.7900504994311045
2023-12-18,israel_hamas_war,2023-10-07,7189,-4.561454783655724,4.561454783655724,5.125126239548291,5.242162925834406,0.7621863149660828,5.000594123911443,1.1099069751199335,0.9691416560615604,1.422188789069815,1.1029505737056275,1.750562514940054,142.28,0.7900504994311045
2023-12-19,israel_hamas_war,2023-10-07,7302,-3.888026824347793,3.888026824347793,4.420099209967412,4.509764456026475,0.7295702448039618,4.942272220952499,0.4401774916287611,0.3043706621811764,1.083447985077013,0.4320851496481112,1.6423008679873932,142.28,0.7900504994311045
2023-12-20,israel_hamas_war,2023-10-07,5596,-4.065481488770331,4.065481488770331,4.560322957196859,4.004892772732588,0.7366198474082168,4.906381003253256,0.6166575725403735,0.436587833864319,0.8499403427726531,0.5770852866061491,1.575676801519743,142.28,0.7900504994311045
2023-12-21,israel_hamas_war,2023-10-07,5752,-4.266915623304992,4.266915623304992,4.805483550570842,4.2772145177903695,0.7424241170164162,4.899622571363064,0.8169854279772496,0.6677501077624025,0.9758915710566052,0.6964707236834526,1.563131275222966,142.28,0.7900504994311045
2023-12-22,israel_hamas_war,2023-10-07,6618,-4.431850237117805,4.431850237117805,4.954558927979793,4.845984259656276,0.7413242943041701,4.907639499368352,0.9810142185730408,0.8083134941933522,1.238952633563961,0.6738489600383666,1.5780129197736297,142.28,0.7900504994311045
2023-12-23,israel_hamas_war,2023-10-07,4522,-4.037807951802969,4.037807951802969,4.409989716860411,3.460279987224437,0.7304507510889293,4.855295458101439,0.5891360190269551,0.2948384066811812,0.5980520873586698,0.4501958913565357,1.4808478440780863,142.28,0.7900504994311045
2023-12-24,israel_hamas_war,2023-10-07,5237,-3.49412199068378,3.49412199068378,3.8782402523958974,3.2986904127140235,0.6955105365132014,4.752783325024647,0.0484359888471002,-0.2065489233869691,0.5233154724653222,-0.2684738242620196,1.2905568591056589,142.28,0.7900504994311045
2023-12-25,israel_hamas_war,2023-10-07,5711,-4.0760244165515145,4.0760244165515145,4.568383964588354,4.067429726922895,0.7144050014798728,4.734176907650594,0.6271425984140142,0.4441885692552826,0.8788642400976174,0.1201580124123732,1.2560181817545175,142.28,0.7900504994311045
2023-12-26,israel_hamas_war,2023-10-07,6323,-4.88564006980175,4.88564006980175,5.3598120224203205,5.1951788473923735,0.7738207659300891,4.801758664034752,1.432311831118402,1.1904272161658025,1.4004582350580232,1.3422544150589322,1.38146868797776,142.28,0.7900504994311045
2023-12-27,israel_hamas_war,2023-10-07,5368,-4.485163496417091,4.485163496417091,5.134198746387983,4.302328378584038,0.7592055845660503,4.838696499100898,1.0340346807029994,0.9776961357279552,0.9875069549593616,1.041641257350854,1.4500355669073068,142.28,0.7900504994311045
2023-12-28,israel_hamas_war,2023-10-07,5267,-4.779323135041708,4.779323135041708,5.460122243993534,4.528706034647915,0.7756983927695288,4.90774508289384,1.3265787904582225,1.2850098674596515,1.0922086335977588,1.3808744854598531,1.5782089121157938,142.28,0.7900504994311045
2023-12-29,israel_hamas_war,2023-10-07,5259,-4.917463765637469,4.917463765637469,5.445938041459853,4.655027311396896,0.785569333042215,4.963719372217491,1.4639607507693466,1.2716355626172955,1.1506333472083274,1.5839054606498888,1.6821127362665431,142.28,0.7900504994311045
2023-12-30,israel_hamas_war,2023-10-07,3720,-4.678286559390901,4.678286559390901,5.17631761671083,3.505433070800336,0.7609622580694504,4.984970293604705,1.2260971091008397,1.0174100787554772,0.6189357899656198,1.0777734924402238,1.7215603474026344,142.28,0.7900504994311045
2023-12-31,israel_hamas_war,2023-10-07,4244,-4.485847012943744,4.485847012943744,4.9005776233517055,3.682635096951735,0.7684365173845935,4.971353468117603,1.0347144433472828,0.7574144449045521,0.7008933025522041,1.2315082041956775,1.6962837381236413,142.28,0.7900504994311045
2024-01-01,israel_hamas_war,2023-10-07,3710,-4.444124732642521,4.444124732642521,4.904048321993842,3.3236720471158674,0.7603502010277104,4.9638364009485,0.9932213023958316,0.7606869716148597,0.5348697004862437,1.065184363682121,1.682329974088305,160.37,1.1609586392135163
2024-01-02,israel_hamas_war,2023-10-07,6054,-4.818505416763359,4.818505416763359,5.294951454150412,4.987675468243422,0.7815603510270533,5.002362267127404,1.365545882537997,1.1292700936394986,1.304486077302734,1.5014464946778374,1.7538446797340057,160.37,1.1609586392135163
2024-01-03,israel_hamas_war,2023-10-07,6815,-5.4760651039301065,5.4760651039301065,6.160770611040407,6.095107258818337,0.7857802644881421,5.123380792915594,2.019494242661596,1.94565221417834,1.81668312654686,1.588244015638751,1.9784886685084344,160.37,1.1609586392135163
2024-01-04,israel_iran,2024-04-01,7718,-5.060434446839868,5.060434446839868,5.829441979702316,4.827883020049008,0.7818154135383959,5.829441979702316,1.737272010774216,1.984952067624498,2.638214986139577,1.539077134609216,4.171907182043594,160.37,1.1609586392135163
2024-01-05,israel_iran,2024-04-01,5502,-4.717690494012383,4.717690494012383,5.381649043093838,3.5845939878102864,0.7791172877586501,5.593761486750486,1.1986331221482895,1.318366805561024,1.106176735089346,1.4560634790938614,3.426048913969508,160.37,1.1609586392135163
2024-01-06,israel_iran,2024-04-01,4172,-4.598590060026786,4.598590060026786,5.089950571656732,2.8607634328294296,0.7782914537140472,5.407853400000023,1.011460963842822,0.8841440071866354,0.2142392460946987,1.430654914598408,2.8377054245785214,160.37,1.1609586392135163
2024-01-07,israel_iran,2024-04-01,4291,-4.35344961492032,4.35344961492032,4.817502685751673,2.765401840562535,0.7617017788442684,5.236189918101696,0.6262107622852952,0.4785776603832443,0.0967302813683963,0.9202378076237696,2.294441848978217,160.37,1.1609586392135163
2024-01-08,israel_iran,2024-04-01,6023,-4.391723185710768,4.391723185710768,4.993179467767534,3.5528640280492496,0.7503609041264957,5.176848155914163,0.6863595510946756,0.7400903913910987,1.0670776110741835,0.5713113512920469,2.106642920796649,160.37,1.1609586392135163
2024-01-09,israel_iran,2024-04-01,5682,-4.418880000570105,4.418880000570105,4.936154110752291,3.43383444788356,0.755503191910334,5.125479161793494,0.7290378141355891,0.6552023562242908,0.9204038569496704,0.7295249193372635,1.9440754188889653,160.37,1.1609586392135163
2024-01-10,israel_iran,2024-04-01,6214,-4.293106523791107,4.293106523791107,4.728851127276115,3.5479445456983405,0.7498122748034101,5.049453538308147,0.5313786426404247,0.3466108125219667,1.06101559738185,0.5544315875782353,1.703477059848607,160.37,1.1609586392135163
2024-01-11,israel_iran,2024-04-01,6927,-4.630603749174119,4.630603749174119,5.1292710900455445,4.11642561813231,0.7651359134101245,5.06346810483335,1.06177204242169,0.942676592030856,1.7615242686428318,1.025896359935668,1.747828971139091,160.37,1.1609586392135163
2024-01-12,israel_iran,2024-04-01,9441,-4.778284284442759,4.778284284442759,5.223851861549809,5.173270480611238,0.7815462477391507,5.089649809222164,1.2938592280089465,1.0834696756306972,3.0638173901611387,1.530795668599444,1.8306862345726804,160.37,1.1609586392135163
2024-01-13,israel_iran,2024-04-01,6408,-4.857756828106677,4.857756828106677,5.325714099635134,4.099138600133126,0.7789367323000972,5.125893702399784,1.4187542181094843,1.235101961710828,1.74022240549227,1.4505083012180775,1.945387315918634,160.37,1.1609586392135163
2024-01-14,israel_iran,2024-04-01,5586,-4.701478997273325,4.701478997273325,5.333137443286609,3.61032573559425,0.7727131920785236,5.156095821480307,1.173155961969524,1.2461523626188529,1.1378845848726131,1.2590276712496955,2.040967989344035,160.37,1.1609586392135163
2024-01-15,israel_iran,2024-04-01,6196,-4.506429498213956,4.506429498213956,5.071659730311555,3.716893413542084,0.765784723895676,5.14432888074606,0.8666261325336615,0.856916232305281,1.269202206687148,1.0458584130566275,2.00372914141626,160.37,1.1609586392135163
2024-01-16,israel_iran,2024-04-01,7213,-4.0150502359560365,4.0150502359560365,4.452721816849072,3.665680770350781,0.7377052538903346,5.05159696576872,0.0943995840184371,-0.0644357085520141,1.2060956190216996,0.1819329920939572,1.710260366661412,160.37,1.1609586392135163
2024-01-17,israel_iran,2024-04-01,6889,-4.212229656388566,4.212229656388566,4.71048558606016,3.730877055860091,0.74220788504566,5.007367557972196,0.4042766890862563,0.3192718392967623,1.2864334975331844,0.3204661451614552,1.570287520016864,160.37,1.1609586392135163
2024-01-18,israel_iran,2024-04-01,8176,-4.1560887894544525,4.1560887894544525,4.6439663492634375,4.114028763946758,0.7516907164680207,4.96160541837195,0.3160485703333988,0.2202511999176866,1.758570754054318,0.6122258944345907,1.425464035654159,160.37,1.1609586392135163
2024-01-19,israel_iran,2024-04-01,6026,-4.182547759278444,4.182547759278444,4.758184857023244,3.3847984398375006,0.7467941101573613,4.936636587459867,0.3576301357632497,0.3902770482578047,0.8599794197855327,0.4615712464864582,1.3464451540035385,160.37,1.1609586392135163
2024-01-20,israel_iran,2024-04-01,5422,-4.4777993384598815,4.4777993384598815,5.05919968198806,3.3675315268394272,0.76384694304839,4.951346014844624,0.8216324359158264,0.838368184986924,0.8387023309472508,0.9862384083376454,1.3929960920813815,160.37,1.1609586392135163
2024-01-21,israel_iran,2024-04-01,4391,-5.273162745170716,5.273162745170716,5.907516292818373,3.4070885951205776,0.7942460979623235,5.063849161392932,2.0715849380977995,2.101173611588681,0.8874463801061209,1.921533935672516,1.7490349011760165,160.37,1.1609586392135163
2024-01-22,israel_iran,2024-04-01,5706,-3.950945447766237,3.950945447766237,4.325320404804429,3.0792163204612764,0.7378247809730891,4.978461706757941,-0.0063442265763297,-0.2540856487190865,0.4834269982795072,0.1856105004395743,1.478809146674028,160.37,1.1609586392135163
2024-01-23,israel_iran,2024-04-01,7012,-4.333837679375819,4.333837679375819,4.942110767457346,3.883818051628965,0.7538510436527807,4.974323503977863,0.5953896461770546,0.6640694446621617,1.4748944664598669,0.6786930169321258,1.4657129726129894,160.37,1.1609586392135163
2024-01-24,israel_iran,2024-04-01,7412,-3.624476773401037,3.624476773401037,4.165783050244105,3.368469165018691,0.7240727216994662,4.883535530299277,-0.51940571892529,-0.4915732029086435,0.8398577320800754,-0.2375012461428306,1.1783961906351692,160.37,1.1609586392135163
2024-01-25,israel_iran,2024-04-01,5286,-3.670595329955431,3.670595329955431,4.312358601083552,2.7114797226432654,0.7252057881118653,4.820178634648774,-0.4469281512174968,-0.2733806099025632,0.0302849536225146,-0.2026400156023565,0.977890565971133,160.37,1.1609586392135163
2024-01-26,israel_iran,2024-04-01,6735,-4.47183583725411,4.47183583725411,4.961391890460479,3.901689302595696,0.7589730357148553,4.83567323727236,0.8122605020412907,0.6927713543601223,1.496916248495415,0.8362821433491682,1.0269263488336804,160.37,1.1609586392135163
2024-01-27,israel_iran,2024-04-01,5992,-4.464270483040448,4.464270483040448,4.861986107851143,3.59879054924298,0.7593660483804678,4.838532606003355,0.8003711778034983,0.5447957517230391,1.12367039471659,0.8483740251588455,1.035975395629085,160.37,1.1609586392135163
2024-01-28,israel_iran,2024-04-01,5852,-5.011343076668868,5.011343076668868,5.368608477775352,3.9745823204258297,0.7879782621847131,4.895639915432739,1.6601225210402837,1.298954599740816,1.586738396567586,1.728690457442091,1.2167029491567192,160.37,1.1609586392135163
2024-01-29,israel_iran,2024-04-01,7519,-5.060702011728235,5.060702011728235,5.51207380617617,4.747271071211918,0.7892028154481342,4.961541243264372,1.7376925020853435,1.512517310786204,2.5388812142589186,1.766366478157262,1.425260940633471,160.37,1.1609586392135163
2024-01-30,israel_iran,2024-04-01,7321,-4.904038272922479,4.904038272922479,5.368195506584878,4.521077230689908,0.7819701248841362,5.004717348776785,1.4914877726884432,1.298339850184221,2.260154701882562,1.5438371626464604,1.5619004005918913,160.37,1.1609586392135163
2024-01-31,israel_iran,2024-04-01,6040,-4.439642866641474,4.439642866641474,4.966594528428551,3.598576006842049,0.7622753032063087,5.000694533665293,0.761667673869395,0.7005160093331,1.12340602564699,0.93788352087312,1.5491693939894355,160.37,1.1609586392135163
2024-02-01,israel_iran,2024-04-01,6705,-4.391283538249692,4.391283538249692,4.96327693662025,3.8200064528015183,0.7635159585426997,4.992169382024961,0.6856686236023958,0.6955774370061105,1.396262862923329,0.9760549565717762,1.5221898389236437,146.6,0.8786255775880982
2024-02-02,israel_iran,2024-04-01,6311,-4.122192797434168,4.122192797434168,4.629628784348455,3.442726870458396,0.7574475026513461,4.951762294298043,0.26277936070895,0.1989082784804018,0.931361511345302,0.7893458303121353,1.3943134920421216,146.6,0.8786255775880982
2024-02-03,israel_iran,2024-04-01,5216,-4.590942208859346,4.590942208859346,4.952740562086544,3.359480832476663,0.793340407591048,4.951102379514204,0.9994419916064838,0.6798929734838768,0.8287818929867712,1.8936684191539632,1.392225059132014,146.6,0.8786255775880982
2024-02-04,israel_iran,2024-04-01,4937,-4.135713960556541,4.135713960556541,4.406090641232075,2.9099404132719675,0.7586934520496708,4.894329184814477,0.2840285300001463,-0.1338509491192442,0.2748373959661368,0.8276801492377088,1.212554878789912,146.6,0.8786255775880982
2024-02-05,israel_iran,2024-04-01,6654,-3.3235298349957607,3.3235298349957607,3.629192843654734,2.8764402185201727,0.7070391888767723,4.760282941676162,-0.9923585547105058,-1.290342219206919,0.2335569065171417,-0.7615745997897492,0.7883386125356819,146.6,0.8786255775880982
2024-02-06,israel_iran,2024-04-01,6148,-3.642937436094973,3.642937436094973,4.045968778505612,2.9888010161940906,0.72497948113399,4.683935481501568,-0.4903938844210509,-0.6699289142127229,0.3720130784058241,-0.2096028375890432,0.5467217366353231,146.6,0.8786255775880982
2024-02-07,israel_iran,2024-04-01,7612,-3.858918994971354,3.858918994971354,4.35773313186928,3.6488598699180095,0.7307591650012242,4.649265749343034,-0.1509682990032821,-0.2058360127861144,1.185368127495688,-0.0317784051093136,0.437002404082661,146.6,0.8786255775880982
2024-02-08,israel_iran,2024-04-01,6430,-3.459178749051079,3.459178749051079,3.9452804202473257,2.925733432721708,0.7145590637833635,4.572328634130656,-0.7791796504371835,-0.8198137609561277,0.2942982850025462,-0.5302094389434925,0.193519446353746,146.6,0.8786255775880982
2024-02-09,israel_iran,2024-04-01,6572,-3.976856155450184,3.976856155450184,4.42472833389051,3.4133944484113825,0.7416070536195913,4.5531554485903065,0.0343757180798997,-0.1061068508333805,0.8952167441940501,0.301980271225969,0.132842048825088,146.6,0.8786255775880982
2024-02-10,israel_iran,2024-04-01,4357,-4.102580582342655,4.102580582342655,4.519859936663456,2.635607193940435,0.7491593073123959,4.545375571982854,0.2319578052789045,0.0355062010499433,-0.063208685557537,0.5343416352236483,0.108221066326334,146.6,0.8786255775880982
2024-02-11,israel_iran,2024-04-01,5031,-4.44704712142484,4.44704712142484,4.859237000828711,3.171570342676252,0.7548428237609324,4.574144602144013,0.7733038224716228,0.5407034267326812,0.5972298960794759,0.709207269775017,0.199266441959349,146.6,0.8786255775880982
2024-02-12,israel_iran,2024-04-01,7283,-3.701848794454445,3.701848794454445,4.235754844041014,3.401177920693074,0.7136001231234638,4.535689345956158,-0.3978118028630394,-0.387413081807973,0.880162973691657,-0.5597133153743701,0.0775670581054565,146.6,0.8786255775880982
2024-02-13,israel_iran,2024-04-01,7622,-3.5868846205945526,3.5868846205945526,4.066166067386321,3.3945141155197223,0.7089860998416725,4.48660226598756,-0.5784836260384539,-0.6398631985641293,0.8719515247377979,-0.7016736873220895,-0.0777788680322476,146.6,0.8786255775880982
2024-02-14,israel_iran,2024-04-01,6492,-3.773249133187099,3.773249133187099,4.243918022196012,3.2120802206325187,0.719902360088317,4.459757224668792,-0.2856026776977305,-0.3752613621070483,0.6471480413900838,-0.365811410465495,-0.1627353944448335,146.6,0.8786255775880982
2024-02-15,israel_iran,2024-04-01,6846,-4.111276660647372,4.111276660647372,4.699297655295753,3.626354194688973,0.7384327396021172,4.484016834580655,0.2456241177398991,0.3026174681558872,1.1576355935292992,0.2043156581370327,-0.0859609851316566,146.6,0.8786255775880982
2024-02-16,israel_iran,2024-04-01,5494,-4.0947825691154165,4.0947825691154165,4.666448248115597,3.108126123897084,0.741179096584469,4.5017533609896025,0.2197028460197867,0.2537177895239321,0.5190509952307615,0.2888132505645511,-0.0298301840486332,146.6,0.8786255775880982
2024-02-17,israel_iran,2024-04-01,4589,-4.084311026830835,4.084311026830835,4.5779532715816345,2.725673361640077,0.7374029996604546,4.506715671255671,0.2032463050601701,0.1219840297845074,0.0477750120890946,0.1726334891924739,-0.0141259562852741,146.6,0.8786255775880982
2024-02-18,israel_iran,2024-04-01,4415,-4.123417226075659,4.123417226075659,4.668896970301935,2.6749288107767826,0.730415062523077,4.51609353240759,0.2647036102171151,0.257362961179973,-0.0147547705592278,-0.0423654595740549,0.0155521693389738,146.6,0.8786255775880982
2024-02-19,israel_iran,2024-04-01,6464,-3.740430880059034,3.740430880059034,4.103053862393474,3.174885332647774,0.7254821546486104,4.473562099584203,-0.3371781679309398,-0.5849519695304173,0.6013147800497582,-0.1941370033819654,-0.1190470943805055,146.6,0.8786255775880982
2024-02-20,israel_iran,2024-04-01,6655,-4.611396509597704,4.611396509597704,5.1966548797465,3.9914611679034655,0.7503465814197622,4.547277096133824,1.031586925824696,1.042984206208152,1.6075372931224905,0.570870682346311,0.1142388215176104,146.6,0.8786255775880982
2024-02-21,israel_iran,2024-04-01,5901,-4.2722071284903445,4.2722071284903445,4.888305214572703,3.4079037605100075,0.7460088166545302,4.585370032864311,0.4985342205437263,0.5839744149331886,0.8884508646026101,0.4374099991451255,0.2347915726588102,146.6,0.8786255775880982
2024-02-22,israel_iran,2024-04-01,6359,-4.001956205516954,4.001956205516954,4.62295039848873,3.35950594589604,0.7389628463598967,4.590843311009069,0.073821674634019,0.1889668229001013,0.828812838903692,0.2206255352031855,0.2521128609275461,146.6,0.8786255775880982
2024-02-23,israel_iran,2024-04-01,5394,-4.195813972292414,4.195813972292414,4.732379152664766,3.143994990857811,0.7416977468318643,4.603732173523814,0.3784786384871363,0.3518626366040356,0.5632502721331858,0.3047706433938362,0.2929022557233965,146.6,0.8786255775880982
2024-02-24,israel_iran,2024-04-01,3876,-4.391639546891406,4.391639546891406,4.782646552046114,2.5852760968671737,0.743490529043628,4.621185459092641,0.6862281085985048,0.4266907655237248,-0.1252289913224102,0.3599294525415062,0.3481366842648727,146.6,0.8786255775880982
2024-02-25,israel_iran,2024-04-01,4536,-3.8816630609067095,3.8816630609067095,4.254674199029557,2.568544583642731,0.724096740940235,4.578382636837968,-0.1152248867645231,-0.3592497005393302,-0.1458463357959171,-0.2367622424262923,0.2126785541680447,146.6,0.8786255775880982
2024-02-26,israel_iran,2024-04-01,6762,-3.881679032149531,3.881679032149531,4.325438355627217,3.395823447254442,0.7357728322765588,4.546535020626175,-0.1151997871751286,-0.2539100669407891,0.8735649438615012,0.1224778757459253,0.1118903744909476,146.6,0.8786255775880982
2024-02-27,israel_iran,2024-04-01,7140,-3.4514801316622403,3.4514801316622403,3.907962196861544,3.1301736925379515,0.7186185436071117,4.474613607407742,-0.7912784042738925,-0.8753657263438805,0.5462190290705224,-0.4053107918196682,-0.1157193866253673,146.6,0.8786255775880982
2024-02-28,israel_iran,2024-04-01,7506,-2.8804596490397643,2.8804596490397643,3.33327221142239,2.69902783920484,0.6813413671613536,4.351459453826684,-1.6886650265762368,-1.7308501327094818,0.0149411669159462,-1.552223477389418,-0.5054654472586999,146.6,0.8786255775880982
2024-02-29,israel_iran,2024-04-01,6774,-3.7488428303460526,3.7488428303460526,4.4077761834029925,3.283490890773976,0.7202094459168377,4.3540233767700345,-0.3239583765490716,-0.1313418484214316,0.7351435720776227,-0.3563632530171552,-0.497351398013251,146.6,0.8786255775880982
2024-03-01,israel_iran,2024-04-01,6977,-3.482148928265229,3.482148928265229,4.07676912932164,3.1102650361393045,0.6949107615042348,4.323244787461904,-0.7430808901195194,-0.6240794640721102,0.5216866618261802,-1.1347318111417246,-0.5947564272865822,133.21,0.6040838422820458
2024-03-02,israel_iran,2024-04-01,4976,-4.167196262731239,4.167196262731239,4.676337281993482,2.948689470909786,0.728101382890127,4.357027601241407,0.3335045079564965,0.2684386207388468,0.3225857770375864,-0.1135508006965474,-0.4878439261259535,133.21,0.6040838422820458
2024-03-03,israel_iran,2024-04-01,4278,-4.012655499892674,4.012655499892674,4.49676249201805,2.5432023789532825,0.7304614862831388,4.371501825142441,0.0906361391463082,0.0011233090182718,-0.1770741725606873,-0.0409371325277667,-0.4420373367246493,133.21,0.6040838422820458
2024-03-04,israel_iran,2024-04-01,5974,-3.675193350863384,3.675193350863384,4.200948230932304,2.9565753706296047,0.7212189399110231,4.357603981867585,-0.4397021364291766,-0.4392262602299844,0.3323031474168247,-0.3253039942875538,-0.4860198538397505,133.21,0.6040838422820458
2024-03-05,israel_iran,2024-04-01,6400,-3.6390121318747015,3.6390121318747015,4.203429614196141,3.0681306192229365,0.7132238012871838,4.34305612174483,-0.4965626920259216,-0.4355324692431673,0.4697666844695559,-0.5712916678419844,-0.532059479858182,133.21,0.6040838422820458
2024-03-06,israel_iran,2024-04-01,7064,-3.313133108250541,3.313133108250541,3.840161006811196,2.983612193638152,0.7002375046319286,4.289908320888503,-1.008697519390099,-0.9762946833306294,0.3656191712551306,-0.9708430768430554,-0.7002563730425009,133.21,0.6040838422820458
2024-03-07,israel_iran,2024-04-01,7226,-3.534670395949945,3.534670395949945,4.235953981649445,3.23091299765297,0.7114901522955206,4.286118130192403,-0.6605408343451807,-0.3871166452542662,0.6703546603022429,-0.6246311160096033,-0.7122511929482858,133.21,0.6040838422820458
2024-03-08,israel_iran,2024-04-01,7941,-3.2272924668093914,3.2272924668093914,3.719840561313257,3.135810119804014,0.6908313791970558,4.225597634254421,-1.143600286669761,-1.155403885680471,0.5531644954479755,-1.2602428010687732,-0.9037804608903456,133.21,0.6040838422820458
2024-03-09,israel_iran,2024-04-01,5312,-3.60524846871698,3.60524846871698,4.084583407167748,2.6724572667345683,0.7123571164794654,4.209092399180347,-0.5496239403694305,-0.6124471179137813,-0.0178003214437309,-0.5979570941198875,-0.9560145931781668,133.21,0.6040838422820458
2024-03-10,israel_iran,2024-04-01,5144,-3.1638316752072924,3.1638316752072924,3.665076272352616,2.2924294276468884,0.6921533936219623,4.148096040098725,-1.243332025123164,-1.2369260914236722,-0.4860882020968094,-1.2195681776396718,-1.149049825639013,133.21,0.6040838422820458
2024-03-11,israel_iran,2024-04-01,6895,-2.314443963805898,2.314443963805898,2.618597070511904,2.0511449839468074,0.6362847444885067,3.9862153977646217,-2.5781863649517325,-2.794716659283558,-0.783410053690947,-2.938487594995303,-1.6613536400693083,133.21,0.6040838422820458
2024-03-12,israel_iran,2024-04-01,6849,-3.075364696455394,3.075364696455394,3.574974474893562,2.7134171060181846,0.6918427665479424,3.9423787024681456,-1.3823622099649688,-1.371051767291907,0.0326722870263816,-1.2291252891390685,-1.8000836691116515,133.21,0.6040838422820458
2024-03-13,israel_iran,2024-04-01,6456,-2.893888865853677,2.893888865853677,3.429257959365621,2.4542891203116435,0.678932632415128,3.886567672207056,-1.667560355406725,-1.587965598996884,-0.2866372023408443,-1.626333393966352,-1.9767088867891915,133.21,0.6040838422820458
2024-03-14,israel_iran,2024-04-01,5793,-3.141623590034597,3.141623590034597,3.748881317037704,2.4742839943291526,0.6939580587115405,3.867550367415816,-1.278233117373656,-1.1121737715305742,-0.2619985937587389,-1.164043766142093,-2.0368929683709034,133.21,0.6040838422820458
2024-03-15,israel_iran,2024-04-01,5396,-3.3419927588928657,3.3419927588928657,3.855978324541049,2.504865543550009,0.6983671585728746,3.861917347199701,-0.9633431666148702,-0.952748999551088,-0.224314594328322,-1.0283883049441105,-2.0547197925165768,133.21,0.6040838422820458
2024-03-16,israel_iran,2024-04-01,3377,-3.5620092733053355,3.5620092733053355,4.197756139014292,1.886771521030313,0.7131387905912595,3.893401589698207,-0.6175764511853704,-0.4439780132250507,-0.9859586374198688,-0.5739072051455277,-1.955081581956826,133.21,0.6040838422820458
2024-03-17,israel_iran,2024-04-01,3400,-3.546703542727604,3.546703542727604,4.052466489811851,1.8885835145020096,0.7098302137688176,3.9059038455940014,-0.6416301555322614,-0.6602564110538147,-0.9837258152543804,-0.675702702837319,-1.9155156814757763,133.21,0.6040838422820458
2024-03-18,israel_iran,2024-04-01,5279,-4.164694404602208,4.164694404602208,4.705818822134989,3.073590828758217,0.7343093755172927,3.989224109596564,0.3295727155178432,0.312324887257704,0.4764950072085863,0.0774514740165087,-1.65183196702798,133.21,0.6040838422820458
2024-03-19,israel_iran,2024-04-01,5278,-3.729316162450063,3.729316162450063,4.375250989966532,2.7519081029828443,0.7208839755893997,4.023290598933542,-0.3546454903764529,-0.1797589019701445,0.0801026738003512,-0.3356098936692375,-1.544021717575404,133.21,0.6040838422820458
2024-03-20,israel_iran,2024-04-01,4721,-3.104856369125279,3.104856369125279,3.7954386643162783,2.1152184051580947,0.6907594326659791,3.9944700556442254,-1.3360146036554208,-1.0428684319427746,-0.7044558205030383,-1.2624563911805342,-1.635230116851442,133.21,0.6040838422820458
2024-03-21,israel_iran,2024-04-01,4934,-3.004890954403273,3.004890954403273,3.5612280323594514,2.113356491405324,0.6830655147047391,3.9452824970826703,-1.4931151431184566,-1.3915147430334207,-0.7067501567478176,-1.4991763617587566,-1.7908940276826728,133.21,0.6040838422820458
2024-03-22,israel_iran,2024-04-01,5747,-3.678416398031117,3.678416398031117,4.19976658733264,2.881096929474934,0.7126224007281681,3.967789555991685,-0.4346369601362195,-0.4409852567307185,0.2392951211412443,-0.5897950523793701,-1.7196659181048874,133.21,0.6040838422820458
2024-03-23,israel_iran,2024-04-01,3479,-4.36549034655095,4.36549034655095,4.959566718350034,2.366257245517488,0.7504229480491106,4.067944312923796,0.6451333610657041,0.6900544003171084,-0.3951141501777134,0.5732202663090699,-1.4027060687378334,133.21,0.6040838422820458
2024-03-24,israel_iran,2024-04-01,3431,-4.349527950303185,4.349527950303185,4.887280020470179,2.33242152451753,0.7410519223232636,4.153371446030094,0.6200476744948001,0.5824483093972851,-0.4368080905887036,0.2849004602901392,-1.1323547437420034,133.21,0.6040838422820458
2024-03-25,israel_iran,2024-04-01,4944,-4.353845989842664,4.353845989842664,4.890956122659816,3.066538456066472,0.7371749169018679,4.230252982613933,0.6268336848661002,0.5879205608356628,0.4678047473862503,0.1656160314844432,-0.8890476757488256,133.21,0.6040838422820458
2024-03-26,israel_iran,2024-04-01,5384,-4.361115405502124,4.361115405502124,4.927237323129294,3.2635927173248254,0.7387076494667358,4.305580358237653,0.6382579271888892,0.6419288122969179,0.7106241224085151,0.2127738526995467,-0.6506590623443327,133.21,0.6040838422820458
2024-03-27,israel_iran,2024-04-01,4458,-4.107927262141067,4.107927262141067,4.729874062415282,2.683931737572421,0.7342761986486526,4.355722455098205,0.2403603741373701,0.3481335553615043,-0.0036609477516,0.0764307161389315,-0.4919743232995163,133.21,0.6040838422820458
2024-03-28,israel_iran,2024-04-01,5126,-3.66776437719647,3.66776437719647,4.400911108103949,2.650944173839098,0.7241410159587278,4.360203408056223,-0.4513771319661279,-0.141561210191534,-0.0443097495490438,-0.2354000260460598,-0.4777934474419992,133.21,0.6040838422820458
2024-03-29,israel_iran,2024-04-01,4467,-3.3041605942212544,3.3041605942212544,3.9267260129030417,2.1619857131485265,0.7071379013451063,4.316027056212533,-1.0227982641152678,-0.8474338805937804,-0.6468269804810414,-0.7585374979233847,-0.6175983878648799,133.21,0.6040838422820458
2024-03-30,israel_iran,2024-04-01,3952,-3.816042837480487,3.816042837480487,4.1831349425043465,2.279581135063557,0.7208427581970865,4.300014137492538,-0.2183502779671984,-0.4657431490958402,-0.5019204624867403,-0.336878035589235,-0.668274486144035,133.21,0.6040838422820458
2024-03-31,israel_iran,2024-04-01,4345,-3.849641878537527,3.849641878537527,4.439068273606095,2.4680838422917937,0.7204099613254136,4.313600935083424,-0.16554774130809,-0.0847603942642246,-0.2696387078731994,-0.350193964254565,-0.6252763355848262,133.21,0.6040838422820458
2024-04-01,israel_iran,2024-04-01,5742,-4.810460734239735,4.810460734239735,5.492668804732093,3.7654902397155214,0.7677155632502585,4.43864124218444,1.344426092910847,1.4836309954483355,1.3290854636344775,1.1052648477899634,-0.2295611632100077,163.95,1.2343611345380618
2024-04-02,israel_iran,2024-04-01,8862,-3.70366149651816,3.70366149651816,4.198958576890435,3.856476675978211,0.7080829508379913,4.414648284374823,-0.3949630528939882,-0.442188062332,1.441203158769439,-0.7294610131885976,-0.3054916983753141,163.95,1.2343611345380618
2024-04-03,israel_iran,2024-04-01,7524,-3.123574481221296,3.123574481221296,3.628529190663834,2.93138205451962,0.6845891119090305,4.33486763940211,-1.3065981748215951,-1.2913301340816126,0.3012587780461744,-1.45229960960337,-0.5579735772949381,163.95,1.2343611345380618
2024-04-04,israel_iran,2024-04-01,7218,-3.6451062765450817,3.6451062765450817,4.117502836973067,3.3294398690715563,0.7042631366229757,4.312477013330119,-0.4869854455557806,-0.5634432034930746,0.7917640284020967,-0.8469858312524301,-0.6288332117686457,163.95,1.2343611345380618
2024-04-05,israel_iran,2024-04-01,7991,-3.610664825758889,3.610664825758889,4.145463008717794,3.522418012275671,0.7092504103555867,4.298126110616263,-0.5411118703142561,-0.5218216483364456,1.029560622226296,-0.6935416046312577,-0.6742495264979433,163.95,1.2343611345380618
2024-04-06,israel_iran,2024-04-01,4519,-4.711280278449658,4.711280278449658,5.174534093777992,3.1089582944512943,0.7464050776325208,4.391786155918238,1.188559154808896,1.010055169802291,0.5200764342778291,0.4496018222869619,-0.3778434968697311,163.95,1.2343611345380618
2024-04-07,israel_iran,2024-04-01,5516,-4.434556857362271,4.434556857362271,5.008987985306972,3.3754652465792083,0.7441534631268554,4.460928084287213,0.7536747614836579,0.7636229751934986,0.8484786273668938,0.3803260485888591,-0.1590299739570553,163.95,1.2343611345380618
2024-04-08,israel_iran,2024-04-01,5605,-3.459932655596292,3.459932655596292,3.933647204753942,2.663228842169818,0.7081788214208856,4.415462353845981,-0.7779948494208828,-0.8371309836372844,-0.029172013032348,-0.7265113480535673,-0.3029154119875653,163.95,1.2343611345380618
2024-04-09,israel_iran,2024-04-01,6109,-3.156775515935909,3.156775515935909,3.6829181668225024,2.578706533106188,0.6895300807825441,4.34280405361969,-1.2544211245997587,-1.2103666195592986,-0.1333243116490283,-1.300280051784021,-0.5328572000805848,163.95,1.2343611345380618
2024-04-10,israel_iran,2024-04-01,6039,-3.4960608289646125,3.4960608289646125,4.065478468490922,2.833429111717264,0.7032883730854252,4.318585019552373,-0.7212176576114849,-0.6408867593495129,0.1805566313330118,-0.8769765326209791,-0.6095031989820241,163.95,1.2343611345380618
2024-04-11,israel_iran,2024-04-01,5251,-3.459754439779701,3.459754439779701,3.982348702266552,2.543746132611699,0.7094374703681979,4.286250710241847,-0.7782749242948286,-0.7646338586754613,-0.1764041341526893,-0.6877863001290814,-0.7118316167465355,163.95,1.2343611345380618
2024-04-12,israel_iran,2024-04-01,5937,-3.3621274394838694,3.3621274394838694,3.9027856987095046,2.6931955981401123,0.7068981968712463,4.248162702568489,-0.9317005310937848,-0.883071469546046,0.0077544097188531,-0.7659125227527975,-0.8323687688962002,163.95,1.2343611345380618
2024-04-13,israel_iran,2024-04-01,5231,-4.929980118369808,4.929980118369808,5.477608130696885,3.6149279410178674,0.7943450557448307,4.378175221334597,1.532256651863061,1.461211652649749,1.1435556352602103,1.9245785851582016,-0.4209180337916283,163.95,1.2343611345380618
2024-04-14,israel_iran,2024-04-01,9870,-5.150374768770795,5.150374768770795,5.575684054680544,5.728607323148034,0.7828563049628318,4.506338065731918,1.878617626496623,1.6072076256677978,3.74812913338616,1.5711024029586944,-0.0153209648260079,163.95,1.2343611345380618
2024-04-15,israel_iran,2024-04-01,9052,-4.649352026435975,4.649352026435975,5.136771401190521,4.905236676730393,0.7635027759003827,4.571761332649418,1.0912358772892876,0.953841566869446,2.733533739721033,0.9756493641652624,0.1917241068456993,163.95,1.2343611345380618
2024-04-16,israel_iran,2024-04-01,8376,-3.927016701431121,3.927016701431121,4.429749802300436,3.9471790221365617,0.7313139178502476,4.557861149021576,-0.0439494220169225,-0.0986318851465039,1.5529707849378895,-0.0147102379205592,0.1477341832134005,163.95,1.2343611345380618
2024-04-17,israel_iran,2024-04-01,7543,-3.638535306917788,3.638535306917788,4.138203849294485,3.42024678012526,0.7141417624300849,4.517788337996361,-0.497312045771603,-0.5326276443470025,0.9036605042710144,-0.5430486145843071,0.0209157221104865,163.95,1.2343611345380618
2024-04-18,israel_iran,2024-04-01,6862,-3.531009357899145,3.531009357899145,4.033208764720001,3.1193622180962226,0.714435167395584,4.4719368918031455,-0.6662943347370388,-0.6889234905846406,0.5328966302030962,-0.5340213783763891,-0.124190390907334,163.95,1.2343611345380618
2024-04-19,israel_iran,2024-04-01,10386,-4.31165176604424,4.31165176604424,4.784207654104077,4.944420603815708,0.7677706022185694,4.5063915407782815,0.5605233980595054,0.4290146244758027,2.781817987039591,1.1069582402884093,-0.0151517322986728,163.95,1.2343611345380618
2024-04-20,israel_iran,2024-04-01,6504,-3.0914371553388422,3.0914371553388422,3.4713408656476634,2.6349426694098548,0.68460839395033,4.394667753750547,-1.3571035545779135,-1.5253209192373756,-0.0640275434201991,-1.4517063560396972,-0.3687241016173986,163.95,1.2343611345380618
2024-04-21,israel_iran,2024-04-01,5237,-4.029335647290879,4.029335647290879,4.512725544926957,2.9569276970584246,0.7238889745676188,4.4044050577292415,0.1168498067619348,0.0248859344120728,0.3327373003384796,-0.2431546227272811,-0.3379084469558817,163.95,1.2343611345380618
2024-04-22,israel_iran,2024-04-01,7115,-3.699722032874644,3.699722032874644,4.2880258503931215,3.347574419138628,0.7175034996391584,4.389437457709609,-0.401154112725156,-0.3096023804346155,0.8141102597673906,-0.4396175230087809,-0.3852764242035809,163.95,1.2343611345380618
2024-04-23,israel_iran,2024-04-01,6329,-3.707904093442207,3.707904093442207,4.167102669723828,3.102708896396952,0.7215766576743632,4.363006139249546,-0.3882956042834316,-0.4896088152982055,0.5123756369434784,-0.3142980362256466,-0.4689236415130199,163.95,1.2343611345380618
2024-04-24,israel_iran,2024-04-01,9345,-3.2490576256799097,3.2490576256799097,3.68598546538104,3.49571180454482,0.6986480679834587,4.289539202526493,-1.1093952747707367,-1.2058006341532856,0.9966519978250304,-1.0197455214177442,-0.7014245222548305,163.95,1.2343611345380618
2024-04-25,israel_iran,2024-04-01,7040,-4.330720874008424,4.330720874008424,4.823107349315903,3.89124810625484,0.7443901210434756,4.345227593746969,0.5904914340705913,0.4869207712840889,1.484050123430262,0.3876073395178318,-0.5251874204594519,163.95,1.2343611345380618
2024-04-26,israel_iran,2024-04-01,6761,-4.292932809555169,4.292932809555169,4.856471727731121,3.755231907900157,0.7493474425456984,4.401486523009536,0.5311056422206877,0.5365870368976943,1.3164446726956185,0.5401300212080659,-0.3471447364089886,163.95,1.2343611345380618
2024-04-27,israel_iran,2024-04-01,4921,-4.281042989861391,4.281042989861391,4.782126544596439,3.005180706951534,0.7563651231891491,4.4428584531687365,0.5124202089315331,0.4259166816251663,0.3921968909627412,0.7560440930520647,-0.2162149518140004,163.95,1.2343611345380618
2024-04-28,israel_iran,2024-04-01,5051,-4.601209609534426,4.601209609534426,5.12706352276899,3.2908345396086425,0.7576350331513504,4.51507841030632,1.0155777140403266,0.9393904039486808,0.7441927558355869,0.7951156103731102,0.0123396115118345,163.95,1.2343611345380618
2024-04-29,israel_iran,2024-04-01,6720,-4.199862219491362,4.199862219491362,4.776385353981642,3.6589432118021055,0.7448982719422146,4.537253433050471,0.3848406569972694,0.4173703363444521,1.1977932877474713,0.4032416972540053,0.082516925939957,163.95,1.2343611345380618
2024-04-30,israel_iran,2024-04-01,7965,-4.225649531036854,4.225649531036854,4.769313679931458,4.113797653352068,0.7430529533456234,4.563609240822328,0.425366678585477,0.406843431351999,1.7582859688900434,0.346466492983161,0.1659251745064968,163.95,1.2343611345380618
2024-05-01,israel_iran,2024-04-01,8630,-4.985791141933476,4.985791141933476,5.467641140678425,5.106336575283264,0.775325856270409,4.66416891696614,1.619966405623591,1.4463747758026977,2.981338336139417,1.3394119167991758,0.4841664720671059,130.52,0.5489294533370659
2024-05-02,israel_iran,2024-04-01,9229,-4.783290996743499,4.783290996743499,5.29058548695494,5.107127348332839,0.766670842321058,4.733288916785243,1.301727521313884,1.182809454225772,2.9823127632665245,1.073121756471774,0.7029105976782769,130.52,0.5489294533370659
2024-05-03,israel_iran,2024-04-01,7756,-4.077831216871992,4.077831216871992,4.6267084687920095,3.90276052211034,0.7379796669552828,4.725288547530852,0.1930629667227755,0.1945610921999643,1.498236254728199,0.1903759015437427,0.6775918219013897,130.52,0.5489294533370659
2024-05-04,israel_iran,2024-04-01,5610,-3.707830377644165,3.707830377644165,4.210499766680209,2.855819532923244,0.7212099585929268,4.668485794899094,-0.3884114522661714,-0.4250078292564012,0.2081471439613747,-0.3255803238983231,0.4978280995451953,130.52,0.5489294533370659
2024-05-05,israel_iran,2024-04-01,5747,-4.576026586326841,4.576026586326841,4.969421791222939,3.5841445666995964,0.7647998038710822,4.698360890430875,0.9760013611364368,0.7047246771271773,1.1056229376097957,1.015555225471537,0.5923738412516865,130.52,0.5489294533370659
2024-05-06,israel_iran,2024-04-01,8375,-4.322248828593256,4.322248828593256,4.725724166907826,4.344113197059308,0.7435145419508358,4.705471458973631,0.5771772002550313,0.3419560144531433,2.04209143457131,0.3606682613923879,0.6148766639159533,130.52,0.5489294533370659
2024-05-07,israel_iran,2024-04-01,9268,-4.036566994646754,4.036566994646754,4.504974020578506,4.321026804477889,0.7350207485026491,4.689961514301795,0.1282142228833679,0.0133470032079797,2.013643313823547,0.0993383972995546,0.565792328059508,130.52,0.5489294533370659
2024-05-08,israel_iran,2024-04-01,8384,-3.9945902088327503,3.9945902088327503,4.379631068596777,4.017517637244236,0.7431998502841279,4.660663375827962,0.0622456505061798,-0.1732387101071068,1.6396452798273171,0.3509860939375786,0.4730724828733634,130.52,0.5489294533370659
2024-05-09,israel_iran,2024-04-01,7350,-3.77548756760624,3.77548756760624,4.169070997304194,3.489652213144572,0.7351577343887479,4.612535310876704,-0.2820848685056456,-0.4866787597999601,0.9891850890289324,0.1035530633630994,0.3207615524238113,130.52,0.5489294533370659
2024-05-10,israel_iran,2024-04-01,7127,-3.5316175222686765,3.5316175222686765,4.065779382143787,3.1990149994590737,0.7132832545549933,4.558759849770628,-0.6653385746794106,-0.6404388188177295,0.6310484715578729,-0.5694624599042921,0.1505783022824393,130.52,0.5489294533370659
2024-05-11,israel_iran,2024-04-01,6277,-3.4519474072588645,3.4519474072588645,3.893754965217058,2.872413083291568,0.7180209330540595,4.483512540464211,-0.7905440578150525,-0.8965146334719457,0.2285944842224112,-0.4236975686541038,-0.0875569251756523,130.52,0.5489294533370659
2024-05-12,israel_iran,2024-04-01,5252,-3.2225886077053243,3.2225886077053243,3.676200434216969,2.369692068269857,0.6960225562239084,4.392291441445899,-1.1509926313607932,-1.2203666467666212,-0.3908816027122772,-1.1005250500798038,-0.3762444193057646,130.52,0.5489294533370659
2024-05-13,israel_iran,2024-04-01,5776,-3.293752006125781,3.293752006125781,3.7060210408695378,2.588824886804957,0.6977670632691609,4.315763089980695,-1.039155869487033,-1.1759756453119148,-0.1208560082198118,-1.046851530488606,-0.6184337620362542,130.52,0.5489294533370659
2024-05-14,israel_iran,2024-04-01,5935,-3.251090405205302,3.251090405205302,3.703541633295553,2.603646930111685,0.6970927038662559,4.250530463483969,-1.1062006623046494,-1.1796664952837437,-0.1025916008971303,-1.0675996511235064,-0.8248755137968312,130.52,0.5489294533370659
2024-05-15,israel_iran,2024-04-01,6097,-3.268657031528925,3.268657031528925,3.7547333860223167,2.6665143626261973,0.707880156099634,4.198833042103094,-1.0785938496918943,-1.1034623725360602,-0.0251234427616704,-0.7357004304450874,-0.988482389750356,130.52,0.5489294533370659
2024-05-16,israel_iran,2024-04-01,5541,-3.4592099465675914,3.4592099465675914,3.93242688141183,2.641401934348992,0.7102451257083876,4.17163585860869,-0.7791306220138271,-0.8389475588627998,-0.056068138403486,-0.6629370426597139,-1.0745533408229813,130.52,0.5489294533370659
2024-05-17,israel_iran,2024-04-01,5745,-3.606675236836889,3.606675236836889,4.1223389731868085,2.8242243981616912,0.7157758665557805,4.163051003725904,-0.5473817044726494,-0.5562441236017581,0.1692141575466022,-0.4927718787905083,-1.101721838793879,130.52,0.5489294533370659
2024-05-18,israel_iran,2024-04-01,3574,-4.316883730180332,4.316883730180332,4.7791876428906015,2.388956345705809,0.7463114933038589,4.231887244652986,0.5687456856428367,0.4215418279738295,-0.3671432690300603,0.4467224986914891,-0.8838757252035722,130.52,0.5489294533370659
2024-05-19,israel_iran,2024-04-01,5673,-2.946983392587256,2.946983392587256,3.4606459865211225,2.2875263894045643,0.6934650792072704,4.148953014962116,-1.5841197093035126,-1.5412413329430872,-0.4921299525979594,-1.1792113432249751,-1.1463377565178652,130.52,0.5489294533370659
2024-05-20,israel_iran,2024-04-01,9849,-4.531824932116446,4.531824932116446,5.322424652021547,5.034136554677131,0.7502597550507503,4.272012640658596,0.906536299235553,1.2302052848758729,2.892370131299682,0.5681992819464811,-0.7568908483658973,130.52,0.5489294533370659
2024-05-21,israel_iran,2024-04-01,7896,-4.791620761481373,4.791620761481373,5.50588510985223,4.638888599368976,0.7650282838144387,4.402793306625613,1.3148181540848205,1.5033048078106777,2.40532731946764,1.022584903425154,-0.3430091571235436,130.52,0.5489294533370659
2024-05-22,israel_iran,2024-04-01,7422,-3.12528008848138,3.12528008848138,3.605570848358371,2.9070830094111995,0.6956268470142999,4.322626971495517,-1.3039177295754416,-1.3255059581536448,0.2713163707661375,-1.1126998968780095,-0.5967116300312238,130.52,0.5489294533370659
2024-05-23,israel_iran,2024-04-01,5383,-3.4047996524104147,3.4047996524104147,3.9523232147255625,2.547611157265409,0.7027001443278506,4.280787694973916,-0.8646390609895043,-0.8093298461394022,-0.1716414720064028,-0.8950746582947684,-0.7291204260797453,130.52,0.5489294533370659
2024-05-24,israel_iran,2024-04-01,5146,-3.74793000569172,3.74793000569172,4.216118609285259,2.716402822316676,0.7148274356373133,4.270784439646058,-0.325392925148001,-0.4166436114133316,0.0363514247469451,-0.5219524003721092,-0.760777737215223,130.52,0.5489294533370659
2024-05-25,israel_iran,2024-04-01,3465,-2.4924066359997337,2.4924066359997337,2.8181020992258423,1.3467762047897818,0.6490963985044825,4.114669890841296,-2.2985093198088347,-2.4977331631715205,-1.6513658423549915,-2.544309443239784,-1.2548335902657592,130.52,0.5489294533370659
2024-05-26,israel_iran,2024-04-01,3820,-3.4556406465650564,3.4556406465650564,3.806032715210569,2.01198488697129,0.7008201439037982,4.076510787528911,-0.784739951575086,-1.0270981113004485,-0.8316649364460043,-0.952916923745308,-1.3755957388482152,130.52,0.5489294533370659
2024-05-27,israel_iran,2024-04-01,4984,-4.5415708769866905,4.5415708769866905,5.229213759018048,3.2172969166024568,0.7557592917659979,4.1942818271844216,0.9218525283628995,1.0914514045433812,0.6535762954507293,0.7374043834286731,-1.0028856236979689,130.52,0.5489294533370659
2024-05-28,israel_iran,2024-04-01,6521,-3.82360486992316,3.82360486992316,4.565397839819778,3.264723565373685,0.7311721796263513,4.230267304283784,-0.2064661740550134,0.1032939945314175,0.7120176056791417,-0.0190711199002694,-0.8890023519473611,130.52,0.5489294533370659
2024-05-29,israel_iran,2024-04-01,6186,-4.315496937159035,4.315496937159035,4.993310158301654,3.555498810474384,0.7521276054739001,4.303952099307687,0.5665662725690737,0.7402849375235041,1.070324311844343,0.6256677264295172,-0.6558120148448545,130.52,0.5489294533370659
2024-05-30,israel_iran,2024-04-01,5450,-3.436655688393052,3.436655688393052,3.985612900955823,2.5939073648463733,0.7066232522233762,4.264911475168052,-0.8145757420712216,-0.7597747674285227,-0.1145931436986376,-0.7743717874970205,-0.779363913182368,130.52,0.5489294533370659
2024-05-31,israel_iran,2024-04-01,5549,-4.325672301826137,4.325672301826137,4.765105154979484,3.306353636569225,0.7611937776497404,4.315695138127319,0.5825573559140512,0.4005786145613192,0.76331610491119,0.9046080558603408,-0.6186488093277664,130.52,0.5489294533370659
2024-06-01,israel_iran,2024-04-01,3880,-4.074718884441791,4.074718884441791,4.454488015429579,2.4005814103360708,0.7402469952293197,4.330921849689556,0.1881717840559236,-0.0618065425974102,-0.3528183267015478,0.2601351431973512,-0.5704608215480783,113.09,0.19155361716197256
2024-06-02,israel_iran,2024-04-01,3386,-3.904191831067152,3.904191831067152,4.218947487778674,2.072299587591877,0.7310231456069597,4.3155799230692935,-0.0798198223681359,-0.4124325384871692,-0.7573423726210874,-0.0236564727547267,-0.6190134305255534,113.09,0.19155361716197256
2024-06-03,israel_iran,2024-04-01,4774,-3.8538936212810144,3.8538936212810144,4.322103370547745,2.6468235088948,0.7303008894335152,4.314003274072978,-0.1588659195948759,-0.2588745309183022,-0.0493874234854573,-0.0458782407783822,-0.6240030530226214,113.09,0.19155361716197256
2024-06-04,israel_iran,2024-04-01,4629,-3.8606011542322776,3.8606011542322776,4.431451881245453,2.592731238886424,0.7332498705414655,4.325342109158969,-0.1483247034348678,-0.0960981677810408,-0.1160424205055365,0.044853519636336,-0.5881190314250283,113.09,0.19155361716197256
2024-06-05,israel_iran,2024-04-01,5101,-4.025487982340472,4.025487982340472,4.593563461842297,2.8993799351804155,0.7448133136054078,4.353345684953948,0.1108030130677062,0.1452213832911855,0.2618242864106677,0.4006277708915733,-0.4994960899133044,113.09,0.19155361716197256
2024-06-06,israel_iran,2024-04-01,4993,-4.53793653698185,4.53793653698185,5.205232076747118,3.2188797239866345,0.7693036229680871,4.444256518293847,0.9161409852563136,1.055752235006752,0.6555267039186932,1.1541249281254524,-0.2117904938547966,113.09,0.19155361716197256
2024-06-07,israel_iran,2024-04-01,4884,-4.065862351860538,4.065862351860538,4.578230517614714,2.838680666953225,0.7362759107432378,4.460483926950592,0.1742533098500596,0.1223967386606595,0.1870278405935876,0.1379561691759757,-0.1604355990798448,113.09,0.19155361716197256
2024-06-08,israel_iran,2024-04-01,4363,-3.622612565746976,3.622612565746976,4.140232283065669,2.329626728631551,0.6893903842340469,4.429819932265239,-0.5223354124491812,-0.5296081146795996,-0.4402519673463775,-1.304578117219178,-0.257477970647374,113.09,0.19155361716197256
2024-06-09,israel_iran,2024-04-01,4761,-3.455982081202145,3.455982081202145,3.899112707344156,2.3688623956158787,0.6801259986313937,4.377980241639619,-0.7842033703401943,-0.8885390902065492,-0.3919039637311431,-1.589616909981654,-0.4215350862077355,113.09,0.19155361716197256
2024-06-10,israel_iran,2024-04-01,5211,-3.520494966245718,3.520494966245718,3.986767775548495,2.5744156302470347,0.6968461994258599,4.340409417409475,-0.6828182155759535,-0.7580556193132412,-0.138611760618096,-1.0751838915809564,-0.5404355074493812,113.09,0.19155361716197256
2024-06-11,israel_iran,2024-04-01,5061,-3.697064519058102,3.697064519058102,4.269400201682672,2.647917966152435,0.7068802772847749,4.3364334468313634,-0.4053305256912825,-0.3373285500807725,-0.0480387826309512,-0.7664638574568674,-0.5530182651149045,113.09,0.19155361716197256
2024-06-12,israel_iran,2024-04-01,4649,-4.2382386714964015,4.2382386714964015,4.994816625945988,2.85529470154389,0.7488853803991407,4.409120117971787,0.4451511286682458,0.7425274676024599,0.2075004224608446,0.5259136832786148,-0.3229866915644054,113.09,0.19155361716197256
2024-06-13,israel_iran,2024-04-01,4624,-3.43484899616417,3.43484899616417,4.251214874753749,2.304986316608049,0.7100248689204811,4.395090098681639,-0.8174150472908353,-0.3643992560379431,-0.4706150227283334,-0.669713717510621,-0.3673875062340128,113.09,0.19155361716197256
2024-06-14,israel_iran,2024-04-01,4147,-3.606218975901041,3.606218975901041,4.171399763007323,2.2333904630715105,0.7160634018825373,4.372992003070279,-0.548098740853251,-0.4832121555514393,-0.5588387449605314,-0.4839252346707047,-0.4373213692957844,113.09,0.19155361716197256
2024-06-15,israel_iran,2024-04-01,4301,-4.00418537141844,4.00418537141844,4.585389303422862,2.5479270601359327,0.7336599927716739,4.393161482785934,0.0773249178971998,0.1330533183515375,-0.1712522018779703,0.0574718140810517,-0.3734909986942241,113.09,0.19155361716197256
2024-06-16,israel_iran,2024-04-01,4371,-3.424880756009398,3.424880756009398,3.944057955766593,2.205446943126496,0.7078778632875445,4.350920770164535,-0.8330806243323219,-0.821633523483926,-0.5932720427011715,-0.7357709737512522,-0.5071702199289279,113.09,0.19155361716197256
2024-06-17,israel_iran,2024-04-01,4895,-3.5788039176978894,3.5788039176978894,3.935432914184933,2.5026770814709685,0.7125292388597351,4.301712329923602,-0.5911828459420236,-0.8344727738002963,-0.2270113185244858,-0.5926613780752732,-0.6629002150296711,113.09,0.19155361716197256
2024-06-18,israel_iran,2024-04-01,3778,-3.764297061533128,3.764297061533128,4.322231093478127,2.173383695746699,0.7261366039877419,4.297227483143028,-0.2996712962300673,-0.2586844023654376,-0.6327818591356351,-0.1740014587758751,-0.6770934136709369,113.09,0.19155361716197256
2024-06-19,israel_iran,2024-04-01,3814,-4.166574679752508,4.166574679752508,4.756728785411998,2.4230241432761583,0.746386064145828,4.34953487707728,0.3325276598980834,0.3881095377921057,-0.3251633531348563,0.4490168313846415,-0.5115561570289787,113.09,0.19155361716197256
2024-06-20,israel_iran,2024-04-01,3797,-3.931443332466,3.931443332466,4.427123879231103,2.2785513824061416,0.7341933801984635,4.359915861487653,-0.0369927547983927,-0.1025408383126418,-0.5031893713400906,0.0738826280008905,-0.4787034463262437,113.09,0.19155361716197256
2024-06-21,israel_iran,2024-04-01,3727,-3.836416930393626,3.836416930393626,4.539104598365079,2.1922400504188064,0.7284527845657852,4.379618423616634,-0.1863313942700192,0.0641538343977555,-0.6095461867505745,-0.1027391706867138,-0.4163507302312907,113.09,0.19155361716197256
2024-06-22,israel_iran,2024-04-01,2291,-4.3067409287158975,4.3067409287158975,4.96528414870962,1.670375845721186,0.7579802282868472,4.450042797802741,0.5528057769638168,0.6985653760449513,-1.252611397428914,0.8057362827964719,-0.1934786498873867,113.09,0.19155361716197256
2024-06-23,israel_iran,2024-04-01,2826,-4.5824555114071135,4.5824555114071135,5.132406452647543,2.1090355750146563,0.7738216447451247,4.525604055338938,0.986104731397911,0.947343897677851,-0.7120745897786247,1.293131606844932,0.0456501298159334,113.09,0.19155361716197256
2024-06-24,israel_iran,2024-04-01,4470,-4.483162855842976,4.483162855842976,5.13757178105197,2.934878693470573,0.759471953812912,4.586294735564578,0.8300614658623009,0.9550330135763436,0.305567498290675,0.8516324340707354,0.2377179801262498,113.09,0.19155361716197256
2024-06-25,israel_iran,2024-04-01,4821,-3.6727855132641496,3.6727855132641496,4.250432270241683,2.5403601236079365,0.7213987720171655,4.5509690933159455,-0.4434861710058458,-0.3655642423320955,-0.1805765310593232,-0.3197710719078902,0.1259228883213679,113.09,0.19155361716197256
2024-06-26,israel_iran,2024-04-01,4349,-3.4875565870999843,3.4875565870999843,3.965270100361576,2.23746284277628,0.7079871766078532,4.486721848158849,-0.7345824897223961,-0.7900570920402604,-0.5538205703295908,-0.7324077138233945,-0.0774004262271856,113.09,0.19155361716197256
2024-06-27,israel_iran,2024-04-01,4327,-3.8895828122090776,3.8895828122090776,4.3195114026007575,2.486056887346197,0.7345692209618353,4.471844756338039,-0.1027786101650101,-0.2627329384364923,-0.2474914904545645,0.0854461792235158,-0.1244819720966451,113.09,0.19155361716197256
2024-06-28,israel_iran,2024-04-01,4890,-3.6202547815272905,3.6202547815272905,4.078038174946567,2.529803111458632,0.7245140894135682,4.428669774382767,-0.5260407856913174,-0.6221903607805996,-0.1935853697204457,-0.2239216170354314,-0.2611178763327714,113.09,0.19155361716197256
2024-06-29,israel_iran,2024-04-01,3648,-2.9528441097071565,2.9528441097071565,3.4607259713029737,1.659969901152224,0.6863631345819087,4.326387348365749,-1.5749093056480377,-1.541122267472392,-1.265434083630249,-1.3977179781063345,-0.5848111619669841,113.09,0.19155361716197256
2024-06-30,israel_iran,2024-04-01,2345,-3.7369482270254952,3.7369482270254952,4.166456244671641,1.4775912698250704,0.7108261256497621,4.310104355379873,-0.3426513275417215,-0.4905710846365295,-1.4901694686631783,-0.6450613270982813,-0.6363419645183446,113.09,0.19155361716197256
2024-07-01,israel_iran,2024-04-01,3463,-3.9815619080254327,3.9815619080254327,4.673740853647013,2.1504843148860653,0.7196577309097567,4.348409921374211,0.0417710384535203,0.264573573463049,-0.6609995353912418,-0.3733379544503791,-0.5151163053545466,92.39,-0.23286863234028968
2024-07-02,israel_iran,2024-04-01,3143,-4.240300188105492,4.240300188105492,4.930241712137833,2.123479714381725,0.7445627337271412,4.409347664691901,0.4483909028671594,0.6464011504489343,-0.6942758531694846,0.3929181408032894,-0.3222665742545479,92.39,-0.23286863234028968
2024-07-03,israel_iran,2024-04-01,3946,-3.6565361779576295,3.6565361779576295,4.176647591080665,2.181799432475373,0.7193642366747556,4.38377524160753,-0.46902279634441,-0.4754002305174557,-0.6224115990876714,-0.3823679372269501,-0.4031956445958288,92.39,-0.23286863234028968
2024-07-04,israel_iran,2024-04-01,3685,-4.013205653257732,4.013205653257732,4.49076698506093,2.273528061681896,0.7366416255019619,4.390528786207943,0.0915007320725541,-0.0078016119652609,-0.5093793394788596,0.1492081720386662,-0.3818226959230919,92.39,-0.23286863234028968
2024-07-05,israel_iran,2024-04-01,4375,-2.7165248411115326,2.7165248411115326,3.1917772539898768,1.7504822279146297,0.6650413426683742,4.26299695206419,-1.9462965967939403,-1.941479746466159,-1.1539006081503995,-2.053728866170629,-0.7854228061715557,92.39,-0.23286863234028968
2024-07-06,israel_iran,2024-04-01,3654,-3.0317724108320703,3.0317724108320703,3.4373891875469056,1.7064837487466975,0.6825495261071801,4.176554728280793,-1.45086961932145,-1.5758614400765334,-1.2081175692313897,-1.5150518631935512,-1.058986589546426,92.39,-0.23286863234028968
2024-07-07,israel_iran,2024-04-01,2520,-4.565711481601772,4.565711481601772,5.208182192902516,1.915227484522181,0.7560983453888808,4.286946804153876,0.9597906694543936,1.0601437825051514,-0.9508938830388788,0.7478360989782293,-0.7096286877168957,92.39,-0.23286863234028968
2024-07-08,israel_iran,2024-04-01,3989,-3.626641110214204,3.626641110214204,4.210407616013468,2.181677062073533,0.7179776965386637,4.280527935193156,-0.5160043577457878,-0.4251450048822697,-0.6225623895567847,-0.4250278332480263,-0.7299424880916083,92.39,-0.23286863234028968
2024-07-09,israel_iran,2024-04-01,3665,-3.90975617825276,3.90975617825276,4.524189578566167,2.205734384127773,0.7292122829234193,4.306301172536292,-0.0710751785625798,0.0419513127219111,-0.5929178446044627,-0.0793715665896744,-0.6483779006849494,92.39,-0.23286863234028968
2024-07-10,israel_iran,2024-04-01,3582,-3.8338751920428105,3.8338751920428105,4.442143267976891,2.125305770394879,0.7272299785301712,4.316833246341592,-0.1903258604281144,-0.0801829528601118,-0.6920257024899803,-0.1403614341721907,-0.6150470372381623,92.39,-0.23286863234028968
2024-07-11,israel_iran,2024-04-01,3028,-3.606701791744034,3.606701791744034,4.240311895440849,1.7538170776250894,0.717766771113844,4.30912089960509,-0.5473399721370262,-0.3806294480048085,-1.1497912520912308,-0.4315174085994995,-0.6394543078935641,92.39,-0.23286863234028968
2024-07-12,israel_iran,2024-04-01,3433,-3.3487410163809868,3.3487410163809868,3.8689913288679207,1.7965626061864266,0.7054580878338432,4.26343789353004,-0.9527379498529784,-0.933377821065874,-1.0971182347000867,-0.810220581492295,-0.7840273583178898,92.39,-0.23286863234028968
2024-07-13,israel_iran,2024-04-01,3200,-4.893814653241573,4.893814653241573,5.516426662911538,2.48558923403238,0.767677646879091,4.393878419433248,1.4754208542286755,1.518996980094179,-0.2480677544980978,1.1040982689009746,-0.3712221086414787,92.39,-0.23286863234028968
2024-07-14,israel_iran,2024-04-01,2544,-4.973315274983918,4.973315274983918,5.415407368264185,2.102410736515346,0.7658886707052991,4.5041568337779445,1.6003599704030194,1.3686195009271735,-0.7202380221944147,1.0490565607155504,-0.0222239115530885,92.39,-0.23286863234028968
2024-07-15,israel_iran,2024-04-01,3497,-3.939032015471143,3.939032015471143,4.5424676815753,2.143619662702359,0.7272387913586769,4.511340264896627,-0.0250667682235632,0.0691601252964125,-0.6694584773209847,-0.140090288506865,0.0005094993707636,92.39,-0.23286863234028968
2024-07-16,israel_iran,2024-04-01,3821,-4.072911947829716,4.072911947829716,4.703286127720514,2.371850592175443,0.7376709282918785,4.532639225619498,0.1853320947761682,0.3085547144122219,-0.3882217697181661,0.1808768910674666,0.0679143395319955,92.39,-0.23286863234028968
2024-07-17,israel_iran,2024-04-01,4072,-3.682229889553874,3.682229889553874,4.355635204992506,2.249590343058669,0.7302187578794173,4.512723786349498,-0.4286438716552785,-0.2089589899986086,-0.5388765035515003,-0.0484051950775522,0.0048879309573458,92.39,-0.23286863234028968
2024-07-18,israel_iran,2024-04-01,3245,-4.029176338376513,4.029176338376513,4.6512174907054895,2.068937470277817,0.7384380507416778,4.527810712586453,0.1165994450097449,0.2310452603488712,-0.7614853290826136,0.2044790667939556,0.0526335399923563,92.39,-0.23286863234028968
2024-07-19,israel_iran,2024-04-01,3798,-4.036841666825744,4.036841666825744,4.560175011050407,2.340104841689969,0.7413222584993954,4.531163503677081,0.1286458836493919,0.0955192835002162,-0.4273403517943439,0.2932179354676155,0.0632441209731982,92.39,-0.23286863234028968
2024-07-20,israel_iran,2024-04-01,2811,-4.386106620045981,4.386106620045981,4.891824190851551,2.0100717094516543,0.7640229419842813,4.566823890160141,0.6775328433946041,0.5892127684963273,-0.8340224422754047,0.9916533949720092,0.1760985781579247,92.39,-0.23286863234028968
2024-07-21,israel_iran,2024-04-01,3318,-3.70143679110503,3.70143679110503,4.343380948542791,1.933936799690397,0.728043674214277,4.540122206764519,-0.3984592862815154,-0.227200695213509,-0.9278393995314936,-0.1153263325020801,0.09159573669369,92.39,-0.23286863234028968
2024-07-22,israel_iran,2024-04-01,4706,-2.5822073900710154,2.5822073900710154,2.909780945375795,1.7551015463480777,0.6622333536036614,4.364785117347236,-2.157383041805407,-2.361259890168612,-1.1482084703205655,-2.140122702462023,-0.4632937079268046,92.39,-0.23286863234028968
2024-07-23,israel_iran,2024-04-01,4623,-3.195173513919525,3.195173513919525,3.588250942939452,2.143812127905841,0.6985568603445773,4.2834748069778295,-1.194076792369437,-1.3512883963046949,-0.6692213127952108,-1.0225517210290835,-0.7206165203035056,92.39,-0.23286863234028968
2024-07-24,israel_iran,2024-04-01,5306,-3.926803016559373,3.926803016559373,4.453166871760881,2.908492960958777,0.7286137805214715,4.30313842083319,-0.0442852382461656,-0.0637731991179275,0.2730537782771862,-0.0977857830777909,-0.6583870638451191,92.39,-0.23286863234028968
2024-07-25,israel_iran,2024-04-01,6015,-2.8812303502164225,2.8812303502164225,3.4747977196981026,2.3287655165085828,0.6735565577495299,4.215639423808637,-1.687453831975039,-1.52017504092009,-0.4413131927577201,-1.791739919364448,-0.9352952184469988,92.39,-0.23286863234028968
2024-07-26,israel_iran,2024-04-01,4493,-3.318349641731813,3.318349641731813,3.836821191389222,2.1805318347897864,0.6976955096968409,4.176425481032263,-1.0004994818356725,-0.9812663377635056,-0.6239735915857189,-1.0490530303771797,-1.0593956184301272,92.39,-0.23286863234028968
2024-07-27,israel_iran,2024-04-01,3727,-4.016768340037089,4.016768340037089,4.641833308372212,2.295298083615767,0.7349916784846692,4.229488922879098,0.0970996686300761,0.2170759519286531,-0.4825533115287554,0.0984439955349945,-0.89146569627904,92.39,-0.23286863234028968
2024-07-28,israel_iran,2024-04-01,1809,-4.028591308103971,4.028591308103971,5.08968050167018,1.2803599524413842,0.7318347537097432,4.320606581905484,0.1156800413172366,0.8837419805845081,-1.7332070204324097,0.0013143999761525,-0.6031055587844404,92.39,-0.23286863234028968
2024-07-29,israel_iran,2024-04-01,3421,-3.605330990446808,3.605330990446808,4.314258837448741,1.928983960537328,0.7167703027305588,4.317986569899034,-0.5494942534341106,-0.2705519150931599,-0.9339425170182916,-0.4621759063326104,-0.6113971131383389,92.39,-0.23286863234028968
2024-07-30,israel_iran,2024-04-01,3836,-4.424841838789973,4.424841838789973,5.201013738342374,2.584457076819337,0.7583628006126484,4.407784623846773,0.7384071345464251,1.0494728098950126,-0.1262382257072767,0.8175069450473472,-0.3272131310233112,92.39,-0.23286863234028968
2024-07-31,israel_iran,2024-04-01,6526,-5.145419946250795,5.145419946250795,5.798915022941193,4.395599080383214,0.7800183372168358,4.55585662719314,1.870830880520524,1.9395095922993344,2.1055347213662574,1.4837862079175603,0.1413904711795829,92.39,-0.23286863234028968
2024-08-01,israel_iran,2024-04-01,5311,-4.667605569770627,4.667605569770627,5.295687306118655,3.459489154056778,0.7670029325036297,4.634284863363356,1.119922213588301,1.1904040301697405,0.9520167724967912,1.0833392267702264,0.3895923807452546,140.98,0.7633959620227497
2024-08-02,israel_iran,2024-04-01,4141,-4.4878984743204615,4.4878984743204615,5.1106943072512925,2.7764301715716355,0.7467579849778008,4.692523017177074,0.8375037219623028,0.9150231642635716,0.1103199009283486,0.4604597774682308,0.5738987185133545,140.98,0.7633959620227497
2024-08-03,israel_iran,2024-04-01,3136,-5.241172606970581,5.241172606970581,5.93213692384125,2.620101301528027,0.7934352463971349,4.830261639214142,2.0213108709845464,2.137823921231465,-0.082315763378133,1.8965863394514864,1.0098002595903068,140.98,0.7633959620227497
2024-08-04,israel_iran,2024-04-01,3344,-6.396400180770854,6.396400180770854,7.180656118549072,3.362373703361621,0.8277973031215717,5.07619406412116,3.836807516012169,3.996371536785424,0.8323466222944239,2.9538090831555235,1.7881028259461034,140.98,0.7633959620227497
2024-08-05,israel_iran,2024-04-01,5074,-4.840682674060356,4.840682674060356,5.286394974826019,3.4733568255552325,0.7755712907467351,5.103156289772465,1.3919213497718566,1.1765714513515124,0.9691051587350058,1.3469632375056748,1.8734302057212944,140.98,0.7633959620227497
2024-08-06,israel_iran,2024-04-01,5765,-4.715324625887767,4.715324625887767,5.196177903438936,3.701262658611215,0.7764485689537605,5.116169503160709,1.1949150446540964,1.0422741785346832,1.2499412674960717,1.373954592547688,1.914613133838378,140.98,0.7633959620227497
2024-08-07,israel_iran,2024-04-01,4465,-4.150244568337964,4.150244568337964,4.699421061942092,2.714704857417612,0.7491965649465598,5.075915474315045,0.3068640909542573,0.3028011714816092,0.0342591138627878,0.5354879466487944,1.7872211725360592,140.98,0.7633959620227497
2024-08-08,israel_iran,2024-04-01,3967,-3.559396937003865,3.559396937003865,4.1860353321042565,2.132339905179224,0.7136211243302095,4.986627718055839,-0.6216818654765144,-0.4614256246252999,-0.6833579162606956,-0.5590671679800249,1.504652129975019,140.98,0.7633959620227497
2024-08-09,israel_iran,2024-04-01,3912,-4.526848801917655,4.526848801917655,5.027972531703773,2.683540278693688,0.7626913001081411,4.997162667072492,0.8987160671998807,0.7918834004938913,-0.0041433214880212,0.9506825622534032,1.537992092605763,140.98,0.7633959620227497
2024-08-10,israel_iran,2024-04-01,3369,-5.677529066515215,5.677529066515215,6.332370257923551,3.001814154305145,0.8004357950024185,5.13518947040822,2.7070663933647445,2.733611884986358,0.388048469079573,2.111973307212585,1.974805641297849,140.98,0.7633959620227497
2024-08-11,israel_iran,2024-04-01,3261,-4.650074221330836,4.650074221330836,5.329047388350001,2.396960327728839,0.7807922199866468,5.154098339663445,1.092370841895754,1.2400639004773508,-0.3572803921751747,1.5075963794613108,2.034646556841181,140.98,0.7633959620227497
2024-08-12,israel_iran,2024-04-01,4604,-4.285941659205832,4.285941659205832,4.97971734008158,2.8670482167443625,0.7460780313318026,5.139074948665342,0.5201187074452727,0.7200506471748572,0.2219836475231622,0.439539537885991,1.9871020178337229,140.98,0.7633959620227497
2024-08-13,israel_iran,2024-04-01,4816,-4.439576106389391,4.439576106389391,5.1246597769535205,3.068427724761622,0.7649448107505357,5.139960465275781,0.7615627568673891,0.935812184188284,0.4701327916562698,1.0200166746851629,1.9899044130474328,140.98,0.7633959620227497
2024-08-14,israel_iran,2024-04-01,4896,-4.035398527952264,4.035398527952264,4.769360407358447,2.8223908857953983,0.7439963876377541,5.10518525475771,0.1263779203125293,0.4069129898725084,0.1669548188038834,0.3754932825851235,1.879851273035452,140.98,0.7633959620227497
2024-08-15,israel_iran,2024-04-01,4502,-4.705204818125728,4.705204818125728,5.367988740625406,3.096390319171971,0.7635253502070316,5.135423968836233,1.1790112717032244,1.2980320580552862,0.5045895938353406,0.9763439113689972,1.975547758683946,140.98,0.7633959620227497
2024-08-16,israel_iran,2024-04-01,4319,-4.079796580274379,4.079796580274379,4.653586809233027,2.60406966859722,0.7338681764869126,5.087756119044498,0.1961516314536174,0.2345722315948945,-0.1020706829824399,0.0638770348274166,1.8246932715637687,140.98,0.7633959620227497
2024-08-17,israel_iran,2024-04-01,3220,-4.361264692353969,4.361264692353969,4.890594433986015,2.225946674753548,0.7574099534977529,5.068033159212769,0.6384925387795558,0.5873821505131671,-0.5680113252215382,0.788190549663368,1.7622760028405784,140.98,0.7633959620227497
2024-08-18,israel_iran,2024-04-01,3410,-4.196287789826893,4.196287789826893,4.886620108576591,2.2395729309127725,0.7550654861433205,5.052891889578987,0.379223265921341,0.5814659635258701,-0.5512204221304441,0.7160579579254914,1.7143584132087395,140.98,0.7633959620227497
2024-08-19,israel_iran,2024-04-01,5598,-3.389571652610844,3.389571652610844,3.955076070817139,2.606796158391758,0.7020252407012844,4.948882944584802,-0.8885706076159902,-0.8052319402788841,-0.098710976149984,-0.915839523143696,1.3852012114142256,140.98,0.7633959620227497
2024-08-20,israel_iran,2024-04-01,6693,-3.087870948819144,3.087870948819144,3.6936537855874025,2.6829467071946014,0.6871761910818761,4.8239421153342095,-1.3627080225795642,-1.194385560764547,-0.0048747477435046,-1.3727025423140211,0.989800856682138,140.98,0.7633959620227497
2024-08-21,israel_iran,2024-04-01,4882,-4.087714297279461,4.087714297279461,4.636935413264656,2.853095890150499,0.7447158263870629,4.806256305939876,0.2085947110554289,0.2097849376519257,0.2047909453608541,0.3976283664821924,0.9338305597808934,140.98,0.7633959620227497
2024-08-22,israel_iran,2024-04-01,4171,-3.680348043370967,3.680348043370967,4.32232408310584,2.289120336204486,0.7262796171791459,4.762543543580943,-0.4316012849901131,-0.2585459778609613,-0.4901658176266872,-0.1696013496725555,0.7954927414174874,140.98,0.7633959620227497
2024-08-23,israel_iran,2024-04-01,5039,-3.171392789162293,3.171392789162293,3.6057666542998392,2.264362398186588,0.6927610578577927,4.645589857176052,-1.2314493646592888,-1.3252144811245612,-0.5206736939748378,-1.200872077583512,0.4253693048348064,140.98,0.7633959620227497
2024-08-24,israel_iran,2024-04-01,2822,-4.461465358631738,4.461465358631738,4.825029808600056,2.0510209307840683,0.7662400257331494,4.664545554036111,0.7959627875707894,0.489782547165235,-0.7835629177358729,1.059866755505025,0.4853584157412843,140.98,0.7633959620227497
2024-08-25,israel_iran,2024-04-01,5229,-5.151146293088411,5.151146293088411,5.624587927261597,3.776075387404712,0.8104205686843315,4.763503814828463,1.879830114704104,1.6800060064713402,1.342128972209191,2.4191763920543887,0.7985317126984186,140.98,0.7633959620227497
2024-08-26,israel_iran,2024-04-01,4477,-4.234814138770115,4.234814138770115,4.860289139346176,2.775483022343806,0.756163691668515,4.776197796776463,0.4397693079635089,0.5422696417665844,0.1091527798415689,0.7498466181272964,0.8387043687893692,140.98,0.7633959620227497
2024-08-27,israel_iran,2024-04-01,3577,-3.982870301668816,3.982870301668816,4.513585361689043,2.205534498037301,0.7266243283557994,4.746140233640642,0.0438272430696557,0.026165858981724,-0.5931641534904224,-0.1589955672861987,0.7435811716922173,140.98,0.7633959620227497
2024-08-28,israel_iran,2024-04-01,4262,-4.514082921765943,4.514082921765943,5.027843586376828,2.853072481162195,0.7531819293418545,4.770052330924787,0.8786538620449116,0.7916914522796019,0.2047620997227363,0.6581062728579284,0.8192558074798141,140.98,0.7633959620227497
2024-08-29,israel_iran,2024-04-01,3782,-4.139450422226888,4.139450422226888,4.7905609972699965,2.391907059584253,0.7473403000288205,4.769313640151491,0.289900562299786,0.4384722209964385,-0.363507262910437,0.4783759552126607,0.8169180721250041,140.98,0.7633959620227497
2024-08-30,israel_iran,2024-04-01,3743,-2.9901246409623323,2.9901246409623323,3.643418027777368,1.7142263854094046,0.6931151707984695,4.64862105330837,-1.51632112704703,-1.269166587991954,-1.1985767342174332,-1.1899770296611574,0.4349621339617605,140.98,0.7633959620227497
2024-08-31,israel_iran,2024-04-01,3017,-4.391784512875192,4.391784512875192,4.903743597550969,2.129428233539133,0.7525145889052579,4.668454010948346,0.6864559297336434,0.606956015852012,-0.6869458127284098,0.6375741058511288,0.4977275128476695,140.98,0.7633959620227497
2024-09-01,israel_iran,2024-04-01,4517,-5.086940167396819,5.086940167396819,5.702418671816975,3.3557672783706973,0.7564003660994586,4.763686918440448,1.778927047267921,1.795864973897178,0.8242058798553435,0.7571284171550242,0.7991111808639978,130.36,0.545648894886807
2024-09-02,israel_iran,2024-04-01,4872,-4.847143408628144,4.847143408628144,5.523255985842895,3.378162755243224,0.7596729421088232,4.8409518888794745,1.4020747101990552,1.5291631208341232,0.8518026223098638,0.8578162722315206,1.0436317023236432,130.36,0.545648894886807
2024-09-03,israel_iran,2024-04-01,4773,-4.919244530505501,4.919244530505501,5.542397026791924,3.3779860920806235,0.7733507666033512,4.913008395974886,1.5153851503580091,1.5576565041684198,0.8515849297897519,1.2786440258194929,1.2716689951539686,130.36,0.545648894886807
2024-09-04,israel_iran,2024-04-01,4566,-4.369763734433307,4.369763734433307,5.0360529034255705,2.905493329592784,0.7511697007736292,4.927171894309966,0.6518491991735139,0.8039118544095329,0.269357493766837,0.5961957235296675,1.3164922310771552,130.36,0.545648894886807
2024-09-05,israel_iran,2024-04-01,3453,-4.061443024012865,4.061443024012865,4.535697474849671,2.188731682119365,0.7447708326266574,4.889955459724753,0.1673081199474901,0.0590819850322817,-0.6138693604407965,0.3993207520111301,1.198713347063649,130.36,0.545648894886807
2024-09-06,israel_iran,2024-04-01,3649,-4.072932029754655,4.072932029754655,4.625707609258156,2.290118253945911,0.737808383725995,4.861309168740557,0.1853636545036013,0.1930712111408406,-0.4889361372292724,0.1851060037879023,1.1080564042143923,130.36,0.545648894886807
2024-09-07,israel_iran,2024-04-01,3375,-4.919832264626679,4.919832264626679,5.499797923233367,2.604802596060442,0.7750830302216011,4.920560167811015,1.51630880328092,1.4942434123400488,-0.1011675358623537,1.3319408499878314,1.2955680942776997,130.36,0.545648894886807
2024-09-08,israel_iran,2024-04-01,2922,-4.471931902311558,4.471931902311558,5.153771300083987,2.1138557267120706,0.7660113179087116,4.942913319754432,0.8124114729784947,0.9791476428088732,-0.7061349759118425,1.052830066298735,1.366309134342994,130.36,0.545648894886807
2024-09-09,israel_iran,2024-04-01,3489,-4.147494340211721,4.147494340211721,4.586807363969628,2.253080758140213,0.755574979757738,4.905132880880784,0.3025419729149262,0.1351642454875194,-0.5345754526467568,0.7317336272037841,1.2467453454504749,130.36,0.545648894886807
2024-09-10,israel_iran,2024-04-01,4997,-4.741346505780215,4.741346505780215,5.468199914798475,3.3650931395965373,0.7768537116961428,4.963336782893214,1.2358097018744396,1.4472065678270842,0.8356976374044681,1.38641968231598,1.430943286512222,130.36,0.545648894886807
2024-09-11,israel_iran,2024-04-01,5370,-4.205402207568593,4.205402207568593,4.854288152830827,3.141301268754671,0.7529450688346884,4.9529009329186895,0.3935470192723823,0.5333365639041455,0.5599309431656654,0.6508187487941205,1.3979169427092546,130.36,0.545648894886807
2024-09-12,israel_iran,2024-04-01,3748,-3.945959048218247,3.945959048218247,4.735587148792693,2.2645016979935666,0.7358929683175846,4.927677120011376,-0.0141805973966378,0.3566380646307225,-0.5205020423096808,0.1261741200053877,1.3180911193089326,130.36,0.545648894886807
2024-09-13,israel_iran,2024-04-01,3428,-3.6078445313404,3.6078445313404,4.116466374178317,1.933386380301271,0.7216028417849532,4.843589800625039,-0.5455441009594388,-0.5649860836217571,-0.9285176517611796,-0.3134924256226093,1.0519799039980222,130.36,0.545648894886807
2024-09-14,israel_iran,2024-04-01,2684,-4.038302307103835,4.038302307103835,4.664747403006734,1.7830422710006688,0.7529912305287519,4.824458321811777,0.130941351299755,0.2511859088488862,-1.11377861706854,0.6522390128150809,0.9914344957861004,130.36,0.545648894886807
2024-09-15,israel_iran,2024-04-01,2982,-3.9312285906225393,3.9312285906225393,4.5094272682172925,1.8885583064048053,0.748930153274338,4.790872170957435,-0.0373302321103887,0.0199761145709613,-0.9837568778376992,0.527291217293509,0.8851443739616587,130.36,0.545648894886807
2024-09-16,israel_iran,2024-04-01,3812,-3.800879774857927,3.800879774857927,4.284302378189205,2.209479435521529,0.735555108291231,4.742033342247093,-0.2421797726433362,-0.3151451469499436,-0.5883030190581839,0.1157791280258959,0.7305840888042959,130.36,0.545648894886807
2024-09-17,israel_iran,2024-04-01,4607,-4.49378383214066,4.49378383214066,5.007754106478209,3.0075106583294726,0.7566745576940301,4.7758625308430185,0.8467528496836991,0.7617862212494652,0.395067964817275,0.7655645125912836,0.8376433523881751,130.36,0.545648894886807
2024-09-18,israel_iran,2024-04-01,6550,-4.508641290912538,4.508641290912538,5.108907894597242,3.861129751386061,0.7625168940290773,4.811773532786601,0.8701020729585972,0.9123639076076432,1.4469368935044842,0.945316583292796,0.951290932546284,130.36,0.545648894886807
2024-09-19,israel_iran,2024-04-01,6158,-4.350364947404523,4.350364947404523,4.825231953594161,3.573159892235185,0.7518256163851713,4.81589668096089,0.6213630563847754,0.4900834605179344,1.0920871136634438,0.6163763811670697,0.9643394632828364,130.36,0.545648894886807
2024-09-20,israel_iran,2024-04-01,5279,-4.886312928419362,4.886312928419362,5.358357381240025,3.60615333183539,0.7892893406612258,4.87982142414354,1.4636315266922482,1.2836948014907754,1.1327431559758356,1.769028612846052,1.1666421555427209,130.36,0.545648894886807
2024-09-21,israel_iran,2024-04-01,3760,-5.168577563454894,5.168577563454894,5.796365372773139,2.973357360928344,0.7940223461174801,4.976840014596886,1.9072242088087088,1.935714179092698,0.3529826920759827,1.9146497278612324,1.4736769760329833,130.36,0.545648894886807
2024-09-22,israel_iran,2024-04-01,4901,-4.841162604907937,4.841162604907937,5.267930700953121,3.388435690467795,0.7842043600441256,5.003979445559176,1.3926755845766592,1.1490855045395856,0.8644614082449928,1.612578223313072,1.5595651576152734,130.36,0.545648894886807
2024-09-23,israel_iran,2024-04-01,7170,-4.460694655539564,4.460694655539564,4.825899883733239,4.056598851177659,0.7759294630241838,4.985981574891701,0.7947515899592648,0.4910777423620607,1.68780295924935,1.3579831796738528,1.5026072801221702,130.36,0.545648894886807
2024-09-24,israel_iran,2024-04-01,7366,-4.279082294625085,4.279082294625085,4.815664699752301,3.960735704538179,0.7604971984991202,4.97061811894773,0.5093388804520493,0.4758416315652382,1.5696759560268834,0.8831762967915668,1.4539865372745857,130.36,0.545648894886807
2024-09-25,israel_iran,2024-04-01,6672,-4.246977109490804,4.246977109490804,4.673740741211169,3.682311484652829,0.7530819000550723,4.9389748500572885,0.4588840114537832,0.2645734060908771,1.2265887544008058,0.6550286562335591,1.3538450557492097,130.36,0.545648894886807
2024-09-26,israel_iran,2024-04-01,5655,-3.599356398530688,3.599356398530688,3.9336647634187023,2.787744796757264,0.7186519027901249,4.83371163640827,-0.5588836169025064,-0.8371048457816063,0.1242623054145087,-0.4042844246474195,1.0207184688143458,130.36,0.545648894886807
2024-09-27,israel_iran,2024-04-01,5388,-4.271609377698139,4.271609377698139,4.771130171003572,3.1982835227575204,0.7548081759589078,4.833681274300946,0.4975948259322895,0.4095474627878486,0.6301471121334163,0.7081412554612211,1.0206223818259814,130.36,0.545648894886807
2024-09-28,israel_iran,2024-04-01,6487,-4.239819174560851,4.239819174560851,4.580947163979597,3.607388643880511,0.7615683428527292,4.806625221646882,0.4476349665509622,0.1264407426656904,1.1342653646144016,0.91613236171827,0.9349980676507472,130.36,0.545648894886807
2024-09-29,israel_iran,2024-04-01,5564,-4.890726661143832,4.890726661143832,5.3973604629711085,3.745315859588903,0.7780078742118562,4.864014063410967,1.470567923584995,1.341754849632466,1.3042256593220762,1.4219299799482852,1.116616586811292,130.36,0.545648894886807
2024-09-30,israel_iran,2024-04-01,6341,-4.107370870767658,4.107370870767658,4.578992190886451,3.4413881367430603,0.7556338510172037,4.830297184272527,0.2394859778758413,0.1235305666778963,0.9297118617411614,0.7335449284002391,1.0099127490685549,130.36,0.545648894886807
2024-10-01,israel_iran,2024-04-01,8584,-4.691960161325987,4.691960161325987,5.268066312000564,4.789345304701835,0.7841892224110862,4.872559107102751,1.1581966456245107,1.1492873753557784,2.590727030813822,1.6121124814029344,1.143659094270211,130.69,0.5524150466904659
2024-10-02,israel_iran,2024-04-01,10221,-4.748852738910524,4.748852738910524,5.275528066852056,5.394025178663472,0.7757045666144488,4.914178503419521,1.2476061144375865,1.1603949552359047,3.3358415396109886,1.3510637568565296,1.2753720352366884,130.69,0.5524150466904659
2024-10-03,israel_iran,2024-04-01,7146,-4.109066979858783,4.109066979858783,4.592565941439927,3.728602489552351,0.743426761262871,4.8823313030319,0.2421514962848312,0.1437364728683825,1.28363067172386,0.3579674993129064,1.174585171518721,130.69,0.5524150466904659
2024-10-04,israel_iran,2024-04-01,7598,-3.729684469343901,3.729684469343901,4.108878782219725,3.522462881882406,0.737488317987224,4.80213186644716,-0.35406667807551,-0.5762809848152759,1.0296159126310571,0.1752584914220764,0.9207779424077494,130.69,0.5524150466904659
2024-10-05,israel_iran,2024-04-01,6117,-4.696656648382782,4.696656648382782,5.185761677877129,3.8400364024734457,0.7819879124179105,4.838760584061984,1.1655774047826202,1.026768568958934,1.4209446933491536,1.5443844344646596,1.0366968779963297,130.69,0.5524150466904659
2024-10-06,israel_iran,2024-04-01,7328,-4.7838224614322735,4.7838224614322735,5.237752627654904,4.413003085990884,0.7883482608907858,4.879123574865062,1.3025627440711165,1.1041623776800578,2.126980742058994,1.740074265179156,1.1644336713033043,130.69,0.5524150466904659
2024-10-07,israel_iran,2024-04-01,10243,-4.812878091369679,4.812878091369679,5.370019433809903,5.473776302430315,0.7659264203266256,4.932538445333009,1.3482250878957145,1.3010549510888625,3.434114563024571,1.050218009186248,1.3334757599277842,130.69,0.5524150466904659
2024-10-08,israel_iran,2024-04-01,7193,-4.1855685862187135,4.1855685862187135,4.7383070361390605,3.814407695107069,0.746792574787631,4.90908447479554,0.3623775130762988,0.3606868931658339,1.389363814734339,0.4615240075271624,1.259250958267544,130.69,0.5524150466904659
2024-10-09,israel_iran,2024-04-01,5886,-3.72777970284311,3.72777970284311,4.267712295246126,2.968406723301756,0.7268289219333033,4.841707894724417,-0.3570601118111429,-0.3398411702280779,0.3468822874119412,-0.1527008048659073,1.046024234701271,130.69,0.5524150466904659
2024-10-10,israel_iran,2024-04-01,5215,-4.072361799896116,4.072361799896116,4.593449486249972,2.979597788906561,0.7384032437755617,4.816097099376425,0.1844675103857214,0.1450517190471382,0.3606724360676415,0.2034081554537988,0.9649737276227878,130.69,0.5524150466904659
2024-10-11,israel_iran,2024-04-01,6093,-3.316759619514257,3.316759619514257,3.514510711060469,2.7045418395837006,0.6941004426569644,4.682614163532753,-1.0029982795331658,-1.46105822019687,0.0217357732204101,-1.1596630171477122,0.5425401604706915,130.69,0.5524150466904659
2024-10-12,israel_iran,2024-04-01,3742,-4.545778714828979,4.545778714828979,4.958161963184736,2.6055466364819098,0.7600485554064615,4.711789323877208,0.9284653513760877,0.6879632795926783,-0.1002506948411124,0.8693728249805456,0.6348708166601575,130.69,0.5524150466904659
2024-10-13,israel_iran,2024-04-01,4775,-4.551047643256796,4.551047643256796,5.11337800092395,3.126096936164445,0.7648127434167311,4.755283506355366,0.9367457301521273,0.9190181148396912,0.5411954613059308,1.015953338485056,0.7725168950782278,130.69,0.5524150466904659
2024-10-14,israel_iran,2024-04-01,5425,-4.5382040407411095,4.5382040407411095,5.105033738810386,3.414286037695197,0.7621139431394799,4.794791014262111,0.9165613805000574,0.9065968332763344,0.8963154017480145,0.9329189306000456,0.8975463408935439,130.69,0.5524150466904659
2024-10-15,israel_iran,2024-04-01,5573,-3.5898271142406166,3.5898271142406166,4.059281976365261,2.7521931406556512,0.7136969303730873,4.71600217807747,-0.5738593533292501,-0.6501108671676082,0.0804539104045576,-0.5567348316683964,0.64820324013781,130.69,0.5524150466904659
2024-10-16,israel_iran,2024-04-01,5662,-3.4144621243735744,3.4144621243735744,3.835614538126993,2.646819620093482,0.705674218800675,4.62093165815793,-0.8494540136190692,-0.9830625636868404,-0.0493922154463088,-0.8035708464200971,0.3473334802184605,130.69,0.5524150466904659
2024-10-17,israel_iran,2024-04-01,6052,-4.5267291632433055,4.5267291632433055,4.916817065538514,3.6741564023404414,0.7598806775736626,4.651025977199343,0.898528049170513,0.6264172006365671,1.2165396847805714,0.8642077015881339,0.4425729987631097,130.69,0.5524150466904659
2024-10-18,israel_iran,2024-04-01,5624,-4.143387918857799,4.143387918857799,4.680006385737697,3.1968414069398947,0.7345849470505573,4.650177828216195,0.29608853087442,0.2739004542804815,0.6283700703211286,0.0859300262411656,0.4398888609131058,130.69,0.5524150466904659
2024-10-19,israel_iran,2024-04-01,4219,-4.4528672952502815,4.4528672952502815,4.92048283089632,2.7932846194618746,0.7592089125336695,4.6723712717119374,0.7824505103565094,0.6318740646509997,0.1310887311831153,0.8435394021204567,0.5101244715103627,130.69,0.5524150466904659
2024-10-20,israel_iran,2024-04-01,4145,-3.9539415697128457,3.9539415697128457,4.359921844200409,2.447860272519775,0.7397240358709544,4.636111854782058,-0.0016356743693673,-0.2025778922050318,-0.2945591259418167,0.244045171280638,0.39537426213167,130.69,0.5524150466904659
2024-10-21,israel_iran,2024-04-01,4121,-3.5710823047638134,3.5710823047638134,4.070467236587488,2.2012779257826,0.7290570137523283,4.575375520106178,-0.6033177384029965,-0.633460471399976,-0.5984092987007995,-0.0841487573262442,0.2031619291416038,130.69,0.5524150466904659
2024-10-22,israel_iran,2024-04-01,5402,-3.813952921028425,3.813952921028425,4.3619029611352005,2.860841603153889,0.7333820591169331,4.551522367372648,-0.2216346839086392,-0.1996287984538926,0.2143355711840892,0.0489205860975468,0.1276738352263666,130.69,0.5524150466904659
2024-10-23,israel_iran,2024-04-01,4867,-3.520482252891735,3.520482252891735,4.0140067480242845,2.451747208600088,0.7134400396912696,4.49412742789908,-0.6828381952336646,-0.7175076425103171,-0.2897694635222071,-0.5646386272310832,-0.0539639813608653,130.69,0.5524150466904659
2024-10-24,israel_iran,2024-04-01,4766,-3.4138370032811856,3.4138370032811856,3.828812037793994,2.3417528154782965,0.7053461667727168,4.427016840257819,-0.8504364219961776,-0.9931887762651412,-0.4253096422690624,-0.8136640741874871,-0.266348918445053,130.69,0.5524150466904659
2024-10-25,israel_iran,2024-04-01,4275,-4.010394349054484,4.010394349054484,4.4830739461611175,2.540448870773236,0.7443983498266155,4.431031761847851,0.0870826299904176,-0.019253481639525,-0.1804671726974418,0.3878605157685511,-0.2536428924770619,130.69,0.5524150466904659
2024-10-26,israel_iran,2024-04-01,4951,-5.359344855418257,5.359344855418257,5.885897515657171,3.778574960635121,0.8201372702879575,4.583724918744308,2.2070243403110834,2.0689918662743474,1.3452090619558152,2.7181316615692457,0.2295852785232131,130.69,0.5524150466904659
2024-10-27,israel_iran,2024-04-01,4162,-5.428924952988731,5.428924952988731,6.325495352726818,3.371280635576372,0.7928426426339309,4.763027582233643,2.316372867445296,2.7233778904152626,0.8433221561394693,1.8783536072990377,0.7970245789771508,130.69,0.5524150466904659
2024-10-28,israel_iran,2024-04-01,5261,-4.068339588767477,4.068339588767477,4.606459891068652,2.9952331698853687,0.7362962538814708,4.747522503348234,0.1781464088337446,0.1644190279004144,0.3799390756889562,0.138582069674036,0.7479556418793889,130.69,0.5524150466904659
2024-10-29,israel_iran,2024-04-01,6078,-4.1262172395375405,4.1262172395375405,4.652143599301092,3.3589197750299937,0.7425396036918951,4.734583182972928,0.2691039683468598,0.2324238670450252,0.8280905320505403,0.3306721843436501,0.707006563046827,130.69,0.5524150466904659
2024-10-30,israel_iran,2024-04-01,3800,-3.614349377920328,3.614349377920328,4.057087676234529,2.096028743519636,0.7167933927058708,4.660104801592613,-0.5353214163472367,-0.6533773057558722,-0.7281022091483978,-0.4614654934709105,0.4713047624882347,130.69,0.5524150466904659
2024-10-31,israel_iran,2024-04-01,3965,-3.862618168853924,3.862618168853924,4.422174281439634,2.313113927450679,0.7312169171236503,4.635370762523074,-0.1451548662862237,-0.109908817285074,-0.4605998047237652,-0.0176946743626739,0.393028926792941,130.69,0.5524150466904659
2024-11-01,israel_iran,2024-04-01,4280,-3.8737058767382657,3.8737058767382657,4.372653036905012,2.455986786203997,0.7379481367683367,4.610555681907932,-0.1277299909442596,-0.1836262189391393,-0.284545259906585,0.1894058073779596,0.314496618845368,128.9,0.5157137990281931
2024-11-02,israel_iran,2024-04-01,3212,-4.672202524693094,4.672202524693094,5.181942085487125,2.3800038363165283,0.779260216794215,4.667673228586786,1.1271465531282818,1.0210827177850634,-0.3781749651776308,1.4604609989613913,0.4952565702056108,128.9,0.5157137990281931
2024-11-03,israel_iran,2024-04-01,2859,-4.150239817898969,4.150239817898969,4.634032357334304,1.9279503207601736,0.7591399778042457,4.660975099415382,0.3068566254069889,0.2054634440777418,-0.935216215760374,0.8414184765785896,0.4740589947909134,128.9,0.5157137990281931
2024-11-04,israel_iran,2024-04-01,3499,-3.9678543787950336,3.9678543787950336,4.503017505893552,2.160257074551111,0.7375612484344516,4.640391326435237,0.0202289857066831,0.010434532404222,-0.64895708891505,0.1775023538350806,0.408917509922503,128.9,0.5157137990281931
2024-11-05,israel_iran,2024-04-01,5461,-3.636463049346375,3.636463049346375,4.23989537556438,2.7486043771897943,0.7134894131372339,4.597589255550432,-0.5005686999182466,-0.3812494801408964,0.0760316700717814,-0.5631195467398556,0.2734617576865712,128.9,0.5157137990281931
2024-11-06,israel_iran,2024-04-01,5593,-1.8026021555577216,1.8026021555577216,2.0535156650658006,1.3854516131242345,0.6072423329981048,4.330954007152555,-3.38257080550188,-3.635897718523508,-1.6037082153616318,-3.8320399863988346,-0.5703590527959946,128.9,0.5157137990281931
2024-11-07,israel_iran,2024-04-01,4586,-2.44771394232429,2.44771394232429,2.8433732205199806,1.63270763403537,0.6512640102998638,4.17253114143349,-2.3687460742502964,-2.4601145326989737,-1.2990279101262183,-2.4776181939942603,-1.071720038461898,128.9,0.5157137990281931
2024-11-08,israel_iran,2024-04-01,3584,-4.004240513057448,4.004240513057448,4.688958898969831,2.2206989776719044,0.7228533982488894,4.230659801183436,0.0774115756803864,0.2872271794051947,-0.574477780285914,-0.2750163603928103,-0.8877602166559241,128.9,0.5157137990281931
2024-11-09,israel_iran,2024-04-01,3261,-4.524565496911623,4.524565496911623,4.928523597347542,2.332264708068255,0.7571533306088055,4.30028250307899,0.8951277416854632,0.6438435620992496,-0.4370013270706908,0.7802949933255768,-0.667425189331156,128.9,0.5157137990281931
2024-11-10,israel_iran,2024-04-01,2888,-3.667556269373861,3.667556269373861,4.141577705283568,1.717521936958523,0.7099911020179738,4.279045261231958,-0.4517041835898251,-0.5276053170729712,-1.1945158031703171,-0.670752629051961,-0.7346347077104965,128.9,0.5157137990281931
2024-11-11,israel_iran,2024-04-01,4323,-1.9731335894007989,1.9731335894007989,2.4348781292428665,1.2602819632619988,0.625798710917258,4.079882627596501,-3.1145723149573805,-3.068200961066818,-1.7579480473612827,-3.261113020815179,-1.3649248735528443,128.9,0.5157137990281931
2024-11-12,israel_iran,2024-04-01,5237,-2.414495686764567,2.414495686764567,2.879355798024488,1.7718774993149258,0.6552987512363136,3.953313808469383,-2.420950187872651,-2.40655081184794,-1.1275363651410064,-2.3534806920636795,-1.765477329311793,128.9,0.5157137990281931
2024-11-13,israel_iran,2024-04-01,5231,-2.540725865412941,2.540725865412941,3.0649722293911688,1.862997557966844,0.662426730149823,3.860223782428282,-2.222573287048276,-2.1302419033534163,-1.0152540143176347,-2.134173056189669,-2.0600794184722977,128.9,0.5157137990281931
2024-11-14,israel_iran,2024-04-01,4562,-2.914580890111026,2.914580890111026,3.5364961073056977,1.936689449733776,0.6870089341644542,3.820228199618643,-1.6350418270491758,-1.4283307251437076,-0.9244474568304324,-1.377848561906455,-2.1866534753719,128.9,0.5157137990281931
2024-11-15,israel_iran,2024-04-01,4193,-3.340322163237922,3.340322163237922,3.954207887788568,2.085779030698373,0.7040510667037382,3.829617950013692,-0.9659685894108055,-0.8065243188858415,-0.7407323793640711,-0.8535106194416632,-2.15693772384922,128.9,0.5157137990281931
2024-11-16,israel_iran,2024-04-01,3109,-3.588827315682166,3.588827315682166,4.317601041802669,1.781904966498311,0.721403673874404,3.875086847654639,-0.5754305856731938,-0.2655767044924613,-1.115180056279796,-0.31962025570383,-2.013042262578923,128.9,0.5157137990281931
2024-11-17,israel_iran,2024-04-01,2897,-5.119999322582748,5.119999322582748,5.842826948069765,2.403666047983561,0.776939961149844,4.0800501934031255,1.8308811268697969,2.004876952359178,-0.3490172935193633,1.3890733326727145,-1.364394577893871,128.9,0.5157137990281931
2024-11-18,israel_iran,2024-04-01,3576,-3.755949350682044,3.755949350682044,4.284190579328494,2.079429366465946,0.7252622054838614,4.101644518041988,-0.3127901321958221,-0.3153115709079218,-0.7485567293206438,-0.2009042135433399,-1.296054999281976,128.9,0.5157137990281931
2024-11-19,israel_iran,2024-04-01,3807,-3.376452306532636,3.376452306532636,3.835409465428892,1.960803730012224,0.7003127116223754,4.072113455194811,-0.9091883017657136,-0.9833678352242636,-0.894732725319767,-0.9685291716707444,-1.389511980441994,128.9,0.5157137990281931
2024-11-20,israel_iran,2024-04-01,3371,-3.515219790292073,3.515219790292073,4.073494072584737,1.8594182474982552,0.711230557321028,4.072580035373631,-0.691108412644456,-0.6289547186256459,-1.0196646062299497,-0.6326181149656244,-1.3880353937303245,128.9,0.5157137990281931
2024-11-21,israel_iran,2024-04-01,4944,-4.913404695435251,4.913404695435251,5.923837897017723,3.460651682195643,0.7556610079170709,4.269275590925984,1.506207563865093,2.12546997699123,0.9534492934396136,0.7343804689622709,-0.7655527921170737,128.9,0.5157137990281931
2024-11-22,israel_iran,2024-04-01,4023,-4.501146273948218,4.501146273948218,5.26887274396406,2.725062438625038,0.744132275484611,4.3735748759949455,0.8583232871489875,1.1504878312311986,0.0470222044930999,0.3796741651045315,-0.4354767508267123,128.9,0.5157137990281931
2024-11-23,israel_iran,2024-04-01,2797,-5.158974299450229,5.158974299450229,5.62259771033974,2.354808169017313,0.7873402597182397,4.497023087626921,1.8921322096414528,1.6770433664652975,-0.4092222317923997,1.7090609363251186,-0.0448000844150906,128.9,0.5157137990281931
2024-11-24,israel_iran,2024-04-01,2907,-5.038176064241421,5.038176064241421,5.587937092251774,2.3717643783423834,0.775701159094462,4.60204132644021,1.7022918736586452,1.6254475164582902,-0.3883280063908884,1.3509589171591132,0.2875512304367478,128.9,0.5157137990281931
2024-11-25,israel_iran,2024-04-01,3812,-3.739998343431425,3.739998343431425,4.428123165107821,2.174088610578376,0.7218426462436544,4.583664646667373,-0.3378579204005701,-0.1010532998019778,-0.6319132304757997,-0.3061143245440367,0.2293945354271113,128.9,0.5157137990281931
2024-11-26,israel_iran,2024-04-01,4875,-4.061237608257534,4.061237608257534,4.473593658721662,2.831689356971594,0.7307551920916429,4.571671506756582,0.1669852990392148,-0.0333658522703098,0.1784128250669713,-0.0319006402363239,0.1914398347618299,128.9,0.5157137990281931
2024-11-27,israel_iran,2024-04-01,5450,-3.9338934708199886,3.9338934708199886,4.278670503309944,2.969210817640099,0.7173964285313018,4.543595096419516,-0.0331422425163086,-0.3235287646566764,0.3478731296472147,-0.4429117964373866,0.1025863937092369,128.9,0.5157137990281931
2024-11-28,israel_iran,2024-04-01,4137,-3.845922929172279,3.845922929172279,4.334643212663869,2.377558975104729,0.7237538094825652,4.522216518172864,-0.1713922521635783,-0.2402077024361011,-0.3811876362443425,-0.2473132679218732,0.0349295878988678,128.9,0.5157137990281931
2024-11-29,israel_iran,2024-04-01,3520,-4.402887845962684,4.402887845962684,5.01519401396637,2.4081866108135457,0.7374356708874057,4.575062696949007,0.7039053608467302,0.7728612791105507,-0.3434468469118347,0.173638689913559,0.2021719374146742,128.9,0.5157137990281931
2024-11-30,israel_iran,2024-04-01,3471,-5.7124327368594665,5.7124327368594665,6.310368478864524,3.090850683669673,0.7919293043494869,4.754825004016441,2.761919218770117,2.7008600024510883,0.4977633987460824,1.8502527862465223,0.7710658723137407,128.9,0.5157137990281931
2024-12-01,israel_iran,2024-04-01,3705,-4.517216701980347,4.517216701980347,5.055672097828148,2.5696472736014697,0.750031672073785,4.787238216666833,0.8835787509538465,0.8331170177186421,-0.1444875502263264,0.561181817519564,0.873643995548912,142.37,0.7918958135593753
2024-12-02,israel_iran,2024-04-01,4172,-4.42890430853082,4.42890430853082,5.009286635823852,2.755202644280034,0.7451685623462636,4.8122389272138175,0.7447915044769061,0.7640675468175336,0.0841623599683139,0.4115577641546912,0.9527637667087868,142.37,0.7918958135593753
2024-12-03,israel_iran,2024-04-01,4044,-3.4652047443988776,3.4652047443988776,4.077422386199227,2.106092803101296,0.7028450098709236,4.737860016875426,-0.7697095039612895,-0.6231070248678681,-0.7157008094415347,-0.8906175575995438,0.717376762246058,142.37,0.7918958135593753
2024-12-04,israel_iran,2024-04-01,3398,-3.7467670554690895,3.7467670554690895,4.341732822108398,1.994205254316899,0.7147213739864658,4.710883964721925,-0.3272205583134492,-0.2296540987877244,-0.853573822159491,-0.5252156156799115,0.6320056257269298,142.37,0.7918958135593753
2024-12-05,israel_iran,2024-04-01,3460,-4.856939788580035,4.856939788580035,5.588977785793945,2.621529096903402,0.7562345329694089,4.813855933730312,1.4174702005244522,1.626996694484165,-0.0805563678771462,0.7520262034501184,0.9578811086862729,142.37,0.7918958135593753
2024-12-06,israel_iran,2024-04-01,3003,-4.075017052887165,4.075017052887165,4.670714550663684,1.968566435714902,0.7356739116836937,4.799441041105221,0.1886403703539885,0.2600686141340683,-0.8851671603065099,0.1194343704797434,0.9122622850273224,142.37,0.7918958135593753
2024-12-07,israel_iran,2024-04-01,3137,-4.155794488820479,4.155794488820479,4.658551516189515,2.0780339943833104,0.7380184868160277,4.783861169202593,0.3155860624901592,0.24196270209388,-0.7502761713406507,0.1915702782370817,0.8629566504006784,142.37,0.7918958135593753
2024-12-08,israel_iran,2024-04-01,5325,-3.904904061672064,3.904904061672064,4.175662140786338,2.899582032807385,0.7245638888514,4.723229497478378,-0.0787005171307695,-0.4768671733586487,0.2620733204541886,-0.2223894299861621,0.6710755443479076,142.37,0.7918958135593753
2024-12-09,israel_iran,2024-04-01,4600,-3.942423195794488,3.942423195794488,4.306073972040923,2.6355831391187485,0.730785997261869,4.691847614223505,-0.0197373624516218,-0.2827359184723715,-0.0632383270214206,-0.0309528527727295,0.5717612701785687,142.37,0.7918958135593753
2024-12-10,israel_iran,2024-04-01,4456,-4.163178159315555,4.163178159315555,4.793852956547455,2.7191340934516104,0.7343579512949221,4.71262094903517,0.3271898618763726,0.4433726366981392,0.0397170233681883,0.0789460125220106,0.6375026615457285,142.37,0.7918958135593753
2024-12-11,israel_iran,2024-04-01,4404,-4.053977562372404,4.053977562372404,4.639194448728737,2.625058476769812,0.7405991827884583,4.713971933005712,0.1555757817751481,0.2131477413581211,-0.0762073027622635,0.2709709526064578,0.6417781217327121,142.37,0.7918958135593753
2024-12-12,israel_iran,2024-04-01,4472,-3.34824449141725,3.34824449141725,3.917640111004264,2.192629996976477,0.7013430700590672,4.636443616579408,-0.9535182631230916,-0.8609591682951699,-0.6090656765661155,-0.9368279733934254,0.3964241889902114,142.37,0.7918958135593753
2024-12-13,israel_iran,2024-04-01,3846,-3.420589311435624,3.420589311435624,3.9135944422408215,2.001836761109693,0.7064814878824321,4.563934411604195,-0.8398248394140133,-0.8669815571102468,-0.8441699265113027,-0.7787334730240008,0.1669542427724105,142.37,0.7918958135593753
2024-12-14,israel_iran,2024-04-01,2141,-3.701589571432825,3.701589571432825,4.480930258308447,1.3569209030135194,0.7222332568697227,4.556535981021475,-0.3982191845224949,-0.0224445787119301,-1.638865075983602,-0.2940963466586128,0.1435404228512951,142.37,0.7918958135593753
2024-12-15,israel_iran,2024-04-01,2419,-3.450311656332907,3.450311656332907,3.939154187219666,1.3996320488804763,0.7185841727550576,4.484284778741755,-0.7931147204148101,-0.8289332809716354,-1.5862344265387671,-0.4063682851706497,-0.0851130220039667,142.37,0.7918958135593753
2024-12-16,israel_iran,2024-04-01,3692,-4.184111670124327,4.184111670124327,4.756658428691083,2.3737844574714764,0.7521885438250732,4.514131344972214,0.3600878981628114,0.3880048046678981,-0.3858387714538231,0.6275426261580352,0.0093424329969636,142.37,0.7918958135593753
2024-12-17,israel_iran,2024-04-01,3500,-3.742459659494761,3.742459659494761,4.234640193606692,2.037992280536769,0.724805052774987,4.488386979451167,-0.333989841801442,-0.3890723521785577,-0.7996174231813815,-0.2149695020400059,-0.0721307837283568,142.37,0.7918958135593753
2024-12-18,israel_iran,2024-04-01,2850,-3.2068453024970496,3.2068453024970496,3.660231348722165,1.4859530550858455,0.6938021574369213,4.4032891751397285,-1.1757340056453809,-1.244138252277172,-1.4798656901093623,-1.168840404906228,-0.3414398815908147,142.37,0.7918958135593753
2024-12-19,israel_iran,2024-04-01,3049,-3.7519485402463273,3.7519485402463273,4.373355942297263,1.834452432626906,0.7332465322256433,4.391733323341906,-0.3190776015119683,-0.1825798728787293,-1.0504286380517966,0.0447508091542126,-0.3780106961715812,142.37,0.7918958135593753
2024-12-20,israel_iran,2024-04-01,2782,-3.985866984079561,3.985866984079561,4.654710769512684,1.8115033231592297,0.7244990863251161,4.414639361656189,0.0485366760734288,0.2362453606157276,-1.0787075921970857,-0.2243832193913269,-0.305519936111003,142.37,0.7918958135593753
2024-12-21,israel_iran,2024-04-01,2173,-4.3721581787507935,4.3721581787507935,4.931171492976053,1.6227456904901565,0.74939606550219,4.462474177106612,0.6556121855527275,0.6477852236511616,-1.3113034777298256,0.5416260112729575,-0.1541370526205626,142.37,0.7918958135593753
2024-12-22,israel_iran,2024-04-01,3085,-4.883410821408282,4.883410821408282,5.20595869690592,2.4099091593417525,0.7813626813039547,4.53471315538918,1.4590707235556035,1.056833882905542,-0.3413242429427872,1.525147851536972,0.0744777069399141,142.37,0.7918958135593753
2024-12-23,israel_iran,2024-04-01,2821,-3.974574898253046,3.974574898253046,4.504589278209706,1.826668983162551,0.7333522751925637,4.532123051382283,0.0307906107973362,0.0127742751192437,-1.0600197644876477,0.0480042194640659,0.066280802459106,142.37,0.7918958135593753
2024-12-24,israel_iran,2024-04-01,2374,-3.6772392354293832,3.6772392354293832,4.191826675293465,1.4688042078541097,0.7084027786488769,4.496537357076035,-0.4364869287506875,-0.4528046221442946,-1.500997292849498,-0.7196208211870274,-0.0463372763264654,142.37,0.7918958135593753
2024-12-25,israel_iran,2024-04-01,2642,-3.358354227322631,3.358354227322631,3.8629841945839214,1.4640118109536353,0.6908018478457055,4.43088641535351,-0.9376303185876648,-0.9423200505062876,-1.5069027059717557,-1.2611513967488932,-0.2541028706584651,142.37,0.7918958135593753
2024-12-26,israel_iran,2024-04-01,2834,-4.484012186219572,4.484012186219572,5.095874414949079,2.0684077115022848,0.75072716344349,4.501589110660025,0.8313962300976779,0.8929622495273017,-0.7621381223486201,0.5825801086637356,-0.0303499872144141,142.37,0.7918958135593753
2024-12-27,israel_iran,2024-04-01,3102,-4.324850746249364,4.324850746249364,4.78951639806017,2.1435388314083843,0.7593642846651674,4.529135535942466,0.5812662411353164,0.4369172289876151,-0.6695580813800892,0.8483197606558784,0.0568262096590051,142.37,0.7918958135593753
2024-12-28,israel_iran,2024-04-01,2314,-4.382886727579462,4.382886727579462,4.92482173273628,1.714032087128441,0.7665269278017551,4.561052480938051,0.6724726248689288,0.638332960679962,-1.1988161575460652,1.0686939160728028,0.1578337942005433,142.37,0.7918958135593753
2024-12-29,israel_iran,2024-04-01,3021,-3.135856250461476,3.135856250461476,3.5645789061323088,1.5220679863150353,0.6816486099381232,4.45317056907816,-1.2872967736464132,-1.386526627122216,-1.4353632014341922,-1.5427704910898954,-0.1835801893181765,142.37,0.7918958135593753
2024-12-30,israel_iran,2024-04-01,5856,-1.0716452122122209,1.0716452122122209,1.361978974376144,0.8503412528527597,0.5644339626692367,4.1239091720579815,-4.531305399793027,-4.665320312102545,-2.263095951609078,-5.149131774458159,-1.225594028687216,142.37,0.7918958135593753
2024-12-31,israel_iran,2024-04-01,3087,-2.8759000039956097,2.8759000039956097,3.5128886017652308,1.419950924624564,0.6729990896393288,4.059689480146612,-1.6958307318172812,-1.463472894617265,-1.5611965680432036,-1.8088916274161744,-1.4288301454542298,142.37,0.7918958135593753
2025-01-01,israel_iran,2024-04-01,2695,-3.640243868303172,3.640243868303172,4.274885109961929,1.612607933986883,0.7174084902412076,4.080839876986236,-0.4946269579730284,-0.3291637070834398,-1.3237956901921857,-0.442540691932712,-1.361895465547965,113.23,0.1944241058059492
2025-01-02,israel_iran,2024-04-01,2849,-4.313218749122709,4.313218749122709,4.848313652605179,1.99805106587694,0.7385046100378637,4.153496940733059,0.5629859886228665,0.5244429135737614,-0.8488348352758827,0.2065269070119323,-1.1319575905426278,113.23,0.1944241058059492
2025-01-03,israel_iran,2024-04-01,2506,-4.260765429929497,4.260765429929497,4.794880005763281,1.7791908605616202,0.7492964567441912,4.218320950314698,0.4805530315366952,0.4449015037585914,-1.1185245031498254,0.5385613331230755,-0.9268089891008384,113.23,0.1944241058059492
2025-01-04,israel_iran,2024-04-01,1973,-4.715398140303736,4.715398140303736,5.296036421464352,1.6136164375699795,0.7656474587168124,4.329613004496368,1.1950305761550577,1.1909237238164616,-1.322552965431039,1.0416351539491486,-0.5746029251084607,113.23,0.1944241058059492
2025-01-05,israel_iran,2024-04-01,1998,-4.159612089752731,4.159612089752731,4.915901929948811,1.4386717604194392,0.7483436708137067,4.3923298674190105,0.3215856091091498,0.6250549283740656,-1.538127888286788,0.5092468202093852,-0.3761228125940876,113.23,0.1944241058059492
2025-01-06,israel_iran,2024-04-01,2618,-3.7731239073718994,3.7731239073718994,4.391488029633369,1.6326927176889852,0.715118928310886,4.392717382328309,-0.2857994761922632,-0.1555884194622505,-1.2990462907381557,-0.5129839999473192,-0.3748964438120046,113.23,0.1944241058059492
2025-01-07,israel_iran,2024-04-01,2762,-3.4178881091632074,3.4178881091632074,4.154432308165261,1.5443814976971657,0.704843540682628,4.365357677714079,-0.8440699109257503,-0.5084699352254743,-1.4078674606480668,-0.829128449276624,-0.4614817256187547,113.23,0.1944241058059492
2025-01-08,israel_iran,2024-04-01,3398,-3.4707105990942555,3.4707105990942555,4.118289398547366,1.8472750535222635,0.7091735262677049,4.337774154372823,-0.7610567839655353,-0.5622723267099256,-1.0346280115031734,-0.6959071093211946,-0.5487753267522815,113.23,0.1944241058059492
2025-01-09,israel_iran,2024-04-01,4033,-3.2710774027392526,3.2710774027392526,3.993977302031125,1.984050630987277,0.7011773206102832,4.303816040878218,-1.0747901179322583,-0.7473235069753922,-0.8660868187054148,-0.9419276124638142,-0.6562425990790017,113.23,0.1944241058059492
2025-01-10,israel_iran,2024-04-01,3079,-3.669869203814579,3.669869203814579,4.300951599636866,1.808258645000644,0.7167534239827653,4.305668774636832,-0.4480692939693507,-0.2903610900018869,-1.082705834699354,-0.4626952173911878,-0.6503792508863073,113.23,0.1944241058059492
2025-01-11,israel_iran,2024-04-01,1633,-3.671604496512325,3.671604496512325,4.233926610176665,1.0683344827317576,0.7229559683298395,4.297130481831433,-0.4453421966057239,-0.3901345935826125,-1.994474610967761,-0.2718605707590962,-0.6774003938090102,113.23,0.1944241058059492
2025-01-12,israel_iran,2024-04-01,1851,-3.866198220318364,3.866198220318364,4.3849479559515165,1.2531107213927597,0.7305298923254057,4.308374123007711,-0.1395286402766279,-0.1653239833193999,-1.7667847832821526,-0.0388324731858859,-0.6418176324631245,113.23,0.1944241058059492
2025-01-13,israel_iran,2024-04-01,3687,-3.3556201933232868,3.3556201933232868,3.83026860765062,1.901785775302772,0.7107567593517268,4.255447588513804,-0.9419269867643704,-0.9910205241105928,-0.9674573788549308,-0.6471955307787426,-0.8093142837912312,113.23,0.1944241058059492
2025-01-14,israel_iran,2024-04-01,4487,-3.781768848211255,3.781768848211255,4.220515303533449,2.482617538664912,0.7270813905711025,4.251876355383959,-0.2722135287596875,-0.4100986855155727,-0.2517296149789483,-0.1449330630193158,-0.8206161684901042,113.23,0.1944241058059492
2025-01-15,israel_iran,2024-04-01,5271,-3.4211987862714377,3.4211987862714377,3.8360614612540735,2.522175676525085,0.6885994863547537,4.211265886850973,-0.8388670198945144,-0.9823972732245936,-0.202984247835335,-1.3289117952827914,-0.9491361547915615,113.23,0.1944241058059492
2025-01-16,israel_iran,2024-04-01,6852,-3.2039887785339047,3.2039887785339047,3.623448059812297,2.827725625172775,0.6712871240465397,4.148342741774725,-1.1802231727923098,-1.298893913371887,0.1735285314110059,-1.8615639390781311,-1.148269088623032,113.23,0.1944241058059492
2025-01-17,israel_iran,2024-04-01,4994,-3.4642875341212376,3.4642875341212376,3.909605040761017,2.45766424259225,0.695829572799561,4.120354129169937,-0.7711509447817873,-0.872920186359366,-0.2824782205580238,-1.106462601112156,-1.2368446761132972,113.23,0.1944241058059492
2025-01-18,israel_iran,2024-04-01,3660,-3.8375933353438767,3.8375933353438767,4.311983184716501,2.1627648753997257,0.7110204343872529,4.136097570519542,-0.1844826163419195,-0.2739394552905879,-0.6458668607167238,-0.6390829999503135,-1.1870213931106492,113.23,0.1944241058059492
2025-01-19,israel_iran,2024-04-01,4965,-4.025328574632669,4.025328574632669,4.449404354899394,2.843788956987982,0.7231900846790973,4.163250181547081,0.1105524960567965,-0.0693740875712561,0.1933225118468314,-0.264657476628464,-1.1010915005640112,113.23,0.1944241058059492
2025-01-20,israel_iran,2024-04-01,4688,-2.63381993195166,2.63381993195166,3.114438448556524,1.7852085882118327,0.6524495903946185,4.050691907536961,-2.076271407396083,-2.0566064125496446,-1.1111091808028348,-2.441141266821096,-1.457304771586639,113.23,0.1944241058059492
2025-01-21,israel_iran,2024-04-01,4732,-3.0894891167274827,3.0894891167274827,3.880881934565637,2.1083034878204177,0.6847801595223363,4.031993719529854,-1.3601649925521415,-0.9156774469261288,-0.712976701480405,-1.446421617970418,-1.5164789439945117,113.23,0.1944241058059492
2025-01-22,israel_iran,2024-04-01,3878,-3.515707405117098,3.515707405117098,4.027708410718163,2.070438292136267,0.7080483751781493,4.0324748772737165,-0.6903421020932059,-0.6971113261086361,-0.7596359469715069,-0.7305248078926421,-1.5149562236496388,113.23,0.1944241058059492
2025-01-23,israel_iran,2024-04-01,3396,-3.292804227196453,3.292804227196453,3.856251989256441,1.7517849581342229,0.6949530117432176,4.008006780087216,-1.0406453504390518,-0.9523416218300172,-1.1522953237189733,-1.1334318914675998,-1.5923904328284253,113.23,0.1944241058059492
2025-01-24,israel_iran,2024-04-01,3674,-3.88383299062272,3.88383299062272,4.391915035382087,2.1952195078740115,0.7240278616230467,4.044201854163678,-0.1118147360646019,-0.1549527780404204,-0.6058747614661966,-0.2388814630912924,-1.4778438493358297,113.23,0.1944241058059492
2025-01-25,israel_iran,2024-04-01,4081,-4.321837444440119,4.321837444440119,4.850480871400573,2.6447113949925734,0.7380059874723518,4.124419208868117,0.5765306899337951,0.5276690388441112,-0.0519900679268384,0.1911857089861352,-1.2239799147353263,113.23,0.1944241058059492
2025-01-26,israel_iran,2024-04-01,4478,-3.929515870351158,3.929515870351158,4.456521316321623,2.5758135078945,0.7319833951126239,4.162555166924788,-0.0400218558017574,-0.0587797677263231,-0.1368892311252164,0.005887673137355,-1.1032910139644505,113.23,0.1944241058059492
2025-01-27,israel_iran,2024-04-01,4872,-3.941525363009112,3.941525363009112,4.551308776165119,2.747002318203001,0.731462088588002,4.219043585055889,-0.0211483505950959,0.0823209924568412,0.0740575388886357,-0.0101514457865024,-0.9245220662852752,113.23,0.1944241058059492
2025-01-28,israel_iran,2024-04-01,3849,-3.282128229098225,3.282128229098225,3.720164284546855,1.9219389834391525,0.703000351311477,4.1703003338827935,-1.0574232037116271,-1.1549219907713235,-0.9426236636481654,-0.8858381433371835,-1.078779877124528,113.23,0.1944241058059492
2025-01-29,israel_iran,2024-04-01,3240,-3.449968752339231,3.449968752339231,4.024005810493216,1.7693853102385786,0.7061725243777734,4.154285401920144,-0.7936536108154582,-0.7026230225636003,-1.1306073557914575,-0.7882394012261211,-1.1294623467145226,113.23,0.1944241058059492
2025-01-30,israel_iran,2024-04-01,3850,-4.810669408694668,4.810669408694668,5.500963365656399,2.817571546918683,0.7621935895105041,4.292557452932376,1.3447540350249607,1.4959782917440438,0.1610162065323614,0.9353694228850546,-0.6918726624799686,113.23,0.1944241058059492
2025-01-31,israel_iran,2024-04-01,2906,-3.501286611185677,3.501286611185677,3.9834750101704737,1.647808292785311,0.7073691057368772,4.257168228797202,-0.7130050852100336,-0.7629572349774942,-1.2804201799676818,-0.7514239964416605,-0.8038689719383927,113.23,0.1944241058059492
2025-02-01,israel_iran,2024-04-01,3075,-3.893606990318317,3.893606990318317,4.278660231979983,1.9165328166956312,0.7229584942037373,4.253698974411783,-0.096454417406795,-0.3235440545744351,-0.9492853923595626,-0.2717828568040265,-0.8148481244130334,136.98,0.6813820007662739
2025-02-02,israel_iran,2024-04-01,2305,-3.498317368645098,3.498317368645098,3.920119731434601,1.3636934978485509,0.7002463133703081,4.214841848112953,-0.7176713951155019,-0.8572680014650442,-1.630519571376801,-0.9705720570192764,-0.9378193069686684,136.98,0.6813820007662739
2025-02-03,israel_iran,2024-04-01,2704,-2.86790916053339,2.86790916053339,3.341454583686345,1.2738935365611783,0.6824672415340117,4.121704317437995,-1.708388733223771,-1.7186698406281031,-1.7411752371694582,-1.5175835254542602,-1.2325717340866789,136.98,0.6813820007662739
2025-02-04,israel_iran,2024-04-01,3878,-3.6368780241933023,3.6368780241933023,4.149170160258187,2.141796986335927,0.7226036891334028,4.124421841535625,-0.4999165466460658,-0.5163031767862288,-0.6717044634434802,-0.2826991995872091,-1.2239715831300952,136.98,0.6813820007662739
2025-02-05,israel_iran,2024-04-01,6664,-2.7772823000882885,2.7772823000882885,3.213147101807241,2.4060915135483003,0.6865654950967267,4.028295723946791,-1.8508132778061144,-1.9096685577603187,-0.3460285226660614,-1.391491920673016,-1.5281819939431245,136.98,0.6813820007662739
2025-02-06,israel_iran,2024-04-01,5446,-2.622268766033472,2.622268766033472,3.100776992282996,1.978207141821814,0.674670147962598,3.9306111567253335,-2.09442462971023,-2.0769428776114425,-0.8732874363324895,-1.757477916077998,-1.8373244317105752,136.98,0.6813820007662739
2025-02-07,israel_iran,2024-04-01,4715,-3.554140680998426,3.554140680998426,4.222991314624946,2.4190662023321856,0.710775280502744,3.9594186372476585,-0.6299423289208634,-0.4064128915528582,-0.3300405110316372,-0.6466256876447305,-1.7461573721849877,136.98,0.6813820007662739
2025-02-08,israel_iran,2024-04-01,4040,-4.660930591469944,4.660930591469944,5.304060918284035,2.8307345723281987,0.7548239245050963,4.099792676490103,1.109432158654226,1.202869002265891,0.1772362952679727,0.7086257934312338,-1.3019155239072326,136.98,0.6813820007662739
2025-02-09,israel_iran,2024-04-01,3000,-3.7612486397934455,3.7612486397934455,4.229843217830888,1.8155507886072848,0.7243301556562538,4.111941165516341,-0.3044620401203086,-0.3962131377810385,-1.0737201180656208,-0.2295807355546507,-1.2634691897565362,136.98,0.6813820007662739
2025-02-10,israel_iran,2024-04-01,4044,-4.38184470992875,4.38184470992875,5.190283726379125,2.663211062147308,0.7466084946850808,4.227286098007175,0.6708350431561725,1.033500097393922,-0.0291939223984594,0.4558603863813145,-0.898436978132982,136.98,0.6813820007662739
2025-02-11,israel_iran,2024-04-01,4687,-4.167422247707169,4.167422247707169,4.91212996611955,2.824249776981265,0.740122391740467,4.299589923187736,0.3338596544011726,0.6194399771498117,0.1692454305019211,0.2563014482757593,-0.6696169975360856,136.98,0.6813820007662739
2025-02-12,israel_iran,2024-04-01,4345,-3.2387115114088143,3.2387115114088143,3.8284047564618815,2.076403936614804,0.7028354553852859,4.252429122402843,-1.1256546994713228,-0.9937950558897286,-0.7522848039176443,-0.8909115219452037,-0.8188668262081469,136.98,0.6813820007662739
2025-02-13,israel_iran,2024-04-01,3291,-3.87952982728778,3.87952982728778,4.609977644606556,2.014118728932816,0.7194175834873152,4.293632079113286,-0.1185773677527379,0.1696555612894817,-0.8290355176849739,-0.380726607547692,-0.6884717920384583,136.98,0.6813820007662739
2025-02-14,israel_iran,2024-04-01,3023,-3.2761322446354963,3.2761322446354963,3.874160797133184,1.5909884375327483,0.6914650856399862,4.251489210264584,-1.066846186613526,-0.9256825425641,-1.350436233683942,-1.2407454563763258,-0.8218413669976848,136.98,0.6813820007662739
2025-02-15,israel_iran,2024-04-01,2962,-5.090261884240691,5.090261884240691,5.598368647784089,2.4323169289682167,0.7728365333775409,4.393281211031472,1.7841472877837727,1.6409759462519864,-0.3137123527882916,1.2628225321803077,-0.3731120946078557,136.98,0.6813820007662739
2025-02-16,israel_iran,2024-04-01,2276,-3.6119169719965214,3.6119169719965214,4.16841453001412,1.3932766441734372,0.7224211876014924,4.369242778086373,-0.5391440612478337,-0.4876559780292261,-1.594065850173669,-0.2883142526046624,-0.4491865449753341,136.98,0.6813820007662739
2025-02-17,israel_iran,2024-04-01,3062,-3.5844557839346494,3.5844557839346494,4.1589516268375935,1.7584650312060597,0.7213351815901861,4.353981981544377,-0.5823006616662209,-0.5017424704191706,-1.144063828708166,-0.3217275684652316,-0.497482401521129,136.98,0.6813820007662739
2025-02-18,israel_iran,2024-04-01,3944,-3.553054943303192,3.553054943303192,4.238865606829966,2.1192444285006147,0.7259353201669957,4.3444473070371465,-0.6316486188223354,-0.3827823954809483,-0.69949476832577,-0.1801943893952243,-0.5276567945120112,136.98,0.6813820007662739
2025-02-19,israel_iran,2024-04-01,2936,-3.835058617551366,3.835058617551366,4.626010851722142,1.8197246202667323,0.7369674192341479,4.375907783617641,-0.1884660493491985,0.1935226183444814,-1.068576929643694,0.1592319184687892,-0.4280937959743736,136.98,0.6813820007662739
2025-02-20,israel_iran,2024-04-01,3882,-4.02917076878849,4.02917076878849,4.632625346044245,2.3746716944074926,0.736049456744244,4.405867057676575,0.1165906921297074,0.2033689648824831,-0.3847454770641237,0.1309888237676693,-0.3332816544072695,136.98,0.6813820007662739
2025-02-21,israel_iran,2024-04-01,4577,-4.883555212725951,4.883555212725951,5.534440560884659,3.252828374523006,0.7820645568849615,4.52503399925694,1.4592976415748269,1.5458124966410516,0.697359801327753,1.5467425667032249,0.0438460728203836,136.98,0.6813820007662739
2025-02-22,israel_iran,2024-04-01,3024,-5.197699831039176,5.197699831039176,5.695370262942221,2.5248208904346856,0.7885010930322905,4.646733522886556,1.952991276955233,1.785372701481063,-0.1997246929075313,1.744776475447405,0.4289886647377332,136.98,0.6813820007662739
2025-02-23,israel_iran,2024-04-01,2795,-4.7797309148805,4.7797309148805,5.423122332169455,2.1804502703906143,0.7464194893401477,4.729710452886782,1.2961326785098497,1.3801040081986702,-0.6240740990109557,0.4500452295370253,0.69158582975946,136.98,0.6813820007662739
2025-02-24,israel_iran,2024-04-01,3057,-3.262940481468541,3.262940481468541,3.7572444655967097,1.59866928848927,0.701166939726444,4.628078638141455,-1.087577687760802,-1.0997243755751511,-1.3409715338749055,-0.9422470027314738,0.3699515342020869,136.98,0.6813820007662739
2025-02-25,israel_iran,2024-04-01,3852,-3.0526750942695333,3.0526750942695333,3.612989037998189,1.7886308644835274,0.6915578933917758,4.525977803386677,-1.4180200297570742,-1.3144632295153909,-1.1068920936911943,-1.237890025842269,0.0468329305988548,136.98,0.6813820007662739
2025-02-26,israel_iran,2024-04-01,3684,-4.054430286468668,4.054430286468668,4.818808124783836,2.2964064144363374,0.7331811659001398,4.559650127164423,0.1562872598393243,0.4805209389573824,-0.4811875750283101,0.0427396732507705,0.1533957639515188,136.98,0.6813820007662739
2025-02-27,israel_iran,2024-04-01,3282,-4.363004510830152,4.363004510830152,5.09193689171068,2.260287396815067,0.7474543284870422,4.610619957048597,0.6412267486253923,0.887100846309046,-0.5256950991448092,0.4818842865220547,0.3147000304408555,136.98,0.6813820007662739
2025-02-28,israel_iran,2024-04-01,2953,-3.4929158569087897,3.4929158569087897,4.05815586531553,1.6650114057806038,0.7047357247258181,4.555785972508579,-0.7261601350467051,-0.6517871978281208,-1.259221708443751,-0.8324456395888249,0.141166870235789,136.98,0.6813820007662739
2025-03-01,israel_iran,2024-04-01,2438,-3.296007561833145,3.296007561833145,3.724788282398719,1.3456594578351475,0.7025048950173582,4.469627448542902,-1.0356111533529453,-1.1480387003755197,-1.6527419496050992,-0.901081924198564,-0.1314990880707107,174.11,1.442676596129511
2025-03-02,israel_iran,2024-04-01,2823,-4.1865152958720016,4.1865152958720016,4.695743808427842,1.9251678319086525,0.7126339510062603,4.496522464453912,0.363865313608713,0.2973272061796221,-0.9386449272209548,-0.5894396831768485,-0.0463844070210964,174.11,1.442676596129511
2025-03-03,israel_iran,2024-04-01,4217,-2.33210363709113,2.33210363709113,3.0865255458625938,1.4624139207354885,0.6306780469500878,4.35411492831213,-2.5504333244870265,-2.098157602923721,-1.5088717002053589,-3.1109897301911427,-0.4970616647656162,174.11,1.442676596129511
2025-03-04,israel_iran,2024-04-01,3681,-2.9269936251958137,2.9269936251958137,3.488287599572237,1.656801755069358,0.6829045069129208,4.263882474941382,-1.6155346066424503,-1.5000939847533494,-1.2693380197689967,-1.5041301135317924,-0.7826203911254489,174.11,1.442676596129511
2025-03-05,israel_iran,2024-04-01,3759,-3.1163442013265303,3.1163442013265303,3.620972729091449,1.792394677339756,0.6886286006687045,4.201843715257412,-1.3179609133756751,-1.302578694533795,-1.1022541494030882,-1.3280160306572053,-0.9789545097103411,174.11,1.442676596129511
2025-03-06,israel_iran,2024-04-01,3219,-3.522187582058088,3.522187582058088,4.136797106900718,1.7972526766164196,0.7120355424148234,4.20106047010481,-0.6801581870254142,-0.5347217232628227,-1.0962678979986005,-0.607851013382385,-0.981433246349424,174.11,1.442676596129511
2025-03-07,israel_iran,2024-04-01,2957,-3.1550860930472653,3.1550860930472653,3.7282432877142586,1.5055939289013889,0.6918548180356616,4.151046508465849,-1.2570761353144668,-1.1428955740878817,-1.4556632969495995,-1.2287544991419967,-1.1397124757431931,174.11,1.442676596129511
2025-03-08,israel_iran,2024-04-01,2602,-3.6139502568431374,3.6139502568431374,4.272015677329296,1.5560492178728034,0.7153079654896403,4.157443960888211,-0.5359486546447216,-0.3334351489643311,-1.393489956183606,-0.5071678636669039,-1.1194664523066893,174.11,1.442676596129511
2025-03-09,israel_iran,2024-04-01,3059,-3.799764214239018,3.799764214239018,4.318206172285064,1.8626474810459488,0.7416478350600867,4.174008165983308,-0.2439329307282768,-0.26467590631497,-1.0156853952915783,0.3032350001485843,-1.067045697540288,174.11,1.442676596129511
2025-03-10,israel_iran,2024-04-01,3542,-4.067477348738015,4.067477348738015,4.690698817495279,2.2354276561630595,0.7411693113063401,4.222918276079113,0.1767913564473577,0.2898172248289539,-0.5563284214073602,0.2885121853904174,-0.9122598281182206,174.11,1.442676596129511
2025-03-11,israel_iran,2024-04-01,3443,-4.131497986383826,4.131497986383826,4.673960972558656,2.221496879795443,0.7430486712922526,4.266707258701503,0.2774029203456705,0.2649012428173579,-0.5734945683841295,0.3463347463810982,-0.7736807954184829,174.11,1.442676596129511
2025-03-12,israel_iran,2024-04-01,3713,-3.613314890943764,3.613314890943764,4.187004556897758,2.0588401648855807,0.7185036739011976,4.260717354049953,-0.536947163237176,-0.4599828350898778,-0.7739276958149791,-0.4088450059276567,-0.7926370520580466,174.11,1.442676596129511
2025-03-13,israel_iran,2024-04-01,3579,-4.316670489483776,4.316670489483776,5.147916462665074,2.39140419247473,0.7423043258453954,4.352408029230369,0.5684105674566354,0.9704321227187528,-0.3641269190217732,0.3234333542467229,-0.5024634898252747,174.11,1.442676596129511
2025-03-14,israel_iran,2024-04-01,4100,-3.81895380874486,3.81895380874486,4.347115775287652,2.345105356990396,0.7259798394876648,4.354490695237836,-0.213775544222871,-0.2216410263108676,-0.4211784855536188,-0.1788246565319373,-0.4958724748377791,174.11,1.442676596129511
2025-03-15,israel_iran,2024-04-01,3602,-4.03354009424474,4.03354009424474,4.345789906797477,2.245562458805672,0.7247051247932592,4.346703256825348,0.1234573008280776,-0.2236147162079849,-0.5438398488287304,-0.2180440017960084,-0.520517388187729,174.11,1.442676596129511
2025-03-16,israel_iran,2024-04-01,3358,-4.116023909807382,4.116023909807382,4.615960389858431,2.170695297244073,0.7374941314466187,4.376100539806965,0.2530846520264521,0.1785614851787342,-0.6360946281163707,0.1754373550314615,-0.4274837802886079,174.11,1.442676596129511
2021-01-29,russia_ukraine_war,2022-02-24,2628,-2.7313069881372773,2.7313069881372773,3.5300437604098978,1.212611090534137,0.6811334200405418,3.5300437604098978,-0.2646433591461435,0.2847728962799454,-0.5511228864168023,-0.4372367636235985,0.5267509400735589,77.42,-0.5398058823426503
2021-01-30,russia_ukraine_war,2022-02-24,1866,-2.737214610677953,2.737214610677953,3.2859575130459024,0.9147918831900536,0.6871490149109849,3.4015773144288475,-0.2528255684997187,-0.1330219240735757,-0.8256115016094677,-0.2167022100550173,0.0898524258758997,77.42,-0.5398058823426503
2021-01-31,russia_ukraine_war,2022-02-24,2620,-5.52220394508393,5.52220394508393,6.491385737111812,2.445648145879134,0.7878759103082874,4.541728023905956,5.318353138319336,5.353609639533589,0.5853203833816397,3.475993423079761,3.9673641537665705,77.42,-0.5398058823426503
2021-02-01,russia_ukraine_war,2022-02-24,2728,-3.361888313775027,3.361888313775027,4.477167984355093,1.5381217041081243,0.7121280368983741,4.522955113306694,0.996791006475972,1.9059359043110995,-0.2511121572659119,0.6990405520839612,3.90351980370809,73.96,-0.6107479588295021
2021-02-02,russia_ukraine_war,2022-02-24,3918,-3.3776746698970177,3.3776746698970177,4.4317271748655935,2.0471123183910414,0.7155218390959419,4.500677772474699,1.0283705209820329,1.8281562873010817,0.2180050971466505,0.8234589460516307,3.827757319306449,73.96,-0.6107479588295021
2021-02-03,russia_ukraine_war,2022-02-24,3208,-2.9435347883868928,2.9435347883868928,3.710405259795882,1.5309823339619166,0.6825958172327974,4.332017579696668,0.1599036892531981,0.5934920521047578,-0.2576922426883954,-0.3836245907828634,3.254164837111667,73.96,-0.6107479588295021
2021-02-04,russia_ukraine_war,2022-02-24,3498,-2.9520417920298567,2.9520417920298567,3.751841768469558,1.641695785542662,0.6851883935757392,4.22080953603599,0.1769213621645458,0.6644176322402868,-0.1556518730339003,-0.2885795156578109,2.8759600173928623,73.96,-0.6107479588295021
2021-02-05,russia_ukraine_war,2022-02-24,3625,-3.5513499396923867,3.5513499396923867,4.349591220104473,2.02956358751902,0.7209910458366734,4.243421348091356,1.375795896379886,1.68756673408134,0.2018311005854253,1.023962652321439,2.9528599971102394,73.96,-0.6107479588295021
2021-02-06,russia_ukraine_war,2022-02-24,1801,-2.778215997668534,2.778215997668534,3.648924891222505,0.9008644108760228,0.6895080746769423,4.14637330025535,-0.1708051272254994,0.488258021835623,-0.8384479221436064,-0.1302179631049406,2.622811574103435,73.96,-0.6107479588295021
2021-02-07,russia_ukraine_war,2022-02-24,1741,-2.4143828246506023,2.4143828246506023,3.118981802921033,0.7605090392314982,0.667909096587344,3.9886337810089656,-0.8986282471600886,-0.4188290417150264,-0.9678081200338884,-0.9220467170542996,2.086358953633464,73.96,-0.6107479588295021
2021-02-08,russia_ukraine_war,2022-02-24,2828,-3.631581199186968,3.631581199186968,4.3149826575066,1.7100603878697826,0.717245898715352,4.036193372375148,1.53629298661841,1.6283283363861625,-0.0926428240598082,0.886663787248695,2.2481032491578974,73.96,-0.6107479588295021
2021-02-09,russia_ukraine_war,2022-02-24,3434,-4.390496353499061,4.390496353499061,5.436990564495899,2.407251610979589,0.748379007304073,4.231407259141218,3.054450307995603,3.548834292777754,0.5499317602409023,2.028018275322787,2.9120015646092865,73.96,-0.6107479588295021
2021-02-10,russia_ukraine_war,2022-02-24,3474,-3.6543186609459775,3.6543186609459775,4.523284642473077,2.021536595198055,0.7159858614527695,4.270542701949491,1.5817777075952435,1.984872350349271,0.1944329276267614,0.8404702251541553,3.04509637146589,73.96,-0.6107479588295021
2021-02-11,russia_ukraine_war,2022-02-24,2854,-2.6842938433780126,2.6842938433780126,3.430730698056271,1.2732483151207936,0.6656393372482204,4.16165044621664,-0.3586899063941542,0.1147818234813393,-0.4952358670591547,-1.0052571681139564,2.6747672604361377,73.96,-0.6107479588295021
2021-02-12,russia_ukraine_war,2022-02-24,2579,-4.236405776546411,4.236405776546411,5.200416118513029,1.85241197716966,0.7498229596212617,4.292459421443976,2.746202757229606,3.143897188671878,0.0385572115787746,2.0809542503184,3.1196324272437512,73.96,-0.6107479588295021
2021-02-13,russia_ukraine_war,2022-02-24,3290,-5.465967300467639,5.465967300467639,6.263163796029441,2.8993122952592105,0.7869190552093444,4.534353279078039,5.205855616997209,4.962969257680983,1.0034453432739208,3.440914662521592,3.9422835575587554,73.96,-0.6107479588295021
2021-02-14,russia_ukraine_war,2022-02-24,2210,-4.167167371857488,4.167167371857488,4.892813129813132,1.6054139046437144,0.7368934156176576,4.577373889523913,2.60769611336868,2.6173827422744496,-0.1890915001598677,1.6069510509523333,4.088591339642576,73.96,-0.6107479588295021
2021-02-15,russia_ukraine_war,2022-02-24,1881,-2.6054804363612507,2.6054804363612507,3.22494627412554,0.8767089843855275,0.6768026940741674,4.418247041810582,-0.5163506807314827,-0.237452959740514,-0.8607110583123356,-0.5960032261583152,3.547420586423743,73.96,-0.6107479588295021
2021-02-16,russia_ukraine_war,2022-02-24,2548,-2.572129814831228,2.572129814831228,3.402456834070064,1.1137159784429296,0.6816429830769521,4.300803083794958,-0.5830662944079255,0.0663863319188773,-0.6422707428942943,-0.4185559416649993,3.1480081922637373,73.96,-0.6107479588295021
2021-02-17,russia_ukraine_war,2022-02-24,3180,-3.4869884261744586,3.4869884261744586,4.294476003618455,1.8012769773891866,0.721435119895099,4.300082806925091,1.247045136289019,1.5932277362098946,-0.0085719692514022,1.040242617368199,3.145558619600209,73.96,-0.6107479588295021
2021-02-18,russia_ukraine_war,2022-02-24,2662,-3.165174756004737,3.165174756004737,3.976825593807296,1.41988130867669,0.7043563269580527,4.263785467416071,0.6032791280449497,1.0495154323193476,-0.3600898242580552,0.4141259893406375,3.0221158514928224,73.96,-0.6107479588295021
2021-02-19,russia_ukraine_war,2022-02-24,3964,-2.197345955083464,2.197345955083464,2.605776986348032,1.3434431766256063,0.6518375955689848,4.079873504328007,-1.3327955063984471,-1.2972657273548027,-0.4305399379418759,-1.511235546853232,2.396653982420784,73.96,-0.6107479588295021
2021-02-20,russia_ukraine_war,2022-02-24,3310,-3.668593138078405,3.668593138078405,4.695293644293819,1.955100252939682,0.7196524034299306,4.147400383872773,1.610332812661064,2.279294796476344,0.1332010824828787,0.974887388458592,2.626304558617656,73.96,-0.6107479588295021
2021-02-21,russia_ukraine_war,2022-02-24,1957,-2.3047982713520505,2.3047982713520505,2.797268695988121,0.8019886498119386,0.6608216766787149,4.000684185824213,-1.1178445731943816,-0.9694953376164462,-0.929577943516758,-1.1818748835390958,2.1273408919057992,73.96,-0.6107479588295021
2021-02-22,russia_ukraine_war,2022-02-24,2733,-2.783973749532476,2.783973749532476,3.3679481084219702,1.2755886262124063,0.6833577167663129,3.9325168594402498,-0.159287142511068,0.0073188220182723,-0.4930788915021195,-0.3556929934750868,1.8955122351188485,73.96,-0.6107479588295021
2021-02-23,russia_ukraine_war,2022-02-24,2520,-2.3253430329626354,2.3253430329626354,2.836074015004233,0.9978611672781764,0.6537020213778112,3.815299035396407,-1.076746197337952,-0.903073482791826,-0.7490497077690479,-1.4428848147533186,1.4968688946640822,73.96,-0.6107479588295021
2021-02-24,russia_ukraine_war,2022-02-24,3087,-2.724929305834189,2.724929305834189,3.3694512412926456,1.3752777347642786,0.6810247957315946,3.7679615963554,-0.2774014718638,0.0098916876936366,-0.4011992387415758,-0.4412189821732666,1.3358801117566028,73.96,-0.6107479588295021
2021-02-25,russia_ukraine_war,2022-02-24,2471,-3.1510722816876457,3.1510722816876457,3.8184465538213015,1.330750102756224,0.6992305853052627,3.773288895016458,0.5750681027249553,0.7784229669579742,-0.4422386604655702,0.226213875667554,1.353997596457997,73.96,-0.6107479588295021
2021-02-26,russia_ukraine_war,2022-02-24,2335,-3.258898020734507,3.258898020734507,3.917160880026384,1.3139070934580233,0.7095887899198919,3.7898139457928153,0.7907660423915824,0.9473892017563996,-0.4577622203432878,0.6059505566869331,1.4101972529215707,73.96,-0.6107479588295021
2021-02-27,russia_ukraine_war,2022-02-24,1590,-3.0919568146807483,3.0919568146807483,3.600947039049996,0.9006152165515923,0.6996118934043686,3.7726667831341136,0.4568116961514134,0.4061358279560593,-0.8386775950570388,0.2401928109548302,1.351881870791381,73.96,-0.6107479588295021
2021-02-28,russia_ukraine_war,2022-02-24,1396,-2.04224472002074,2.04224472002074,2.53331524830077,0.530901900787357,0.6461238354733173,3.6268732060064335,-1.6430648088721298,-1.4212962254140111,-1.1794282705001002,-1.7207046947985594,0.8560559238663709,73.96,-0.6107479588295021
2021-03-01,russia_ukraine_war,2022-02-24,2941,-3.353706252432989,3.353706252432989,4.044740571618125,1.6291652186567285,0.7047002902408356,3.666271864434646,0.9804233581824936,1.1657633826246971,-0.1672008190631777,0.4267358459959134,0.990045894533154,78.62,-0.5152016939657075
2021-03-02,russia_ukraine_war,2022-02-24,2958,-4.0738147353731975,4.0738147353731975,4.852048609889473,1.9880307397934496,0.7377603596029656,3.7871707619142647,2.420950615214867,2.5476073843334315,0.1635518574201977,1.63873362755307,1.4012081110450971,78.62,-0.5152016939657075
2021-03-03,russia_ukraine_war,2022-02-24,2867,-3.981392336653298,3.981392336653298,4.749202924568156,1.8953483384474827,0.7402420240699882,3.889110732868974,2.236065993424648,2.3715696309286787,0.0781300197050999,1.729712620841147,1.7478933603127125,78.62,-0.5152016939657075
2021-03-04,russia_ukraine_war,2022-02-24,2730,-3.285678483597408,3.285678483597408,4.205637799531876,1.5041386816112037,0.7104039936017529,3.923269525751546,0.8443385076851965,1.4411661517588368,-0.2824330141993065,0.6358363092880593,1.8640631955036289,78.62,-0.5152016939657075
2021-03-05,russia_ukraine_war,2022-02-24,2236,-2.7848937570895225,2.7848937570895225,3.507847810299145,1.083344320819402,0.6849257531659956,3.8770788306129615,-0.1574467309703097,0.2467807804223547,-0.6702631424327032,-0.2982080373184828,1.7069743469588383,78.62,-0.5152016939657075
2021-03-06,russia_ukraine_war,2022-02-24,1247,-2.9770159379306724,2.9770159379306724,3.644282509700838,0.7002636956943916,0.695628851556048,3.853773560993993,0.2268804152010249,0.4803118021087694,-1.02333395756055,0.094172612656529,1.6277160037257334,78.62,-0.5152016939657075
2021-03-07,russia_ukraine_war,2022-02-24,1854,-2.8279702833677813,2.8279702833677813,3.287291500891337,0.9399515863549912,0.6875239959716013,3.79805484441351,-0.0712751169535706,-0.1307385786649088,-0.8024227618972456,-0.2029552269917083,1.4382235311885516,78.62,-0.5152016939657075
2021-03-08,russia_ukraine_war,2022-02-24,2076,-2.4072457110721217,2.4072457110721217,2.8701832458618592,0.8802740096265039,0.6674715318883635,3.697288787338069,-0.9129055496636764,-0.8446897756700258,-0.8574253103908056,-0.9380880459046124,1.095530618018753,78.62,-0.5152016939657075
2021-03-09,russia_ukraine_war,2022-02-24,2252,-2.4940752367120744,2.4940752367120744,3.160825516939456,0.9759586056079004,0.6775542877628185,3.631072350686823,-0.7392090839744522,-0.3472064608853039,-0.7692364642769992,-0.568449445998346,0.8703366962326704,78.62,-0.5152016939657075
2021-03-10,russia_ukraine_war,2022-02-24,2836,-2.689389744945446,2.689389744945446,3.2801007356238165,1.2692513513871129,0.6783929084803351,3.589109712534627,-0.3484959074607305,-0.1430467874050273,-0.4989197162306616,-0.537705213792884,0.7276269472355442,78.62,-0.5152016939657075
2021-03-11,russia_ukraine_war,2022-02-24,2229,-1.991792148584712,1.991792148584712,2.7453000944478507,0.7728113855317609,0.6356198820365521,3.5009434637900987,-1.7439916915054592,-1.0584483727793097,-0.9564695162222198,-2.105784596582496,0.427784425830791,78.62,-0.5152016939657075
2021-03-12,russia_ukraine_war,2022-02-24,2271,-2.120846478079616,2.120846478079616,2.951434683641488,0.8356966973022297,0.6559478380297361,3.433572597523221,-1.485827423649052,-0.7056142225931572,-0.8985105205692218,-1.3605521139322172,0.1986644315207606,78.62,-0.5152016939657075
2021-03-13,russia_ukraine_war,2022-02-24,1896,-3.1637184774754963,3.1637184774754963,4.3914267748055815,1.0717488942612037,0.7065683729123605,3.5190213573075493,0.6003659434833168,1.7591753488619772,-0.6809502052548501,0.4952206404121983,0.4892651086447509,78.62,-0.5152016939657075
2021-03-14,russia_ukraine_war,2022-02-24,1258,-3.019833357879392,3.019833357879392,3.773414054928375,0.7159137722158029,0.6970623450899424,3.5382787515130723,0.3125337049110613,0.7013422424672431,-1.0089098783672348,0.1467251637091476,0.5547571276031694,78.62,-0.5152016939657075
2021-03-15,russia_ukraine_war,2022-02-24,2349,-2.355493962092217,2.355493962092217,2.855480009791031,0.9543583032644036,0.6515614775240219,3.4679585018218004,-1.016431347193879,-0.8698568464868685,-0.7891446398808621,-1.521358164996503,0.3156066445839934,78.62,-0.5152016939657075
2021-03-16,russia_ukraine_war,2022-02-24,2753,-2.525822813175312,2.525822813175312,2.9961324627161767,1.1640915256250757,0.667563054332633,3.4185319736882653,-0.675700251175699,-0.6291064275805903,-0.5958415205855246,-0.9347327898038994,0.1475131277237573,78.62,-0.5152016939657075
2021-03-17,russia_ukraine_war,2022-02-24,2510,-2.935698002838272,2.935698002838272,3.4303459720155614,1.2557117025140805,0.6865510288679592,3.4149412199254563,0.1442267413241678,0.1141232999110869,-0.511398694677004,-0.2386246612637722,0.1353014177177661,78.62,-0.5152016939657075
2021-03-18,russia_ukraine_war,2022-02-24,2927,-2.864380923174651,2.864380923174651,3.2590579097002577,1.3862090641403522,0.6918009840214373,3.395389020608578,0.0015618518231726,-0.1790651365394346,-0.391124248987182,-0.0461588218974835,0.0688068029908934,78.62,-0.5152016939657075
2021-03-19,russia_ukraine_war,2022-02-24,3187,-2.322121056665584,2.322121056665584,2.744307156885107,1.201601605756089,0.6637348961133654,3.3310458663809803,-1.083191538265564,-1.0601479530511553,-0.5612699090271328,-1.075074880994935,-0.1500163166661644,78.62,-0.5152016939657075
2021-03-20,russia_ukraine_war,2022-02-24,1724,-2.588712604395919,2.588712604395919,3.113508138029879,0.8085822425938747,0.6758652894996677,3.3005566913320536,-0.549893569837268,-0.4281981432706112,-0.9235008802944152,-0.6303689212895096,-0.2537062348877155,78.62,-0.5152016939657075
2021-03-21,russia_ukraine_war,2022-02-24,2354,-2.764041410837857,2.764041410837857,3.308515281967617,1.1218457590898177,0.6804694341107775,3.30417590700198,-0.1991604086455877,-0.0944104942367703,-0.6347778338523121,-0.4615788019007856,-0.2413977294513233,78.62,-0.5152016939657075
2021-03-22,russia_ukraine_war,2022-02-24,2564,-2.8859352009078862,2.8859352009078862,3.471372473043679,1.2559534407548407,0.6864015864571188,3.321466724120709,0.0446796949203623,0.1843470827414847,-0.5111758937517812,-0.2441032907374461,-0.1825937962472357,78.62,-0.5152016939657075
2021-03-23,russia_ukraine_war,2022-02-24,2659,-2.854781501456622,2.854781501456622,3.416267535171305,1.2794772755041088,0.6831449710195856,3.334150920916828,-0.0176411279558027,0.0900256784525831,-0.4894948716245292,-0.3634923531873962,-0.1394564097359564,78.62,-0.5152016939657075
2021-03-24,russia_ukraine_war,2022-02-24,2718,-2.386887406873903,2.386887406873903,2.921652366608789,1.0888274773237088,0.6602445021292395,3.2904280985345835,-0.9536309303518046,-0.7565916862100731,-0.6652095260149651,-1.2030343755496251,-0.2881523278759231,78.62,-0.5152016939657075
2021-03-25,russia_ukraine_war,2022-02-24,3491,-2.85971344011722,2.85971344011722,3.361038104053228,1.5879077629892573,0.6938555955309579,3.2949630633066915,-0.0077751254868488,-0.0045088170439788,-0.2052262438620994,0.0291642079553582,-0.2727294728592522,78.62,-0.5152016939657075
2021-03-26,russia_ukraine_war,2022-02-24,2398,-2.2825462024389647,2.2825462024389647,2.914367006380957,0.9406093922469868,0.6595617434859403,3.2513655336736385,-1.16235829932601,-0.7690618101948082,-0.8018164872718794,-1.2280646303852494,-0.4209992858357783,78.62,-0.5152016939657075
2021-03-27,russia_ukraine_war,2022-02-24,1818,-2.8222429459534952,2.8222429459534952,3.5341600339316304,0.922508509270643,0.6828204393394532,3.2792761528117755,-0.0827322596632552,0.2918185933444491,-0.8184993813882444,-0.3753898380975757,-0.3260787177553975,78.62,-0.5152016939657075
2021-03-28,russia_ukraine_war,2022-02-24,1511,-3.4698201135199245,3.4698201135199245,3.751770602907442,0.9668383076653976,0.7025256181002153,3.3332545111663685,1.2127011132396976,0.664295820366162,-0.7776422953673016,0.3470113366134527,-0.1425049885698859,78.62,-0.5152016939657075
2021-03-29,russia_ukraine_war,2022-02-24,1637,-2.966147828180532,2.966147828180532,3.723652916724153,0.8860432501589782,0.6940457509606224,3.3705211468215563,0.2051395126864837,0.6161676534801933,-0.8521080212253601,0.036135395958019,-0.0157657639999251,78.62,-0.5152016939657075
2021-03-30,russia_ukraine_war,2022-02-24,2550,-2.6411170416449283,2.6411170416449283,3.3135127042913464,1.144315469192789,0.6730295619871982,3.356323746048972,-0.4450621145287373,-0.0858565622372359,-0.6140683582447853,-0.7343280333097216,-0.0640493703193971,78.62,-0.5152016939657075
2021-03-31,russia_ukraine_war,2022-02-24,2926,-3.401303524437075,3.401303524437075,4.424464802706726,1.6456053893333311,0.7183086578927296,3.4613444871293564,1.0756384116176607,1.8157255112773527,-0.1520485401930707,0.9256250414191576,0.2931131975991167,78.62,-0.5152016939657075
2021-04-01,russia_ukraine_war,2022-02-24,2644,-3.022440284673172,3.022440284673172,3.768914716491262,1.348454750699027,0.6954488563104482,3.489689709115728,0.3177486818103665,0.6936408651289293,-0.4259209610813291,0.087573901807853,0.3895117962828149,88.17,-0.3193933614658716
2021-04-02,russia_ukraine_war,2022-02-24,3044,-3.095777545959024,3.095777545959024,3.961693191821878,1.5453083142448345,0.7032846534640427,3.5393964161402853,0.4644548050420057,1.023613771585522,-0.2444885325442328,0.3748379321055965,0.5585581669428326,88.17,-0.3193933614658716
2021-04-03,russia_ukraine_war,2022-02-24,1163,-2.744160262638072,2.744160262638072,3.2130650029286687,0.6064685943525928,0.6921354441751586,3.50438187838555,-0.2389312717327103,-0.2577897612558647,-1.109781328463062,-0.0338973544489664,0.4394780491460172,88.17,-0.3193933614658716
2021-04-04,russia_ukraine_war,2022-02-24,984,-3.2871559395577297,3.2871559395577297,4.222811535462729,0.6245901959414902,0.6919104750574615,3.5813912486081048,0.8472940562342419,1.4705619001695611,-1.093079338790976,-0.0421448287231759,0.7013774048306489,88.17,-0.3193933614658716
2021-04-05,russia_ukraine_war,2022-02-24,2069,-3.243550669195181,3.243550669195181,3.765340038504328,1.1827399792327449,0.7166164397099147,3.604729626319391,0.7600647262157356,0.687522200257384,-0.5786539514831065,0.863587522349956,0.7807483445961089,88.17,-0.3193933614658716
2021-04-06,russia_ukraine_war,2022-02-24,3088,-3.325168914769013,3.325168914769013,3.9984416634142272,1.678646831949607,0.7226573700246856,3.648726560831988,0.9233363862581426,1.086514984796016,-0.1215955015573485,1.085050885292274,0.9303764842322046,88.17,-0.3193933614658716
2021-04-07,russia_ukraine_war,2022-02-24,2814,-3.495450522231028,3.495450522231028,4.317904556897293,1.6394537061702874,0.7164532642951642,3.7213756266322977,1.263972974677122,1.6333296604845469,-0.1577183121583725,0.8576054344566725,1.1774469831754466,88.17,-0.3193933614658716
2021-04-08,russia_ukraine_war,2022-02-24,2320,-2.687168617194551,2.687168617194551,3.465010317952942,1.0776660968134175,0.6827831575354764,3.699713691722421,-0.3529391200353854,0.1734571802094843,-0.6754965451338113,-0.37675660666716,1.103777418298035,88.17,-0.3193933614658716
2021-04-09,russia_ukraine_war,2022-02-24,2650,-1.8423539291959217,1.8423539291959217,2.142251725727048,0.8234660622095257,0.6210704010088092,3.539498786455396,-2.042932522466077,-2.090667465805345,-0.9097830308933946,-2.63917545354881,0.558906315739417,88.17,-0.3193933614658716
2021-04-10,russia_ukraine_war,2022-02-24,1840,-2.440173503000337,2.440173503000337,2.851316737624101,0.8058407257552735,0.6591365234476261,3.462175331919238,-0.8470357773860127,-0.876982989667198,-0.9260276319007532,-1.2436533981360172,0.2959387981009141,88.17,-0.3193933614658716
2021-04-11,russia_ukraine_war,2022-02-24,1435,-2.7189995556951128,2.7189995556951128,3.3203315205332906,0.7241644215666398,0.6839506245149721,3.445488804845988,-0.289263527241698,-0.0741850070488833,-1.00130556924645,-0.3339567149400441,0.2391899806976734,88.17,-0.3193933614658716
2021-04-12,russia_ukraine_war,2022-02-24,2362,-2.510667508323833,2.510667508323833,3.080691030399977,1.0218533441177444,0.6754183215729425,3.4102527540888623,-0.7060173912238928,-0.4843701633447725,-0.7269370325830518,-0.6467549769170508,0.119356524541718,88.17,-0.3193933614658716
2021-04-13,russia_ukraine_war,2022-02-24,3594,-2.9045713724892908,2.9045713724892908,3.505095688611888,1.649102572974094,0.6996294520524378,3.4225477943033744,0.0819600683165112,0.2420700595262118,-0.1488253192893954,0.2408365192989927,0.1611704375888118,88.17,-0.3193933614658716
2021-04-14,russia_ukraine_war,2022-02-24,3023,-2.754353899749973,2.754353899749973,3.260207540653933,1.36740393319382,0.6884987540129932,3.405374180338025,-0.2185396051215428,-0.1770973490751635,-0.4084562216227371,-0.1672201360945525,0.1027650978320627,88.17,-0.3193933614658716
2021-04-15,russia_ukraine_war,2022-02-24,4748,-3.935348600506164,3.935348600506164,4.543295501205708,2.7468671966282368,0.7329712424198748,3.5262585078302244,2.143958681114232,2.019124313413997,0.8629425046917851,1.4631623261760611,0.5138777636165246,88.17,-0.3193933614658716
2021-04-16,russia_ukraine_war,2022-02-24,3786,-3.134542035558064,3.134542035558064,3.6957637470221454,1.8513868006252217,0.6979705679084726,3.5484634458093005,0.5420004876652209,0.5684306311313573,0.0376123454214834,0.1800210418623589,0.589394014858818,88.17,-0.3193933614658716
2021-04-17,russia_ukraine_war,2022-02-24,3308,-3.014032190916384,3.014032190916384,3.3768758139226214,1.6055131898814867,0.6852924517028678,3.532759129238034,0.3009288712911482,0.0226000972072483,-0.1889999927394154,-0.2847646954936021,0.5359855740470587,88.17,-0.3193933614658716
2021-04-18,russia_ukraine_war,2022-02-24,2160,-4.644920221652216,4.644920221652216,5.412824092742774,1.7557484169589217,0.7636326772835985,3.7323866600280096,3.563407674277125,3.5074692964548824,-0.0505339085623902,2.5872250323711263,1.2148941476364088,88.17,-0.3193933614658716
2021-04-19,russia_ukraine_war,2022-02-24,2978,-3.8213856477408337,3.8213856477408337,4.825392060042025,1.8748089388438165,0.7289611104070068,3.8491647661412376,1.9159836695159,2.501980198963371,0.0591996377314969,1.3161489896307164,1.6120420617245077,88.17,-0.3193933614658716
2021-04-20,russia_ukraine_war,2022-02-24,3611,-3.3409729736513296,3.3409729736513296,4.042748225839925,1.903713448967276,0.7235122171012621,3.871982848460004,0.9549513139128858,1.1623531464664756,0.0858398233238398,1.116389983496594,1.689643541128548,88.17,-0.3193933614658716
2021-04-21,russia_ukraine_war,2022-02-24,2974,-4.425829227999364,4.425829227999364,5.470549119370159,2.169049193687832,0.746042358345116,4.045915744582875,3.12513128175552,3.606275424985858,0.3303896687786171,1.942355619158557,2.2811678360980503,88.17,-0.3193933614658716
2021-04-22,russia_ukraine_war,2022-02-24,4262,-2.9596583995441432,2.9596583995441432,3.619413054386868,1.9095768667465605,0.6996783724977543,4.004692349879799,0.1921578591512898,0.4377435307399392,0.0912439120691046,0.2426299659656348,2.1409721627576808,88.17,-0.3193933614658716
2021-04-23,russia_ukraine_war,2022-02-24,3292,-2.820881498428653,2.820881498428653,3.6869118853118574,1.4969856059077713,0.6797360991981453,3.9771806784902703,-0.0854557413538845,0.5532791753939543,-0.289025731511642,-0.4884632066947708,2.047408366691022,88.17,-0.3193933614658716
2021-04-24,russia_ukraine_war,2022-02-24,2471,-2.5401684257417045,2.5401684257417045,3.173858945411333,1.0727552691249145,0.678946279709341,3.894858744298972,-0.6470028445900441,-0.3248975476802192,-0.6800226678902582,-0.517418362770697,1.767441637173487,88.17,-0.3193933614658716
2021-04-25,russia_ukraine_war,2022-02-24,2219,-2.431495364679913,2.431495364679913,2.809149649707601,0.9399048135636864,0.664877215429203,3.781082215538884,-0.8643957933933603,-0.9491590795172486,-0.802465870596743,-1.0331969145133864,1.380501716899036,88.17,-0.3193933614658716
2021-04-26,russia_ukraine_war,2022-02-24,3052,-3.156244336704904,3.156244336704904,3.845475188626643,1.5787492554746172,0.7004189730259246,3.788194275709283,0.5854144413721694,0.8246870385509089,-0.2136672912590886,0.2697807316621708,1.4046889550342754,88.17,-0.3193933614658716
2021-04-27,russia_ukraine_war,2022-02-24,2532,-3.075248216176789,3.075248216176789,3.792871419684922,1.3247690656472042,0.7035085918097773,3.791309246114112,0.4233872994917755,0.73464680714799,-0.4477511544652402,0.383047617792066,1.4152825846100514,88.17,-0.3193933614658716
2021-04-28,russia_ukraine_war,2022-02-24,3147,-2.7026706608402504,2.7026706608402504,3.196608667620598,1.3847824020207673,0.696772642657292,3.725058359158536,-0.3219283529907344,-0.285957557385156,-0.3924391491007272,0.1361045354872918,1.1899715015943515,88.17,-0.3193933614658716
2021-04-29,russia_ukraine_war,2022-02-24,3378,-3.291758534447312,3.291758534447312,3.918239812792216,1.78209333575831,0.7122408343665971,3.7452011515879184,0.8565012292485774,0.949235977336516,-0.0262528007618024,0.7031757606267527,1.2584746505449125,88.17,-0.3193933614658716
2021-04-30,russia_ukraine_war,2022-02-24,2948,-3.7565924682708034,3.7565924682708034,4.311382204972923,1.8283183594504813,0.7441008697442818,3.803750412678909,1.7863693915181236,1.622165554026468,0.0163510421993838,1.8711797286498395,1.4575934553244712,88.17,-0.3193933614658716
2021-05-01,russia_ukraine_war,2022-02-24,1946,-2.7113925551613107,2.7113925551613107,3.281882426067184,0.938986671744576,0.6860017032394702,3.751943657878332,-0.3044808061278731,-0.1399971234163704,-0.8033120869261919,-0.2587631986572772,1.281405081582791,93.01,-0.22015646834553584
2021-05-02,russia_ukraine_war,2022-02-24,1211,-2.1591814941173952,2.1591814941173952,2.5708497453044963,0.4947846690589032,0.6466730069881115,3.624711316245096,-1.4091408732063748,-1.3570495970107894,-1.2127161467594785,-1.700571807286008,0.8487036038315563,93.01,-0.22015646834553584
2021-05-03,russia_ukraine_war,2022-02-24,2227,-2.285592420669408,2.285592420669408,2.870041533307823,0.8861457083963097,0.666177470497531,3.5443000566228635,-1.1562645502648885,-0.8449323406309561,-0.8520135893721194,-0.9855289486355788,0.5752348425108165,93.01,-0.22015646834553584
2021-05-04,russia_ukraine_war,2022-02-24,1899,-1.994027396234309,1.994027396234309,2.4207804242039352,0.6764079336004152,0.6467502615942505,3.423235467410462,-1.7395202330492063,-1.6139185756070504,-1.045320904473534,-1.6977396168804166,0.1635091288824476,93.01,-0.22015646834553584
2021-05-05,russia_ukraine_war,2022-02-24,2133,-1.9589874895975672,1.9589874895975672,2.5456668609555737,0.7327610582844286,0.6418022803159992,3.325691433326329,-1.8096151448436104,-1.400154355087764,-0.99338237675318,-1.879134951135112,-0.1682260820884371,93.01,-0.22015646834553584
2021-05-06,russia_ukraine_war,2022-02-24,2413,-1.912283567108564,1.912283567108564,2.364255232592062,0.7920643090808097,0.636653451831682,3.2234688990313134,-1.9030431143087647,-1.7106709839461958,-0.9387248302077849,-2.0678934389729813,-0.5158722943733117,93.01,-0.22015646834553584
2021-05-07,russia_ukraine_war,2022-02-24,2114,-2.247607332012008,2.247607332012008,2.78407024085406,0.8344631958865173,0.659854042934385,3.1830734726181134,-1.232251095164845,-0.9920867218145724,-0.8996473918222767,-1.2173487943358816,-0.653252149833089,93.01,-0.22015646834553584
2021-05-08,russia_ukraine_war,2022-02-24,1756,-3.1054830322338502,3.1054830322338502,3.5965640250630644,0.9854206359375264,0.6942560371975074,3.228538152123139,0.483869959637265,0.3986335595527667,-0.7605156714669862,0.043844588876065,-0.4986323907782738,93.01,-0.22015646834553584
2021-05-09,russia_ukraine_war,2022-02-24,2591,-3.7043049909966346,3.7043049909966346,4.041922438492148,1.625845349569511,0.7317178540242585,3.313861562843417,1.6817719065567431,1.1609396720067686,-0.1702606158993111,1.417212514689684,-0.2084580103376035,93.01,-0.22015646834553584
2021-05-10,russia_ukraine_war,2022-02-24,2401,-3.1697744878097,3.1697744878097,3.6450143462170144,1.3075643331793068,0.7109470384403501,3.35009331375103,0.6124805736563579,0.4815644638588929,-0.4636081008052301,0.6557445899530674,-0.0852383009618905,93.01,-0.22015646834553584
2021-05-11,russia_ukraine_war,2022-02-24,3371,-4.064124142404602,4.064124142404602,4.72192410075178,2.196714576835961,0.7585600456993756,3.493996321014839,2.401565253649523,2.324877318605066,0.3558877982539637,2.4012599589349106,0.4041580513852977,93.01,-0.22015646834553584
2021-05-12,russia_ukraine_war,2022-02-24,2740,-3.4234424401786727,3.4234424401786727,4.025862499619206,1.5718082309226715,0.729667146911269,3.5514112643954414,1.119925782649176,1.133450375298038,-0.2200645691051768,1.3420326218606085,0.5994191817463582,93.01,-0.22015646834553584
2021-05-13,russia_ukraine_war,2022-02-24,2133,-2.994480599621783,2.994480599621783,3.558472542683355,1.1200882010950506,0.7050994490306496,3.5466787125688524,0.2618172640188204,0.3334335566451985,-0.6363977080854305,0.4413691960486442,0.5833243575639786,93.01,-0.22015646834553584
2021-05-14,russia_ukraine_war,2022-02-24,2371,-3.2366759045042026,3.2366759045042026,3.9390670932283904,1.3214630937613945,0.7065809763763219,3.587261192096093,0.7463122345319786,0.9848853839796844,-0.4507981427803806,0.495682689362967,0.7213403575592128,93.01,-0.22015646834553584
2021-05-15,russia_ukraine_war,2022-02-24,1391,-3.2875130515387587,3.2875130515387587,3.9287485495365946,0.8519252789526096,0.7173592691054074,3.6244576421461208,0.8480084340740707,0.9672234544175696,-0.8835532552421157,0.890819999376874,0.8478408895555731,93.01,-0.22015646834553584
2021-05-16,russia_ukraine_war,2022-02-24,1238,-3.577952915611095,3.577952915611095,3.959598832326516,0.8362013152946469,0.729099030840712,3.6499463322379593,1.4290133113068777,1.020028921727859,-0.8980454333937667,1.3212052179722569,0.9345247761138692,93.01,-0.22015646834553584
2021-05-17,russia_ukraine_war,2022-02-24,2625,-3.305993586824812,3.305993586824812,4.052711483638092,1.4663998745388052,0.7367804058397662,3.68595572292212,0.8849774678166138,1.179406944240315,-0.3172154346640743,1.6028080590366671,1.0569882658362642,93.01,-0.22015646834553584
2021-05-18,russia_ukraine_war,2022-02-24,2294,-2.719353472675631,2.719353472675631,3.3321903874570507,1.0804864432219203,0.6880549315028837,3.6466551374166887,-0.2885555407796006,-0.053886554229376,-0.672897139316647,-0.1834908792610527,0.9233318290655772,93.01,-0.22015646834553584
2021-05-19,russia_ukraine_war,2022-02-24,2608,-2.434992736735792,2.434992736735792,2.8273931786677204,1.0744044927363223,0.6682619902843632,3.550132126635826,-0.8573995422814347,-0.9179321997285612,-0.6785026413302675,-0.909109467188675,0.5950689922290692,93.01,-0.22015646834553584
2021-05-20,russia_ukraine_war,2022-02-24,3215,-2.258944998047516,2.258944998047516,2.601947577168793,1.1769136961264262,0.6576288485192282,3.4496947238943827,-1.20957087775011,-1.3038204076671032,-0.5840238146152924,-1.2989254742019167,0.2534937918527687,93.01,-0.22015646834553584
2021-05-21,russia_ukraine_war,2022-02-24,2249,-2.1306910401772705,2.1306910401772705,2.57209364933286,0.8328430836944059,0.6493318135313528,3.3557780385406524,-1.4661340574810595,-1.354920445263488,-0.9011405874963744,-1.6030987016884293,-0.0659052541476659,93.01,-0.22015646834553584
2021-05-22,russia_ukraine_war,2022-02-24,1470,-2.2271324092654314,2.2271324092654314,2.630509334316959,0.60582800197904,0.6599720248393542,3.2802505227230423,-1.27320976320004,-1.2549321383542331,-1.11037173804439,-1.213023521889526,-0.3227650060444489,93.01,-0.22015646834553584
2021-05-23,russia_ukraine_war,2022-02-24,1331,-3.717115356162213,3.717115356162213,4.233243528650011,0.9264687060938144,0.7417895504021866,3.383414374339587,1.7073981568103265,1.4884180176963704,-0.8148494188771738,1.7864456682216916,0.0280825101764375,93.01,-0.22015646834553584
2021-05-24,russia_ukraine_war,2022-02-24,3078,-3.623979195628363,3.623979195628363,4.2156219175915615,1.8248404673183232,0.7422950232117691,3.468679262046229,1.5210857038358017,1.4582556553920103,0.0131456015440984,1.8049765405299385,0.3180578610766788,93.01,-0.22015646834553584
2021-05-25,russia_ukraine_war,2022-02-24,3373,-3.3098176097802634,3.3098176097802634,3.935553367126491,1.789821442855109,0.7197972881821018,3.5161546328653177,0.8926271614799266,0.9788710485496128,-0.0191300989254156,0.9801989320094956,0.4795157329236398,93.01,-0.22015646834553584
2021-05-26,russia_ukraine_war,2022-02-24,2448,-3.45487040974576,3.45487040974576,4.198564476220225,1.4479537710502255,0.7292075364982871,3.5899289129314425,1.1827952639386117,1.4290589647533911,-0.3342165053721534,1.3251830867064942,0.7304129465948759,93.01,-0.22015646834553584
2021-05-27,russia_ukraine_war,2022-02-24,2762,-2.945635553492762,2.945635553492762,3.454608980231341,1.3611270384574643,0.7021358475270191,3.573836520805135,0.164106124674138,0.1556535346876117,-0.4142413963240509,0.3327221630229334,0.6756847087567489,93.01,-0.22015646834553584
2021-05-28,russia_ukraine_war,2022-02-24,2923,-3.2735990707074536,3.2735990707074536,3.758253959001389,1.5825322439024954,0.7083106240694593,3.5892236167693774,0.820174476946551,0.6753931788769786,-0.2101806549735435,0.5590923919862577,0.7280143214681173,93.01,-0.22015646834553584
2021-05-29,russia_ukraine_war,2022-02-24,1447,-4.405368948231321,4.405368948231321,5.17294698403249,1.1819086800685523,0.7693564052621988,3.7580393476605134,3.08420190598698,3.096879127517251,-0.5794201282466029,2.797059607619981,1.3021357695730071,93.01,-0.22015646834553584
2021-05-30,russia_ukraine_war,2022-02-24,1137,-2.831438520780341,2.831438520780341,3.4335804762232787,0.6131780604664159,0.6927955195288076,3.7303578864815936,-0.0643371476822567,0.1196596999294818,-1.1035974692060004,-0.0096986797420245,1.2079945394056044,93.01,-0.22015646834553584
2021-05-31,russia_ukraine_war,2022-02-24,1936,-2.449517087214466,2.449517087214466,3.139127631137479,0.8446089423726848,0.6728377473703533,3.672720887519926,-0.8283445828539423,-0.3843460555924552,-0.8902964438833599,-0.7413600478992791,1.0119782254423533,93.01,-0.22015646834553584
2021-06-01,russia_ukraine_war,2022-02-24,2711,-2.762469314844452,2.762469314844452,3.4021338459806323,1.2575496014065068,0.689255839803213,3.651081702522784,-0.2023052780407159,0.0658334832751795,-0.5097047732998532,-0.1394650128930881,0.9383860302080088,74.13,-0.6072623654761018
2021-06-02,russia_ukraine_war,2022-02-24,3138,-2.8966725226726435,2.8966725226726435,3.4366815899914607,1.4808609729837918,0.706635552360624,3.634562315466636,0.066158965108246,0.1249677796909004,-0.3038871912585267,0.4976834707641175,0.8822056353572663,74.13,-0.6072623654761018
2021-06-03,russia_ukraine_war,2022-02-24,3153,-2.380824987926756,2.380824987926756,3.1411499273466394,1.2216957580497392,0.6765087458466408,3.589511473557116,-0.9657583805121728,-0.380884554215248,-0.5427498945332988,-0.6067795072287655,0.7289932868462292,74.13,-0.6072623654761018
2021-06-04,russia_ukraine_war,2022-02-24,3285,-2.635662957317053,2.635662957317053,3.311263934615336,1.3963849461205595,0.6818768263486307,3.5645981440889143,-0.4559726333222087,-0.0897057111874604,-0.3817455263117028,-0.4099831367079991,0.6442661306985494,74.13,-0.6072623654761018
2021-06-05,russia_ukraine_war,2022-02-24,1676,-2.755097169951388,2.755097169951388,3.296080327174429,0.8398963098547263,0.6893087969399456,3.536086942742046,-0.2170527444472911,-0.1156950187031431,-0.89463989770322,-0.1375235792096174,0.5473030567120973,74.13,-0.6072623654761018
2021-06-06,russia_ukraine_war,2022-02-24,950,-3.0327374240463247,3.0327374240463247,3.5507316206206427,0.5580601738390728,0.7019438996312204,3.534838811798378,0.3383473975426466,0.3201836616695972,-1.154397525077502,0.3256852623638847,0.5430583175457859,74.13,-0.6072623654761018
2021-06-07,russia_ukraine_war,2022-02-24,2027,-2.603338870231908,2.603338870231908,3.339553284165345,0.9330928782000826,0.6862004106015551,3.5136233519120075,-0.5206347357803263,-0.0412837134681913,-0.8087441718568001,-0.2514784927666752,0.4709071590733037,74.13,-0.6072623654761018
2021-06-08,russia_ukraine_war,2022-02-24,1991,-2.411821283865574,2.411821283865574,2.957199767193833,0.8515115206915442,0.6595963142615832,3.4482353125061502,-0.9037524324852876,-0.6957463088000321,-0.8839346004653375,-1.226797249396817,0.2485305139925253,74.13,-0.6072623654761018
2021-06-09,russia_ukraine_war,2022-02-24,3704,-2.291037788669284,2.291037788669284,2.9707639449426453,1.3309392838024774,0.659569270893345,3.3946613994809454,-1.145371467883238,-0.6725289286034444,-0.4420642995038649,-1.227788672069026,0.0663322534138896,74.13,-0.6072623654761018
2021-06-10,russia_ukraine_war,2022-02-24,4331,-2.0351383672952656,2.0351383672952656,2.700569379010424,1.3286798412967251,0.6447861654713518,3.320514431684042,-1.6572805764150065,-1.1350125439372007,-0.4441467415667599,-1.7697443098422856,-0.1858324251941509,74.13,-0.6072623654761018
2021-06-11,russia_ukraine_war,2022-02-24,3775,-1.9520336016923647,1.9520336016923647,2.49824715218865,1.1504183884935202,0.6437548102417556,3.230330783119901,-1.8235259170496136,-1.4813211922998129,-0.6084435300732602,-1.8075542804317548,-0.4925358741897672,74.13,-0.6072623654761018
2021-06-12,russia_ukraine_war,2022-02-24,2629,-2.256404033166564,2.256404033166564,2.6087736564186392,1.0020774894450533,0.6646789646480109,3.1608855159824567,-1.2146539024011014,-1.2921364206145456,-0.7451636842881815,-1.0404648819324744,-0.7287106496240024,74.13,-0.6072623654761018
2021-06-13,russia_ukraine_war,2022-02-24,3293,-1.4168547272429717,1.4168547272429717,1.7465910312836217,0.7520737961014209,0.604159652549846,3.0072347434658746,-2.894114271854858,-2.7679075419716543,-0.9755825622071672,-3.2591314915180507,-1.251257947520913,74.13,-0.6072623654761018
2021-06-14,russia_ukraine_war,2022-02-24,4843,-2.372081954303708,2.372081954303708,2.787856619828884,1.6794361098047328,0.6591604265656402,2.978311776709421,-0.9832482150878288,-0.9856056949617248,-0.1208680542332228,-1.242777098522483,-1.3496213848027918,74.13,-0.6072623654761018
2021-06-15,russia_ukraine_war,2022-02-24,4380,-2.346568647350952,2.346568647350952,2.7935348522154024,1.5446975006969588,0.6656655146862296,2.9568593618742085,-1.034285822549995,-0.9758864416016072,-0.245051496116638,-1.004297490853561,-1.4225783977868565,74.13,-0.6072623654761018
2021-06-16,russia_ukraine_war,2022-02-24,5478,-2.216509356617587,2.216509356617587,2.6647865563481883,1.712046676912566,0.6608838121160638,2.926754087097379,-1.2944604459161062,-1.1962608859776127,-0.0908121371353881,-1.179596969013326,-1.5249627186035877,74.13,-0.6072623654761018
2021-06-17,russia_ukraine_war,2022-02-24,4127,-2.133666257443045,2.133666257443045,2.6195591389594424,1.3442682776960873,0.6552180347489166,2.8961318520417803,-1.4601823409432373,-1.2736752463811565,-0.4297794737251787,-1.3873070474333424,-1.629105157471835,74.13,-0.6072623654761018
2021-06-18,russia_ukraine_war,2022-02-24,2381,-2.077076018883727,2.077076018883727,2.586757441459722,0.8509585831241513,0.6486232871477609,2.8652753916991647,-1.5733872025132831,-1.3298208894158885,-0.8844442219518601,-1.6290736140723658,-1.7340441676089746,74.13,-0.6072623654761018
2021-06-19,russia_ukraine_war,2022-02-24,1754,-2.5085488117990145,2.5085488117990145,3.0813515088158687,0.795226660209508,0.6635912123058717,2.8893727769696413,-0.7102556972092903,-0.4832396430303554,-0.9358102116718938,-1.0803423973458717,-1.6520919368897349,74.13,-0.6072623654761018
2021-06-20,russia_ukraine_war,2022-02-24,1845,-2.856668877195025,2.856668877195025,3.3662964603252528,0.9455661949569296,0.7070195525135179,2.9322774346390506,-0.013865563218209,0.0044917474603753,-0.7972479910900211,0.5117610980167114,-1.506178495875813,74.13,-0.6072623654761018
2021-06-21,russia_ukraine_war,2022-02-24,2755,-3.275210175307194,3.275210175307194,4.059576345457949,1.5103448096566865,0.7199731351779135,3.044145564862168,0.8233973803629645,1.1911573142089351,-0.2767130624604488,0.9866455660586504,-1.125728803294145,74.13,-0.6072623654761018
2021-06-22,russia_ukraine_war,2022-02-24,1942,-2.543806826936739,2.543806826936739,3.235205154016433,0.8794188222214039,0.6678786615901419,3.059383854421024,-0.6397244744310556,-0.2198931548464167,-0.8582135040357001,-0.9231624784487062,-1.0739052627864534,74.13,-0.6072623654761018
2021-06-23,russia_ukraine_war,2022-02-24,2661,-2.796588930390868,2.796588930390868,3.250821411875613,1.254155803595878,0.6916766535133567,3.073293704033433,-0.1340513449758016,-0.1931632930974235,-0.512832707423347,-0.0507168371370448,-1.0265995824435044,74.13,-0.6072623654761018
2021-06-24,russia_ukraine_war,2022-02-24,3058,-3.22950794702775,3.22950794702775,3.626603252930942,1.6178935393965377,0.7150642384705905,3.129574496397705,0.7319732309419648,0.450050769437201,-0.177589496336941,0.8066830906627626,-0.8351955595950441,74.13,-0.6072623654761018
2021-06-25,russia_ukraine_war,2022-02-24,2765,-2.441248408377104,2.441248408377104,2.822738365556136,1.1290394745268757,0.678432159738992,3.0937245033248075,-0.8448855034611176,-0.9258996982203276,-0.6281476604460454,-0.5362662440830995,-0.9571169577308316,74.13,-0.6072623654761018
2021-06-26,russia_ukraine_war,2022-02-24,1433,-2.764142040255794,2.764142040255794,3.136272699059666,0.7352865197962631,0.7045841712631558,3.0867317997750114,-0.1989591064489995,-0.3892327538290526,-0.9910547551088684,0.4224788693452278,-0.9808982787427112,74.13,-0.6072623654761018
2021-06-27,russia_ukraine_war,2022-02-24,1094,-3.0818633689184742,3.0818633689184742,3.473934675852028,0.6446315881488636,0.7238683311243245,3.125674943239831,0.4366204554114525,0.1887327254132207,-1.0746079512582731,1.1294452920383045,-0.8484574581997675,74.13,-0.6072623654761018
2021-06-28,russia_ukraine_war,2022-02-24,1976,-2.8862033014764505,2.8862033014764505,3.2742669278380765,1.0125202262400688,0.7004260234485924,3.141280447761316,0.045216011580688,-0.1530323343260119,-0.7355390116982312,0.2700392034923055,-0.7953850649637383,74.13,-0.6072623654761018
2021-06-29,russia_ukraine_war,2022-02-24,2509,-2.600427813003012,2.600427813003012,2.8659128637959546,1.111943079747587,0.67565611416928,3.110782411785537,-0.5264581045981529,-0.8519992555253366,-0.6439047560665849,-0.6380373878498635,-0.8991051181029824,74.13,-0.6072623654761018
2021-06-30,russia_ukraine_war,2022-02-24,2346,-2.9975662507316674,2.9975662507316674,3.365416559775668,1.2132264453916477,0.7094876615037978,3.135852265826629,0.2679898958302547,0.0029856491200833,-0.5505557372923502,0.602243141115118,-0.8138456412173164,74.13,-0.6072623654761018
2021-07-01,russia_ukraine_war,2022-02-24,2231,-2.7487809210071155,2.7487809210071155,3.441864317918265,1.067314560872319,0.6813270263679754,3.168114164690352,-0.2296879639759886,0.1338388935144141,-0.6850371613718585,-0.4301390640763092,-0.704126908274125,58.42,-0.9293721983109102
2021-07-02,russia_ukraine_war,2022-02-24,2451,-3.06641309535005,3.06641309535005,3.68726179928285,1.2864356230049654,0.7106600344253344,3.222105374397464,0.4057132508288201,0.5538781122297197,-0.4830816278765101,0.6452228869981586,-0.5205094732261346,58.42,-0.9293721983109102
2021-07-03,russia_ukraine_war,2022-02-24,1561,-2.9878841700990675,2.9878841700990675,3.363435886256576,0.8564987816879247,0.7175248724899049,3.2366103963073387,0.2486215626048239,-0.0004046079960976,-0.8793380320414639,0.8968910977896108,-0.4711796854170792,58.42,-0.9293721983109102
2021-07-04,russia_ukraine_war,2022-02-24,1189,-3.4365139769305184,3.4365139769305184,4.039712766527029,0.7746810593768012,0.7317218908028755,3.3196210291589265,1.146074488612827,1.1571574453894276,-0.9547463090820096,1.4173605049033435,-0.188870776826148,58.42,-0.9293721983109102
2021-07-05,russia_ukraine_war,2022-02-24,2366,-3.0237575622386816,3.0237575622386816,3.4593285051243368,1.2323950387730738,0.7088006022993826,3.334253234788925,0.320383804549717,0.1637317983182649,-0.5328887751800644,0.5770552256746387,-0.1391084528950869,58.42,-0.9293721983109102
2021-07-06,russia_ukraine_war,2022-02-24,3096,-3.3162087316201565,3.3162087316201565,3.966217703321001,1.6775272003299817,0.7250707740529689,3.403021977935228,0.9054121590622218,1.0313582368693222,-0.1226274233582883,1.1735274186062412,0.0947655480116676,58.42,-0.9293721983109102
2021-07-07,russia_ukraine_war,2022-02-24,2737,-3.0218866765274344,3.0218866765274344,3.455781900959222,1.3862231917638523,0.7168227092331594,3.410976479371735,0.3166412269719051,0.1576611865323434,-0.3911112280949262,0.8711494606458792,0.1218178248319198,58.42,-0.9293721983109102
2021-07-08,russia_ukraine_war,2022-02-24,2265,-2.968568340534357,2.968568340534357,3.4336233225406656,1.1671770189734552,0.710139143616957,3.417289450270976,0.2099815803808304,0.1197330386352418,-0.5929977389371355,0.6261267835607538,0.1432874590619992,58.42,-0.9293721983109102
2021-07-09,russia_ukraine_war,2022-02-24,2920,-3.137301431766011,3.137301431766011,3.597058112724105,1.5154083173249635,0.7106787008537588,3.441334494318663,0.5475204690911708,0.3994792739992485,-0.2720462203844204,0.6459072070941682,0.2250616837478855,58.42,-0.9293721983109102
2021-07-10,russia_ukraine_war,2022-02-24,1831,-2.846757048126783,2.846757048126783,3.150560325563502,0.9361916185567464,0.6957465464493906,3.415249091499618,-0.0336934923123781,-0.3647770689516226,-0.8058881809456445,0.0984873631208822,0.1363484509122138,58.42,-0.9293721983109102
2021-07-11,russia_ukraine_war,2022-02-24,1310,-3.420459897662697,3.420459897662697,3.994279232821984,0.8406027419711024,0.7212001565251613,3.48556495200953,1.1139594124545378,1.079390282112841,-0.8939888061397143,1.031628749079167,0.3754840068677512,58.42,-0.9293721983109102
2021-07-12,russia_ukraine_war,2022-02-24,2044,-3.1113597633555417,3.1113597633555417,3.659511807636232,1.1230287888573918,0.7032636460509415,3.5077733488036555,0.4956259541347633,0.5063793166194901,-0.6336874803941555,0.3740677904039566,0.451012021112784,58.42,-0.9293721983109102
2021-07-13,russia_ukraine_war,2022-02-24,2312,-2.4359397786034243,2.4359397786034243,2.8578513334473614,0.9741362237360904,0.6641870625868355,3.443136334700402,-0.8555050504705556,-0.8657979257090864,-0.7709160842075143,-1.0584982441846102,0.2311895203171274,58.42,-0.9293721983109102
2021-07-14,russia_ukraine_war,2022-02-24,2407,-2.324286797865021,2.324286797865021,2.6699531743448506,0.9607544847652376,0.660745887384204,3.365846551285804,-1.0788591226596147,-1.187417347019304,-0.7832495231140768,-1.184653354927248,-0.0316634859961143,58.42,-0.9293721983109102
2021-07-15,russia_ukraine_war,2022-02-24,2762,-2.547753944283748,2.547753944283748,3.1480940352102023,1.1772728560358825,0.6736363339179241,3.346990130887978,-0.6318285389438704,-0.3689985412640707,-0.5836927906123126,-0.7120834873018015,-0.0957918425641148,58.42,-0.9293721983109102
2021-07-16,russia_ukraine_war,2022-02-24,2487,-2.6803657740783104,2.6803657740783104,3.0465538804631445,1.1379348452908804,0.6918817199393305,3.319485729283356,-0.3665477375790187,-0.5428016586840876,-0.619949136165454,-0.0431990049561868,-0.1893309149902936,58.42,-0.9293721983109102
2021-07-17,russia_ukraine_war,2022-02-24,2312,-2.935665432653745,2.935665432653745,3.194464695006581,1.1739773141507803,0.6960637272987856,3.3076082928368526,0.1441615869207853,-0.2896273284713581,-0.5867301659932291,0.1101153630989929,-0.2297246092061339,58.42,-0.9293721983109102
2021-07-18,russia_ukraine_war,2022-02-24,1480,-2.14654065271296,2.14654065271296,2.36676339953121,0.587380212916232,0.6311232384203699,3.2080038873877843,-1.4344280028907286,-1.7063778327872314,-1.1273743622820076,-2.270633678644882,-0.5684668886855418,58.42,-0.9293721983109102
2021-07-19,russia_ukraine_war,2022-02-24,2544,-3.335957342616401,3.335957342616401,3.8994452852204335,1.4426075091331496,0.7071959240140028,3.2762637042255167,0.9449178906326438,0.9170659704013352,-0.3391439512651242,0.5182269606552953,-0.3363236832900356,58.42,-0.9293721983109102
2021-07-20,russia_ukraine_war,2022-02-24,2123,-3.304902865160652,3.304902865160652,4.359736137013163,1.2313633162944446,0.7058629197212585,3.39082116399664,0.8827955545017723,1.7049314720915365,-0.533839674475471,0.4693583927186862,0.0532720868898653,58.42,-0.9293721983109102
2021-07-21,russia_ukraine_war,2022-02-24,1958,-2.9630289545002544,2.9630289545002544,3.668251653681873,1.0314746671175212,0.6983347741257948,3.420869469299823,0.1989004214188237,0.5213390386357434,-0.7180694257887094,0.1933730140735705,0.155462661563775,58.42,-0.9293721983109102
2021-07-22,russia_ukraine_war,2022-02-24,2080,-2.7885170842785114,2.7885170842785114,3.351552582671216,1.021341199836092,0.6916269902409486,3.412418814744063,-0.1501985153187265,-0.0207448882874657,-0.7274090564525103,-0.0525375161962486,0.1267230292713562,58.42,-0.9293721983109102
2021-07-23,russia_ukraine_war,2022-02-24,1576,-2.988383919345477,2.988383919345477,3.707922661724125,0.8637904131690307,0.6977117919580219,3.446857625103931,0.2496212764370992,0.5892426663790112,-0.8726176131484283,0.1705341931074134,0.2438451693139059,58.42,-0.9293721983109102
2021-07-24,russia_ukraine_war,2022-02-24,749,-2.5166666543656926,2.5166666543656926,2.94725443784748,0.371971826178091,0.6695349055986118,3.395853454015936,-0.6940165141380801,-0.7127694190018117,-1.3259080643354362,-0.8624437896282177,0.0703862836410253,58.42,-0.9293721983109102
2021-07-25,russia_ukraine_war,2022-02-24,694,-2.0230121811160138,2.0230121811160138,2.395252181310234,0.2784933831014412,0.6432489013160816,3.2898363082915294,-1.681538173886625,-1.657614473138753,-1.412063583381027,-1.826101140962219,-0.2901649333927376,58.42,-0.9293721983109102
2021-07-26,russia_ukraine_war,2022-02-24,1278,-2.8043953389812697,2.8043953389812697,3.279880951592402,0.6742342976453801,0.690881629781338,3.288871776038538,-0.118435164052491,-0.1434229848799486,-1.0473242619082384,-0.0798627832310261,-0.2934451884430684,58.42,-0.9293721983109102
2021-07-27,russia_ukraine_war,2022-02-24,1938,-2.4273101337012792,2.4273101337012792,2.895392604960697,0.837683043147954,0.6762842974558011,3.249686660647684,-0.872768058745772,-0.8015397015889579,-0.8966797812916955,-0.6150078914100575,-0.4267089256173172,58.42,-0.9293721983109102
2021-07-28,russia_ukraine_war,2022-02-24,2363,-2.800968344514091,2.800968344514091,3.283589508167154,1.140403603729136,0.6944852199695333,3.252625055933619,-0.1252906296616633,-0.1370751642032324,-0.6176737755834245,0.0522465377111957,-0.4167158062097783,58.42,-0.9293721983109102
2021-07-29,russia_ukraine_war,2022-02-24,1945,-2.199415061095582,2.199415061095582,2.6678598124445894,0.7613520805263138,0.6542035252133194,3.189874095737476,-1.3286564028067558,-1.1910004893245334,-0.9670311209960228,-1.4244994469121195,-0.6301240706387289,58.42,-0.9293721983109102
2021-07-30,russia_ukraine_war,2022-02-24,1439,-2.6591526711474187,2.6591526711474187,3.1978973609543164,0.7099576631168207,0.6882181780403531,3.187973909699138,-0.4089830840610017,-0.2837517411801617,-1.0143993971699197,-0.1775061839752492,-0.6365863686380923,58.42,-0.9293721983109102
2021-07-31,russia_ukraine_war,2022-02-24,1096,-3.793838029644737,3.793838029644737,4.265541790281113,0.794863755534436,0.7487015905718823,3.3007125729103874,1.860876563192532,1.5437019452491358,-0.93614468708265,2.039844330515527,-0.2531761008947904,58.42,-0.9293721983109102
2021-08-01,russia_ukraine_war,2022-02-24,941,-3.64662891755454,3.64662891755454,3.998121087050665,0.6652125055021414,0.7414153078577707,3.3702237344912898,1.5663949073403116,1.0859662642283052,-1.0556393039568617,1.7727257595116377,-0.016777226597845,89.49,-0.2923287542512347
2021-08-02,russia_ukraine_war,2022-02-24,1278,-2.979352665278766,2.979352665278766,3.504190972950341,0.7162976359965831,0.6989818627433838,3.383868211081934,0.2315548767813658,0.2405214859323737,-1.0085560857473812,0.2170955888933054,0.0296259528778014,89.49,-0.2923287542512347
2021-08-03,russia_ukraine_war,2022-02-24,1686,-3.510117716398729,3.510117716398729,4.286118914702263,1.0755646152182503,0.7248474332317224,3.475859934216442,1.293313683033302,1.5789231676398678,-0.6774334006444229,1.165339638450159,0.3424784401481151,89.49,-0.2923287542512347
2021-08-04,russia_ukraine_war,2022-02-24,1376,-3.201676972077193,3.201676972077193,3.839704792230511,0.8217903444362935,0.7132112808417533,3.514364632183825,0.6762992888126211,0.8148100309286992,-0.9113274761127952,0.7387527874661635,0.4734281617124585,89.49,-0.2923287542512347
2021-08-05,russia_ukraine_war,2022-02-24,1438,-2.8534200798986724,2.8534200798986724,3.4124834656387164,0.761359755440352,0.695082003841794,3.504059770779758,-0.0203645577014577,0.0835486046000131,-0.9670240473202018,0.0741249167710288,0.4383826009664743,89.49,-0.2923287542512347
2021-08-06,russia_ukraine_war,2022-02-24,1803,-2.8934332843984705,2.8934332843984705,3.584928632284201,0.9391144754118412,0.6985717826336229,3.512079671937693,0.0596790927882914,0.3787176204603912,-0.8031942951559532,0.2020618580850959,0.4656572941609206,89.49,-0.2923287542512347
2021-08-07,russia_ukraine_war,2022-02-24,1098,-3.4894192754200763,3.4894192754200763,4.352589955039831,0.7322870387904037,0.7275758441245264,3.6027689026115146,1.2519078822210643,1.6926995751862206,-0.9938192624586036,1.2653644724283573,0.7740801654604487,89.49,-0.2923287542512347
2021-08-08,russia_ukraine_war,2022-02-24,961,-4.047041446451155,4.047041446451155,4.526431510825672,0.7525727013576886,0.7509018270348343,3.69807397161454,2.367392500894185,1.9902587468064548,-0.975122740242941,2.1205060400476192,1.0982009327545723,89.49,-0.2923287542512347
2021-08-09,russia_ukraine_war,2022-02-24,1314,-2.7954640964076107,2.7954640964076107,3.332919974460561,0.688864728922606,0.694238041313884,3.65975497020268,-0.136301497627667,-0.0526377428999547,-1.0338399508835383,0.0431848512696554,0.9678827422377356,89.49,-0.2923287542512347
2021-08-10,russia_ukraine_war,2022-02-24,1809,-2.5071459565874994,2.5071459565874994,3.0856448446334297,0.8160495037409106,0.671871885755209,3.603601946123984,-0.7130620121156308,-0.4758908739539055,-0.9166185902305518,-0.7767689916018318,0.7769132435461716,89.49,-0.2923287542512347
2021-08-11,russia_ukraine_war,2022-02-24,2140,-3.4754741449613062,3.4754741449613062,4.125604415305624,1.3035616899390128,0.7261429960536769,3.66384101943326,1.2240116124163958,1.3041755029771078,-0.4672971845615683,1.2128355843562948,0.9817788909491422,89.49,-0.2923287542512347
2021-08-12,russia_ukraine_war,2022-02-24,2114,-3.030479584209242,3.030479584209242,3.533520771830208,1.1251180946470491,0.7089720043299822,3.652937511817031,0.3338307449765619,0.2907243883341017,-0.6317618468595309,0.5833389051964698,0.9446974083822798,89.49,-0.2923287542512347
2021-08-13,russia_ukraine_war,2022-02-24,1615,-3.326623338339304,3.326623338339304,3.900060480818972,0.982159051277288,0.729036111108491,3.6823632944690727,0.926245860102582,0.918118981528956,-0.7635217497676653,1.318898550825471,1.044770860415635,89.49,-0.2923287542512347
2021-08-14,russia_ukraine_war,2022-02-24,1051,-3.7093118808399432,3.7093118808399432,4.424721038915132,0.748254263608266,0.7329530653349733,3.763393153160616,1.6917878436872096,1.816164102807252,-0.9791028797651892,1.462495945645081,1.3203434007597783,89.49,-0.2923287542512347
2021-08-15,russia_ukraine_war,2022-02-24,1071,-2.6687308658243323,2.6687308658243323,3.1294605613731954,0.5476061168729098,0.695249688170492,3.704211885082843,-0.3898225675108835,-0.4008928775422017,-1.1640326310378508,0.0802723035825267,1.119075218285683,89.49,-0.2923287542512347
2021-08-16,russia_ukraine_war,2022-02-24,2041,-3.278930309322325,3.278930309322325,3.736052108318313,1.1820540544043785,0.718658144730684,3.70649356943858,0.8308392513804109,0.6373909631936887,-0.5792861422606711,0.9384373942198873,1.126834944938639,89.49,-0.2923287542512347
2021-08-17,russia_ukraine_war,2022-02-24,2071,-2.73269645830449,2.73269645830449,3.040059032602677,0.9972672886540428,0.6932292571639357,3.632562205824257,-0.2618638200959564,-0.5539186872934093,-0.7495970630675348,0.0062023471371048,0.8754035095234397,89.49,-0.2923287542512347
2021-08-18,russia_ukraine_war,2022-02-24,1516,-3.0458731995764325,3.0458731995764325,3.571146247972308,0.851158926515318,0.7078949296028032,3.62588434594216,0.3646246087429906,0.3551267428922522,-0.8842595730821825,0.543852836198455,0.8526929329349144,89.49,-0.2923287542512347
2021-08-19,russia_ukraine_war,2022-02-24,2001,-2.480766862629492,2.480766862629492,2.881119039809759,0.8795568689935925,0.6741225987774264,3.5488098485404453,-0.7658315666516007,-0.8259713180869876,-0.8580862715859605,-0.6942567875296254,0.5905720877586748,89.49,-0.2923287542512347
2021-08-20,russia_ukraine_war,2022-02-24,1987,-3.51623892842168,3.51623892842168,4.2507044188014245,1.239332432640903,0.7284320192116757,3.621996814990934,1.30555874467892,1.5183052790345468,-0.5264948435971814,1.296752256128476,0.8394719203699781,89.49,-0.2923287542512347
2021-08-21,russia_ukraine_war,2022-02-24,1553,-2.603510273190678,2.603510273190678,3.0381504363333587,0.7429876410476552,0.6920852125252454,3.564114149803051,-0.5202918560061071,-0.5571855720281238,-0.9839569250979142,-0.0357388704963752,0.642620125916841,89.49,-0.2923287542512347
2021-08-22,russia_ukraine_war,2022-02-24,1665,-2.9432005245358384,2.9432005245358384,3.449768378537141,0.8921597088709563,0.7036548674608155,3.558503132879333,0.1592350175184638,0.1473680276708426,-0.8464707142943996,0.388410152353388,0.6235377504499279,89.49,-0.2923287542512347
2021-08-23,russia_ukraine_war,2022-02-24,2379,-2.84103715199001,2.84103715199001,3.27552063895604,1.1631440050136896,0.6972122786509182,3.530180803683196,-0.0451357492606277,-0.1508863960891738,-0.5967148142283532,0.152221798979121,0.5272170073180257,89.49,-0.2923287542512347
2021-08-24,russia_ukraine_war,2022-02-24,3593,-2.6418306263017834,2.6418306263017834,3.0187540529771564,1.499610148414143,0.6808029915375735,3.479719391566284,-0.4436346377349592,-0.5903857567469616,-0.2866067906900852,-0.449350428848377,0.3556039778624834,89.49,-0.2923287542512347
2021-08-25,russia_ukraine_war,2022-02-24,2556,-2.2907511595709944,2.2907511595709944,2.683752087060766,0.9944070357914812,0.6627553290572151,3.3968100620841226,-1.1459448495868652,-1.1637981782972644,-0.7522332491427947,-1.1109862726479918,0.0736395895176585,89.49,-0.2923287542512347
2021-08-26,russia_ukraine_war,2022-02-24,3049,-3.4979998396902108,3.4979998396902108,4.08824011168859,1.7483413259430156,0.7267819662440188,3.473797109843889,1.26907270808366,1.2402201892881983,-0.0573607421091369,1.2362605337928074,0.3354630292636884,89.49,-0.2923287542512347
2021-08-27,russia_ukraine_war,2022-02-24,1578,-3.2029965951726016,3.2029965951726016,3.8355253095355226,0.9268442484194084,0.7080549423827616,3.513491226835669,0.6789391036224454,0.8076561406928464,-0.8145032958254812,0.5497189804042043,0.4704578180091878,89.49,-0.2923287542512347
2021-08-28,russia_ukraine_war,2022-02-24,1304,-3.150469473197485,3.150469473197485,3.5361795725988574,0.7711050315191595,0.7233857563194536,3.511732162366394,0.5738622259974633,0.2952753747230938,-0.958042197696072,1.11175387141446,0.4644754570344183,89.49,-0.2923287542512347
2021-08-29,russia_ukraine_war,2022-02-24,1114,-3.317822726288836,3.317822726288836,3.700258974401253,0.705415505254478,0.7139172920247983,3.5289399016052814,0.9086408438618302,0.5761249716998422,-1.01858573099553,0.7646354914082539,0.5229968526312081,89.49,-0.2923287542512347
2021-08-30,russia_ukraine_war,2022-02-24,2332,-2.680044090874096,2.680044090874096,3.081185500439227,1.079384751629923,0.6874139026574824,3.4818284159715067,-0.3671912425991353,-0.4835237943934298,-0.6739125264777153,-0.2069912999658705,0.3627765093512465,89.49,-0.2923287542512347
2021-08-31,russia_ukraine_war,2022-02-24,2284,-3.1222097927200987,3.1222097927200987,3.709670355544289,1.2360883203829929,0.6977167417595803,3.5014291757653795,0.5173306880873889,0.5922341394075571,-0.5294848182504096,0.1707156551739997,0.4294362722620334,89.49,-0.2923287542512347
2021-09-01,russia_ukraine_war,2022-02-24,2208,-2.7200819446722133,2.7200819446722133,3.1488655994478187,1.0471326980212443,0.6809633910410954,3.4623576622922485,-0.2870982828914877,-0.3676778788116489,-0.7036380153443139,-0.4434701071738537,0.296558881177495,80.7,-0.4725544341123401
2021-09-02,russia_ukraine_war,2022-02-24,2184,-2.823721305489664,2.823721305489664,3.5129063027547964,1.0772059665088063,0.6859105975376273,3.4679671109330563,-0.079774903573172,0.2554392442628704,-0.6759206297025913,-0.2621031767834962,0.3156359231079499,80.7,-0.4725544341123401
2021-09-03,russia_ukraine_war,2022-02-24,1469,-2.350241272390478,2.350241272390478,2.9347136498549915,0.6389354599455107,0.6584039866885713,3.4110509559738125,-1.0269389899551384,-0.7342350948561336,-1.079857855575867,-1.270508542242294,0.1220711105559986,80.7,-0.4725544341123401
2021-09-04,russia_ukraine_war,2022-02-24,976,-2.261598865077178,2.261598865077178,2.8641334827959355,0.4265407339239487,0.6548954042819104,3.348139215546138,-1.204262000152725,-0.8550449665118095,-1.2756139813804994,-1.399134832970967,-0.0918839475803037,80.7,-0.4725544341123401
2021-09-05,russia_ukraine_war,2022-02-24,1034,-2.756944634368106,2.756944634368106,3.188427819722026,0.5479812948148477,0.6945193866708544,3.3247789575535016,-0.2133570195506575,-0.2999604596995426,-1.1636868438246897,0.0534991051438527,-0.1713292994799142,80.7,-0.4725544341123401
2021-09-06,russia_ukraine_war,2022-02-24,1817,-3.3101205585183875,3.3101205585183875,4.256072177141026,1.081473697406361,0.7056078873075827,3.423006382739936,0.8932331894952743,1.5274931036474204,-0.671987224753557,0.460008783792752,0.162730040215255,80.7,-0.4725544341123401
2021-09-07,russia_ukraine_war,2022-02-24,1849,-2.8693180516890666,2.8693180516890666,3.659677856796202,0.9515055625858404,0.6917618213047209,3.449843624463277,0.0114382362360442,0.5066635377901154,-0.7917739022623776,-0.0475945456178473,0.2540001842949068,80.7,-0.4725544341123401
2021-09-08,russia_ukraine_war,2022-02-24,2301,-2.622727355823105,2.622727355823105,3.2914802739661804,1.044716600195366,0.6835122844221754,3.429400843190612,-0.48184941019624,-0.1235687863754813,-0.7058648406465153,-0.3500264700944535,0.1844768103439184,80.7,-0.4725544341123401
2021-09-09,russia_ukraine_war,2022-02-24,2189,-2.304625915139232,2.304625915139232,2.8672305473600046,0.8808518531866169,0.6561893558830155,3.36950422931573,-1.1181893598874504,-0.8497438176468392,-0.8568927339998204,-1.3516979551833426,-0.0192241748243566,80.7,-0.4725544341123401
2021-09-10,russia_ukraine_war,2022-02-24,2412,-2.9379567651176,2.9379567651176,3.6564591323333993,1.2164833086381173,0.6890358554942428,3.3968544324401746,0.1487452391722196,0.5011541474691659,-0.5475540105388353,-0.1475297417213545,0.0737904876178239,80.7,-0.4725544341123401
2021-09-11,russia_ukraine_war,2022-02-24,1584,-3.620870620166693,3.620870620166693,4.3380583227011895,1.051221190907044,0.7136347070204824,3.490496227067685,1.5148672134428072,1.667826233128106,-0.6998698072409609,0.7542757914759697,0.3922546642137609,80.7,-0.4725544341123401
2021-09-12,russia_ukraine_war,2022-02-24,1143,-2.956566599641337,2.956566599641337,3.4514080946412533,0.6433122647629166,0.6966433936610118,3.4883653673994712,0.1859729271045275,0.150174678608971,-1.0758239213511005,0.1313662061436901,0.3850078736927279,80.7,-0.4725544341123401
2021-09-13,russia_ukraine_war,2022-02-24,1579,-2.35320230136986,2.35320230136986,2.8680967213372046,0.6813157660797632,0.6684048144411643,3.421545223692568,-1.0210156561037635,-0.8482612146525806,-1.0407975422872349,-0.90387346603878,0.1577608187821692,80.7,-0.4725544341123401
2021-09-14,russia_ukraine_war,2022-02-24,2031,-2.6818029453710945,2.6818029453710945,3.10080146577052,0.9628097371734008,0.6903182394261512,3.389806297670933,-0.363672775723512,-0.4499477580531817,-0.7813552752835923,-0.1005169401584552,0.0498206518756505,80.7,-0.4725544341123401
2021-09-15,russia_ukraine_war,2022-02-24,2422,-1.9176907815939908,1.9176907815939908,2.365637943762736,0.7967280948630806,0.6441632656881127,3.2807320489534235,-1.892226355396172,-1.7083042403406414,-0.9344263965629334,-1.792580110552464,-0.3211273948145734,80.7,-0.4725544341123401
2021-09-16,russia_ukraine_war,2022-02-24,2929,-1.780581455972169,1.780581455972169,2.366874588793284,0.86217408608079,0.6329275193388734,3.186506390636998,-2.16650408636405,-1.7061875135936064,-0.8741073202365175,-2.2044878866751567,-0.6415772196958119,80.7,-0.4725544341123401
2021-09-17,russia_ukraine_war,2022-02-24,2586,-2.2127286931572776,2.2127286931572776,2.620798250334544,0.9696646006494302,0.6544649183797526,3.1209344282867333,-1.3020234019057444,-1.2715542980690353,-0.7750374088180617,-1.4149166497812036,-0.864579363991773,80.7,-0.4725544341123401
2021-09-18,russia_ukraine_war,2022-02-24,1305,-2.721125759068402,2.721125759068402,3.1858027408703453,0.6664724025371681,0.6884846363728218,3.1282366686273115,-0.2850102043246954,-0.3044537253345224,-1.0544781048672731,-0.1677376954614491,-0.8397453465894122,80.7,-0.4725544341123401
2021-09-19,russia_ukraine_war,2022-02-24,1220,-2.0288254584005085,2.0288254584005085,2.4728345876756386,0.4679986149787835,0.6349287543304716,3.057301348764051,-1.669909114405462,-1.5248190867535003,-1.23740383213913,-2.131121665218587,-1.0809876072880993,80.7,-0.4725544341123401
2021-09-20,russia_ukraine_war,2022-02-24,2554,-3.244362822898605,3.244362822898605,3.650494967505332,1.407472410156927,0.7205135142188007,3.1186915044131647,0.7616893835755627,0.4909454724626407,-0.3715266331903308,1.0064561173185798,-0.8722072710326912,80.7,-0.4725544341123401
2021-09-21,russia_ukraine_war,2022-02-24,2399,-3.4888184531139714,3.4888184531139714,4.074685720266828,1.438190773348583,0.7356994231299903,3.2201223031274493,1.250705978717521,1.2170195600425393,-0.3432146883407787,1.5631787215480146,-0.5272536536601863,80.7,-0.4725544341123401
2021-09-22,russia_ukraine_war,2022-02-24,2481,-2.669670373291443,2.669670373291443,3.2089230028897298,1.131165193093174,0.686733733166306,3.2219026267490656,-0.3879431477475825,-0.26487949359786,-0.6261884666426771,-0.2319266352598996,-0.5211989929343039,80.7,-0.4725544341123401
2021-09-23,russia_ukraine_war,2022-02-24,2250,-2.36870628156899,2.36870628156899,3.0485606606362703,0.9262190559985252,0.6657307769153591,3.19882680578833,-0.9900010151178013,-0.5393667156220566,-0.8150795118572395,-1.001904946662016,-0.5996770096229871,80.7,-0.4725544341123401
2021-09-24,russia_ukraine_war,2022-02-24,1981,-2.512306864053736,2.512306864053736,2.9492820511532045,0.8832324140285394,0.6679253984848316,3.168978056549646,-0.7027379733738846,-0.7092988165161737,-0.8546986617816164,-0.9214490817809524,-0.7011889187713347,80.7,-0.4725544341123401
2021-09-25,russia_ukraine_war,2022-02-24,1557,-2.727886063566642,2.727886063566642,3.2174364581067114,0.7802257228319076,0.6778247752926359,3.1720636395169115,-0.2714866823467414,-0.2503072777054079,-0.9496360040514036,-0.5585332452037679,-0.6906952322406839,80.7,-0.4725544341123401
2021-09-26,russia_ukraine_war,2022-02-24,2289,-1.6378036511371192,1.6378036511371192,2.0404345219194835,0.6495810718129911,0.6132758506183089,3.0497343558696164,-2.452121218277792,-2.2649447994653733,-1.0700462007620553,-2.924927358000142,-1.1067220154230475,80.7,-0.4725544341123401
2021-09-27,russia_ukraine_war,2022-02-24,2390,-2.376982146973196,2.376982146973196,3.0510901978707774,0.976845591188668,0.664772128927896,3.0497037389181605,-0.9734457182802826,-0.5350369855947338,-0.7684189634652416,-1.0370494353614363,-1.106826139893046,80.7,-0.4725544341123401
2021-09-28,russia_ukraine_war,2022-02-24,2311,-2.799625650517277,2.799625650517277,3.3729872122943023,1.1191756255390528,0.6886793615506548,3.080172755352024,-0.1279765962154344,0.0159440990251499,-0.6372387942022675,-0.1605989783292551,-1.0032047786312692,80.7,-0.4725544341123401
2021-09-29,russia_ukraine_war,2022-02-24,2312,-2.7834828418640973,2.7834828418640973,3.1931489703536595,1.1131192520540258,0.6788525125275621,3.0917149315372026,-0.1602691693774902,-0.2918794133427451,-0.6428207228690576,-0.5208559120103565,-0.9639512631517791,80.7,-0.4725544341123401
2021-09-30,russia_ukraine_war,2022-02-24,2494,-2.0827590650293617,2.0827590650293617,2.577116064647556,0.8862510788930685,0.6450310433283207,3.0350871481357835,-1.562018661425788,-1.3463237335404594,-0.8519164734003342,-1.760766971768737,-1.15653535965614,80.7,-0.4725544341123401
2021-10-01,russia_ukraine_war,2022-02-24,2257,-2.263885892740857,2.263885892740857,2.636532010734382,0.8875101376329488,0.6479360770911147,2.993584927847772,-1.1996869593565596,-1.244623310884276,-0.8507560469354397,-1.6542670598269902,-1.2976792843694531,79.03,-0.5067952629369188
2021-10-02,russia_ukraine_war,2022-02-24,1440,-2.396062031192118,2.396062031192118,2.7669363603805097,0.6401061598620985,0.6615259220568527,2.970383300499114,-0.9352777284155378,-1.0214142508815034,-1.0787788660715434,-1.1560569148401991,-1.376585153043454,79.03,-0.5067952629369188
2021-10-03,russia_ukraine_war,2022-02-24,1545,-3.107922348486769,3.107922348486769,3.578912243018386,0.8829590122803311,0.7074415696240373,3.0333926429434257,0.4887496432323047,0.3684195545118433,-0.8549506457551357,0.5272324449194054,-1.1622981625046795,79.03,-0.5067952629369188
2021-10-04,russia_ukraine_war,2022-02-24,2364,-2.394615795310581,2.394615795310581,2.777649051245371,0.9752976134542506,0.6659145162523484,2.9996536997666463,-0.9381708233544364,-1.003077671890582,-0.7698456755583216,-0.995168975651896,-1.2770401407073653,79.03,-0.5067952629369188
2021-10-05,russia_ukraine_war,2022-02-24,2319,-2.320162841504051,2.320162841504051,2.786968251533125,0.9301511305264588,0.6618083562396619,2.973565620696935,-1.0871088123737709,-0.9871262872791646,-0.8114554685941069,-1.1457027440956924,-1.3657624751409745,79.03,-0.5067952629369188
2021-10-06,russia_ukraine_war,2022-02-24,3146,-2.975695014908193,2.975695014908193,3.3863131417087167,1.5242942801457395,0.700529737769536,3.015364086815937,0.2242379999769268,0.0387536769750144,-0.2638563670466189,0.2738414195591393,-1.22361105494969,79.03,-0.5067952629369188
2021-10-07,russia_ukraine_war,2022-02-24,2321,-3.0307799719432893,3.0307799719432893,3.574831238486877,1.2159000703507292,0.6980036330859056,3.075218523111648,0.3344316498802321,0.3614342262784121,-0.5480915590443873,0.1812332269082129,-1.0200535105182686,79.03,-0.5067952629369188
2021-10-08,russia_ukraine_war,2022-02-24,3242,-1.582422463426658,1.582422463426658,1.107346261918234,0.8298317561885117,0.5817882869965082,2.8643538344518333,-2.5629074571761468,-3.862082885577416,-0.9039160133137882,-4.079276335258413,-1.737178269973467,79.03,-0.5067952629369188
2021-10-09,russia_ukraine_war,2022-02-24,1598,-1.3615191351334073,1.3615191351334073,1.2424361640451984,0.3983088448656863,0.5804913079394703,2.6850665101748845,-3.004809299904502,-3.630853711462809,-1.3016342377668588,-4.12682420101264,-2.3469123136989944,79.03,-0.5067952629369188
2021-10-10,russia_ukraine_war,2022-02-24,1477,-2.837936231237033,2.837936231237033,3.19151252335089,0.7751964975542134,0.6874099970782634,2.7342758395546523,-0.0513389269378594,-0.2946804686620174,-0.9542712493543412,-0.2071344803475321,-2.1795574629712404,79.03,-0.5067952629369188
2021-10-11,russia_ukraine_war,2022-02-24,2434,-2.682454498513651,2.682454498513651,3.103451005029536,1.1189730196364682,0.6705279084447987,2.772493098907126,-0.3623693886874009,-0.4454126243015066,-0.6374255283425073,-0.8260398355567529,-2.0495852846308726,79.03,-0.5067952629369188
2021-10-12,russia_ukraine_war,2022-02-24,2383,-2.042593071602238,2.042593071602238,2.5731791937685684,0.8374078990147099,0.6441952058117002,2.7496479171461936,-1.6423679556061748,-1.3530623526941588,-0.8969333711551098,-1.7914091705127828,-2.127278925890311,79.03,-0.5067952629369188
2021-10-13,russia_ukraine_war,2022-02-24,2172,-2.82804650510358,2.82804650510358,3.40309037354003,1.0739235129082634,0.693380728652391,2.8207214884216496,-0.0711226406384078,0.067470741679361,-0.6789459421103511,0.0117553635559773,-1.8855664892160025,79.03,-0.5067952629369188
2021-10-14,russia_ukraine_war,2022-02-24,2030,-2.6654928113251697,2.6654928113251697,3.211797311902969,0.9565582420302924,0.6825208078432392,2.864495152104279,-0.3963000717707345,-0.259959628464958,-0.7871170401476463,-0.386374470486522,-1.7366976660935045,79.03,-0.5067952629369188
2021-10-15,russia_ukraine_war,2022-02-24,2187,-3.607908484700933,3.607908484700933,4.49124750243181,1.37793267835004,0.7261138785562471,3.0374999333826502,1.4889373571917954,1.9300353764815008,-0.3987522784035601,1.2117681231267703,-1.148329775066452,79.03,-0.5067952629369188
2021-10-16,russia_ukraine_war,2022-02-24,1616,-3.556294290746137,3.556294290746137,4.223275754643287,1.0505304749741289,0.7368677862679719,3.161806954819795,1.385686728983583,1.471356489669134,-0.7005064137970263,1.6060114668691412,-0.7255769499572696,79.03,-0.5067952629369188
2021-10-17,russia_ukraine_war,2022-02-24,1335,-3.5716457115559543,3.5716457115559543,4.2053784691203004,0.8925784537320479,0.728370006003978,3.2757320708048203,1.4163961854538414,1.4407222639778317,-0.8460847731119449,1.2944788225995425,-0.3381317028847735,79.03,-0.5067952629369188
2021-10-18,russia_ukraine_war,2022-02-24,1945,-2.245212844784003,2.245212844784003,2.8606523771301258,0.7772054946960362,0.6635315229291058,3.2298621998487933,-1.237041101393453,-0.8610034665583514,-0.9524196332403144,-1.0825306381335844,-0.4941294680139083,79.03,-0.5067952629369188
2021-10-19,russia_ukraine_war,2022-02-24,2391,-2.317674063589541,2.317674063589541,2.7702258911960493,0.9527990820212434,0.6683174734476788,3.176694696376534,-1.0920874406047756,-1.0157836635339246,-0.7905817146875235,-0.9070754281757588,-0.674945579903976,79.03,-0.5067952629369188
2021-10-20,russia_ukraine_war,2022-02-24,3381,-3.214755302805888,3.214755302805888,3.6502210819017686,1.7415986370326373,0.7094128758568865,3.226484401270284,0.70246158565746,0.4904766710132606,-0.0635752215518492,0.5995014639227323,-0.5056169437429968,79.03,-0.5067952629369188
2021-10-21,russia_ukraine_war,2022-02-24,2832,-2.3288398486306985,2.3288398486306985,2.877559162238494,1.0978545797220944,0.6734568732601424,3.190647522483492,-1.0697510592414037,-0.832064649548425,-0.656889589706517,-0.7186625999081835,-0.627493741811661,79.03,-0.5067952629369188
2021-10-22,russia_ukraine_war,2022-02-24,4026,-3.0700749274382897,3.0700749274382897,3.4974264022387795,1.898909721074872,0.7035963363048994,3.2243525347808712,0.4130384928704739,0.2289427811273006,0.0814124103684859,0.3862643724899131,-0.512867158338563,79.03,-0.5067952629369188
2021-10-23,russia_ukraine_war,2022-02-24,2258,-2.59140965535736,2.59140965535736,3.0189307899992577,1.0162814680735737,0.6783559068168186,3.2027141137852304,-0.5444983057685855,-0.5900832414959137,-0.7320724184200794,-0.5390617122806728,-0.5864567552981723,79.03,-0.5067952629369188
2021-10-24,russia_ukraine_war,2022-02-24,1188,-2.1218253567111254,2.1218253567111254,2.545266537430148,0.477955308883227,0.6570770840732619,3.1397572883241134,-1.4838692445921158,-1.4008395763863613,-1.2282271267610567,-1.3191534197977983,-0.8005651420641663,79.03,-0.5067952629369188
2021-10-25,russia_ukraine_war,2022-02-24,2287,-1.9457827097622584,1.9457827097622584,2.4166651161322434,0.7711741466055936,0.6402216089368434,3.0639444618977523,-1.8360303943879668,-1.6209626201408167,-0.9579784969544932,-1.9370831116160496,-1.058395200098838,79.03,-0.5067952629369188
2021-10-26,russia_ukraine_war,2022-02-24,2221,-2.384840034808993,2.384840034808993,2.887286580229404,0.9225590331142518,0.6663330696383408,3.043596394521891,-0.9577265566840312,-0.8154145314204866,-0.8184528154867698,-0.9798246105288418,-1.1275964637861586,79.03,-0.5067952629369188
2021-10-27,russia_ukraine_war,2022-02-24,2032,-1.9673246563436413,1.9673246563436413,2.401210731036944,0.7065928722558519,0.6527831870387794,2.9749843533744817,-1.7929372189079134,-1.647415409326174,-1.0175005966932036,-1.4765697162677955,-1.3609375405510094,79.03,-0.5067952629369188
2021-10-28,russia_ukraine_war,2022-02-24,3008,-2.293156684334831,2.293156684334831,2.818267090515949,1.1339848416347849,0.6597220230261056,2.9606443823720685,-1.1411327635305744,-0.9335530403169858,-0.6235897040228352,-1.222188706624126,-1.4097060106114017,79.03,-0.5067952629369188
2021-10-29,russia_ukraine_war,2022-02-24,2027,-2.4931516610807503,2.4931516610807503,3.025727544119294,0.8935994026086665,0.675456388190305,2.969302028851358,-0.7410566332012314,-0.5784494493538561,-0.8451438034349898,-0.6453594367175017,-1.3802624243553598,79.03,-0.5067952629369188
2021-10-30,russia_ukraine_war,2022-02-24,1968,-2.360465214747919,2.360465214747919,2.802395625890428,0.8252546657702476,0.6681573133254666,2.952807212164224,-1.0064866997945132,-0.9607197315319906,-0.9081345431451076,-0.9129469740182328,-1.4363592584160971,79.03,-0.5067952629369188
2021-10-31,russia_ukraine_war,2022-02-24,2104,-1.486598155605532,1.486598155605532,1.880499524556561,0.5497427847346616,0.6153813172743764,2.83619696801816,-2.754597363034476,-2.538700548562689,-1.1620633456860792,-2.8477399544183624,-1.832936294688719,79.03,-0.5067952629369188
2021-11-01,russia_ukraine_war,2022-02-24,3654,-2.364168588421357,2.364168588421357,2.8197758765672924,1.3593194431110895,0.6695966647047308,2.83478750404634,-0.9990783566824007,-0.930970498268507,-0.415907388077504,-0.860179671583358,-1.837729707555405,86.57,-0.35219894596846213
2021-11-02,russia_ukraine_war,2022-02-24,2829,-1.9625651829167816,1.9625651829167816,2.3820431031382663,0.9244048823018628,0.6510576086215172,2.787276866934059,-1.802458216594983,-1.680224040459697,-0.8167515666254884,-1.539830237312568,-1.999307515709308,86.57,-0.35219894596846213
2021-11-03,russia_ukraine_war,2022-02-24,2730,-2.615705723935841,2.615705723935841,3.043731698472918,1.1974343134073409,0.6952969061325901,2.811030445853266,-0.4958956995569099,-0.5476322996167302,-0.5651107435928809,0.0820033364090351,-1.918524527922682,86.57,-0.35219894596846213
2021-11-04,russia_ukraine_war,2022-02-24,2632,-2.5002635048622577,2.5002635048622577,2.786825394323162,1.1113993092699597,0.6963917486154401,2.8042581825330783,-0.7268298811802192,-0.9873708115119604,-0.6444059285957772,0.1221407797348103,-1.9415561589431407,86.57,-0.35219894596846213
2021-11-05,russia_ukraine_war,2022-02-24,1891,-2.250117226383321,2.250117226383321,2.629634916367485,0.7605494043875368,0.6588650228345361,2.795202687076295,-1.2272302249212594,-1.2564288522988318,-0.9677709170076568,-1.253606739042598,-1.9723527804280685,86.57,-0.35219894596846213
2021-11-06,russia_ukraine_war,2022-02-24,1426,-3.1400100095772583,3.1400100095772583,3.899617216301656,0.8316861394862979,0.7155797839421669,2.9203184085102536,0.5529387918263288,0.9173602594732038,-0.9022068988883454,0.8255832315244807,-1.546849666522918,86.57,-0.35219894596846213
2021-11-07,russia_ukraine_war,2022-02-24,1401,-2.094044196493108,2.094044196493108,2.804380755038241,0.5460839062110839,0.6592381961793097,2.90658670999034,-1.5394435357914618,-0.957321847855028,-1.1654355946019614,-1.239926027697208,-1.5935494770060812,86.57,-0.35219894596846213
2021-11-08,russia_ukraine_war,2022-02-24,2726,-3.382024395217057,3.382024395217057,3.940525833472569,1.5464238475731529,0.7192281737026034,3.014603363715668,1.0370718458970465,0.9873822641801904,-0.2434603879822282,0.9593349259770644,-1.2261981802467692,86.57,-0.35219894596846213
2021-11-09,russia_ukraine_war,2022-02-24,3199,-3.195765900218702,3.195765900218702,3.897422815069488,1.6585339190090909,0.7161880163290439,3.1101984373475084,0.6644745980442717,0.9136041712933972,-0.1401328070245361,0.8478813185457555,-0.9010911430323386,86.57,-0.35219894596846213
2021-11-10,russia_ukraine_war,2022-02-24,2862,-2.706944268974211,2.706944268974211,3.4597441795471138,1.2868565434226762,0.689265755616511,3.1454658819158547,-0.3133792952463938,0.1644432952693024,-0.4826936815664178,-0.1391014944870048,-0.781150920402286,86.57,-0.35219894596846213
2021-11-11,russia_ukraine_war,2022-02-24,2914,-2.8087772393122945,2.8087772393122945,3.4155015307543115,1.3545096782610666,0.6879706770150569,3.1735944022865668,-0.1096694752514544,0.0887145325717964,-0.4203403650666605,-0.1865796886405415,-0.685489297145771,86.57,-0.35219894596846213
2021-11-12,russia_ukraine_war,2022-02-24,2779,-3.023840703632222,3.023840703632222,3.497106489141856,1.4041433019324112,0.6972016348824954,3.200455472407829,0.3205501231620095,0.2283951958524178,-0.3745949453872607,0.1518315933938129,-0.5941381156281493,86.57,-0.35219894596846213
2021-11-13,russia_ukraine_war,2022-02-24,1643,-3.3856557959515183,3.3856557959515183,3.91903240076082,1.014560990351587,0.725683296673199,3.270632982907078,1.044336212118425,0.9505926254538656,-0.7336581171786969,1.1959827876116906,-0.3554730709694447,86.57,-0.35219894596846213
2021-11-14,russia_ukraine_war,2022-02-24,1567,-3.124285511760915,3.124285511760915,3.864526381896595,0.8985907497810078,0.7086819029115337,3.328139968930913,0.5214830205859983,0.8572963721602296,-0.8405434689384345,0.5727036499665165,-0.1598989149481504,86.57,-0.35219894596846213
2021-11-15,russia_ukraine_war,2022-02-24,1883,-2.8807319059835206,2.8807319059835206,3.4659781402998897,0.9702024223163932,0.7036620400935174,3.345266694439859,0.0342708629978125,0.1751137715494056,-0.7745417190809832,0.3886731044611828,-0.1016530370398178,86.57,-0.35219894596846213
2021-11-16,russia_ukraine_war,2022-02-24,2836,-3.239716028171605,3.239716028171605,3.8443973505300426,1.528976584593436,0.722814806550608,3.401111866334292,0.7523937918409016,0.8228421366819892,-0.2595408654534871,1.0908225828063962,0.0882694943999439,86.57,-0.35219894596846213
2021-11-17,russia_ukraine_war,2022-02-24,2490,-3.08396134709495,3.08396134709495,3.676613876226144,1.310565805043892,0.707227947165353,3.428807821392569,0.4408173157727315,0.5356523942769158,-0.4608417585568677,0.5194009445320312,0.182460016460713,86.57,-0.35219894596846213
2021-11-18,russia_ukraine_war,2022-02-24,3299,-3.438119293419611,3.438119293419611,4.012493802854809,1.827550600564265,0.7242856179294537,3.493444090176131,1.149285813313877,1.1105675938084592,0.0156434280889348,1.1447432237077704,0.4022799825161608,86.57,-0.35219894596846213
2021-11-19,russia_ukraine_war,2022-02-24,2034,-2.7783491594647174,2.7783491594647174,3.392846052185922,0.9987089724821844,0.6798527805034745,3.482806741939034,-0.1705387462543789,0.0499358561788239,-0.7482683180176058,-0.484185614846453,0.366103675120872,86.57,-0.35219894596846213
2021-11-20,russia_ukraine_war,2022-02-24,1148,-2.9119369394109897,2.9119369394109897,3.344800051337609,0.6360911898280479,0.6915860415014589,3.470805684176148,0.0966943759459416,-0.0323029856646143,-1.0824793109639823,-0.0540387163563437,0.3252895600781122,86.57,-0.35219894596846213
2021-11-21,russia_ukraine_war,2022-02-24,1532,-3.7884191605272224,3.7884191605272224,4.276902271895447,1.0683962035534418,0.727864699218704,3.560978292266092,1.85003648999384,1.5631473274713965,-0.6840402525279918,1.275954036820978,0.6319554617847372,86.57,-0.35219894596846213
2021-11-22,russia_ukraine_war,2022-02-24,1612,-3.208723281790568,3.208723281790568,3.9308799194316255,0.9458258489807772,0.7050528869778417,3.6063306983415298,0.6903949444590661,0.970871653822567,-0.7970086778701967,0.4396622091669865,0.7861933927738961,86.57,-0.35219894596846213
2021-11-23,russia_ukraine_war,2022-02-24,2047,-2.5663872955146463,2.5663872955146463,3.168236045242912,0.9274648641031482,0.6868007751548402,3.5640727749878502,-0.5945538074640075,-0.3345220906075719,-0.8139312979979544,-0.2294688442466833,0.6424794152810924,86.57,-0.35219894596846213
2021-11-24,russia_ukraine_war,2022-02-24,2344,-2.134011118394608,2.134011118394608,2.658488535873041,0.863107967156722,0.653101167890514,3.4749351664126027,-1.4594924704412489,-1.2070410112874714,-0.8732465976337909,-1.464912387825482,0.3393334190775179,86.57,-0.35219894596846213
2021-11-25,russia_ukraine_war,2022-02-24,2270,-3.2980507598678708,3.2980507598678708,3.975291783262398,1.2990883668837452,0.7115545138297913,3.5313604909326712,0.8690883913782307,1.0468900566253774,-0.471420075968405,0.6780149250902539,0.5312289779347705,86.57,-0.35219894596846213
2021-11-26,russia_ukraine_war,2022-02-24,2242,-3.367769819601848,3.367769819601848,4.020052891170917,1.3129985170098863,0.7173265211399945,3.585720887503001,1.0085565524411255,1.123506249628568,-0.4585996206347929,0.8896194434737347,0.7161019719014281,86.57,-0.35219894596846213
2021-11-27,russia_ukraine_war,2022-02-24,1469,-3.0612010254876587,3.0612010254876587,3.682912043416968,0.8322166358759542,0.7030745151331357,3.6003026504207924,0.3952868652491422,0.5464327707154242,-0.9017179605802356,0.3671341614906703,0.7656927463991151,86.57,-0.35219894596846213
2021-11-28,russia_ukraine_war,2022-02-24,1511,-3.233489955394117,3.233489955394117,3.7189826523650367,0.9009867526402988,0.7035344441580036,3.622323664106063,0.7399389635022342,0.6081737075697115,-0.8383351644012305,0.3839953771072409,0.8405834938370887,86.57,-0.35219894596846213
2021-11-29,russia_ukraine_war,2022-02-24,1816,-2.3956521048380006,2.3956521048380006,3.0173706472368336,0.782333519718378,0.6674815076544883,3.5629195785102654,-0.9360977577589928,-0.5927536892257311,-0.9476933279774384,-0.937722329599538,0.6385575365073222,86.57,-0.35219894596846213
2021-11-30,russia_ukraine_war,2022-02-24,2262,-2.3888259228773188,2.3888259228773188,2.836476660186584,0.9382059952540128,0.6612595498369487,3.492784893628114,-0.9497530630481008,-0.902384287585446,-0.8040316067003502,-1.1658222464266452,0.4000381364824096,86.57,-0.35219894596846213
2021-12-01,russia_ukraine_war,2022-02-24,1994,-2.693622207066795,2.693622207066795,3.215998123397477,0.9522104842697404,0.6845218488973356,3.466057557038816,-0.3400291594712249,-0.2527692303878819,-0.7911242028069312,-0.3130153588705098,0.3091417661878063,105.35,0.03285660213069173
2021-12-02,russia_ukraine_war,2022-02-24,2569,-2.763143843728893,2.763143843728893,3.346775081240126,1.2044155755333013,0.6801641501146043,3.4572216286863964,-0.200955929620704,-0.0289223885509871,-0.5586763803080511,-0.4727706576120961,0.279091865303194,105.35,0.03285660213069173
2021-12-03,russia_ukraine_war,2022-02-24,2395,-2.9079540882171533,2.9079540882171533,3.359897468855206,1.1971034113800951,0.7038770454255787,3.451522083843141,0.0887269573675637,-0.0064612067537353,-0.5654157233825766,0.3965553016407135,0.2597084173171861,105.35,0.03285660213069173
2021-12-04,russia_ukraine_war,2022-02-24,2369,-3.0885845216025314,3.0885845216025314,3.3380872769799623,1.260127225979229,0.7104710170189836,3.4370775569937067,0.4500656568907198,-0.0437930322654144,-0.5073290749499623,0.6382934194685086,0.2105843657361439,105.35,0.03285660213069173
2021-12-05,russia_ukraine_war,2022-02-24,1729,-2.8921469924983065,2.8921469924983065,3.4016385615135656,0.9056091028862212,0.7074521826080585,3.436832010568946,0.0571059547312023,0.0649857202931322,-0.8340749203113559,0.5276215219339933,0.2097492926762083,105.35,0.03285660213069173
2021-12-06,russia_ukraine_war,2022-02-24,2604,-2.2168159020550764,2.2168159020550764,2.7573347637375782,0.9769238748322908,0.6576778717689387,3.3623481193701843,-1.2938472229522278,-1.0378490045305215,-0.7683468124138642,-1.297128258677564,-0.0435612208037028,105.35,0.03285660213069173
2021-12-07,russia_ukraine_war,2022-02-24,3398,-2.2828873803815424,2.2828873803815424,2.738352561869564,1.2415538774471,0.6576727646616979,3.293547604188091,-1.1616757964289817,-1.0703402477079167,-0.5244474225660876,-1.2973154876448778,-0.277543274479602,105.35,0.03285660213069173
2021-12-08,russia_ukraine_war,2022-02-24,3811,-2.491634158289904,2.491634158289904,2.836972523174322,1.478987190176474,0.6619327827392872,3.244450842860384,-0.7440922926673037,-0.9015355343676008,-0.3056141854726986,-1.141141209760694,-0.4445152951670615,105.35,0.03285660213069173
2021-12-09,russia_ukraine_war,2022-02-24,3411,-2.298920996783924,2.298920996783924,2.657340354694279,1.253960346879562,0.6540149647476398,3.1815528529006416,-1.1296016548189198,-1.2090063172172183,-0.5130128524310184,-1.4314121627806125,-0.6584235896604278,105.35,0.03285660213069173
2021-12-10,russia_ukraine_war,2022-02-24,3071,-2.736124503347404,2.736124503347404,3.173270194860649,1.375301896999263,0.6740109125618862,3.1789362028493624,-0.2550062528826257,-0.3259052936438383,-0.4011769693302777,-0.6983512570233995,-0.6673224932678938,105.35,0.03285660213069173
2021-12-11,russia_ukraine_war,2022-02-24,1578,-2.4623364684148537,2.4623364684148537,2.766246439504396,0.7125210176193407,0.6599410770692365,3.131300972052338,-0.8027002966457765,-1.0225951669372293,-1.0120368509999822,-1.2141580817815798,-0.8293240291533994,105.35,0.03285660213069173
2021-12-12,russia_ukraine_war,2022-02-24,1440,-2.6529678982210028,2.6529678982210028,2.9890733950675044,0.7087383679807192,0.6766147979161505,3.1122435297970954,-0.4213552949016256,-0.6411892136121292,-1.015523175036379,-0.6028915881936469,-0.8941360362276156,105.35,0.03285660213069173
2021-12-13,russia_ukraine_war,2022-02-24,2082,-2.950158608649645,2.950158608649645,3.459715080563381,1.0814149563757691,0.6969199199202939,3.146956097158973,0.1731541839498009,0.1643934874459923,-0.672041364123163,0.1415037896170058,-0.7760828824365655,105.35,0.03285660213069173
2021-12-14,russia_ukraine_war,2022-02-24,2636,-2.9538754813389034,2.9538754813389034,3.486577286559247,1.3146462322606791,0.6995921113736192,3.1789421566607388,0.1805895309102124,0.2103726880340776,-0.4570809842733058,0.2394675923498627,-0.6673022450908366,105.35,0.03285660213069173
2021-12-15,russia_ukraine_war,2022-02-24,2434,-3.152646303081102,3.152646303081102,3.882689143015142,1.3151112742300468,0.7062328588219475,3.250454904882924,0.5782168237498315,0.8883850041523925,-0.4566523728102759,0.4829205351460092,-0.4240962218692355,105.35,0.03285660213069173
2021-12-16,russia_ukraine_war,2022-02-24,2302,-3.0230821189430404,3.0230821189430404,3.5403726426753166,1.2046224064320772,0.7023431342450966,3.2768393920158445,0.3190326269132887,0.3024525220562311,-0.5584857521498127,0.3403213921626055,-0.3343658402259172,105.35,0.03285660213069173
2021-12-17,russia_ukraine_war,2022-02-24,2173,-2.2031446415103124,2.2031446415103124,2.663878604945592,0.8369434972025613,0.6595693246249564,3.211517594380933,-1.321195634919705,-1.197814998088533,-0.8973613926096239,-1.2277867022427351,-0.5565172052261032,105.35,0.03285660213069173
2021-12-18,russia_ukraine_war,2022-02-24,1974,-2.7110385114902966,2.7110385114902966,3.261848495029506,0.9502579631255016,0.6874705560990905,3.2160925849084365,-0.3051890460255525,-0.1742885786263794,-0.7929237671459676,-0.2049143579971628,-0.540958227559441,105.35,0.03285660213069173
2021-12-19,russia_ukraine_war,2022-02-24,1456,-2.67918045234857,2.67918045234857,3.071065394098649,0.7227109608164233,0.6850939225233645,3.1949306379548443,-0.3689188917877186,-0.5008460649276439,-1.0026451686367033,-0.2920428691264719,-0.6129273951576316,105.35,0.03285660213069173
2021-12-20,russia_ukraine_war,2022-02-24,1772,-2.725303167087265,2.725303167087265,3.4153666302387524,0.8715267772603,0.6853845346106135,3.214127317730608,-0.2766535882626993,0.088483627564766,-0.8654873011548659,-0.2813888925367265,-0.5476418584751865,105.35,0.03285660213069173
2021-12-21,russia_ukraine_war,2022-02-24,2153,-2.1734964370341667,2.1734964370341667,2.6214828011889035,0.8193486947008229,0.6619766224455904,3.151843424135917,-1.3805048191353606,-1.270382573712138,-0.913577851636428,-1.1395340253896769,-0.7594616870861495,105.35,0.03285660213069173
2021-12-22,russia_ukraine_war,2022-02-24,2035,-3.0943539540574463,3.0943539540574463,3.762102325261772,1.1127597869436825,0.7013090517003218,3.2189640156481856,0.461607007820205,0.6819803074340979,-0.6431520281640657,0.3024114369085555,-0.5311928463018097,105.35,0.03285660213069173
2021-12-23,russia_ukraine_war,2022-02-24,2048,-2.9155888446738936,2.9155888446738936,3.337957745595588,1.05409451561281,0.6851572730482247,3.2273437147418003,0.103999760059504,-0.0440147470979761,-0.697221573345914,-0.2897204089177537,-0.5026945247715032,105.35,0.03285660213069173
2021-12-24,russia_ukraine_war,2022-02-24,1757,-3.1926405712000534,3.1926405712000534,3.8600946746943103,1.013571462032994,0.7098090727390186,3.289735442320288,0.6582225933182958,0.8497107570982029,-0.7345701277245807,0.6140262290387434,-0.2905079661016448,105.35,0.03285660213069173
2021-12-25,russia_ukraine_war,2022-02-24,1524,-3.3871959750146203,3.3871959750146203,3.8414590848746895,0.95089535420277,0.7158670969372245,3.3457833817858043,1.0474172339001018,0.8178127989585977,-0.7923363080774414,0.836116261833885,-0.0998958471991219,105.35,0.03285660213069173
2021-12-26,russia_ukraine_war,2022-02-24,1158,-2.8049544322797435,2.8049544322797435,3.175206808193136,0.6175121320178589,0.7070093484538439,3.3257227251613486,-0.117316736545031,-0.3225904529755145,-1.0996029206041469,0.5113870123621322,-0.1681196624228025,105.35,0.03285660213069173
2021-12-27,russia_ukraine_war,2022-02-24,1752,-2.688870180099663,2.688870180099663,3.103882836552475,0.8515566553204742,0.6819745288196276,3.3040164994150407,-0.3495352610301963,-0.4446734717458103,-0.8838930015976798,-0.4064013179040558,-0.241939854963972,105.35,0.03285660213069173
2021-12-28,russia_ukraine_war,2022-02-24,2262,-3.2927408438909938,3.2927408438909938,4.1603095274656345,1.2932165424742592,0.6981070168054511,3.3969566623296137,0.8584662714081787,1.3635791615479158,-0.4768319127843971,0.1850233229714029,0.0741381588440452,105.35,0.03285660213069173
2021-12-29,russia_ukraine_war,2022-02-24,2066,-2.7005246026153604,2.7005246026153604,3.4470574875397766,0.9835322727697444,0.6890377878943533,3.4032427689847866,-0.3262213941662947,0.1427278800612445,-0.7622561038438224,-0.1474588990192012,0.0955164310984063,105.35,0.03285660213069173
2021-12-30,russia_ukraine_war,2022-02-24,2454,-2.6282755854494178,2.6282755854494178,3.118169391381099,1.1037282128218024,0.6916022044216604,3.373472957493701,-0.4707505602391543,-0.4202196212214312,-0.6514760858896663,-0.0534461760560433,-0.0057270205210004,105.35,0.03285660213069173
2021-12-31,russia_ukraine_war,2022-02-24,2731,-2.410481777032444,2.410481777032444,2.665573232587957,1.1038099015778084,0.6744885447664839,3.298848583027274,-0.9064320233383576,-1.1949143567822154,-0.651400796475955,-0.6808410344636181,-0.2595153002413019,105.35,0.03285660213069173
2022-01-01,russia_ukraine_war,2022-02-24,1319,-2.314191845622444,2.314191845622444,2.7225809201180367,0.572190988295683,0.656862675093896,3.2378226860887,-1.0990533770093152,-1.0973360752214307,-1.1413736918387742,-1.327013754405419,-0.4670568376165578,138.67,0.7160328993971349
2022-01-02,russia_ukraine_war,2022-02-24,984,-2.6883284958590483,2.6883284958590483,3.07886243221116,0.5108074131127499,0.6856001625652466,3.2201441312092367,-0.3506188629204616,-0.4875001178589915,-1.197948594101783,-0.2734838697191909,-0.5271794190503014,138.67,0.7160328993971349
2022-01-03,russia_ukraine_war,2022-02-24,1697,-2.125207234451598,2.125207234451598,2.4825506753864293,0.654858839343631,0.6465944973526444,3.144867291931256,-1.4771040318769264,-1.5081883623128265,-1.0651818835351263,-1.7034500076604435,-0.7831866510001692,138.67,0.7160328993971349
2022-01-04,russia_ukraine_war,2022-02-24,1888,-2.301266142822571,2.301266142822571,2.742523488438995,0.7767906236771013,0.6680570220886439,3.10465594550227,-1.1249103522298984,-1.063201002725447,-0.9528020040500634,-0.9166236982019368,-0.9199404731717784,138.67,0.7160328993971349
2022-01-05,russia_ukraine_war,2022-02-24,1788,-3.0786225887878307,3.0786225887878307,3.704246415307329,0.9921139491209272,0.7040299810241213,3.169404508031706,0.4301374987141786,0.5829501499924152,-0.7543466997503976,0.4021619930279686,-0.6997386099574909,138.67,0.7160328993971349
2022-01-06,russia_ukraine_war,2022-02-24,2760,-3.7097835678106215,3.7097835678106215,4.361901016815979,1.71323242157718,0.722847842369679,3.29806758628225,1.692731420876128,1.708637029361036,-0.0897192814600792,1.0920336915608089,-0.2621713736999275,138.67,0.7160328993971349
2022-01-07,russia_ukraine_war,2022-02-24,2653,-3.8573926404557537,3.8573926404557537,4.526853915845545,1.7256896621202436,0.7319753996537058,3.428421378282618,1.9880131701792256,1.9909817643107188,-0.0782379175269702,1.4266542592946574,0.1811457711784493,138.67,0.7160328993971349
2022-01-08,russia_ukraine_war,2022-02-24,2352,-4.124244608456417,4.124244608456417,4.600780617033641,1.6727444077112217,0.7503120651425305,3.555788507591232,2.5218320913619725,2.1175197941086443,-0.1270355410696499,2.0988850900946825,0.6143056451642438,138.67,0.7160328993971349
2022-01-09,russia_ukraine_war,2022-02-24,2539,-3.1677952526466977,3.1677952526466977,3.5247424718873672,1.3677006198279642,0.7047114482507997,3.5556421337055872,0.6085212504877978,0.2756988459807906,-0.4081827768571067,0.4271449039193843,0.6138078456597341,138.67,0.7160328993971349
2022-01-10,russia_ukraine_war,2022-02-24,2934,-3.047531612124542,3.047531612124542,3.687523511645266,1.477639211003308,0.7031553209134938,3.5700883423728293,0.3679421484409009,0.5543260771217227,-0.3068565665126944,0.3700965396229789,0.6629376168953953,138.67,0.7160328993971349
2022-01-11,russia_ukraine_war,2022-02-24,2621,-2.8776178556166165,2.8776178556166165,3.3590256005875228,1.2748190571509457,0.6837002055556896,3.5482776646733414,0.0280414204352404,-0.0079535564874973,-0.4937881739821156,-0.3431371924455751,0.5887621961636976,138.67,0.7160328993971349
2022-01-12,russia_ukraine_war,2022-02-24,2264,-2.839035667223017,2.839035667223017,3.4815984640957183,1.1158400554296946,0.6858307966754958,3.539394723431797,-0.0491395812244126,0.2018505928354076,-0.6403130620722306,-0.2650287141382498,0.558552410250352,138.67,0.7160328993971349
2022-01-13,russia_ukraine_war,2022-02-24,2875,-3.2569612693736545,3.2569612693736545,4.055483217891118,1.5539222264182848,0.701509272343327,3.593848268344517,0.7868917051333807,1.1841512353538737,-0.2365494179217501,0.3097516203935403,0.7437421902235001,138.67,0.7160328993971349
2022-01-14,russia_ukraine_war,2022-02-24,3126,-3.1872003787151213,3.1872003787151213,3.725623123049361,1.6245050954345062,0.7088787536095107,3.612889232382243,0.6473398641966364,0.6195399942269144,-0.1714958770659917,0.579920289672646,0.8084981569153823,138.67,0.7160328993971349
2022-01-15,russia_ukraine_war,2022-02-24,1930,-3.07743581542818,3.07743581542818,3.6726877054314087,1.0583364805751094,0.7123675229209031,3.621137937085243,0.4277634406201577,0.5289320901238611,-0.6933119158776093,0.7078202229563875,0.8365509827040519,138.67,0.7160328993971349
2022-01-16,russia_ukraine_war,2022-02-24,1580,-4.821517806918347,4.821517806918347,5.385378619140274,1.396727462675886,0.7845659102575591,3.810342788013457,3.9166789398276576,3.4604917348875808,-0.3814298418540399,3.3546472554570093,1.4800133095261063,138.67,0.7160328993971349
2022-01-17,russia_ukraine_war,2022-02-24,2216,-3.2169794384770607,3.2169794384770607,3.7625054740783086,1.2421423117230903,0.7096466250154656,3.8074761290757015,0.7069108153687691,0.6826703646954132,-0.5239050851158306,0.6080708186489883,1.470264156577627,138.67,0.7160328993971349
2022-01-18,russia_ukraine_war,2022-02-24,2434,-2.700755758878526,2.700755758878526,3.1426188076066737,1.1266073025609258,0.6822791337012122,3.743868367807994,-0.3257589820358836,-0.3783703176657112,-0.6303893006706557,-0.3952343588548147,1.2539420175390803,138.67,0.7160328993971349
2022-01-19,russia_ukraine_war,2022-02-24,3041,-2.4637986426539378,2.4637986426539378,2.8758500626540844,1.2288912700243186,0.6650517997293541,3.652172213791645,-0.7997753181240249,-0.8349900620267849,-0.5361180653268546,-1.0267965714844545,0.9420947243299872,138.67,0.7160328993971349
2022-01-20,russia_ukraine_war,2022-02-24,4540,-3.1474481155325784,3.1474481155325784,3.6032878930360144,2.126864917672605,0.7072512944991093,3.648749066072378,0.567818208779709,0.4101425947490438,0.2915100289810843,0.5202568688317647,0.9304530217748505,138.67,0.7160328993971349
2022-01-21,russia_ukraine_war,2022-02-24,4637,-3.087618861818629,3.087618861818629,3.531535974741012,2.11867223885685,0.7046817673408323,3.63521329323125,0.4481339212249325,0.2873270730315229,0.2839591490935533,0.4260567877197178,0.884419530323878,138.67,0.7160328993971349
2022-01-22,russia_ukraine_war,2022-02-24,2982,-2.5415473988757906,2.5415473988757906,2.8369018008956206,1.24823118749874,0.6731717865403749,3.5498344816328307,-0.6442443041292295,-0.9016565874873242,-0.5182932003262534,-0.7291140139123344,0.5940567383399397,138.67,0.7160328993971349
2022-01-23,russia_ukraine_war,2022-02-24,3145,-2.983580413757092,2.983580413757092,3.439537986424096,1.5279533789879602,0.694895673077335,3.540264599666001,0.2400121954537401,0.1298569844179959,-0.2604839150714384,0.0672939428040235,0.5615107518730017,138.67,0.7160328993971349
2022-01-24,russia_ukraine_war,2022-02-24,4398,-3.157619964605336,3.157619964605336,3.497717922901584,2.08484761591394,0.7210634845345384,3.538184884201188,0.5881662899242321,0.2294417679578212,0.2527842829933739,1.026618289251585,0.5544378964702386,138.67,0.7160328993971349
2022-01-25,russia_ukraine_war,2022-02-24,5100,-3.1776908894452607,3.1776908894452607,3.595461595030624,2.334233663920608,0.7138743549956755,3.5407931855213404,0.6283167880654411,0.3967465644339101,0.482633900740272,0.7630613996096745,0.5633084070744054,138.67,0.7160328993971349
2022-01-26,russia_ukraine_war,2022-02-24,4499,-3.0311296053199235,3.0311296053199235,3.654475143521304,2.034787105043796,0.7038019339394989,3.5533068442454003,0.3351310672887779,0.4977582156693029,0.2066454176491123,0.3938016790302743,0.6058658146680181,138.67,0.7160328993971349
2022-01-27,russia_ukraine_war,2022-02-24,4173,-2.754699456830404,2.754699456830404,3.1824759769535027,1.7498508109106068,0.686863499122862,3.5165788902998565,-0.2178483420618593,-0.3101480434208795,-0.0559695073324976,-0.2271693539080438,0.4809585800528788,138.67,0.7160328993971349
2022-01-28,russia_ukraine_war,2022-02-24,4623,-2.970112283781282,2.970112283781282,3.35263164685292,2.0335855181649887,0.7006185043299092,3.50397844246688,0.2130701321521201,-0.0188978877668982,0.2055379608086396,0.2770956436525737,0.438106013420308,138.67,0.7160328993971349
2022-01-29,russia_ukraine_war,2022-02-24,2863,-3.1910193946873084,3.1910193946873084,3.626163136285888,1.517403256682832,0.7123526634038537,3.521186939927948,0.6549795417359362,0.4492974354962656,-0.2702075607942013,0.7072754660322084,0.496629987637076,138.67,0.7160328993971349
2022-01-30,russia_ukraine_war,2022-02-24,3560,-3.283763745787775,3.283763745787775,3.543390275240135,1.85090797398707,0.710188696021513,3.5259726260511,0.8405082070149643,0.3076177096443347,0.0371710291544913,0.6279433981520579,0.5129055149987464,138.67,0.7160328993971349
2022-01-31,russia_ukraine_war,2022-02-24,3438,-2.946870391327979,2.946870391327979,3.3676002785635792,1.6171788176119737,0.6989258359619099,3.515023073122869,0.1665763324300332,0.006723452493076,-0.1782482281717428,0.2150416205815539,0.4756674380134287,138.67,0.7160328993971349
2022-02-01,russia_ukraine_war,2022-02-24,3836,-2.5889408598334245,2.5889408598334245,2.9691652252810656,1.5443381445802178,0.6777651475495018,3.4616889161491056,-0.5494369606081285,-0.6752654072089319,-0.245382700956396,-0.5607192264733815,0.2942845581503159,216.16,2.3048483638382122
2022-02-02,russia_ukraine_war,2022-02-24,4257,-2.6611075178189925,2.6611075178189925,3.152822640931705,1.7154666059646095,0.6840385623365401,3.4277570537074875,-0.4050725483841781,-0.3609047342623522,-0.0876601188423972,-0.3307328728032368,0.178886485357915,216.16,2.3048483638382122
2022-02-03,russia_ukraine_war,2022-02-24,3386,-2.5699684770084623,2.5699684770084623,2.957872870529748,1.3938735741264596,0.6805639028601932,3.373014897269873,-0.5873899013631398,-0.6945941788035864,-0.384060162184391,-0.4581155328596926,-0.0072848267611848,216.16,2.3048483638382122
2022-02-04,russia_ukraine_war,2022-02-24,2843,-2.26633607144238,2.26633607144238,2.700127226865164,1.0716956690208856,0.6527544803182145,3.295638041610708,-1.1947855461837376,-1.1357693619803828,-0.6809992609307361,-1.4776221182231364,-0.2704339550227584,216.16,2.3048483638382122
2022-02-05,russia_ukraine_war,2022-02-24,2363,-2.623094620260045,2.623094620260045,3.013689628921276,1.067982993712129,0.6909374763648567,3.2586784986320945,-0.4811147230699465,-0.5990543735226751,-0.6844210922936248,-0.077815421061554,-0.3961287953327541,216.16,2.3048483638382122
2022-02-06,russia_ukraine_war,2022-02-24,2955,-2.986855807621791,2.986855807621791,3.260754845037818,1.4564223664997158,0.7283248628128108,3.257428262979337,0.2465643945340111,-0.1761605452231928,-0.3264113236369409,1.2928238518568085,-0.4003806923546991,216.16,2.3048483638382122
2022-02-07,russia_ukraine_war,2022-02-24,3959,-2.392598830841944,2.392598830841944,2.729891270318338,1.461438720603388,0.6684193103120211,3.199386044651845,-0.9422056213916358,-1.0848231766798693,-0.3217879412046513,-0.9033420405560412,-0.5977751073271346,216.16,2.3048483638382122
2022-02-08,russia_ukraine_war,2022-02-24,3716,-2.468009351058152,2.468009351058152,2.9259216203474607,1.437268478815504,0.6717260266130346,3.1696477877479405,-0.791352086942356,-0.7492841376773127,-0.3440647320684559,-0.7821162567511798,-0.6989112456932619,216.16,2.3048483638382122
2022-02-09,russia_ukraine_war,2022-02-24,3363,-2.3316194881375614,2.3316194881375614,2.768430800461761,1.2579605559978166,0.6640718777473407,3.1255876243140506,-1.0641905824948847,-1.0188562643828036,-0.5093260121122131,-1.062720974887548,-0.848754419080436,216.16,2.3048483638382122
2022-02-10,russia_ukraine_war,2022-02-24,4081,-2.590573324554303,2.590573324554303,2.9448804382893203,1.618600235148022,0.6731368754854308,3.101383607649872,-0.5461713277454692,-0.7168329200373355,-0.1769381617910014,-0.7303938697009184,-0.9310692899982076,216.16,2.3048483638382122
2022-02-11,russia_ukraine_war,2022-02-24,4071,-2.543055770885215,2.543055770885215,2.876999602117788,1.5860140922328436,0.6875422088934602,3.074258688125483,-0.6412269101604086,-0.8330224311630476,-0.2069715680411349,-0.2022875326609176,-1.023317790744345,216.16,2.3048483638382122
2022-02-12,russia_ukraine_war,2022-02-24,4573,-2.8998466594098664,2.8998466594098664,3.2533569510313742,1.9698856703724368,0.7139900151127351,3.0898527625105188,0.0725086063023729,-0.1888232897685966,0.1468282383414781,0.7673015542129611,-0.9702842699904914,216.16,2.3048483638382122
2022-02-13,russia_ukraine_war,2022-02-24,4252,-3.334518831748969,3.334518831748969,3.6390057799410673,2.1477156179866586,0.7220237813923785,3.13512372935148,0.9420402490506248,0.4712797882782243,0.3107273249575306,1.0618232263190126,-0.8163233037781571,216.16,2.3048483638382122
2022-02-14,russia_ukraine_war,2022-02-24,6179,-3.019912646588492,3.019912646588492,3.4041957266355936,2.533701149492209,0.6939345097533306,3.160052165367208,0.3126923164943688,0.0693627401142398,0.6664754816066637,0.0320572406771407,-0.7315447721283478,216.16,2.3048483638382122
2022-02-15,russia_ukraine_war,2022-02-24,6862,-3.040798458673444,3.040798458673444,3.484670109062238,2.7363397101063383,0.710329388114149,3.1944029362661714,0.3544729402564818,0.2071082317676949,0.8532397215079027,0.6331012368211081,-0.6147220434174175,216.16,2.3048483638382122
2022-02-16,russia_ukraine_war,2022-02-24,5999,-3.0222969141444804,3.0222969141444804,3.430008980782556,2.4852879895302813,0.7042629076430771,3.2210238804548066,0.3174618789753394,0.1135464825230748,0.6218549168232196,0.4107011930625401,-0.5241875005355424,216.16,2.3048483638382122
2022-02-17,russia_ukraine_war,2022-02-24,6574,-3.05757755884711,3.05757755884711,3.470402917718112,2.674327727905742,0.7055312700060064,3.245227927597563,0.3880383706343507,0.1826875251160847,0.796085640441774,0.4571999572738992,-0.4418725259638923,216.16,2.3048483638382122
2022-02-18,russia_ukraine_war,2022-02-24,6177,-3.4891791736138265,3.4891791736138265,3.933294793507624,2.9267735239467174,0.7280993935351803,3.316253325171174,1.2514275751498944,0.975005118496034,1.0287553113620909,1.284558041482842,-0.2003239220989892,216.16,2.3048483638382122
2022-02-19,russia_ukraine_war,2022-02-24,6134,-4.091268647130341,4.091268647130341,4.573767260543124,3.415612138592788,0.7557271640058059,3.451596549156444,2.455865959532635,2.0712818739309014,1.4792992355888326,2.29740517598175,0.2599616646495363,216.16,2.3048483638382122
2022-02-20,russia_ukraine_war,2022-02-24,4475,-4.001784637166657,4.001784637166657,4.408971752655568,2.67593292266366,0.7604301865958485,3.5526877624275217,2.2768593813919,1.7892065404924116,0.7975650872851952,2.4698202088514094,0.6037603938763676,216.16,2.3048483638382122
2022-02-21,russia_ukraine_war,2022-02-24,7202,-3.53381656849668,3.53381656849668,4.040833413621028,3.282393973795562,0.7214814311993261,3.604501680013563,1.3407215989463164,1.1590756220846463,1.3565171292908609,1.0419404116882705,0.7799731273666415,216.16,2.3048483638382122
2022-02-22,russia_ukraine_war,2022-02-24,13734,-3.559471036316892,3.559471036316892,3.913588310768768,4.863217332296784,0.7324165080331341,3.6371671962186194,1.3920415889689075,0.9412741463310916,2.8135017825267914,1.442825501146488,0.8910645130316093,216.16,2.3048483638382122
2022-02-23,russia_ukraine_war,2022-02-24,12150,-3.592801186858657,3.592801186858657,4.056490139286892,4.585997714612733,0.7355784373889693,3.6813196162441937,1.458716251847989,1.185874751316779,2.557999024189177,1.5587433270510695,1.0412214396912742,216.16,2.3048483638382122
2022-02-24,russia_ukraine_war,2022-02-24,26965,-4.251835704137148,4.251835704137148,4.719523758489538,8.109267448524882,0.7595887605757758,3.793628368830914,2.777069261089883,2.320768727584186,5.805262485925705,2.4389731329272224,1.4231696345044829,216.16,2.3048483638382122
2022-02-25,russia_ukraine_war,2022-02-24,26543,-3.551148363229533,3.551148363229533,3.961988375611991,6.725248157897172,0.7337543306864852,3.813829538867527,1.3753926565958876,1.0241190284768606,4.529664642951718,1.491870712462222,1.4918713184862469,216.16,2.3048483638382122
2022-02-26,russia_ukraine_war,2022-02-24,17044,-3.365693100653286,3.365693100653286,3.686290957384335,5.154214538956822,0.7196851414818034,3.8014077362978287,1.0044022196961702,0.5522163524175125,3.081702819637082,0.9760875809266616,1.449626302327253,216.16,2.3048483638382122
2022-02-27,russia_ukraine_war,2022-02-24,16751,-3.163497915289513,3.163497915289513,3.4468332899768366,4.801659917510095,0.7100012440816466,3.765417056217884,0.599924724072206,0.1423441280820003,2.7567666589250512,0.6210713213642521,1.3272264450586042,216.16,2.3048483638382122
2022-02-28,russia_ukraine_war,2022-02-24,23205,-3.351296956194762,3.351296956194762,3.748339245764847,5.968132678208212,0.7258567771449836,3.765811904134474,0.975603727552312,0.6584224733159221,3.831860154738671,1.202342663770552,1.3285692740500576,216.16,2.3048483638382122
2022-03-01,russia_ukraine_war,2022-02-24,24886,-3.0874049103064403,3.0874049103064403,3.4913668522306027,5.678767179986005,0.7101078763615243,3.741251254707116,0.4477059260099164,0.2185708382815652,3.5651630011202906,0.6249805111859235,1.245041539157125,318.95,4.412402133226498
2022-03-02,russia_ukraine_war,2022-02-24,26056,-3.050007835179858,3.050007835179858,3.4451046515389123,5.72826356201403,0.7058249350998814,3.713250720270451,0.3728956615436913,0.1393852715571927,3.6107819304065503,0.467965858530751,1.1498151802530754,318.95,4.412402133226498
2022-03-03,russia_ukraine_war,2022-02-24,22534,-3.013823235613312,3.013823235613312,3.4380856378616014,5.293795570281021,0.7054486966724947,3.6883861845342087,0.3005108706472069,0.1273710446597718,3.2103493375598777,0.4541727798068553,1.0652539655606308,318.95,4.412402133226498
2022-03-04,russia_ukraine_war,2022-02-24,21859,-3.0769666156894613,3.0769666156894613,3.394998475151588,5.327489507696894,0.7098863209307705,3.662884836442826,0.426824838966895,0.0536200914685092,3.2414037557894786,0.616858184289868,0.9785270307094416,318.95,4.412402133226498
2022-03-05,russia_ukraine_war,2022-02-24,16298,-3.4311168561690675,3.4311168561690675,3.838798544057547,5.134634461209062,0.7280067709731933,3.6850328668875343,1.1352779214975204,0.8132588341828441,3.063656608063704,1.2811624545462066,1.0538497464567491,318.95,4.412402133226498
2022-03-06,russia_ukraine_war,2022-02-24,15284,-3.4373087957819424,3.4373087957819424,3.9463837818767566,4.973789025303319,0.727498356939167,3.714954340616539,1.1476644687991515,0.9974091318452012,2.91541149870506,1.2625237555585296,1.155608982613518,318.95,4.412402133226498
2022-03-07,russia_ukraine_war,2022-02-24,20752,-3.266767212934606,3.266767212934606,3.801629913613128,5.517043715838296,0.7231727799615625,3.729540568987716,0.8065078175874327,0.7496384481634923,3.416108646587749,1.1039460573877964,1.205214943566581,318.95,4.412402133226498
2022-03-08,russia_ukraine_war,2022-02-24,22652,-2.939223039102824,2.939223039102824,3.268893707723063,5.175466509936232,0.7034594477570357,3.685369944426156,0.1512783327738101,-0.1622295076895903,3.101289951495617,0.3812459735714473,1.054996105528711,318.95,4.412402133226498
2022-03-09,russia_ukraine_war,2022-02-24,22047,-2.9331583098141465,2.9331583098141465,3.3571683271173205,5.099186124580341,0.7037590838362102,3.6558010826176304,0.1391462609348672,-0.0111325935869262,3.030985226929916,0.3922307739738918,0.9544360589577474,318.95,4.412402133226498
2022-03-10,russia_ukraine_war,2022-02-24,21672,-3.080616325303505,3.080616325303505,3.563810624662584,5.3120433953777,0.7086753944438785,3.6500200755504064,0.4341258308366432,0.3425705851571664,3.2271676626294177,0.5724650464635117,0.9347755680104936,318.95,4.412402133226498
2022-03-11,russia_ukraine_war,2022-02-24,20742,-3.0965390207323327,3.0965390207323327,3.501018433538378,5.22833896425981,0.7088824002696759,3.638566052093234,0.4659780827043044,0.2350911491231505,3.150020477973545,0.5800539779593179,0.8958218490700485,318.95,4.412402133226498
2022-03-12,russia_ukraine_war,2022-02-24,12523,-3.5224470183574725,3.5224470183574725,4.006826802002726,4.573308664135588,0.7281591087441348,3.679553160408964,1.31797759958548,1.1008675651156965,2.546304009872799,1.286747229290809,1.0352139415939003,318.95,4.412402133226498
2022-03-13,russia_ukraine_war,2022-02-24,14412,-3.2963326155453183,3.2963326155453183,3.616407060691376,4.622745737121681,0.7179575302566404,3.673113749127937,0.8656513623933106,0.4325982650416254,2.591868276275045,0.9127525361826464,1.0133142992436848,318.95,4.412402133226498
2022-03-14,russia_ukraine_war,2022-02-24,19019,-3.226797720032742,3.226797720032742,3.642907931602422,5.222015627658598,0.7151066829288435,3.671411454283108,0.7265516091286603,0.4779589796294546,3.1441924995750314,0.8082391245802508,1.0075250047492907,318.95,4.412402133226498
2022-03-15,russia_ukraine_war,2022-02-24,20207,-3.139259883368745,3.139259883368745,3.633832724163178,5.233759832466469,0.7113747264441289,3.66847733103555,0.5514382161836617,0.4624252299704844,3.155016685640798,0.6714238344852121,0.9975464140165804,318.95,4.412402133226498
2022-03-16,russia_ukraine_war,2022-02-24,19560,-2.6865118109782657,2.6865118109782657,3.092017767133552,4.408237866002153,0.6832326762551134,3.608964819929639,-0.3542530154824767,-0.4649825411829291,2.3941645451537026,-0.3602770377648453,0.7951517149199818,318.95,4.412402133226498
2022-03-17,russia_ukraine_war,2022-02-24,18089,-2.9134927083615305,2.9134927083615305,3.366315357011653,4.598461655758852,0.6969088768906411,3.5841250506263607,0.0998065842201006,0.0045240923293921,2.5694865638128,0.1410989469261364,0.7106747278068193,318.95,4.412402133226498
2022-03-18,russia_ukraine_war,2022-02-24,15977,-2.9968216535555645,2.9968216535555645,3.428982861922472,4.438554040720838,0.6972062813156591,3.565825771742349,0.2665003806348413,0.1117901068589801,2.4221058082128595,0.1520019338315426,0.6484411407074094,318.95,4.412402133226498
2022-03-19,russia_ukraine_war,2022-02-24,12606,-2.893654530588631,2.893654530588631,3.255332828836382,3.7708363230161694,0.7014543445938557,3.5274954301745494,0.0601216805024917,-0.1854412413267087,1.806695830774403,0.3077379431148874,0.5180843837209926,318.95,4.412402133226498
2022-03-20,russia_ukraine_war,2022-02-24,10056,-3.320621590720608,3.320621590720608,3.719821640936429,3.797990540931036,0.7182787462136717,3.542922223350732,0.9142397787420912,0.6096097781523393,1.8317228387318845,0.9245284651154702,0.5705490017466441,318.95,4.412402133226498
2022-03-21,russia_ukraine_war,2022-02-24,14436,-3.332313063809766,3.332313063809766,3.851410267060575,4.677385828154383,0.726889232851158,3.572724939382141,0.9376277627178208,0.8348459272833438,2.64222796615307,1.2401929783519476,0.671904357643218,318.95,4.412402133226498
2022-03-22,russia_ukraine_war,2022-02-24,14293,-3.2461330692606483,3.2461330692606483,3.878036980992777,4.53207369098925,0.7194145758809649,3.603059811509816,0.7652306390899722,0.8804220434473965,2.5082993063569234,0.9661685180115196,0.7750695106895804,318.95,4.412402133226498
2022-03-23,russia_ukraine_war,2022-02-24,15373,-3.0162996609652817,3.0162996609652817,3.685870603565872,4.377990355383468,0.7007875756194549,3.609294146261132,0.3054647884304732,0.5514968458907576,2.366286567179112,0.2832938771048334,0.7962717130939531,318.95,4.412402133226498
2022-03-24,russia_ukraine_war,2022-02-24,17329,-2.708709811200644,2.708709811200644,3.097866515415333,4.183380790884061,0.6834315479673321,3.549195789504019,-0.3098474500301919,-0.4549714210806327,2.186922347056889,-0.3529863067205968,0.5918846253031342,318.95,4.412402133226498
2022-03-25,russia_ukraine_war,2022-02-24,15725,-2.977593566113047,2.977593566113047,3.408028541910184,4.373567354928921,0.6994862489360051,3.5320198244503467,0.2280359204628751,0.0759232505337703,2.362210056195848,0.2355866253097414,0.5334712897854121,318.95,4.412402133226498
2022-03-26,russia_ukraine_war,2022-02-24,9503,-2.8302416979238494,2.8302416979238494,3.199013466977592,3.129025557633896,0.6895949247244005,3.496028201302071,-0.0667313091002366,-0.2818413372941355,1.215163304123129,-0.1270339992815589,0.4110682252578602,318.95,4.412402133226498
2022-03-27,russia_ukraine_war,2022-02-24,8544,-2.811005921577723,2.811005921577723,3.158642189993881,2.9112780907270994,0.6882021863538581,3.460698066323696,-0.10521115039253,-0.3509435935539841,1.0144737610074512,-0.178092446766867,0.2909148002870165,318.95,4.412402133226498
2022-03-28,russia_ukraine_war,2022-02-24,13137,-2.4605431171650345,2.4605431171650345,2.7797019712349424,3.28078379474422,0.6693707599143153,3.3872491625149257,-0.8062877718915196,-0.9995637527431254,1.355033088614114,-0.8684614480620354,0.0411241510755354,318.95,4.412402133226498
2022-03-29,russia_ukraine_war,2022-02-24,14204,-2.699804965041848,2.699804965041848,3.0960112964129385,3.7566408977003416,0.6858974393366083,3.355942026908382,-0.3276609794015588,-0.4581469416115618,1.79361244816869,-0.2625855626572104,-0.0653475499653822,318.95,4.412402133226498
2022-03-30,russia_ukraine_war,2022-02-24,13000,-2.650507312548207,2.650507312548207,3.096824182531509,3.513640359712695,0.6899547301350343,3.328106865395896,-0.4262775265013051,-0.456755549783699,1.5696481116904202,-0.1138433627253064,-0.1600114959816899,318.95,4.412402133226498
2022-03-31,russia_ukraine_war,2022-02-24,14083,-2.615871123353488,2.615871123353488,3.009682838046328,3.6230558740026937,0.6904136323631574,3.293898610431865,-0.4955648294518332,-0.6059126725537414,1.6704922220011305,-0.0970197899631141,-0.2763495456019318,318.95,4.412402133226498
2022-04-01,russia_ukraine_war,2022-02-24,12413,-2.638459450366318,2.638459450366318,3.0108231555437595,3.408695420880972,0.6899815473349309,3.263469458742906,-0.4503784422287783,-0.6039608266421819,1.4729243604310944,-0.1128602314914833,-0.3798353317905106,191.14,1.791851036178956
2022-04-02,russia_ukraine_war,2022-02-24,8187,-3.015717413795066,3.015717413795066,3.445033980140981,3.0408999977085585,0.7092480155876812,3.27945134813085,0.3043000432026421,0.1392643055284968,1.1339413335098063,0.5934576084681346,-0.3254829001159087,191.14,1.791851036178956
2022-04-03,russia_ukraine_war,2022-02-24,9017,-3.325026950340692,3.325026950340692,3.7626305735291945,3.5602948818334785,0.7167191906321062,3.3267544945353364,0.923052396229737,0.6828844935255854,1.6126478069874868,0.867354419762811,-0.1646107422293035,191.14,1.791851036178956
2022-04-04,russia_ukraine_war,2022-02-24,13331,-3.252028875138021,3.252028875138021,3.777424827948997,4.371291855508119,0.7069165478500996,3.371687855417284,0.7770247913180499,0.7082073576129178,2.36011281508619,0.5079848983304517,-0.0117979321814116,191.14,1.791851036178956
2022-04-05,russia_ukraine_war,2022-02-24,13984,-3.638973444349188,3.638973444349188,4.3064219243776805,5.020853252570949,0.7396240288185242,3.470891006482031,1.551080662224403,1.6136751963657103,2.958788803624414,1.707056622585886,0.325579730701137,191.14,1.791851036178956
2022-04-06,russia_ukraine_war,2022-02-24,14443,-3.606626938673409,3.606626938673409,4.230845188718389,5.063744147005409,0.7390360341123104,3.551711300620111,1.4863737129249597,1.48431285400239,2.9983197066936977,1.6855004585109634,0.6004395678850313,191.14,1.791851036178956
2022-04-07,russia_ukraine_war,2022-02-24,13503,-3.250688963720335,3.250688963720335,3.7817237202663856,4.400348694083264,0.7171339383833772,3.575915966519412,0.7743443911215343,0.7155656375769027,2.38689339600807,0.8825592685167621,0.6827566467712575,191.14,1.791851036178956
2022-04-08,russia_ukraine_war,2022-02-24,12515,-3.187575254469486,3.187575254469486,3.79055634122333,4.137052891280292,0.71842939439011,3.598978975575874,0.648089777237459,0.7306841595166262,2.1442236872880067,0.9300512985263396,0.7611910917560736,191.14,1.791851036178956
2022-04-09,russia_ukraine_war,2022-02-24,7866,-3.703576395054685,3.703576395054685,4.288510897942004,3.641099423251122,0.7364295318916205,3.669487766764128,1.6803144007244872,1.5830174507825217,1.6871222738051426,1.589944854120167,1.0009827811172416,191.14,1.791851036178956
2022-04-10,russia_ukraine_war,2022-02-24,8052,-3.088900934812229,3.088900934812229,3.5107205775461447,3.082171383718321,0.7007048435982308,3.653027394790016,0.4506986196509885,0.2516980065620465,1.171979597374411,0.2802608820711866,0.9450030892707696,191.14,1.791851036178956
2022-04-11,russia_ukraine_war,2022-02-24,10743,-3.1440074320152576,3.1440074320152576,3.685599436606004,3.739036402676128,0.7154888448505388,3.6565203625854816,0.5609353591717087,0.5510326978590382,1.7773870559132474,0.8222493614075471,0.9568822412806608,191.14,1.791851036178956
2022-04-12,russia_ukraine_war,2022-02-24,11983,-2.934504246918947,2.934504246918947,3.574356078385702,3.716495752182404,0.7059535415812745,3.6479754746991992,0.1418387151020506,0.3606209095460957,1.756612197250704,0.4726806329746572,0.9278221330711364,191.14,1.791851036178956
2022-04-13,russia_ukraine_war,2022-02-24,13115,-3.404879122200994,3.404879122200994,4.030536948277336,4.53571975068725,0.7269935611771294,3.691414589343164,1.0827911478527328,1.1414514833427003,2.5116597406497245,1.2440177041335505,1.0755531962376963,191.14,1.791851036178956
2022-04-14,russia_ukraine_war,2022-02-24,12107,-3.299717059691636,3.299717059691636,3.853008810721872,4.20346293098818,0.7176692636815899,3.710261773542423,0.8724217090260401,0.8375821046346325,2.2054312903733493,0.9021845471796184,1.1396501416352554,191.14,1.791851036178956
2022-04-15,russia_ukraine_war,2022-02-24,9309,-3.673796169211221,3.673796169211221,4.223485318059026,4.011114207393343,0.744920391078529,3.76597176366702,1.6207411168868464,1.471715192834827,2.028150801164927,1.90122376842987,1.3291129365738874,191.14,1.791851036178956
2022-04-16,russia_ukraine_war,2022-02-24,6574,-3.5640400814610924,3.5640400814610924,3.9691930289999378,3.1173080747010555,0.7362656013482921,3.790236179434958,1.4011816480360617,1.036451009079757,1.204363746591357,1.583935082856012,1.4116332173828563,191.14,1.791851036178956
2022-04-17,russia_ukraine_war,2022-02-24,6286,-3.5157917964134766,3.5157917964134766,3.9618077840891983,2.984146208244595,0.7200092781965807,3.8087297071146713,1.304664287995562,1.0238099155971412,1.0816335283288556,0.9879705862200892,1.474527420642218,191.14,1.791851036178956
2022-04-18,russia_ukraine_war,2022-02-24,8799,-3.350115297684628,3.350115297684628,3.8665383649473615,3.5334973755646124,0.7278553020709928,3.81459411773967,0.973239901361287,0.8607402208257212,1.5879495665618464,1.2756095329406572,1.4944715567871911,191.14,1.791851036178956
2022-04-19,russia_ukraine_war,2022-02-24,11338,-3.142349068546193,3.142349068546193,3.621572748923531,3.8558438404752575,0.7176513870827506,3.793875658473188,0.5576179176530351,0.4414402125510125,1.8850440204576588,0.9015291826098184,1.4240106360318523,191.14,1.791851036178956
2022-04-20,russia_ukraine_war,2022-02-24,10202,-2.959114618041302,2.959114618041302,3.3898871649052857,3.413643682746496,0.7054552641356576,3.751842242119109,0.1910700618328716,0.0448712210623023,1.477484984842095,0.4544135461130836,1.2810601791128724,191.14,1.791851036178956
2022-04-21,russia_ukraine_war,2022-02-24,11392,-2.8026728382614623,2.8026728382614623,3.244061553475546,3.448460912516329,0.6952106001362468,3.701871534590448,-0.1218809077090707,-0.204733931985814,1.5095746988319825,0.0788393177568851,1.1111159753485806,191.14,1.791851036178956
2022-04-22,russia_ukraine_war,2022-02-24,10429,-2.7306263826808204,2.7306263826808204,3.14509540120458,3.191334336333096,0.6924174981950804,3.644741874352765,-0.2660048633285525,-0.3741312096106685,1.2725909312127737,-0.0235571206557476,0.9168250577175104,191.14,1.791851036178956
2022-04-23,russia_ukraine_war,2022-02-24,8096,-2.599936253950258,2.599936253950258,2.8237877163838703,2.603225865298372,0.6865895898686872,3.56057427630396,-0.5274414345140032,-0.9241035571214512,0.7305537629689827,-0.2372109967361778,0.6305814534028635,191.14,1.791851036178956
2022-04-24,russia_ukraine_war,2022-02-24,7320,-2.72562542191699,2.72562542191699,3.064432281478472,2.558588193918096,0.6903769350079925,3.510439803092672,-0.2760089397452512,-0.5121997570158305,0.6894129221485948,-0.0983651323627863,0.4600803027808175,191.14,1.791851036178956
2022-04-25,russia_ukraine_war,2022-02-24,9780,-2.0780587274547213,2.0780587274547213,2.401296105383002,2.3375676279196806,0.6495098938322138,3.3974356888998525,-1.571421361927075,-1.6472692767195265,0.4857066883195851,-1.5965701936197267,0.0757672690385422,191.14,1.791851036178956
2022-04-26,russia_ukraine_war,2022-02-24,10610,-3.044722941946292,3.044722941946292,3.5642534681527653,3.594629708877519,0.7077856234179905,3.416703331778021,0.362323597842436,0.3433285865538993,1.6442929087666671,0.5398456197570012,0.14129414246668,191.14,1.791851036178956
2022-04-27,russia_ukraine_war,2022-02-24,11774,-2.643967923469724,2.643967923469724,3.0572440303770536,3.3152092629087497,0.6799943265211779,3.3805388204539493,-0.4393591224483932,-0.5245036623362085,1.3867617308602258,-0.4789964708804939,0.0183031066089429,191.14,1.791851036178956
2022-04-28,russia_ukraine_war,2022-02-24,12277,-2.9286256945400755,2.9286256945400755,3.4465205769425253,3.76020468216166,0.6976844024563711,3.389549430238992,0.1300790773054213,0.1418088669298329,1.7968970525108876,0.1695300810205593,0.0489470774687004,191.14,1.791851036178956
2022-04-29,russia_ukraine_war,2022-02-24,11482,-2.748780805042569,2.748780805042569,3.266336014594797,3.3974796615758684,0.6909901863253993,3.378639157106906,-0.22968819595505,-0.1666074312825156,1.46258722244914,-0.0758830489741315,0.0118425862181053,191.14,1.791851036178956
2022-04-30,russia_ukraine_war,2022-02-24,7027,-3.6096286850482846,3.6096286850482846,4.054934636811133,3.2993545844187784,0.7348466605630706,3.4496368782748874,1.4923784991122446,1.1832122462209875,1.37214907782872,1.5319160424537728,0.2532970660461401,191.14,1.791851036178956
2022-05-01,russia_ukraine_war,2022-02-24,7318,-2.779595867250461,2.779595867250461,3.138871841667862,2.6087886680133785,0.6924387363093819,3.415115670268614,-0.1680447934827282,-0.3847838824534973,0.7356807862642539,-0.0227785213389713,0.1358947017861846,142.26,0.789640429624822
2022-05-02,russia_ukraine_war,2022-02-24,8539,-3.026991208636675,3.026991208636675,3.4156686062782984,3.1338250500730807,0.7109401656162412,3.4131731670209384,0.3268524907078003,0.0890005105377138,1.2195868134226395,0.6554926289701116,0.1292884881850175,142.26,0.789640429624822
2022-05-03,russia_ukraine_war,2022-02-24,9011,-2.5757640002084496,2.5757640002084496,2.9803307505639065,2.7568898244472417,0.6848558165987266,3.362565593779654,-0.575796357701138,-0.6561537256616277,0.8721799788465386,-0.3007719449573693,-0.0428216172002272,142.26,0.789640429624822
2022-05-04,russia_ukraine_war,2022-02-24,9821,-2.6735085902779314,2.6735085902779314,3.052700734607663,3.0149356747459937,0.6884572859794579,3.3250728112553114,-0.380265059906059,-0.5322802800698363,1.11001100638965,-0.1687403738200041,-0.1703299393378027,142.26,0.789640429624822
2022-05-05,russia_ukraine_war,2022-02-24,10555,-2.7990101889115016,2.7990101889115016,3.253291305307964,3.294466986417328,0.69528155114191,3.314976395403245,-0.1292077846263205,-0.1889356535068884,1.367644364989676,0.0814404151871764,-0.204666602509291,142.26,0.789640429624822
2022-05-06,russia_ukraine_war,2022-02-24,9856,-2.5937192211958098,2.5937192211958098,3.0771054623201506,2.9311997578137508,0.6794027357940183,3.287249273334816,-0.5398781789112909,-0.4905074684488265,1.0328348024584362,-0.5006844667843519,-0.2989631197217353,142.26,0.789640429624822
2022-05-07,russia_ukraine_war,2022-02-24,5955,-2.7689427187645337,2.7689427187645337,3.09077344669723,2.2655419417767537,0.6853770381583916,3.2609871918393627,-0.1893556808431059,-0.4671124056827507,0.4193233578957948,-0.2816637160213073,-0.3882772149119607,142.26,0.789640429624822
2022-05-08,russia_ukraine_war,2022-02-24,8218,-2.712083091530409,2.712083091530409,2.96736511404929,2.74124519903075,0.6795520644078136,3.228624306345252,-0.3030994358410012,-0.6783466014868483,0.8577609237289167,-0.4952100091641826,-0.4983393909109099,142.26,0.789640429624822
2022-05-09,russia_ukraine_war,2022-02-24,11003,-2.820168171128227,2.820168171128227,3.1919550303768425,3.4009864686127806,0.685324851481858,3.2222312300879663,-0.0868827033239109,-0.2939230431806167,1.4658193128703527,-0.2835769042694251,-0.5200814535688318,142.26,0.789640429624822
2022-05-10,russia_ukraine_war,2022-02-24,10355,-2.840704729071605,2.840704729071605,3.2190384391925653,3.306058315705868,0.6886140565887807,3.2199497111879563,-0.0458007383368135,-0.2475652166216634,1.378327651514503,-0.16299308912343,-0.5278406175272969,142.26,0.789640429624822
2022-05-11,russia_ukraine_war,2022-02-24,8790,-2.4245812526141526,2.4245812526141526,2.820662678707423,2.5556837152358565,0.6718032680444647,3.1733394835922666,-0.8782269967812686,-0.929452586690832,0.6867359748205352,-0.7792845493366524,-0.6863562441367181,142.26,0.789640429624822
2022-05-12,russia_ukraine_war,2022-02-24,9641,-2.4711967850790404,2.4711967850790404,2.8678465046473622,2.755967970613672,0.6771511973018572,3.137349631997308,-0.7849758454511654,-0.8486895027602112,0.871330341294806,-0.5832269329751719,-0.8087532838302656,142.26,0.789640429624822
2022-05-13,russia_ukraine_war,2022-02-24,8687,-2.815378889769839,2.815378889769839,3.259833870307522,2.946037574207502,0.6965268991967898,3.1442762957308323,-0.0964633297181254,-0.177736948958141,1.046510252442756,0.1270954639787476,-0.7851965560760791,142.26,0.789640429624822
2022-05-14,russia_ukraine_war,2022-02-24,5800,-2.6999713156368106,2.6999713156368106,3.128119597836219,2.169552783487439,0.6828930025044027,3.1380158023015814,-0.3273282065319925,-0.4031881630246163,0.330853808307938,-0.372729638145237,-0.8064877209129067,142.26,0.789640429624822
2022-05-15,russia_ukraine_war,2022-02-24,6559,-1.5446090146748983,1.5446090146748983,1.7820587618948154,1.3489450739015314,0.6053126024366954,2.9903824456470467,-2.6385506483060435,-2.7071985331721824,-0.4254690488690427,-3.2168638032745216,-1.3085705307533348,142.26,0.789640429624822
2022-05-16,russia_ukraine_war,2022-02-24,8679,-2.1628740491817577,2.1628740491817577,2.595159821513207,2.261958001237373,0.6565676782277016,2.9438390018541822,-1.4017541719740985,-1.315438797418084,0.4160201764644816,-1.3378284790654786,-1.466859033898695,142.26,0.789640429624822
2022-05-17,russia_ukraine_war,2022-02-24,9372,-2.784184548109508,2.784184548109508,3.2513957098641244,3.0523115474363136,0.6934202230382162,2.9725503718863937,-0.1588654545249497,-0.1921802851339239,1.144458924063846,0.0132032464227601,-1.369215210938864,142.26,0.789640429624822
2022-05-18,russia_ukraine_war,2022-02-24,10290,-2.8459652431747045,2.8459652431747045,3.502974010023743,3.299868379902568,0.6951319943739791,3.0262172572128687,-0.0352774434013384,0.2384384484290897,1.37262262354827,0.0759575933284665,-1.1867007630478428,142.26,0.789640429624822
2022-05-19,russia_ukraine_war,2022-02-24,9909,-3.165724922903101,3.165724922903101,3.810487782538502,3.5891357398837345,0.7081667772252076,3.107772395643125,0.604379698905849,0.7648001862636843,1.6392293268893805,0.553818898630651,-0.9093418111965608,142.26,0.789640429624822
2022-05-20,russia_ukraine_war,2022-02-24,8495,-2.604832158169171,2.604832158169171,3.074117309361556,2.688096299850237,0.6824866536918943,3.104014910872715,-0.5176475164554799,-0.4956221967139689,0.8087756085601118,-0.3876265778311119,-0.9221205527642596,142.26,0.789640429624822
2022-05-21,russia_ukraine_war,2022-02-24,5925,-2.4717213358253605,2.4717213358253605,2.8062265816477217,2.015388496375087,0.6715600296528442,3.0741390966751667,-0.7839265179322261,-0.9541624039902464,0.1887664592111282,-0.7882017838349924,-1.023724506494555,142.26,0.789640429624822
2022-05-22,russia_ukraine_war,2022-02-24,4808,-2.5515203832902973,2.5515203832902973,3.0137450333316287,1.7971057205072003,0.6807194864277729,3.067819770277112,-0.6242940379909971,-0.5989595395206779,-0.0124164577763696,-0.4524117656749398,-1.045215754991049,142.26,0.789640429624822
2022-05-23,russia_ukraine_war,2022-02-24,9292,-3.3577363014679658,3.3577363014679658,4.229122688943775,3.661958130006047,0.7240573999547679,3.1940442249245606,0.9884851927804652,1.4813645048362014,1.706346949013059,1.1363766447995167,-0.6159419763810704,142.26,0.789640429624822
2022-05-24,russia_ukraine_war,2022-02-24,9239,-3.0106756683081763,3.0106756683081763,3.545216274772435,3.272028800029114,0.7078073324448606,3.2290562971081305,0.2942143797658904,0.3107432161192044,1.34696394358885,0.5406414829513032,-0.4968702436872336,142.26,0.789640429624822
2022-05-25,russia_ukraine_war,2022-02-24,7893,-2.921452080230966,2.921452080230966,3.398144314378508,2.8784383766345973,0.7012390559232565,3.2478477188767374,0.1157287576125925,0.059004726403357,0.9842066478653512,0.2998453586105284,-0.4329629394283694,142.26,0.789640429624822
2022-05-26,russia_ukraine_war,2022-02-24,7602,-2.709820357465288,2.709820357465288,3.141139163608353,2.606580544319552,0.6875915445054454,3.23549039608646,-0.3076258789720611,-0.3809029781705183,0.733645642794839,-0.2004788657878141,-0.4749886678223005,142.26,0.789640429624822
2022-05-27,russia_ukraine_war,2022-02-24,6600,-2.845597205325955,2.845597205325955,3.2908026236717687,2.4954715177743862,0.6959364722096367,3.2411567355660944,-0.0360136776845097,-0.124728699259037,0.6312406867687768,0.1054501313340226,-0.4557181471763323,142.26,0.789640429624822
2022-05-28,russia_ukraine_war,2022-02-24,4911,-2.707399910941341,2.707399910941341,3.0842240108546,1.936060525011424,0.6849653253880826,3.220102718722603,-0.3124678149782834,-0.4783228708393878,0.1156528907484394,-0.2967573009375198,-0.5273202578019406,142.26,0.789640429624822
2022-05-29,russia_ukraine_war,2022-02-24,3582,-2.640196207943438,2.640196207943438,2.876824942598766,1.495179010577712,0.6795363869326724,3.1843277884759416,-0.446904178714365,-0.833321390416838,-0.2906908015881621,-0.4957847528189346,-0.6489863765376984,142.26,0.789640429624822
2022-05-30,russia_ukraine_war,2022-02-24,5910,-2.471496627153291,2.471496627153291,2.836774916621549,2.011714381578019,0.6767596642028156,3.1463755639066617,-0.7843760321022102,-0.9018737713437024,0.1853801676025386,-0.5975807215969285,-0.7780572043183634,142.26,0.789640429624822
2022-05-31,russia_ukraine_war,2022-02-24,8091,-3.008107705453676,3.008107705453676,3.639359008681137,3.010738331363308,0.7048014551094377,3.199313388504598,0.2890773475345085,0.4718843989008818,1.1061424749309972,0.4304445979339157,-0.5980222019092035,142.26,0.789640429624822
2022-06-01,russia_ukraine_war,2022-02-24,8523,-2.640335410560291,2.640335410560291,3.040684191344283,2.730330360815503,0.6856209414653827,3.183384107491027,-0.4466257134989461,-0.5528486225643949,0.8477011332490715,-0.2727221054109475,-0.6521957190009171,130.71,0.5528251164967485
2022-06-02,russia_ukraine_war,2022-02-24,7102,-2.394782707800096,2.394782707800096,2.828683964332908,2.204197662224481,0.6713779043707485,3.145569201347804,-0.9378369264536482,-0.9157228021450188,0.3627846729182306,-0.7948785828291991,-0.7807995437765719,130.71,0.5528251164967485
2022-06-03,russia_ukraine_war,2022-02-24,7220,-2.568444881722797,2.568444881722797,2.9670053343563563,2.3895868904817705,0.6774537926286676,3.127104787265839,-0.5904377484440765,-0.6789624251713018,0.533650860461293,-0.572133645154555,-0.843594735286196,130.71,0.5528251164967485
2022-06-04,russia_ukraine_war,2022-02-24,3649,-3.16062981866972,3.16062981866972,3.632670169669748,1.8153668035401256,0.710702171394081,3.180653947334392,0.5941872949840976,0.4604353216861003,0.0044140866278224,0.6467676482048869,-0.6614806564555712,130.71,0.5528251164967485
2022-06-05,russia_ukraine_war,2022-02-24,3358,-3.059296442505381,3.059296442505381,3.6560307507779215,1.648661276599889,0.7091870972140832,3.23199478006814,0.3914768786092845,0.5004209001152241,-0.1492320453421753,0.5912243120751927,-0.486876826111001,130.71,0.5528251164967485
2022-06-06,russia_ukraine_war,2022-02-24,7377,-2.578162936716371,2.578162936716371,2.8761001582117003,2.432357507416482,0.6702561320755936,3.194661010997251,-0.5709974509955248,-0.8345619812574102,0.5730709083421573,-0.8360032858129554,-0.6138443631352272,130.71,0.5528251164967485
2022-06-07,russia_ukraine_war,2022-02-24,6895,-2.943322673853701,2.943322673853701,3.41661348022098,2.6570108083488617,0.6996207612311688,3.21794736505391,0.1594793687877208,0.090617821809457,0.7801252955366883,0.2405179096801643,-0.5346503493930274,130.71,0.5528251164967485
2022-06-08,russia_ukraine_war,2022-02-24,6792,-2.7543670421759496,2.7543670421759496,3.2356065137332046,2.461863919859107,0.6903284345076808,3.222004805088014,-0.2185133146065834,-0.219206159931396,0.60026584436696,-0.1001431836468986,-0.5208514970249333,130.71,0.5528251164967485
2022-06-09,russia_ukraine_war,2022-02-24,6721,-3.0381590145418995,3.0381590145418995,3.650039195433634,2.696693394264391,0.7079385097027109,3.269127899180526,0.3491929146700869,0.4901653416159692,0.8166992228946816,0.5454505032762093,-0.3605916748107197,130.71,0.5528251164967485
2022-06-10,russia_ukraine_war,2022-02-24,7052,-2.987033060984562,2.987033060984562,3.48470464314942,2.736635476660417,0.7057770867921987,3.291927421248371,0.2469189776371428,0.2071673426881431,0.8535123182707959,0.4662117169369316,-0.2830533165274405,130.71,0.5528251164967485
2022-06-11,russia_ukraine_war,2022-02-24,5140,-3.3659531489907595,3.3659531489907595,3.865715569063361,2.486232770343714,0.7305334050149878,3.353379605936501,1.0049224284246483,0.8593318667613035,0.6227256852986729,1.3737900537178358,-0.0740620271723636,130.71,0.5528251164967485
2022-06-12,russia_ukraine_war,2022-02-24,4370,-2.871697870109326,2.871697870109326,3.3858085109750773,1.8872155671370368,0.6929957094209702,3.365479196070647,0.0161988985284451,0.0378899162798396,0.0706343542824745,-0.0023596235974777,-0.0329128157059793,130.71,0.5528251164967485
2022-06-13,russia_ukraine_war,2022-02-24,5749,-2.8483240082941,2.8483240082941,3.301266727866061,2.274895660237827,0.7034921000198145,3.362957420960176,-0.0305588967824277,-0.1068176183225701,0.4279443237837194,0.3824430209707514,-0.04148906135901,130.71,0.5528251164967485
2022-06-14,russia_ukraine_war,2022-02-24,6267,-2.9584032725181184,2.9584032725181184,3.478532033764661,2.5059241494909057,0.7100375703244657,3.3757692414054943,0.1896470642712678,0.1966018796320774,0.6408744791308373,0.6224030586097742,0.0020823574187174,130.71,0.5528251164967485
2022-06-15,russia_ukraine_war,2022-02-24,7193,-2.5379326251470125,2.5379326251470125,2.9324555180454763,2.3554453077158346,0.6835857176441001,3.328287183671178,-0.6514754091747478,-0.738100268678418,0.502183864569788,-0.3473343734418263,-0.1593982558009426,130.71,0.5528251164967485
2022-06-16,russia_ukraine_war,2022-02-24,7281,-2.4467907932488115,2.4467907932488115,2.881475205612082,2.28889142159405,0.6787599500366226,3.278475518751359,-0.8337983455317168,-0.8253616801864315,0.4408436837259349,-0.5242492967139759,-0.3288015752980092,130.71,0.5528251164967485
2022-06-17,russia_ukraine_war,2022-02-24,6724,-2.281458718051456,2.281458718051456,2.791897637765372,2.025639452212084,0.6625516578499097,3.228259173987345,-1.1645337366926238,-0.9786888105364308,0.1982143745997671,-1.1184529554524767,-0.4995811609578425,130.71,0.5528251164967485
2022-06-18,russia_ukraine_war,2022-02-24,3796,-2.3772256834306984,2.3772256834306984,2.744578629695675,1.4068842087947604,0.668101269882879,3.179550669064843,-0.972958540426634,-1.0596832815043276,-0.3720687559727912,-0.9150015531342944,-0.6652327695698652,130.71,0.5528251164967485
2022-06-19,russia_ukraine_war,2022-02-24,3785,-2.8606086799880126,2.8606086799880126,3.192820712286484,1.6892536981658983,0.6977744848309814,3.1818666178906634,-0.00598425999087,-0.2924412824430578,-0.1118195571338582,0.1728325434863556,-0.657356513686613,130.71,0.5528251164967485
2022-06-20,russia_ukraine_war,2022-02-24,5581,-2.3805219599942524,2.3805219599942524,2.6651070058045967,1.8626952873664675,0.6662631427002501,3.121553388223828,-0.966364566950403,-1.1957123826329203,0.0480349467480086,-0.9823881651574996,-0.8624743577016157,130.71,0.5528251164967485
2022-06-21,russia_ukraine_war,2022-02-24,6354,-2.605352454581822,2.605352454581822,3.0289765166430387,2.2274536122964954,0.672859744133302,3.1094447696922054,-0.5166066994370505,-0.5728882843699591,0.3842187959460372,-0.7405536361642279,-0.9036542736325992,130.71,0.5528251164967485
2022-06-22,russia_ukraine_war,2022-02-24,6654,-2.515263995909516,2.515263995909516,2.911568710551655,2.217771721152064,0.6739769669790177,3.086970052542129,-0.6968224354489623,-0.7738515659304359,0.3752953658006784,-0.6995957181489841,-0.980088010511484,130.71,0.5528251164967485
2022-06-23,russia_ukraine_war,2022-02-24,6648,-2.4849519464838146,2.4849519464838146,2.846449681528576,2.189731569247616,0.6736136067024835,3.061290594311957,-0.757459595611206,-0.8853137778580149,0.3494518262429639,-0.7129166777707405,-1.0674206759439633,130.71,0.5528251164967485
2022-06-24,russia_ukraine_war,2022-02-24,5611,-2.573086589641292,2.573086589641292,3.094049393848905,2.0208676967086823,0.6793972420880512,3.063479905579466,-0.581152332518306,-0.461505069069144,0.193816429377069,-0.500885868643851,-1.0599750987538554,130.71,0.5528251164967485
2022-06-25,russia_ukraine_war,2022-02-24,3811,-2.6749213838727006,2.6749213838727006,3.0095947498318343,1.5877830412278953,0.6819865521852647,3.0576792502996843,-0.3774388639508105,-0.606063450404387,-0.2053411951571013,-0.4059605356322645,-1.0797024108450088,130.71,0.5528251164967485
2022-06-26,russia_ukraine_war,2022-02-24,4579,-2.546331185944792,2.546331185944792,2.9125922936900843,1.731386833920132,0.675311386284098,3.043368079648701,-0.63467466868125,-0.772099530582048,-0.0729870513662148,-0.6506752751907766,-1.128372934467699,130.71,0.5528251164967485
2022-06-27,russia_ukraine_war,2022-02-24,8142,-2.477610555816129,2.477610555816129,2.9085255769786023,2.4896345470696315,0.6763409487980933,3.0302800720295373,-0.7721455403151815,-0.7790604027993532,0.6258609732843565,-0.6129310264032654,-1.1728836317081577,130.71,0.5528251164967485
2022-06-28,russia_ukraine_war,2022-02-24,6923,-2.6722478353005257,2.6722478353005257,3.192746526104424,2.4187487872032625,0.6794061135379438,3.0440603023298136,-0.3827871131138991,-0.292568264618176,0.5605282694734853,-0.5005606370942364,-1.1260187706347815,130.71,0.5528251164967485
2022-06-29,russia_ukraine_war,2022-02-24,7747,-2.225594707594964,2.225594707594964,2.669887843386353,2.16687736985935,0.6472966784102598,3.004595335536521,-1.2762858291289525,-1.1875291719843066,0.3283879815119074,-1.6777077179284012,-1.260234247860585,130.71,0.5528251164967485
2022-06-30,russia_ukraine_war,2022-02-24,8411,-2.48729016724493,2.48729016724493,2.898013942516373,2.5509149602192167,0.6676770636828789,2.994320070677665,-0.7527821465613166,-0.7970528398137162,0.6823407950321537,-0.9305531530928774,-1.2951791544121658,130.71,0.5528251164967485
2022-07-01,russia_ukraine_war,2022-02-24,6280,-2.7699002387540705,2.7699002387540705,3.264930585537372,2.349532849940838,0.690631374558441,3.023026412810448,-0.1874402282734467,-0.1690130603866035,0.496734577529114,-0.0890372580832085,-1.1975524307172298,117.18,0.27541289254671913
2022-07-02,russia_ukraine_war,2022-02-24,3162,-2.932736168934744,2.932736168934744,3.4591838023367725,1.5082614770146725,0.7038409900000434,3.0656840742037232,0.1383017972776641,0.1634841150678238,-0.2786331907724937,0.3952334926849238,-1.052478993528674,117.18,0.27541289254671913
2022-07-03,russia_ukraine_war,2022-02-24,3727,-3.1946325671779,3.1946325671779,3.5481851477356217,1.864595994544488,0.7236580893649714,3.1133386047762213,0.662207443615116,0.3158249434172496,0.049786756128721,1.121737729687621,-0.8904118214907519,117.18,0.27541289254671913
2022-07-04,russia_ukraine_war,2022-02-24,5436,-3.3429596838825546,3.3429596838825546,3.83101920640164,2.568304115935049,0.7199603829934754,3.190380200405197,0.9589255904388608,0.7999431844339575,0.698367717252432,0.9861780649448548,-0.6284028711794667,117.18,0.27541289254671913
2022-07-05,russia_ukraine_war,2022-02-24,5678,-2.521196617099416,2.521196617099416,2.902050075547288,1.9964399573211369,0.6688953780555871,3.1587055141990845,-0.6849546367322971,-0.7901443167290079,0.1713023127874431,-0.8858891718777355,-0.7361245664084992,117.18,0.27541289254671913
2022-07-06,russia_ukraine_war,2022-02-24,6510,-3.017526497646766,3.017526497646766,3.4073507187118577,2.622121663421182,0.7002637194711981,3.1845184911271973,0.3079189904312464,0.0747630416959748,0.747969300086097,0.2640890629047281,-0.6483378203769754,117.18,0.27541289254671913
2022-07-07,russia_ukraine_war,2022-02-24,7643,-2.519154498765918,2.519154498765918,2.8886575833836408,2.431559065442315,0.6617110233865163,3.150727674368743,-0.6890397533378919,-0.8130678280616758,0.5723350147987047,-1.149271012534362,-0.7632562142233481,117.18,0.27541289254671913
2022-07-08,russia_ukraine_war,2022-02-24,6793,-2.851083447262594,2.851083447262594,3.2307533933387287,2.5485574501558337,0.681667225710986,3.157327801812297,-0.0250388298169574,-0.2275130948171637,0.6801679678381939,-0.4176671952335767,-0.7408099960565504,117.18,0.27541289254671913
2022-07-09,russia_ukraine_war,2022-02-24,4103,-3.124624642682132,3.124624642682132,3.5488832568460538,1.960094224321773,0.7035653235168708,3.1947336425228348,0.5221614285582545,0.3170198750183946,0.1378038356135666,0.3851274290104922,-0.6135973522883941,117.18,0.27541289254671913
2022-07-10,russia_ukraine_war,2022-02-24,3981,-3.1864933767713235,3.1864933767713235,3.454248212848879,1.954446140906972,0.7053429031439377,3.221063057452318,0.6459255556654311,0.155036020405784,0.1325982123468631,0.450294339005365,-0.5240542644062732,117.18,0.27541289254671913
2022-07-11,russia_ukraine_war,2022-02-24,5548,-2.7547500825303706,2.7547500825303706,3.0578302290725667,2.1466643899923543,0.684584465067168,3.2033953978185874,-0.2177470688475641,-0.5235002843035325,0.3097584481715718,-0.3107198204644897,-0.5841397924550953,117.18,0.27541289254671913
2022-07-12,russia_ukraine_war,2022-02-24,6272,-2.508718270995329,2.508718270995329,2.8631964336616345,2.1261604140057098,0.673098815395993,3.165977313758553,-0.7099167057975394,-0.8566488843029822,0.2908607147959828,-0.7317891705836579,-0.7113940743425501,117.18,0.27541289254671913
2022-07-13,russia_ukraine_war,2022-02-24,6319,-2.477285488386861,2.477285488386861,2.8455969334582307,2.110107791271312,0.6753687715681298,3.1334595996478587,-0.7727958152436516,-0.8867734001460549,0.2760656240969317,-0.6485715035326266,-0.8219828033415784,117.18,0.27541289254671913
2022-07-14,russia_ukraine_war,2022-02-24,6522,-2.525731861631296,2.525731861631296,2.9795495042951896,2.197471602619549,0.6706732165361359,3.1186102049158904,-0.6758821934542978,-0.6574909605448519,0.3565855200726986,-0.8207127721917652,-0.8724837605805488,117.18,0.27541289254671913
2022-07-15,russia_ukraine_war,2022-02-24,6403,-2.6971659559113665,2.6971659559113665,3.233144272667796,2.317876926269088,0.6823871808876878,3.13250039393248,-0.3329401347983876,-0.2234207012039951,0.4675585189102206,-0.3912732978879572,-0.8252449434954435,117.18,0.27541289254671913
2022-07-16,russia_ukraine_war,2022-02-24,4252,-2.744694448233312,2.744694448233312,3.1663873650228904,1.767818216213252,0.6876577034229188,3.138218527583829,-0.2378626703643218,-0.3376864189085564,-0.0394096345018964,-0.1980534485774119,-0.8057982772692547,117.18,0.27541289254671913
2022-07-17,russia_ukraine_war,2022-02-24,3380,-3.266893343096813,3.266893343096813,3.6788306336225975,1.769440320512671,0.720414421994086,3.1949637254451204,0.8067601322607044,0.5394467488061877,-0.0379146027784013,1.0028233494859335,-0.6128148686902747,117.18,0.27541289254671913
2022-07-18,russia_ukraine_war,2022-02-24,5667,-2.544824752786073,2.544824752786073,3.0299200182969908,2.012451992880286,0.6800537923617239,3.180474032690332,-0.6376881841132191,-0.5712733220020535,0.1860599958336164,-0.476816425036343,-0.6620925239363895,117.18,0.27541289254671913
2022-07-19,russia_ukraine_war,2022-02-24,5995,-2.684591264832666,2.684591264832666,3.136816257348807,2.2065830310526726,0.6840390781516935,3.1767037995621483,-0.3580949353274263,-0.3883023620506715,0.3649831764741733,-0.330713962775713,-0.6749146210941566,117.18,0.27541289254671913
2022-07-20,russia_ukraine_war,2022-02-24,6058,-2.456750467743325,2.456750467743325,2.920129700944738,2.033736948453708,0.6740218110165971,3.151093667725232,-0.8138747049686491,-0.7591979855589347,0.2056775283355947,-0.6979517145182902,-0.7620115160265921,117.18,0.27541289254671913
2022-07-21,russia_ukraine_war,2022-02-24,6831,-2.3282204199263887,2.3282204199263887,2.652954921303369,2.0888586918370367,0.6628205711604009,3.1002112192782283,-1.070990183558761,-1.2165127268388765,0.256481138832129,-1.1085944662830631,-0.9350564380330282,117.18,0.27541289254671913
2022-07-22,russia_ukraine_war,2022-02-24,5358,-2.604974782916942,2.604974782916942,2.988971350471952,1.9812113935834748,0.683549263336079,3.088506939450736,-0.5173622055036463,-0.6413638801651512,0.157266725865426,-0.3486708056182336,-0.9748612479764702,117.18,0.27541289254671913
2022-07-23,russia_ukraine_war,2022-02-24,3299,-2.869860833712036,2.869860833712036,3.2408489191800505,1.5254897932787292,0.6988116077009485,3.1050182373685584,0.012524034164048,-0.210232897957242,-0.2627545081462295,0.2108539585001503,-0.9187083632859748,117.18,0.27541289254671913
2022-07-24,russia_ukraine_war,2022-02-24,3160,-2.682794038694571,2.682794038694571,2.981754716311072,1.3790376906179544,0.6953553922120685,3.093073834381248,-0.3616901620193915,-0.6537163678835824,-0.397733830702031,0.0841474637489811,-0.9593298024351822,117.18,0.27541289254671913
2022-07-25,russia_ukraine_war,2022-02-24,4990,-2.10775688185712,2.10775688185712,2.594106803015153,1.5245064147329022,0.6517118836261625,3.041440755204228,-1.5120122563357394,-1.3172412163539091,-0.2636608506808882,-1.5158442061438986,-1.1349275268341104,117.18,0.27541289254671913
2022-07-26,russia_ukraine_war,2022-02-24,5122,-2.468949174747461,2.468949174747461,2.821013434282979,1.8191489210841791,0.6784817742221338,3.017345129050053,-0.7894720345984,-0.928852209306772,0.0078999202529308,-0.5344473536614733,-1.2168737750160976,117.18,0.27541289254671913
2022-07-27,russia_ukraine_war,2022-02-24,5660,-2.370600639935426,2.370600639935426,2.7326513276162374,1.873074384619453,0.6798498462512585,2.989222359921197,-0.9862114821153618,-1.0800988726463785,0.0576009651970154,-0.4842931859207101,-1.3125158390094718,117.18,0.27541289254671913
2022-07-28,russia_ukraine_war,2022-02-24,6321,-2.526061623562662,2.526061623562662,2.8845025702971503,2.1521127932897346,0.6831585724719688,2.978675764476136,-0.6752225274987954,-0.8201798344314901,0.3147800338827352,-0.3629937175089959,-1.348383507369121,117.18,0.27541289254671913
2022-07-29,russia_ukraine_war,2022-02-24,5910,-2.676965491761163,2.676965491761163,3.3063754510750787,2.1789590645595447,0.6885056196814896,3.0116746121899443,-0.3733497673779968,-0.0980731760674341,0.3395232191515855,-0.1669684374397376,-1.2361585024170545,117.18,0.27541289254671913
2022-07-30,russia_ukraine_war,2022-02-24,3520,-3.4185788833698645,3.4185788833698645,3.947841586712901,1.9103066084721751,0.7245585145452723,3.107989919709492,1.1101965733492,0.9999044109369352,0.0919164872112473,1.1547477427347486,-0.9086020387161114,117.18,0.27541289254671913
2022-07-31,russia_ukraine_war,2022-02-24,2903,-3.2875817141463366,3.2875817141463366,3.928395607152373,1.5806575785349763,0.7107303499559533,3.19213019873419,0.8481457888756014,0.9666193339412884,-0.2119084626098235,0.6478006876127183,-0.6224513430279195,117.18,0.27541289254671913
2022-08-01,russia_ukraine_war,2022-02-24,5062,-2.6083900627467345,2.6083900627467345,3.0228559992420503,1.905911366237908,0.6862565045266028,3.1707397016857173,-0.5105301742170247,-0.583364583201344,0.0878655599219052,-0.2494220629397461,-0.6951977812675647,132.86,0.5969076206721043
2022-08-02,russia_ukraine_war,2022-02-24,5083,-2.896815902556072,2.896815902556072,3.3944105186572497,2.1228832773114497,0.6984993794568202,3.195825841363681,0.0664457866567798,0.0526137046663826,0.2878403027781466,0.1994075233738971,-0.6098829189425493,132.86,0.5969076206721043
2022-08-03,russia_ukraine_war,2022-02-24,5654,-2.536538879400111,2.536538879400111,2.951970462338992,2.0027174426617345,0.6831026174352828,3.1689254683689096,-0.654263501226638,-0.7046971468992559,0.1770880318261823,-0.3650450556228852,-0.7013677646781595,132.86,0.5969076206721043
2022-08-04,russia_ukraine_war,2022-02-24,6031,-2.697499333310738,2.697499333310738,3.2168565679486223,2.2262555150457226,0.6883608185768306,3.175531055508514,-0.3322732363489864,-0.2512998576112407,0.3831145553627534,-0.1722769144332776,-0.678902978759492,132.86,0.5969076206721043
2022-08-05,russia_ukraine_war,2022-02-24,5528,-2.884750381035264,2.884750381035264,3.317883548648835,2.242334186798797,0.7142661631876392,3.1902474806511094,0.0423095446421454,-0.0783751242092796,0.3979336544497367,0.7774252732680855,-0.6288542346691529,132.86,0.5969076206721043
2022-08-06,russia_ukraine_war,2022-02-24,2883,-3.205207943192625,3.205207943192625,3.5812095889435533,1.5326125422232486,0.7177047505326571,3.2295222134808723,0.6833627525213194,0.3723518499134099,-0.2561897418520015,0.9034855119264504,-0.4952857196550104,132.86,0.5969076206721043
2022-08-07,russia_ukraine_war,2022-02-24,2504,-3.147311958025613,3.147311958025613,3.610147059310538,1.3436077952255874,0.7218740863468764,3.268445648630853,0.5675458350961875,0.4218832158302706,-0.4303882152509631,1.0563353351391327,-0.3629119246564013,132.86,0.5969076206721043
2022-08-08,russia_ukraine_war,2022-02-24,4825,-2.766543940361752,2.766543940361752,3.154785070389286,1.9534936028003465,0.6950050219480816,3.257615023412523,-0.1941542712703131,-0.3575457049375096,0.1317202942698611,0.0713027241320022,-0.3997455431906761,132.86,0.5969076206721043
2022-08-09,russia_ukraine_war,2022-02-24,5062,-2.641621945189504,2.641621945189504,3.1156640983985704,1.930193402645629,0.6919323012542645,3.244814182273734,-0.4440520898791694,-0.4245078531184443,0.1102453876269491,-0.0413446700237089,-0.4432796227030948,132.86,0.5969076206721043
2022-08-10,russia_ukraine_war,2022-02-24,5333,-2.557127932341705,2.557127932341705,3.060128385305412,1.9384590786009088,0.688621913834683,3.227530351401555,-0.6130765236232769,-0.5195666019235753,0.1178635461964693,-0.1627050387718606,-0.5020597965456304,132.86,0.5969076206721043
2022-08-11,russia_ukraine_war,2022-02-24,5413,-2.841507500506776,2.841507500506776,3.350943637832508,2.176598515010807,0.7016918255897804,3.2419227022113435,-0.0441948495562667,-0.0217872001843492,0.3373475905797922,0.3164441087635417,-0.4531131892304758,132.86,0.5969076206721043
2022-08-12,russia_ukraine_war,2022-02-24,4725,-2.7156494435109115,2.7156494435109115,3.056397588337717,1.8889016963064733,0.6872836466389566,3.222394108181,-0.2959651951567235,-0.5259524907875586,0.0721883952890362,-0.2117665472213575,-0.5195275252936438,132.86,0.5969076206721043
2022-08-13,russia_ukraine_war,2022-02-24,2876,-3.283738730621131,3.283738730621131,3.6873768694802673,1.5671313056502278,0.718716097605058,3.27176954613381,0.8404581659027661,0.5540750742993865,-0.2243751129174483,0.9405619740084744,-0.3516077598272323,132.86,0.5969076206721043
2022-08-14,russia_ukraine_war,2022-02-24,2247,-2.6257883681741343,2.6257883681741343,3.067227333877484,1.0256108012458862,0.6899399780867508,3.2479377488731123,-0.4757260665192339,-0.507415552958719,-0.7234739275236194,-0.1143841797936911,-0.4326567585314899,132.86,0.5969076206721043
2022-08-15,russia_ukraine_war,2022-02-24,3834,-2.8504494168278245,2.8504494168278245,3.404430898886036,1.6996637598693751,0.6944602278030485,3.265655298260445,-0.0263071638870472,0.0697652771239516,-0.102224999930715,0.0513303130655648,-0.3724015615932082,132.86,0.5969076206721043
2022-08-16,russia_ukraine_war,2022-02-24,4832,-2.6830867167345,2.6830867167345,3.1601659008394045,1.896533972811944,0.6886457814691131,3.255235306802816,-0.3611046798260264,-0.3483355052005798,0.0792227737209611,-0.1618300400032997,-0.4078386654301273,132.86,0.5969076206721043
2022-08-17,russia_ukraine_war,2022-02-24,4502,-2.7881737044142403,2.7881737044142403,3.348542638867155,1.872600540140004,0.6933738134205304,3.266931948225968,-0.1508854230079388,-0.0258969152634739,0.0571642407958573,0.0115018478847858,-0.3680598327563276,132.86,0.5969076206721043
2022-08-18,russia_ukraine_war,2022-02-24,4493,-2.6091958761951863,2.6091958761951863,3.183570484987608,1.7498424419282328,0.684417982619349,3.261526123586923,-0.508918200099127,-0.3082746081396098,-0.0559772207046568,-0.3168231457544199,-0.3864443746090718,132.86,0.5969076206721043
2022-08-19,russia_ukraine_war,2022-02-24,4489,-3.0513269273330748,3.0513269273330748,3.593105291262864,2.0450274923934657,0.7089203454330233,3.2980203668936885,0.3755344142403513,0.3927133527311574,0.216083592465688,0.5814450655972219,-0.262331961007736,132.86,0.5969076206721043
2022-08-20,russia_ukraine_war,2022-02-24,3688,-3.1731222415185907,3.1731222415185907,3.742655083927756,1.8373258924587743,0.7200602846004801,3.345255060526419,0.6191775236045071,0.6486930707001072,0.024652942146663,0.9898405051151216,-0.1016926025423698,132.86,0.5969076206721043
2022-08-21,russia_ukraine_war,2022-02-24,3329,-3.093211640861082,3.093211640861082,3.4235238892203643,1.6557891242532323,0.7116214167262864,3.3555216113506314,0.4593218892104205,0.1024461534653645,-0.1426625797623071,0.6804676169235244,-0.0667773313462253,132.86,0.5969076206721043
2022-08-22,russia_ukraine_war,2022-02-24,4882,-3.2005248336508205,3.2005248336508205,3.653595729508931,2.2790244444543264,0.7178128303784806,3.3911800452407928,0.6739945155091775,0.4962529501195897,0.4317496668713024,0.9074477702004508,0.0544925976710759,132.86,0.5969076206721043
2022-08-23,russia_ukraine_war,2022-02-24,5405,-2.7846262732556024,2.7846262732556024,3.317561886752664,2.130824232172361,0.6959184275793815,3.386560415632652,-0.1579818138955991,-0.078925702849316,0.2951591782882835,0.1047886066530305,0.0387818080051263,132.86,0.5969076206721043
2022-08-24,russia_ukraine_war,2022-02-24,7013,-2.596690488073912,2.596690488073912,3.0733251078894512,2.370384616538469,0.669864870105235,3.357118254034243,-0.533934364851015,-0.4969781832773082,0.5159528562585035,-0.8503471347289403,-0.0613473468016441,132.86,0.5969076206721043
2022-08-25,russia_ukraine_war,2022-02-24,5733,-2.917978063934828,2.917978063934828,3.398612005102998,2.326056269836464,0.6938535942563077,3.364106795815211,0.1087792280840299,0.0598052580364561,0.4750971082074517,0.0290908402799977,-0.0375801794514732,132.86,0.5969076206721043
2022-08-26,russia_ukraine_war,2022-02-24,5138,-2.815820019992352,2.815820019992352,3.227002294535411,2.079309348888769,0.7005189579182604,3.349958007843946,-0.0955808791922884,-0.2339337337002851,0.2476798733085071,0.2734462251120721,-0.0856984596384669,132.86,0.5969076206721043
2022-08-27,russia_ukraine_war,2022-02-24,3305,-2.85706393972708,2.85706393972708,3.280097267967858,1.5208291924066777,0.6951969261552171,3.3392843193364614,-0.0130752679236257,-0.1430527228836289,-0.2670500063806908,0.078338023143994,-0.1219983558044781,132.86,0.5969076206721043
2022-08-28,russia_ukraine_war,2022-02-24,2412,-2.817925810490155,2.817925810490155,3.134417298646204,1.1667835803923403,0.7054023558798941,3.314412876197056,-0.0913683908220647,-0.3924085848756506,-0.5933603562856155,0.4524739044290609,-0.2065830617218565,132.86,0.5969076206721043
2022-08-29,russia_ukraine_war,2022-02-24,3963,-2.7527224896497566,2.7527224896497566,3.1868565775012243,1.6826791610493774,0.7066262164396259,3.3025629386661106,-0.2218031282884466,-0.3026499060262454,-0.1178790574754922,0.4973412114840589,-0.2468832355226377,132.86,0.5969076206721043
2022-08-30,russia_ukraine_war,2022-02-24,5549,-2.977771941404832,2.977771941404832,3.4763844089298304,2.320746721569052,0.7019963820320048,3.320397786074252,0.2283927479074678,0.1929258571533644,0.4702034998864252,0.3276092920029245,-0.1862291225046111,132.86,0.5969076206721043
2022-08-31,russia_ukraine_war,2022-02-24,6965,-2.2490974162991777,2.2490974162991777,2.4517518788624826,2.0438508830112565,0.6512769303802806,3.2307707408330475,-1.2292702845206225,-1.5609057021867034,0.2149991564320773,-1.5317897978882962,-0.4910396323523311,132.86,0.5969076206721043
2022-09-01,russia_ukraine_war,2022-02-24,4964,-2.7011914463133992,2.7011914463133992,3.11887814321726,1.9464722023982075,0.6852369648785448,3.21904039573157,-0.3248874194305951,-0.4190064727984377,0.1252489370653217,-0.286798868720781,-0.5309330870729305,131.99,0.5790695840988207
2022-09-02,russia_ukraine_war,2022-02-24,4883,-2.4007874497920434,2.4007874497920434,2.8282078133986883,1.7097992468035594,0.6747090111698523,3.177252905802633,-0.925824855056392,-0.9165378148553696,-0.0928835078299276,-0.6727586318266645,-0.6730471785976166,131.99,0.5790695840988207
2022-09-03,russia_ukraine_war,2022-02-24,3179,-2.8141226848495147,2.8141226848495147,3.26364363177136,1.4533370296755068,0.6869517163385109,3.184138222056228,-0.0989762808512059,-0.1712158990277849,-0.3292549610229662,-0.2239352690520671,-0.6496310685152973,131.99,0.5790695840988207
2022-09-04,russia_ukraine_war,2022-02-24,3018,-2.3137363416161403,2.3137363416161403,2.797939075828656,1.1471605588847178,0.6609056853621248,3.141032893078054,-1.099964581296326,-0.9683478693421388,-0.6114461474861146,-1.1787950854658071,-0.7962269678627703,131.99,0.5790695840988207
2022-09-05,russia_ukraine_war,2022-02-24,5710,-3.032189058275847,3.032189058275847,3.412522394147716,2.4104086579947683,0.7017467526732566,3.1696051962121063,0.3372504297136171,0.0836152373152918,0.5528414901774724,0.3184577616264974,-0.699056094245592,131.99,0.5790695840988207
2022-09-06,russia_ukraine_war,2022-02-24,7654,-1.9444122015768304,1.9444122015768304,2.274137519112261,1.878533326865352,0.6365426677968586,3.075411102354188,-1.8387720013039608,-1.864922664737604,0.0626322642554484,-2.071954834094906,-1.0193985723023893,131.99,0.5790695840988207
2022-09-07,russia_ukraine_war,2022-02-24,5706,-2.1343169641641047,2.1343169641641047,2.404794997280284,1.6958340485286134,0.6494738239690452,3.0047304166271345,-1.4588806471148388,-1.641280332535051,-0.1057546989447174,-1.5978925318659831,-1.259774853757054,131.99,0.5790695840988207
2022-09-08,russia_ukraine_war,2022-02-24,5958,-2.079727877886574,2.079727877886574,2.507333819415212,1.7022134560970918,0.6498331034089311,2.950331926080766,-1.5680823418347771,-1.4657678272801435,-0.0998750420722238,-1.584721177646152,-1.4447774006307297,131.99,0.5790695840988207
2022-09-09,russia_ukraine_war,2022-02-24,4741,-1.940224125791455,1.940224125791455,2.270849284089016,1.3528357240354292,0.6342424180108615,2.8780454754657843,-1.8471499574956696,-1.870551034117908,-0.4218831848914419,-2.156283079360157,-1.6906146901200532,131.99,0.5790695840988207
2022-09-10,russia_ukraine_war,2022-02-24,3071,-2.446203133521304,2.446203133521304,2.833636046075437,1.2295740949878229,0.6731847810029367,2.8688897532793343,-0.8349739182063762,-0.9072464782048564,-0.5354887315766149,-0.7286376307679174,-1.7217521703322527,131.99,0.5790695840988207
2022-09-11,russia_ukraine_war,2022-02-24,3118,-2.626347905103627,2.626347905103627,2.888595829545244,1.3359551778444383,0.6802441811545569,2.869873869354308,-0.4746067515585773,-0.8131735301817162,-0.437441341092924,-0.4698366818295363,-1.7184053131224162,131.99,0.5790695840988207
2022-09-12,russia_ukraine_war,2022-02-24,4678,-2.296151917647045,2.296151917647045,2.6641359762374286,1.585639104831288,0.6595307450491475,2.845211805190832,-1.1351410062750589,-1.1973744636717096,-0.2073171796404862,-1.229201047741579,-1.8022779470058143,131.99,0.5790695840988207
2022-09-13,russia_ukraine_war,2022-02-24,5549,-2.51006645810342,2.51006645810342,2.93407778426486,1.956237286867499,0.6721106981700042,2.852849832652859,-0.7072197506542601,-0.7353234861639889,0.1342490433281744,-0.7680140155075666,-1.7763019590808968,131.99,0.5790695840988207
2022-09-14,russia_ukraine_war,2022-02-24,5700,-2.9274975448677028,2.9274975448677028,3.395556269576181,2.3243722397613835,0.6987353810705079,2.90738010887574,0.1278222918466115,0.0545748507961393,0.4735450018561729,0.2080594541699381,-1.590851225399989,131.99,0.5790695840988207
2022-09-15,russia_ukraine_war,2022-02-24,6180,-2.494275739707351,2.494275739707351,2.927219455169992,2.092921968643279,0.6751482495873593,2.907948346279141,-0.7388079915881589,-0.747062674270899,0.2602261062357973,-0.6566559436634324,-1.5889187201815118,131.99,0.5790695840988207
2022-09-16,russia_ukraine_war,2022-02-24,5938,-2.812208777320932,2.812208777320932,3.338272840303037,2.296452628460152,0.6989215924557033,2.949573484799333,-0.1028049206015747,-0.0434754093101461,0.4478125599793182,0.2148860516366692,-1.4473567657438045,131.99,0.5790695840988207
2022-09-17,russia_ukraine_war,2022-02-24,3593,-2.81815540043587,2.81815540043587,3.222486699506694,1.599699237425296,0.695219872838982,2.973992179078308,-0.090909112001471,-0.2416629369396577,-0.1943584911812304,0.0791792594255189,-1.3643118027757737,131.99,0.5790695840988207
2022-09-18,russia_ukraine_war,2022-02-24,3055,-3.076524682504567,3.076524682504567,3.5542670105977856,1.540063617081203,0.7036013756762598,3.032741690436607,0.4259407821703025,0.3262350784795634,-0.249322370074016,0.3864491182278116,-1.164511971572646,131.99,0.5790695840988207
2022-09-19,russia_ukraine_war,2022-02-24,5647,-2.343887130928166,2.343887130928166,2.7335827275173594,1.8490249590619567,0.6671366675121055,2.997745027136443,-1.0396500108476123,-1.0785046244715262,0.035435526049132,-0.950364332342537,-1.2835313005573743,131.99,0.5790695840988207
2022-09-20,russia_ukraine_war,2022-02-24,6519,-2.6523216881059493,2.6523216881059493,3.0993607676621764,2.3069000038094423,0.6839990093836751,3.00670158664614,-0.4226479935804466,-0.4524137560922327,0.4574415077479943,-0.3321829027654063,-1.253071148007607,131.99,0.5790695840988207
2022-09-21,russia_ukraine_war,2022-02-24,8245,-3.015392342764498,3.015392342764498,3.48166168956331,3.0541106436688743,0.7033994810069595,3.056452633581833,0.3036497610700207,0.2019588138972638,1.14611708250795,0.3790475641469693,-1.0838739827868242,131.99,0.5790695840988207
2022-09-22,russia_ukraine_war,2022-02-24,7434,-3.1869166677593705,3.1869166677593705,3.6694745811738136,3.021686926579299,0.7138627958289958,3.1192506655056014,0.6467723200354998,0.523432285499582,1.1162333779521394,0.7626376350912455,-0.8703056332266701,131.99,0.5790695840988207
2022-09-23,russia_ukraine_war,2022-02-24,6638,-3.293367124040889,3.293367124040889,3.8042063327965527,2.899201536972741,0.7215592421296576,3.190933838527512,0.8597191015689616,0.7540484245612569,1.0033432615816575,1.044792997201922,-0.6265200163126161,131.99,0.5790695840988207
2022-09-24,russia_ukraine_war,2022-02-24,4628,-3.452552885499918,3.452552885499918,3.874886336243782,2.36575510370414,0.7321018113108483,3.2626138078285543,1.1781592168372943,0.8750291830502227,0.5116860106838201,1.4312885704432936,-0.3827452948574994,131.99,0.5790695840988207
2022-09-25,russia_ukraine_war,2022-02-24,4768,-2.809969153617718,2.809969153617718,3.065768383359977,1.967294668460812,0.6822539712002087,3.242550152104837,-0.1072851330506813,-0.5099127930775262,0.1444402106080562,-0.3961568280444766,-0.4509793096473096,131.99,0.5790695840988207
2022-09-26,russia_ukraine_war,2022-02-24,7299,-3.497080073735941,3.497080073735941,3.884494809819452,3.2766511215912786,0.7363168077458683,3.310597321378072,1.2672327798525604,0.8914757077306235,1.351224161241998,1.585812333613838,-0.219559292351759,131.99,0.5790695840988207
2022-09-27,russia_ukraine_war,2022-02-24,7350,-3.1739390816232254,3.1739390816232254,3.561459571244453,2.9873376862345173,0.7188857866252277,3.3361533735051667,0.6208115557861015,0.3385463603141965,1.0845749919828758,0.9467828537576248,-0.1326463158323268,131.99,0.5790695840988207
2022-09-28,russia_ukraine_war,2022-02-24,7564,-3.4947718353400976,3.4947718353400976,3.899239925211754,3.3508168145464103,0.7403664297539003,3.400455773867244,1.2626153084524672,0.916714462076468,1.4195798544009637,1.7342733920622544,0.0860382049621413,131.99,0.5790695840988207
2022-09-29,russia_ukraine_war,2022-02-24,6861,-3.1424922730293283,3.1424922730293283,3.60706011926442,2.8275797179576707,0.7174427549282185,3.423812190825196,0.5579043883254038,0.4165993967870523,0.937332160100506,0.89388062913328,0.165470493977248,131.99,0.5790695840988207
2022-09-30,russia_ukraine_war,2022-02-24,7315,-2.778900568822509,2.778900568822509,3.1068733072904298,2.607442455484404,0.6857319842480661,3.3936572312092865,-0.1694356899392553,-0.4395547762099937,0.7344400334728922,-0.2686512244700722,0.0629172011600357,131.99,0.5790695840988207
2022-10-01,russia_ukraine_war,2022-02-24,5585,-3.604887975645884,3.604887975645884,3.929465780562458,2.8221311788643746,0.7302818058369575,3.4509150854909283,1.4828950375594188,0.9684511164052432,0.9323104492314216,1.364566308834722,0.2576440908996755,143.16,0.8080935709075291
2022-10-02,russia_ukraine_war,2022-02-24,4216,-3.6384657533428286,3.6384657533428286,4.329577452838357,2.32882577538802,0.7155396052904828,3.5472397871795565,1.550065061450164,1.6533097925705191,0.4776496559440277,0.8241102631476226,0.5852325030092633,143.16,0.8080935709075291
2022-10-03,russia_ukraine_war,2022-02-24,5071,-3.053090632412228,3.053090632412228,3.5069787038271505,2.233660204386281,0.7072336619623976,3.5437353133221983,0.3790625843703755,0.2452931579681746,0.3899391753768466,0.5196104516950145,0.5733142203041421,143.16,0.8080935709075291
2022-10-04,russia_ukraine_war,2022-02-24,5216,-2.7914472835105446,2.7914472835105446,3.377058724500605,2.08335108187982,0.6946492607527737,3.5331585310481897,-0.1443368542464327,0.0229131795414429,0.2514049845986273,0.0582603504226717,0.5373438902680164,143.16,0.8080935709075291
2022-10-05,russia_ukraine_war,2022-02-24,6443,-2.961877435023358,2.961877435023358,3.3977377337794428,2.5560125515163263,0.7034839071394154,3.5250999724082503,0.1965968862810346,0.0583087950668719,0.6870390506901416,0.3821426660997585,0.5099377277523698,143.16,0.8080935709075291
2022-10-06,russia_ukraine_war,2022-02-24,7322,-2.848543405566441,2.848543405566441,3.360335365273098,2.674447110442456,0.7010533373754185,3.513334208285752,-0.0301200077005554,-0.0057116731064181,0.7961956707768657,0.2930368287944503,0.4699238173163465,143.16,0.8080935709075291
2022-10-07,russia_ukraine_war,2022-02-24,7821,-2.22733736078632,2.22733736078632,2.2397613136548165,2.181774427069342,0.6412432390276954,3.385805235667971,-1.2727997718456758,-1.9237633439591209,0.3421180314992216,-1.8996296692133243,0.0362135342274775,143.16,0.8080935709075291
2022-10-08,russia_ukraine_war,2022-02-24,4389,-3.076369337058136,3.076369337058136,3.392539402383046,2.0281571621293777,0.7051291852689372,3.3895651932115904,0.4256300243398631,0.0494109732708875,0.2005348518947604,0.4424593406107039,0.0490006853914163,143.16,0.8080935709075291
2022-10-09,russia_ukraine_war,2022-02-24,3652,-3.6428988114661736,3.6428988114661736,3.959228533818614,2.093675405027964,0.7498793111077146,3.4524440908013294,1.5589330878794785,1.0193950933157427,0.2609205198423347,2.0830201224682807,0.262844049092752,143.16,0.8080935709075291
2022-10-10,russia_ukraine_war,2022-02-24,6800,-3.668337129098178,3.668337129098178,4.1325783132579605,3.281326191798107,0.7331028098201107,3.5285669781994256,1.6098206843876175,1.3161125066945494,1.3555329953109785,1.4679856493053771,0.5217285861925773,143.16,0.8080935709075291
2022-10-11,russia_ukraine_war,2022-02-24,7181,-3.5475477129231376,3.5475477129231376,3.9880826982629145,3.2888845185208235,0.725295492465325,3.580339286849682,1.368189804480846,1.0687838670817638,1.3624992170459491,1.1817657019040544,0.697799812831915,143.16,0.8080935709075291
2022-10-12,russia_ukraine_war,2022-02-24,6014,-3.1274912490895788,3.1274912490895788,3.589632282804935,2.5761718897200376,0.7134235094726286,3.582340370216708,0.5278958765795442,0.3867687124229186,0.7056191445534101,0.7465331894667209,0.7046052501829874,143.16,0.8080935709075291
2022-10-13,russia_ukraine_war,2022-02-24,6074,-2.656230715268322,2.656230715268322,3.018373891619213,2.2028166112968908,0.6826532461320118,3.5264471222571365,-0.4148282548754025,-0.5910364670920234,0.3615118109023604,-0.3815192201714842,0.5145192179841989,143.16,0.8080935709075291
2022-10-14,russia_ukraine_war,2022-02-24,5527,-2.1831071808311515,2.1831071808311515,2.4926754272604428,1.6967292110421697,0.6510151458798533,3.418400145451332,-1.3612791903198465,-1.4908581401638523,-0.1049296617655856,-1.5413869415085486,0.14706479617379,143.16,0.8080935709075291
2022-10-15,russia_ukraine_war,2022-02-24,3885,-2.980344218347461,2.980344218347461,3.440729264584007,1.7948704460848592,0.6978656820870136,3.421838300792724,0.2335384101740266,0.131896058106851,-0.0144766250376946,0.1761758780324647,0.1587575377979819,143.16,0.8080935709075291
2022-10-16,russia_ukraine_war,2022-02-24,4117,-2.586174604093085,2.586174604093085,2.7801043253411666,1.62643019653763,0.6577668679232189,3.3533895938533007,-0.5549706640546013,-0.9988750557626777,-0.1697215847340273,-1.293865617562892,-0.0740280595010666,143.16,0.8080935709075291
2022-10-17,russia_ukraine_war,2022-02-24,5866,-3.686980664283494,3.686980664283494,4.382722402948649,2.985758600928723,0.7443973816882588,3.465430240024818,1.64711578816453,1.7442763469086462,1.0831196092265922,1.8820499967781008,0.3070083385113918,143.16,0.8080935709075291
2022-10-18,russia_ukraine_war,2022-02-24,6446,-3.3821433806638743,3.3821433806638743,4.008428455316698,2.9195998800710745,0.7263845815031867,3.524750383120868,1.0373098680609163,1.10360906516253,1.022143637149166,1.221692221214951,0.5087488177683627,143.16,0.8080935709075291
2022-10-19,russia_ukraine_war,2022-02-24,7230,-2.6191229937027893,2.6191229937027893,3.050774643191742,2.43893185920254,0.6820872863027981,3.474973237660222,-0.4890596875385233,-0.5355771107015878,0.5791302378717657,-0.4022675752322033,0.3394628946879898,143.16,0.8080935709075291
2022-10-20,russia_ukraine_war,2022-02-24,6294,-3.063087902285309,3.063087902285309,3.5576282308726883,2.6021278621463013,0.7025679268671203,3.482621066094893,0.3990614318902403,0.3319883744398533,0.7295417753024496,0.3485623960219383,0.3654722145102199,143.16,0.8080935709075291
2022-10-21,russia_ukraine_war,2022-02-24,5779,-2.856687550517146,2.856687550517146,3.3092676439842568,2.289763720649366,0.6919569422095769,3.462552427554565,-0.0138282085277256,-0.0931226996273754,0.4416476485268049,-0.040441320945794,0.2972212537766095,143.16,0.8080935709075291
2022-10-22,russia_ukraine_war,2022-02-24,3455,-2.8193318096171907,2.8193318096171907,3.193523709002254,1.553070106841657,0.6935060158331452,3.431886734141767,-0.0885557867299851,-0.2912379848802245,-0.2373347840660394,0.0163484508682987,0.1929310184036408,143.16,0.8080935709075291
2022-10-23,russia_ukraine_war,2022-02-24,3436,-3.98106478205074,3.98106478205074,4.829126422471629,2.183744123486172,0.7593344879063468,3.5813488385548347,2.235410743077888,2.508372190717355,0.3439334256325521,2.429651376584763,0.7012331734781019,143.16,0.8080935709075291
2022-10-24,russia_ukraine_war,2022-02-24,4628,-3.029672476031588,3.029672476031588,3.477389111112625,2.0759893795764,0.700321870421821,3.568704626711407,0.3322161808423668,0.1946455745585957,0.2446199840986704,0.2662209042623,0.6582317708518565,143.16,0.8080935709075291
2022-10-25,russia_ukraine_war,2022-02-24,6022,-2.559426887838588,2.559426887838588,2.9905020958406534,2.1101568318209867,0.6633873555118682,3.50773126394234,-0.6084776220210607,-0.6387437510377196,0.2761108229029073,-1.0878158838464955,0.4508688956979032,143.16,0.8080935709075291
2022-10-26,russia_ukraine_war,2022-02-24,6416,-2.415190939203696,2.415190939203696,2.836204572883495,2.0783802606564263,0.6669931773060699,3.4347079876439364,-0.8970116698413734,-0.902850010939966,0.2468235680870885,-0.9556247511724384,0.2025257530743158,143.16,0.8080935709075291
2022-10-27,russia_ukraine_war,2022-02-24,6241,-2.510348147225504,2.510348147225504,2.9750929836951365,2.1204405061957234,0.6773151277624095,3.385256452036792,-0.7066562510316559,-0.6651190479262944,0.2855888937210616,-0.5772171647456286,0.0343471888853373,143.16,0.8080935709075291
2022-10-28,russia_ukraine_war,2022-02-24,4498,-2.6250993056203207,2.6250993056203207,2.954646032733685,1.7619350179003712,0.6786290392772204,3.341354735776176,-0.4771044885404771,-0.700117456464148,-0.044831954211252,-0.5290485470797107,-0.114957125237431,143.16,0.8080935709075291
2022-10-29,russia_ukraine_war,2022-02-24,3117,-3.436874244447266,3.436874244447266,4.060105175574616,1.7478094293188855,0.7215434109069128,3.41395123513406,1.1467951788837971,1.1920624962336357,-0.0578509709600063,1.0442126170872916,0.1319346017282972,143.16,0.8080935709075291
2022-10-30,russia_ukraine_war,2022-02-24,2584,-3.229614094581206,3.229614094581206,3.6948397549062415,1.4143989591232464,0.7123274240063526,3.438534751482805,0.7321855717873292,0.5668490626315277,-0.365142696939931,0.7063501777805687,0.2155401041962709,143.16,0.8080935709075291
2022-10-31,russia_ukraine_war,2022-02-24,4844,-3.147309799968315,3.147309799968315,3.677900904613705,2.228627813755191,0.714321133944049,3.4634152837588648,0.5675415180516958,0.5378553606454756,0.385301012688298,0.7794405272014422,0.3001557211446904,143.16,0.8080935709075291
2022-11-01,russia_ukraine_war,2022-02-24,4941,-3.0418597746214573,3.0418597746214573,3.4791871323746344,2.1847105449416566,0.7088430195801216,3.4655564722206167,0.3565960294682539,0.1977231915004171,0.3448241394631816,0.5786102632516111,0.3074376386167016,116.72,0.26598128700222423
2022-11-02,russia_ukraine_war,2022-02-24,4789,-2.616138906841305,2.616138906841305,3.103506256866725,1.8373864591784463,0.6851470467600954,3.427726558887559,-0.4950291470896308,-0.4453180514542353,0.0247087641843272,-0.2900953094780191,0.1787827762421558,116.72,0.26598128700222423
2022-11-03,russia_ukraine_war,2022-02-24,6055,-2.686157674284434,2.686157674284434,3.1216879768908603,2.222894852822979,0.6915536409244868,3.3958047717294177,-0.354961441465874,-0.4141969680944118,0.3800171610480025,-0.0552265368349148,0.0702207211979684,116.72,0.26598128700222423
2022-11-04,russia_ukraine_war,2022-02-24,5039,-2.809271372784998,2.809271372784998,3.28251457063038,2.046067193318763,0.6912464440305142,3.39023435104616,-0.1086809953864001,-0.1389151012743203,0.217041845191375,-0.0664885202844282,0.0512764085302843,116.72,0.26598128700222423
2022-11-05,russia_ukraine_war,2022-02-24,3886,-3.454270199249644,3.454270199249644,4.0213920514118,2.080687943272588,0.7273513761191153,3.4568229565593023,1.181594584318672,1.1257984484652757,0.2489504712215886,1.2571353691675988,0.2777360306441958,116.72,0.26598128700222423
2022-11-06,russia_ukraine_war,2022-02-24,3333,-3.7069288801261857,3.7069288801261857,4.280206427885099,1.9861563496490569,0.7450195771429882,3.540933902438874,1.687020815436578,1.5688029482735706,0.1618243034465858,1.9048599764719367,0.5637869679291369,116.72,0.26598128700222423
2022-11-07,russia_ukraine_war,2022-02-24,6228,-2.774829372683873,2.774829372683873,3.1761461571708867,2.340544164217264,0.6974779263585529,3.4991732363151664,-0.1775798364746267,-0.3209825986140056,0.4884500484059964,0.1619605696030513,0.4217641008526729,116.72,0.26598128700222423
2022-11-08,russia_ukraine_war,2022-02-24,5365,-2.2784085051887506,2.2784085051887506,2.678135754425598,1.7344264646580958,0.6646153874140358,3.409835312956526,-1.1706354767395362,-1.173411479782687,-0.0701855395382795,-1.0427956534045884,0.1179368588143004,116.72,0.26598128700222423
2022-11-09,russia_ukraine_war,2022-02-24,5521,-2.475172815818265,2.475172815818265,2.881410483684674,1.9222728276815524,0.6740234923115606,3.353081678835068,-0.77702207072091,-0.8254724626919042,0.1029452954911613,-0.6978900774496092,-0.0750752404434334,116.72,0.26598128700222423
2022-11-10,russia_ukraine_war,2022-02-24,5858,-2.6598968781830994,2.6598968781830994,3.0758435957443453,2.152000286075366,0.6869957370285169,3.325675246667485,-0.4074943493145423,-0.4926673661286105,0.3146763402702699,-0.2223214497328926,-0.1682811309157379,116.72,0.26598128700222423
2022-11-11,russia_ukraine_war,2022-02-24,1780,-2.4953260514054456,2.4953260514054456,2.8278855115287187,0.8010636948757802,0.6748634805578587,3.2777474690968105,-0.7367069156178999,-0.9170894889186064,-0.9304304392365804,-0.6670957109921195,-0.3312775822421204,116.72,0.26598128700222423
2022-11-12,russia_ukraine_war,2022-02-24,4145,-2.500140190802696,2.500140190802696,2.8329119042638657,1.5802486937718667,0.6808810246559243,3.229907244409192,-0.7270765624347557,-0.9084859691689856,-0.212285316115681,-0.4464896978168374,-0.4939762770280402,116.72,0.26598128700222423
2022-11-13,russia_ukraine_war,2022-02-24,3450,-1.9074381100411544,1.9074381100411544,2.3151794622713173,1.0495706195509495,0.6315158823234072,3.135866921062366,-1.912736116326855,-1.7946724500930782,-0.7013910759658742,-2.256239167423189,-0.8137958005708348,116.72,0.26598128700222423
2022-11-14,russia_ukraine_war,2022-02-24,5624,-2.2326296508129952,2.2326296508129952,2.5643857248957453,1.7562898686395156,0.6587726901806075,3.068677046618627,-1.262212911370961,-1.3681138592320372,-0.0500348731800676,-1.2569916978126767,-1.0423002640470564,116.72,0.26598128700222423
2022-11-15,russia_ukraine_war,2022-02-24,7379,-2.7975824322874834,2.7975824322874834,3.178458384225877,2.639831118343959,0.6955735609168116,3.075071674987693,-0.1320639130875616,-0.3170248316464321,0.7642914298806132,0.0921456316674251,-1.020552922848691,116.72,0.26598128700222423
2022-11-16,russia_ukraine_war,2022-02-24,9148,-3.113775797054488,3.113775797054488,3.519806972826583,3.363687490788327,0.7210040271004353,3.122135433367317,0.5004590625895211,0.2672509061000141,1.4314422662639943,1.0244385515916106,-0.8604948940646749,116.72,0.26598128700222423
2022-11-17,russia_ukraine_war,2022-02-24,7716,-3.486684615285597,3.486684615285597,3.9347605027332633,3.386003196557968,0.7278590499555396,3.2054806513095864,1.2464373836007006,0.977513927284852,1.45200980194573,1.2757469321610435,-0.5770481029093495,116.72,0.26598128700222423
2022-11-18,russia_ukraine_war,2022-02-24,6431,-2.908634232075204,2.908634232075204,3.289934869997267,2.5069318577720017,0.6959870008989876,3.213819308034777,0.0900875381542589,-0.1262140061719208,0.6418032454554238,0.1073025369877255,-0.54868936140437,116.72,0.26598128700222423
2022-11-19,russia_ukraine_war,2022-02-24,4025,-2.75603845369405,2.75603845369405,3.1901763993581804,1.704355389414948,0.6874572903951784,3.211436531667055,-0.2151697713674996,-0.296967470447381,-0.0979009037501977,-0.2054006849777886,-0.5567928895028791,116.72,0.26598128700222423
2022-11-20,russia_ukraine_war,2022-02-24,2681,-2.9027039556631427,2.9027039556631427,3.168509282868176,1.309617650515097,0.6956743551486899,3.1979730572891163,0.078224430003623,-0.3340543982824451,-0.4617156364572172,0.0958407958878085,-0.6025805028110829,116.72,0.26598128700222423
2022-11-21,russia_ukraine_war,2022-02-24,4151,-2.7563083774203907,2.7563083774203907,3.149929436899088,1.7440320188061056,0.6909745350313792,3.1913603009060427,-0.2146298076060317,-0.3658569414108805,-0.0613324662937483,-0.0764568328166011,-0.625069670441221,116.72,0.26598128700222423
2022-11-22,russia_ukraine_war,2022-02-24,4497,-3.011629957705705,3.011629957705705,3.560619620982623,2.021042373924113,0.708691901847599,3.231434703974751,0.2961233697594882,0.337108643636027,0.1939774227105648,0.5730702156925707,-0.4887815757222357,116.72,0.26598128700222423
2022-11-23,russia_ukraine_war,2022-02-24,4473,-3.0388212701791493,3.0388212701791493,3.5918537348292494,2.0313515468533594,0.7041762794502648,3.271649675618479,0.3505177113072358,0.3905711026003479,0.2034789945748036,0.4075253625354265,-0.3520154246430862,116.72,0.26598128700222423
2022-11-24,russia_ukraine_war,2022-02-24,3875,-2.908843612419674,2.908843612419674,3.5593274590367234,1.748420844264459,0.7030853311534326,3.303643885805251,0.0905063890641455,0.3348968903156945,-0.0572874531022586,0.367530681911169,-0.2432070678244488,116.72,0.26598128700222423
2022-11-25,russia_ukraine_war,2022-02-24,3768,-2.404254820997931,2.404254820997931,2.83118642759287,1.4149459370403348,0.6683610477356935,3.255716334958114,-0.9188886185716666,-0.9114394137959078,-0.3646385682360054,-0.90547797416475,-0.4062027480920852,116.72,0.26598128700222423
2022-11-26,russia_ukraine_war,2022-02-24,2495,-2.546359908191425,2.546359908191425,2.997395298696436,1.0838753150664642,0.6777346568499458,3.2240154215759054,-0.634617211811711,-0.6269448706014238,-0.6697737452683928,-0.5618370299424293,-0.514013638707357,116.72,0.26598128700222423
2022-11-27,russia_ukraine_war,2022-02-24,2237,-3.166527442425219,3.166527442425219,3.604784743398181,1.232259007292425,0.7175339701217068,3.261595025426461,0.6059850837517424,0.4127047068504479,-0.5330141502123827,0.897224621275014,-0.3862100479637762,116.72,0.26598128700222423
2022-11-28,russia_ukraine_war,2022-02-24,3527,-2.7599206138958388,2.7599206138958388,3.185974271277763,1.5445961066756586,0.6906829752240118,3.251316287742997,-0.2074037781604633,-0.3041601220835155,-0.245144947122514,-0.0871455532741962,-0.4211667651628756,116.72,0.26598128700222423
2022-11-29,russia_ukraine_war,2022-02-24,5115,-2.1362184672662448,2.1362184672662448,2.626099258677533,1.5724666302791823,0.6445410778682648,3.184083411500392,-1.4550768215623604,-1.2624807273444671,-0.2194577475061804,-1.7787293373077433,-0.6498174724453207,116.72,0.26598128700222423
2022-11-30,russia_ukraine_war,2022-02-24,4531,-2.07895426582166,2.07895426582166,2.410162843760648,1.4028126109884669,0.6456141489927211,3.10286236934136,-1.5696298993101845,-1.6320923570543813,-0.3758213925251404,-1.7393900422794069,-0.9260402041468052,116.72,0.26598128700222423
2022-12-01,russia_ukraine_war,2022-02-24,5052,-2.057636342289774,2.057636342289774,2.464420755789743,1.501375517917716,0.6450549480358931,3.035388453183452,-1.6122749321608298,-1.539220780495837,-0.2849797168869533,-1.7598906138812451,-1.1555106584071777,111.2,0.15280202046828772
2022-12-02,russia_ukraine_war,2022-02-24,5275,-2.5460119253815217,2.5460119253815217,2.931193318999327,1.915274802338761,0.683923337899044,3.0230287699840512,-0.6353133273755741,-0.7402607354373256,0.0964954821881303,-0.3349570551876343,-1.19754441426097,111.2,0.15280202046828772
2022-12-03,russia_ukraine_war,2022-02-24,3506,-2.689140619596333,2.689140619596333,3.0660954207973417,1.4981128121733116,0.6929917039064348,3.022059814401975,-0.3489942655058264,-0.5093530132912079,-0.2879868284481899,-0.0025064676551144,-1.2008397125071375,111.2,0.15280202046828772
2022-12-04,russia_ukraine_war,2022-02-24,2695,-2.725786639892146,2.725786639892146,3.0240590830792944,1.234961266293481,0.6980534732150273,3.0153226741052634,-0.2756864343269172,-0.5813053021026344,-0.5305235810590146,0.1830603896181979,-1.2237518944632613,111.2,0.15280202046828772
2022-12-05,russia_ukraine_war,2022-02-24,5177,-2.791368583848605,2.791368583848605,3.2146871516976407,2.072294659372943,0.7112672616905089,3.035471964305893,-0.1444942874816038,-0.2550131797776436,0.2412147012721686,0.6674841257823555,-1.155226647395314,111.2,0.15280202046828772
2022-12-06,russia_ukraine_war,2022-02-24,4667,-2.65478012135144,2.65478012135144,3.0638622725835933,1.8301796945145483,0.6922206201972241,3.0404411678197203,-0.4177300677628469,-0.5131754234714685,0.0180665638029148,-0.0307747611883643,-1.1383270000566066,111.2,0.15280202046828772
2022-12-07,russia_ukraine_war,2022-02-24,5442,-2.6141425246046284,2.6141425246046284,3.057298089660425,2.00992054523868,0.6772899540736685,3.043098198391037,-0.4990227717941271,-0.524411130746131,0.1837268570015923,-0.5781400440830401,-1.1292907672884216,111.2,0.15280202046828772
2022-12-08,russia_ukraine_war,2022-02-24,5256,-2.357621783904595,2.357621783904595,2.681825120345957,1.769061587183108,0.6607052060162832,3.0047949256098305,-1.012174786701323,-1.1670965071508363,-0.0382636668568605,-1.1861447531191462,-1.2595554666752595,111.2,0.15280202046828772
2022-12-09,russia_ukraine_war,2022-02-24,4657,-2.856536793180126,2.856536793180126,3.50126999527524,1.9662183235743265,0.6844744631240937,3.0581611948780707,-0.0141297881623495,0.235521739505834,0.1434481845396374,-0.314752543732934,-1.0780633768652437,111.2,0.15280202046828772
2022-12-10,russia_ukraine_war,2022-02-24,3605,-2.712310791541048,2.712310791541048,3.0348921323774807,1.543538363233322,0.6729562290495232,3.056949723385016,-0.3026439377049258,-0.5627627093335008,-0.2461198289486572,-0.7370164534943129,-1.0821834417683138,111.2,0.15280202046828772
2022-12-11,russia_ukraine_war,2022-02-24,2712,-2.8977141694822435,2.8977141694822435,3.278843460178326,1.3195075169751933,0.6945116424815004,3.0844609264700127,0.0682427075678584,-0.1451988265901778,-0.4526005233881804,0.0532151994988219,-0.9886212383475204,111.2,0.15280202046828772
2022-12-12,russia_ukraine_war,2022-02-24,4333,-2.809074615233796,2.809074615233796,3.359750036168792,1.8345811114679065,0.6925188142450909,3.116382232703327,-0.1090745952706504,-0.0067135626869342,0.0221231820955588,-0.0198428263357987,-0.8800608188692646,111.2,0.15280202046828772
2022-12-13,russia_ukraine_war,2022-02-24,4581,-2.5604679815716795,2.5604679815716795,3.05831971543994,1.7415508880894983,0.6788254545967302,3.1099125158048,-0.6063949859527816,-0.5226624457479783,-0.0636192299332965,-0.5218478685541431,-0.9020635268811528,111.2,0.15280202046828772
2022-12-14,russia_ukraine_war,2022-02-24,4920,-2.532930940940299,2.532930940940299,2.9125154226488426,1.813668075437848,0.6794351574688234,3.0868190420686505,-0.6614809327889412,-0.7722311083469277,0.0028484336649352,-0.4994958728492415,-0.98060157847849,111.2,0.15280202046828772
2022-12-15,russia_ukraine_war,2022-02-24,4901,-2.593070816410496,2.593070816410496,3.055228987590619,1.8516050460298576,0.6840021112261886,3.078802828412736,-0.5411752678763047,-0.5279527482558573,0.0378134938948307,-0.3320691877515649,-1.0078637309340546,111.2,0.15280202046828772
2019-09-24,soleimani_assassination,2020-01-03,5,-4.681615731274699,4.681615731274699,4.727461935641732,0.327498296846704,0.7531140420607739,4.727461935641732,0.1447927266095243,-0.0294614884371344,-0.5580285249677599,0.0574293953008888,-0.0484243721297348,90.37,-0.27428568277480986
2019-09-25,soleimani_assassination,2020-01-03,6,-2.3640263754099777,2.3640263754099777,2.9116602343820106,0.1971038080253182,0.6289896484788841,3.771776829715563,-1.5432696348584685,-1.2951973582781502,-0.6053625124537543,-2.060717219125922,-1.6063905986272091,90.37,-0.27428568277480986
2019-09-26,soleimani_assassination,2020-01-03,65,-0.7479598744759253,0.7479598744759253,0.8193760723688457,0.4964218633991664,0.5528879312627001,2.6823300557868848,-2.720363854312283,-2.753660092354816,-0.4967082494135034,-3.359370852162043,-3.382416267356879,90.37,-0.27428568277480986
2019-09-27,soleimani_assassination,2020-01-03,6,-1.5400739476237726,1.5400739476237726,1.8237436622968408,0.1284056907633218,0.597051823660186,2.432668411852589,-2.1434117944116267,-2.0535483542747768,-0.6303003441994269,-2.605726894981869,-3.7894168650323232,90.37,-0.27428568277480986
2019-09-30,soleimani_assassination,2020-01-03,8,-3.6895664515889313,3.6895664515889313,4.1209559642350175,0.4047160787588678,0.7106814859501941,2.844938576777116,-0.5777861226250285,-0.4522369284808731,-0.5299980034651736,-0.6666698125458265,-3.1173304328361344,90.37,-0.27428568277480986
2019-10-01,soleimani_assassination,2020-01-03,22,-1.848446203853683,1.848446203853683,1.9711381748062125,0.5115334645567674,0.6247892170218402,2.6584518372265142,-1.918802720441984,-1.9508044690964483,-0.4912226468657836,-2.13239635819861,-3.42134274830264,97.84,-0.12112461012834137
2019-10-02,soleimani_assassination,2020-01-03,11,-3.2433468619093584,3.2433468619093584,3.5461291819456275,0.4797267792272552,0.7050157866032449,2.828601745233408,-0.9027990471026406,-0.85292984378336,-0.502768665865255,-0.7633533212727647,-3.143962878644117,97.84,-0.12112461012834137
2019-10-03,soleimani_assassination,2020-01-03,57,-4.984080332559358,4.984080332559358,5.152021421009713,3.0011413778806504,0.7692597701970012,3.236553616762404,0.3650988424505478,0.2664850178023327,0.412520071706675,0.3329515420950485,-2.478916166147048,97.84,-0.12112461012834137
2019-10-04,soleimani_assassination,2020-01-03,33,-3.705101058068184,3.705101058068184,4.403485234815944,1.4481198513544735,0.7104347991328769,3.427048335749755,-0.5664711826286551,-0.2552950312427529,-0.1512361281643548,-0.6708794512143083,-2.168370007513757,97.84,-0.12112461012834137
2019-10-05,soleimani_assassination,2020-01-03,7,-4.837577494008658,4.837577494008658,5.041792231327121,0.4674103212829112,0.7769753983489962,3.674966414160254,0.2583905824303487,0.1896478614168242,-0.507239614534013,0.4646164886596606,-1.7642117856197468,97.84,-0.12112461012834137
2019-10-06,soleimani_assassination,2020-01-03,8,-4.633591144819945,4.633591144819945,5.1168993342846525,0.5082680752086031,0.761737589717777,3.8851026989685113,0.1098130626694093,0.2420025619478554,-0.4924080029336664,0.2045877237077757,-1.4216457744275508,97.84,-0.12112461012834137
2019-10-07,soleimani_assassination,2020-01-03,11,-5.262085974817814,5.262085974817814,5.597643878817028,0.7783205633547836,0.7719104656537306,4.123760958597835,0.567589788391718,0.5771138319851409,-0.3943773176645778,0.3781848878180523,-1.032582990178325,97.84,-0.12112461012834137
2019-10-08,soleimani_assassination,2020-01-03,6,-5.906497558491792,5.906497558491792,6.135358959297008,0.4924620016851879,0.7644391584078322,4.393479624740907,1.0369597986315824,0.951937395949084,-0.4981457031472457,0.2506892063362202,-0.5928852593032371,97.84,-0.12112461012834137
2019-10-09,soleimani_assassination,2020-01-03,14,-4.495382456726049,4.495382456726049,4.706028580891411,0.8304002705621103,0.7414287640483718,4.434005552811001,0.0091460123100384,-0.0444019777536096,-0.3754720692027153,-0.1419764696250603,-0.5268195365676245,97.84,-0.12112461012834137
2019-10-11,soleimani_assassination,2020-01-03,46,-3.306267431328417,3.306267431328417,3.239160622817891,1.6888386080913904,0.7780649262491262,4.283541935253775,-0.8569695973212672,-1.066907568295809,-0.0638537646763007,0.4832089648554155,-0.7721066431858795,97.84,-0.12112461012834137
2019-10-12,soleimani_assassination,2020-01-03,111,-3.10628920040989,3.10628920040989,3.224515426321638,2.9783397163612224,0.7629608549983008,4.153551861204128,-1.0026277243195971,-1.0771162549124795,0.4042429307724527,0.2254623893372823,-0.98401759993663,97.84,-0.12112461012834137
2019-10-13,soleimani_assassination,2020-01-03,9,-4.1539522212887885,4.1539522212887885,4.590767809176297,0.5092524714086332,0.7719532248851685,4.206024395966003,-0.2395414991554038,-0.1247464851104234,-0.4920506611638213,0.3789145616451875,-0.8984764143821149,97.84,-0.12112461012834137
2019-10-14,soleimani_assassination,2020-01-03,141,-2.6179732032047025,2.6179732032047025,2.742553564947148,2.913690541970808,0.7310992373338598,4.03383218589209,-1.358302405556311,-1.4130760766341022,0.3807748897590977,-0.3182468336332436,-1.1791856627502073,97.84,-0.12112461012834137
2019-10-15,soleimani_assassination,2020-01-03,64,-3.647846788503908,3.647846788503908,3.700983320714299,2.393756388863016,0.6864167148870212,3.995348759049019,-0.6081734700680689,-0.7449860975599334,0.1920356499400219,-1.0807410615094168,-1.2419216821038688,97.84,-0.12112461012834137
2019-10-16,soleimani_assassination,2020-01-03,10,-3.8324576074813854,3.8324576074813854,4.152637330739176,0.5186578763942525,0.7137179252034486,4.013254541324973,-0.4737085035945809,-0.4301528859546031,-0.4886364423121346,-0.6148538613166231,-1.212731519076353,97.84,-0.12112461012834137
2019-10-17,soleimani_assassination,2020-01-03,9,-3.2453343262441128,3.2453343262441128,3.6140895361668712,0.3978607451759104,0.7272164996064462,3.968433800675131,-0.901351437874643,-0.8055569076278025,-0.5324865309862448,-0.3845046217657805,-1.2857986828796266,97.84,-0.12112461012834137
2019-10-20,soleimani_assassination,2020-01-03,9,-3.690347137088693,3.690347137088693,3.8557831682219934,0.4524169513281308,0.6933279741142955,3.955938207803241,-0.5772174947941501,-0.6370801959956393,-0.5126822984405744,-0.9628024363026064,-1.3061691077755988,97.84,-0.12112461012834137
2019-10-21,soleimani_assassination,2020-01-03,5,-4.457519582642907,4.457519582642907,4.452486354295453,0.3118218485392229,0.7557726734624093,4.010421876274374,-0.0184321660566407,-0.221137956412086,-0.5637191704445604,0.1027981656116779,-1.2173493544412104,97.84,-0.12112461012834137
2019-10-22,soleimani_assassination,2020-01-03,9,-3.433219182456485,3.433219182456485,3.7801617882698766,0.420894430271287,0.7074514986035353,3.985399958058919,-0.7645017611796125,-0.6897933821689245,-0.5241251640917102,-0.721788605601223,-1.258140304577534,97.84,-0.12112461012834137
2019-10-23,soleimani_assassination,2020-01-03,9,-3.874765399549668,3.874765399549668,4.349161188340725,0.4750256504484109,0.7191835555072923,4.024589489675727,-0.4428927806941651,-0.2931625440724258,-0.5044752040234181,-0.5215844725227327,-1.1942531870399298,97.84,-0.12112461012834137
2019-10-24,soleimani_assassination,2020-01-03,13,-4.96771829559542,4.96771829559542,5.141671768480394,0.857439364313575,0.794851595583634,4.144013821426258,0.3531812269826138,0.2592706141382861,-0.365656714759188,0.7696685864682464,-0.9995665958859912,97.84,-0.12112461012834137
2019-10-25,soleimani_assassination,2020-01-03,12,-2.923847550228164,2.923847550228164,3.0566411079528764,0.4687888009929313,0.6667650909280932,4.0285631222871645,-1.1355127335023274,-1.194135941719161,-0.5067392180683835,-1.416090299120236,-1.1877753363684698,97.84,-0.12112461012834137
2019-10-26,soleimani_assassination,2020-01-03,6,-4.42411109211502,4.42411109211502,4.668633309185901,0.3688660805367255,0.7333620085368332,4.096104925248037,-0.0427659054530849,-0.0704689963753447,-0.5430117694805782,-0.2796333022838361,-1.0776680978677626,97.84,-0.12112461012834137
2019-10-27,soleimani_assassination,2020-01-03,25,-5.355489524363069,5.355489524363069,5.463015318062252,1.6557603295611778,0.7849249366469188,4.236858054250049,0.6356221238077678,0.4832686734889396,-0.0758613796925461,0.600273043717809,-0.8482111147054472,97.84,-0.12112461012834137
2019-10-28,soleimani_assassination,2020-01-03,30,-4.498674897123784,4.498674897123784,4.720236978053566,1.62399146542861,0.7481385450180197,4.295183802270728,0.0115441268417296,-0.0344977696406807,-0.087393669368953,-0.0274760121865411,-0.753127969652813,97.84,-0.12112461012834137
2019-10-29,soleimani_assassination,2020-01-03,55,-4.528069754220417,4.528069754220417,4.643786993988197,2.6541086602778767,0.7577882755288862,4.35116441082366,0.032954456398168,-0.087788548591477,0.2865450979120292,0.137193827656327,-0.6618678914916889,97.84,-0.12112461012834137
2019-10-30,soleimani_assassination,2020-01-03,15,-4.404255027063952,4.404255027063952,4.671544630853806,0.8663102589813416,0.7476070864683588,4.398929398832324,-0.0572284658608421,-0.0684396094322903,-0.3624365263832145,-0.0365451975028799,-0.5840009898678153,97.84,-0.12112461012834137
2019-10-31,soleimani_assassination,2020-01-03,20,-4.592701201152869,4.592701201152869,4.804914382572719,1.1689113222469434,0.7486960075484062,4.4433050540067285,0.0800300578880538,0.0245280745308347,-0.2525905116372796,-0.0179630765150457,-0.5116594083032263,97.84,-0.12112461012834137
2019-11-01,soleimani_assassination,2020-01-03,39,-5.385225766266373,5.385225766266373,5.40704079743489,2.412585594651719,0.8082192311005717,4.558653382674523,0.6572811077867249,0.4442506692068334,0.1988707654363106,0.9977833920758388,-0.3236175530592907,73.08,-0.6287910303059265
2019-11-02,soleimani_assassination,2020-01-03,50,-5.412730387538485,5.412730387538485,5.577147716073072,2.949879519950198,0.8026929245705073,4.671719105283094,0.6773146464368711,0.5628266285085025,0.3939117074750197,0.9034785811587324,-0.1392968221968239,73.08,-0.6287910303059265
2019-11-03,soleimani_assassination,2020-01-03,5,-4.15271653943667,4.15271653943667,4.830581308574734,0.2904996206474956,0.7277765534807609,4.685830174266735,-0.240441532640642,0.0424196476507232,-0.5714592680309165,-0.3749474655651049,-0.1162928340003323,73.08,-0.6287910303059265
2019-11-04,soleimani_assassination,2020-01-03,89,-4.229876992363353,4.229876992363353,4.32010468046641,3.504246895662531,0.7400199728926239,4.648797156209898,-0.1842401801233157,-0.3134168836532971,0.5951504151979757,-0.1660170802646855,-0.1766643842526589,73.08,-0.6287910303059265
2019-11-05,soleimani_assassination,2020-01-03,12,-4.670479774738655,4.670479774738655,4.900322033050822,0.7488313176556054,0.7450004424951254,4.673168375461376,0.1366816308971321,0.0910336215757632,-0.4050820920727074,-0.0810268174938593,-0.1369342092641405,73.08,-0.6287910303059265
2019-11-06,soleimani_assassination,2020-01-03,8,-3.9027834547333495,3.9027834547333495,4.146815930519505,0.4281042872569595,0.732183639827387,4.615175850426131,-0.4224852722296385,-0.4342107933051833,-0.5215079424328783,-0.2997418210079441,-0.2314741312886249,73.08,-0.6287910303059265
2019-11-07,soleimani_assassination,2020-01-03,8,-3.198257334753392,3.198257334753392,3.708103133601788,0.3508233784014776,0.6911135118517392,4.514033599826843,-0.935640902151624,-0.740023109282084,-0.5495613793973991,-1.0005915896579858,-0.3963571136941377,73.08,-0.6287910303059265
2019-11-08,soleimani_assassination,2020-01-03,6,-2.76070234006545,2.76070234006545,3.2922481412630926,0.2301771882544837,0.6511711985489554,4.376153989296637,-1.2543427963141704,-1.0299019986400908,-0.593356675550392,-1.682195529489925,-0.6211296618866815,73.08,-0.6287910303059265
2019-11-09,soleimani_assassination,2020-01-03,11,-7.076244773941108,7.076244773941108,7.650832982540035,1.0466546622854964,0.835052916851096,4.719884555580276,1.88896847818268,2.0083246819066987,-0.2969704180658517,1.4556924217587737,-0.0607770834442451,73.08,-0.6287910303059265
2019-11-10,soleimani_assassination,2020-01-03,11,-4.430085784844417,4.430085784844417,4.780389710704158,0.6552585572092452,0.7489665573924029,4.734446500697376,-0.0384141190193455,0.0074327293405629,-0.4390495696251141,-0.0133462222484637,-0.0370380730276656,73.08,-0.6287910303059265
2019-11-11,soleimani_assassination,2020-01-03,11,-4.810455862589159,4.810455862589159,5.066218522343735,0.7115194876863152,0.7405774350952882,4.777794498610535,0.2386360020664846,0.2066746285387264,-0.41862651184696,-0.1565041501856736,0.0336282126727228,73.08,-0.6287910303059265
2019-11-12,soleimani_assassination,2020-01-03,227,-7.665609219739044,7.665609219739044,7.757871041311636,11.162677019518632,0.8753260729149822,5.09329246397265,2.318243809302647,2.082937405493958,3.375206834158478,2.142942096922137,0.5479557579225675,73.08,-0.6287910303059265
2019-11-13,soleimani_assassination,2020-01-03,180,-7.59662860745784,7.59662860745784,7.81441132043251,9.748742515769417,0.8417560466982756,5.3934136576379474,2.268000406618624,2.122349781484389,2.8619400641329618,1.5700793797300916,1.0372159553319475,73.08,-0.6287910303059265
2019-11-14,soleimani_assassination,2020-01-03,146,-7.485582976953268,7.485582976953268,7.605305973978473,8.50726464711353,0.8703738053850641,5.636164490774681,2.1871181101988992,1.9765892959650784,2.411276094894264,2.058433094303636,1.4329504887425506,73.08,-0.6287910303059265
2019-11-15,soleimani_assassination,2020-01-03,18,-4.69684928824143,4.69684928824143,5.178136411194128,1.0886729415665226,0.7543119116470027,5.596024996143369,0.1558883911981383,0.2846889217826122,-0.2817175287478415,0.0778706908059617,1.367514733181981,73.08,-0.6287910303059265
2019-11-16,soleimani_assassination,2020-01-03,10,-5.955586307980245,5.955586307980245,6.414531676555999,0.8059871924349064,0.7954161681406706,5.6933410913085645,1.072714566909792,1.146539549846475,-0.3843341641042151,0.779302852673111,1.526160283501672,73.08,-0.6287910303059265
2019-11-17,soleimani_assassination,2020-01-03,7,-5.096723187027855,5.096723187027855,5.241580468998658,0.4924491701247544,0.7583557611223023,5.65581808744811,0.4471445087526524,0.328913695685924,-0.4981503610812311,0.1468778039783329,1.4649899541025673,73.08,-0.6287910303059265
2019-11-18,soleimani_assassination,2020-01-03,9,-5.164745114001168,5.164745114001168,5.405211163759449,0.6331703094757153,0.7991611081828865,5.636018812873751,0.4966896339007312,0.4429752915210057,-0.4470677370435132,0.8432091634533347,1.4327130033530748,73.08,-0.6287910303059265
2019-11-20,soleimani_assassination,2020-01-03,21,-4.790433488685226,4.790433488685226,4.891622295931833,1.272759377028088,0.7969276152594844,5.567717196040007,0.2240523072937509,0.0849693198835396,-0.2148930401422314,0.8050952574149594,1.321367109624806,73.08,-0.6287910303059265
2019-11-21,soleimani_assassination,2020-01-03,27,-4.350831044817982,4.350831044817982,5.088130231554026,1.4367448092959494,0.7565957156789375,5.523839452280925,-0.0961408872529003,0.2219485630756039,-0.1553653371770791,0.1168431412539505,1.2498372276085847,73.08,-0.6287910303059265
2019-11-22,soleimani_assassination,2020-01-03,74,1.00081359963018,-1.00081359963018,-0.632901700876333,-0.7292967551328869,0.4244353314610189,4.876275285078704,-3.994117840497077,-3.7659953431115474,-0.9416515156156487,-5.551377044762289,0.1941724529511402,73.08,-0.6287910303059265
2019-11-23,soleimani_assassination,2020-01-03,6,-5.0145116136311785,5.0145116136311785,5.362236809190381,0.4180915004649559,0.7571573878110999,4.9376040777328125,0.3872640720493981,0.4130192770379265,-0.5251426445510164,0.1264279125533389,0.2941511876561989,73.08,-0.6287910303059265
2019-11-26,soleimani_assassination,2020-01-03,36,-8.500238214727842,8.500238214727842,9.302747141359148,3.5686648492405446,0.8751490764362717,5.399710253579859,2.926162459198572,3.15981991581084,0.6185345216590379,2.1399217035785933,1.0474807211617891,73.08,-0.6287910303059265
2019-11-27,soleimani_assassination,2020-01-03,17,-8.421780329743582,8.421780329743582,8.679820836822044,1.854709404099338,0.8762469256262416,5.74548610361491,2.869016096204124,2.72559839956646,-0.0036416632792328,2.1586561801611666,1.611167539081794,73.08,-0.6287910303059265
2019-11-28,soleimani_assassination,2020-01-03,5,-3.673609022316744,3.673609022316744,5.296177952031887,0.2569840771108828,0.7077262570142197,5.703735919483504,-0.5894090340230299,0.3669718121808322,-0.5836256128871122,-0.717099933370229,1.5431060233969327,73.08,-0.6287910303059265
2019-11-29,soleimani_assassination,2020-01-03,24,-5.992794551382783,5.992794551382783,6.79483947605937,1.7887048168504285,0.8004485865531878,5.824725451261689,1.0998159319834715,1.4116396558094608,-0.0276017273517084,0.8651796067522362,1.740344217338943,73.08,-0.6287910303059265
2019-11-30,soleimani_assassination,2020-01-03,15,-6.236371230601296,6.236371230601296,7.068910640162387,1.226684727084844,0.8101844001946313,5.9623834114427,1.2772298570516254,1.6026856841580448,-0.2316184165254502,1.0313184301391864,1.964755429191727,73.08,-0.6287910303059265
2019-12-01,soleimani_assassination,2020-01-03,10,-3.6059198438586906,3.6059198438586906,4.348212798193559,0.4879998476728686,0.7221589707920066,5.798444217998456,-0.6387117951634291,-0.2938236357692997,-0.4997654920209076,-0.4708098775381171,1.6975003207867,74.28,-0.6041868419289838
2019-12-02,soleimani_assassination,2020-01-03,6,-5.193373677036733,5.193373677036733,5.742039639381752,0.4330043602262547,0.75800958832558,5.794653789495368,0.5175418179172651,0.6777673854392163,-0.5197291863312552,0.1409704660552652,1.691321131056584,74.28,-0.6041868419289838
2019-12-03,soleimani_assassination,2020-01-03,6,-4.225270818755349,4.225270818755349,4.614859553542572,0.3522875112467827,0.7236343034652658,5.6713601345381175,-0.1875951784013252,-0.1079529194968,-0.5490298903260133,-0.4456337552881784,1.4903267353359615,74.28,-0.6041868419289838
2019-12-04,soleimani_assassination,2020-01-03,8,-4.884316918845252,4.884316918845252,5.547544816682959,0.5357706973835213,0.7763893514595296,5.662938029989197,0.2924341733122538,0.5421914173048967,-0.4824243848710745,0.4546157692281483,1.4765969467666065,74.28,-0.6041868419289838
2019-12-05,soleimani_assassination,2020-01-03,29,-5.565668408393607,5.565668408393607,5.998143915331915,1.952666852926148,0.7794649139158084,5.705725581451797,0.7887100996432965,0.8562892847550364,0.0319174826543006,0.5070993465189193,1.5463495877567055,74.28,-0.6041868419289838
2019-12-06,soleimani_assassination,2020-01-03,13,-4.287617791437905,4.287617791437905,4.2638278199949164,0.7400524858202431,0.7257849567265483,5.558020769332021,-0.1421835192259978,-0.3526456391343555,-0.4082688610841332,-0.4089334839496029,1.3055599099153272,74.28,-0.6041868419289838
2019-12-08,soleimani_assassination,2020-01-03,5,-3.3179962303377115,3.3179962303377115,3.260437237494804,0.2321074980845379,0.7056598244255492,5.323367394436022,-0.8484266929871968,-1.0520763373488002,-0.5926559614161847,-0.7523630034672916,0.923025923820267,74.28,-0.6041868419289838
2019-12-09,soleimani_assassination,2020-01-03,6,-2.079024400809782,2.079024400809782,1.909457210233204,0.1733413935815743,0.6460615488169931,4.972043363278776,-1.750856498790687,-1.993800248477142,-0.6139884125058485,-1.7693902135350283,0.3502944124617334,74.28,-0.6041868419289838
2019-12-10,soleimani_assassination,2020-01-03,6,-1.8788140314197213,1.8788140314197213,1.7230634822786823,0.1566485907332589,0.6054170440304223,4.638479561078373,-1.8966837084677288,-2.123729208903685,-0.6200480008233475,-2.462976846463321,-0.1934842181643875,74.28,-0.6041868419289838
2019-12-11,soleimani_assassination,2020-01-03,15,-5.196512623289848,5.196512623289848,5.724209230740549,1.022146122061217,0.7833331687552375,4.736412758417157,0.519828131931931,0.6653383918021709,-0.3058671662855186,0.5731099883874032,-0.0338326624787171,74.28,-0.6041868419289838
2019-12-12,soleimani_assassination,2020-01-03,7,-3.5979949469691848,3.5979949469691848,3.975532160939889,0.347640937270771,0.7131114915289204,4.655879877045908,-0.6444840516349377,-0.5536070968377208,-0.5507166247610442,-0.6252024752957828,-0.1651180707381061,74.28,-0.6041868419289838
2019-12-13,soleimani_assassination,2020-01-03,9,-4.684491203530304,4.684491203530304,4.958129139941095,0.5742937317535315,0.759882969022822,4.685507880284487,0.1468871340910951,0.1313290616956789,-0.4684402905794028,0.172939161868292,-0.1168182404718058,74.28,-0.6041868419289838
2019-12-15,soleimani_assassination,2020-01-03,8,-6.421244018058691,6.421244018058691,6.640205053779403,0.704359369546894,0.826985088657514,4.874805293043291,1.4118856334844878,1.3038490667511342,-0.421225678004004,1.318017284093439,0.1917760590655485,74.28,-0.6041868419289838
2019-12-16,soleimani_assassination,2020-01-03,12,-4.421667149491748,4.421667149491748,4.688521241094198,0.7089384811592911,0.7620255379986859,4.838914176177888,-0.0445459997331581,-0.0566057706851037,-0.4195634328146765,0.209501477231451,0.1332660461325944,74.28,-0.6041868419289838
2019-12-17,soleimani_assassination,2020-01-03,78,-9.03473044133353,9.03473044133353,9.241894573072315,6.832885045413707,0.9078297253971488,5.288250267875658,3.315470516705437,3.117401584338213,1.803466180303263,2.6976074570085533,0.8657776766587061,74.28,-0.6041868419289838
2019-12-18,soleimani_assassination,2020-01-03,28,-5.285000987540292,5.285000987540292,5.722573633471884,1.7999940292693684,0.7872686438264065,5.334689256157615,0.5842803942540071,0.6641982705377574,-0.0235036750168677,0.6402677239267769,0.941482921919262,74.28,-0.6041868419289838
2019-12-19,soleimani_assassination,2020-01-03,18,-3.4960087103086948,3.4960087103086948,3.891107752317288,0.8103325980508476,0.7254526916436568,5.176395510304473,-0.7187677581331088,-0.6124565858593506,-0.3827567556040117,-0.4146034907879816,0.6834310716019224,74.28,-0.6041868419289838
2019-12-20,soleimani_assassination,2020-01-03,6,-5.895941075034672,5.895941075034672,6.471487756060652,0.4915818409939207,0.8249935126928856,5.312696891462412,1.0292707736762634,1.1862417666604268,-0.4984652067974588,1.284031620477138,0.9056307764547404,74.28,-0.6041868419289838
2019-12-22,soleimani_assassination,2020-01-03,9,-6.649523887030665,6.649523887030665,6.993158292821859,0.815196298071645,0.7752272374359924,5.4895124613419615,1.5781578221780086,1.549881204909544,-0.3809912031025144,0.4347846319834842,1.1938770664544962,74.28,-0.6041868419289838
2019-12-23,soleimani_assassination,2020-01-03,17,-7.513464726911931,7.513464726911931,7.518961142378679,1.654673138072281,0.8604069142994659,5.706966794531015,2.2074263380383035,1.9164011430101484,-0.0762560367734969,1.888351001653632,1.5483730241849984,74.28,-0.6041868419289838
2019-12-24,soleimani_assassination,2020-01-03,39,-6.431431491012775,6.431431491012775,6.624154933234376,2.881286624119474,0.8386444045208441,5.807168296810368,1.419305882291182,1.2926610536134555,0.3690120717448085,1.5169801125092128,1.7117223904433052,74.28,-0.6041868419289838
2019-12-25,soleimani_assassination,2020-01-03,47,-8.612006182102563,8.612006182102563,8.952130798222216,4.473565817513621,0.851154089816111,6.174597838969059,3.0075708840628006,2.91541675121802,0.9470190419440476,1.7304542475367728,2.310709246836664,74.28,-0.6041868419289838
2019-12-28,soleimani_assassination,2020-01-03,105,-7.54218170037836,7.54218170037836,8.397382039405104,6.97583069418672,0.87071828754205,6.413637832726849,2.2283429175528258,2.528719568206532,1.855356314705089,2.064311581952148,2.7003943374041155,74.28,-0.6041868419289838
2019-12-29,soleimani_assassination,2020-01-03,16,-9.465636068512891,9.465636068512891,10.232384110967756,1.973890820581684,0.9160682130761628,6.800646375870182,3.6293292116228737,3.807839387071162,0.0396219111810797,2.838194849073336,3.331299052612561,74.28,-0.6041868419289838
2020-01-02,soleimani_assassination,2020-01-03,22,-6.17305111129478,6.17305111129478,6.421280105225014,1.708311670235969,0.8180546300748428,6.750236969387306,1.231109387152802,1.151243658354309,-0.05678492543166,1.1656216101545842,3.249121196840714,138.42,0.7109070268186052
2020-01-03,soleimani_assassination,2020-01-03,3388,-5.901668189278282,5.901668189278282,6.175381871453497,23.09904124829695,0.7992357136912372,6.697606858656376,1.0334422313894265,0.979836056632582,7.708179187055955,0.8444822847179826,3.163323129561902,138.42,0.7109070268186052
2020-01-04,soleimani_assassination,2020-01-03,1982,-5.963833114648911,5.963833114648911,6.1488465293578605,20.22879892677417,0.8053430013878515,6.639163333045388,1.0787212927796923,0.9613391391081364,6.666263877929422,0.948701369980861,3.06804798245043,138.42,0.7109070268186052
2020-01-05,soleimani_assassination,2020-01-03,1403,-5.845403528640678,5.845403528640678,6.031563223492973,17.888149016342012,0.8172424487692801,6.572674576388414,0.9924607453195304,0.8795847894653667,5.816593814639761,1.1517619727937505,2.9596574292535305,138.42,0.7109070268186052
2020-01-06,soleimani_assassination,2020-01-03,1557,-2.804315200708692,2.804315200708692,2.7668054615010345,8.860818349170309,0.6489482264719826,6.183354351125346,-1.222576500727118,-1.3961708741780012,2.53961822545552,-1.7201299003490982,2.324984189615216,138.42,0.7109070268186052
2020-01-07,soleimani_assassination,2020-01-03,1317,-4.715647968803495,4.715647968803495,5.09725429485589,14.14698066443096,0.7697372980001453,6.0711835217939845,0.1695807845558224,0.2283086486465435,4.458527093009172,0.34110041493411,2.1421223216078524,138.42,0.7109070268186052
2020-01-08,soleimani_assassination,2020-01-03,2146,-4.806253999601882,4.806253999601882,5.137967460634378,16.672112015732935,0.7859174548476628,5.980750776368415,0.2355754914808117,0.2566884625132589,5.3751650342548665,0.6172100776560744,1.99469806829594,138.42,0.7109070268186052
2020-01-09,soleimani_assassination,2020-01-03,983,-4.677753601814481,4.677753601814481,4.969419476896159,12.743510836948357,0.7670729539803877,5.876424952245499,0.1419796677039794,0.1391991856506805,3.949059063712086,0.2956341604593614,1.824625196460712,138.42,0.7109070268186052
2020-01-10,soleimani_assassination,2020-01-03,1017,-4.058495040606806,4.058495040606806,4.277164254840998,11.185569583915203,0.736431323022797,5.706994781300018,-0.3090696377073615,-0.3433492473814608,3.383516973386479,-0.2272563447862248,1.5484186484608464,138.42,0.7109070268186052
2020-01-11,soleimani_assassination,2020-01-03,617,-4.717357529413303,4.717357529413303,4.855389329543355,10.834409780953337,0.7743856409388955,5.625101131477517,0.170825977071383,0.059712506214501,3.256043842664291,0.4204230329488574,1.4149149035589923,138.42,0.7109070268186052
2020-01-12,soleimani_assassination,2020-01-03,403,-3.896599842325622,3.896599842325622,4.227792530293383,7.492444445844196,0.7345153476507279,5.490712485921569,-0.4269892294716655,-0.3777646588619508,2.042890228730734,-0.2599519063157634,1.1958333570301285,138.42,0.7109070268186052
2020-01-13,soleimani_assassination,2020-01-03,503,-4.729378258075738,4.729378258075738,4.983554319368374,10.002513446536769,0.7750404135897976,5.456973354528749,0.1795815141820136,0.1490521211993271,2.954060445675352,0.4315965374768978,1.140831529654747,138.42,0.7109070268186052
2020-01-14,soleimani_assassination,2020-01-03,321,-5.292328617023582,5.292328617023582,5.728664474575027,9.166237843846892,0.7815529361910734,5.506263377135483,0.5896176191157905,0.668443996299773,2.6504873478369344,0.5427308383278389,1.2211845560317445,138.42,0.7109070268186052
2020-01-15,soleimani_assassination,2020-01-03,379,-4.032573063239119,4.032573063239119,4.463710452904403,7.543455155293318,0.7745240854561416,5.395046986781701,-0.3279504261518228,-0.2133140050378118,2.061407424545841,0.4227855483016298,1.0398786228015378,138.42,0.7109070268186052
2020-01-16,soleimani_assassination,2020-01-03,244,-4.959559737739634,4.959559737739634,5.413729650683727,7.49907799761967,0.7699893388197298,5.404857691312891,0.3472387788930247,0.4489132496412946,2.0452982481153423,0.3454014180914617,1.0558721192188834,138.42,0.7109070268186052
2020-01-17,soleimani_assassination,2020-01-03,418,-5.806756204561617,5.806756204561617,6.165058715751177,11.346987060148765,0.7787110906097318,5.487543056048416,0.9643111971762282,0.9726401230384484,3.442112492791644,0.4942355714174614,1.1906665247032409,138.42,0.7109070268186052
2020-01-18,soleimani_assassination,2020-01-03,103,-5.236091239850459,5.236091239850459,5.663930945934671,4.78237526729129,0.7638425336233372,5.49979037636497,0.5486560055005915,0.6233203745272876,1.0591187385144722,0.2405079782077832,1.2106322135059306,138.42,0.7109070268186052
2020-01-19,soleimani_assassination,2020-01-03,57,-4.32908793479551,4.32908793479551,4.773602754829181,2.606740674849258,0.7372971821553841,5.427641476427533,-0.1119779144455358,0.0027017647798252,0.2693502329312995,-0.2124807109455658,1.093014445179889,138.42,0.7109070268186052
2020-01-20,soleimani_assassination,2020-01-03,84,-4.479799990973554,4.479799990973554,4.938303228519611,3.5672427194888154,0.7541994787363782,5.354941090867476,-0.002203786941105,0.1175090684546473,0.6180182799644673,0.0759520559420381,0.974497640163714,138.42,0.7109070268186052
2020-01-21,soleimani_assassination,2020-01-03,96,-4.706982658435815,4.706982658435815,5.024534707656956,4.103549685212841,0.7544566441580709,5.318045536216904,0.1632692331823649,0.1776182071220826,0.8127009497129238,0.0803405089413815,0.9143501839597428,138.42,0.7109070268186052
2020-01-22,soleimani_assassination,2020-01-03,80,-4.868727248160796,4.868727248160796,5.220125820884487,3.747967033941377,0.7686966446189242,5.315593060040264,0.2810791262054322,0.3139583634632021,0.6836222983247087,0.3233419681645699,0.9103521358256847,138.42,0.7109070268186052
2020-01-23,soleimani_assassination,2020-01-03,113,-4.8337256408492575,4.8337256408492575,5.374960445226934,4.688032782586079,0.7781788154143556,5.315474232200133,0.2555850084731537,0.4218885068195127,1.0248718464042466,0.4851524502799107,0.910158421640391,138.42,0.7109070268186052
2020-01-24,soleimani_assassination,2020-01-03,137,-4.185502095945171,4.185502095945171,4.2695176387182086,4.5777910224263945,0.7298246897582689,5.195837281535716,-0.2165615196427685,-0.3486794529335344,0.9848534212161976,-0.3399966166876345,0.7151252172716015,138.42,0.7109070268186052
2020-01-25,soleimani_assassination,2020-01-03,52,-4.220705907014777,4.220705907014777,4.562651500712415,2.3705831204162253,0.7435055257354631,5.116192498866056,-0.1909201227764723,-0.144345442488622,0.1836236134453471,-0.1065371364726951,0.5852875952906565,138.42,0.7109070268186052
2020-01-26,soleimani_assassination,2020-01-03,42,-4.850347655839423,4.850347655839423,5.052432227457866,2.3058487670443464,0.7701970508822901,5.101136641274663,0.2676919841138776,0.1970646540920986,0.1601246519469382,0.3489459639248113,0.5607434044343874,138.42,0.7109070268186052
2020-01-27,soleimani_assassination,2020-01-03,63,-2.931214130033972,2.931214130033972,3.283020774198305,1.901372599156221,0.6652579144674499,4.888017424007689,-1.1301471383974546,-1.0363340938793388,0.0132973585371305,-1.4418098263246073,0.213314590633062,138.42,0.7109070268186052
2020-01-28,soleimani_assassination,2020-01-03,52,-3.9427819261641472,3.9427819261641472,4.292886823310453,2.214485559420944,0.7292802905210026,4.805837310500387,-0.3933515890049889,-0.3323895600631736,0.1269592554227778,-0.3492866310678559,0.0793438501243183,138.42,0.7109070268186052
2020-01-29,soleimani_assassination,2020-01-03,46,-3.768911243789436,3.768911243789436,4.186048514645588,1.9251566762776748,0.7013157726604072,4.710467574098713,-0.5199937630971272,-0.4068630443959892,0.0219311222721526,-0.8264929812557411,-0.0761287290991283,138.42,0.7109070268186052
2020-01-30,soleimani_assassination,2020-01-03,74,-4.282030948139564,4.282030948139564,4.751950809865796,3.1203325744281893,0.7514884096121776,4.705397035342619,-0.146252807802718,-0.0123910966119045,0.455787196389759,0.0296884511727302,-0.0843947657707838,138.42,0.7109070268186052
2020-01-31,soleimani_assassination,2020-01-03,48,-3.496266939211184,3.496266939211184,3.8557902450765216,1.8461697809047184,0.7047415275104767,4.607626423649435,-0.7185796719694271,-0.6370752629522267,-0.0067415981084029,-0.7680334727889898,-0.2437812729135948,138.42,0.7109070268186052
2020-02-01,soleimani_assassination,2020-01-03,33,-4.005474902332358,4.005474902332358,4.357412913995086,1.5655194363831753,0.7340104560102453,4.572711889880406,-0.3476879113003252,-0.2874105364927622,-0.108619369290278,-0.2685677350669033,-0.3006992515330669,75.96,-0.5697409782012641
2020-02-02,soleimani_assassination,2020-01-03,31,-3.759614839010757,3.759614839010757,4.208942403172639,1.3949793991278765,0.7248508498885806,4.52626952722921,-0.5267649846528993,-0.3909044648392422,-0.1705264334788636,-0.4248737449994894,-0.3764099977198982,75.96,-0.5697409782012641
2020-02-03,soleimani_assassination,2020-01-03,60,-3.919602010648682,3.919602010648682,4.26604837024276,2.4523974636463914,0.7336064426342523,4.508526972679791,-0.4102351420920133,-0.3510977663145814,0.2133227144858536,-0.2754621056241139,-0.4053340654785929,75.96,-0.5697409782012641
2020-02-04,soleimani_assassination,2020-01-03,121,-5.138985476204838,5.138985476204838,5.315393479792709,5.205152099262952,0.7740692222114925,4.590418295902918,0.4779270887160137,0.3803663269716954,1.2125892835873322,0.415023439550259,-0.2718341134194084,75.96,-0.5697409782012641
2020-02-05,soleimani_assassination,2020-01-03,38,-2.79371424271134,2.79371424271134,3.247854429859876,1.225599166968708,0.6767246106605751,4.445723769937741,-1.2302979195995116,-1.0608474002659616,-0.2320124814082296,-1.246133996463613,-0.5077163964171539,75.96,-0.5697409782012641
2020-02-06,soleimani_assassination,2020-01-03,32,-3.8747090679217977,3.8747090679217977,4.29350268867159,1.476237211914051,0.7190896058259498,4.426768914871147,-0.4429338109571525,-0.3319602604992162,-0.141029356352938,-0.5231876964638086,-0.538616767092377,75.96,-0.5697409782012641
2020-02-07,soleimani_assassination,2020-01-03,66,-5.764723859952268,5.764723859952268,6.375052698110017,3.868913264436798,0.791494248225036,4.633182871188447,0.9336961019179828,1.1190200475301744,0.7275265109374851,0.7123764319138106,-0.2021189283943206,75.96,-0.5697409782012641
2020-02-08,soleimani_assassination,2020-01-03,28,-6.489001342865256,6.489001342865256,7.318150461752011,2.210058938610431,0.8266523722085842,4.915280215761109,1.4612380303749404,1.7764225972581384,0.125352365316118,1.312339574825118,0.2577586324293385,75.96,-0.5697409782012641
2020-02-09,soleimani_assassination,2020-01-03,30,-4.424779342283399,4.424779342283399,5.06889668237088,1.59731566574577,0.7547320241710479,4.935286855717961,-0.0422791721349369,0.208541486141724,-0.0970771458699887,0.0850397886344035,0.2903736320408098,75.96,-0.5697409782012641
2020-02-10,soleimani_assassination,2020-01-03,30,-4.248894636765036,4.248894636765036,4.682690146557586,1.5338224667053444,0.7478820673224329,4.908365663975729,-0.170388300092444,-0.060670435626382,-0.1201255608451187,-0.0318527293402466,0.2464864695734062,75.96,-0.5697409782012641
2020-02-11,soleimani_assassination,2020-01-03,96,-5.201147489166681,5.201147489166681,5.624161468073755,4.534362815988805,0.7492128335157495,4.979368127076816,0.5232040287953406,0.595598374587268,0.969088719819409,-0.0091435919529399,0.3622353065320222,75.96,-0.5697409782012641
2020-02-12,soleimani_assassination,2020-01-03,25,-4.534958644307642,4.534958644307642,4.938910789512336,1.4020762407033482,0.7549664035504189,4.977946684702463,0.0379721166834588,0.1179325793154839,-0.1679502370969474,0.0890394044599469,0.3599180587289313,75.96,-0.5697409782012641
2020-02-13,soleimani_assassination,2020-01-03,53,-3.975768002612861,3.975768002612861,4.297824414284918,2.265733699439074,0.742470178231194,4.903771876808978,-0.3693255233153648,-0.3289477271787525,0.1455626399693556,-0.1242050399978481,0.2389976375165542,75.96,-0.5697409782012641
2020-02-14,soleimani_assassination,2020-01-03,52,-4.37827136314187,4.37827136314187,4.707573618413408,2.459080641656637,0.7624659904157859,4.876103097116025,-0.076154184935667,-0.0433249827213413,0.2157487484936018,0.2170176694091068,0.1938917506269135,75.96,-0.5697409782012641
2020-02-15,soleimani_assassination,2020-01-03,69,-3.057879491155588,3.057879491155588,3.0252060820816418,2.1194593722281057,0.673209607420995,4.676441051305426,-1.0378879001203725,-1.2160482682617555,0.0924641751775624,-1.3061165026959909,-0.1315990644516002,75.96,-0.5697409782012641
2020-02-16,soleimani_assassination,2020-01-03,34,-3.6631722647680673,3.6631722647680673,3.821487893850757,1.4674691537641669,0.6981883438511863,4.585687686202785,-0.5970108542286264,-0.6609863080493946,-0.144212214451424,-0.8798616427488727,-0.2795459947680303,75.96,-0.5697409782012641
2020-02-17,soleimani_assassination,2020-01-03,26,-4.083079244702008,4.083079244702008,4.372951650685023,1.3055738834171515,0.7461213978168896,4.561291931509122,-0.2911632430672836,-0.2765789922845906,-0.2029811760073397,-0.0618980415038924,-0.319316167649202,75.96,-0.5697409782012641
2020-02-18,soleimani_assassination,2020-01-03,36,-4.954789931299023,4.954789931299023,5.297247362925245,2.0801751923329985,0.773681729379365,4.636393528868031,0.3437645953826849,0.3677172634745405,0.0782037804602698,0.4084109872610625,-0.1968848861364487,75.96,-0.5697409782012641
2020-02-19,soleimani_assassination,2020-01-03,22,-3.83936667569607,3.83936667569607,4.155806442447587,1.0624948311874542,0.7303123194968986,4.582457122005977,-0.4686761461683144,-0.4279438020209961,-0.2912203410238047,-0.3316753572625811,-0.2848124888045594,75.96,-0.5697409782012641
2020-02-20,soleimani_assassination,2020-01-03,17,-4.77216862911066,4.77216862911066,5.129700630355178,1.0509637734316055,0.7546440451558332,4.635827026791604,0.2107487330832028,0.2509259259945344,-0.2954061846775442,0.0835384523713204,-0.1978084027810442,75.96,-0.5697409782012641
2020-02-21,soleimani_assassination,2020-01-03,119,-3.033213273898805,3.033213273898805,3.901230560232148,3.040170165482316,0.7189408114022982,4.56033351666429,-1.0558540306799566,-0.6054003081433094,0.4266877574779755,-0.5257268299540798,-0.3208785839199621,75.96,-0.5697409782012641
2020-02-22,soleimani_assassination,2020-01-03,13,-3.0408111738306074,3.0408111738306074,3.1041823824669152,0.5248508560154628,0.6660882708686376,4.406664015140823,-1.050319948954641,-1.1609964769810064,-0.4863883532821379,-1.4276400362520123,-0.5713919506468047,75.96,-0.5697409782012641
2020-02-23,soleimani_assassination,2020-01-03,13,-2.8006981267789897,2.8006981267789897,2.958514210813424,0.4834068033988162,0.6783811249827163,4.25028538337501,-1.225211068556801,-1.262536986513556,-0.5014327948506186,-1.217866062160449,-0.82632176521257,75.96,-0.5697409782012641
2020-02-24,soleimani_assassination,2020-01-03,18,-3.226278302336068,3.226278302336068,3.5415598983451013,0.7478123469939003,0.6902890259829381,4.180840615837571,-0.9152312723832902,-0.8561149416652764,-0.4054519845810926,-1.0146612008057068,-0.9395312332260394,75.96,-0.5697409782012641
2020-02-25,soleimani_assassination,2020-01-03,33,-4.272946134407706,4.272946134407706,4.446970401815963,1.6700592032516406,0.7107549367887449,4.208304520194599,-0.1528699128057629,-0.2249829461512107,-0.0706708021271454,-0.6654163953849154,-0.8947593359026639,75.96,-0.5697409782012641
2020-02-26,soleimani_assassination,2020-01-03,54,-4.843873649277746,4.843873649277746,5.080827412801476,2.799995345363348,0.7330160129232779,4.300498221256617,0.2629765125067055,0.2168580074055448,0.3395028462695376,-0.2855376166277785,-0.7444643572954268,75.96,-0.5697409782012641
2020-02-27,soleimani_assassination,2020-01-03,22,-4.936295989845755,4.936295989845755,5.503283886399173,1.366055763212979,0.7522029907886555,4.424926020769957,0.3302941648236847,0.5113385730467084,-0.181025888117016,0.0418825707652767,-0.5416210691902772,75.96,-0.5697409782012641
2020-02-28,soleimani_assassination,2020-01-03,16,-4.167740524347423,4.167740524347423,4.728380488582743,0.8691084998441237,0.7411587380073803,4.460090342622914,-0.2294985140325671,-0.0288211952790331,-0.3614207480387542,-0.1465843853459602,-0.484295883849545,75.96,-0.5697409782012641
2020-02-29,soleimani_assassination,2020-01-03,16,-3.700644938472802,3.700644938472802,3.857422563639975,0.7717039849632777,0.7107104950107229,4.397062370620817,-0.5697168860782884,-0.6359374271657877,-0.3967791756082264,-0.6661747813793193,-0.5870446356036423,75.96,-0.5697409782012641
2020-03-01,soleimani_assassination,2020-01-03,5,-4.290512736870331,4.290512736870331,4.85774731469628,0.3001390320306227,0.7431273209419832,4.446713886770575,-0.1400749280682865,0.06135618040345,-0.5679601034427084,-0.1129910910883204,-0.5061022992880092,81.54,-0.4553315022484801
2020-03-02,soleimani_assassination,2020-01-03,32,-5.207993722173478,5.207993722173478,5.519241086805621,1.9842093941290009,0.7534026497249635,4.560887357019451,0.5281906189465976,0.5224618146003818,0.0433676157394301,0.0623544010081473,-0.3199757085242267,81.54,-0.4553315022484801
2020-03-03,soleimani_assassination,2020-01-03,20,-3.543711472004759,3.543711472004759,3.8694602739838375,0.9019277068063866,0.702504536032,4.4837594901232505,-0.6840225016650328,-0.6275463337097056,-0.349507177567383,-0.806207080650453,-0.4457102323762238,81.54,-0.4553315022484801
2020-03-04,soleimani_assassination,2020-01-03,17,-4.254883232948377,4.254883232948377,4.577686212788366,0.937043194729614,0.76879978889774,4.500496151479684,-0.1660263868011414,-0.1338652373241148,-0.3367600432295242,0.3251020952328014,-0.4184259805071116,81.54,-0.4553315022484801
2020-03-05,soleimani_assassination,2020-01-03,35,-3.548893476428125,3.548893476428125,3.9973993552433913,1.455976577897132,0.7283065238453007,4.448551242740536,-0.6802480855451497,-0.5383641921838016,-0.1483840889469574,-0.3659036756942928,-0.5031070255001239,81.54,-0.4553315022484801
2020-03-06,soleimani_assassination,2020-01-03,11,-2.3001902199656974,2.3001902199656974,2.415029471559259,0.3402235076345078,0.6597540215883788,4.223329857994076,-1.5897659699549436,-1.641382390561778,-0.5534091965465133,-1.535732154817442,-0.8702648986783703,81.54,-0.4553315022484801
2020-03-07,soleimani_assassination,2020-01-03,13,-3.545341391222143,3.545341391222143,3.98030560370335,0.6119339076572502,0.6992696043601498,4.180594201733825,-0.6828353175436795,-0.550279686292751,-0.4547766792465821,-0.8614102471747748,-0.939932939655268,81.54,-0.4553315022484801
2020-03-08,soleimani_assassination,2020-01-03,15,-2.6626506751247945,2.6626506751247945,2.66857683228123,0.5237393342959816,0.6676280561922654,4.016136710927307,-1.3257606791443384,-1.4646428330722816,-0.4867918423838315,-1.401364048300986,-1.2080329809578567,81.54,-0.4553315022484801
2020-03-09,soleimani_assassination,2020-01-03,48,-2.818329690493332,2.818329690493332,2.956415914559216,1.4881916048404606,0.6619107445863507,3.900631290841912,-1.2123687679979511,-1.2639996400801106,-0.1366898394738432,-1.4989283051906022,-1.3963309280060658,81.54,-0.4553315022484801
2020-03-10,soleimani_assassination,2020-01-03,13,-3.942614662085449,3.942614662085449,4.147885121388143,0.6805041688030625,0.7277686514709638,3.917203945466559,-0.3934734191277251,-0.4334654953834982,-0.4298852600437873,-0.3750823110601426,-1.3693140413469556,81.54,-0.4553315022484801
2020-03-11,soleimani_assassination,2020-01-03,15,-3.853360471039591,3.853360471039591,4.350487143018421,0.7579501384687414,0.7449566719268779,3.957282698700944,-0.4584834866474606,-0.292238264512505,-0.4017719050076141,-0.0817737494890109,-1.3039773069434362,81.54,-0.4553315022484801
2020-03-12,soleimani_assassination,2020-01-03,17,-4.642578345514833,4.642578345514833,4.827524737454794,1.0224244019146098,0.7791645394177067,4.047232169850149,0.1163590692730417,0.0402890120738621,-0.3057661490169426,0.5019735432190663,-1.157340891587814,81.54,-0.4553315022484801
2020-03-13,soleimani_assassination,2020-01-03,25,-5.189496108090676,5.189496108090676,5.512028215017322,1.6044400324376669,0.8108385987657887,4.198154370683662,0.5147175133547369,0.5174339580119222,-0.0944909577044611,1.0424821381636336,-0.9113061984977584,81.54,-0.4553315022484801
2020-03-14,soleimani_assassination,2020-01-03,7,-4.87072982671171,4.87072982671171,5.23329958066452,0.470613524228849,0.8281311157464244,4.313863076518725,0.2825377441737649,0.323141359757725,-0.5060768325059642,1.33757390248542,-0.7226768532407173,81.54,-0.4553315022484801
2020-03-15,soleimani_assassination,2020-01-03,6,-3.622003041132836,3.622003041132836,4.099460399368135,0.3019892669187147,0.7297182643072909,4.293957910516547,-0.6269972781365681,-0.4672207824312425,-0.5672884569963693,-0.3418127360028846,-0.7551264291228956,81.54,-0.4553315022484801
2020-03-16,soleimani_assassination,2020-01-03,16,-5.67285048435592,5.67285048435592,5.857298601194178,1.182972535237319,0.8108283356225279,4.458489277881837,0.8667782991705927,0.758110631172169,-0.2474862063423215,1.0423070006139228,-0.4869059536074251,81.54,-0.4553315022484801
2020-03-17,soleimani_assassination,2020-01-03,9,-4.887723377903569,4.887723377903569,5.265677856564004,0.5992089165115365,0.7901122871950566,4.53903379331572,0.294915335606029,0.3457111949887165,-0.4593959279364226,0.688793669553811,-0.3556015793972777,81.54,-0.4553315022484801
2020-03-18,soleimani_assassination,2020-01-03,25,-2.848733795908966,2.848733795908966,3.2436898897731288,0.8807449603418408,0.6730104269219981,4.404462244053417,-1.1902233323294793,-1.063750364706148,-0.3571966425527111,-1.3095154598826924,-0.574981297149524,81.54,-0.4553315022484801
2020-03-19,soleimani_assassination,2020-01-03,18,-3.503904606406996,3.503904606406996,3.5952743508906093,0.8121627714083707,0.7208852647165713,4.315069593606475,-0.7130166249654164,-0.8186723567902014,-0.3820923916145116,-0.4925453006375117,-0.7207099785214705,81.54,-0.4553315022484801
2020-03-20,soleimani_assassination,2020-01-03,12,-4.507621185900752,4.507621185900752,4.759235005135015,0.7227197365005744,0.7577524203907795,4.3642244598342455,0.0180603344351966,-0.0073135227618628,-0.4145607538382732,0.1365819701704708,-0.6405772852567253,81.54,-0.4553315022484801
2020-03-21,soleimani_assassination,2020-01-03,16,-5.102614567249774,5.102614567249774,5.593279454367984,1.06405993029511,0.7391154534912603,4.500875984893609,0.4514356128624259,0.5740715347053591,-0.2906522005889924,-0.181452440328843,-0.4178067727503714,81.54,-0.4553315022484801
2020-03-22,soleimani_assassination,2020-01-03,10,-4.580434020761461,4.580434020761461,4.852063033829786,0.6198837470594685,0.7725082792335407,4.5464518032928485,0.0710950127526105,0.0573938544611507,-0.4518908394984336,0.3883864023922027,-0.3435086745894876,81.54,-0.4553315022484801
2020-03-23,soleimani_assassination,2020-01-03,9,-5.343946275180127,5.343946275180127,5.664211808702274,0.6551394196985016,0.7969594506727712,4.669950137945127,0.627214368384892,0.6235161547599042,-0.4390928172615259,0.8056385194678592,-0.142180608238105,81.54,-0.4553315022484801
2020-03-24,soleimani_assassination,2020-01-03,8,-4.618300765028701,4.618300765028701,4.959985558139697,0.5065908422239035,0.7763238063388076,4.701786803491461,0.0986760100449509,0.1326231099949872,-0.4930168486435308,0.4534972608387568,-0.0902801973413414,81.54,-0.4553315022484801
2020-03-25,soleimani_assassination,2020-01-03,8,-5.964884087672701,5.964884087672701,6.000599198991336,0.6543003168229764,0.8087812389392185,4.836747477936681,1.0794867899113945,0.8580007825448046,-0.4393974166764903,1.0073738921085793,0.1297338756908038,81.54,-0.4553315022484801
2020-03-26,soleimani_assassination,2020-01-03,6,-3.800557790230087,3.800557790230087,3.901905523143091,0.3168765039454039,0.7505005299939508,4.734419678792888,-0.4969433707652297,-0.6049298136137582,-0.5618842999841231,0.0128305732937314,-0.0370817983311829,81.54,-0.4553315022484801
2020-03-27,soleimani_assassination,2020-01-03,5,-4.499700193665372,4.499700193665372,4.642772289644424,0.3147725559579306,0.7769728914224249,4.724782169045608,0.0122909219962803,-0.088495865741971,-0.5626480458188621,0.4645737086880817,-0.0527929510955138,81.54,-0.4553315022484801
2020-03-28,soleimani_assassination,2020-01-03,541,-1.7149328325833957,1.7149328325833957,1.7149552193614834,3.737342426638411,0.6001575968125704,4.41196770933531,-2.016049843286999,-2.1293812133099377,0.6797655016635317,-2.552727780963555,-0.5627458219382547,81.54,-0.4553315022484801
2020-03-29,soleimani_assassination,2020-01-03,52,-1.5579685151411955,1.5579685151411955,1.5461476617211334,0.8750417455040935,0.5865668654720807,4.107097412750939,-2.1303779297951584,-2.2470514306345577,-0.3592669440063994,-2.78464965180396,-1.0597480485036788,81.54,-0.4553315022484801
2020-03-30,soleimani_assassination,2020-01-03,12,-1.7806144292369053,1.7806144292369053,1.6694395078036888,0.2854909802829982,0.6057918829361103,3.842071113101975,-1.968209344334352,-2.161108724480387,-0.5732774347531292,-2.4565803297422573,-1.4917962424394156,81.54,-0.4553315022484801
2020-03-31,soleimani_assassination,2020-01-03,8,-2.482422389126212,2.482422389126212,2.669344859479628,0.2723019813663233,0.6480320075508176,3.71817085661834,-1.4570335404457666,-1.4641074664772669,-0.5780651210680763,-1.7357649093101617,-1.6937795252790162,81.54,-0.4553315022484801
2020-04-01,soleimani_assassination,2020-01-03,11,-3.777169663637076,3.777169663637076,3.981921708870792,0.5586850603653226,0.7059741493896592,3.741255835475923,-0.5139785785370478,-0.5491531523334272,-0.4741063326248954,-0.7469991395292964,-1.6561461906413812,69.34,-0.7054740840807313
2020-04-02,soleimani_assassination,2020-01-03,98,-6.834225463819215,6.834225463819215,7.415002402575943,6.040419755733431,0.8411481811113245,4.127504187201711,1.7126888939106062,1.8439349117798856,1.5157964908565489,1.559706330582603,-1.026480746137128,69.34,-0.7054740840807313
2020-04-03,soleimani_assassination,2020-01-03,17,-6.3760138812275615,6.3760138812275615,6.988440743277813,1.40417494201499,0.8174187135755329,4.438854482720014,1.3789413625783982,1.546592755696445,-0.1671883958372438,1.154769880359966,-0.518914768578618,69.34,-0.7054740840807313
2020-04-04,soleimani_assassination,2020-01-03,24,-4.715031597175926,4.715031597175926,4.883810401483744,1.407323354264585,0.7953053679901821,4.488339675132914,0.1691318380060195,0.0795239042263681,-0.1660455031630968,0.7774120803852261,-0.4382435746749403,69.34,-0.7054740840807313
2020-04-05,soleimani_assassination,2020-01-03,50,-3.647017929900299,3.647017929900299,3.817158940385559,1.987585327558968,0.7416350323469353,4.427564640363586,-0.6087771857384876,-0.6640038796685711,0.0445930999770845,-0.1384565612036939,-0.5373195684281973,69.34,-0.7054740840807313
2020-04-06,soleimani_assassination,2020-01-03,19,-3.428280921031025,3.428280921031025,3.684674281673985,0.8338128496865038,0.7262108510055163,4.357297407531214,-0.7680986422328987,-0.7563545942970173,-0.3742332823565145,-0.4016657221578431,-0.6518698265659735,69.34,-0.7054740840807313
2020-04-07,soleimani_assassination,2020-01-03,10,-3.9695411333613073,3.9695411333613073,4.179018963343199,0.5372097973033638,0.757090888035851,4.339641499592335,-0.3738609875410401,-0.411763114280354,-0.4819019829029191,0.1252931132625726,-0.6806526422615938,69.34,-0.7054740840807313
2020-04-09,soleimani_assassination,2020-01-03,11,-4.625961980919456,4.625961980919456,4.821946026173867,0.68423080737895,0.7412720699069776,4.3904755814753935,0.1042562092098881,0.0364002752305952,-0.4285324677186646,-0.1446504094971262,-0.5977824769344272,69.34,-0.7054740840807313
2020-04-10,soleimani_assassination,2020-01-03,8,-5.514317261612852,5.514317261612852,5.7751306512674905,0.6048767215430377,0.7934898245523356,4.534174237174556,0.7513074692422492,0.7008340455728955,-0.457338480456402,0.7464303605536419,-0.3635236703629674,69.34,-0.7054740840807313
2020-04-11,soleimani_assassination,2020-01-03,6,-2.2100512437743567,2.2100512437743567,2.272123102730711,0.1842659289296092,0.6241610632646792,4.290076764634487,-1.6554204883556327,-1.740997737837604,-0.6100227401516854,-2.143115619060031,-0.7614535071184235,69.34,-0.7054740840807313
2020-04-12,soleimani_assassination,2020-01-03,8,-2.703502326837109,2.703502326837109,2.924100119067064,0.2965526912143805,0.6642203575136354,4.140726558087,-1.2960055650708069,-1.2865259222663683,-0.5692619668331854,-1.4595154334625564,-1.0049255213609305,69.34,-0.7054740840807313
2020-04-14,soleimani_assassination,2020-01-03,12,-3.059729768607983,3.059729768607983,3.318002527632704,0.4905751838792634,0.69077150083972,4.054138558017999,-1.036540213690179,-1.011949459763656,-0.4988306294138483,-1.006427907937576,-1.146082037132649,69.34,-0.7054740840807313
2020-04-15,soleimani_assassination,2020-01-03,10,-3.759648646520025,3.759648646520025,4.110121285546611,0.5088044233512301,0.7173176249518394,4.050088053151772,-0.5267403602802574,-0.459789427988173,-0.4922133053164533,-0.5534260338366306,-1.152685205626868,69.34,-0.7054740840807313
2020-04-16,soleimani_assassination,2020-01-03,8,-4.646450182974874,4.646450182974874,4.705922989255387,0.5096786093640273,0.7557380109041162,4.112580303424956,0.1191791991935895,-0.0444755822232927,-0.4918959705106329,0.1022066591528974,-1.050809792125373,69.34,-0.7054740840807313
2020-04-17,soleimani_assassination,2020-01-03,6,-4.960518376055481,4.960518376055481,5.171935978856278,0.4135897432745608,0.790783777436572,4.229164599944714,0.3479370222013776,0.2803668035617218,-0.526776809617663,0.7002524548952136,-0.8607530512685337,69.34,-0.7054740840807313
2020-04-21,soleimani_assassination,2020-01-03,29,-4.37984038205801,4.37984038205801,4.567382436016692,1.5366292972564102,0.7797510279493782,4.2683548453852325,-0.0750113587615372,-0.1410476625006612,-0.1191066643918994,0.5119817991461387,-0.7968647700492689,69.34,-0.7054740840807313
2020-04-22,soleimani_assassination,2020-01-03,11,-4.037247140989282,4.037247140989282,4.517631250598867,0.5971533882598832,0.7435106097907713,4.29194823043145,-0.3245459685395804,-0.1757275837204535,-0.4601420971144324,-0.1064503785500351,-0.7584026271919369,69.34,-0.7054740840807313
2020-04-23,soleimani_assassination,2020-01-03,15,-4.961590414856591,4.961590414856591,5.397788102695416,0.975937281297526,0.7921420403017154,4.401452617687168,0.3487178630115095,0.4378009188754417,-0.3226412547475466,0.723430814976442,-0.5798876164004119,69.34,-0.7054740840807313
2020-04-24,soleimani_assassination,2020-01-03,14,-3.890737815925217,3.890737815925217,4.133365569823301,0.7187085339527598,0.7434474910969455,4.370674909901775,-0.4312589531409661,-0.4435865990353324,-0.4160168446049783,-0.1075274806713515,-0.6300617050843427,69.34,-0.7054740840807313
2020-04-25,soleimani_assassination,2020-01-03,13,-3.3912949433887323,3.3912949433887323,3.8548938954052825,0.5853451438736523,0.7083806304320751,4.309104859706404,-0.7950381156137455,-0.637700078938477,-0.4644285611901882,-0.7059332416378179,-0.7304337399453229,69.34,-0.7054740840807313
2020-04-26,soleimani_assassination,2020-01-03,6,-4.735918802833647,4.735918802833647,4.949344910394488,0.3948634584820708,0.7750636318268386,4.373070101853502,0.1843454502094995,0.1252058631006208,-0.5335745641703195,0.431992749927667,-0.6261570421952487,69.34,-0.7054740840807313
2020-04-27,soleimani_assassination,2020-01-03,20,-4.032827787777075,4.032827787777075,4.021935178024763,1.0264151433629938,0.7511292034090831,4.327029447727962,-0.3277648924618369,-0.5212610740575772,-0.3043174857529883,0.0235587019670374,-0.7012129196266842,69.34,-0.7054740840807313
2020-04-29,soleimani_assassination,2020-01-03,5,-4.495285627342295,4.495285627342295,5.168290879308247,0.3144637388667571,0.7252675279474775,4.418149197414803,0.0090754847000521,0.2778259241012145,-0.5627601482893054,-0.4177632553182157,-0.5526687059534725,69.34,-0.7054740840807313
2020-04-30,soleimani_assassination,2020-01-03,6,-2.963306727262943,2.963306727262943,3.0086706390636,0.2470695954859117,0.6978538738806958,4.268177023731558,-1.1067718560909108,-1.2275745837934176,-0.5872246296355067,-0.8855692753517637,-0.7971546564658796,69.34,-0.7054740840807313
2020-05-01,soleimani_assassination,2020-01-03,10,-3.9843292554849454,3.9843292554849454,4.08265592418528,0.5392111178141329,0.7239494342855401,4.262700528578474,-0.3630897642910985,-0.4789346314699541,-0.4811754914624566,-0.4402561396495145,-0.8060824868099685,68.51,-0.7224919810414501
2020-05-02,soleimani_assassination,2020-01-03,6,-4.741572237336455,4.741572237336455,5.048429236691519,0.3953348210186804,0.6988656658544351,4.360614731133083,0.1884632418161385,0.1942743003898784,-0.5334034567208337,-0.8683033400925003,-0.6464618965877553,68.51,-0.7224919810414501
2020-05-04,soleimani_assassination,2020-01-03,61,-12.472430063868918,12.472430063868918,12.984522033417363,7.899998477636371,0.9356322662683269,5.285492945633145,5.8193874975760735,5.726264556943797,2.190834805338894,3.1720497170619453,0.8612826657992001,68.51,-0.7224919810414501
2020-05-05,soleimani_assassination,2020-01-03,38,-8.43007884837785,8.43007884837785,8.844399591453644,3.698265719555183,0.870697119824744,5.67548531778712,2.875060487514,2.8403208568735883,0.6655804208308205,2.0639503610232617,1.4970516451835745,68.51,-0.7224919810414501
2020-05-06,soleimani_assassination,2020-01-03,20,-5.497905163651777,5.497905163651777,5.79337883929349,1.399299304039045,0.8269189755057348,5.697278432498905,0.7393533908501001,0.7135542595302277,-0.1689582818886071,1.3168890824195452,1.5325789715807367,68.51,-0.7224919810414501
2020-05-07,soleimani_assassination,2020-01-03,16,-4.88264308273001,4.88264308273001,5.161611808886856,1.018188771617497,0.7892937754115736,5.631267432329094,0.2912150014437535,0.2731701629552241,-0.30730370841298,0.6748260044315725,1.424967261191865,68.51,-0.7224919810414501
2020-05-08,soleimani_assassination,2020-01-03,11,-4.276041339805203,4.276041339805203,4.394056990568302,0.6324736844765744,0.7649708056241519,5.4932189174010295,-0.1506154583143732,-0.2618671513842765,-0.4473206161282799,0.2597616111941267,1.199919363571211,68.51,-0.7224919810414501
2020-05-09,soleimani_assassination,2020-01-03,9,-3.5534330633116524,3.5534330633116524,3.900062696308967,0.4356320133396169,0.7175586737080669,5.328470553717452,-0.6769415870339685,-0.60621438781822,-0.5187753323707877,-0.5493126070380673,0.9313451387579113,68.51,-0.7224919810414501
2020-05-10,soleimani_assassination,2020-01-03,5,-4.13707348297608,4.13707348297608,5.637435983579306,0.2894053244381557,0.7224630490191872,5.369419567187092,-0.2518354643406732,0.6048516043967127,-0.5718565041683258,-0.465620871180567,0.9981005790158844,68.51,-0.7224919810414501
2020-05-11,soleimani_assassination,2020-01-03,16,-6.175741809217893,6.175741809217893,6.64828082108361,1.2878416177490832,0.7975871809419369,5.513672194243829,1.233069210569575,1.3094784195303129,-0.2094180956104404,0.8163505536300196,1.2332624745443623,68.51,-0.7224919810414501
2020-05-12,soleimani_assassination,2020-01-03,6,-8.284821579621228,8.284821579621228,9.03396798767996,0.6907578947254687,0.834275762134553,5.892513204269548,2.769259463058481,2.9724627745320085,-0.4261630955651888,1.4424305029350153,1.8508524057594868,68.51,-0.7224919810414501
2020-05-13,soleimani_assassination,2020-01-03,7,-6.522931269114255,6.522931269114255,7.198055435266572,0.6302504515905094,0.8303809547301625,6.036189479196292,1.4859515678630988,1.6927082892989214,-0.4481276631021102,1.3759667492812135,2.085074726999811,68.51,-0.7224919810414501
2020-05-14,soleimani_assassination,2020-01-03,10,-4.7384053834664375,4.7384053834664375,4.803380236962304,0.6412624809955534,0.7584345217596651,5.907542068374816,0.1861566007329293,0.0234586718932482,-0.4441302298764794,0.1482218313090285,1.875352591598353,68.51,-0.7224919810414501
2020-05-15,soleimani_assassination,2020-01-03,7,-3.765663953329821,3.765663953329821,3.846132839338276,0.3638412408791934,0.7114617174043752,5.710093606037581,-0.5223589917722415,-0.6438071240602021,-0.5448358166440634,-0.6533553900906399,1.5534703796775615,68.51,-0.7224919810414501
2020-05-17,soleimani_assassination,2020-01-03,11,-3.516699752482097,3.516699752482097,3.601933664543461,0.5201586871822746,0.7067013780144881,5.503020944110083,-0.7036970255099709,-0.8140303674402142,-0.4880916389258781,-0.7345891949153128,1.215898713326936,68.51,-0.7224919810414501
2020-05-18,soleimani_assassination,2020-01-03,9,-5.032365052848943,5.032365052848943,5.129584829576383,0.6169412173447326,0.7294414211098428,5.4756817864769305,0.4002679800497525,0.2508452050659356,-0.452958995568168,-0.3465369845126266,1.1713301792049522,68.51,-0.7224919810414501
2020-05-20,soleimani_assassination,2020-01-03,11,-4.288664615892023,4.288664615892023,4.779133709337672,0.634340806261033,0.7732178274210684,5.4097215963863885,-0.1414210437876338,0.0065572119418139,-0.4466428396365031,0.4004946354946095,1.063801299852137,68.51,-0.7224919810414501
2020-05-21,soleimani_assassination,2020-01-03,17,-4.515183912178989,4.515183912178989,4.635451909230908,0.9943686174739472,0.7634297666554227,5.331905451498712,0.0235687967294641,-0.093598663070468,-0.3159505683250558,0.2334642301546782,0.9369447391927096,68.51,-0.7224919810414501
2020-05-22,soleimani_assassination,2020-01-03,10,-4.476023113894256,4.476023113894256,4.766979769426448,0.6057535087699621,0.7460058052363406,5.273176514735607,-0.0049547505772302,-0.0019149013373266,-0.4570202013941329,-0.0638705952145461,0.8412043123223429,68.51,-0.7224919810414501
2020-05-23,soleimani_assassination,2020-01-03,13,-5.90872726795621,5.90872726795621,6.624332502388749,1.0198596319422366,0.828468074778553,5.4196516095213,1.0385838519240125,1.2927848312527823,-0.3066971760171946,1.3433240102000077,1.0799892941997893,68.51,-0.7224919810414501
2020-05-24,soleimani_assassination,2020-01-03,7,-4.68027206215472,4.68027206215472,5.289488060923197,0.4522113539209498,0.7713473933153067,5.410897829873461,0.1438140384472042,0.362308508288273,-0.5127569315419166,0.3685762224067436,1.065718805980432,68.51,-0.7224919810414501
2020-05-25,soleimani_assassination,2020-01-03,7,-3.2332936431270984,3.2332936431270984,3.5988946478094457,0.3124032271126914,0.6920227329043919,5.21976313193858,-0.9101215092096536,-0.8161487664298295,-0.5635081265088089,-0.985075997284346,0.7541293480640014,68.51,-0.7224919810414501
2020-05-26,soleimani_assassination,2020-01-03,9,-1.9916020732280328,1.9916020732280328,2.237162953865402,0.2441598323293335,0.6318148932158846,4.911031345067955,-1.814532292075306,-1.7653673121160645,-0.588280891246604,-2.012505240787782,0.2508320862274146,68.51,-0.7224919810414501
2020-05-28,soleimani_assassination,2020-01-03,10,-3.63418665874564,3.63418665874564,3.781658065646545,0.4918252797280269,0.7419958494604331,4.7976895726376885,-0.6181230976150499,-0.6887503762363013,-0.4983768370657475,-0.1322993222812869,0.066061336528863,68.51,-0.7224919810414501
2020-05-31,soleimani_assassination,2020-01-03,5,-3.630726000777334,3.630726000777334,3.72558318153504,0.2539842331843558,0.6955539831817729,4.683720715758245,-0.6206437367642712,-0.7278383406147189,-0.5847145743621073,-0.9248162400852614,-0.1197316917287258,68.51,-0.7224919810414501
2020-06-01,soleimani_assassination,2020-01-03,10,-4.251215566077179,4.251215566077179,4.401271603219733,0.575329635294991,0.734789228179797,4.657570687935369,-0.1686978050073065,-0.2568380812971684,-0.4680642513333323,-0.2552782148787748,-0.1623616960234222,71.23,-0.6667224873870465
2020-06-02,soleimani_assassination,2020-01-03,8,-5.243906584371072,5.243906584371072,5.404246602285887,0.5752148221345876,0.8043703380137722,4.7335413436207245,0.5543484673225136,0.4423029273223668,-0.4681059292044363,0.9321031528751812,-0.0385136680184778,71.23,-0.6667224873870465
2020-06-03,soleimani_assassination,2020-01-03,6,-5.62792145658052,5.62792145658052,5.804439759659193,0.469235352827669,0.8383324737446536,4.856070805621052,0.8340533470417435,0.7212644646977918,-0.5065771170536215,1.5116571046905478,0.1612349336534249,71.23,-0.6667224873870465
2020-06-04,soleimani_assassination,2020-01-03,9,-4.6416225115505165,4.6416225115505165,5.124632969632895,0.5690382578882136,0.7664120813445648,4.888681334824765,0.115662868569974,0.247393425750742,-0.4703480593541605,0.2843565614658009,0.2143969038594555,71.23,-0.6667224873870465
2020-06-05,soleimani_assassination,2020-01-03,7,-6.819461599724019,6.819461599724019,7.132139560798781,0.6589014318119313,0.8138270819400487,5.1245344368264085,1.7019353394787728,1.6467604929905804,-0.437727184128494,1.0934797328761845,0.598886695585488,71.23,-0.6667224873870465
2020-06-06,soleimani_assassination,2020-01-03,8,-3.2817883247121973,3.2817883247121973,3.3852264839663904,0.359986063273684,0.7048302935632158,4.897591581901669,-0.8747994421195429,-0.9650898424468846,-0.5462352694137692,-0.7665187059598465,0.2289224666515126,71.23,-0.6667224873870465
2020-06-07,soleimani_assassination,2020-01-03,8,-4.539854204639547,4.539854204639547,5.231650878933611,0.4979858788144095,0.7452096309028196,4.911046125670214,0.0415378955448743,0.3219921038020598,-0.4961405023655861,-0.0774570782609153,0.2508561816946175,71.23,-0.6667224873870465
2020-06-08,soleimani_assassination,2020-01-03,8,-5.594106050162437,5.594106050162437,6.081387135687888,0.6136289167004936,0.7929841262083475,5.029670750987673,0.8094232223530621,0.9143154061385212,-0.4541613807200361,0.7378007656422024,0.4442390844201068,71.23,-0.6667224873870465
2020-06-09,soleimani_assassination,2020-01-03,16,-3.803663994945493,3.803663994945493,4.216584939484459,0.7931867853207585,0.7355428739127405,4.943143263876712,-0.4946809047015917,-0.385577103189717,-0.3889807892463762,-0.2424174700110993,0.3031812174023612,71.23,-0.6667224873870465
2020-06-10,soleimani_assassination,2020-01-03,12,-3.7706584493757247,3.7706584493757247,3.8007845023693134,0.6045604030547942,0.7352829336518218,4.825631043502127,-0.5187211511132581,-0.6754179638889304,-0.4574533059793166,-0.2468532748334197,0.1116117669536112,71.23,-0.6667224873870465
2020-06-11,soleimani_assassination,2020-01-03,70,-2.9515437976286467,2.9515437976286467,3.1019097792339827,2.067066779920374,0.6949970111368676,4.64885112175087,-1.115339620145403,-1.1625806342311311,0.0734453475333204,-0.9343208057649164,-0.1765764091553099,71.23,-0.6667224873870465
2020-06-12,soleimani_assassination,2020-01-03,16,-4.80750987563919,4.80750987563919,5.591747404452399,1.002521071451973,0.7657608713966765,4.742888435080931,0.2364902338029943,0.5730035929079716,-0.3129911782613806,0.2732438534267418,-0.0232759576882827,71.23,-0.6667224873870465
2020-06-13,soleimani_assassination,2020-01-03,8,-4.27437760924779,4.27437760924779,4.642243620157571,0.4688652089202718,0.7357998637482621,4.721745623602276,-0.1518272695985791,-0.088864383919003,-0.5067114815289848,-0.238032013338612,-0.0577431540615331,71.23,-0.6667224873870465
2020-06-14,soleimani_assassination,2020-01-03,9,-4.349654960652914,4.349654960652914,5.003677168479944,0.5332445874401699,0.7609375406694339,4.727681518047549,-0.0969975115759046,0.1630790999747305,-0.4833413780471484,0.1909351197818157,-0.0480664069693749,71.23,-0.6667224873870465
2020-06-15,soleimani_assassination,2020-01-03,137,-4.749772246840253,4.749772246840253,4.780859195343646,5.194947762950585,0.7723456077612868,4.7196503321410095,0.1944358820390553,0.0077599916997326,1.208885047835666,0.3856104611104343,-0.0611589165455137,71.23,-0.6667224873870465
2020-06-16,soleimani_assassination,2020-01-03,10,-5.004989856735078,5.004989856735078,5.505966716233797,0.6773401499344823,0.7809901848074062,4.802162000720069,0.3803287107910794,0.5132086858194889,-0.431033818014945,0.5331276499159484,0.073352327943902,71.23,-0.6667224873870465
2020-06-19,soleimani_assassination,2020-01-03,6,-5.065013695248322,5.065013695248322,5.536109209525951,0.4223021779360217,0.7555677255030845,4.884889607296582,0.4240482689296412,0.5342200302520078,-0.5236141431816373,0.0993007883947563,0.2082155964472561,71.23,-0.6667224873870465
2020-06-20,soleimani_assassination,2020-01-03,8,-4.047913856494457,4.047913856494457,4.132961016824422,0.4440239374055994,0.7404547111423777,4.812629344034537,-0.316776653876822,-0.4438685996753681,-0.515729013217938,-0.158598398688043,0.0904162826544767,71.23,-0.6667224873870465
2020-06-22,soleimani_assassination,2020-01-03,11,-3.0136478693103546,3.0136478693103546,3.3228148791149867,0.4457517643420465,0.6949500774636838,4.653670019908341,-1.0701048827513466,-1.0085949272256691,-0.5151018015978228,-0.935121715224276,-0.1687205991905893,71.23,-0.6667224873870465
2020-06-23,soleimani_assassination,2020-01-03,8,-3.569764458504112,3.569764458504112,3.856277617348095,0.3915747534825865,0.7105385475514061,4.568834311694381,-0.6650462901105136,-0.6367355317108317,-0.5347683839605406,-0.6691090146778764,-0.3070205134392834,71.23,-0.6667224873870465
2020-06-24,soleimani_assassination,2020-01-03,8,-4.43682223695027,4.43682223695027,4.514843857414429,0.486684091870836,0.7239154247258733,4.562769208928859,-0.0335074899735455,-0.1776705841782928,-0.5002431193288635,-0.4408365028769802,-0.3169078970663015,71.23,-0.6667224873870465
2020-06-25,soleimani_assassination,2020-01-03,8,-5.60850621770777,5.60850621770777,6.01107795567025,0.6152085004859836,0.777655901870529,4.714470609352085,0.8199118711598912,0.8653051804813394,-0.4535879822596311,0.4762290829986557,-0.0696029459833728,71.23,-0.6667224873870465
2020-06-26,soleimani_assassination,2020-01-03,50,-2.837517207760144,2.837517207760144,3.108921225352356,1.546416189128616,0.6713614773179426,4.534501830497581,-1.1983931576827935,-1.1576931848773135,-0.115553963494852,-1.3376543044756068,-0.3629896248597634,71.23,-0.6667224873870465
2020-06-27,soleimani_assassination,2020-01-03,5,-2.729107635371419,2.729107635371419,2.839217697595854,0.1909123161315334,0.6365305793100101,4.351441811897145,-1.277355428677504,-1.3456946770376288,-0.6076100614297044,-1.9320334314461176,-0.661415669833107,71.23,-0.6667224873870465
2020-06-29,soleimani_assassination,2020-01-03,33,-5.293803102639377,5.293803102639377,5.520112061767338,2.0690559425904085,0.7978717336913767,4.478918750039045,0.5906915900780105,0.5230689427080453,0.0741674256041198,0.821206363398419,-0.4536016492411288,71.23,-0.6667224873870465
2020-06-30,soleimani_assassination,2020-01-03,19,-5.824421193503385,5.824421193503385,5.963224844243569,1.4165925561517236,0.7952067444372498,4.647926516828265,0.9771778436651276,0.8319483444489527,-0.1626807268593072,0.7757290981871415,-0.178083708194858,71.23,-0.6667224873870465
2020-07-01,soleimani_assassination,2020-01-03,11,-4.338783628696583,4.338783628696583,4.453929078534125,0.6417539611329812,0.7400263150749306,4.632239386163535,-0.1049158627057401,-0.2201322806172517,-0.443951819616315,-0.1659088527713356,-0.2036570059419399,66.47,-0.7643191012822528
2020-07-02,soleimani_assassination,2020-01-03,11,-3.26617766191986,3.26617766191986,3.291821069621535,0.4831037064023437,0.6833543412724742,4.495802105507132,-0.886169779246191,-1.0301996962880977,-0.5015428208921159,-1.1329995750584334,-0.4260782553469239,66.47,-0.7643191012822528
2020-07-03,soleimani_assassination,2020-01-03,95,-3.973216972619053,3.973216972619053,3.983954421222757,3.4396997181926303,0.7063471739282059,4.442312705116243,-0.3711836168143817,-0.5477362151562205,0.5717193996831893,-0.740633584454906,-0.513277144152296,66.47,-0.7643191012822528
2020-07-04,soleimani_assassination,2020-01-03,5,-4.612013861213532,4.612013861213532,4.703503074332895,0.3226293594518419,0.7644335064710789,4.464561889557177,0.094096818449295,-0.0461624256254313,-0.5597959786676949,0.2505927576821447,-0.4770063288898822,66.47,-0.7643191012822528
2020-07-05,soleimani_assassination,2020-01-03,11,-4.100119679024768,4.100119679024768,4.44482825932591,0.6064529302015214,0.7275776138782852,4.45508007910998,-0.2787515033729637,-0.2264761634921182,-0.4567663071874981,-0.3783423119228531,-0.4924636592921054,66.47,-0.7643191012822528
2020-07-06,soleimani_assassination,2020-01-03,66,-4.91188776742741,4.91188776742741,5.243602979076199,3.2965443269267203,0.8100790168166557,4.534589380363661,0.3125159499425697,0.3303235211919156,0.5197531274888549,1.0295200934961264,-0.362846900301599,66.47,-0.7643191012822528
2020-07-07,soleimani_assassination,2020-01-03,113,-6.169956819790548,6.169956819790548,6.491881523727699,5.983988746460317,0.8153039446953482,4.72678277302747,1.228855598313772,1.2004575938840036,1.4953116934475534,1.118681965530371,-0.0495315489694273,66.47,-0.7643191012822528
2020-07-08,soleimani_assassination,2020-01-03,40,-6.157453730531065,6.157453730531065,6.607880905334349,2.81529310001772,0.8111786429461535,4.932689678503157,1.219748724256209,1.2813169619950988,0.3450560236616108,1.0482848930340538,0.2861396910075103,66.47,-0.7643191012822528
2020-07-09,soleimani_assassination,2020-01-03,55,-6.394138122334279,6.394138122334279,6.714996784664026,3.747896628509895,0.7982690590744369,5.1191121591521975,1.3921425145275124,1.355983931743544,0.6835967407275827,0.8279866053046941,0.5900472510501197,66.47,-0.7643191012822528
2020-07-10,soleimani_assassination,2020-01-03,106,-7.342214004672378,7.342214004672378,7.456925875214445,6.832953539408456,0.8199933899184911,5.360489936277922,2.08269246408636,1.873158390902103,1.803491044037303,1.1987059820536587,0.9835434165307668,66.47,-0.7643191012822528
2020-07-11,soleimani_assassination,2020-01-03,8,-6.90494676655984,6.90494676655984,7.119643124493377,0.7574177118282658,0.7977353532081989,5.552437378794964,1.7642001631560975,1.6380496366972086,-0.4019651790958465,0.8188790701856928,1.2964578177804382,66.47,-0.7643191012822528
2020-07-12,soleimani_assassination,2020-01-03,16,-5.7685659785991685,5.7685659785991685,6.102631699644101,1.2029323069955702,0.7994971593841391,5.620168750029223,0.9364945855491382,0.929124295578296,-0.2402406885664705,0.8489437792985077,1.4068740921400504,66.47,-0.7643191012822528
2020-07-13,soleimani_assassination,2020-01-03,10,-4.413536932511248,4.413536932511248,4.518028802225668,0.5972970681620267,0.758783989117545,5.517775265172293,-0.0504678051818332,-0.1754504635074879,-0.4600899404416196,0.1541853899584216,1.2399513366934447,66.47,-0.7643191012822528
2020-07-14,soleimani_assassination,2020-01-03,26,-4.790384381411728,4.790384381411728,4.895267923544105,1.531736311024506,0.7487703889463452,5.451678226706324,0.2240165390331418,0.0875105674403264,-0.1208828479650206,-0.0166937796292814,1.13219936592093,66.47,-0.7643191012822528
2020-07-15,soleimani_assassination,2020-01-03,15,-4.247802206681048,4.247802206681048,4.704996468184121,0.8355362273888457,0.7248991568282552,5.377356603130252,-0.1711839932995474,-0.0451214297039131,-0.3736076858352686,-0.4240494011475487,1.0110396044974597,66.47,-0.7643191012822528
2020-07-16,soleimani_assassination,2020-01-03,11,-3.951798529845113,3.951798529845113,4.290430658448161,0.5845145960619058,0.7360837741075787,5.26472510852795,-0.3867841661508943,-0.3341016721105903,-0.4647300550652981,-0.2331871657705111,0.8274267559323839,66.47,-0.7643191012822528
2020-07-17,soleimani_assassination,2020-01-03,9,-5.404691225872238,5.404691225872238,5.865236031987142,0.6625864279011997,0.8015996407740433,5.330764666302282,0.6714591629396731,0.7636435541020602,-0.4363895082776818,0.884822011686269,0.9350850211781616,66.47,-0.7643191012822528
2020-07-18,soleimani_assassination,2020-01-03,10,-3.001925266263411,3.001925266263411,3.358421748771969,0.406259466681392,0.6758455313356408,5.121670568659801,-1.0786432741328484,-0.9837745450736258,-0.5294377443217763,-1.261135229035143,0.5942179926277373,66.47,-0.7643191012822528
2020-07-19,soleimani_assassination,2020-01-03,10,-3.354154944655914,3.354154944655914,3.9816997317669327,0.4539277557295113,0.7123183121605017,4.999089266731429,-0.8220897733231621,-0.549307885299281,-0.5121338673122721,-0.6387378501352248,0.3943848810512891,66.47,-0.7643191012822528
2020-07-20,soleimani_assassination,2020-01-03,20,-4.271120694351561,4.271120694351561,5.001221682458451,1.087064261236399,0.7474087454805998,5.0040974733045775,-0.154199508423769,0.1613674611249925,-0.2823014894297945,-0.0399298286748885,0.4025493032526031,66.47,-0.7643191012822528
2020-07-21,soleimani_assassination,2020-01-03,47,-3.714353180038953,3.714353180038953,3.803185350790687,1.9294462949791444,0.7239377258274894,4.886659104479247,-0.5597322153379033,-0.6737444111199933,0.0234882797852526,-0.4404559410750419,0.2111002462460009,66.47,-0.7643191012822528
2020-07-22,soleimani_assassination,2020-01-03,25,-4.094860070095465,4.094860070095465,4.411051642125031,1.2660106659389905,0.7476351310723847,4.842162094904082,-0.2825824442802172,-0.2500207366266088,-0.2173428630536546,-0.0360666245056143,0.1385608316748623,66.47,-0.7643191012822528
2020-07-23,soleimani_assassination,2020-01-03,15,-3.4781189550937497,3.4781189550937497,4.022996644000404,0.6841407035332033,0.7139900940962172,4.757529326141224,-0.731798117613232,-0.5205211609056879,-0.4285651759592165,-0.6102093784544389,0.0005917510960451,66.47,-0.7643191012822528
2020-07-24,soleimani_assassination,2020-01-03,10,-2.237607728611452,2.237607728611452,2.429488940937976,0.3028221030963142,0.6495233656393251,4.50494598095487,-1.6353491738450832,-1.6313031682332535,-0.5669861324306249,-1.7103153180178088,-0.411171829539367,66.47,-0.7643191012822528
2020-07-25,soleimani_assassination,2020-01-03,7,-5.102316645558569,5.102316645558569,5.3339857016922085,0.4929896142317814,0.7884350441055934,4.600137860001792,0.4512186156656122,0.3933263556697158,-0.4979541766041866,0.6601720048753583,-0.2559891949327403,66.47,-0.7643191012822528
2020-07-26,soleimani_assassination,2020-01-03,8,-4.600121022653654,4.600121022653654,4.794510472529958,0.5045966691568464,0.7368088070980965,4.630373215412873,0.0854344326417563,0.0172758497319565,-0.4937407455187299,-0.2208146890163772,-0.2066992538375912,66.47,-0.7643191012822528
2020-07-27,soleimani_assassination,2020-01-03,10,-3.1296930211745986,3.1296930211745986,3.2308225984748216,0.4235506566229418,0.720003661860623,4.477775564590189,-0.9855810853852778,-1.07271973186373,-0.523160937873059,-0.5075895965305983,-0.4554652801681957,66.47,-0.7643191012822528
2020-07-28,soleimani_assassination,2020-01-03,12,-4.24345787895692,4.24345787895692,4.37805629117333,0.6803656815092795,0.7732636225199279,4.459049552176331,-0.1743482709134499,-0.273020714657573,-0.4299355317683837,0.4012761155148327,-0.4859925895474608,66.47,-0.7643191012822528
2020-07-29,soleimani_assassination,2020-01-03,8,-3.341241996900484,3.341241996900484,3.3416300066627085,0.366507657989913,0.7178370072964668,4.341164931798046,-0.8314951759784618,-0.995479518303944,-0.5438678911182834,-0.5445629254409396,-0.6781691297425241,66.47,-0.7643191012822528
2020-07-30,soleimani_assassination,2020-01-03,5,-2.729069775519994,2.729069775519994,2.727660630754909,0.1909096676790392,0.6763690873559595,4.176698928610588,-1.2773830046542574,-1.4234574530813326,-0.6076110228339658,-1.252200898079729,-0.9462830480030447,66.47,-0.7643191012822528
2020-08-01,soleimani_assassination,2020-01-03,6,-4.825149624895297,4.825149624895297,5.1655400881667095,0.4023031956205918,0.7823653645490125,4.282108345253278,0.2493384964642011,0.2759084377281877,-0.5308738946267147,0.5565946915655011,-0.7744436941554603,65.47,-0.7848225915963718
2020-08-03,soleimani_assassination,2020-01-03,13,-4.140295701472436,4.140295701472436,4.267023818762512,0.7146243613468124,0.7409421405157781,4.278189438190316,-0.2494884973292997,-0.3504178131127657,-0.4174994239437827,-0.1502805584372537,-0.780832330758686,65.47,-0.7848225915963718
2020-08-04,soleimani_assassination,2020-01-03,15,-4.981803995165032,4.981803995165032,5.100755855392266,0.9799132617719402,0.7690366219522936,4.364068436640986,0.3634408267767876,0.2307494717651888,-0.3211979498063518,0.329143582310489,-0.6408316356323261,65.47,-0.7848225915963718
2020-08-05,soleimani_assassination,2020-01-03,26,-4.463659422914904,4.463659422914904,4.641317187365785,1.4272652617722796,0.7175076383305116,4.388467191567957,-0.0139600911213827,-0.0895101698628906,-0.1588064702181612,-0.5501835108875475,-0.6010565717445493,65.47,-0.7848225915963718
2020-08-06,soleimani_assassination,2020-01-03,58,-3.622237300529971,3.622237300529971,4.617324703626887,2.209747172298757,0.7438545250910128,4.401000712505342,-0.6268266506394564,-0.1062345441455191,0.1252391922608094,-0.1005815641467208,-0.5806243161841574,65.47,-0.7848225915963718
2020-08-07,soleimani_assassination,2020-01-03,12,-5.389781547944151,5.389781547944151,5.452574676671032,0.8641590185772147,0.7766451712558161,4.499777936295764,0.660599402098813,0.4759908444705803,-0.363217439651012,0.4589812595219653,-0.4195968211877561,65.47,-0.7848225915963718
2020-08-08,soleimani_assassination,2020-01-03,12,-9.9286999509035,9.9286999509035,10.019862284352808,1.5918967269820254,0.9565195595613988,5.0700374735979965,3.966611012145801,3.659697385175219,-0.0990442533907812,3.528485291863537,0.5100452690213914,65.47,-0.7848225915963718
2020-08-09,soleimani_assassination,2020-01-03,7,-4.770953011833958,4.770953011833958,5.158197163922304,0.4609730144579245,0.7670900076291968,5.066158725303668,0.2098633140310493,0.2707899258338427,-0.5095763958155809,0.2959251760079272,0.5037220995943743,65.47,-0.7848225915963718
2020-08-10,soleimani_assassination,2020-01-03,100,-4.152984018771482,4.152984018771482,4.29497199747845,3.720048118806746,0.8001689136941746,4.973440820944857,-0.2402467087403579,-0.330936053472961,0.6734875634018593,0.860407070892272,0.3525725601834185,65.47,-0.7848225915963718
2020-08-11,soleimani_assassination,2020-01-03,14,-5.124231104304164,5.124231104304164,5.415163150542658,0.9465630424993828,0.7732136667867612,5.013816512425424,0.4671804481130949,0.4499124954232558,-0.3333042809555522,0.4004236354823046,0.418393365915495,65.47,-0.7848225915963718
2020-08-12,soleimani_assassination,2020-01-03,9,-4.12018302698516,4.12018302698516,4.243228355189189,0.5051125476106493,0.7274796402913116,4.935240112665348,-0.2641379643302216,-0.367004851093485,-0.4935534785222693,-0.3800142026412113,0.290297431107214,65.47,-0.7848225915963718
2020-08-13,soleimani_assassination,2020-01-03,8,-3.734179835806757,3.734179835806757,3.9194219109376993,0.4096098119813784,0.7291972552705355,4.828269187974232,-0.545291075767289,-0.5927197136197445,-0.5282215487299476,-0.3507036034258239,0.1159124931684226,65.47,-0.7848225915963718
2020-08-14,soleimani_assassination,2020-01-03,17,-2.771894997258773,2.771894997258773,2.769767559286,0.6104480902256311,0.6524523361894906,4.611731733542751,-1.246190401548872,-1.3941060928674618,-0.4553160399538515,-1.6603332888971922,-0.2370887607844107,65.47,-0.7848225915963718
2020-08-15,soleimani_assassination,2020-01-03,5,-3.119761901184772,3.119761901184772,3.3550198442443016,0.2182401905350436,0.6853747484456463,4.4808947432669815,-0.9928146144052596,-0.986145901253905,-0.5976898778642282,-1.0985219152679369,-0.4503803677815534,65.47,-0.7848225915963718
2020-08-16,soleimani_assassination,2020-01-03,9,-4.418710987298812,4.418710987298812,4.454894318225073,0.5417104893961083,0.737587725488657,4.470506095999472,-0.0466991793375013,-0.2194594436554951,-0.4802682044731566,-0.2075226736093322,-0.4673160315074101,65.47,-0.7848225915963718
2020-08-17,soleimani_assassination,2020-01-03,28,-3.758169141329111,3.758169141329111,4.124316682690185,1.2799774363949856,0.7298874640445042,4.4401168054491365,-0.5278179873499785,-0.4498942817622415,-0.2122728409694436,-0.3389253917815103,-0.5168569190142401,65.47,-0.7848225915963718
2020-08-18,soleimani_assassination,2020-01-03,9,-2.560882516367448,2.560882516367448,2.6210290806579195,0.3139505899378558,0.6675125625873626,4.250693736391303,-1.3998855442587967,-1.497786812791082,-0.5629464244517307,-1.4033349130210735,-0.825656064550367,65.47,-0.7848225915963718
2020-08-19,soleimani_assassination,2020-01-03,191,-2.239927830926847,2.239927830926847,2.5742958031893783,2.971323656818847,0.6498226918377958,4.069651257552386,-1.633659281119496,-1.5303630492634503,0.4016960587567595,-1.70520740364575,-1.1207930985413583,65.47,-0.7848225915963718
2020-08-20,soleimani_assassination,2020-01-03,82,-4.602375052167397,4.602375052167397,5.032189703357552,3.604292017426294,0.8041513732994381,4.17269227226418,0.0870761999264392,0.1829542538032821,0.6314673990245503,0.9283665838176268,-0.9528147342563696,65.47,-0.7848225915963718
2020-08-21,soleimani_assassination,2020-01-03,95,-6.494807727362604,6.494807727362604,6.773196111016657,5.622695277775965,0.8546469406852225,4.445787586656996,1.4654672261560568,1.396552775199304,1.3641599808249276,1.790058730020914,-0.5076123618427232,65.47,-0.7848225915963718
2020-08-22,soleimani_assassination,2020-01-03,42,-7.191278300518521,7.191278300518521,7.656997333101461,3.4187240542974315,0.8861522015643608,4.786977311165994,1.9727554381248595,2.0126216487034903,0.5641051069220452,2.3276868282702234,0.0485981140941713,65.47,-0.7848225915963718
2020-08-23,soleimani_assassination,2020-01-03,19,-6.0073773694403325,6.0073773694403325,6.620008251782875,1.4610904295581577,0.8295961891803818,4.993422526280146,1.1104376179283058,1.2897705378427478,-0.1465277298882568,1.3625749538055716,0.3851469111565204,65.47,-0.7848225915963718
2020-08-24,soleimani_assassination,2020-01-03,9,-4.840301677529781,4.840301677529781,5.051127122034298,0.5933952680083144,0.7895754906532175,4.997630900823706,0.2603747957492878,0.1961549078640892,-0.4615063174780882,0.6796333929561074,0.3920074401808417,65.47,-0.7848225915963718
2020-08-25,soleimani_assassination,2020-01-03,10,-2.367060546530245,2.367060546530245,2.836350624378638,0.3203413376219475,0.6627056250502386,4.770688945624035,-1.5410596358983784,-1.3476932198355418,-0.5606265444196896,-1.4853639016525717,0.0220446779865487,65.47,-0.7848225915963718
2020-08-26,soleimani_assassination,2020-01-03,76,-3.094401616979673,3.094401616979673,3.195654572143697,2.29787959881389,0.6807916687601673,4.612991293033889,-1.0112862824487925,-1.0972342107123485,0.1572317957173248,-1.1767308348792227,-0.2350354158747864,65.47,-0.7848225915963718
2020-08-27,soleimani_assassination,2020-01-03,37,-4.292786860521109,4.292786860521109,4.46148028950119,1.842934143232348,0.7370748398367365,4.598300901276566,-0.1384185248187252,-0.2148685788732117,-0.0079161541381671,-0.2162749178367077,-0.2589838211287795,65.47,-0.7848225915963718
2020-08-28,soleimani_assassination,2020-01-03,15,-4.379189948204802,4.379189948204802,4.608452738468113,0.8613799961277091,0.7284916493991535,4.606312106929228,-0.0754851152117239,-0.1124189003610952,-0.3642262415953058,-0.3627445620517485,-0.2459238835374356,65.47,-0.7848225915963718
2020-08-29,soleimani_assassination,2020-01-03,5,-2.763338454878164,2.763338454878164,2.729784933155279,0.1933069029006345,0.7115492207503277,4.418671121000766,-1.2524227295928634,-1.4219766714823991,-0.6067408119607486,-0.651862170984938,-0.5518178615543085,65.47,-0.7848225915963718
2020-08-30,soleimani_assassination,2020-01-03,8,-4.757172341164944,4.757172341164944,4.843484989128161,0.5218239490082301,0.7472695430306133,4.459373960207671,0.1998258881111891,0.0514143805657278,-0.4874871388189858,-0.0423052779290608,-0.4854637367346476,65.47,-0.7848225915963718
2020-08-31,soleimani_assassination,2020-01-03,14,-6.987509291607149,6.987509291607149,7.427750809614229,1.290753270085878,0.835006051037403,4.773666743481076,1.8243362224831907,1.8528214086151389,-0.2083611482155071,1.4548926703018563,0.0268991101230744,65.47,-0.7848225915963718
2020-09-01,soleimani_assassination,2020-01-03,22,-2.983202325965176,2.983202325965176,3.3904011852240887,0.8255624740894907,0.7279890933630929,4.625894762904023,-1.0922805005610263,-0.961482727753118,-0.377228218559675,-0.3713205343938738,-0.2140000663254022,80.38,-0.47911555101285835
2020-09-02,soleimani_assassination,2020-01-03,19,-2.62660379394969,2.62660379394969,2.7658058432062664,0.6388321274943599,0.6704591857127191,4.429528369311599,-1.3520161429114732,-1.3968676753380396,-0.4450124628853424,-1.3530516478476733,-0.5341182803051253,80.38,-0.47911555101285835
2020-09-03,soleimani_assassination,2020-01-03,10,-4.345403354234622,4.345403354234622,4.577771643387607,0.588076348550905,0.743402185355246,4.444134265150186,-0.1000942537801835,-0.1338056864525822,-0.4634371173862108,-0.108300609954207,-0.510307621037597,80.38,-0.47911555101285835
2020-09-04,soleimani_assassination,2020-01-03,7,-3.9535101052558304,3.9535101052558304,4.19576607634031,0.3819910752399321,0.7158461742169898,4.412356727324565,-0.3855375061149676,-0.4000892505418092,-0.5382473170819317,-0.5785359119385621,-0.5621116414064032,80.38,-0.47911555101285835
2020-09-05,soleimani_assassination,2020-01-03,8,-4.778535551669549,4.778535551669549,5.163606862808298,0.5241673231955688,0.7675324683791599,4.460663095619061,0.2153862079243968,0.2745608496744208,-0.4866364798267149,0.3034756398007902,-0.483362176900897,80.38,-0.47911555101285835
2020-09-06,soleimani_assassination,2020-01-03,8,-5.57752753923287,5.57752753923287,5.978026831182003,0.6118103859806617,0.8149771065580204,4.616926974239711,0.7973479337612459,0.8422663245455111,-0.4548215183616915,1.113104567936966,-0.228619433917017,80.38,-0.47911555101285835
2020-09-07,soleimani_assassination,2020-01-03,6,-3.819156416634955,3.819156416634955,4.117913285308389,0.3184271888813129,0.7587992533689587,4.566047799531478,-0.4833966908369605,-0.4543578802649645,-0.5613213919807675,0.1544458699617535,-0.3115631099625608,80.38,-0.47911555101285835
2020-09-08,soleimani_assassination,2020-01-03,9,-4.676606822769451,4.676606822769451,4.940249831457426,0.5733271485638131,0.7934832849762056,4.600845296394751,0.141144388348758,0.1188659815806905,-0.4687911661188512,0.7463187645922039,-0.2548359259314852,80.38,-0.47911555101285835
2020-09-09,soleimani_assassination,2020-01-03,32,-3.492940144600256,3.492940144600256,3.626027147359709,1.33078590677596,0.7193084381716229,4.499954991037962,-0.7210028090764515,-0.797235590010076,-0.1938290591583129,-0.5194533862388909,-0.41930818499695,80.38,-0.47911555101285835
2020-09-10,soleimani_assassination,2020-01-03,9,-3.6734963993017615,3.6734963993017615,3.75415011388128,0.4503511404073709,0.7509891563633962,4.424461790684474,-0.5894910652388466,-0.7079252680931586,-0.5134322002896136,0.0211688399333002,-0.5423778611398645,80.38,-0.47911555101285835
2020-09-11,soleimani_assassination,2020-01-03,23,-3.71047988937714,3.71047988937714,3.969174920587448,1.067377160853879,0.7111673765361041,4.3855568245760495,-0.5625534037269017,-0.5580385207876501,-0.2894480258483558,-0.6583782312552554,-0.6058010774943918,80.38,-0.47911555101285835
2020-09-12,soleimani_assassination,2020-01-03,5,-6.625451188627281,6.625451188627281,6.704651942432523,0.4634775907858654,0.8760924646685961,4.63596466216511,1.5606239928950545,1.3487728811804922,-0.5086672194720403,2.1560203489191627,-0.1975840283901863,80.38,-0.47911555101285835
2020-09-13,soleimani_assassination,2020-01-03,6,-4.029636069368905,4.029636069368905,4.102866624100749,0.3359762067337527,0.7165257276543472,4.5807107872526975,-0.3300896441265792,-0.4648464147776495,-0.5549509924422047,-0.5669395305092262,-0.2876593790081385,80.38,-0.47911555101285835
2020-09-14,soleimani_assassination,2020-01-03,60,-4.166725320421898,4.166725320421898,4.489348004504586,2.6070163704765363,0.7159317866997025,4.573590392550004,-0.2302379580292162,-0.1954429078509665,0.269450312110178,-0.577074959863168,-0.2992671087899863,80.38,-0.47911555101285835
2020-09-15,soleimani_assassination,2020-01-03,168,-5.260876092118751,5.260876092118751,5.611207905298223,6.491430406785,0.7866332356290804,4.693865390798598,0.56670854623339,0.5865688704096627,1.6795160828875266,0.6294246681574257,-0.1031937536635043,80.38,-0.47911555101285835
2020-09-16,soleimani_assassination,2020-01-03,51,-4.913668024714608,4.913668024714608,5.34583069549329,2.719013159490018,0.7642984848380681,4.774367708265118,0.3138126357910109,0.4015831127383275,0.3101058233787359,0.2482886528516339,0.0280418290508152,80.38,-0.47911555101285835
2020-09-17,soleimani_assassination,2020-01-03,38,-4.888255436019885,4.888255436019885,5.311691902558184,2.1444719358633604,0.7524847428840743,4.8296436771327,0.2953028707308317,0.3777860787664677,0.1015438869414971,0.0466905881887437,0.1181531974279123,80.38,-0.47911555101285835
2020-09-18,soleimani_assassination,2020-01-03,109,-4.351875547447078,4.351875547447078,4.4310159799236,4.123996214329158,0.7812682561485891,4.776846229845658,-0.0953801029620295,-0.2361042508937559,0.8201231633514885,0.5378728563407194,0.0320823366303318,80.38,-0.47911555101285835
2020-09-19,soleimani_assassination,2020-01-03,156,-6.412453907327181,6.412453907327181,6.476593572603302,7.579187179231347,0.8111992016484624,4.940302190506528,1.4054831812806707,1.1898008640763926,2.074378365183131,1.0486357212994408,0.298549674721304,80.38,-0.47911555101285835
2020-09-20,soleimani_assassination,2020-01-03,96,-5.905961411622188,5.905961411622188,5.8460411809546535,5.148819923546334,0.8134043821631344,5.026601860436736,1.0365692853818953,0.7502634523810294,1.192140363356649,1.0862664843312932,0.4392361521764944,80.38,-0.47911555101285835
2020-09-21,soleimani_assassination,2020-01-03,65,-5.571595215316673,5.571595215316673,5.636358254563524,3.697874409147075,0.8124755853741847,5.090809435728487,0.7930270074963635,0.6041003548124119,0.665438372787779,1.0704168377208851,0.5439079035405582,80.38,-0.47911555101285835
2020-09-22,soleimani_assassination,2020-01-03,121,-4.807846122578738,4.807846122578738,4.918169677478873,4.869749185661339,0.7460305141277711,5.085042294773487,0.2367351459576748,0.1034746297150772,1.090835998930251,-0.0634489451809034,0.5345062598656437,80.38,-0.47911555101285835
2020-09-23,soleimani_assassination,2020-01-03,22,-5.12727266720277,5.12727266720277,5.273818794621983,1.4189060767435029,0.7704628863892384,5.11539659584524,0.4693958310221426,0.3513859761649811,-0.1618409049026456,0.3534823694031239,0.583990107218164,80.38,-0.47911555101285835
2020-09-24,soleimani_assassination,2020-01-03,10,-5.569486124190552,5.569486124190552,5.953587821892925,0.7537351072431812,0.7829382007726529,5.207455874520532,0.7914908089727116,0.8252306919325976,-0.4033019868161868,0.566369974833446,0.7340659492737205,80.38,-0.47911555101285835
2020-09-26,soleimani_assassination,2020-01-03,10,-4.3130730550957805,4.3130730550957805,4.569788859105273,0.5837009930970549,0.7219632318802175,5.143475651906748,-0.1236426710065462,-0.1393702238138716,-0.4650253978585781,-0.4741501050417804,0.6297648302357028,80.38,-0.47911555101285835
2020-09-27,soleimani_assassination,2020-01-03,11,-2.4377314859124053,2.4377314859124053,2.623691606597255,0.3605673781277828,0.6494250560382597,4.890911347532858,-1.489585049807997,-1.495930853198434,-0.5460242486085339,-1.7119929427187497,0.2180322900994671,80.38,-0.47911555101285835
2020-09-28,soleimani_assassination,2020-01-03,11,-3.588693235708156,3.588693235708156,3.7013521389840016,0.5308073175335336,0.6939307480635545,4.765648003966035,-0.6512591382728065,-0.7447290064287314,-0.4842261217529866,-0.952516274468951,0.0138268907633224,80.38,-0.47911555101285835
2020-09-29,soleimani_assassination,2020-01-03,6,-5.606089030882689,5.606089030882689,5.92211541526883,0.467415045622879,0.8034772502976603,4.872979881478662,0.8181512649982645,0.8032923084919922,-0.5072378995700529,0.9168628711893684,0.1888002571518054,80.38,-0.47911555101285835
2020-09-30,soleimani_assassination,2020-01-03,7,-4.038801129147023,4.038801129147023,4.124398789823424,0.390231957154259,0.72298479729259,4.802175270258822,-0.3234140903176636,-0.4498370475699624,-0.5352558271429618,-0.4567173888996078,0.0733739600621479,80.38,-0.47911555101285835
2020-10-01,soleimani_assassination,2020-01-03,13,-3.857887170000746,3.857887170000746,3.728538525060781,0.6658800128767082,0.7098598795947534,4.700128281956639,-0.4551863753111982,-0.7257782674769762,-0.4351939170266717,-0.6806902856369611,-0.0929839336674066,76.08,-0.5672805593635697
2020-10-02,soleimani_assassination,2020-01-03,82,-4.777438513859593,4.777438513859593,4.825332434167558,3.741390761089753,0.7977334843524206,4.714015850354486,0.2145871585883238,0.0387608292847949,0.6812350715356249,0.8188471787063043,-0.0703442980825747,76.08,-0.5672805593635697
2020-10-03,soleimani_assassination,2020-01-03,25,-5.122661978451685,5.122661978451685,5.396827668539639,1.5837768792350375,0.7193838004649981,4.78892988855579,0.4660375440497525,0.4371314316947962,-0.1019918071955328,-0.5181673506582808,0.0517812228494109,76.08,-0.5672805593635697
2020-10-04,soleimani_assassination,2020-01-03,9,-3.953991374657532,3.953991374657532,4.149370829694438,0.4847383340504675,0.7109373683715244,4.7193728694631485,-0.3851869639618972,-0.4324298568035289,-0.5009494411769152,-0.6623032535738818,-0.0616112386320885,76.08,-0.5672805593635697
2020-10-05,soleimani_assassination,2020-01-03,9,-3.715106435590039,3.715106435590039,4.0501045593156215,0.4554523097724421,0.718271849620574,4.641799097750663,-0.5591835666564026,-0.5016251213506641,-0.5115804449809904,-0.5371424678657778,-0.1880726804193953,76.08,-0.5672805593635697
2020-10-06,soleimani_assassination,2020-01-03,8,-5.262788028405057,5.262788028405057,5.447880213344512,0.5772859662896004,0.7916655964143157,4.729751944738121,0.5681011431031816,0.4727184879032821,-0.4673540913591317,0.7153004388437735,-0.0446911792522668,76.08,-0.5672805593635697
2020-10-09,soleimani_assassination,2020-01-03,11,-5.061709496668916,5.061709496668916,5.218145915021936,0.7486826718223677,0.755452092769293,4.780126021439546,0.4216415900921691,0.3125782359595213,-0.4051360514085192,0.0973275494807174,0.0374290816005553,76.08,-0.5672805593635697
2020-10-10,soleimani_assassination,2020-01-03,6,-5.432976450112064,5.432976450112064,5.931042816900082,0.45298155653752,0.7783145007981194,4.907947138006517,0.6920612693068374,0.8095153076561159,-0.5124773433373541,0.4874678818236447,0.2458041848742924,76.08,-0.5672805593635697
2020-10-11,soleimani_assassination,2020-01-03,31,-4.62112460000275,4.62112460000275,4.785725410143736,1.7146367098346371,0.7646460093287718,4.901421834417107,0.1007328064841585,0.0111520705916913,-0.0544888978317367,0.2542190570386956,0.2351665778352124,76.08,-0.5672805593635697
2020-10-13,soleimani_assassination,2020-01-03,10,-4.365307719995423,4.365307719995423,4.345097836946089,0.5907700655163108,0.7543254439090493,4.847865467016224,-0.0855965125885981,-0.2959949731908646,-0.4624592818481922,0.078101614915336,0.1478585188238661,76.08,-0.5672805593635697
2020-10-14,soleimani_assassination,2020-01-03,15,-4.541944787344205,4.541944787344205,4.592839721802495,0.893393625215695,0.7109901358619171,4.810700420513536,0.0430606130911637,-0.123302222706475,-0.3526051007608362,-0.6614027917234623,0.0872717346432315,76.08,-0.5672805593635697
2020-10-15,soleimani_assassination,2020-01-03,7,-3.1583549519160905,3.1583549519160905,3.113976744921651,0.3051625952512196,0.6915823054526093,4.6355669137508375,-0.964704597335624,-1.1541691478334553,-0.5661365196335449,-0.9925917634361324,-0.1982324413373345,76.08,-0.5672805593635697
2020-10-16,soleimani_assassination,2020-01-03,7,-3.44112071943827,3.44112071943827,3.6004071958222728,0.3324836331899483,0.7200887782553961,4.527141770975337,-0.758746519362098,-0.8150944187698599,-0.5562188177461008,-0.506137110051365,-0.3749880583286556,76.08,-0.5672805593635697
2020-10-17,soleimani_assassination,2020-01-03,11,-4.744669866076878,4.744669866076878,4.990826686787704,0.7017890130967078,0.7482255415892588,4.570084210510879,0.1907194613976088,0.154121450242759,-0.4221587329294642,-0.0259914410436795,-0.3049829174460339,76.08,-0.5672805593635697
2020-10-18,soleimani_assassination,2020-01-03,5,-2.646702233048991,2.646702233048991,2.703128363063569,0.1851477189367494,0.6509556216704395,4.368794315909504,-1.3373770445388762,-1.440558093070781,-0.6097026450499636,-1.6858742861162437,-0.6331274658747359,76.08,-0.5672805593635697
2020-10-19,soleimani_assassination,2020-01-03,18,-5.242510612006233,5.242510612006233,5.430022048192201,1.2151506465099848,0.8202224226789189,4.475570566750281,0.5533316830501954,0.4602701461118054,-0.2358053574807591,1.2026143593846046,-0.459059886951094,76.08,-0.5672805593635697
2020-10-20,soleimani_assassination,2020-01-03,17,-3.0045555670850423,3.0045555670850423,2.855104483966474,0.6616863949455822,0.6699648298507772,4.304820995449388,-1.0767274421477304,-1.3346205188011624,-0.4367162256799528,-1.3614876866074797,-0.7374173329614168,76.08,-0.5672805593635697
2020-10-21,soleimani_assassination,2020-01-03,13,-3.244415540356154,3.244415540356154,3.5037215850277086,0.5599934281616976,0.7109475987466416,4.208293384350931,-0.9020206538734936,-0.8824907900780632,-0.4736313872076429,-0.6621286752029958,-0.8947774896525028,76.08,-0.5672805593635697
2020-10-22,soleimani_assassination,2020-01-03,7,-3.781397884453501,3.781397884453501,3.815887424014968,0.3653614649604966,0.7109332644931557,4.15784127477613,-0.5108988697016059,-0.6648902120683207,-0.5442839661150208,-0.6623732850626312,-0.9770249603786624,76.08,-0.5672805593635697
2020-10-24,soleimani_assassination,2020-01-03,5,-3.549238361295866,3.549238361295866,3.588351487335858,0.2482838372791642,0.7151672787904144,4.089582189334637,-0.6799968817834479,-0.8234980581413922,-0.5867838525262417,-0.5901210646056068,-1.088301519058931,76.08,-0.5672805593635697
2020-10-26,soleimani_assassination,2020-01-03,5,-5.167648549034806,5.167648549034806,5.259397651762623,0.361498293677862,0.7765167986946461,4.208448165286881,0.4988044086285533,0.3413334699973034,-0.5456863206378332,0.4567906191652958,-0.8945251644156436,76.08,-0.5672805593635697
2020-10-27,soleimani_assassination,2020-01-03,6,-3.045444795147548,3.045444795147548,3.6000480808736453,0.2539179649171073,0.6816561176545011,4.138364766802851,-1.046944958591215,-0.815344746033877,-0.5847386301436132,-1.1619792663435011,-1.0087757341893222,76.08,-0.5672805593635697
2020-10-28,soleimani_assassination,2020-01-03,13,-3.8871435025844687,3.8871435025844687,4.028518213940429,0.6709297217611623,0.7067746666730854,4.11674892464047,-0.4338769428424143,-0.5166722554188846,-0.4333608421835158,-0.7333385453080586,-1.044014069324463,76.08,-0.5672805593635697
2020-10-30,soleimani_assassination,2020-01-03,5,-2.834246530157386,2.834246530157386,2.8471304640945547,0.1982672147287691,0.6503844763095594,3.9802737065782106,-1.200775420849364,-1.3401789467791243,-0.6049401887893109,-1.695620715303796,-1.2664971646206085,76.08,-0.5672805593635697
2020-11-01,soleimani_assassination,2020-01-03,8,-3.94989174303894,3.94989174303894,4.141236641632929,0.4332716916038497,0.6984875706110424,4.004750634629973,-0.38817301229428,-0.4380999327784227,-0.5196321434255613,-0.8747554252678031,-1.2265946622204082,70.07,-0.6905065361514248
2020-11-03,soleimani_assassination,2020-01-03,8,-4.3287057875416535,4.3287057875416535,4.8251553216526615,0.4748245777441442,0.7560241136769106,4.092997300551082,-0.1122562590082345,0.0386373699538849,-0.5045481946302571,0.1070889196182648,-1.082734174855321,70.07,-0.6905065361514248
2020-11-04,soleimani_assassination,2020-01-03,11,-3.893124584525337,3.893124584525337,4.678915184911151,0.575836072298881,0.7349687585027259,4.144723522194703,-0.4295205026992604,-0.0633018377006565,-0.4678804116402499,-0.2522145822218465,-0.9984096354799944,70.07,-0.6905065361514248
2020-11-05,soleimani_assassination,2020-01-03,12,-4.75490145098907,4.75490145098907,4.904318250357978,0.7623668853305197,0.7626228988576518,4.224990096166764,0.1981718400274683,0.0938192537215189,-0.4001685992040185,0.2196952662562886,-0.8675583638742264,70.07,-0.6905065361514248
2020-11-08,soleimani_assassination,2020-01-03,17,-0.7824223126050162,0.7824223126050162,1.1604112308762773,0.1723110748971363,0.5459421352292608,3.904349740041084,-2.695262451191439,-2.515935657632508,-0.6143624244150678,-3.4778988379042035,-1.390269079567357,70.07,-0.6905065361514248
2020-11-09,soleimani_assassination,2020-01-03,9,-4.388580708384394,4.388580708384394,4.57342972526913,0.5380166772904318,0.7285054751135804,3.9698666071669546,-0.0686451680206362,-0.1368322953067625,-0.4816090805912049,-0.3625086302629963,-1.2834629091927447,70.07,-0.6905065361514248
2020-11-12,soleimani_assassination,2020-01-03,7,-1.2626568340996014,1.2626568340996014,1.4978098011406833,0.1219988387219625,0.5768310684055592,3.701128620713939,-2.3454740737288007,-2.280746169418866,-0.6326260702104834,-2.9507881923446955,-1.7215619274514633,70.07,-0.6905065361514248
2020-11-17,soleimani_assassination,2020-01-03,9,-3.7980647794655216,3.7980647794655216,4.154996952486044,0.4656225619544591,0.7634502070833802,3.7465465241249416,-0.4987592048031914,-0.4285080709496414,-0.5078885819746296,0.233813040102716,-1.6475212636869148,70.07,-0.6905065361514248
2020-11-18,soleimani_assassination,2020-01-03,19,-3.874262672579286,3.874262672579286,4.077445911805188,0.9422827574135516,0.7547226512197707,3.779787455369583,-0.4432589518947056,-0.4825663603901461,-0.3348580503097673,0.0848798419515465,-1.5933316065547294,70.07,-0.6905065361514248
2020-11-19,soleimani_assassination,2020-01-03,14,-3.96053157736269,3.96053157736269,4.07648299517481,0.7316010428636556,0.7655362849215711,3.801883475360711,-0.3804232770753434,-0.4832375780224958,-0.411336785953977,0.2694113506594542,-1.5573104813193108,70.07,-0.6905065361514248
2020-11-20,soleimani_assassination,2020-01-03,9,-4.092815856804389,4.092815856804389,4.208887101882909,0.5017574779546737,0.7608072010132557,3.837010211477793,-0.2840713877406909,-0.3909430135563244,-0.4947713890838738,0.1887109115219207,-1.5000465685742572,70.07,-0.6905065361514248
2020-11-21,soleimani_assassination,2020-01-03,5,-3.3447997773378098,3.3447997773378098,3.3414000430531594,0.233982516560177,0.7132680438560757,3.7731479059144046,-0.8289037957447635,-0.9956398184012302,-0.5919753183777855,-0.6225309554423881,-1.6041554582043815,70.07,-0.6905065361514248
2020-11-22,soleimani_assassination,2020-01-03,8,-3.5659557244007423,3.5659557244007423,3.884403858490811,0.3911569656607445,0.7577415996880071,3.7792959576008784,-0.6678204574445442,-0.6171296505876693,-0.534920043464785,0.1363973180301332,-1.5941328505202277,70.07,-0.6905065361514248
2020-11-23,soleimani_assassination,2020-01-03,10,-4.239041511703102,4.239041511703102,5.366608787692976,0.5736820843406267,0.7531342479901607,3.9436685295113048,-0.1775650199534487,0.416066840000925,-0.4686623222868006,0.0577742035991362,-1.3261712447454952,70.07,-0.6905065361514248
2020-11-24,soleimani_assassination,2020-01-03,13,-3.3790843610642765,3.3790843610642765,4.029251189193066,0.5832375698682054,0.7397795814260905,3.949114380745661,-0.8039319364199898,-0.5161613223867563,-0.4651936232913655,-0.1701192906061116,-1.3172933703859966,70.07,-0.6905065361514248
2020-11-26,soleimani_assassination,2020-01-03,11,-4.016767271253214,4.016767271253214,4.247233559351344,0.5941241896062142,0.7243108230575899,3.985184703457196,-0.3394628895125475,-0.3642129545055713,-0.4612417145327864,-0.434089145540464,-1.2584912145137692,70.07,-0.6905065361514248
2020-11-27,soleimani_assassination,2020-01-03,132,-5.314034663778953,5.314034663778953,5.473533966449391,5.681526443458567,0.8196245907352927,4.144363962584159,0.6054276505397289,0.4906008786281966,1.3855160495159995,1.1924125314372838,-0.99899579270497,70.07,-0.6905065361514248
2020-11-28,soleimani_assassination,2020-01-03,565,-5.18231496609788,5.18231496609788,5.4522542874456645,11.493770737320078,0.8141771059321088,4.277701226589907,0.5094869855739111,0.4757675116393707,3.4953958546973176,1.0994527903256943,-0.7816282175838598,70.07,-0.6905065361514248
2020-11-29,soleimani_assassination,2020-01-03,83,-3.949289530032944,3.949289530032944,4.207937001783695,3.118903548401896,0.7502968065468955,4.279035101973308,-0.3886116461300957,-0.3916052972047427,0.4552684513058437,0.0093540920219424,-0.7794537222560499,70.07,-0.6905065361514248
2020-11-30,soleimani_assassination,2020-01-03,141,-5.049231579187392,5.049231579187392,5.2991103639732895,5.6195755856055225,0.7933599488120822,4.38031966907954,0.4125530504003715,0.3690159004625031,1.3630275137130838,0.7442140688838456,-0.614338734234966,70.07,-0.6905065361514248
2020-12-01,soleimani_assassination,2020-01-03,144,-4.758073119222801,4.758073119222801,4.845303896558217,5.363018930731165,0.8302813425827152,4.4378089577102,0.2004819877483645,0.0526822813373515,1.269895897484226,1.3742668970057463,-0.5206191926029634,64.07,-0.8135274780361383
2020-12-02,soleimani_assassination,2020-01-03,50,-5.039277939030568,5.039277939030568,5.385607445386516,2.746351974579562,0.7867079161318474,4.542981511332964,0.4053031183682744,0.4293101817737971,0.3200299784793628,0.6306990691799398,-0.3491659749241482,64.07,-0.8135274780361383
2020-12-03,soleimani_assassination,2020-01-03,55,-4.183595378616107,4.183595378616107,4.303933406975259,2.4521964828687146,0.7503405135117435,4.521771932294316,-0.2179503151811186,-0.3246893485400517,0.2132497572489222,0.0100999386436108,-0.3837420163582343,64.07,-0.8135274780361383
2020-12-04,soleimani_assassination,2020-01-03,109,-3.8213487309593503,3.8213487309593503,3.90563960289624,3.621249626348497,0.7381682362587332,4.461910921318933,-0.4817998750394793,-0.6023269089677666,0.6376231135472359,-0.1976164264423411,-0.4813279605205223,64.07,-0.8135274780361383
2020-12-05,soleimani_assassination,2020-01-03,12,-4.120991017087147,4.120991017087147,4.367113873846788,0.6607302209214598,0.7589479617435955,4.447503584058908,-0.2635494486485494,-0.2806483152393798,-0.4370633226293817,0.1569835350506545,-0.5048149278549395,64.07,-0.8135274780361383
2020-12-06,soleimani_assassination,2020-01-03,27,-4.720138041919103,4.720138041919103,5.122508283427191,1.558698501741368,0.7984086002445318,4.523411832529025,0.1728512187280874,0.2459123766136857,-0.1110954097878205,0.8303678347188347,-0.3810686366386396,64.07,-0.8135274780361383
2020-12-07,soleimani_assassination,2020-01-03,32,-4.680626013170125,4.680626013170125,4.912840877966119,1.7832859640738583,0.7716466169193965,4.567238404375582,0.1440718457181067,0.0997600981768563,-0.0295688036586369,0.3736823860355823,-0.3096221755222144,64.07,-0.8135274780361383
2020-12-08,soleimani_assassination,2020-01-03,34,-4.26877743220242,4.26877743220242,4.572973652769833,1.7100749714368892,0.7230033064093419,4.577342889229088,-0.1559062700754863,-0.1371502085024643,-0.0561448364391511,-0.4564015362146313,-0.2931497558514472,64.07,-0.8135274780361383
2020-12-09,soleimani_assassination,2020-01-03,20,-4.276124712099001,4.276124712099001,4.486459841719652,1.088337858787278,0.724499563674867,4.570161077801263,-0.1505547324438499,-0.1974561514955198,-0.2818391658217923,-0.4308683418937848,-0.3048576077162943,64.07,-0.8135274780361383
2020-12-10,soleimani_assassination,2020-01-03,60,-6.59492378685191,6.59492378685191,6.828289846199933,4.126279740615868,0.7959353155011767,4.807036254612275,1.5383887518675572,1.4349568128079349,0.8209520971941384,0.7881619511332301,0.081298379312016,64.07,-0.8135274780361383
2020-12-11,soleimani_assassination,2020-01-03,29,-5.753723161830991,5.753723161830991,5.979997255317032,2.018644244432008,0.7834118319033465,4.931517573635113,0.9256835243656192,0.843639842647612,0.0558676745076906,0.5744523520923853,0.2842289153901009,64.07,-0.8135274780361383
2020-12-12,soleimani_assassination,2020-01-03,7,-5.235148627147524,5.235148627147524,6.0787429105997415,0.5058239386985283,0.7642376282783375,5.052725861396468,0.5479694347665487,0.9124722034695962,-0.4932952392580513,0.2472501533896095,0.4818237272510342,64.07,-0.8135274780361383
2020-12-14,soleimani_assassination,2020-01-03,30,-4.795357230325042,4.795357230325042,5.007072114896622,1.7310917978776907,0.7560991440216723,5.069403651429056,0.2276386125720062,0.1654456058838268,-0.0485156014251858,0.1083692905924967,0.5090120065726083,64.07,-0.8135274780361383
2020-12-15,soleimani_assassination,2020-01-03,14,-4.801741412891805,4.801741412891805,5.054574736236488,0.8869917980991127,0.7819258284146325,5.07057788072506,0.2322886590836636,0.1985581267607659,-0.3549290026938304,0.5490941354855154,0.5109262454510781,64.07,-0.8135274780361383
2020-12-16,soleimani_assassination,2020-01-03,19,-5.685456964049374,5.685456964049374,5.812722611418628,1.3827942289916813,0.7988690765249364,5.168621437299142,0.8759604797097287,0.7270381692654323,-0.1749497238798209,0.8382257282900896,0.6707577097283021,64.07,-0.8135274780361383
2020-12-17,soleimani_assassination,2020-01-03,9,-4.808633332538364,4.808633332538364,4.8261506220938655,0.5895128971737033,0.7851590105438646,5.1380807984208605,0.2373085260088281,0.0393311612796814,-0.4629156415543012,0.6042674465747659,0.6209700928522328,64.07,-0.8135274780361383
2020-12-18,soleimani_assassination,2020-01-03,7,-4.260342655143817,4.260342655143817,4.451403983874677,0.4116374635201861,0.7222960069474627,5.071478298470114,-0.1620499079222731,-0.2218924413677289,-0.5274854989671748,-0.4684713954689843,0.5123941143420283,64.07,-0.8135274780361383
2020-12-20,soleimani_assassination,2020-01-03,7,-3.1015245916736545,3.1015245916736545,3.879594220447831,0.2996716037430858,0.7179964917703366,4.9512025734356735,-1.0060981219784435,-0.6204822916760263,-0.5681297827360042,-0.5418413693581047,0.3163195744028949,64.07,-0.8135274780361383
2020-12-21,soleimani_assassination,2020-01-03,26,-5.286507998847979,5.286507998847979,5.449502653123806,1.6903729671001055,0.7752507756467962,5.007883874319921,0.5853780559516569,0.4738494375129696,-0.0632967830831827,0.4351863046932958,0.4087219273369388,64.07,-0.8135274780361383
2020-12-22,soleimani_assassination,2020-01-03,18,-4.099708150364415,4.099708150364415,4.398171403654617,0.9502628374291692,0.7213058336227418,4.952748641584248,-0.2790512484682068,-0.2589991288336428,-0.3319612330361946,-0.4853684147810626,0.3188399882341931,64.07,-0.8135274780361383
2020-12-23,soleimani_assassination,2020-01-03,20,-4.323098762038425,4.323098762038425,4.630354074696298,1.1002934588625022,0.7404206376494676,4.924628691076432,-0.1163402476958074,-0.0971521964901659,-0.2774992107403825,-0.1591798529176787,0.2729985987322602,64.07,-0.8135274780361383
2020-12-24,soleimani_assassination,2020-01-03,57,-4.733522553393777,4.733522553393777,4.864320464136272,2.850269147011616,0.7914262171969055,4.915823983733582,0.1826000942093536,0.0659381075038875,0.357752540099406,0.7112155022387306,0.2586450877386361,64.07,-0.8135274780361383
2020-12-25,soleimani_assassination,2020-01-03,6,-5.749330828325839,5.749330828325839,5.766777354746363,0.4793580188646812,0.799464110278209,5.010514800027857,0.9224842807850856,0.6950112362700549,-0.502902528105486,0.8483798059342421,0.4130108854592022,64.07,-0.8135274780361383
2020-12-26,soleimani_assassination,2020-01-03,10,-4.979383051709898,4.979383051709898,5.180065867356328,0.6738747049182935,0.7748783041181502,5.0326214683195865,0.3616774843988494,0.286033882453201,-0.4322917954993644,0.4288301865717476,0.4490493696474845,64.07,-0.8135274780361383
2020-12-27,soleimani_assassination,2020-01-03,81,-7.013586520446085,7.013586520446085,7.254152809964281,5.44600122845578,0.8544225361161957,5.264608060766488,1.8433300914285249,1.7318119311280604,1.3000189730647929,1.7862293314278606,0.827235943646921,64.07,-0.8135274780361383
2020-12-28,soleimani_assassination,2020-01-03,42,-4.7124901216444055,4.7124901216444055,4.803583448618016,2.240311480275087,0.7663186267938612,5.214923318225195,0.1672807036898838,0.0236003240800628,0.136334220772723,0.2827617867848265,0.746239441376919,64.07,-0.8135274780361383
2020-12-29,soleimani_assassination,2020-01-03,55,-8.139913277496357,8.139913277496357,8.455288474475857,4.771175246047745,0.9025491877823372,5.562415810220309,2.6637126153987665,2.5690842467464985,1.0550530631153303,2.607496621028617,1.312724744049048,64.07,-0.8135274780361383
2020-12-30,soleimani_assassination,2020-01-03,37,-4.8941717539071545,4.8941717539071545,5.270086470104988,2.101114385870984,0.780082640808818,5.533022591906166,0.2996121386857896,0.3487842950366012,0.0858048342613356,0.5176406759813293,1.264807662222055,64.07,-0.8135274780361383
2020-12-31,soleimani_assassination,2020-01-03,54,-5.163014559838881,5.163014559838881,5.260167644329413,2.9844743654177703,0.7718552204195596,5.50802818003322,0.4954291503131422,0.3418702065862274,0.406469845454954,0.3772421439919138,1.2240615531661023,64.07,-0.8135274780361383
2021-01-01,soleimani_assassination,2020-01-03,33,-5.102512601356813,5.102512601356813,5.323424776632476,1.994291025806395,0.8014941878093014,5.4892244362290565,0.4513613439736663,0.3859646808472212,0.0470273089670316,0.8830224875653145,1.193407525393841,77.42,-0.5398058823426503
2021-01-02,soleimani_assassination,2020-01-03,150,-4.831700842084755,4.831700842084755,4.893685170731455,5.580227455827232,0.7526454367435857,5.432927410720759,0.2541102059697449,0.0864072823147136,1.3487439048017122,0.0494327820852142,1.1016316215419186,77.42,-0.5398058823426503
2021-01-03,soleimani_assassination,2020-01-03,26,-5.228109861777859,5.228109861777859,5.384056863000438,1.671700029831525,0.7778901739282887,5.436204907561898,0.5428426098345699,0.4282293215984591,-0.0700751721622523,0.4802268674121697,1.1069746255861197,77.42,-0.5398058823426503
2021-01-04,soleimani_assassination,2020-01-03,61,-4.305075082071941,4.305075082071941,4.828965289092084,2.7268211904432005,0.7602982187551127,5.378031517748363,-0.1294681539357871,0.0412931734194602,0.3129401858028599,0.1800252775721553,1.012139856216636,77.42,-0.5398058823426503
2021-01-05,soleimani_assassination,2020-01-03,92,-6.475164179890574,6.475164179890574,6.557108605800477,5.486147905900856,0.8865289998765981,5.503861799356509,1.4511594571592188,1.2459252555825815,1.3145924596052592,2.3341167816932025,1.2172694829111652,77.42,-0.5398058823426503
2021-01-06,soleimani_assassination,2020-01-03,71,-5.40103608740803,5.40103608740803,5.471995649549195,3.8212457701773226,0.7949978331667172,5.503763113687438,0.6687968700482382,0.4895285683211785,0.710222922441062,0.7721640882191191,1.217108604669475,77.42,-0.5398058823426503
2021-01-07,soleimani_assassination,2020-01-03,20,-4.937893242198461,4.937893242198461,5.462140977208704,1.2567678727724678,0.7738668321374405,5.5045113219542925,0.3314575553835984,0.4826591991283666,-0.2206980528322586,0.4115697119003091,1.2183283403365026,77.42,-0.5398058823426503
2021-01-08,soleimani_assassination,2020-01-03,16,-3.179855367798796,3.179855367798796,3.498315474277822,0.6631025401615236,0.7151644640500743,5.298434715067819,-0.949044341252871,-0.8862592127465282,-0.436202156408041,-0.5901690973294728,0.8823804516340008,77.42,-0.5398058823426503
2021-01-09,soleimani_assassination,2020-01-03,52,-3.499851661561495,3.499851661561495,3.697560351086463,1.965711294660292,0.7389774424394501,5.121057841350795,-0.7159686680568653,-0.7473721375313261,0.0366526938383526,-0.1838075587202367,0.5932191192043003,77.42,-0.5398058823426503
2021-01-10,soleimani_assassination,2020-01-03,14,-6.3205874862763,6.3205874862763,7.512108170641314,1.167557512456427,0.8397413550898856,5.368623948824113,1.3385704440149693,1.9116241609548,-0.2530819527730357,1.5356992543874437,0.9968035549950895,77.42,-0.5398058823426503
2021-01-11,soleimani_assassination,2020-01-03,17,-7.028196146576059,7.028196146576059,7.81813581031035,1.5478035494314812,0.8403619360558103,5.623180923195386,1.853971303566784,2.124946001342522,-0.1150503433203495,1.5462892877726544,1.411784563206455,77.42,-0.5398058823426503
2021-01-12,soleimani_assassination,2020-01-03,12,-5.57601794903277,5.57601794903277,6.161391584845497,0.8940188309196057,0.7968840746937121,5.683376712616686,0.7962483936759495,0.9700838862403988,-0.3523781473118633,0.8043522503450402,1.5099162661221883,77.42,-0.5398058823426503
2021-01-13,soleimani_assassination,2020-01-03,11,-4.767403709716775,4.767403709716775,5.062849891196788,0.7051515993550285,0.7575935769745393,5.621369729974835,0.2072781091506704,0.2043264661419208,-0.4209380937957815,0.1338713535493218,1.4088319401617064,77.42,-0.5398058823426503
2021-01-14,soleimani_assassination,2020-01-03,30,-4.364204760284548,4.364204760284548,4.516940279366601,1.5754486479154897,0.7294108599395659,5.503770833739084,-0.0863998752591383,-0.1762092371262744,-0.1050150054964972,-0.3470585019797972,1.2171211899652556,77.42,-0.5398058823426503
2021-01-15,soleimani_assassination,2020-01-03,64,-4.126749252498804,4.126749252498804,4.403399225441343,2.7080173486277723,0.7478810856672075,5.391399030524747,-0.2593553232128704,-0.2553549855596249,0.3061142775821582,-0.0318694810006761,1.033931692574383,77.42,-0.5398058823426503
2021-01-16,soleimani_assassination,2020-01-03,108,-4.582167113436377,4.582167113436377,4.774235377052542,4.316414483117574,0.7721840718429469,5.3314654998637,0.0723573453164263,0.0031427450033878,0.8899721578084829,0.3828538977253795,0.936227526185632,77.42,-0.5398058823426503
2021-01-17,soleimani_assassination,2020-01-03,13,-5.123375052846876,5.123375052846876,5.258409471702255,0.8843060711288824,0.7706300680676629,5.331774397085995,0.4665569259861606,0.3406446420556825,-0.3559039378153125,0.3563352760392019,0.936731093141746,77.42,-0.5398058823426503
2021-01-18,soleimani_assassination,2020-01-03,13,-3.113111996139056,3.113111996139056,3.248578686297709,0.537330140755596,0.680268600106819,5.111300234871948,-0.9976582051762491,-1.0603425448339543,-0.4818582975024588,-1.1856568490592758,0.5773121836967469,77.42,-0.5398058823426503
2021-01-19,soleimani_assassination,2020-01-03,79,-4.935973377071496,4.935973377071496,5.0579573883427535,3.766495409711205,0.7909189807576583,5.109609614880557,0.3300591833848124,0.2009160627089054,0.6903482107060681,0.7025596601797999,0.5745561201857691,77.42,-0.5398058823426503
2021-01-20,soleimani_assassination,2020-01-03,232,-4.30713589563185,4.30713589563185,4.391104553416708,6.3442076853618286,0.7527466480677907,5.036437854499913,-0.1279671193389191,-0.2639251985838307,1.626073345265049,0.0511599238461517,0.4552708758102892,77.42,-0.5398058823426503
2021-01-21,soleimani_assassination,2020-01-03,26,-3.993442155452764,3.993442155452764,4.161773524236716,1.2769122200753993,0.7205184433297382,4.945091609659789,-0.3564522021187627,-0.4237843448217125,-0.2133855330181996,-0.4988050007351177,0.3063574277552803,77.42,-0.5398058823426503
2021-01-22,soleimani_assassination,2020-01-03,15,-4.4516197468182215,4.4516197468182215,4.8410282874792845,0.8756268272510619,0.7614923882460582,4.929572833042911,-0.02272942897308,0.0497018943419716,-0.3590545557962871,0.2004034320291944,0.2810585822509099,77.42,-0.5398058823426503
2021-01-24,soleimani_assassination,2020-01-03,13,-3.212882538753649,3.212882538753649,3.647215365798417,0.5545507610779132,0.7089473598182627,4.792871927413078,-0.9249883435613152,-0.7824659771843506,-0.4756071082520129,-0.6962621697718552,0.0582075691062595,77.42,-0.5398058823426503
2021-01-25,soleimani_assassination,2020-01-03,10,-3.607364740562133,3.607364740562133,4.283777568642607,0.4881953898373413,0.7158866000470879,4.7255586097479165,-0.6376593758747755,-0.3387393230205555,-0.4996945090334379,-0.5778460569254843,-0.0515271906650398,77.42,-0.5398058823426503
2021-01-26,soleimani_assassination,2020-01-03,8,-3.5446736214733923,3.5446736214733923,3.531554593007128,0.3888224883291896,0.7334109400565075,4.599133435348749,-0.6833217009386243,-0.86308931218503,-0.535767472844638,-0.2787983001561636,-0.2576266167956511,77.42,-0.5398058823426503
2021-01-27,soleimani_assassination,2020-01-03,17,-2.7735999449848707,2.7735999449848707,2.976114990610418,0.6108235669606301,0.6588352455532456,4.406572883868622,-1.2449485689190265,-1.2502680596198466,-0.4551797396298396,-1.5514108001833913,-0.571540513644582,77.42,-0.5398058823426503
2021-01-28,soleimani_assassination,2020-01-03,8,-3.74253036487624,3.74253036487624,3.9052279526152778,0.4105257985681244,0.6968042867359139,4.348900966694319,-0.5392088016211519,-0.6026138568905949,-0.5278890400631607,-0.9034801741937298,-0.6655577779273056,77.42,-0.5398058823426503
2025-03-17,us_israel_iran,2026-02-28,893,-5.339966275166676,5.339966275166676,5.712715676317063,3.581230573444812,0.7863751358726193,5.712715676317063,2.5876104630660484,2.451216990433642,0.9388219961637296,1.7576826492519633,4.956098543780318,174.11,1.442676596129511
2025-03-18,us_israel_iran,2026-02-28,847,-3.3755664269482084,3.3755664269482084,3.956452635369407,2.177762540997431,0.7078026164925877,4.788366707397245,0.2410175856788247,0.471152237350773,0.1615338668517708,0.1294584474643016,2.8355458063059604,174.11,1.442676596129511
2025-03-19,us_israel_iran,2026-02-28,774,-3.5479487789193005,3.5479487789193005,4.099189991547436,2.140537425075244,0.7472527941952117,4.534057956161153,0.4469385949323518,0.6320787052697517,0.140917336906218,0.9469673501578402,2.252135063469767,174.11,1.442676596129511
2025-03-20,us_israel_iran,2026-02-28,405,-4.426446586828344,4.426446586828344,4.858705342647408,1.5935723909689872,0.7652212188420369,4.62845963876838,1.4963566656521303,1.4883795788148302,-0.1620104237055605,1.3193192119640411,2.468702348343653,174.11,1.442676596129511
2025-03-21,us_israel_iran,2026-02-28,429,-3.7334897521647,3.7334897521647,4.073174072133607,1.410396770364552,0.7509362548083751,4.492862079091016,0.6685783627606817,0.6027475607604573,-0.2634592862257097,1.023298105032533,2.1576274339585657,174.11,1.442676596129511
2025-03-22,us_israel_iran,2026-02-28,289,-3.753487623633114,3.753487623633114,4.031631202488903,1.0113287025356203,0.7156646475363797,4.394426049348314,0.6924670139399433,0.5559108569139717,-0.4844766979083785,0.2923799029771733,1.9318049368761885,174.11,1.442676596129511
2025-03-23,us_israel_iran,2026-02-28,467,-3.533089397649699,3.533089397649699,5.042836247349749,1.4318037133725097,0.7477854608294484,4.518713253699108,0.429188177021634,1.6959744013749165,-0.251603396173175,0.9580055695275674,2.216932719002781,174.11,1.442676596129511
2025-03-24,us_israel_iran,2026-02-28,613,-3.0061248531858045,3.0061248531858045,3.6984158941075247,1.5161305592943417,0.7132623636066875,4.374683379740213,-0.2003024268368603,0.1802337106491428,-0.204900332902786,0.2425984162086009,1.8865131980522305,174.11,1.442676596129511
2025-03-25,us_israel_iran,2026-02-28,480,-2.3964308944829624,2.3964308944829624,2.6775993487044976,0.993291581963266,0.6778224834434043,4.097644399401918,-0.928618254276792,-0.9706661339582427,-0.49446626616624,-0.4918068319063902,1.250956943978628,174.11,1.442676596129511
2025-03-26,us_israel_iran,2026-02-28,473,-2.608509661781502,2.608509661781502,3.592800395975148,1.0682555709607162,0.686015713611841,4.020133683572968,-0.6752775073615702,0.0611595626682305,-0.4529486701637282,-0.3220220807449596,1.0731392948425549,174.11,1.442676596129511
2025-03-27,us_israel_iran,2026-02-28,331,-2.97311323958734,2.97311323958734,3.3110269883715944,0.9014074542572544,0.6997420882643213,3.9167938926696415,-0.2397367698050039,-0.2565204088073395,-0.5453548080402741,-0.0375763790120836,0.8360670592926447,174.11,1.442676596129511
2025-03-28,us_israel_iran,2026-02-28,422,-2.9098279921462504,2.9098279921462504,3.180553977543072,1.084266751042603,0.6870106175752702,3.814192134019208,-0.3153347754878229,-0.4036196780778225,-0.444081136364455,-0.3014051179125127,0.6006879465424945,174.11,1.442676596129511
2025-03-29,us_israel_iran,2026-02-28,287,-3.0886923430031508,3.0886923430031508,3.2497054792049536,0.827155497163249,0.7239952970699173,3.73850475138155,-0.1016706316425964,-0.3256561567424533,-0.5864780566594158,0.4650123359721137,0.4270532135129216,174.11,1.442676596129511
2025-03-30,us_israel_iran,2026-02-28,675,-3.033928947603811,3.033928947603811,3.164196388773618,1.6493282103149332,0.7013017717325954,3.664038403198023,-0.1670887763763051,-0.4220617247488855,-0.1311309626022733,-0.005255735736166,0.256219660601807,174.11,1.442676596129511
2025-03-31,us_israel_iran,2026-02-28,494,-4.4444229892901,4.4444229892901,5.114176414664105,1.885929169006992,0.7554136990043239,3.84665039382988,1.5178305514376849,1.7764054914136675,-9.333842891254037e-05,1.1160822369341274,0.675150572682067,174.11,1.442676596129511
2025-04-01,us_israel_iran,2026-02-28,339,-2.7372543353739984,2.7372543353739984,2.9163200352473657,0.8471464482319873,0.6654862334760054,3.732457112374897,-0.5214843097456758,-0.7015251190677718,-0.5754063908999258,-0.747445583402576,0.4131793002160839,140.97,0.7631909271196087
2025-04-02,us_israel_iran,2026-02-28,249,-2.766043400882752,2.766043400882752,3.0019504681151115,0.6533395607167652,0.6896994885999639,3.6447852525937376,-0.4870940525224618,-0.6049827458813707,-0.6827432090971924,-0.2456848112144871,0.212050929319905,140.97,0.7631909271196087
2025-04-03,us_israel_iran,2026-02-28,266,-2.606632660006335,2.606632660006335,2.860771871537869,0.6528597600186801,0.6842382307629383,3.552538113839667,-0.677519698023743,-0.7641518204759518,-0.6830089389737803,-0.3588560860139993,0.0004263922820004,140.97,0.7631909271196087
2025-04-04,us_israel_iran,2026-02-28,166,-1.9606905116031847,1.9606905116031847,2.205682973651748,0.3205613412600737,0.6266164058383886,3.396816984287526,-1.449136151782734,-1.502719111706031,-0.8670470576331614,-1.5529281436953648,-0.3568140857814704,140.97,0.7631909271196087
2025-04-05,us_israel_iran,2026-02-28,142,-2.1869337974567413,2.1869337974567413,2.581135185548361,0.3093336930384462,0.6586752957462451,3.303959502413684,-1.1788750419470169,-1.0794227865483,-0.8732653094785868,-0.8885856885686948,-0.569838813458353,140.97,0.7631909271196087
2025-04-06,us_israel_iran,2026-02-28,265,-4.418373149226103,4.418373149226103,4.6815849697335485,1.1029483426505688,0.7765086097386655,3.4586478969008305,1.4867124625177073,1.2886886445511403,-0.433734638219995,1.5532229123664394,-0.2149675371171701,140.97,0.7631909271196087
2025-04-07,us_israel_iran,2026-02-28,252,-3.30713540980578,3.30713540980578,3.705196645912765,0.7895173936110593,0.7287095236240126,3.4859959261452174,0.1592726509271663,0.1878785379534364,-0.6073233131416137,0.562703205867255,-0.1522283117502796,140.97,0.7631909271196087
2025-04-08,us_israel_iran,2026-02-28,202,-2.9954925431050925,2.9954925431050925,3.5592543829499244,0.5861589429350996,0.6929685299671811,3.4940341989722348,-0.2130033558906872,0.0233387599473217,-0.7199501105115933,-0.1779418864267051,-0.1337876772918275,140.97,0.7631909271196087
2025-04-09,us_israel_iran,2026-02-28,263,-4.079326387599717,4.079326387599717,4.570198430132024,1.0115059886084263,0.7447732523978383,3.6109788836192536,1.0817008674215145,1.1631080476299405,-0.4843785108768976,0.8955848821437942,0.1344956004524057,140.97,0.7631909271196087
2025-04-10,us_israel_iran,2026-02-28,247,-3.076741339400451,3.076741339400451,3.7444246880134138,0.721523020286731,0.67897117351021,3.62535556297671,-0.1159468188237132,0.2321054343151765,-0.6449808999359804,-0.468003026429824,0.1674771991692534,140.97,0.7631909271196087
2025-04-11,us_israel_iran,2026-02-28,301,-2.486287910271684,2.486287910271684,2.8897171802409,0.6941629182517152,0.6680515922896083,3.546710396067186,-0.8212786851843211,-0.7315179927441743,-0.6601338510805083,-0.6942847666241974,-0.0129429988150696,140.97,0.7631909271196087
2025-04-12,us_israel_iran,2026-02-28,188,-3.061288351771473,3.061288351771473,3.3687725252843648,0.5610920952702378,0.7047608788422322,3.5278180224305724,-0.134406334964176,-0.191416321536263,-0.7338329797175214,0.0664258389024806,-0.0562840701848208,140.97,0.7631909271196087
2025-04-13,us_israel_iran,2026-02-28,179,-3.0672835130580296,3.0672835130580296,3.542136039959177,0.5375008246926503,0.695154731121792,3.5293288953606066,-0.1272447569450275,0.0040390156625064,-0.7468986243573702,-0.1326381891798738,-0.0528179704373371,140.97,0.7631909271196087
2025-04-14,us_israel_iran,2026-02-28,209,-3.521561368036911,3.521561368036911,3.950627625108107,0.7107222849137667,0.7470565429142334,3.561727646256848,0.415417257519573,0.4645849423409534,-0.6509627129870443,0.9429005200772718,0.0215081360590655,140.97,0.7631909271196087
2025-04-15,us_israel_iran,2026-02-28,190,-2.34111697331756,2.34111697331756,2.621964561315916,0.4332617941105559,0.6611117830873637,3.460381634329365,-0.9946940348999724,-1.033390497555822,-0.8046297298825585,-0.838095419356748,-0.210990163015226,140.97,0.7631909271196087
2025-04-16,us_israel_iran,2026-02-28,230,-2.2499500505412,2.2499500505412,2.640235065019699,0.4950270579625829,0.648585435625488,3.3703099064209625,-1.1035983660799678,-1.0127917719882604,-0.7704220348827071,-1.097673478687895,-0.4176240811645701,140.97,0.7631909271196087
2025-04-17,us_israel_iran,2026-02-28,340,-2.96052205067482,2.96052205067482,3.3158448693772526,0.9185686924146996,0.7002254176906233,3.3563429637945994,-0.2547776965525559,-0.251088582172359,-0.5358503331283543,-0.0275605531794567,-0.4496657011764281,140.97,0.7631909271196087
2025-04-18,us_israel_iran,2026-02-28,594,-4.839918537261869,4.839918537261869,5.187637414950106,2.3812109333955536,0.7876118562008891,3.545627026912088,1.9902735913567635,1.8592276735134703,0.2742104769936488,1.783310667612839,-0.015428360409861,140.97,0.7631909271196087
2025-04-19,us_israel_iran,2026-02-28,346,-2.832562011927355,2.832562011927355,3.226984208596397,0.8921689347309102,0.6746606293022389,3.5093190862507,-0.4076336010097429,-0.3512728132616186,-0.5504714130460339,-0.5573285623509464,-0.0987225550813131,140.97,0.7631909271196087
2025-04-20,us_israel_iran,2026-02-28,169,-2.941403705021253,2.941403705021253,3.399094868020962,0.4889089857387256,0.6793251668218618,3.489219111227833,-0.2776157016454465,-0.1572299834514863,-0.7738104304884016,-0.46066737674148,-0.1448339897137491,140.97,0.7631909271196087
2025-04-21,us_israel_iran,2026-02-28,512,-3.77175199235684,3.77175199235684,3.8021787467110775,1.6477172013528112,0.7236198168568285,3.521088104588832,0.7142848926146635,0.297219129307595,-0.1320231939274777,0.4572314225552166,-0.0717232021383699,140.97,0.7631909271196087
2025-04-22,us_israel_iran,2026-02-28,681,-3.262421278489173,3.262421278489173,4.132623100467677,1.785681595470037,0.7117226691244306,3.5902769652620057,0.1058589519995956,0.6697722164440402,-0.0556138398590182,0.2106919960104127,0.0870032451628952,140.97,0.7631909271196087
2025-04-23,us_israel_iran,2026-02-28,332,-2.513382336710833,2.513382336710833,2.7282720523183106,0.7640084604579531,0.660203578470558,3.4993021206958552,-0.788912775485917,-0.9135361756149946,-0.6214510242635735,-0.8569157492752285,-0.1217025165923157,140.97,0.7631909271196087
2025-04-24,us_israel_iran,2026-02-28,182,-2.304975616350549,2.304975616350549,2.607312562553686,0.4101177024049953,0.6489320301015293,3.406216905632934,-1.037867043142062,-1.0499096098043208,-0.8174477117179332,-1.0904911518572264,-0.3352496879065614,140.97,0.7631909271196087
2025-04-25,us_israel_iran,2026-02-28,457,-3.955455355673913,3.955455355673913,4.102131117283238,1.574647414001558,0.7640412586362068,3.480897731748768,0.9337295256932444,0.6353946205216631,-0.1724917169051164,1.2948674089744174,-0.1639241002966777,140.97,0.7631909271196087
2025-04-26,us_israel_iran,2026-02-28,694,-4.667822590252937,4.667822590252937,4.7139222194822565,2.5923358064439563,0.8278285544627071,3.61228630983856,1.7846947099265835,1.3251466505252938,0.3911385821082699,2.616703843020236,0.1374949722715093,140.97,0.7631909271196087
2025-04-27,us_israel_iran,2026-02-28,1067,-5.090515810309028,5.090515810309028,5.2222413247762525,3.876888358749494,0.8635789626429319,3.784647353764535,2.289626992630151,1.8982411814949625,1.1025672910638535,3.357544028394551,0.5329091457284064,140.97,0.7631909271196087
2025-04-28,us_israel_iran,2026-02-28,644,-4.772984806278778,4.772984806278778,5.124562222702967,2.5019048864269005,0.7865299413446973,3.918696196229141,1.9103172542982376,1.7881147695517183,0.3410548758699149,1.7608906158310604,0.8404311416427513,140.97,0.7631909271196087
2025-04-29,us_israel_iran,2026-02-28,466,-1.7569864467863985,1.7569864467863985,2.165990950879993,0.7107743069960126,0.6291287930645688,3.739281983236645,-1.6924728166818932,-1.5474691140897892,-0.650933901396002,-1.5008650341221166,0.4288362642798844,140.97,0.7631909271196087
2025-04-30,us_israel_iran,2026-02-28,414,-2.3455498916750392,2.3455498916750392,2.560371140494445,0.860131154142219,0.6545371054831531,3.6189522794272246,-0.9893986493127996,-1.102832807020233,-0.5682150209981619,-0.9743396085286634,0.1527874002770088,140.97,0.7631909271196087
2025-05-01,us_israel_iran,2026-02-28,288,-2.7692998210633744,2.7692998210633744,3.017481412555007,0.7438878385907268,0.6943604559883281,3.5596706203634745,-0.4832040642349153,-0.5874726833505711,-0.6325945061029833,-0.1490976078848928,0.0167891045721303,166.05,1.2774184641977122
2025-05-02,us_israel_iran,2026-02-28,879,-3.3271756360014666,3.3271756360014666,3.8657399547779216,2.2057737222512217,0.6983544009140722,3.599445209830698,0.1832118973563881,0.3688799823929135,0.1770474077185405,-0.0663328214173702,0.1080361523999684,166.05,1.2774184641977122
2025-05-03,us_israel_iran,2026-02-28,261,-3.838611309214489,3.838611309214489,4.301163580079432,0.9454025701921076,0.7399057606719983,3.6791158946992986,0.7941523375584316,0.8597899161656288,-0.5209888227999606,0.794717964644544,0.2908089953144749,166.05,1.2774184641977122
2025-05-04,us_israel_iran,2026-02-28,373,-3.709869589569604,3.709869589569604,4.0659750826375705,1.2458994996063768,0.7250739816916087,3.714402111100299,0.6403626686092857,0.59463119947142,-0.354563445998824,0.4873654490069565,0.37175924819537,166.05,1.2774184641977122
2025-05-05,us_israel_iran,2026-02-28,536,-4.874400852126317,4.874400852126317,5.260823309422846,2.2096238759799074,0.7743079627106468,3.8776351710736057,2.0314647747760257,1.9417396928919124,0.1791797532512812,1.5076198595575874,0.7462328764585261,166.05,1.2774184641977122
2025-05-06,us_israel_iran,2026-02-28,548,-3.512064450760924,3.512064450760924,3.938776060847218,1.6206027437551644,0.7153470362029883,3.8858451665390255,0.4040726229447033,0.4512231257367509,-0.1470400988630545,0.2857981812267403,0.7650674605217211,166.05,1.2774184641977122
2025-05-07,us_israel_iran,2026-02-28,589,-3.6019050920762488,3.6019050920762488,3.9297412723539846,1.7603146153070752,0.742020374809753,3.88669785580486,0.5113926317512796,0.4410370284210786,-0.0696629326073429,0.8385381952251812,0.7670236184422453,166.05,1.2774184641977122
2025-05-08,us_israel_iran,2026-02-28,358,-2.624001852876327,2.624001852876327,3.2260752668727286,0.8509532052905489,0.6606777371186734,3.81777301493512,-0.6567711603410242,-0.3522975820050699,-0.5732980799128672,-0.8470899654968785,0.6089028600482462,166.05,1.2774184641977122
2025-05-09,us_israel_iran,2026-02-28,494,-1.2699871540712038,1.2699871540712038,1.571119174450672,0.5389014105765,0.5926298636861104,3.5858256802724484,-2.2742225417261595,-2.2181457779202365,-0.7461229324595647,-2.2572164992686936,0.0767915341238115,166.05,1.2774184641977122
2025-05-10,us_israel_iran,2026-02-28,142,-2.25362840268571,2.25362840268571,2.71383019994176,0.3187673981488663,0.6533677891724244,3.4950092166613427,-1.0992043548756516,-0.9298183623907326,-0.8680406040857805,-0.998570842701834,-0.1315508852368314,166.05,1.2774184641977122
2025-05-11,us_israel_iran,2026-02-28,385,-3.723549616113036,3.723549616113036,3.914273529461562,1.284509641447754,0.7311440316604395,3.5389907752874987,0.6567042769017112,0.4235982212509935,-0.3331798417908823,0.613152458807516,-0.0306526123128375,166.05,1.2774184641977122
2025-05-12,us_israel_iran,2026-02-28,474,-2.8358476023433004,2.8358476023433004,3.181524639512046,1.1633706044560426,0.6931311941585939,3.4989967944806906,-0.4037087671348769,-0.4025253240390982,-0.400270743238593,-0.1745710670192017,-0.1224029667071103,166.05,1.2774184641977122
2025-05-13,us_israel_iran,2026-02-28,340,-1.590089729398618,1.590089729398618,2.130165372496978,0.4933611770338958,0.6141562451501129,3.359397693825405,-1.891840907977896,-1.5878599686264414,-0.7713446561614101,-1.8111346432564528,-0.4426578325609193,166.05,1.2774184641977122
2025-05-14,us_israel_iran,2026-02-28,258,-1.5871401301309882,1.5871401301309882,1.8275892076990008,0.3869055194624098,0.6083178644892375,3.201729012701356,-1.895364380370161,-1.9289936058270456,-0.8303034047865002,-1.9321208705824184,-0.8043661966242093,166.05,1.2774184641977122
2025-05-15,us_israel_iran,2026-02-28,318,-2.310027918658534,2.310027918658534,2.7392444667079734,0.6765179122754041,0.6614946802752448,3.152296285383612,-1.031831766453828,-0.9011655395071668,-0.6699062529948634,-0.8301608071917871,-0.9177700178638876,166.05,1.2774184641977122
2025-05-16,us_israel_iran,2026-02-28,299,-2.2847362426735565,2.2847362426735565,2.635404640927088,0.6341891812865857,0.6584044568952909,3.086512428746074,-1.0620441831251886,-1.0182377400837117,-0.6933493378145963,-0.8941981644748697,-1.0686850315273608,166.05,1.2774184641977122
2025-05-17,us_israel_iran,2026-02-28,189,-3.261690837559347,3.261690837559347,3.633277170564366,0.6007273349147503,0.7096396370990272,3.143432653692705,0.1049863967075374,0.106794318290796,-0.7118816416279812,0.1675262278306219,-0.938104111456355,166.05,1.2774184641977122
2025-05-18,us_israel_iran,2026-02-28,471,-4.401320880074241,4.401320880074241,4.824689272994047,1.7962023153346451,0.7466128714416839,3.319431153293871,1.4663425091340632,1.4500288198518174,-0.0497871088801043,0.9337065088002005,-0.5343452361078332,166.05,1.2774184641977122
2025-05-19,us_israel_iran,2026-02-28,514,-3.357452445744346,3.357452445744346,3.746442197154833,1.471366127457497,0.6817515311663327,3.361824452875551,0.2193793538734937,0.2343800359248483,-0.2296923913449708,-0.4103868819935145,-0.4370905947319091,166.05,1.2774184641977122
2025-05-20,us_israel_iran,2026-02-28,407,-2.4952500236338206,2.4952500236338206,3.1032968182276424,0.9020417288057389,0.6602583749032397,3.330287240382108,-0.8105729058079894,-0.4907217661575485,-0.5450035253135833,-0.8557802265941697,-0.509440242466609,166.05,1.2774184641977122
2025-05-21,us_israel_iran,2026-02-28,466,-3.01889748723574,3.01889748723574,3.480502504713656,1.2212699610214195,0.6935672636547162,3.3494629555678674,-0.1850447530418666,-0.0654485200324302,-0.3682041186254277,-0.1655345881987439,-0.4654491560939919,166.05,1.2774184641977122
2025-05-22,us_israel_iran,2026-02-28,436,-3.3941853211338056,3.3941853211338056,3.77742156702208,1.2995976018347783,0.7119179671477855,3.3987207375916646,0.2632589661800359,0.2693071265238483,-0.3248236183264175,0.2147390721471697,-0.3524466775662758,166.05,1.2774184641977122
2025-05-23,us_israel_iran,2026-02-28,504,-3.836618114711877,3.836618114711877,4.24652382255487,1.6547780726437806,0.7145317782630792,3.484298454050249,0.7917713477475653,0.7981873797181271,-0.1281126442675047,0.2689039449347968,-0.1561224894026637,166.05,1.2774184641977122
2025-05-24,us_israel_iran,2026-02-28,234,-2.2331253511937965,2.2331253511937965,2.3987752302635883,0.4989822945761428,0.6597661665095086,3.36296074449055,-1.1236964737481212,-1.285020986484404,-0.7682314908893543,-0.8659800474134532,-0.4344838235061346,166.05,1.2774184641977122
2025-05-25,us_israel_iran,2026-02-28,143,-1.7133353600932033,1.7133353600932033,2.089782363589661,0.2439356576816837,0.6180342649143609,3.218343918114199,-1.7446166453516825,-1.6333890099468489,-0.9094849563732096,-1.7307721235742328,-0.7662498743901343,166.05,1.2774184641977122
2025-05-26,us_israel_iran,2026-02-28,206,-1.663746410690401,1.663746410690401,2.020659217443776,0.3314073853532835,0.6046602016148881,3.0814341598786656,-1.803853605470196,-1.7113205624048513,-0.8610401510783003,-2.0079170301174214,-1.0803351088363646,166.05,1.2774184641977122
2025-05-27,us_israel_iran,2026-02-28,178,-2.2082995342172875,2.2082995342172875,2.588047820067283,0.3849913151174828,0.6417987269282347,3.0344263327577843,-1.153352394025873,-1.071629270632554,-0.8313635559833854,-1.2383114961339656,-1.188175956649928,166.05,1.2774184641977122
2025-05-28,us_israel_iran,2026-02-28,251,-2.7303694998684254,2.7303694998684254,3.237447217822312,0.6495232071174206,0.6649063915559663,3.0584675703722484,-0.5297086567257535,-0.3394764961403309,-0.6848568349735544,-0.7594613957357959,-1.1330228554405453,166.05,1.2774184641977122
2025-05-29,us_israel_iran,2026-02-28,447,-1.9662602104186475,1.9662602104186475,2.3601063195335312,0.7685779351009394,0.6271127988285402,2.9850010947635126,-1.442482814081955,-1.3286175010107129,-0.6189202944463851,-1.542641607301472,-1.3015625966021018,166.05,1.2774184641977122
2025-05-30,us_israel_iran,2026-02-28,242,-2.673431045087725,2.673431045087725,2.993812109772702,0.6156063151769547,0.6768183871019028,2.9810669792850217,-0.5977250397238479,-0.6141581803840899,-0.7036411584344231,-0.5126142843981679,-1.310587866957737,166.05,1.2774184641977122
2025-05-31,us_israel_iran,2026-02-28,161,-2.526164736174672,2.526164736174672,2.8634946403717856,0.4015104611248573,0.6668732982395079,2.9613702261675297,-0.7736434363210994,-0.7610820874842916,-0.8222146934506831,-0.7187020425921031,-1.355774268573421,166.05,1.2774184641977122
2025-06-01,us_israel_iran,2026-02-28,481,-4.696370329035747,4.696370329035747,4.984594333731876,1.94990740629212,0.7450576648258077,3.1687657069501385,1.818796687970416,1.6303106838006856,0.0353399762076273,0.9014786373926128,-0.8799874507146768,221.13,2.4067507106993835
2025-06-02,us_israel_iran,2026-02-28,501,-3.1563764059786545,3.1563764059786545,3.409725013713386,1.3547927896413772,0.6826358800466731,3.182638956936636,-0.020817978230417,-0.1452452315578596,-0.2942546539572045,-0.3920609041432994,-0.8481607713698487,221.13,2.4067507106993835
2025-06-03,us_israel_iran,2026-02-28,327,-4.433173993213961,4.433173993213961,5.026028242681396,1.3300443755525182,0.7480550464481919,3.372982230018355,1.5043929541511831,1.677024542021559,-0.3079611638639687,0.963592075246812,-0.4114934927067391,221.13,2.4067507106993835
2025-06-04,us_israel_iran,2026-02-28,606,-2.638803154892572,2.638803154892572,2.9941869511318235,1.318910074524251,0.68565991845535,3.3299361082670145,-0.6390901215653002,-0.6137355727530641,-0.3141277168722095,-0.3293950692815174,-0.5102457760831461,221.13,2.4067507106993835
2025-06-05,us_israel_iran,2026-02-28,320,-2.577872789576188,2.577872789576188,3.0565020552059736,0.7590721174709862,0.6714070645673207,3.3016562357833243,-0.7118750799828533,-0.5434796154818021,-0.6241849381948303,-0.624750771607775,-0.5751227468237462,221.13,2.4067507106993835
2025-06-06,us_israel_iran,2026-02-28,300,-2.747663640439548,2.747663640439548,2.9484490897937508,0.7649134402076098,0.6869196175024022,3.2739418184629794,-0.5090497734940465,-0.6653018387424927,-0.6209498158281741,-0.3032908729090079,-0.6387025045691808,221.13,2.4067507106993835
2025-06-07,us_israel_iran,2026-02-28,260,-3.534181584976116,3.534181584976116,4.041679672956986,0.86746803084245,0.7139310451128673,3.3580486457061367,0.4304928599777368,0.5672398103408514,-0.564151610194732,0.2564552127099807,-0.4457526893503883,221.13,2.4067507106993835
2025-06-08,us_israel_iran,2026-02-28,580,-3.874684852740095,3.874684852740095,4.194282582703779,1.870670843747825,0.7212187543611097,3.4432183879429776,0.8372443385968529,0.739289005571007,-0.008543915729522,0.4074752470325109,-0.2503644365118816,221.13,2.4067507106993835
2025-06-09,us_israel_iran,2026-02-28,1435,-3.9795156038155706,3.9795156038155706,4.376647178275331,3.702404929392521,0.7136586734198557,3.543161324967359,0.9624709282995348,0.9448924371085748,1.0059324584454616,0.2508109723834303,-0.0210849372920767,221.13,2.4067507106993835
2025-06-10,us_israel_iran,2026-02-28,1380,-3.966303554731098,3.966303554731098,4.338813223357585,3.5969666302391707,0.7456454694183875,3.6349237610509233,0.9466883470162836,0.902237277342796,0.947537157368438,0.9136594567313848,0.1894276413736519,221.13,2.4067507106993835
2025-06-11,us_israel_iran,2026-02-28,630,-2.8834044530610647,2.8834044530610647,3.2010581440501453,1.4857378998342554,0.6875102541201034,3.5991221743930986,-0.3468992701954014,-0.3805026526406243,-0.2217328170565934,-0.2910513667433509,0.1072950754857992,221.13,2.4067507106993835
2025-06-12,us_israel_iran,2026-02-28,474,-3.1775227345365376,3.1775227345365376,3.633551117690583,1.3035385051354689,0.709230639202604,3.6075038725416246,0.0044425734957606,0.1071031746728889,-0.3226410126071755,0.1590507420158474,0.1265235633742111,221.13,2.4067507106993835
2025-06-13,us_israel_iran,2026-02-28,484,-3.4532204373459376,3.4532204373459376,3.8171350355789415,1.4410688673030092,0.7260630851060029,3.634993088790449,0.3337799364116065,0.3140813075426979,-0.2464720401323346,0.5078622095804338,0.1895866864234947,221.13,2.4067507106993835
2025-06-14,us_israel_iran,2026-02-28,401,-2.6616742081287144,2.6616742081287144,3.21793726497813,0.950274123793756,0.6917564397702579,3.590993793945436,-0.6117692832589091,-0.3614726146376084,-0.5182907914245932,-0.2030595052704429,0.0886477247675244,221.13,2.4067507106993835
2025-07-02,us_israel_iran,2026-02-28,854,-3.4915330549345973,3.4915330549345973,3.6974930167359874,2.26627058661268,0.7311533288213026,3.595418780774439,0.3795466450728519,0.1791932304293844,0.210552620122101,0.6133451198351195,0.0987991050892821,134.22,0.6247923674993058
2025-07-03,us_israel_iran,2026-02-28,345,-2.3927636482259,2.3927636482259,2.839499167287036,0.7517769103810277,0.652141922130994,3.51481823127039,-0.9329989988356212,-0.7881353189085692,-0.6282252709568165,-1.0239739531121916,-0.0861069440757648,134.22,0.6247923674993058
2025-07-04,us_israel_iran,2026-02-28,379,-2.79490070184509,2.79490070184509,3.1470490404050167,0.9514173994617098,0.6774425328866506,3.478282933602783,-0.4526222839768398,-0.4413941705852339,-0.517657606638986,-0.4996803823139696,-0.1699227193819464,134.22,0.6247923674993058
2025-07-05,us_israel_iran,2026-02-28,395,-2.35310582409043,2.35310582409043,2.467172525815295,0.829513750223648,0.6495063271629335,3.371575783297211,-0.980372637014919,-1.2079077802217193,-0.5851719762447695,-1.07859024322184,-0.4147200278627405,134.22,0.6247923674993058
2025-07-06,us_israel_iran,2026-02-28,500,-4.419014461288613,4.419014461288613,4.834934277807471,1.8936681952296417,0.7974048224167838,3.5237517411816186,1.4874785480574892,1.461579352120195,0.0041927964001153,1.986246054257204,-0.0656125425732155,134.22,0.6247923674993058
2025-07-07,us_israel_iran,2026-02-28,967,-4.30501421149173,4.30501421149173,4.530922629255261,3.0580191945817945,0.7712179891285939,3.6260394209166527,1.3512984447876075,1.1188273065609848,0.649049814319315,1.4435876787279396,0.1690460404568502,134.22,0.6247923674993058
2025-07-08,us_israel_iran,2026-02-28,555,-4.467693242604777,4.467693242604777,4.826474019799552,2.0826113868630176,0.7624880043629114,3.75948983471659,1.5456282580668823,1.4520409980736226,0.108835935093368,1.2626799951143968,0.475195178732235,134.22,0.6247923674993058
2025-07-09,us_israel_iran,2026-02-28,416,-3.740160222815026,3.740160222815026,4.323043455399868,1.3770881417712952,0.7232839233145072,3.828178369524316,0.6765466381253288,0.8844579578619728,-0.2819067328441064,0.4502708465275276,0.6327738264261245,134.22,0.6247923674993058
2025-07-10,us_israel_iran,2026-02-28,618,-4.369985570849628,4.369985570849628,4.8819194636483445,2.218085792655054,0.7434441080758204,3.949353773733024,1.428910611802219,1.514551889964163,0.1838662492959034,0.8680416014923121,0.9107628151622909,134.22,0.6247923674993058
2025-07-11,us_israel_iran,2026-02-28,463,-3.495573156014879,3.495573156014879,4.001457958909627,1.406609752002376,0.7090876943598365,3.962369742375516,0.3843727869744161,0.5218926177866076,-0.2655566652541957,0.1560885581078965,0.940622801881343,134.22,0.6247923674993058
2025-07-12,us_israel_iran,2026-02-28,240,-3.2473900718984225,3.2473900718984225,3.516051552922572,0.7422461515387307,0.6844001429974765,3.919276514418681,0.087903278486192,-0.02536943408518,-0.6335037279933718,-0.3555008490822988,0.8417624519668944,134.22,0.6247923674993058
2025-07-13,us_israel_iran,2026-02-28,241,-4.005435327118579,4.005435327118579,4.3982347706496485,0.9189188952149218,0.7188678844723411,3.9784278937900046,0.9934335849815986,0.9692309500577756,-0.5356563789568511,0.3587591911092773,0.977461872498326,134.22,0.6247923674993058
2025-07-14,us_israel_iran,2026-02-28,252,-3.384688914486857,3.384688914486857,3.774208344492147,0.8080318580323402,0.7038701981463665,3.962315672998904,0.2519149415820338,0.2656844410109199,-0.5970693756934377,0.0479686495885023,0.9404987611040582,134.22,0.6247923674993058
2025-07-15,us_israel_iran,2026-02-28,332,-2.5992622323845267,2.5992622323845267,2.730180829722657,0.7901139064617688,0.6615036228255484,3.8383659638468233,-0.6863241137725629,-0.9113841614965468,-0.6069929441220715,-0.8299754946048304,0.6561452280885471,134.22,0.6247923674993058
2025-07-16,us_israel_iran,2026-02-28,353,-2.867018743049921,2.867018743049921,3.3100466326585867,0.9186508679931712,0.6822171520491579,3.776286349776841,-0.3664729788972996,-0.2576256918700421,-0.5358048215098574,-0.4007380226180519,0.5137281323987138,134.22,0.6247923674993058
2025-07-17,us_israel_iran,2026-02-28,314,-1.5921883035356574,1.5921883035356574,2.130189362946763,0.4611978158543545,0.6064802865486835,3.604610422131625,-1.8893340359033988,-1.5878329210584392,-0.7891578148979401,-1.970200200341592,0.1198856869942099,134.22,0.6247923674993058
2025-07-18,us_israel_iran,2026-02-28,253,-3.5891283572938826,3.5891283572938826,4.037119859794343,0.859861466246977,0.7100634747775538,3.642400124507755,0.4961300593866172,0.5620989372976415,-0.5683643832883918,0.1763092320062765,0.2065791972554794,134.22,0.6247923674993058
2025-07-19,us_israel_iran,2026-02-28,114,-2.614979864459215,2.614979864459215,3.0778708787447617,0.3009685203446609,0.6683012900697717,3.586409343985524,-0.6675484640445781,-0.5193877492194618,-0.8778982254297862,-0.6891103879482606,0.0781305194271367,134.22,0.6247923674993058
2025-07-20,us_israel_iran,2026-02-28,299,-6.49420700570765,6.49420700570765,7.119738826571618,1.8026395113494087,0.7994090379813913,3.9621814961357424,3.9664199144789416,4.037537992262263,-0.046221971710856,2.0277785431431696,0.9401909454153412,134.22,0.6247923674993058
2025-07-21,us_israel_iran,2026-02-28,265,-4.354688130318468,4.354688130318468,4.930262948191614,1.0870507976303732,0.7608004438093017,4.069934198044791,1.410636905954996,1.5690558153748368,-0.4425392370734882,1.2277094105251507,1.1873868580915985,134.22,0.6247923674993058
2025-07-22,us_israel_iran,2026-02-28,389,-3.0119091912584977,3.0119091912584977,3.529697286822394,1.0481317080936865,0.6880893715555164,4.01308308686366,-0.1933926897311018,-0.0099848156681087,-0.4640939469785962,-0.2790505675904555,1.056964492191752,134.22,0.6247923674993058
2025-07-23,us_israel_iran,2026-02-28,370,-3.403868283907716,3.403868283907716,4.170830372598009,1.1353154558541163,0.7209869575460858,4.028728300729023,0.2748258432075769,0.7128482654713507,-0.4158086347118551,0.4026718222843006,1.0928562410940488,134.22,0.6247923674993058
2025-07-24,us_israel_iran,2026-02-28,262,-2.0781614295770896,2.0781614295770896,2.4914484701122435,0.513562966821597,0.6405126688826466,3.86458931762748,-1.3088101282047444,-1.180538336960957,-0.7601562207786298,-1.2649619185876777,0.7163043308896383,134.22,0.6247923674993058
2025-07-25,us_israel_iran,2026-02-28,383,-2.107328689112106,2.107328689112106,2.4091755711792024,0.7237669849486603,0.6416914698438484,3.7083915291060863,-1.273968095642053,-1.2732953235359077,-0.6437381163071494,-1.2405341381211252,0.3579703475418254,134.22,0.6247923674993058
2025-07-26,us_israel_iran,2026-02-28,306,-3.260966877250253,3.260966877250253,3.452832784700484,0.9236199720571288,0.6928682882268369,3.684226078806226,0.1041215829037838,-0.0966442099993443,-0.5330527633846042,-0.1800191524854435,0.3025322895045541,134.22,0.6247923674993058
2025-07-27,us_israel_iran,2026-02-28,501,-3.390295503347247,3.390295503347247,3.7527512240324734,1.4551965012754235,0.6970790825291986,3.691736875294834,0.2586123466435142,0.2414930260951193,-0.2386476779608124,-0.0927606905454113,0.3197628383449367,134.22,0.6247923674993058
2025-07-28,us_israel_iran,2026-02-28,470,-3.737831864649477,3.737831864649477,4.658623289870163,1.5227687286685876,0.7278273490997773,3.793072631250715,0.6737652753125394,1.262800943273472,-0.2012238898804494,0.5444222862544682,0.5522376091529697,134.22,0.6247923674993058
2025-07-29,us_israel_iran,2026-02-28,437,-3.479827178889208,3.479827178889208,3.8907622447911976,1.3349269666526886,0.7032497039595583,3.8065572650489066,0.365563277391063,0.3970908786775445,-0.3052570195480996,0.0351104179828293,0.5831727625161095,134.22,0.6247923674993058
2025-07-30,us_israel_iran,2026-02-28,355,-2.612179089529734,2.612179089529734,3.220603765311168,0.8410494113134632,0.6793496234753571,3.745328296669764,-0.6708941568813215,-0.3584663204775475,-0.5787831364410988,-0.4601605721305304,0.4427071365730743,134.22,0.6247923674993058
2025-07-31,us_israel_iran,2026-02-28,600,-3.556255746167573,3.556255746167573,3.984363218859819,1.7635881891681084,0.717291612465499,3.7755542946463607,0.4568617631687793,0.5026194841804512,-0.0678499165330331,0.3260947907516005,0.5120487217398408,134.22,0.6247923674993058
2025-08-01,us_israel_iran,2026-02-28,545,-2.1985875844401908,2.1985875844401908,2.661330406210216,1.0100602530660403,0.6465236676428678,3.661449527177051,-1.1649538977590088,-0.989008238103119,-0.4851792081847381,-1.1403986013422438,0.2502805095691961,138.56,0.7137775154625821
2025-08-02,us_israel_iran,2026-02-28,276,-2.837335078023306,2.837335078023306,3.003800663448825,0.7341767168675315,0.6527293182276168,3.598648166897316,-0.401931888644913,-0.6028967789839359,-0.6379728542115471,-1.0118015988577604,0.106207652957552,138.56,0.7137775154625821
2025-08-03,us_israel_iran,2026-02-28,489,-4.436706846659696,4.436706846659696,4.695174843269295,1.867099397109476,0.7489290860052721,3.707529013785725,1.5086131584747244,1.3040102842825474,-0.0105219038363257,0.9817044174675637,0.3559916476295587,138.56,0.7137775154625821
2025-08-04,us_israel_iran,2026-02-28,450,-3.871570690770517,3.871570690770517,4.288144906601285,1.521729320574331,0.727056875321845,3.7642498643593214,0.8335242862340573,0.845112264877093,-0.2017995492859348,0.5284560927052396,0.4861151821386875,138.56,0.7137775154625821
2025-08-05,us_israel_iran,2026-02-28,358,-2.862817721941768,2.862817721941768,3.334779911526052,0.928400227301117,0.6837262162585016,3.71306499613801,-0.3714913493777733,-0.2297406356046593,-0.5304052961318204,-0.3694663402653356,0.3686917673099711,138.56,0.7137775154625821
2025-08-06,us_israel_iran,2026-02-28,250,-2.3045596355354707,2.3045596355354707,2.6528919440875605,0.5462833515074418,0.6512658286623945,3.597824287916847,-1.0383639570563443,-0.9985220188009576,-0.7420345635589228,-1.0421288576495198,0.1043175888301235,138.56,0.7137775154625821
2025-08-07,us_israel_iran,2026-02-28,732,-4.554405036023524,4.554405036023524,5.048668437460437,2.6343954490886707,0.7514495848674028,3.7438295732099593,1.6492106712942298,1.702549791166881,0.414432636689499,1.0339356209504242,0.4392689089747681,138.56,0.7137775154625821
2025-08-08,us_israel_iran,2026-02-28,713,-3.1055733804386265,3.1055733804386265,3.876830358775311,1.7607420567798866,0.6815524973294768,3.756441396494333,-0.0815052247653154,0.3813836435989424,-0.0694262010430247,-0.4145113737713083,0.4682017441803661,138.56,0.7137775154625821
2025-08-09,us_israel_iran,2026-02-28,250,-3.4112396515227457,3.4112396515227457,4.335169478962564,0.8086158417835576,0.6795538969471638,3.818837779218335,0.2836313818344098,0.8981292082907191,-0.5967459457135322,-0.4559275016727764,0.6113455401306136,138.56,0.7137775154625821
2025-08-10,us_israel_iran,2026-02-28,318,-5.083793885823422,5.083793885823422,5.600408714652934,1.4888467789917288,0.7554901154451341,4.0036338721016245,2.281597252587887,2.32459868148319,-0.2200110144870289,1.117665781655914,1.0352870100888254,138.56,0.7137775154625821
2025-08-11,us_israel_iran,2026-02-28,616,-4.047557592037934,4.047557592037934,4.49862907280436,2.049212810909472,0.7237991904780834,4.057134001868203,1.043751144784313,1.082418561749264,0.0903386725804876,0.4609485042218595,1.1580218758661165,138.56,0.7137775154625821
2025-08-12,us_israel_iran,2026-02-28,249,-2.586952577684584,2.586952577684584,2.837989030714646,0.6110383011922931,0.6696806236249657,3.935814874980911,-0.7010287310978893,-0.7898378931412516,-0.7061710792895615,-0.660527057610561,0.8797031723471622,138.56,0.7137775154625821
2025-08-13,us_israel_iran,2026-02-28,343,-2.7851619809988204,2.7851619809988204,3.1811752653056207,0.8707070174373788,0.6821017397914013,3.859639222558874,-0.4642557673501178,-0.4029192192220235,-0.5623577497197996,-0.4031296607218693,0.7049482976149357,138.56,0.7137775154625821
2025-08-14,us_israel_iran,2026-02-28,414,-1.835333394919494,1.835333394919494,2.2992992312688307,0.6730308473977965,0.6136846512871957,3.7045391317962495,-1.5988827104614705,-1.3971732750623975,-0.6718375076247095,-1.820907278104807,0.3491325471700051,138.56,0.7137775154625821
2025-08-15,us_israel_iran,2026-02-28,333,-2.850697121320518,2.850697121320518,3.250894897631314,0.8687939359096001,0.6935485966709494,3.654832785124145,-0.3859701303211106,-0.3243151699723664,-0.5634172790625201,-0.1659214159978698,0.2351010146541446,138.56,0.7137775154625821
2025-08-16,us_israel_iran,2026-02-28,149,-2.2120208443024723,2.2120208443024723,2.6652006144770146,0.3272182200185083,0.6418984588058823,3.5535905986759184,-1.1489070669971813,-0.9846448467445884,-0.8633602527202079,-1.2362447957384997,0.0028409020350333,138.56,0.7137775154625821
2025-08-17,us_israel_iran,2026-02-28,128,-3.3043155095699097,3.3043155095699097,4.191139573391248,0.4241318870188427,0.7047169476251827,3.601172322036104,0.1559041117703158,0.735745480590264,-0.8096861816435114,0.0655154713671342,0.1119983275505268,138.56,0.7137775154625821
2025-08-18,us_israel_iran,2026-02-28,315,-2.673859879424409,2.673859879424409,3.0332086597066,0.7766585470820581,0.675445161964793,3.5338994833827537,-0.5972127715107576,-0.5697413031291395,-0.614444977855421,-0.5410710326402715,-0.0423325658248801,138.56,0.7137775154625821
2025-08-19,us_israel_iran,2026-02-28,482,-3.2243113604935325,3.2243113604935325,3.4730294786906395,1.3409934474371383,0.6958047313135612,3.527499535238497,0.0603343801017286,-0.0738738384967192,-0.3018971970288584,-0.1191685174453284,-0.0570147129503942,138.56,0.7137775154625821
2025-08-20,us_israel_iran,2026-02-28,245,-3.80579305513582,3.80579305513582,4.208016078444167,0.8860448004859541,0.7291244714122861,3.595756547425781,0.7549489740786747,0.7547725693755963,-0.5538631660043228,0.5713019887073123,0.0995739769409464,138.56,0.7137775154625821
2025-08-21,us_israel_iran,2026-02-28,332,-3.71894327782991,3.71894327782991,4.128690878606813,1.130470317517863,0.7388149381402745,3.658091643211219,0.6512017308615952,0.6653389090598577,-0.4184920364186092,0.7721133229705581,0.2425771742756141,138.56,0.7137775154625821
2025-08-22,us_israel_iran,2026-02-28,249,-3.347877953202816,3.347877953202816,3.930083846295544,0.7907689049928928,0.7090146512005945,3.6936900715417575,0.2079420510133203,0.4414232567770769,-0.6066301837519107,0.1545749164353199,0.3242436738167156,138.56,0.7137775154625821
2025-08-23,us_israel_iran,2026-02-28,289,-4.8707760448225015,4.8707760448225015,5.770857326271318,1.3123676195804104,0.7720506452569391,3.914208075463613,2.0271347260801105,2.51676766768207,-0.3177511500013116,1.4608424501243005,0.8301349254998612,138.56,0.7137775154625821
2025-08-24,us_israel_iran,2026-02-28,407,-3.5721994403641206,3.5721994403641206,3.820415131093759,1.2913627605671207,0.745975251212393,3.905202454600698,0.475907457595395,0.3177793877073468,-0.329384352319736,0.9204933816525358,0.8094750939691061,138.56,0.7137775154625821
2025-08-25,us_israel_iran,2026-02-28,260,-3.3087286423847044,3.3087286423847044,3.7975915368393416,0.8121304044486073,0.7108171094382782,3.889686319456289,0.1611758623457156,0.2920473683752935,-0.5947994618776999,0.1919264758413951,0.7738794650867068,138.56,0.7137775154625821
2025-08-26,us_israel_iran,2026-02-28,595,-3.7010931824884223,3.7010931824884223,4.462464228013585,1.8233361377879096,0.7133503748515662,3.95012133153456,0.6298787264707092,1.0416452078715397,-0.0347594790316336,0.2444222350204657,0.9125236726435488,138.56,0.7137775154625821
2025-08-27,us_israel_iran,2026-02-28,508,-3.6880197598886526,3.6880197598886526,3.987028037033249,1.6009261976580953,0.7355753587861094,3.958044576130285,0.6142617427983093,0.5056238818222398,-0.1579376365009022,0.7049809266864201,0.9307004203677092,138.56,0.7137775154625821
2025-08-28,us_israel_iran,2026-02-28,392,-3.5382570009726457,3.5382570009726457,3.9106756174717714,1.2393091487600307,0.7097087998060352,3.95290074086984,0.4353611876547732,0.4195418250565856,-0.358213405500882,0.1689594565764999,0.9188999269291762,138.56,0.7137775154625821
2025-08-29,us_israel_iran,2026-02-28,337,-2.3006192057310697,2.3006192057310697,2.6065804728773805,0.7083976064658387,0.6493883758148524,3.817966357849128,-1.0430710356693047,-1.0507349901319547,-0.6522501986441924,-1.0810344977919433,0.609346408815387,138.56,0.7137775154625821
2025-08-30,us_israel_iran,2026-02-28,284,-2.3079636879135417,2.3079636879135417,3.012717816969691,0.6124005161291715,0.6636127917370009,3.737490748695026,-1.034297613296504,-0.5928433069396983,-0.705416638521744,-0.7862681030844575,0.4247269858164408,138.56,0.7137775154625821
2025-08-31,us_israel_iran,2026-02-28,895,-3.480221257582913,3.480221257582913,3.791073188793556,2.337805238053254,0.7289068781003779,3.737856096030364,0.3660340279139867,0.284698383107789,0.2501709328401087,0.5667928969868032,0.4255651306276844,138.56,0.7137775154625821
2025-09-01,us_israel_iran,2026-02-28,783,-5.062900770316059,5.062900770316059,5.574353536778936,3.0811324270812213,0.7885812136614677,3.9286089205614463,2.256639178965315,2.2952232757832727,0.661850705281187,1.8033982413593743,0.8631719629402128,125.87,0.4535882233764127
2025-09-02,us_israel_iran,2026-02-28,489,-3.754491163392752,3.754491163392752,4.21514955087939,1.5800025626892948,0.7379619494534994,3.962124820337938,0.6936658020859908,0.7628150647232486,-0.1695258541925759,0.754437208794545,0.940060925236574,125.87,0.4535882233764127
2025-09-03,us_israel_iran,2026-02-28,416,-3.2730554592658336,3.2730554592658336,3.594894317154151,1.2051050200524238,0.7086212932093501,3.930603973214948,0.1185621157113987,0.0635203135498524,-0.377156810411587,0.1464235295844932,0.8677488213649406,125.87,0.4535882233764127
2025-09-04,us_israel_iran,2026-02-28,423,-4.1412012338624855,4.1412012338624855,4.740305793815308,1.5461553956192506,0.7515014616587973,4.009871224182691,1.1556140647073527,1.3548923004531248,-0.1882715616587489,1.0350106411728393,1.0495961449229916,125.87,0.4535882233764127
2025-09-05,us_israel_iran,2026-02-28,441,-4.056641895558268,4.056641895558268,4.445686493535107,1.5680171909772287,0.7322684774913406,4.056594256157172,1.0546028875983708,1.0227294760575336,-0.1761637589697406,0.6364538615106308,1.156783643030304,125.87,0.4535882233764127
2025-09-06,us_israel_iran,2026-02-28,251,-3.219067670653982,3.219067670653982,3.7746467364578655,0.7657788286427665,0.6797475330244956,4.025304020263296,0.0540704795827602,0.2661786975426097,-0.6204705344036318,-0.4519148653218158,1.085000585319409,125.87,0.4535882233764127
2025-09-07,us_israel_iran,2026-02-28,371,-5.250556501635342,5.250556501635342,5.74134799273416,1.7552771446467266,0.7961274797650859,4.197686753938988,2.480805151546752,2.483497941074167,-0.0724528544691314,1.959776237126729,1.480464517319543,125.87,0.4535882233764127
2025-09-08,us_israel_iran,2026-02-28,352,-3.4221362150467503,3.4221362150467503,4.04421052297465,1.0938629269585176,0.7095060128380647,4.179829606769622,0.2966479774000305,0.5700931681798973,-0.4387664491369713,0.1647571902922829,1.4394983632081448,125.87,0.4535882233764127
2025-09-09,us_israel_iran,2026-02-28,922,-3.531855568098736,3.531855568098736,3.815875945615117,2.42423033146942,0.7232290229035411,4.148834616044803,0.4277142939734223,0.312661770946981,0.2980360766367357,0.4491331691496295,1.368392628643076,125.87,0.4535882233764127
2025-09-10,us_israel_iran,2026-02-28,564,-4.025803523465552,4.025803523465552,4.347616551067768,1.9008753487823573,0.7465163460523029,4.175154475468038,1.0177646113336811,0.9121624186811716,0.008184362130961,0.9317062550687788,1.4287731254321885,125.87,0.4535882233764127
2025-09-11,us_israel_iran,2026-02-28,448,-3.8829177397721657,3.8829177397721657,4.3367829495464925,1.520576477464163,0.7261580187037334,4.202569316090371,0.8470790135930417,0.8999482844535063,-0.2024380328450722,0.5098294773046612,1.4916656230535648,125.87,0.4535882233764127
2025-09-12,us_israel_iran,2026-02-28,415,-3.674255566055376,3.674255566055376,4.111733810332615,1.350101237816989,0.7119431823707084,4.198239743923153,0.5978195916540626,0.6462209908309111,-0.2968529942519882,0.2152615962629857,1.4817331338963415,125.87,0.4535882233764127
2025-09-13,us_israel_iran,2026-02-28,284,-3.46818931196589,3.46818931196589,3.900181592628896,0.9202575134973924,0.7149201839537885,4.175254104808648,0.3516611506651812,0.4077105399786156,-0.534915006815421,0.2769527074119952,1.4290016855085943,125.87,0.4535882233764127
2025-09-14,us_israel_iran,2026-02-28,225,-3.807284576304268,3.807284576304268,4.178235393796606,0.8212857368243103,0.7286055929728998,4.175480970442893,0.7567306851460649,0.721196913213355,-0.5897289287333648,0.5605494961124368,1.4295221388848762,125.87,0.4535882233764127
2025-09-15,us_israel_iran,2026-02-28,370,-3.652171303444124,3.652171303444124,4.074034969525081,1.2181336592339784,0.7280403459530282,4.1710843282221255,0.571438621714102,0.6037181628520207,-0.3699411087762234,0.5488361275580719,1.4194357840444114,125.87,0.4535882233764127
2025-09-16,us_israel_iran,2026-02-28,512,-3.73470519016644,3.73470519016644,4.084828346514573,1.631533037243417,0.7344659215524977,4.165837386110132,0.6700302760055206,0.6158869467103305,-0.1409865321398431,0.6819905406279839,1.4073987527574514,125.87,0.4535882233764127
2025-09-17,us_israel_iran,2026-02-28,285,-2.61457318858153,2.61457318858153,3.008315372911369,0.6959016990822465,0.6657684897575737,4.043459843896987,-0.6680342626557142,-0.5978067572339086,-0.6591708553671749,-0.7415965090393973,1.1266519343250951,125.87,0.4535882233764127
2025-09-18,us_israel_iran,2026-02-28,604,-2.764593503580121,2.764593503580121,3.1359820002794754,1.378190476206382,0.6716553724817632,3.947229829928836,-0.4888260413975283,-0.4538714906464212,-0.281296222699867,-0.6196051945156716,0.9058902670233814,125.87,0.4535882233764127
2025-09-19,us_israel_iran,2026-02-28,334,-2.551048755490354,2.551048755490354,2.9292795193434165,0.7794832015774503,0.6695848472366107,3.839907862191057,-0.7439179898749991,-0.6869141997017969,-0.6128805885298961,-0.6625117901189482,0.6596825033652133,125.87,0.4535882233764127
2025-09-20,us_israel_iran,2026-02-28,238,-3.589715936781297,3.589715936781297,3.831100222575455,0.8143730328959926,0.7504324315355374,3.8283147997346703,0.4968319581580491,0.3298260871669888,-0.5935574182897387,1.0128575941168716,0.6330868115278218,125.87,0.4535882233764127
2025-09-21,us_israel_iran,2026-02-28,158,-2.4052765968775387,2.4052765968775387,2.9001825707912463,0.3757011149292091,0.6659504081432527,3.73041959732246,-0.9180515347499988,-0.719718990844774,-0.836508783490053,-0.7378266933245679,0.4085050286288725,125.87,0.4535882233764127
2025-09-22,us_israel_iran,2026-02-28,757,-2.1410705224164777,2.1410705224164777,2.2153678345999577,1.27033423194864,0.6557484895903576,3.570176598901403,-1.2336614616470274,-1.4918001027905372,-0.3410306636671622,-0.9492366216755718,0.0408909127609639,125.87,0.4535882233764127
2025-09-23,us_israel_iran,2026-02-28,657,-3.396583283838138,3.396583283838138,4.09772399366195,1.808279268150406,0.704176756162945,3.620917062334337,0.2661234757692268,0.6304258943448129,-0.0430984833860259,0.0543213182541306,0.1572948167531576,125.87,0.4535882233764127
2025-09-24,us_israel_iran,2026-02-28,648,-3.8506420307732574,3.8506420307732574,4.097559067160354,2.028175760585683,0.7209540918926972,3.6691916698547096,0.808523752596586,0.6302399511546153,0.0786876416240468,0.4019907616198717,0.2680417906449041,125.87,0.4535882233764127
2025-09-25,us_israel_iran,2026-02-28,658,-2.782980854838573,2.782980854838573,3.0454378299129856,1.483356483423701,0.6755860205026739,3.6020380146885054,-0.4668612527440212,-0.5559537620145404,-0.2230517261190568,-0.53815208232258,0.1139843165931794,125.87,0.4535882233764127
2025-09-26,us_israel_iran,2026-02-28,447,-3.6474323849817902,3.6474323849817902,3.9736417145594274,1.4257197679206075,0.7220914156134524,3.646747973257439,0.5657777007359643,0.4905317317935557,-0.2549728912167484,0.4255590272426657,0.2165536147950381,125.87,0.4535882233764127
2025-09-27,us_israel_iran,2026-02-28,351,-4.2554820703604985,4.2554820703604985,4.593309499026336,1.356927491303502,0.7554417709712825,3.7501329351601824,1.2921293455404772,1.1891641746774038,-0.2930723838782069,1.1166639601161572,0.4537294773188398,125.87,0.4535882233764127
2025-09-28,us_israel_iran,2026-02-28,318,-4.284292745165626,4.284292745165626,4.911008631398553,1.2547037895625313,0.7493916856253179,3.872405342428518,1.3265454163581087,1.547347908792654,-0.3496873320356113,0.9912906685263244,0.7342351052457534,125.87,0.4535882233764127
2025-09-29,us_israel_iran,2026-02-28,326,-3.669351048342372,3.669351048342372,4.015698439612939,1.0979719386219096,0.7218951309776495,3.878126987496828,0.5919608524860706,0.5379477719691903,-0.4364907393129368,0.421491505964551,0.7473611545198057,125.87,0.4535882233764127
2025-09-30,us_israel_iran,2026-02-28,469,-2.8742189169288905,2.8742189169288905,3.083888287892107,1.1688913160777936,0.686911674234635,3.792455733107829,-0.3578719414070649,-0.5126035378116378,-0.397213186165876,-0.303455477797866,0.5508223806087447,125.87,0.4535882233764127
2025-10-01,us_israel_iran,2026-02-28,1035,-3.5327459393114764,3.5327459393114764,3.8213578712319136,2.633570219928331,0.7330699826206438,3.796596590717266,0.4287778955349585,0.3188422618186587,0.4139755968314726,0.6530631042800576,0.5603219389297163,154.51,1.0408081859727791
2025-10-02,us_israel_iran,2026-02-28,1750,-3.356838930057702,3.356838930057702,3.8912344152174216,3.5420589252896963,0.7020215736777377,3.801371380904474,0.2186464727639015,0.3976232180803654,0.917127410742029,0.0096604074245969,0.5712758045614188,154.51,1.0408081859727791
2025-10-03,us_israel_iran,2026-02-28,1002,-3.897235530911977,3.897235530911977,4.285248443873129,2.83943721818613,0.7320551341135325,3.848873068908311,0.8641824697651999,0.841846704068192,0.5279917128122777,0.6320328393290949,0.680249620639669,154.51,1.0408081859727791
2025-10-04,us_israel_iran,2026-02-28,1265,-3.754022821266924,3.754022821266924,3.955644613777753,3.21314204996592,0.6977364453963502,3.860549783229364,0.6931063394604741,0.470241249055705,0.7349621053636621,-0.0791384452858973,0.7070372185607772,154.51,1.0408081859727791
2025-10-05,us_israel_iran,2026-02-28,770,-4.256350740342407,4.256350740342407,4.461169984066166,2.5579520059813685,0.7225385384649861,3.9135420269326726,1.2931670236863984,1.0401860375978251,0.3720956688944967,0.4348245599477873,0.8286069408500519,154.51,1.0408081859727791
2025-10-06,us_israel_iran,2026-02-28,696,-3.796515137254599,3.796515137254599,4.255931650342159,2.113103393274341,0.7327785878226519,3.948950218095984,0.7438659473533351,0.808794052961466,0.1257234409534733,0.6470246564091089,0.9098370165303628,154.51,1.0408081859727791
2025-10-07,us_israel_iran,2026-02-28,763,-3.814785863880801,3.814785863880801,4.25826578271968,2.2768855044696035,0.7352913439134853,3.9823248701279534,0.7656914209220786,0.8114256253068389,0.2164315211394764,0.6990954098043981,0.9864019418002574,154.51,1.0408081859727791
2025-10-08,us_israel_iran,2026-02-28,654,-3.854495748264616,3.854495748264616,4.204996834361417,2.04479131570645,0.7227611468044214,4.003804449909147,0.8131272481755971,0.7513685811062875,0.0878898987889495,0.4394375759061438,1.03567833333238,154.51,1.0408081859727791
2025-10-09,us_israel_iran,2026-02-28,596,-2.121864917224837,2.121864917224837,2.6176647958178307,1.0467192586478755,0.6281081770532315,3.855696663456376,-1.2566037034668318,-1.0382381848958036,-0.464876209318813,-1.5220148165588203,0.6959036567070475,154.51,1.0408081859727791
2025-10-10,us_israel_iran,2026-02-28,683,-1.689531993357186,1.689531993357186,1.6061252075875696,0.926853151969382,0.5964772178010168,3.61690230742048,-1.7730511877852055,-2.178678903799706,-0.5312621188471993,-2.177489450522309,0.1480845511401417,154.51,1.0408081859727791
2025-10-11,us_israel_iran,2026-02-28,469,-3.48057143034294,3.48057143034294,3.641944821641462,1.415483593108987,0.680514874648738,3.617980447620772,0.3664523301783027,0.1165664936367615,-0.2606420315082875,-0.4360135780334757,0.1505579169683981,154.51,1.0408081859727791
2025-10-12,us_israel_iran,2026-02-28,370,-3.8287763346732753,3.8287763346732753,4.043720251592865,1.277037942482528,0.7035431111738543,3.6598115688462767,0.7824038734009807,0.5695404212052794,-0.3373179217308545,0.0411905682830264,0.2465228626858426,154.51,1.0408081859727791
2025-10-13,us_israel_iran,2026-02-28,326,-1.7002956062800507,1.7002956062800507,1.5639838403934552,0.5087757585638973,0.5948608159671881,3.4363670517231646,-1.7601934096487155,-2.226190372117552,-0.7628075388458928,-2.2109854438596788,-0.2660821148614985,154.51,1.0408081859727791
2025-10-14,us_israel_iran,2026-02-28,525,-2.074799416459368,2.074799416459368,2.221509793242505,0.9249534120031944,0.62946689772774,3.304591158876576,-1.3128262535586956,-1.4848754704664189,-0.5323142591812561,-1.4938586379971566,-0.5683897277920444,154.51,1.0408081859727791
2025-10-15,us_israel_iran,2026-02-28,550,-3.5533848900908325,3.5533848900908325,3.846258418969756,1.6444598567153337,0.7240818300348036,3.3633854209902547,0.4534323542183601,0.3469159021325572,-0.1338272217081278,0.4668055210295885,-0.4335095714170749,154.51,1.0408081859727791
2025-10-16,us_israel_iran,2026-02-28,366,-2.8811658954756285,2.8811658954756285,3.04074943314725,0.9521274344301512,0.6735227175969541,3.330595900850335,-0.3495733608548818,-0.5612396041508594,-0.5172643652258535,-0.5809090125218365,-0.5087321432282725,154.51,1.0408081859727791
2025-10-17,us_israel_iran,2026-02-28,347,-3.9539971034756114,3.9539971034756114,4.303060671954822,1.248472546861689,0.7371499982575731,3.435429077215707,0.93198755639658,0.8619287556607614,-0.353138405284341,0.7376114967223222,-0.268233926002474,154.51,1.0408081859727791
2025-10-18,us_israel_iran,2026-02-28,317,-3.840334096508304,3.840334096508304,4.20774423088869,1.1216183124066312,0.7475392997944491,3.514740607155784,0.7962103098172795,0.7544660801138741,-0.4233945766507304,0.9529044812859596,-0.0862850218734973,154.51,1.0408081859727791
2025-10-19,us_israel_iran,2026-02-28,284,-2.519573019864077,2.519573019864077,2.806191669626856,0.6685494342351618,0.648522240561539,3.443366649141108,-0.7815176349259444,-0.8256872121003347,-0.674319466011595,-1.0989830425578997,-0.2500243098929021,154.51,1.0408081859727791
2025-10-20,us_israel_iran,2026-02-28,374,-2.758602432534071,2.758602432534071,3.011067577806946,0.9285407434719772,0.682699770043294,3.4045309896922338,-0.4959827333802385,-0.5947038371245987,-0.5303274735173675,-0.3907369394852859,-0.3391173545383331,154.51,1.0408081859727791
2025-10-21,us_israel_iran,2026-02-28,270,-2.373623989600428,2.373623989600428,2.832125095646811,0.6023952426693094,0.6578230903273811,3.340301136969912,-0.955862463545664,-0.796449073170367,-0.710957897824465,-0.9062455714238904,-0.4864673214854039,154.51,1.0408081859727791
2025-10-22,us_israel_iran,2026-02-28,302,-2.5943601160559115,2.5943601160559115,2.915143620147965,0.726435149308782,0.6615463603323195,3.291255502144536,-0.692179984343559,-0.7028514454887057,-0.6422603965185774,-0.829089863809257,-0.5989831122604591,154.51,1.0408081859727791
2025-10-23,us_israel_iran,2026-02-28,548,-3.403552704804682,3.403552704804682,3.451172492972622,1.5705312158285492,0.7459005091025133,3.3094878687893354,0.2744488651314981,-0.098516073754104,-0.174771406861571,0.9189445333636024,-0.5571561656209797,154.51,1.0408081859727791
2025-10-24,us_israel_iran,2026-02-28,303,-2.24158505555935,2.24158505555935,2.589422084376312,0.6294681711405031,0.6510216063892235,3.2298369446551267,-1.1135908519079376,-1.070079882951846,-0.6959639931256348,-1.047189769771598,-0.7398836753541681,154.51,1.0408081859727791
2025-10-25,us_israel_iran,2026-02-28,303,-1.1298497004944423,1.1298497004944423,1.50874477752989,0.3172774652784311,0.5760284928450797,3.040693235345397,-2.441625095089541,-2.288468583763147,-0.8688657793707789,-2.601239498651957,-1.173799029878238,154.51,1.0408081859727791
2025-10-26,us_israel_iran,2026-02-28,155,-3.0084263186814835,3.0084263186814835,3.184964606359394,0.4616405041176351,0.6927335785641573,3.045588303314944,-0.1975531889235044,-0.3986470000367139,-0.7889126391446787,-0.182810682332268,-1.162569234495792,154.51,1.0408081859727791
2025-10-27,us_israel_iran,2026-02-28,419,-2.955657170168269,2.955657170168269,3.481074717025377,1.0948002548530575,0.6779571919011413,3.086184487964544,-0.2605890867114205,-0.064803390343253,-0.4382473252033621,-0.4890153270290678,-1.0694373618110369,154.51,1.0408081859727791
2025-10-28,us_israel_iran,2026-02-28,337,-2.1875266602592647,2.1875266602592647,2.5976541728237543,0.6735745951992272,0.6459168878132884,3.034646231084333,-1.1781668319403165,-1.060798774257418,-0.6715363616765154,-1.152972636278038,-1.1876714870026326,154.51,1.0408081859727791
2025-10-29,us_israel_iran,2026-02-28,334,-3.5835482535531207,3.5835482535531207,3.914627547195083,1.0949675735029003,0.7202362154401268,3.123159443994777,0.4894642923814787,0.4239973516886141,-0.4381546584682968,0.387114519605598,-0.9846129644629976,154.51,1.0408081859727791
2025-10-30,us_israel_iran,2026-02-28,659,-2.1174880116931565,2.1174880116931565,2.328915053609865,1.1299713493109094,0.6636090252492716,3.0351071044248736,-1.2618321783900777,-1.3637834897148655,-0.4187683819107775,-0.7863461543742098,-1.1866141955934644,154.51,1.0408081859727791
2025-10-31,us_israel_iran,2026-02-28,265,-2.6487881607681816,2.6487881607681816,3.0980215677107945,0.6612109057523635,0.6850184762223843,3.0348420965178806,-0.627162436023263,-0.4966692451903342,-0.6783837916281534,-0.3426873981517673,-1.187222151313135,154.51,1.0408081859727791
2025-11-01,us_israel_iran,2026-02-28,307,-2.563609861763139,2.563609861763139,2.965231569116248,0.7281696691673659,0.6707192829386774,3.02241149290077,-0.7289129986362992,-0.6463807574459876,-0.64129976067582,-0.6390033716534147,-1.2157392497413686,104.34,0.012148076913431775
2025-11-02,us_israel_iran,2026-02-28,164,-2.421461495766592,2.421461495766592,2.6827531376843825,0.3914903721849803,0.6534874740680854,2.9786243596143893,-0.8987177069202279,-0.9648555943830374,-0.8277641580680103,-0.9960906645779656,-1.3161914907008578,104.34,0.012148076913431775
2025-11-03,us_israel_iran,2026-02-28,388,-3.150190193549892,3.150190193549892,3.6267848950291466,1.093871975984995,0.6965721948521569,3.039965953478865,-0.0282077782431302,0.0994747279704,-0.4387614374796338,-0.1032647037787824,-1.1754674901728308,104.34,0.012148076913431775
2025-11-04,us_israel_iran,2026-02-28,357,-2.992001590016367,2.992001590016367,3.7766033889780473,0.9679784005974096,0.6990493879337327,3.1109697189698484,-0.2171735077366698,0.268384687533239,-0.5084855633186591,-0.0519309071823643,-1.012577462331026,104.34,0.012148076913431775
2025-11-05,us_israel_iran,2026-02-28,254,-1.8531770241522096,1.8531770241522096,2.342640383000416,0.4455326390688912,0.630357039123554,3.0238519315771724,-1.577567430223487,-1.3483091329032473,-0.7978337203531436,-1.475412624363976,-1.2124347335022487,104.34,0.012148076913431775
2025-11-06,us_israel_iran,2026-02-28,346,-3.514934707785059,3.514934707785059,3.8256683179803153,1.1070951106060811,0.7412117716644757,3.1107047633723166,0.4075013162910275,0.323701991527453,-0.4314380176826463,0.8217818633527845,-1.0131852980473484,104.34,0.012148076913431775
2025-11-07,us_israel_iran,2026-02-28,428,-0.8898781679341469,0.8898781679341469,1.8289351116288688,0.3355155647495421,0.5628940553246562,2.9837582647317173,-2.728285415081105,-1.9274761925065849,-0.8587649021919916,-2.873418744224888,-1.3044137780441265,104.34,0.012148076913431775
2025-11-08,us_israel_iran,2026-02-28,108,-2.528841206554578,2.528841206554578,2.853494464654512,0.2765429368384196,0.6519738680375698,2.966377671737069,-0.7704462326887938,-0.7723565919296643,-0.8914259408262045,-1.027456465118701,-1.344286667280752,104.34,0.012148076913431775
2025-11-09,us_israel_iran,2026-02-28,142,-1.828313795070876,1.828313795070876,1.74420175806183,0.2586082207518665,0.6130210015046739,2.831461001474489,-1.6072680414936509,-2.02300717100857,-0.901358794011573,-1.8346598043816704,-1.6537995504839094,104.34,0.012148076913431775
2025-11-10,us_israel_iran,2026-02-28,273,-1.7223584642117464,1.7223584642117464,1.8528264563027743,0.4413965920493965,0.6174749051056879,2.7351926787981817,-1.7338380088761711,-1.900540358642525,-0.8001244032730268,-1.7423634940072403,-1.87464910194916,104.34,0.012148076913431775
2025-11-11,us_israel_iran,2026-02-28,370,-3.126734025362002,3.126734025362002,3.310854700317128,1.04288097225171,0.6979033351335961,2.7987747825215514,-0.0562275712859861,-0.2567146516377543,-0.4670019823208789,-0.0756800617268872,-1.7287851386209707,104.34,0.012148076913431775
2025-11-12,us_israel_iran,2026-02-28,336,-2.698618004417294,2.698618004417294,2.759461749279664,0.8288247516125465,0.6654782244901529,2.788841650253562,-0.5676377133481055,-0.8783719558070163,-0.5855535670107436,-0.7476115501387802,-1.751572777846874,104.34,0.012148076913431775
2025-11-13,us_israel_iran,2026-02-28,267,-2.660126602554307,2.660126602554307,3.213710863553721,0.6684726697157555,0.6661486381602442,2.832283750181494,-0.6136179904970016,-0.3662375890735201,-0.6743619808023186,-0.7337188587567948,-1.651912079321442,104.34,0.012148076913431775
2025-11-14,us_israel_iran,2026-02-28,312,-2.827118290716477,2.827118290716477,2.9695848603678847,0.8143790302210099,0.6775437596051187,2.83864974798094,-0.4141364509420072,-0.6414727235317628,-0.5935540967680255,-0.4975827049812604,-1.6373078178203502,104.34,0.012148076913431775
2025-11-15,us_israel_iran,2026-02-28,231,-3.192622698331991,3.192622698331991,3.4483994589803104,0.7051712235006848,0.7165076293705267,2.8954312415358423,0.0224803815944279,-0.1016424772251433,-0.6540370788020933,0.3098486494912925,-1.507045162000613,104.34,0.012148076913431775
2025-11-16,us_israel_iran,2026-02-28,189,-2.6754015396106765,2.6754015396106765,2.666627106498863,0.4927465283373591,0.6685494116541979,2.871780083459704,-0.5953711663936896,-0.9830365759405224,-0.7716850694266001,-0.6839686720921779,-1.5613033801510618,104.34,0.012148076913431775
2025-11-17,us_israel_iran,2026-02-28,449,-2.653419231284168,2.653419231284168,2.6811835169135634,1.0410151384785575,0.6773740537178664,2.850898643798216,-0.6216303458546827,-0.9666252329232464,-0.4680353442568909,-0.501099446394038,-1.6092075759964024,104.34,0.012148076913431775
2025-11-18,us_israel_iran,2026-02-28,282,-1.1583462866125709,1.1583462866125709,1.2009078977814538,0.305455638737104,0.5782924831054442,2.6768911807235005,-2.4075842219570696,-2.635533312153713,-0.875413107293407,-2.5543238115437505,-2.008398806333637,104.34,0.012148076913431775
2025-11-19,us_israel_iran,2026-02-28,215,-2.4543460569025,2.4543460569025,2.7969119971322423,0.5081800788428467,0.6646661403813624,2.688240328842513,-0.8594351357026059,-0.8361493991408491,-0.7631374464500135,-0.7644400165065766,-1.9823626793718705,104.34,0.012148076913431775
2025-11-20,us_israel_iran,2026-02-28,334,-1.8007951739970645,1.8007951739970645,1.9112976830920696,0.5502402039911781,0.6143832212345571,2.602042113655984,-1.6401406770041285,-1.8346181063741365,-0.7398431246419397,-1.8064311164148152,-2.180110356196567,104.34,0.012148076913431775
2025-11-21,us_israel_iran,2026-02-28,378,-2.1432006891359974,2.1432006891359974,2.3408718449123875,0.7279387896707359,0.6389395874555085,2.57455246937967,-1.2311168503469372,-1.350303036920438,-0.6414276295605277,-1.2975602019475443,-2.24317446118546,104.34,0.012148076913431775
2025-11-22,us_israel_iran,2026-02-28,209,-0.984164982169155,0.984164982169155,0.9691758192715444,0.1986243917848563,0.5649095385686234,2.411035037609197,-2.615654187321615,-2.8967951562613687,-0.9345798700381008,-2.831652760112142,-2.6183004679476647,104.34,0.012148076913431775
2025-11-23,us_israel_iran,2026-02-28,164,-3.253291906432522,3.253291906432522,3.4446967739231207,0.5259767547418476,0.6997363471605316,2.515835580782194,0.094953372128683,-0.1058169977853163,-0.7532810445956846,-0.0376953494130473,-2.3778771146615147,104.34,0.012148076913431775
2025-11-24,us_israel_iran,2026-02-28,253,-2.108986425876924,2.108986425876924,2.170988810654609,0.5052580960957304,0.6481680103198723,2.474115961179886,-1.2719878301230787,-1.5418343738772815,-0.7647557394576763,-1.1063236020440623,-2.4735862640506743,104.34,0.012148076913431775
2025-11-25,us_israel_iran,2026-02-28,209,-2.078131719976907,2.078131719976907,2.669337857647056,0.4194089978892233,0.6351341361872613,2.494034023602412,-1.308845618095584,-0.9799803920558924,-0.8123018775992704,-1.376418916197431,-2.4278921558562003,104.34,0.012148076913431775
2025-11-26,us_israel_iran,2026-02-28,329,-2.0068180887866527,2.0068180887866527,2.2586846001534098,0.605266051160201,0.6294393058212813,2.461354144963521,-1.3940340073959785,-1.442963454355651,-0.7093679468530797,-1.494430413093896,-2.5028631986529617,104.34,0.012148076913431775
2025-11-27,us_israel_iran,2026-02-28,316,0.1628078136918459,-0.1628078136918459,-0.1973750130255452,-0.0474199552483645,0.4897264339644495,2.18152980543906,-3.985781656922706,-4.212000300283867,-1.0708475625054068,-4.389639591232639,-3.144809356589363,104.34,0.012148076913431775
2025-11-28,us_israel_iran,2026-02-28,146,-1.9998309210623333,1.9998309210623333,2.269437504295388,0.2902851710516039,0.6510859952670595,2.185744724153197,-1.4023805963197489,-1.430840300825459,-0.8838150260941418,-1.0458554670147848,-3.135139894386206,104.34,0.012148076913431775
2025-11-29,us_israel_iran,2026-02-28,126,-2.8399138231310506,2.8399138231310506,3.248561587230725,0.3591723840122089,0.6728010850510687,2.293591099009225,-0.3988514236836076,-0.3269458155957662,-0.8456629544703296,-0.5958630904269278,-2.887729086220451,104.34,0.012148076913431775
2025-11-30,us_israel_iran,2026-02-28,136,-2.248492941657025,2.248492941657025,2.663112679826806,0.3054747373318114,0.6444621835505812,2.3304347927648337,-1.1053389696196616,-0.9869988482302589,-0.8754025298448229,-1.1831178410604817,-2.8032058181916857,104.34,0.012148076913431775
2025-12-01,us_israel_iran,2026-02-28,221,-2.746174483455982,2.746174483455982,3.0798839902390074,0.5828998036872854,0.6678651346475235,2.4023594551160854,-0.5108286604014729,-0.5171181056519295,-0.7217551322082278,-0.6981486473785148,-2.638203157108936,130.96,0.5579509890752782
2025-12-02,us_israel_iran,2026-02-28,337,-2.646570835363276,2.646570835363276,2.9312985916764536,0.8149216699761817,0.6656849894158399,2.450585177434892,-0.6298111635757112,-0.6846378357020088,-0.5932535644933771,-0.743326850364092,-2.52756833095737,130.96,0.5579509890752782
2025-12-03,us_israel_iran,2026-02-28,520,-3.1189765235197324,3.1189765235197324,3.2850304516307,1.3797487225633902,0.7053279347648648,2.5392340490965912,-0.0654943702963289,-0.2858297006974051,-0.2804332130923493,0.0781766925633104,-2.3241985931235023,130.96,0.5579509890752782
2025-12-04,us_israel_iran,2026-02-28,534,-2.838194163360232,2.838194163360232,3.000490307619614,1.2827245956121267,0.6927607456273094,2.58080263368764,-0.4009056599295489,-0.6066289755540163,-0.3341684606309505,-0.1822477110788992,-2.228835933769328,130.96,0.5579509890752782
2025-12-05,us_israel_iran,2026-02-28,523,-2.695714744186143,2.695714744186143,2.8331132992094736,1.198063473136915,0.6611265441343572,2.6115792690467954,-0.5711058309952325,-0.7953349422015552,-0.381056657577948,-0.8377895325893621,-2.158231129138698,130.96,0.5579509890752782
2025-12-06,us_israel_iran,2026-02-28,247,-3.066095233352929,3.066095233352929,3.2835256844524032,0.7190264143838124,0.6842929926342635,2.6811487557572966,-0.1286642279834015,-0.2875262213107031,-0.6463636048405763,-0.3577212795329253,-1.9986314860936745,130.96,0.5579509890752782
2025-12-07,us_israel_iran,2026-02-28,178,-2.640770301809021,2.640770301809021,2.828334017429231,0.4603875586909445,0.6585484575908237,2.701854396676171,-0.6367402471509336,-0.8007232508873677,-0.7896065627569921,-0.8912141005885293,-1.9511305908603624,130.96,0.5579509890752782
2025-12-08,us_israel_iran,2026-02-28,213,-1.8516998142168613,1.8516998142168613,1.9862295014819809,0.3801759689958855,0.6276387235949115,2.631028624778436,-1.5793320456686766,-1.750137678887482,-0.8340304577526542,-1.531743096732103,-2.11361228287435,130.96,0.5579509890752782
2025-12-09,us_israel_iran,2026-02-28,338,-2.583620929620257,2.583620929620257,2.9022493764484247,0.7975693913489431,0.6635506695982656,2.655894179174088,-0.7050085835830132,-0.7173888108331038,-0.6028638440876661,-0.7875554331911389,-2.056568113177124,130.96,0.5579509890752782
2025-12-10,us_israel_iran,2026-02-28,397,-2.252771667117939,2.252771667117939,2.3620637836505343,0.7975302167462374,0.6550630350700122,2.6243165114278493,-1.1002277766514976,-1.3264105960009651,-0.602885540309418,-0.9634409980664196,-2.129010569472168,130.96,0.5579509890752782
2025-12-11,us_israel_iran,2026-02-28,852,-3.7358042796790967,3.7358042796790967,3.8948854242662434,2.4206414794579345,0.7440528744220662,2.75513518567283,0.6713432040350923,0.4017394775256804,0.2960484488448004,0.8806568021504094,-1.828898915637431,130.96,0.5579509890752782
2025-12-12,us_israel_iran,2026-02-28,934,-3.789102214861456,3.789102214861456,4.255820786716042,2.625213797854485,0.7388771344338163,2.912306976976336,0.735010769063565,0.8086690619132253,0.4093475272699636,0.7734021897550936,-1.468330468536898,130.96,0.5579509890752782
2025-12-13,us_israel_iran,2026-02-28,282,-3.7284880936894327,3.7284880936894327,3.985703729764424,0.9832014185603496,0.7330756836268885,3.022613912290032,0.6626035831536533,0.504130817239023,-0.5000545403944945,0.6531812437570059,-1.2152748785953524,130.96,0.5579509890752782
2025-12-14,us_israel_iran,2026-02-28,452,-4.720247910727911,4.720247910727911,5.037950642729367,1.862117108603352,0.7519802915298508,3.2372432072030697,1.847319884599084,1.690466221062076,-0.0132812639521842,1.0449332246758234,-0.722892938253171,130.96,0.5579509890752782
2025-12-15,us_israel_iran,2026-02-28,397,-3.969499613420816,3.969499613420816,4.348901635406755,1.4052892857604775,0.7295466907384756,3.357619014640396,0.9505062298998556,0.9136112621317488,-0.2662879841807801,0.5800514564701963,-0.4467383077295864,130.96,0.5579509890752782
2025-12-16,us_israel_iran,2026-02-28,320,-3.39550232269318,3.39550232269318,3.6375159150322034,0.9998286759480106,0.6894048098787079,3.3990648597548416,0.2648322031569881,0.111573208651981,-0.4908458021178512,-0.2517913104013108,-0.3516572255090042,130.96,0.5579509890752782
2025-12-17,us_israel_iran,2026-02-28,1250,-4.822632621191602,4.822632621191602,5.401463832482531,4.094785819801514,0.7839122101700464,3.613688380962981,1.969624532782264,2.100302126919652,1.2232462847902743,1.7066445093555198,0.1407114693532331,130.96,0.5579509890752782
2025-12-18,us_israel_iran,2026-02-28,977,-2.151212929987091,2.151212929987091,2.464821265526227,1.5393733718181508,0.6383187910294559,3.5018585005182423,-1.2215457503847076,-1.2105586630992609,-0.1920276761347683,-1.3104246967258428,-0.11583791522134,130.96,0.5579509890752782
2025-12-19,us_israel_iran,2026-02-28,646,-3.0292940574239133,3.0292940574239133,3.5236732572018115,1.5917319953681583,0.6897040476642615,3.510571990821012,-0.172625429361431,-0.0167764912002695,-0.1630296971201944,-0.2455903357046589,-0.0958482615994108,130.96,0.5579509890752782
2025-12-20,us_israel_iran,2026-02-28,360,-3.260399359792012,3.260399359792012,3.776631502789736,1.0623752109748252,0.6992015426035209,3.5526821013971928,0.1034436494237397,0.2684163839057648,-0.4562054126811503,-0.0487778720281039,0.0007567147246487,130.96,0.5579509890752782
2025-12-21,us_israel_iran,2026-02-28,648,-3.7167524017595457,3.7167524017595457,4.011396649253315,1.957654611647596,0.7236435932193646,3.601683153290584,0.6485845986180666,0.5330978017382798,0.0396306409174269,0.4577241297920102,0.1131702276137034,130.96,0.5579509890752782
2025-12-22,us_israel_iran,2026-02-28,494,-3.6636425167412647,3.6636425167412647,4.084807344924544,1.5546158193732496,0.7327508970389862,3.660564625334348,0.5851416707356509,0.615863268874376,-0.1835858924444208,0.6464508323229432,0.2482504526447724,130.96,0.5579509890752782
2025-12-23,us_israel_iran,2026-02-28,439,-3.510938760471097,3.510938760471097,4.10929061153622,1.351977748565363,0.7220867459559959,3.713389355532618,0.4027279186989537,0.6434664536637988,-0.2958137190454886,0.4254622599588277,0.3694358815193102,130.96,0.5579509890752782
2025-12-24,us_israel_iran,2026-02-28,279,-4.896224570462982,4.896224570462982,5.8454170337207385,1.2790446720965851,0.7485890072872102,3.946399834521167,2.057534509027618,2.6008285658953048,-0.3362065269062603,0.9746571138602677,0.9039861711753808,130.96,0.5579509890752782
2025-12-25,us_israel_iran,2026-02-28,102,-2.095416800038048,2.095416800038048,2.374781272911364,0.2170517825137958,0.6212106899850057,3.803442698042771,-1.288197558183888,-1.3120725090253995,-0.9243741569497732,-1.664948446084983,0.5760276216515875,130.96,0.5579509890752782
2025-12-26,us_israel_iran,2026-02-28,183,-2.292417614435746,2.292417614435746,2.555456673069852,0.4099354306589573,0.6439365161293544,3.680223634914257,-1.0528683260398477,-1.108373528142713,-0.8175486599841059,-1.194011018778163,0.2933502666570345,130.96,0.5579509890752782
2025-12-27,us_israel_iran,2026-02-28,237,-2.3042420565081456,2.3042420565081456,2.6235966082945685,0.5207808906928162,0.6574223953605964,3.571109566413534,-1.0387433241613684,-1.0315504777965594,-0.7561586900806254,-0.9145489992330164,0.0430312373335503,130.96,0.5579509890752782
2025-12-28,us_israel_iran,2026-02-28,325,-2.054522485921334,2.054522485921334,2.48134741169915,0.6131398379334597,0.627049578305958,3.461129553196251,-1.3370482574541749,-1.1919265796480012,-0.7050071770670268,-1.5439516987396775,-0.2092743592939998,130.96,0.5579509890752782
2025-12-29,us_israel_iran,2026-02-28,493,-2.992629446093021,2.992629446093021,3.5461216425804123,1.267785192082698,0.7144947754730239,3.472203557139616,-0.2164234961752063,0.0085325061511773,-0.3424424082763248,0.2681371521836264,-0.1838694417071435,130.96,0.5579509890752782
2025-12-30,us_israel_iran,2026-02-28,801,-4.33879668401935,4.33879668401935,4.642046734749186,2.6856971628659165,0.8168677734690393,3.598635472603991,1.3916536247606344,1.2441120272299664,0.4428452632762809,2.38956833781815,0.1061785309274902,130.96,0.5579509890752782
2025-12-31,us_israel_iran,2026-02-28,920,-3.633252800469764,3.633252800469764,3.876756943740915,2.4899123642330467,0.7306596020485396,3.629715426186186,0.5488393406305064,0.3813008732401953,0.3344130109137623,0.6031138343064614,0.1774791791299947,130.96,0.5579509890752782
2026-01-01,us_israel_iran,2026-02-28,392,-1.7118952922646593,1.7118952922646593,1.7986783783409992,0.5996080829740781,0.5985562132298102,3.439974721286268,-1.7463368923332123,-1.9615885604890104,-0.7125015212597792,-2.134407330981318,-0.2578057454110283,168.63,1.3303174692081388
2026-01-02,us_israel_iran,2026-02-28,369,-3.872948475818505,3.872948475818505,4.22617938719264,1.2888011259321672,0.7328016436703539,3.5262883880869027,0.8351701327164375,0.7752504400667701,-0.3308030723385394,0.6475024327298551,-0.059793210567802,168.63,1.3303174692081388
2026-01-03,us_israel_iran,2026-02-28,1627,-4.0125915635113705,4.0125915635113705,4.121569113165595,4.045803833849656,0.7638685496313842,3.5904445510618204,1.001982136521884,0.6573096125358758,1.1961184020382096,1.291288435260228,0.0873877044293713,168.63,1.3303174692081388
2026-01-04,us_israel_iran,2026-02-28,670,-3.35565592857298,3.35565592857298,3.676975188532817,1.813787766235662,0.7112879368996331,3.6037842312530826,0.217233306874836,0.1560608023774989,-0.0400476905834704,0.2016832288829559,0.1179903191319873,168.63,1.3303174692081388
2026-01-05,us_israel_iran,2026-02-28,674,-3.724998793244193,3.724998793244193,4.159878870270759,2.0226980353453987,0.7322218749111329,3.671397662464568,0.6584354054889642,0.700501206263299,0.0756538918652578,0.6354881364765007,0.2731025672833525,168.63,1.3303174692081388
2026-01-06,us_israel_iran,2026-02-28,456,-2.8018023353854424,2.8018023353854424,3.2095681536979765,1.1133696850695871,0.6872272311441605,3.626911877933473,-0.4443778707415125,-0.370908207071142,-0.4279629458361844,-0.2969163289811435,0.1710475476554893,168.63,1.3303174692081388
2026-01-07,us_israel_iran,2026-02-28,1309,-3.586347803133102,3.586347803133102,3.864136086388731,3.140657987697409,0.763358501933197,3.6589294852418224,0.4928085214651019,0.3670717320386234,0.694817976774303,1.2807189382807849,0.2444992710932727,168.63,1.3303174692081388
2026-01-08,us_israel_iran,2026-02-28,805,-2.927933171839233,2.927933171839233,3.1473787021912822,1.819118724936193,0.6943677014351215,3.6036463049602383,-0.2937070576126159,-0.4410224997886597,-0.0370952251051159,-0.1489474636370705,0.1176739018613515,168.63,1.3303174692081388
2026-01-09,us_israel_iran,2026-02-28,686,-3.4022400819412324,3.4022400819412324,3.882704392995034,1.872724375341844,0.7157123162299476,3.6294915804241374,0.2728808587682009,0.3880062097212705,-0.007406600383326,0.2933677206155438,0.1769656536548285,168.63,1.3303174692081388
2026-01-10,us_israel_iran,2026-02-28,253,-3.201775193017498,3.201775193017498,3.581146369604766,0.7670617592893733,0.6968118697710669,3.6224228934293374,0.033413582825742,0.0480204563330877,-0.6197600039609832,-0.0982980245045285,0.1607493500063403,168.63,1.3303174692081388
2026-01-11,us_israel_iran,2026-02-28,169,-3.142913830047199,3.142913830047199,3.5480738312366173,0.5224032356692387,0.6900221528571984,3.6067601502840807,-0.0368998287868038,0.0107334634448149,-0.7552601804867708,-0.2389983799173059,0.1248173871115834,168.63,1.3303174692081388
2026-01-12,us_israel_iran,2026-02-28,307,-3.781567071786991,3.781567071786991,4.3279033493444,1.0741191491998383,0.7213555117504661,3.67875850726478,0.7260095908743739,0.8899371511712479,-0.4497012219460344,0.4103092110301058,0.2899891113441455,168.63,1.3303174692081388
2026-01-13,us_israel_iran,2026-02-28,612,-4.296331947680703,4.296331947680703,4.632621999093509,2.164065809992899,0.7534291622257722,3.779640324610224,1.340926962404818,1.2334862915378575,0.1539481533377717,1.0749575429867828,0.5214224997356104,168.63,1.3303174692081388
2026-01-14,us_israel_iran,2026-02-28,587,-3.536703178501357,3.536703178501357,3.940645308667196,1.7238036406008828,0.7288852678129352,3.787673460332178,0.4335050539622578,0.4533305729908464,-0.0898839469607971,0.5663450763836267,0.5398513491403961,168.63,1.3303174692081388
2026-01-15,us_israel_iran,2026-02-28,616,-3.2456730742165294,3.2456730742165294,3.633561050614551,1.6432316755151208,0.6971037972172992,3.7787165787319017,0.085852222264377,0.1071143733556518,-0.1345074300530979,-0.0922485387953775,0.5193033305507337,168.63,1.3303174692081388
2026-01-16,us_israel_iran,2026-02-28,447,-3.167423914573812,3.167423914573812,3.707690756445475,1.2380925571057304,0.6883919404989338,3.7726302321837024,-0.0076210697671118,0.1906904745716825,-0.3588871951628086,-0.2727805627558296,0.5053406181250534,168.63,1.3303174692081388
2026-01-17,us_israel_iran,2026-02-28,223,-2.807820985492656,2.807820985492656,3.450098683676196,0.6008401727553021,0.6823049491016958,3.738573801541341,-0.4371882339239972,-0.0997267192495759,-0.7118191482102685,-0.3989186424210591,0.4272116217659623,168.63,1.3303174692081388
2026-01-18,us_israel_iran,2026-02-28,177,-2.3529221824740514,2.3529221824740514,2.745374485802508,0.4080888198384461,0.656597021451726,3.632262269168515,-0.9805920078875936,-0.8942543681952296,-0.8185713755978982,-0.9316528643572444,0.1833219019973186,168.63,1.3303174692081388
2026-01-19,us_israel_iran,2026-02-28,451,-3.0446523730584887,3.0446523730584887,3.588597972103721,1.1989054344583592,0.6710684966494883,3.6251555257869583,-0.1542790045694295,0.0564216212600705,-0.3805903508824139,-0.6317667675579269,0.1670182930368429,168.63,1.3303174692081388
2026-01-20,us_israel_iran,2026-02-28,505,-1.0119835182952417,1.0119835182952417,1.5642382516175246,0.4371834884411258,0.563891922348087,3.4050087599775947,-2.582423285378705,-2.225903541109996,-0.8024577627415426,-2.85274037918663,-0.3380212997791766,168.63,1.3303174692081388
2026-01-21,us_israel_iran,2026-02-28,395,-2.8689250939896582,2.8689250939896582,3.267144564277086,1.011349676441342,0.6916174598932424,3.376983844133421,-0.3641957289061414,-0.305994798009589,-0.4844650818490414,-0.2059395249147617,-0.4023133734537945,168.63,1.3303174692081388
2026-01-22,us_israel_iran,2026-02-28,419,-2.483405875476634,2.483405875476634,2.953792000963056,0.9198744065505448,0.6630817866366043,3.3378622435441514,-0.8247214477810398,-0.6592780770174351,-0.5351271844177296,-0.7972718912098791,-0.4920623968349752,168.63,1.3303174692081388
2026-01-23,us_israel_iran,2026-02-28,869,-3.793556485764788,3.793556485764788,4.3972129295579245,2.4939887848005613,0.7560666056265086,3.4539684014724483,0.7403316615413316,0.9680788951082604,0.336670670685098,1.1296121373641603,-0.2257027866542044,168.63,1.3303174692081388
2026-01-24,us_israel_iran,2026-02-28,414,-2.6910533595074693,2.6910533595074693,2.9643544327295324,0.9868299285326548,0.6577946434184057,3.406888837907512,-0.5766741332406526,-0.647369667878245,-0.4980449486807135,-0.9068350643665284,-0.3337082053364894,168.63,1.3303174692081388
2026-01-25,us_israel_iran,2026-02-28,261,-2.307818238799783,2.307818238799783,2.658019180115398,0.5683871376245209,0.642657960788261,3.332977541048537,-1.0344713609450171,-0.9927414158373038,-0.7297927381917317,-1.2205059659444149,-0.5032684127414214,168.63,1.3303174692081388
2026-01-26,us_israel_iran,2026-02-28,431,-4.138793310641076,4.138793310641076,4.375271761512252,1.5695738980186555,0.745503989375506,3.441785940305044,1.1527376566859515,0.9433417501158669,-0.1753016018873257,0.9107276272354332,-0.2536506204770767,168.63,1.3303174692081388
2026-01-27,us_israel_iran,2026-02-28,366,-3.303571329580472,3.303571329580472,3.7650228435204673,1.0917180782369371,0.715891556405441,3.469266270758468,0.1550151443514406,0.2553284258301771,-0.439954339001158,0.2970820369436165,-0.1906078823672418,168.63,1.3303174692081388
2026-01-28,us_israel_iran,2026-02-28,472,-3.1959241547219848,3.1959241547219848,3.527836548398037,1.3065464597798129,0.6990069437611388,3.473196387457774,0.0264241683223642,-0.0120826691689078,-0.3209751054511142,-0.0528104593411541,-0.1815917856272341,168.63,1.3303174692081388
2026-01-29,us_israel_iran,2026-02-28,348,-3.753696751825146,3.753696751825146,4.117874008093291,1.1881556143476035,0.7230786445820091,3.550471895298604,0.6927168300485773,0.6531436378828652,-0.3865439653368582,0.4460169444889653,-0.0043137280954711,168.63,1.3303174692081388
2026-01-30,us_israel_iran,2026-02-28,382,-4.016990608884401,4.016990608884401,4.731383282486466,1.3765949503552148,0.7300007220179489,3.671353019895944,1.0072370588071913,1.344832787852046,-0.2821798789538395,0.5894601495277708,0.273000152584699,168.63,1.3303174692081388
2026-01-31,us_israel_iran,2026-02-28,395,-3.22957948843545,3.22957948843545,3.9740192107373113,1.1384870861611145,0.7297512100935967,3.7008047954129752,0.0666274733927302,0.4909573325485817,-0.4140520784304153,0.584289622261108,0.3405655908510533,168.63,1.3303174692081388
2026-02-01,us_israel_iran,2026-02-28,277,-3.685309110126182,3.685309110126182,4.334236200999516,0.9566378333632212,0.7231690479067482,3.7677776564872247,0.6110237098532989,0.8970770021254826,-0.514766353537605,0.4478903333331018,0.4942083044394632,120.75,0.3486103529681236
2026-02-02,us_israel_iran,2026-02-28,314,-2.911694446526576,2.911694446526576,3.151198469557681,0.8434097375236979,0.6904854814785741,3.70054930553874,-0.3131051843183815,-0.4367159770464277,-0.5774759078458596,-0.2293970220805268,0.3399794704891306,120.75,0.3486103529681236
2026-02-03,us_israel_iran,2026-02-28,635,-2.7442314239496866,2.7442314239496866,3.0577463009626205,1.4227817585668314,0.7110282046414214,3.6354305696907177,-0.513149760966588,-0.5420768146999899,-0.2566000603019717,0.1963009100755383,0.1905903131400817,120.75,0.3486103529681236
2026-02-04,us_israel_iran,2026-02-28,682,-2.868480308564681,2.868480308564681,3.231413367752368,1.571833525394269,0.7006206258848297,3.591534641581068,-0.3647270516463483,-0.3462792435479381,-0.1740501437171884,-0.0193708253760344,0.0898884855330565,120.75,0.3486103529681236
2026-02-05,us_israel_iran,2026-02-28,437,-2.436171112176232,2.436171112176232,2.73085094827102,0.934560926690166,0.6666038960172774,3.50316599990005,-0.8811461920744774,-0.9106286493169566,-0.5269932921583371,-0.7242847478650428,-0.1128383755598437,120.75,0.3486103529681236
2026-02-06,us_israel_iran,2026-02-28,507,-3.4478569283570075,3.4478569283570075,3.7562212474480057,1.494283445601305,0.7186793399573206,3.5277730221428136,0.3273729047664757,0.2454052367932147,-0.2170000043885081,0.3548520649932641,-0.0563873055284005,120.75,0.3486103529681236
2026-02-07,us_israel_iran,2026-02-28,254,-2.509344320643354,2.509344320643354,2.912348569747811,0.6032854837600996,0.6726374205269281,3.462537144539488,-0.7937364267152294,-0.7060026709323888,-0.710464852157518,-0.5992546392951896,-0.2060451982557898,120.75,0.3486103529681236
2026-02-08,us_israel_iran,2026-02-28,207,-2.49143497875808,2.49143497875808,2.627957754486889,0.4984609117348031,0.6629671209548528,3.373997869296173,-0.8151302046392049,-1.0266335879815829,-0.7685202503651891,-0.7996480583433185,-0.4091635104994994,120.75,0.3486103529681236
2026-02-09,us_israel_iran,2026-02-28,291,-1.9250086245408249,1.9250086245408249,2.600808851555652,0.521812610785221,0.6340586526772398,3.287141097159984,-1.4917602957971032,-1.0572420928158042,-0.7555872885509444,-1.3987056939851064,-0.608421985506854,120.75,0.3486103529681236
2026-02-10,us_israel_iran,2026-02-28,387,-2.573541341971302,2.573541341971302,3.0090549608360093,0.891689867180889,0.6860370427976552,3.250366343021108,-0.7170492526990743,-0.5969729231514036,-0.5507367368803935,-0.3215800852887728,-0.6927870988798575,120.75,0.3486103529681236
2026-02-11,us_israel_iran,2026-02-28,362,-2.8092424916630634,2.8092424916630634,3.0564013999716506,0.9197059631803082,0.6770579082193352,3.226086616339215,-0.4354901599510912,-0.5435930972764135,-0.5352204740610412,-0.5076507922851506,-0.748487318830969,120.75,0.3486103529681236
2026-02-12,us_israel_iran,2026-02-28,210,-2.337756243280184,2.337756243280184,2.7698508173012235,0.4738498124734892,0.6600715313111151,3.175693201173743,-0.9987086275378608,-0.866659002264607,-0.7821507106698521,-0.8596521052235772,-0.8640950579781231,120.75,0.3486103529681236
2026-02-13,us_israel_iran,2026-02-28,943,-3.704996766543434,3.704996766543434,4.25857319389209,2.5847449698749334,0.7261241997842526,3.287023445835087,0.6345417906366325,0.8117722100797353,0.3869345197283383,0.5091286625209238,-0.6086918898908743,120.75,0.3486103529681236
2026-02-14,us_israel_iran,2026-02-28,404,-3.256183833411384,3.256183833411384,3.640369691584825,1.1698325091282633,0.7004434721305622,3.3234088410595124,0.0984079515294482,0.114790643758952,-0.396691921578007,-0.0230419057029947,-0.5252200063906348,120.75,0.3486103529681236
2026-02-15,us_israel_iran,2026-02-28,395,-3.214114983073698,3.214114983073698,3.360226754294792,1.1330355592018713,0.7104592993188524,3.330486150831078,0.0481541986329532,-0.2010510855379247,-0.417071318693875,0.1845117321028647,-0.5089839211948184,120.75,0.3486103529681236
2026-02-16,us_israel_iran,2026-02-28,323,-2.312275192064489,2.312275192064489,2.5748158016196063,0.686387671415237,0.6740069042168415,3.249320509157432,-1.0291472642264743,-1.0865474535752695,-0.6644400461122011,-0.5708754234387464,-0.6951863506095941,120.75,0.3486103529681236
2026-02-17,us_israel_iran,2026-02-28,783,-2.5349804224837724,2.5349804224837724,2.8273433138811,1.542714490381611,0.6869996657036117,3.214098280752637,-0.7631125728001231,-0.8018402004163798,-0.1901772515166366,-0.3016320687934296,-0.7759898083675629,120.75,0.3486103529681236
2026-02-18,us_israel_iran,2026-02-28,449,-2.379590898150445,2.379590898150445,2.723291950416883,0.9335841540432052,0.672942940203103,3.1620142244936686,-0.9487346351067688,-0.9191508950572808,-0.52753426193176,-0.5929234877068815,-0.8954760541387793,120.75,0.3486103529681236
2026-02-19,us_israel_iran,2026-02-28,1029,-2.396268133250126,2.396268133250126,2.735890884061804,1.7790446249908347,0.679200565790734,3.1181985326681314,-0.9288126822849366,-0.9049464713148804,-0.0592896188926751,-0.4632494298059725,-0.9959938113593596,120.75,0.3486103529681236
2026-02-20,us_israel_iran,2026-02-28,587,-3.1511040980475173,3.1511040980475173,3.8133520519945767,1.5358610666412722,0.7064873135509923,3.184489515947611,-0.0271160647680529,0.309816255963152,-0.1939729096971943,0.102201995729187,-0.843915396399434,120.75,0.3486103529681236
2026-02-21,us_israel_iran,2026-02-28,265,-2.843275696164984,2.843275696164984,3.305947992812817,0.7097603825817864,0.6751805636528476,3.19852181228925,-0.3948354656681037,-0.2622466239883935,-0.6514954470764001,-0.5465541885662998,-0.8117238481629635,120.75,0.3486103529681236
2026-02-22,us_israel_iran,2026-02-28,193,-2.0481042174331137,2.0481042174331137,2.084837276002965,0.3844913539148643,0.6313777976133964,3.083987964582679,-1.3447152622817689,-1.6389642531780908,-0.831640451430184,-1.4542598894070768,-1.0744764150549466,120.75,0.3486103529681236
2026-02-23,us_israel_iran,2026-02-28,403,-2.752034490210315,2.752034490210315,3.0971238405301853,0.9866526613955666,0.6981944008201985,3.078242986945723,-0.5038285325386905,-0.4976813703143985,-0.4981431252249526,-0.0696484338883599,-1.0876559916698405,120.75,0.3486103529681236
2026-02-24,us_israel_iran,2026-02-28,539,-2.966175326398125,2.966175326398125,3.2620891914142054,1.3506473871165745,0.7170484163815503,3.0938501589201874,-0.2480245212464973,-0.3116943802396405,-0.2965505182727815,0.3210551439031892,-1.051851514824521,120.75,0.3486103529681236
2026-02-25,us_israel_iran,2026-02-28,810,-2.100951048770217,2.100951048770217,2.454370677015133,1.3113464548106903,0.6417861386226716,3.02397400105005,-1.2815865677236846,-1.2223409767261673,-0.3183167056358,-1.2385723581241246,-1.2121546934269345,120.75,0.3486103529681236
2026-02-26,us_israel_iran,2026-02-28,893,-2.1961527385176685,2.1961527385176685,2.375679124198896,1.472842509831869,0.6596320387718874,2.949523251199235,-1.1678624665539554,-1.3110602439793886,-0.2288747207836232,-0.8687595182799736,-1.3829524621393912,120.75,0.3486103529681236
2026-02-27,us_israel_iran,2026-02-28,441,-2.3102530587387906,2.3102530587387906,2.825169042202609,0.8929840505706319,0.6611763783116431,2.926560772093107,-1.0315628231889302,-0.8042915409125528,-0.550019974287486,-0.8367568405721876,-1.435630779057513,120.75,0.3486103529681236
2026-02-28,us_israel_iran,2026-02-28,1626,-4.267098945281189,4.267098945281189,4.455924741493248,4.300751648806092,0.753892584165801,3.082158489814949,1.30600639606617,1.0342723904402775,1.3373171365858665,1.0845608346254882,-1.078673420576988,120.75,0.3486103529681236
2026-03-01,us_israel_iran,2026-02-28,2314,-4.652505710719408,4.652505710719408,4.881468803373781,5.796417717000234,0.7851478518237033,3.265111610365177,1.7663977830306803,1.514043801765258,2.165667660676328,1.7322501748107673,-0.6589599209604646,326.99,4.577250195352015
2026-03-02,us_israel_iran,2026-02-28,5305,-4.375292591500799,4.375292591500799,4.640725734969606,8.306772292796825,0.78820692751788,3.410898929385197,1.435250164756002,1.242622691611445,3.5559870459550984,1.7956420721262654,-0.3245086381314058,326.99,4.577250195352015
2026-03-03,us_israel_iran,2026-02-28,4383,-4.32972278892396,4.32972278892396,4.698869124838412,7.527956931039964,0.7975911976123149,3.548759041171571,1.3808143154314716,1.3081753304928374,3.1246527215360604,1.9901082265073888,-0.0082431937303154,326.99,4.577250195352015
2026-03-04,us_israel_iran,2026-02-28,4937,-3.772641487396189,3.772641487396189,4.242026272494488,6.93326547827256,0.7640325899827604,3.623666868802821,0.7153474475347842,0.793116704003751,2.7952924538616224,1.2946877722331025,0.1636031589813974,326.99,4.577250195352015
2026-03-05,us_israel_iran,2026-02-28,4638,-4.141107011309393,4.141107011309393,4.468133033241008,7.393984902292727,0.7752693540541699,3.7177076165058858,1.155501510243364,1.048036392541039,3.0504544746237485,1.5275423549193836,0.3793424216203857,326.99,4.577250195352015
2026-03-06,us_israel_iran,2026-02-28,3952,-3.622320568912505,3.622320568912505,3.914456578331458,5.991839773238161,0.7549903485180959,3.7382563664784985,0.5357801374700718,0.4238045961543666,2.2738990140150936,1.1073093286329312,0.4264833926943523,326.99,4.577250195352015
2026-03-07,us_israel_iran,2026-02-28,2729,-3.830762938542425,3.830762938542425,4.161551677369748,5.233177109361842,0.7662917318952753,3.7874846152184136,0.78477699030677,0.7023871802308596,1.8537259362179968,1.3415029891340458,0.5394181187951298,326.99,4.577250195352015
2026-03-08,us_israel_iran,2026-02-28,2646,-4.3628157481498615,4.3628157481498615,4.738550152658997,5.860032416803453,0.7931369218196771,3.894246904480623,1.4203458306072605,1.3529129368318316,2.200899635943025,1.8978042033675515,0.7843419217811058,326.99,4.577250195352015
2026-03-09,us_israel_iran,2026-02-28,4089,-4.118507214690722,4.118507214690722,4.428217214396073,6.926481110184909,0.7832476660869149,3.957735788631201,1.128504704158356,1.0030340756086906,2.7915350410403144,1.6928734508754406,0.929992029707368,326.99,4.577250195352015
2026-03-10,us_israel_iran,2026-02-28,4252,-3.639719948435317,3.639719948435317,3.9548871465530255,6.237481757940441,0.7552719428998245,3.9626742777391737,0.5565647349114818,0.4693872573025748,2.4099438645962343,1.113144686733138,0.9413214377004728,326.99,4.577250195352015
2026-03-11,us_israel_iran,2026-02-28,4535,-3.961390213301123,3.961390213301123,4.32318275090301,6.999194070863541,0.7775101084424251,4.005720918463402,0.9408190673916664,0.8846150038793423,2.8318059413215764,1.573976535139221,1.040074911654698,326.99,4.577250195352015
2026-03-12,us_israel_iran,2026-02-28,6357,-4.13272061470525,4.13272061470525,4.441078416439282,8.490141559034088,0.7876669637374117,4.058486013966517,1.1454834589000624,1.0175341887775553,3.657543155985137,1.784452637163707,1.1611235323319953,326.99,4.577250195352015
2026-03-13,us_israel_iran,2026-02-28,5664,-3.701791850830897,3.701791850830897,3.979564826986454,7.235172056898898,0.7406220809870838,4.049053073016513,0.6307133275106108,0.4972096301902411,2.962498542138691,0.8095619594974162,1.1394833840475858,326.99,4.577250195352015
2026-03-14,us_israel_iran,2026-02-28,3815,-3.8284071847861294,3.8284071847861294,4.048135582998132,6.223870463466688,0.7576347469328469,4.051213209024661,0.7819629018255398,0.5745184010892215,2.402405468726563,1.1621080487457656,1.1444389608691292,326.99,4.577250195352015
2026-03-15,us_israel_iran,2026-02-28,3532,-3.616987364721447,3.616987364721447,3.866382108910552,5.657961013042931,0.7722565910466966,4.035525339320951,0.5294093067149496,0.3696039666335557,2.088985648744784,1.465110175300804,1.1084493550342032,326.99,4.577250195352015
2026-03-16,us_israel_iran,2026-02-28,4511,-2.680161084564213,2.680161084564213,2.9153091555504296,4.723664423265634,0.6943509870927701,3.9253840937162745,-0.5896856058405762,-0.7026648158050158,1.571540554377972,-0.1492938276960093,0.855773874529511,326.99,4.577250195352015
2026-03-17,us_israel_iran,2026-02-28,3897,-3.549839052900392,3.549839052900392,3.912844258865811,5.831763863117073,0.7343710003156703,3.9301247835420967,0.4491966400367441,0.421986817797592,2.185243553506345,0.6800235290533837,0.8666495103831561,326.99,4.577250195352015
2026-03-18,us_israel_iran,2026-02-28,3810,-3.097014408237741,3.097014408237741,3.3867227255206864,5.031577689465749,0.7089000836470147,3.879448370737556,-0.0917294279602849,-0.1711787159099771,1.742073349669122,0.1522007827693762,0.7503925451986461,326.99,4.577250195352015
2026-03-19,us_israel_iran,2026-02-28,3662,-4.026606951443959,4.026606951443959,4.337352007125135,6.414239754156754,0.7526462006171183,3.934082795081353,1.0187243540120037,0.9005898573999696,2.507838429376825,1.0587325695439074,0.8757296007892001,326.99,4.577250195352015
2026-03-20,us_israel_iran,2026-02-28,3094,-3.765395832723757,3.765395832723757,4.106804232004667,5.5014903461096045,0.7440608926396067,3.952975526908269,0.7066920805219247,0.6406632332130864,2.002326894016531,0.8808229601908748,0.9190714938847828,326.99,4.577250195352015
2026-03-21,us_israel_iran,2026-02-28,2384,-3.2120158717361136,3.2120158717361136,3.442028148932616,4.070231322031093,0.7119949756122351,3.902632291063604,0.0456466848403384,-0.1088256873492918,1.2096471723082591,0.2163348851177689,0.8035788713220343,326.99,4.577250195352015
2026-03-22,us_israel_iran,2026-02-28,2362,-4.511878486551719,4.511878486551719,4.721777408296976,5.687392689063734,0.7879889596317857,3.9991092909233688,1.5984101694611157,1.3340028310279846,2.105285907723132,1.791125218267543,1.024907149964475,326.99,4.577250195352015
2026-03-23,us_israel_iran,2026-02-28,3248,-3.8776701804332734,3.8776701804332734,4.187011401237888,5.8109984354175,0.7639891040155152,4.023918400328156,0.8408104907261336,0.7310912528436532,2.173742956358565,1.293786631416118,1.081821828978073,326.99,4.577250195352015
2026-03-24,us_israel_iran,2026-02-28,2361,-3.2137836240637743,3.2137836240637743,3.5179672507516098,4.0501202163244185,0.718516114375937,3.974736370619514,0.0477583705161621,-0.0232096176679377,1.198508960840858,0.351469612145161,0.96899313414534,326.99,4.577250195352015
2026-03-25,us_israel_iran,2026-02-28,3699,-2.839703705550039,2.839703705550039,3.0749054351799465,4.546312203771483,0.7107527347993635,3.8881801770431927,-0.3991024216764363,-0.5227310811367462,1.4733168886208388,0.1905924681515647,0.7704242176374126,326.99,4.577250195352015
2026-03-26,us_israel_iran,2026-02-28,3626,-3.895697520552325,3.895697520552325,4.490930807305824,6.175074942953115,0.7585616483293959,3.9601367064643744,0.8623452245838892,1.073739301400369,2.375380856849469,1.181315823912452,0.9354999850951866,326.99,4.577250195352015
2026-03-27,us_israel_iran,2026-02-28,2734,-3.32503852098038,3.32503852098038,3.60735647425844,4.546845557696084,0.7292268117784259,3.9291783092604193,0.1806589858953189,0.0775705312303816,1.473612278088023,0.5734227436771588,0.8644781998754963,326.99,4.577250195352015
2026-03-28,us_israel_iran,2026-02-28,2409,-3.475913418467961,3.475913418467961,3.844387581934491,4.4307264489176585,0.7336368917368563,3.917322025751597,0.3608880569482257,0.3448066631484638,1.4093015829007862,0.6648109157351885,0.8372786515487566,326.99,4.577250195352015
2026-03-29,us_israel_iran,2026-02-28,2791,-4.021273844565552,4.021273844565552,4.323682063203745,5.560916460281748,0.7617761434354862,3.9548776551314986,1.012353639502651,0.8851779438629411,2.0352390887008625,1.2479284102156774,0.92343517399524,326.99,4.577250195352015
2026-03-30,us_israel_iran,2026-02-28,2852,-3.5676828095817585,3.5676828095817585,3.886076416316678,4.991598571697407,0.7560666892588617,3.943829984321112,0.4705120725197492,0.3918079321114187,1.71993156022807,1.129613870441098,0.8980906673560882,326.99,4.577250195352015
2026-03-31,us_israel_iran,2026-02-28,4204,-3.4774066498964613,3.4774066498964613,3.787407753994655,5.926989293383559,0.7521032149069704,3.923154220618668,0.362671811023338,0.2805658596299218,2.237982621902289,1.047480512444764,0.8506583135667769,326.99,4.577250195352015
2026-04-01,us_israel_iran,2026-02-28,3880,-3.353908844234853,3.353908844234853,3.562214810512825,5.498063266312363,0.7388981707036766,3.883306024352579,0.2151463103462209,0.026676436670389,2.000428861155779,0.7738381152411553,0.7592424040816222,230.77,2.6044043573274904
2026-04-02,us_israel_iran,2026-02-28,3819,-2.967309656818251,2.967309656818251,3.240916704151201,4.826475663493127,0.7114289468424693,3.812289796551496,-0.2466694958493588,-0.3355648909701688,1.6284809012480856,0.2046053166997924,0.5963237864034189,230.77,2.6044043573274904
2026-04-03,us_israel_iran,2026-02-28,4337,-3.1940028368224778,3.1940028368224778,3.4663295494842297,5.525565250458104,0.7245581680679375,3.775218992663672,0.0241290394043547,-0.081427543927202,2.0156603914185185,0.4766764672573554,0.5112795040945814,230.77,2.6044043573274904
2026-04-04,us_israel_iran,2026-02-28,2033,-3.784171365753613,3.784171365753613,4.108471747913113,4.372228367504782,0.7472431887902949,3.808251134554853,0.7291205754726674,0.6425432417303398,1.37690336418934,0.9467683015225552,0.5870586754543338,230.77,2.6044043573274904
2026-04-05,us_israel_iran,2026-02-28,2072,-3.78730880100912,3.78730880100912,4.1156698766495685,4.425301901409925,0.7191983754832579,3.835553155686618,0.7328684291647312,0.6506586325726575,1.4062972847713178,0.3656078128245289,0.6496923534225157,230.77,2.6044043573274904
2026-04-06,us_israel_iran,2026-02-28,4265,-4.169418015982992,4.169418015982992,4.517314777980664,7.155676394789085,0.7572715504114166,3.904221358746527,1.189320695262643,1.1034853981760744,2.91847115208692,1.1545816849373487,0.8072243579708622,230.77,2.6044043573274904
2026-04-07,us_israel_iran,2026-02-28,5253,-4.491682748391079,4.491682748391079,4.787604849772775,8.49015641942128,0.769715516600849,3.997158387024921,1.5742851547069574,1.4082187050815222,3.657551386170859,1.4124525929307934,1.0204315733786788,230.77,2.6044043573274904
2026-04-08,us_israel_iran,2026-02-28,6773,-3.213143065004302,3.213143065004302,3.3485008676242525,6.779265921727001,0.6895115554373988,3.926909959464649,0.0469931844834577,-0.2142712093768066,2.7100022837581883,-0.2495792685390243,0.8592743693626644,230.77,2.6044043573274904
2026-04-09,us_israel_iran,2026-02-28,4398,-3.5376670889160016,3.5376670889160016,3.7320965892628655,6.160798949516085,0.718968792911958,3.90351327399922,0.434656502490161,0.2182063581293494,2.3674743281817743,0.3608502728875551,0.8055999378657357,230.77,2.6044043573274904
2026-04-10,us_israel_iran,2026-02-28,3477,-2.848029617531929,2.848029617531929,3.0193615422776485,4.419812688932898,0.6848769440677698,3.809795383191996,-0.3891566228248551,-0.5853529675060601,1.4032571729917689,-0.3456203075365353,0.5906013425475422,230.77,2.6044043573274904
2026-04-11,us_israel_iran,2026-02-28,1989,-2.8937871363804626,2.8937871363804626,3.1818886343844475,3.3002521619090137,0.7003599590674753,3.742220864052544,-0.3344965352086511,-0.4021149450694672,0.7832066356208492,-0.0247725106467655,0.4355783627392431,230.77,2.6044043573274904
2026-04-12,us_israel_iran,2026-02-28,3788,-2.5415739463050544,2.5415739463050544,2.803052445479949,4.117366634435508,0.672068321425082,3.6424317896712375,-0.7552362150158689,-0.8292264695693993,1.2357523047062329,-0.6110478328716824,0.2066518404360995,230.77,2.6044043573274904
2026-04-13,us_israel_iran,2026-02-28,5222,-3.861223019784321,3.861223019784321,4.104968019924188,7.279071107619444,0.7418002414449585,3.69525529757434,0.8211633755692678,0.6385930314637059,2.9868113232097646,0.833976467091636,0.3278344652383116,230.77,2.6044043573274904
2026-04-14,us_israel_iran,2026-02-28,4237,-3.458049347269464,3.458049347269464,3.857011330759156,5.916132745567117,0.7346768443391368,3.711122563838362,0.339548357561897,0.3590390642846867,2.23196989802976,0.6863614019497812,0.3642356254535139,230.77,2.6044043573274904
2026-04-15,us_israel_iran,2026-02-28,4224,-2.834172417844292,2.834172417844292,3.135869636662956,4.841652379470678,0.6933162644028008,3.652211936245093,-0.40570987501383,-0.4539981728297919,1.6368862805645767,-0.1707359367086801,0.2290885145574805,230.77,2.6044043573274904
2026-04-16,us_israel_iran,2026-02-28,3747,-3.310758910860588,3.310758910860588,3.596257960041973,5.334582926212162,0.7126401751914726,3.642523850612468,0.1636011392306697,0.0650577263149201,1.9098879120226664,0.2297050758433148,0.206863037816639,230.77,2.6044043573274904
2026-04-17,us_israel_iran,2026-02-28,4021,-2.8484429635729467,2.8484429635729467,3.081201788270887,4.7516742886350425,0.7076148601719028,3.580727760228399,-0.3886628563054641,-0.5156323797818465,1.587053366463404,0.1255676547572592,0.0650963749703724,230.77,2.6044043573274904
2026-04-18,us_israel_iran,2026-02-28,3376,-3.0725853374196634,3.0725853374196634,3.351098270088677,4.697134914655412,0.7100314314855727,3.557262651432452,-0.1209114112692725,-0.2113428182705389,1.556847614002803,0.1756452127802123,0.011264973231994,230.77,2.6044043573274904
2026-04-19,us_israel_iran,2026-02-28,3078,-4.003297473785215,4.003297473785215,4.234861329465692,5.83314903767686,0.7597471748736204,3.622333527728317,0.9908797915624438,0.7850387277448472,2.18601071009093,1.205882975715639,0.1605443357873502,230.77,2.6044043573274904
2026-04-20,us_israel_iran,2026-02-28,4359,-4.083302835530806,4.083302835530806,4.386291577882681,7.0810430898187535,0.7644455473124531,3.699829856480594,1.086450971836793,0.9557658286689056,2.877136700098301,1.3032453076642772,0.3383289794721844,230.77,2.6044043573274904
2026-04-21,us_israel_iran,2026-02-28,3928,-4.035826440864242,4.035826440864242,4.404788426580645,6.655967618897261,0.7587845003038721,3.775223178811856,1.029737584453048,0.9766197425166758,2.6417155077589203,1.1859338886139716,0.5112891075541943,230.77,2.6044043573274904
2026-04-22,us_israel_iran,2026-02-28,3703,-4.102043626069633,4.102043626069633,4.401264564850686,6.570834276260715,0.7509010915034305,3.845152128796144,1.1088379648081574,0.97264683285363,2.594565779293327,1.022569431132582,0.6717133967608736,230.77,2.6044043573274904
2026-04-23,us_israel_iran,2026-02-28,4241,-3.6595648288932088,3.6595648288932088,3.979676698253788,6.263720792388736,0.7329239718271661,3.855781187589408,0.5802706291963561,0.4973357572840567,2.4244759305426897,0.6500373860068172,0.6960975638651781,230.77,2.6044043573274904
2026-04-24,us_israel_iran,2026-02-28,3461,-3.150715807840284,3.150715807840284,3.4714034353261827,4.878098834587807,0.718756499274589,3.816592612414193,-0.0275799005983598,-0.0757070895974244,1.657071561784445,0.3564510040213247,0.6061948938133755,230.77,2.6044043573274904
2026-04-25,us_israel_iran,2026-02-28,2196,-3.06602046913173,3.06602046913173,3.325476348206491,3.7064216830417527,0.7208006656755056,3.76461530140981,-0.1287535383084398,-0.2402297578930825,1.008157072656641,0.3988113767408933,0.4869535327658233,230.77,2.6044043573274904
2026-04-26,us_israel_iran,2026-02-28,1025,-3.4238929143121206,3.4238929143121206,3.846938839967701,2.5349950357130355,0.7364178007909813,3.770214843300143,0.2987464595331705,0.3476830296094084,0.3593813212485257,0.7224384865528739,0.4997994646415557,230.77,2.6044043573274904
2026-04-27,us_israel_iran,2026-02-28,2428,-2.920207280742303,2.920207280742303,3.240131065533169,3.738918256272738,0.7132946871288754,3.713639235690517,-0.3029360957007457,-0.336450644015103,1.0261547755125544,0.243268242523561,0.3700091326081191,230.77,2.6044043573274904
2026-04-28,us_israel_iran,2026-02-28,2294,-3.172187014188295,3.172187014188295,3.4171355214496963,3.932542924414516,0.7131656868499895,3.6819440377921255,-0.0019312629593129,-0.1368903981251645,1.1333906744493645,0.2405950257579948,0.2972970499119411,230.77,2.6044043573274904
2026-04-29,us_israel_iran,2026-02-28,1868,-3.472977772166852,3.472977772166852,3.79665986856501,3.813999590142831,0.7333669170362336,3.694710342480541,0.3573812522073482,0.2909969770224277,1.0677373610797958,0.6592163472411047,0.3265842815362548,230.77,2.6044043573274904
2026-04-30,us_israel_iran,2026-02-28,2340,-3.5646689974309487,3.5646689974309487,3.89992214715528,4.469530676991824,0.7356775997717553,3.71887087707216,0.4669118940055393,0.4074180332039039,1.4307926786377985,0.7070996222374454,0.382011062427213,230.77,2.6044043573274904
